32766,4024,978,37,30,
32766,4016,986,44,38,
32766,4029,976,42,35,
32766,4030,980,46,33,
32766,4019,998,40,39,
32766,4021,984,43,37,
32766,4031,982,25,33,
32766,4023,981,33,43,
32766,4022,986,42,34,
32766,4019,978,31,34,
32766,4019,981,37,25,
32766,4022,979,41,33,
32766,4030,978,42,31,
32766,4021,982,45,33,
32766,4020,980,33,28,
32766,4025,984,36,32,
32766,4026,989,37,31,
32766,4032,982,36,28,
32766,4028,987,36,33,
32766,4032,988,35,33,
32766,4028,980,41,37,
32766,4041,979,35,28,
32766,4035,985,29,34,
32766,4031,988,35,25,
32766,4033,982,43,41,
32766,4035,991,34,43,
32766,4023,984,34,38,
32766,4030,986,39,36,
32766,4033,991,40,35,
32766,4034,992,38,34,
32766,4042,975,38,37,
32766,4036,978,31,34,
32766,4038,983,42,26,
32766,4033,981,43,21,
32766,4029,982,40,30,
32766,4029,980,30,35,
32766,4031,984,39,30,
32766,4029,986,34,33,
32766,4026,988,46,25,
32766,4026,976,34,36,
32766,4028,974,45,37,
32766,4021,988,43,37,
32766,4042,986,43,29,
32766,4027,976,37,28,
32766,4027,986,37,34,
32766,4032,979,46,25,
32766,4024,984,38,35,
32766,4020,983,27,25,
32766,4027,970,47,28,
32766,4029,991,44,29,
32766,4026,982,39,22,
32766,4020,988,49,36,
32766,4028,978,36,20,
32766,4026,984,48,28,
32766,4022,970,31,41,
32766,4028,979,44,32,
32766,4026,983,33,46,
32766,4028,982,39,26,
32766,4028,982,43,33,
32766,4018,984,33,37,
32766,4016,980,38,33,
32766,4020,985,40,28,
32766,4015,974,38,24,
32766,4019,988,41,30,
32766,4021,980,36,38,
32766,4025,980,37,36,
32766,4016,987,40,40,
32766,4012,989,27,29,
32766,4024,982,46,36,
32766,4014,986,35,30,
32766,4018,976,45,33,
32766,4022,977,37,19,
32766,4019,980,33,38,
32766,4022,989,41,42,
32766,4019,974,43,34,
32766,4028,977,46,28,
32766,4018,985,44,39,
32766,4028,982,28,40,
32766,4028,992,42,27,
32766,4025,982,42,33,
32766,4022,975,37,32,
32766,4022,992,29,28,
32766,4027,985,29,32,
32766,4022,985,39,32,
32766,4031,984,44,37,
32766,4029,978,41,30,
32766,4026,976,39,45,
32766,4014,986,39,30,
32766,4021,980,34,26,
32766,4013,981,38,27,
32766,4024,982,37,37,
32766,4021,981,37,33,
32766,4029,983,42,31,
32766,4015,976,39,48,
32766,4008,975,37,32,
32766,4024,981,41,31,
32766,4022,975,32,37,
32766,4018,981,37,32,
32766,4020,976,40,31,
32766,4020,981,37,35,
32766,4021,971,42,38,
32766,4012,988,40,29,
32766,4014,992,39,43,
32766,4017,989,41,34,
32766,4010,980,33,31,
32766,4012,988,45,32,
32766,4035,977,40,37,
32766,4024,982,34,34,
32766,4018,977,32,31,
32766,4026,975,31,32,
32766,4021,987,41,33,
32766,4013,978,42,30,
32766,4016,981,44,35,
32766,4014,984,46,38,
32766,4021,977,36,27,
32766,4013,978,33,34,
32766,4011,979,34,30,
32766,4017,985,38,35,
32766,4012,985,30,35,
32766,4006,984,37,41,
32766,4019,983,34,34,
32766,4019,982,33,34,
32766,4011,977,39,36,
32766,4010,986,43,37,
32766,4020,982,39,38,
32766,4010,974,54,42,
32766,4004,976,37,42,
32766,4013,969,42,25,
32766,4015,980,43,38,
32766,4001,976,44,30,
32766,4009,975,54,37,
32766,4006,979,30,33,
32766,4015,979,28,32,
32766,4005,976,36,41,
32766,4005,978,38,36,
32766,4010,980,43,32,
32766,4014,976,40,34,
32766,4013,981,37,32,
32766,4019,980,33,33,
32766,4005,979,41,33,
32766,4015,979,41,30,
32766,4008,973,33,37,
32766,4002,977,40,44,
32766,4009,980,36,33,
32766,4011,982,39,34,
32766,4016,972,35,35,
32766,4015,981,32,26,
32766,4008,981,42,26,
32766,4021,983,44,35,
32766,4009,982,39,45,
32766,4018,985,42,43,
32766,4013,988,34,38,
32766,4002,984,33,30,
32766,4001,972,35,26,
32766,4009,983,35,29,
32766,3997,970,44,32,
32766,4012,977,42,31,
32766,4012,985,27,40,
32766,4012,979,44,30,
32766,4004,985,26,34,
32766,4009,984,47,31,
32766,4009,971,36,32,
32766,4009,978,34,41,
32766,4010,968,34,38,
32766,4017,975,31,30,
32766,4004,978,37,33,
32766,4013,981,38,36,
32766,4013,990,44,32,
32766,4015,972,45,41,
32766,4010,976,40,32,
32766,4013,978,39,38,
32766,4005,972,38,27,
32766,4013,972,44,26,
32766,4003,977,41,32,
32766,4010,982,43,29,
32766,4001,979,39,38,
32766,4011,973,35,43,
32766,4021,977,47,32,
32766,4008,977,43,32,
32766,4010,975,34,36,
32766,4009,975,44,28,
32766,4000,988,34,39,
32766,4008,989,33,33,
32766,4008,975,40,30,
32766,4011,981,38,31,
32766,4013,979,39,31,
32766,4005,981,41,31,
32766,3998,983,46,39,
32766,4011,978,39,46,
32766,4010,976,42,39,
32766,4002,974,39,29,
32766,4000,980,40,17,
32766,3998,969,40,33,
32766,3999,982,39,36,
32766,4004,972,42,34,
32766,4008,979,38,34,
32766,4013,981,52,33,
32766,4010,992,42,24,
32766,4002,984,35,39,
32766,4015,975,40,32,
32766,4006,970,31,30,
32766,4006,980,45,34,
32766,4020,969,39,36,
32766,4007,977,44,25,
32766,3998,971,31,28,
32766,4012,981,39,29,
32766,4006,974,37,38,
32766,4001,979,39,35,
32766,4008,990,42,25,
32766,4007,981,35,26,
32766,4003,985,35,33,
32766,4001,983,40,26,
32766,4001,977,39,22,
32766,3998,980,37,25,
32766,4006,968,33,34,
32766,4000,969,33,25,
32766,4010,978,43,21,
32766,4006,972,39,32,
32766,4002,976,33,35,
32766,4001,978,30,39,
32766,4003,973,44,29,
32766,3995,972,46,27,
32766,4004,967,43,25,
32766,3999,978,38,27,
32766,4004,979,32,28,
32766,4012,976,34,32,
32766,3996,977,36,38,
32766,4008,973,29,30,
32766,4005,979,42,36,
32766,4007,972,35,37,
32766,4011,968,41,35,
32766,3998,964,30,31,
32766,4001,973,35,27,
32766,3999,979,35,38,
32766,4004,973,45,27,
32766,4013,981,36,36,
32766,4007,981,43,33,
32766,3989,981,40,23,
32766,4006,983,37,28,
32766,3993,975,46,30,
32766,3992,972,36,32,
32766,4004,974,36,38,
32766,3999,983,40,35,
32766,3994,977,43,25,
32766,4009,969,33,31,
32766,4001,988,35,34,
32766,4000,973,36,23,
32766,3995,978,44,26,
32766,4004,978,51,30,
32766,3991,972,40,36,
32766,4002,967,40,26,
32766,3990,975,32,32,
32766,4001,978,33,36,
32766,3992,967,41,32,
32766,3998,976,35,30,
32766,4004,975,40,34,
32766,3991,970,40,21,
32766,3991,979,35,27,
32766,3987,974,31,36,
32766,3994,971,42,32,
32766,4002,977,39,23,
32766,4001,971,37,26,
32766,3999,967,34,29,
32766,4001,979,34,27,
32766,3997,981,45,41,
32766,3999,977,39,30,
32766,3990,970,45,28,
32766,4000,967,39,38,
32766,3996,975,41,43,
32766,3999,971,32,40,
32766,3990,966,27,30,
32766,3996,967,38,35,
32766,3997,973,40,38,
32766,3991,982,40,31,
32766,4003,965,41,27,
32766,3995,979,40,34,
32766,3998,974,29,30,
32766,3992,972,36,37,
32766,4000,974,34,40,
32766,4001,978,40,38,
32766,4000,975,36,43,
32766,3984,970,36,27,
32766,3997,971,40,36,
32766,3995,974,31,33,
32766,3982,969,49,29,
32766,3994,986,32,29,
32766,3995,972,41,27,
32766,3993,979,36,32,
32766,3992,970,37,30,
32766,4000,984,37,40,
32766,3993,974,36,30,
32766,4003,974,42,33,
32766,3998,970,39,33,
32766,4002,975,33,35,
32766,3991,973,29,31,
32766,3997,976,35,36,
32766,3999,965,39,42,
32766,3991,978,35,41,
32766,3985,965,39,25,
32766,3987,973,40,30,
32766,3996,973,29,39,
32766,4003,971,29,37,
32766,4001,972,40,32,
32766,3996,971,31,35,
32766,3996,970,40,27,
32766,3997,982,41,41,
32766,3996,983,40,26,
32766,3989,958,41,39,
32766,3996,972,44,35,
32766,3998,979,37,34,
32766,4002,974,43,23,
32766,3997,968,44,37,
32766,3997,973,38,30,
32766,3998,970,35,21,
32766,3989,977,42,26,
32766,4000,970,47,26,
32766,4001,970,32,32,
32766,3991,971,35,24,
32766,3997,971,40,31,
32766,3987,980,35,33,
32766,3994,979,41,33,
32766,3994,974,36,32,
32766,3993,983,42,35,
32766,3981,979,37,34,
32766,3994,971,25,38,
32766,3979,971,39,24,
32766,3991,976,38,34,
32766,4002,976,40,27,
32766,3985,961,29,31,
32766,3997,976,44,38,
32766,3992,975,37,34,
32766,3994,971,39,37,
32766,3992,971,43,25,
32766,4002,983,49,34,
32766,3993,973,38,27,
32766,4010,971,38,43,
32766,3996,970,45,26,
32766,3995,966,37,32,
32766,4000,969,37,22,
32766,3992,969,41,38,
32766,3982,971,39,27,
32766,3995,973,44,37,
32766,3994,964,40,30,
32766,4000,972,40,29,
32766,3987,970,40,34,
32766,3990,974,31,42,
32766,3991,970,46,31,
32766,3994,964,30,40,
32766,3996,962,36,30,
32766,3985,966,35,31,
32766,3992,967,43,40,
32766,3993,974,38,44,
32766,4000,975,41,26,
32766,3993,965,30,23,
32766,3982,970,36,29,
32766,3997,964,38,39,
32766,4000,969,44,25,
32766,3987,967,39,32,
32766,3987,969,37,22,
32766,3996,973,37,31,
32766,3993,971,33,33,
32766,3990,972,38,45,
32766,3999,965,35,36,
32766,3991,974,40,32,
32766,3988,971,35,37,
32766,3988,965,41,33,
32766,3984,977,36,22,
32766,3992,977,31,38,
32766,3992,972,44,29,
32766,3999,973,44,27,
32766,3991,973,33,37,
32766,3985,971,35,22,
32766,3991,966,27,39,
32766,3991,981,28,37,
32766,3984,974,39,28,
32766,3983,978,41,36,
32766,3991,971,40,40,
32766,3987,972,42,37,
32766,3992,977,47,33,
32766,3990,966,33,22,
32766,3992,970,39,30,
32766,3988,970,29,36,
32766,3988,972,38,39,
32766,3983,971,36,30,
32766,3984,965,39,34,
32766,3993,971,40,29,
32766,3985,966,37,27,
32766,3989,969,32,34,
32766,3985,970,41,46,
32766,3981,970,40,38,
32766,3991,971,33,32,
32766,4002,971,44,36,
32766,3994,979,45,45,
32766,3987,970,43,42,
32766,3984,978,34,37,
32766,3998,972,34,35,
32766,3983,965,32,31,
32766,3995,968,37,28,
32766,3987,972,36,39,
32766,3980,967,36,39,
32766,3988,969,36,32,
32766,3991,975,28,35,
32766,3998,969,36,30,
32766,3988,966,43,33,
32766,3989,976,36,26,
32766,3992,966,44,29,
32766,3986,972,44,34,
32766,3994,970,44,33,
32766,3988,973,30,29,
32766,3985,966,46,30,
32766,3987,966,40,36,
32766,3980,972,38,36,
32766,3992,971,41,36,
32766,3989,974,36,32,
32766,3993,965,44,23,
32766,3986,975,42,28,
32766,3985,961,45,41,
32766,3991,964,48,38,
32766,3987,966,44,36,
32766,3985,973,42,39,
32766,3990,966,35,36,
32766,3991,972,36,28,
32766,3984,967,35,31,
32766,3995,972,43,28,
32766,3992,974,21,34,
32766,3989,973,38,34,
32766,3987,972,51,37,
32766,3993,970,30,30,
32766,3991,973,42,36,
32766,4000,971,42,30,
32766,3986,974,45,34,
32766,3988,967,44,45,
32766,3982,961,43,32,
32766,3988,971,39,41,
32766,3988,968,38,34,
32766,3986,973,29,29,
32766,3996,980,32,28,
32766,3986,962,35,43,
32766,3988,959,42,35,
32766,3999,974,40,28,
32766,3986,973,41,28,
32766,3982,955,44,30,
32766,3993,981,37,39,
32766,3994,974,37,35,
32766,3991,975,35,35,
32766,3986,963,36,33,
32766,3985,969,39,38,
32766,3987,974,46,29,
32766,3987,965,38,33,
32766,3994,968,40,37,
32766,3983,967,36,28,
32766,3988,966,44,32,
32766,3986,967,37,24,
32766,3985,970,41,24,
32766,3990,966,29,32,
32766,3982,964,41,25,
32766,3986,966,35,34,
32766,3978,968,38,37,
32766,3980,975,33,30,
32766,3982,971,41,44,
32766,3997,974,33,25,
32766,3992,971,31,35,
32766,3994,965,25,41,
32766,3994,963,33,30,
32766,3987,963,41,28,
32766,3990,966,40,34,
32766,3987,967,26,31,
32766,3995,966,37,29,
32766,3988,969,50,32,
32766,3982,967,33,30,
32766,3993,966,36,25,
32766,3985,972,43,27,
32766,3982,970,30,33,
32766,3986,985,46,27,
32766,3983,980,38,35,
32766,3978,972,37,30,
32766,3986,967,43,20,
32766,3986,964,37,29,
32766,3989,971,38,41,
32766,3987,974,40,31,
32766,3982,966,40,41,
32766,3991,974,27,31,
32766,3992,972,27,26,
32766,3990,965,34,39,
32766,3981,968,33,34,
32766,3999,967,35,32,
32766,3989,975,34,31,
32766,3985,972,48,29,
32766,3994,962,41,40,
32766,3990,966,24,32,
32766,3985,966,43,23,
32766,3981,968,32,28,
32766,3990,956,37,37,
32766,3988,969,30,31,
32766,3981,974,34,27,
32766,3988,969,39,29,
32766,3992,966,38,35,
32766,3990,965,39,25,
32766,3978,975,39,26,
32766,3989,974,43,35,
32766,3992,972,35,43,
32766,3987,968,32,27,
32766,3993,972,38,36,
32766,3984,964,37,24,
32766,3988,970,31,25,
32766,3982,971,39,33,
32766,3973,980,30,31,
32766,3984,972,35,24,
32766,3983,970,36,51,
32766,3985,963,44,35,
32766,3988,963,31,36,
32766,3995,968,38,43,
32766,3979,962,35,26,
32766,3992,979,42,26,
32766,3994,973,42,39,
32766,3993,967,42,35,
32766,3994,964,31,29,
32766,3986,967,35,34,
32766,3972,967,40,30,
32766,3987,972,41,33,
32766,3983,972,44,29,
32766,3985,970,49,25,
32766,3983,970,42,31,
32766,3983,974,42,28,
32766,3982,972,39,29,
32766,3985,974,27,25,
32766,3979,967,33,27,
32766,3983,970,38,46,
32766,3982,970,27,31,
32766,3987,982,44,32,
32766,3988,961,41,29,
32766,3989,966,30,39,
32766,3991,970,44,37,
32766,3991,968,46,36,
32766,3979,974,39,31,
32766,3990,970,45,36,
32766,3977,969,40,26,
32766,3980,969,39,34,
32766,3988,971,33,28,
32766,3983,985,39,44,
32766,3979,968,42,28,
32766,3990,973,42,25,
32766,3980,974,37,36,
32766,3979,973,37,27,
32766,3987,976,30,35,
32766,3991,978,49,37,
32766,3984,971,39,35,
32766,3993,971,36,27,
32766,3983,970,39,27,
32766,3982,973,33,39,
32766,3988,972,38,38,
32766,3984,968,40,36,
32766,3984,975,45,37,
32766,3991,960,39,36,
32766,3994,960,35,39,
32766,3985,968,38,39,
32766,3992,971,42,39,
32766,3989,969,44,30,
32766,3984,971,43,28,
32766,3979,965,30,26,
32766,3984,978,44,31,
32766,3980,966,33,39,
32766,3984,970,34,28,
32766,3983,967,38,34,
32766,3985,965,39,39,
32766,3980,972,35,29,
32766,3980,965,29,33,
32766,3987,965,41,27,
32766,3983,965,33,40,
32766,3986,969,39,38,
32766,3990,973,46,24,
32766,3983,964,40,31,
32766,3978,973,47,29,
32766,3977,960,39,29,
32766,3976,974,32,38,
32766,3979,969,26,28,
32766,3991,970,40,35,
32766,3983,967,37,35,
32766,3976,968,32,28,
32766,3985,971,32,37,
32766,3980,977,50,18,
32766,3980,968,36,29,
32766,3983,965,36,36,
32766,3980,966,39,33,
32766,3985,975,41,41,
32766,3987,970,45,35,
32766,3976,973,31,37,
32766,3983,966,43,29,
32766,3982,968,35,41,
32766,3987,977,46,30,
32766,3991,962,43,33,
32766,3984,968,29,43,
32766,3976,974,37,37,
32766,3987,964,31,34,
32766,3974,977,28,25,
32766,3985,977,34,29,
32766,3974,968,43,41,
32766,3982,966,36,27,
32766,3984,967,39,29,
32766,3984,958,34,31,
32766,3984,968,30,38,
32766,3980,967,40,37,
32766,3987,972,48,28,
32766,3979,968,38,37,
32766,3987,966,38,36,
32766,3979,977,39,36,
32766,3986,967,31,31,
32766,3982,967,31,22,
32766,3979,965,34,43,
32766,3985,966,39,37,
32766,3988,971,37,31,
32766,3978,967,35,35,
32766,3974,969,29,32,
32766,3987,980,30,42,
32766,3987,972,40,40,
32766,3981,979,42,39,
32766,3978,972,39,34,
32766,3979,967,41,23,
32766,3981,972,38,29,
32766,3988,973,34,35,
32766,3984,966,37,36,
32766,3990,968,44,34,
32766,3979,973,43,31,
32766,3983,969,38,32,
32766,3988,960,49,32,
32766,3991,961,38,25,
32766,3980,969,37,36,
32766,3990,973,41,42,
32766,3982,962,41,27,
32766,3984,966,44,28,
32766,3993,965,43,37,
32766,3972,973,27,31,
32766,3991,967,31,46,
32766,3985,973,33,37,
32766,3988,970,50,29,
32766,3974,962,39,32,
32766,3985,964,48,34,
32766,3980,968,38,31,
32766,3979,977,36,37,
32766,3978,965,38,40,
32766,3980,961,36,33,
32766,3989,971,33,34,
32766,3980,964,42,36,
32766,3976,971,43,32,
32766,3974,968,46,23,
32766,3980,970,29,38,
32766,3992,972,35,29,
32766,3979,968,32,32,
32766,3982,966,48,36,
32766,3973,970,34,26,
32766,3993,969,37,27,
32766,3985,972,40,37,
32766,3986,960,40,34,
32766,3990,971,31,39,
32766,3987,965,33,27,
32766,3976,972,31,34,
32766,3978,969,34,38,
32766,3989,969,31,35,
32766,3982,961,37,28,
32766,3986,966,34,34,
32766,3983,966,36,37,
32766,3981,957,36,32,
32766,3987,956,40,39,
32766,3984,969,45,32,
32766,3987,972,34,31,
32766,3980,975,33,40,
32766,3980,964,32,33,
32766,3986,961,37,38,
32766,3985,972,31,28,
32766,3981,967,37,29,
32766,3985,967,37,26,
32766,3989,970,36,33,
32766,3985,969,38,29,
32766,3980,962,37,31,
32766,3989,966,32,27,
32766,3993,970,36,31,
32766,3986,967,36,34,
32766,3992,963,41,34,
32766,3994,966,40,34,
32766,3986,967,36,37,
32766,3979,969,37,33,
32766,3989,962,35,31,
32766,3986,960,37,35,
32766,3984,971,38,31,
32766,3989,974,43,33,
32766,3981,968,34,28,
32766,3986,972,35,29,
32766,3982,958,30,32,
32766,3983,961,48,29,
32766,3989,966,39,28,
32766,3988,969,41,30,
32766,3983,952,33,28,
32766,3985,969,46,39,
32766,3977,969,43,32,
32766,3987,978,32,40,
32766,3978,965,35,30,
32766,3992,959,28,31,
32766,3986,962,40,40,
32766,3987,961,35,34,
32766,3991,974,32,30,
32766,3981,973,38,29,
32766,3988,967,50,19,
32766,3989,965,47,31,
32766,3991,974,34,39,
32766,3996,963,38,30,
32766,3976,970,46,38,
32766,3986,977,29,36,
32766,3979,975,40,31,
32766,3990,970,37,34,
32766,3978,961,35,30,
32766,3987,963,42,33,
32766,3996,959,36,27,
32766,3978,963,26,35,
32766,3988,961,36,26,
32766,3978,963,44,30,
32766,3983,963,37,39,
32766,3980,965,42,40,
32766,3990,969,38,35,
32766,3980,966,39,27,
32766,3981,967,41,34,
32766,3971,967,37,42,
32766,3994,962,34,39,
32766,3991,967,35,37,
32766,3987,961,44,34,
32766,3988,963,35,36,
32766,3990,970,36,29,
32766,3996,974,46,33,
32766,3981,977,45,39,
32766,4005,963,35,27,
32766,3989,963,30,31,
32766,3997,968,31,33,
32766,3987,965,31,34,
32766,3991,965,32,46,
32766,3988,976,35,26,
32766,3988,965,32,42,
32766,3986,965,38,32,
32766,3994,961,36,34,
32766,3995,973,43,31,
32766,3988,975,37,43,
32766,3982,974,39,40,
32766,3993,958,44,24,
32766,3987,973,35,27,
32766,3986,974,42,35,
32766,3985,965,38,32,
32766,3984,961,43,34,
32766,3979,971,39,29,
32766,3988,965,41,25,
32766,3982,978,37,35,
32766,3989,965,48,32,
32766,3989,962,35,21,
32766,3985,961,25,39,
32766,3988,975,38,40,
32766,3993,967,38,32,
32766,3992,964,43,29,
32766,3990,966,29,39,
32766,3992,970,43,45,
32766,3984,974,29,27,
32766,3989,977,44,31,
32766,3987,968,40,28,
32766,3991,972,34,33,
32766,3996,970,29,28,
32766,3986,960,35,31,
32766,3993,971,26,37,
32766,3983,968,40,26,
32766,3985,971,34,32,
32766,3995,965,33,32,
32766,3990,967,38,34,
32766,3984,973,34,29,
32766,3986,969,45,29,
32766,3992,961,26,33,
32766,3990,961,33,30,
32766,3990,963,37,38,
32766,3994,970,47,30,
32766,3985,969,27,37,
32766,3995,959,43,26,
32766,3980,962,34,33,
32766,3987,963,28,35,
32766,3988,971,40,28,
32766,3990,965,38,24,
32766,3993,962,35,34,
32766,3976,957,37,25,
32766,3981,968,43,28,
32766,3981,966,39,39,
32766,3994,958,35,36,
32766,3991,971,24,37,
32766,3980,971,41,36,
32766,3988,976,43,38,
32766,3982,963,40,34,
32766,3997,966,35,35,
32766,3982,973,34,38,
32766,3986,967,40,30,
32766,3980,963,29,38,
32766,3982,971,48,20,
32766,3994,979,40,36,
32766,3991,966,47,33,
32766,4000,961,46,33,
32766,3984,966,41,32,
32766,3983,965,45,27,
32766,3981,975,43,26,
32766,3984,955,40,29,
32766,3993,966,43,33,
32766,3993,964,40,39,
32766,3989,968,32,28,
32766,3984,961,39,29,
32766,3982,969,30,27,
32766,3987,971,31,33,
32766,3990,966,34,28,
32766,3991,964,37,44,
32766,3991,971,30,34,
32766,3998,971,33,31,
32766,3989,960,34,38,
32766,3987,972,42,25,
32766,3981,966,40,37,
32766,3988,973,42,32,
32766,3986,966,43,26,
32766,3984,973,38,34,
32766,3989,968,41,34,
32766,3989,973,41,36,
32766,3997,968,31,30,
32766,3993,970,38,35,
32766,3988,964,30,30,
32766,3993,971,30,33,
32766,3999,961,41,35,
32766,3987,972,40,35,
32766,3993,970,35,39,
32766,3994,964,35,31,
32766,3996,958,32,33,
32766,3988,971,35,27,
32766,3990,966,37,40,
32766,3986,969,53,32,
32766,3987,972,42,28,
32766,3994,975,31,34,
32766,3985,960,38,37,
32766,3993,965,40,33,
32766,3990,968,38,27,
32766,3998,971,28,40,
32766,3991,970,43,31,
32766,3988,969,28,27,
32766,3998,965,42,41,
32766,3981,965,42,41,
32766,3989,975,42,28,
32766,3986,969,34,38,
32766,3983,963,31,32,
32766,3983,965,35,31,
32766,3993,968,31,38,
32766,3996,974,34,41,
32766,3988,973,40,25,
32766,3983,971,44,30,
32766,3983,969,35,32,
32766,3984,966,40,28,
32766,3987,971,35,29,
32766,3988,965,35,35,
32766,3993,972,43,42,
32766,3995,957,45,33,
32766,3991,971,35,33,
32766,3991,972,30,40,
32766,3993,961,43,39,
32766,3992,971,38,29,
32766,3992,964,38,30,
32766,3981,969,32,27,
32766,3981,973,40,28,
32766,3986,963,35,32,
32766,3993,962,31,28,
32766,3985,968,37,35,
32766,3989,967,33,39,
32766,3981,966,42,32,
32766,3981,975,35,35,
32766,3994,959,38,34,
32766,3993,969,35,38,
32766,3987,972,33,36,
32766,3995,973,39,28,
32766,3989,963,41,28,
32766,3981,969,43,32,
32766,3987,962,43,30,
32766,3986,965,34,41,
32766,3991,975,30,32,
32766,3985,965,32,23,
32766,3989,977,46,29,
32766,3984,966,30,26,
32766,3982,978,36,34,
32766,3986,972,47,29,
32766,3989,960,37,35,
32766,3985,963,37,31,
32766,3984,974,37,23,
32766,3987,975,47,34,
32766,3994,970,32,34,
32766,3987,973,43,32,
32766,3990,969,33,27,
32766,3989,969,29,27,
32766,3994,979,39,32,
32766,3993,971,38,33,
32766,3990,962,41,33,
32766,3998,965,46,32,
32766,3993,968,35,28,
32766,3982,973,32,30,
32766,3980,972,47,22,
32766,3990,970,40,29,
32766,3989,966,41,30,
32766,3980,958,34,29,
32766,3994,958,41,37,
32766,3988,972,32,31,
32766,3997,967,35,36,
32766,3982,973,30,28,
32766,3989,969,36,29,
32766,3986,964,42,36,
32766,3987,961,42,35,
32766,3985,967,45,35,
32766,3979,968,49,39,
32766,3979,972,36,25,
32766,3990,964,37,26,
32766,3981,963,47,38,
32766,3991,974,41,33,
32766,3991,970,33,32,
32766,3987,972,40,38,
32766,3985,964,41,33,
32766,3992,970,39,28,
32766,3978,976,40,34,
32766,3986,965,35,35,
32766,3989,968,35,34,
32766,3982,961,25,33,
32766,3989,966,35,36,
32766,3992,966,41,38,
32766,3987,965,26,36,
32766,3988,961,43,31,
32766,3988,970,42,22,
32766,3991,971,47,29,
32766,3997,973,37,30,
32766,3990,973,44,33,
32766,3998,970,37,37,
32766,3991,969,43,31,
32766,3992,973,42,29,
32766,3996,962,41,39,
32766,3992,966,30,41,
32766,3991,968,45,44,
32766,3995,961,41,30,
32766,3987,963,33,40,
32766,3993,965,38,30,
32766,3991,973,36,23,
32766,3988,963,38,32,
32766,4001,963,39,38,
32766,3992,964,35,30,
32766,3991,974,28,29,
32766,3982,968,40,29,
32766,3988,966,34,32,
32766,3994,961,44,34,
32766,3992,974,36,32,
32766,3987,969,32,28,
32766,3994,973,41,29,
32766,3984,960,31,30,
32766,3988,969,37,38,
32766,3984,969,38,40,
32766,4001,968,42,25,
32766,3991,969,36,23,
32766,3990,955,36,28,
32766,3989,970,39,35,
32766,3988,967,36,34,
32766,3994,961,35,32,
32766,3994,964,39,34,
32766,3993,979,35,31,
32766,3985,967,45,27,
32766,3993,968,27,42,
32766,3993,980,40,39,
32766,3986,966,34,40,
32766,3998,965,42,41,
32766,3991,971,39,36,
32766,3996,962,35,36,
32766,3985,965,31,29,
32766,4004,962,35,23,
32766,3996,974,27,25,
32766,3992,966,43,33,
32766,3988,972,45,25,
32766,3993,962,43,32,
32766,3990,969,35,28,
32766,3991,968,27,24,
32766,3989,969,36,30,
32766,3992,971,41,25,
32766,3991,974,44,30,
32766,4003,973,43,36,
32766,3997,962,27,27,
32766,3996,969,38,30,
32766,3991,971,39,36,
32766,3996,974,35,40,
32766,3983,965,30,37,
32766,3995,969,33,30,
32766,3993,971,36,42,
32766,3980,973,36,32,
32766,3981,971,38,30,
32766,3986,973,41,31,
32766,3997,972,39,32,
32766,3986,971,35,35,
32766,3981,966,45,40,
32766,3996,963,38,37,
32766,3992,964,46,30,
32766,3996,962,36,29,
32766,3991,968,32,32,
32766,3994,971,29,37,
32766,3989,970,37,27,
32766,3996,974,39,32,
32766,3991,964,39,32,
32766,3993,961,33,31,
32766,3984,967,38,21,
32766,3991,965,32,28,
32766,3988,972,41,28,
32766,3988,970,36,30,
32766,3991,965,44,38,
32766,3989,972,38,34,
32766,3992,967,35,39,
32766,3992,967,40,29,
32766,3990,975,41,38,
32766,3994,974,51,33,
32766,3992,958,35,20,
32766,3993,963,40,28,
32766,3998,963,35,33,
32766,3999,972,36,44,
32766,3996,964,29,27,
32766,3998,964,43,38,
32766,3992,968,35,36,
32766,3999,969,42,31,
32766,3987,969,36,16,
32766,3988,972,30,36,
32766,3991,966,39,36,
32766,3996,974,38,30,
32766,3993,970,37,35,
32766,3991,966,37,33,
32766,3999,974,34,28,
32766,3979,974,41,27,
32766,3992,964,35,41,
32766,3996,969,34,38,
32766,3994,980,39,32,
32766,3992,979,37,21,
32766,3992,973,41,29,
32766,3995,970,36,23,
32766,3990,964,38,31,
32766,3982,971,43,36,
32766,3986,971,35,34,
32766,3982,973,38,38,
32766,3989,968,40,31,
32766,3990,969,43,38,
32766,3998,950,43,39,
32766,3988,967,44,40,
32766,3991,969,38,26,
32766,3996,969,40,31,
32766,3992,963,41,23,
32766,3988,975,40,33,
32766,3995,970,36,33,
32766,3987,972,36,40,
32766,3990,972,42,33,
32766,3994,978,36,24,
32766,3987,964,34,29,
32766,3990,975,40,36,
32766,3992,965,44,30,
32766,3993,965,32,38,
32766,3984,964,37,31,
32766,3998,970,30,34,
32766,3986,973,42,36,
32766,3987,965,33,31,
32766,3986,973,40,34,
32766,3993,969,22,41,
32766,3991,966,36,36,
32766,3991,978,38,32,
32766,3999,966,39,38,
32766,3996,971,36,39,
32766,3987,962,41,31,
32766,3986,965,34,33,
32766,3986,964,47,23,
32766,3997,966,38,37,
32766,3982,972,33,29,
32766,3997,967,44,39,
32766,3981,971,31,34,
32766,3989,970,33,38,
32766,3984,959,40,27,
32766,3992,969,34,36,
32766,4008,978,41,30,
32766,3988,965,29,38,
32766,3994,962,32,32,
32766,3993,971,38,35,
32766,3998,974,37,27,
32766,3993,970,43,33,
32766,3994,964,33,33,
32766,3997,967,37,41,
32766,3988,967,45,27,
32766,3993,963,36,33,
32766,4000,973,38,34,
32766,3998,965,33,38,
32766,3994,970,37,42,
32766,3986,971,39,32,
32766,3994,962,42,34,
32766,3995,968,36,29,
32766,3986,961,39,38,
32766,3985,961,37,31,
32766,3983,964,44,33,
32766,3984,964,40,39,
32766,3991,968,31,39,
32766,3990,966,41,29,
32766,3990,970,36,34,
32766,3989,967,38,37,
32766,3997,976,41,29,
32766,3993,970,35,35,
32766,3990,973,49,35,
32766,3985,970,40,38,
32766,4000,966,49,34,
32766,3989,970,40,34,
32766,3992,968,43,34,
32766,3983,972,32,24,
32766,3990,973,40,33,
32766,3994,964,37,33,
32766,3995,964,37,21,
32766,3993,965,36,35,
32766,3994,968,47,31,
32766,3987,978,41,32,
32766,3988,961,36,36,
32766,4001,965,33,19,
32766,3995,960,41,27,
32766,3990,972,38,36,
32766,3986,969,36,36,
32766,3995,969,42,33,
32766,3988,969,33,27,
32766,3984,967,36,29,
32766,3994,963,35,30,
32766,3991,963,32,28,
32766,3990,965,38,30,
32766,3982,972,36,31,
32766,3989,977,34,33,
32766,3985,969,35,23,
32766,3992,970,32,34,
32766,3991,964,38,30,
32766,3993,977,39,36,
32766,3980,969,50,35,
32766,3983,971,40,29,
32766,3986,962,35,24,
32766,3988,965,34,28,
32766,3994,977,33,26,
32766,3992,971,45,25,
32766,3988,962,41,28,
32766,3989,969,53,31,
32766,3998,970,40,25,
32766,3984,968,38,31,
32766,3985,972,37,37,
32766,3994,960,36,39,
32766,3981,965,38,36,
32766,3989,974,41,30,
32766,3992,972,46,32,
32766,3990,966,36,30,
32766,3988,971,34,38,
32766,3991,968,38,29,
32766,3984,974,36,30,
32766,3990,965,44,40,
32766,3987,969,41,25,
32766,3994,968,37,36,
32766,3990,971,50,26,
32766,3998,966,38,38,
32766,3996,972,38,26,
32766,3994,967,33,37,
32766,3989,973,43,36,
32766,3980,978,31,34,
32766,3985,965,29,30,
32766,3990,974,36,39,
32766,3990,967,42,37,
32766,3990,960,43,31,
32766,3988,975,39,32,
32766,3994,961,48,26,
32766,3984,963,38,33,
32766,3998,975,35,28,
32766,3982,968,28,28,
32766,3991,961,35,34,
32766,3992,964,36,32,
32766,3997,963,30,38,
32766,3986,968,34,32,
32766,3984,968,29,32,
32766,3996,970,33,29,
32766,3994,966,44,31,
32766,3985,971,36,33,
32766,3990,967,35,31,
32766,3995,970,39,31,
32766,3994,967,33,41,
32766,3986,967,43,42,
32766,3999,973,34,35,
32766,3994,975,45,32,
32766,3988,976,34,24,
32766,3993,965,41,24,
32766,3992,970,41,38,
32766,3992,956,37,37,
32766,3986,966,37,28,
32766,3995,978,35,32,
32766,3988,966,42,35,
32766,3991,960,34,28,
32766,3977,968,42,32,
32766,3986,966,45,29,
32766,3986,970,34,34,
32766,3981,971,27,35,
32766,3987,967,36,30,
32766,3989,970,25,36,
32766,3988,971,42,33,
32766,3987,968,35,34,
32766,3994,969,40,46,
32766,3997,962,41,30,
32766,3992,966,40,44,
32766,3991,967,40,29,
32766,3992,967,28,20,
32766,3988,967,34,32,
32766,3986,960,34,39,
32766,3994,973,39,39,
32766,3996,960,38,32,
32766,3999,976,41,33,
32766,3993,959,42,24,
32766,3995,978,37,36,
32766,3979,964,33,26,
32766,3984,958,43,24,
32766,3996,964,38,31,
32766,3987,971,32,29,
32766,3988,956,37,35,
32766,3993,970,29,36,
32766,3986,969,40,36,
32766,3996,964,36,34,
32766,3982,975,31,40,
32766,3988,969,42,25,
32766,3984,955,34,33,
32766,3995,962,39,38,
32766,3988,971,37,30,
32766,3994,963,39,25,
32766,3992,964,38,35,
32766,3985,972,40,42,
32766,3994,973,39,29,
32766,4002,962,40,31,
32766,4001,974,37,27,
32766,3995,968,32,38,
32766,4005,972,34,45,
32766,3989,972,34,33,
32766,3989,971,36,33,
32766,3993,975,30,25,
32766,3992,970,37,35,
32766,3988,971,31,42,
32766,3997,968,35,35,
32766,3991,967,35,31,
32766,3994,973,43,37,
32766,3994,969,44,26,
32766,3999,963,46,32,
32766,4000,966,39,36,
32766,3983,971,36,36,
32766,3992,963,43,34,
32766,3993,974,33,31,
32766,3997,976,39,34,
32766,3986,968,34,32,
32766,3989,960,36,32,
32766,3990,970,30,26,
32766,3990,970,39,29,
32766,3992,968,34,32,
32766,3997,975,40,33,
32766,3995,967,39,34,
32766,3995,964,42,29,
32766,3994,977,33,36,
32766,3996,976,36,27,
32766,3992,972,40,37,
32766,4001,967,40,31,
32766,3993,965,42,21,
32766,3992,964,46,37,
32766,3997,965,41,33,
32766,3993,969,42,39,
32766,3992,965,41,34,
32766,3990,967,39,23,
32766,3998,969,35,29,
32766,3986,972,38,30,
32766,3994,974,45,38,
32766,3994,973,36,32,
32766,3989,967,40,35,
32766,3983,966,40,32,
32766,3989,964,33,39,
32766,3985,968,40,39,
32766,3988,965,33,33,
32766,3990,959,33,27,
32766,3994,965,41,31,
32766,3990,971,41,30,
32766,3982,971,41,39,
32766,3987,957,29,23,
32766,3985,967,41,37,
32766,3988,960,35,32,
32766,3986,966,34,31,
32766,3998,969,37,37,
32766,3993,962,37,34,
32766,3992,967,33,19,
32766,3997,957,33,33,
32766,3990,967,35,33,
32766,3986,969,38,31,
32766,3995,962,38,34,
32766,3995,959,44,37,
32766,3995,977,41,36,
32766,3991,960,32,27,
32766,3991,978,35,31,
32766,3993,975,51,35,
32766,3993,969,49,33,
32766,3995,962,36,36,
32766,3998,967,34,41,
32766,3986,966,38,32,
32766,3994,969,44,36,
32766,3993,961,38,33,
32766,3997,956,31,35,
32766,3986,969,27,26,
32766,3995,965,35,29,
32766,3992,965,40,26,
32766,3994,969,30,26,
32766,3997,963,40,32,
32766,3989,950,36,25,
32766,3986,970,38,28,
32766,3995,963,30,25,
32766,3993,959,31,24,
32766,3991,964,41,40,
32766,3991,970,38,38,
32766,3983,965,42,31,
32766,3985,968,30,31,
32766,3997,966,42,33,
32766,3997,964,39,26,
32766,3989,963,41,35,
32766,3987,970,36,27,
32766,3987,970,48,32,
32766,4004,964,41,39,
32766,3987,970,39,25,
32766,3991,970,33,28,
32766,3992,961,26,42,
32766,3988,965,38,39,
32766,3996,971,36,35,
32766,3989,966,43,38,
32766,3996,971,34,38,
32766,3985,967,41,41,
32766,3994,965,32,36,
32766,3995,960,38,27,
32766,3990,965,38,39,
32766,3995,959,47,36,
32766,3998,965,36,36,
32766,3983,971,30,40,
32766,3977,971,36,32,
32766,3984,961,29,25,
32766,3999,967,31,27,
32766,3988,965,38,33,
32766,3986,966,34,32,
32766,3982,964,48,33,
32766,3989,957,34,36,
32766,3984,965,45,34,
32766,3978,968,34,37,
32766,3997,963,36,35,
32766,3990,969,34,31,
32766,3986,966,37,30,
32766,3986,975,41,18,
32766,3986,969,34,31,
32766,3992,972,33,31,
32766,3991,967,37,26,
32766,3982,967,41,36,
32766,3994,974,27,38,
32766,3986,971,44,34,
32766,3990,961,43,32,
32766,3989,964,41,30,
32766,3980,975,41,37,
32766,3981,960,26,36,
32766,3995,954,36,33,
32766,3996,966,39,36,
32766,3987,974,38,27,
32766,3986,966,35,32,
32766,3990,966,44,39,
32766,3991,961,38,29,
32766,3986,969,35,31,
32766,3989,970,34,35,
32766,3986,955,43,25,
32766,3979,972,49,34,
32766,3988,966,39,29,
32766,3982,956,34,35,
32766,3991,960,43,33,
32766,3989,962,37,39,
32766,3995,969,41,32,
32766,3984,971,41,37,
32766,3984,971,35,36,
32766,3993,976,35,29,
32766,3980,965,40,39,
32766,3996,962,45,45,
32766,3996,967,29,30,
32766,3987,961,31,38,
32766,3985,966,34,28,
32766,3987,972,41,40,
32766,3979,955,40,36,
32766,3993,971,53,39,
32766,3988,966,37,31,
32766,3976,968,36,36,
32766,3979,959,36,37,
32766,3982,964,36,43,
32766,3984,967,43,26,
32766,3995,967,38,32,
32766,3986,967,38,38,
32766,3980,962,51,30,
32766,3995,967,39,34,
32766,3987,964,32,26,
32766,3986,973,37,35,
32766,3991,965,35,31,
32766,3985,968,43,33,
32766,3991,971,40,33,
32766,3983,964,32,28,
32766,3998,960,43,33,
32766,3994,968,30,37,
32766,3994,960,31,28,
32766,3990,963,43,32,
32766,3986,967,42,24,
32766,3981,960,38,43,
32766,3990,975,46,35,
32766,3993,961,32,34,
32766,3985,975,39,32,
32766,3983,968,39,35,
32766,3985,972,36,30,
32766,3981,963,33,24,
32766,3980,963,43,39,
32766,3985,964,43,36,
32766,3982,967,40,28,
32766,3980,956,39,32,
32766,3985,973,30,32,
32766,3983,962,37,39,
32766,3989,964,41,35,
32766,3982,961,36,36,
32766,3994,972,36,41,
32766,3979,970,32,30,
32766,3985,962,44,28,
32766,3979,967,38,31,
32766,3981,966,37,34,
32766,3984,970,38,27,
32766,3987,967,46,29,
32766,3987,962,38,34,
32766,3988,964,34,28,
32766,3979,964,38,30,
32766,3978,969,47,24,
32766,3980,973,45,39,
32766,3992,963,40,32,
32766,3984,966,37,28,
32766,3983,969,38,27,
32766,3986,970,39,37,
32766,3982,955,40,32,
32766,3983,962,31,35,
32766,3987,972,34,41,
32766,3979,956,50,39,
32766,3982,963,33,23,
32766,3978,970,37,27,
32766,3983,967,37,30,
32766,3976,964,40,34,
32766,3987,967,35,39,
32766,3980,960,38,33,
32766,3980,962,40,27,
32766,3976,954,41,42,
32766,3984,964,37,35,
32766,3991,954,35,37,
32766,3977,958,29,42,
32766,3982,964,39,31,
32766,3983,968,47,19,
32766,3984,953,34,34,
32766,3978,952,37,34,
32766,3981,962,41,26,
32766,3989,960,29,24,
32766,3978,976,38,40,
32766,3985,967,30,31,
32766,3983,969,36,35,
32766,3991,973,35,25,
32766,3984,965,36,32,
32766,3988,964,28,35,
32766,3982,969,37,37,
32766,3976,964,31,35,
32766,3981,968,40,35,
32766,3985,965,32,41,
32766,3980,961,30,35,
32766,3981,965,34,28,
32766,3984,958,39,30,
32766,3988,959,42,27,
32766,3983,965,45,38,
32766,3982,954,33,36,
32766,3981,956,47,40,
32766,3977,968,33,29,
32766,3973,965,34,27,
32766,3977,962,44,26,
32766,3985,961,41,33,
32766,3980,967,38,30,
32766,3988,977,37,20,
32766,3992,976,33,40,
32766,3977,963,39,40,
32766,3983,958,51,36,
32766,3974,956,41,33,
32766,3988,967,45,21,
32766,3975,965,35,41,
32766,3970,964,33,39,
32766,3986,964,28,29,
32766,3981,952,35,20,
32766,3981,966,36,30,
32766,3980,970,35,37,
32766,3970,971,41,29,
32766,3981,965,48,32,
32766,3986,961,33,33,
32766,3984,963,32,32,
32766,3985,966,19,24,
32766,3982,955,38,39,
32766,3975,975,47,29,
32766,3974,971,37,35,
32766,3989,963,42,28,
32766,3985,967,41,26,
32766,3982,960,36,37,
32766,3981,958,43,27,
32766,3979,961,36,40,
32766,3975,969,37,34,
32766,3988,969,35,36,
32766,3987,957,41,26,
32766,3979,962,34,32,
32766,3979,964,44,36,
32766,3980,961,43,31,
32766,3981,968,37,34,
32766,3973,966,45,39,
32766,3967,957,35,26,
32766,3975,957,39,40,
32766,3977,972,35,34,
32766,3983,966,25,35,
32766,3984,964,35,38,
32766,3982,965,36,30,
32766,3980,970,44,44,
32766,3973,967,41,28,
32766,3978,964,33,30,
32766,3981,959,41,36,
32766,3967,958,37,34,
32766,3981,958,37,31,
32766,3978,956,35,40,
32766,3992,962,34,43,
32766,3968,961,42,34,
32766,3982,975,33,33,
32766,3982,959,42,35,
32766,3983,961,32,25,
32766,3975,960,39,33,
32766,3984,959,35,43,
32766,3985,962,34,34,
32766,3988,967,30,29,
32766,3980,961,50,33,
32766,3988,966,38,33,
32766,3984,964,29,33,
32766,3977,971,32,41,
32766,3975,967,40,33,
32766,3987,963,37,42,
32766,3981,971,36,35,
32766,3983,965,36,33,
32766,3973,960,39,28,
32766,3982,965,41,27,
32766,3980,961,41,41,
32766,3979,963,42,26,
32766,3983,958,30,25,
32766,3984,966,33,29,
32766,3974,959,34,40,
32766,3980,953,37,38,
32766,3980,971,35,31,
32766,3986,969,38,31,
32766,3980,968,36,40,
32766,3975,969,36,26,
32766,3984,962,35,31,
32766,3979,966,43,44,
32766,3977,966,43,31,
32766,3982,962,47,32,
32766,3974,972,34,38,
32766,3971,963,33,33,
32766,3981,964,43,42,
32766,3978,964,35,31,
32766,3976,967,42,28,
32766,3976,971,36,25,
32766,3990,962,39,30,
32766,3970,952,36,31,
32766,3976,966,41,33,
32766,3987,965,36,30,
32766,3984,957,40,34,
32766,3973,961,37,35,
32766,3983,970,44,36,
32766,3971,953,36,36,
32766,3983,960,41,35,
32766,3978,964,46,36,
32766,3989,961,42,27,
32766,3973,963,40,39,
32766,3984,963,28,32,
32766,3980,956,29,27,
32766,3971,954,34,38,
32766,3975,962,35,33,
32766,3968,957,41,29,
32766,3971,967,36,36,
32766,3981,962,43,26,
32766,3975,960,37,29,
32766,3981,966,40,30,
32766,3981,962,37,26,
32766,3976,957,38,29,
32766,3983,963,34,33,
32766,3977,959,30,38,
32766,3971,964,36,22,
32766,3977,962,39,30,
32766,3974,959,43,34,
32766,3971,956,36,30,
32766,3979,962,34,33,
32766,3988,962,31,37,
32766,3973,961,39,35,
32766,3975,974,30,30,
32766,3980,967,47,42,
32766,3987,964,30,24,
32766,3981,951,39,40,
32766,3977,960,37,30,
32766,3981,966,34,34,
32766,3976,960,30,31,
32766,3986,955,41,37,
32766,3973,962,41,33,
32766,3986,962,33,33,
32766,3986,960,35,34,
32766,3973,964,31,35,
32766,3970,968,28,39,
32766,3979,964,44,28,
32766,3971,953,32,38,
32766,3981,957,43,29,
32766,3981,963,35,39,
32766,3983,967,36,27,
32766,3981,962,38,41,
32766,3978,965,29,23,
32766,3981,969,39,27,
32766,3983,965,39,34,
32766,3978,963,50,33,
32766,3979,969,34,33,
32766,3977,960,33,37,
32766,3983,966,42,36,
32766,3989,962,31,32,
32766,3982,965,34,31,
32766,3987,956,42,40,
32766,3984,962,30,28,
32766,3971,962,42,28,
32766,3981,960,26,28,
32766,3982,964,35,25,
32766,3981,960,37,36,
32766,3982,965,33,33,
32766,3981,967,23,34,
32766,3970,966,30,36,
32766,3970,974,46,35,
32766,3980,956,27,45,
32766,3981,963,34,23,
32766,3973,960,36,30,
32766,3976,971,33,29,
32766,3987,966,37,29,
32766,3978,956,40,30,
32766,3978,963,38,27,
32766,3969,960,36,39,
32766,3969,952,36,36,
32766,3974,957,41,38,
32766,3981,967,38,34,
32766,3976,956,41,25,
32766,3986,963,36,32,
32766,3983,965,38,26,
32766,3977,966,38,42,
32766,3972,957,42,29,
32766,3972,963,42,37,
32766,3984,964,34,34,
32766,3980,965,33,31,
32766,3974,961,27,23,
32766,3975,959,32,35,
32766,3974,956,38,38,
32766,3965,958,39,26,
32766,3975,964,44,32,
32766,3970,965,35,38,
32766,3977,959,39,27,
32766,3983,958,46,30,
32766,3988,967,44,30,
32766,3981,957,29,25,
32766,3977,960,45,34,
32766,3976,957,32,36,
32766,3981,960,38,37,
32766,3984,964,34,42,
32766,3970,971,38,28,
32766,3978,955,44,32,
32766,3974,951,34,37,
32766,3974,959,40,41,
32766,3979,967,43,33,
32766,3973,963,32,29,
32766,3973,969,36,30,
32766,3971,958,41,39,
32766,3978,953,40,30,
32766,3972,956,42,32,
32766,3971,961,33,22,
32766,3983,960,39,40,
32766,3975,962,38,36,
32766,3978,961,37,34,
32766,3978,968,39,34,
32766,3970,961,34,36,
32766,3976,967,33,30,
32766,3974,969,37,24,
32766,3977,957,32,26,
32766,3966,961,39,27,
32766,3987,967,37,30,
32766,3977,962,31,32,
32766,3977,963,35,29,
32766,3990,970,33,44,
32766,3992,965,32,30,
32766,3979,959,37,32,
32766,3979,955,30,35,
32766,3974,969,36,37,
32766,3973,966,42,23,
32766,3981,963,39,25,
32766,3972,962,38,29,
32766,3975,957,29,35,
32766,3985,965,33,26,
32766,3976,959,50,39,
32766,3981,966,41,33,
32766,3974,964,42,38,
32766,3975,966,38,35,
32766,3979,954,38,33,
32766,3971,959,41,27,
32766,3981,961,35,28,
32766,3978,954,43,31,
32766,3983,958,43,27,
32766,3973,958,48,35,
32766,3972,963,20,32,
32766,3971,962,37,30,
32766,3981,964,41,39,
32766,3970,953,35,34,
32766,3980,961,41,32,
32766,3974,957,35,35,
32766,3972,957,40,28,
32766,3972,977,30,26,
32766,3974,964,39,30,
32766,3976,964,48,42,
32766,3983,956,37,34,
32766,3977,973,42,35,
32766,3969,955,39,27,
32766,3978,969,47,36,
32766,3986,966,44,34,
32766,3974,960,35,33,
32766,3984,964,37,45,
32766,3984,959,39,34,
32766,3976,965,31,32,
32766,3982,964,42,26,
32766,3965,962,40,43,
32766,3973,964,33,40,
32766,3972,954,38,35,
32766,3970,969,40,34,
32766,3966,954,31,26,
32766,3988,961,30,29,
32766,3983,967,28,26,
32766,3972,959,38,28,
32766,3968,960,38,34,
32766,3978,962,40,37,
32766,3970,958,34,31,
32766,3969,958,30,37,
32766,3975,954,34,27,
32766,3984,963,45,37,
32766,3971,957,32,29,
32766,3979,956,40,38,
32766,3973,968,32,32,
32766,3980,960,32,33,
32766,3971,962,41,27,
32766,3976,972,34,28,
32766,3975,968,38,30,
32766,3974,951,39,29,
32766,3969,969,30,28,
32766,3972,959,42,28,
32766,3975,969,38,32,
32766,3988,957,27,35,
32766,3981,961,36,23,
32766,3972,960,37,32,
32766,3967,964,35,35,
32766,3971,964,32,29,
32766,3979,957,36,34,
32766,3974,961,47,38,
32766,3970,963,35,38,
32766,3980,953,37,37,
32766,3988,965,38,38,
32766,3970,961,40,26,
32766,3975,966,45,40,
32766,3963,960,53,28,
32766,3971,964,34,36,
32766,3972,967,33,26,
32766,3973,961,21,29,
32766,3965,957,34,32,
32766,3969,963,30,26,
32766,3976,961,32,35,
32766,3965,974,38,27,
32766,3971,950,43,36,
32766,3978,958,30,28,
32766,3987,966,35,41,
32766,3980,968,39,27,
32766,3978,968,30,34,
32766,3968,965,41,34,
32766,3967,957,47,33,
32766,3966,956,45,37,
32766,3977,965,44,31,
32766,3969,956,43,28,
32766,3971,956,32,33,
32766,3978,953,41,28,
32766,3982,966,36,30,
32766,3971,960,29,35,
32766,3971,948,32,30,
32766,3974,966,37,34,
32766,3980,960,33,29,
32766,3971,951,43,25,
32766,3973,960,40,28,
32766,3971,966,40,39,
32766,3971,955,33,31,
32766,3973,961,33,34,
32766,3972,955,31,27,
32766,3984,961,43,33,
32766,3975,958,31,28,
32766,3979,962,42,23,
32766,3973,961,34,38,
32766,3971,947,31,38,
32766,3974,954,38,27,
32766,3978,957,28,23,
32766,3972,956,39,34,
32766,3970,956,39,46,
32766,3970,956,38,30,
32766,3973,959,42,27,
32766,3973,954,40,29,
32766,3967,966,46,33,
32766,3976,953,38,24,
32766,3975,969,42,25,
32766,3971,965,36,32,
32766,3963,966,38,36,
32766,3966,964,38,23,
32766,3978,964,33,40,
32766,3973,975,29,36,
32766,3968,967,43,40,
32766,3974,956,41,33,
32766,3973,961,43,32,
32766,3970,962,34,37,
32766,3973,966,38,37,
32766,3969,961,38,44,
32766,3970,955,33,34,
32766,3961,962,39,28,
32766,3968,969,43,27,
32766,3978,958,39,33,
32766,3966,963,44,35,
32766,3972,960,33,33,
32766,3978,957,41,26,
32766,3979,956,38,40,
32766,3972,955,35,34,
32766,3966,955,41,36,
32766,3972,955,41,29,
32766,3973,963,26,35,
32766,3970,954,36,40,
32766,3973,958,40,25,
32766,3965,956,41,36,
32766,3965,969,35,29,
32766,3968,954,32,30,
32766,3979,951,38,38,
32766,3966,959,32,35,
32766,3963,950,41,27,
32766,3963,965,36,37,
32766,3968,959,38,25,
32766,3968,958,37,39,
32766,3971,953,39,47,
32766,3960,963,32,33,
32766,3968,955,34,27,
32766,3964,961,42,32,
32766,3970,957,36,31,
32766,3971,962,39,38,
32766,3967,959,34,33,
32766,3965,948,41,34,
32766,3972,964,39,32,
32766,3973,951,34,36,
32766,3957,953,30,38,
32766,3963,952,37,35,
32766,3970,954,29,42,
32766,3958,957,40,36,
32766,3964,952,34,36,
32766,3970,961,45,29,
32766,3968,961,41,31,
32766,3973,957,43,30,
32766,3970,963,46,26,
32766,3964,966,36,28,
32766,3963,957,43,33,
32766,3962,953,39,32,
32766,3968,935,37,27,
32766,3960,953,45,31,
32766,3967,956,42,30,
32766,3966,966,40,38,
32766,3965,955,32,35,
32766,3962,960,34,43,
32766,3970,948,38,30,
32766,3964,964,37,23,
32766,3967,964,44,37,
32766,3966,954,44,36,
32766,3967,958,35,33,
32766,3972,957,37,39,
32766,3959,959,37,41,
32766,3966,961,40,30,
32766,3960,953,44,33,
32766,3957,952,37,39,
32766,3956,956,41,33,
32766,3969,963,41,28,
32766,3968,958,32,23,
32766,3966,947,37,22,
32766,3963,959,30,35,
32766,3980,956,45,27,
32766,3971,949,37,30,
32766,3968,961,29,34,
32766,3968,963,40,36,
32766,3966,959,37,37,
32766,3958,962,41,41,
32766,3961,954,35,29,
32766,3960,964,36,39,
32766,3960,956,38,23,
32766,3965,956,42,35,
32766,3966,963,32,38,
32766,3960,966,39,32,
32766,3961,956,37,31,
32766,3956,951,30,28,
32766,3957,953,25,33,
32766,3959,957,45,35,
32766,3962,960,40,26,
32766,3961,955,37,28,
32766,3957,962,37,39,
32766,3964,957,35,30,
32766,3956,955,42,34,
32766,3957,952,37,24,
32766,3955,962,48,31,
32766,3950,952,26,26,
32766,3962,957,46,25,
32766,3956,950,30,37,
32766,3948,957,32,31,
32766,3963,971,37,27,
32766,3963,953,40,24,
32766,3962,956,36,37,
32766,3952,950,42,31,
32766,3957,955,34,41,
32766,3954,958,40,40,
32766,3962,948,39,32,
32766,3949,955,39,34,
32766,3954,950,34,33,
32766,3966,960,35,26,
32766,3955,960,36,28,
32766,3974,947,33,33,
32766,3960,957,34,30,
32766,3961,962,35,30,
32766,3957,954,40,31,
32766,3960,958,37,36,
32766,3958,949,28,28,
32766,3962,955,40,32,
32766,3953,962,38,30,
32766,3962,960,35,37,
32766,3961,955,44,28,
32766,3959,961,37,32,
32766,3953,959,42,30,
32766,3968,963,44,27,
32766,3955,949,33,22,
32766,3959,952,37,30,
32766,3954,958,46,39,
32766,3954,962,39,35,
32766,3956,968,32,26,
32766,3960,946,34,26,
32766,3956,951,44,27,
32766,3954,953,30,40,
32766,3963,960,44,38,
32766,3962,952,38,28,
32766,3966,948,33,33,
32766,3951,956,35,30,
32766,3953,955,33,29,
32766,3959,963,30,39,
32766,3955,961,45,27,
32766,3959,950,40,30,
32766,3966,954,33,31,
32766,3963,964,40,31,
32766,3961,952,40,31,
32766,3958,948,35,32,
32766,3950,950,36,38,
32766,3956,965,40,39,
32766,3959,957,42,28,
32766,3955,957,43,28,
32766,3966,955,32,32,
32766,3957,953,46,36,
32766,3953,952,28,23,
32766,3952,954,46,40,
32766,3953,964,32,29,
32766,3960,964,36,29,
32766,3958,958,34,38,
32766,3967,951,34,26,
32766,3958,959,34,26,
32766,3956,959,46,40,
32766,3975,947,32,34,
32766,3962,952,39,33,
32766,3958,955,29,30,
32766,3955,954,41,36,
32766,3956,958,41,28,
32766,3959,957,34,29,
32766,3951,958,47,36,
32766,3953,951,40,28,
32766,3954,962,42,32,
32766,3954,960,49,31,
32766,3956,960,35,35,
32766,3954,954,30,29,
32766,3959,956,36,26,
32766,3956,956,39,23,
32766,3962,963,37,38,
32766,3960,956,31,26,
32766,3955,962,38,29,
32766,3961,947,41,39,
32766,3956,955,35,34,
32766,3959,950,45,28,
32766,3955,944,41,27,
32766,3961,951,32,31,
32766,3956,960,27,28,
32766,3966,954,38,33,
32766,3951,951,34,43,
32766,3953,958,37,30,
32766,3960,946,36,30,
32766,3956,946,44,17,
32766,3961,957,35,28,
32766,3954,955,33,34,
32766,3955,951,44,28,
32766,3951,959,44,28,
32766,3946,957,37,28,
32766,3959,953,42,37,
32766,3952,958,37,36,
32766,3957,958,39,27,
32766,3953,951,29,24,
32766,3957,956,33,31,
32766,3959,956,28,31,
32766,3954,951,46,36,
32766,3952,949,37,29,
32766,3962,954,27,38,
32766,3943,960,36,44,
32766,3961,960,33,32,
32766,3969,964,23,37,
32766,3959,951,38,28,
32766,3952,956,38,30,
32766,3959,962,38,37,
32766,3959,965,44,28,
32766,3964,959,43,28,
32766,3960,956,28,35,
32766,3949,966,41,36,
32766,3960,964,41,21,
32766,3955,961,33,40,
32766,3957,968,38,35,
32766,3957,965,32,34,
32766,3957,958,36,29,
32766,3959,954,32,35,
32766,3963,958,47,36,
32766,3949,955,42,34,
32766,3951,951,30,31,
32766,3958,961,33,31,
32766,3954,962,37,27,
32766,3956,956,40,29,
32766,3959,950,37,41,
32766,3954,941,31,30,
32766,3960,958,36,25,
32766,3966,950,45,33,
32766,3957,967,43,29,
32766,3958,951,28,30,
32766,3964,947,36,28,
32766,3953,954,37,31,
32766,3958,962,36,33,
32766,3964,954,35,37,
32766,3962,960,29,41,
32766,3966,954,35,32,
32766,3952,959,49,27,
32766,3960,964,41,30,
32766,3962,951,36,33,
32766,3963,953,37,20,
32766,3964,947,25,33,
32766,3946,950,36,28,
32766,3958,961,39,21,
32766,3955,955,34,34,
32766,3959,956,45,21,
32766,3951,954,34,24,
32766,3957,955,37,31,
32766,3963,957,35,22,
32766,3954,948,43,32,
32766,3958,961,36,39,
32766,3956,956,35,36,
32766,3958,958,37,27,
32766,3960,956,36,29,
32766,3956,955,39,32,
32766,3960,956,39,37,
32766,3960,947,41,32,
32766,3956,960,39,30,
32766,3966,958,34,34,
32766,3960,958,29,25,
32766,3957,953,42,36,
32766,3968,948,36,40,
32766,3962,963,41,33,
32766,3962,945,32,32,
32766,3960,949,38,28,
32766,3952,950,40,33,
32766,3953,951,34,38,
32766,3958,957,33,28,
32766,3959,945,35,34,
32766,3959,961,39,33,
32766,3956,961,39,25,
32766,3955,952,42,38,
32766,3951,948,34,32,
32766,3955,954,43,30,
32766,3958,961,34,32,
32766,3965,957,26,30,
32766,3958,954,33,28,
32766,3948,957,36,40,
32766,3953,951,38,32,
32766,3963,960,43,39,
32766,3952,956,33,34,
32766,3964,954,42,31,
32766,3960,955,40,27,
32766,3955,966,34,26,
32766,3957,944,38,28,
32766,3947,955,37,34,
32766,3958,961,43,36,
32766,3954,951,43,26,
32766,3961,954,35,31,
32766,3948,954,41,30,
32766,3964,950,34,34,
32766,3958,960,35,33,
32766,3967,954,36,36,
32766,3953,952,42,30,
32766,3952,953,31,40,
32766,3959,955,38,34,
32766,3951,960,26,31,
32766,3955,960,42,32,
32766,3962,953,40,29,
32766,3959,957,38,27,
32766,3962,958,29,44,
32766,3959,960,36,36,
32766,3953,952,46,36,
32766,3961,955,36,34,
32766,3968,959,37,34,
32766,3953,967,35,24,
32766,3969,955,35,37,
32766,3947,951,33,25,
32766,3960,951,39,27,
32766,3953,953,40,33,
32766,3959,957,44,35,
32766,3962,951,46,26,
32766,3963,953,32,28,
32766,3946,958,33,24,
32766,3954,956,36,30,
32766,3955,953,30,32,
32766,3950,958,36,34,
32766,3958,953,30,29,
32766,3957,956,39,32,
32766,3956,963,40,39,
32766,3963,952,38,31,
32766,3963,953,34,33,
32766,3957,954,35,31,
32766,3961,955,29,29,
32766,3963,950,47,31,
32766,3951,958,44,34,
32766,3961,956,39,34,
32766,3947,945,34,34,
32766,3959,955,32,30,
32766,3961,952,37,23,
32766,3949,965,42,28,
32766,3963,952,42,30,
32766,3959,952,32,32,
32766,3966,952,39,37,
32766,3956,958,43,41,
32766,3946,959,34,29,
32766,3960,952,34,35,
32766,3961,965,37,23,
32766,3964,955,37,37,
32766,3948,961,30,21,
32766,3954,953,37,38,
32766,3958,954,33,33,
32766,3960,951,35,30,
32766,3957,950,38,35,
32766,3962,957,38,29,
32766,3958,951,31,30,
32766,3958,955,41,22,
32766,3956,948,37,32,
32766,3958,956,34,33,
32766,3957,945,34,28,
32766,3962,948,43,24,
32766,3963,961,35,30,
32766,3956,949,44,40,
32766,3963,956,39,30,
32766,3960,955,43,33,
32766,3960,965,30,28,
32766,3965,959,37,39,
32766,3958,956,28,41,
32766,3960,956,42,36,
32766,3963,953,35,30,
32766,3969,958,32,40,
32766,3954,962,43,27,
32766,3960,960,32,36,
32766,3957,959,38,25,
32766,3958,952,38,33,
32766,3961,955,43,30,
32766,3956,956,42,47,
32766,3958,949,40,30,
32766,3964,958,34,34,
32766,3969,960,34,33,
32766,3966,955,42,31,
32766,3955,951,34,44,
32766,3964,956,34,31,
32766,3958,954,48,29,
32766,3962,947,27,31,
32766,3955,962,40,34,
32766,3957,956,37,24,
32766,3960,952,30,32,
32766,3961,956,37,32,
32766,3952,945,30,29,
32766,3953,961,35,33,
32766,3966,953,36,35,
32766,3960,954,33,33,
32766,3961,952,41,29,
32766,3954,953,37,25,
32766,3956,954,29,34,
32766,3958,959,31,34,
32766,3968,964,38,39,
32766,3966,952,39,39,
32766,3956,950,32,33,
32766,3955,964,32,28,
32766,3958,955,37,30,
32766,3954,955,29,33,
32766,3958,955,44,40,
32766,3951,954,32,29,
32766,3961,948,33,42,
32766,3960,952,29,38,
32766,3962,949,45,34,
32766,3961,960,33,41,
32766,3955,955,33,16,
32766,3958,954,26,18,
32766,3960,950,46,39,
32766,3960,953,37,33,
32766,3948,944,39,33,
32766,3963,954,29,32,
32766,3967,955,36,39,
32766,3965,946,39,39,
32766,3958,952,36,44,
32766,3959,950,33,29,
32766,3964,946,32,35,
32766,3955,949,48,38,
32766,3963,963,27,25,
32766,3948,957,32,30,
32766,3953,955,40,30,
32766,3959,949,36,37,
32766,3954,955,44,39,
32766,3955,952,32,37,
32766,3956,955,39,31,
32766,3963,961,39,27,
32766,3960,956,38,34,
32766,3952,948,40,37,
32766,3955,952,37,29,
32766,3962,956,45,38,
32766,3967,962,33,36,
32766,3956,949,41,33,
32766,3956,955,36,31,
32766,3954,953,47,28,
32766,3962,953,38,32,
32766,3957,955,42,36,
32766,3947,947,42,34,
32766,3959,956,30,43,
32766,3963,951,41,35,
32766,3959,957,28,15,
32766,3956,956,40,31,
32766,3949,945,43,34,
32766,3963,953,38,37,
32766,3964,967,40,39,
32766,3961,948,49,37,
32766,3956,952,30,37,
32766,3955,956,26,31,
32766,3948,950,32,28,
32766,3951,953,33,34,
32766,3960,949,43,31,
32766,3962,959,29,33,
32766,3963,950,31,18,
32766,3963,955,34,28,
32766,3955,949,32,37,
32766,3962,963,39,20,
32766,3958,959,44,38,
32766,3954,962,35,29,
32766,3962,952,35,31,
32766,3958,952,36,34,
32766,3958,958,36,32,
32766,3953,952,44,31,
32766,3958,960,42,29,
32766,3959,960,37,42,
32766,3949,959,38,40,
32766,3956,947,49,25,
32766,3958,954,45,27,
32766,3954,956,44,33,
32766,3954,949,37,30,
32766,3962,947,24,31,
32766,3952,957,34,32,
32766,3957,952,36,32,
32766,3946,952,39,33,
32766,3955,952,31,34,
32766,3953,949,35,29,
32766,3963,959,38,32,
32766,3955,952,42,32,
32766,3956,948,34,23,
32766,3960,950,39,15,
32766,3959,950,36,36,
32766,3963,956,36,32,
32766,3955,949,42,36,
32766,3955,953,37,33,
32766,3954,959,37,23,
32766,3951,951,35,36,
32766,3956,958,24,36,
32766,3952,956,39,28,
32766,3951,954,36,36,
32766,3955,954,42,40,
32766,3957,949,35,25,
32766,3955,949,32,31,
32766,3956,957,53,32,
32766,3958,958,38,26,
32766,3962,960,28,37,
32766,3953,951,47,43,
32766,3952,952,37,19,
32766,3955,956,36,35,
32766,3956,950,38,20,
32766,3954,949,45,34,
32766,3957,952,37,29,
32766,3949,958,28,43,
32766,3964,957,43,27,
32766,3955,950,27,32,
32766,3952,954,31,33,
32766,3956,961,33,25,
32766,3955,952,40,42,
32766,3956,960,38,42,
32766,3944,960,37,31,
32766,3948,947,36,36,
32766,3957,957,36,35,
32766,3958,956,34,33,
32766,3943,962,21,36,
32766,3952,956,32,31,
32766,3951,956,31,33,
32766,3947,952,45,33,
32766,3953,954,44,33,
32766,3952,952,43,36,
32766,3959,953,28,38,
32766,3947,957,33,41,
32766,3957,949,41,40,
32766,3961,967,43,34,
32766,3963,951,42,30,
32766,3962,958,41,31,
32766,3965,961,43,36,
32766,3953,954,26,21,
32766,3962,955,35,31,
32766,3950,957,41,31,
32766,3951,948,42,29,
32766,3954,954,41,34,
32766,3962,956,47,43,
32766,3956,952,35,28,
32766,3957,954,44,47,
32766,3955,953,39,24,
32766,3956,960,35,23,
32766,3964,950,46,43,
32766,3959,951,43,31,
32766,3970,962,35,26,
32766,3956,950,34,34,
32766,3949,953,38,32,
32766,3955,949,28,32,
32766,3946,953,39,35,
32766,3959,957,37,40,
32766,3953,961,34,38,
32766,3953,953,38,33,
32766,3949,955,35,29,
32766,3954,956,34,35,
32766,3957,952,37,28,
32766,3962,959,45,33,
32766,3957,956,31,28,
32766,3957,952,43,37,
32766,3948,950,33,33,
32766,3956,953,40,34,
32766,3959,961,41,27,
32766,3950,959,33,33,
32766,3952,952,25,36,
32766,3952,952,38,36,
32766,3950,947,36,30,
32766,3957,945,38,29,
32766,3950,942,42,32,
32766,3950,946,30,29,
32766,3961,950,33,31,
32766,3956,954,45,34,
32766,3963,961,42,36,
32766,3950,957,37,21,
32766,3950,949,41,24,
32766,3946,948,37,25,
32766,3950,949,39,21,
32766,3954,957,38,20,
32766,3954,950,38,26,
32766,3951,957,35,29,
32766,3949,949,37,38,
32766,3954,956,46,32,
32766,3938,950,29,39,
32766,3957,953,35,28,
32766,3953,957,30,35,
32766,3956,950,40,28,
32766,3960,953,34,26,
32766,3949,956,33,32,
32766,3954,954,34,25,
32766,3953,950,48,28,
32766,3950,955,44,40,
32766,3951,946,30,31,
32766,3949,952,39,32,
32766,3953,957,42,24,
32766,3948,958,39,36,
32766,3951,949,44,38,
32766,3951,949,34,27,
32766,3958,954,41,33,
32766,3955,947,43,29,
32766,3958,951,39,33,
32766,3948,949,37,34,
32766,3951,954,41,40,
32766,3950,950,35,27,
32766,3957,944,38,34,
32766,3960,964,30,34,
32766,3961,950,34,34,
32766,3955,948,41,34,
32766,3945,956,41,32,
32766,3948,947,39,21,
32766,3948,957,40,38,
32766,3961,954,37,32,
32766,3954,955,30,35,
32766,3964,964,47,27,
32766,3950,957,42,34,
32766,3964,962,37,34,
32766,3953,956,48,32,
32766,3960,952,33,31,
32766,3952,947,31,39,
32766,3952,954,45,41,
32766,3950,945,30,30,
32766,3963,954,41,26,
32766,3950,956,41,30,
32766,3959,958,35,37,
32766,3950,953,35,29,
32766,3947,963,39,27,
32766,3956,951,34,27,
32766,3954,954,31,23,
32766,3954,951,40,34,
32766,3948,948,36,26,
32766,3956,950,34,43,
32766,3952,952,40,30,
32766,3951,954,40,35,
32766,3956,965,43,39,
32766,3959,958,34,28,
32766,3956,950,34,30,
32766,3954,953,34,29,
32766,3960,945,20,40,
32766,3955,949,35,41,
32766,3945,962,40,37,
32766,3943,957,34,29,
32766,3956,954,43,23,
32766,3949,952,34,38,
32766,3955,960,34,32,
32766,3947,951,34,33,
32766,3949,955,33,42,
32766,3947,954,32,27,
32766,3943,948,40,28,
32766,3944,957,47,37,
32766,3943,955,45,35,
32766,3953,950,31,35,
32766,3948,952,34,31,
32766,3940,959,32,40,
32766,3947,965,36,31,
32766,3948,944,44,30,
32766,3957,956,38,21,
32766,3951,952,32,44,
32766,3947,947,45,25,
32766,3944,949,42,36,
32766,3947,949,35,39,
32766,3956,944,42,28,
32766,3961,947,36,22,
32766,3941,951,46,37,
32766,3957,957,39,26,
32766,3959,952,36,33,
32766,3950,958,45,29,
32766,3954,955,39,27,
32766,3943,957,38,29,
32766,3955,953,40,31,
32766,3949,964,44,35,
32766,3958,953,40,38,
32766,3956,955,52,31,
32766,3950,951,30,37,
32766,3950,952,33,37,
32766,3950,951,40,23,
32766,3953,955,41,29,
32766,3943,955,44,29,
32766,3956,952,31,29,
32766,3961,954,37,25,
32766,3952,950,36,35,
32766,3949,944,35,26,
32766,3954,946,39,29,
32766,3955,957,27,34,
32766,3960,953,30,34,
32766,3957,963,46,36,
32766,3958,953,25,34,
32766,3951,955,36,35,
32766,3953,960,37,35,
32766,3958,952,38,28,
32766,3949,947,41,33,
32766,3949,965,37,39,
32766,3946,952,28,41,
32766,3944,950,37,22,
32766,3957,961,46,35,
32766,3956,950,42,37,
32766,3956,951,46,31,
32766,3962,950,35,37,
32766,3949,954,46,34,
32766,3941,949,41,34,
32766,3947,953,40,38,
32766,3944,956,36,34,
32766,3958,950,42,23,
32766,3958,959,31,38,
32766,3955,962,40,29,
32766,3953,956,38,35,
32766,3951,955,43,38,
32766,3957,952,32,35,
32766,3950,953,34,32,
32766,3952,946,40,41,
32766,3950,954,38,29,
32766,3955,961,48,36,
32766,3955,963,38,40,
32766,3939,953,32,35,
32766,3956,965,51,20,
32766,3951,961,37,30,
32766,3933,949,39,26,
32766,3945,951,36,38,
32766,3956,950,24,32,
32766,3956,953,40,34,
32766,3951,955,37,31,
32766,3947,953,35,35,
32766,3953,960,44,30,
32766,3955,954,42,42,
32766,3947,954,40,39,
32766,3961,949,36,22,
32766,3959,945,29,32,
32766,3955,958,34,41,
32766,3950,943,39,34,
32766,3954,957,40,38,
32766,3949,953,35,35,
32766,3957,955,43,28,
32766,3956,957,25,32,
32766,3947,960,35,31,
32766,3953,960,40,28,
32766,3958,951,31,29,
32766,3955,962,41,26,
32766,3952,958,32,21,
32766,3958,960,32,23,
32766,3956,944,42,30,
32766,3961,950,39,28,
32766,3951,949,34,38,
32766,3953,963,34,38,
32766,3956,951,40,33,
32766,3962,961,42,39,
32766,3950,955,37,32,
32766,3963,960,47,24,
32766,3946,951,41,25,
32766,3958,955,39,36,
32766,3952,950,36,27,
32766,3954,954,34,26,
32766,3949,957,42,32,
32766,3955,951,44,20,
32766,3953,952,40,30,
32766,3949,950,36,31,
32766,3955,955,33,34,
32766,3961,955,47,36,
32766,3942,946,32,33,
32766,3957,951,36,36,
32766,3954,964,45,29,
32766,3953,958,31,22,
32766,3953,953,39,31,
32766,3959,950,36,35,
32766,3962,957,40,35,
32766,3954,956,46,31,
32766,3956,941,36,35,
32766,3950,949,36,31,
32766,3955,950,34,39,
32766,3961,959,39,31,
32766,3959,949,34,44,
32766,3947,950,40,31,
32766,3958,950,30,36,
32766,3958,957,38,30,
32766,3950,953,41,29,
32766,3955,948,39,32,
32766,3954,947,46,33,
32766,3954,953,43,29,
32766,3962,950,37,26,
32766,3951,958,51,38,
32766,3945,947,32,34,
32766,3958,955,38,26,
32766,3968,951,38,33,
32766,3957,949,40,34,
32766,3958,949,38,33,
32766,3954,955,26,27,
32766,3958,950,41,33,
32766,3957,950,40,29,
32766,3952,953,41,39,
32766,3961,960,35,37,
32766,3956,957,28,31,
32766,3949,957,39,37,
32766,3958,957,37,35,
32766,3951,944,40,35,
32766,3960,958,42,40,
32766,3958,947,39,35,
32766,3952,950,44,35,
32766,3951,960,36,40,
32766,3955,957,39,30,
32766,3948,951,39,36,
32766,3954,957,47,36,
32766,3956,965,37,24,
32766,3962,954,29,25,
32766,3961,954,34,35,
32766,3959,950,43,35,
32766,3952,939,40,31,
32766,3962,945,45,25,
32766,3954,957,32,30,
32766,3951,960,41,33,
32766,3963,952,33,35,
32766,3961,949,45,33,
32766,3963,948,30,32,
32766,3958,954,45,21,
32766,3963,958,42,30,
32766,3956,953,39,38,
32766,3949,948,38,34,
32766,3956,958,44,34,
32766,3954,962,40,35,
32766,3953,955,39,35,
32766,3952,955,34,27,
32766,3964,959,40,25,
32766,3954,955,29,22,
32766,3961,955,35,33,
32766,3964,949,38,31,
32766,3959,956,42,33,
32766,3959,945,35,31,
32766,3962,951,35,35,
32766,3962,958,38,32,
32766,3956,948,48,38,
32766,3965,958,36,33,
32766,3964,957,40,29,
32766,3959,947,31,31,
32766,3954,949,40,26,
32766,3956,950,45,29,
32766,3955,957,37,29,
32766,3960,947,34,38,
32766,3954,954,40,36,
32766,3953,952,36,41,
32766,3963,957,38,37,
32766,3955,955,40,37,
32766,3959,951,33,36,
32766,3948,953,44,28,
32766,3965,965,38,32,
32766,3949,947,34,26,
32766,3962,951,36,28,
32766,3961,961,33,29,
32766,3952,953,40,33,
32766,3957,959,31,29,
32766,3968,947,46,35,
32766,3966,951,33,29,
32766,3956,952,42,32,
32766,3967,953,30,31,
32766,3955,959,39,38,
32766,3957,951,34,33,
32766,3948,958,47,34,
32766,3958,958,29,33,
32766,3955,960,39,41,
32766,3950,956,31,28,
32766,3953,953,44,39,
32766,3957,948,34,30,
32766,3952,955,40,37,
32766,3964,963,46,36,
32766,3954,953,38,29,
32766,3949,959,33,28,
32766,3950,955,39,28,
32766,3954,952,36,35,
32766,3952,950,38,30,
32766,3955,941,35,36,
32766,3950,949,42,23,
32766,3955,955,37,31,
32766,3944,956,39,37,
32766,3959,952,44,30,
32766,3949,946,35,23,
32766,3944,946,36,30,
32766,3953,948,37,47,
32766,3956,945,45,37,
32766,3956,954,30,29,
32766,3951,950,29,39,
32766,3950,947,39,37,
32766,3954,953,40,36,
32766,3960,941,42,30,
32766,3956,945,52,33,
32766,3948,946,42,38,
32766,3952,955,37,39,
32766,3946,950,35,35,
32766,3941,956,42,36,
32766,3946,948,36,27,
32766,3943,955,24,24,
32766,3952,951,40,29,
32766,3952,946,27,26,
32766,3951,952,38,28,
32766,3943,955,47,29,
32766,3953,958,36,32,
32766,3954,952,36,26,
32766,3951,949,41,34,
32766,3953,948,44,38,
32766,3950,958,38,33,
32766,3957,946,35,36,
32766,3955,952,28,31,
32766,3951,957,38,28,
32766,3947,956,40,37,
32766,3946,948,36,39,
32766,3959,947,49,29,
32766,3941,956,32,31,
32766,3954,947,32,36,
32766,3953,959,35,28,
32766,3961,947,30,27,
32766,3955,948,42,36,
32766,3942,958,35,30,
32766,3955,948,33,31,
32766,3951,953,47,29,
32766,3951,950,43,31,
32766,3949,949,46,30,
32766,3955,952,39,33,
32766,3958,950,33,36,
32766,3946,954,39,25,
32766,3947,943,42,27,
32766,3946,935,32,40,
32766,3949,946,38,32,
32766,3949,949,34,37,
32766,3948,947,35,32,
32766,3948,955,36,43,
32766,3955,945,48,26,
32766,3955,949,42,33,
32766,3963,947,38,25,
32766,3944,959,40,25,
32766,3946,950,33,31,
32766,3944,956,38,21,
32766,3939,961,39,38,
32766,3948,945,37,21,
32766,3943,951,35,29,
32766,3941,951,40,36,
32766,3944,945,35,25,
32766,3948,949,35,29,
32766,3948,952,38,27,
32766,3951,951,38,33,
32766,3942,951,45,29,
32766,3940,959,29,37,
32766,3941,945,37,32,
32766,3950,943,21,25,
32766,3952,952,38,32,
32766,3947,939,31,30,
32766,3952,952,35,30,
32766,3943,945,34,27,
32766,3949,938,50,33,
32766,3947,950,45,35,
32766,3941,947,36,37,
32766,3942,946,34,34,
32766,3948,951,35,24,
32766,3933,951,43,27,
32766,3945,960,40,32,
32766,3951,954,41,35,
32766,3935,954,31,27,
32766,3946,963,30,45,
32766,3948,963,54,32,
32766,3945,952,35,24,
32766,3947,951,41,24,
32766,3949,945,37,34,
32766,3940,945,41,31,
32766,3943,947,39,35,
32766,3945,945,43,32,
32766,3946,950,33,26,
32766,3935,957,38,33,
32766,3947,954,36,38,
32766,3944,951,38,33,
32766,3953,955,45,29,
32766,3952,953,32,29,
32766,3954,946,31,34,
32766,3941,944,42,28,
32766,3954,956,26,29,
32766,3939,955,41,27,
32766,3946,946,43,25,
32766,3953,955,25,32,
32766,3945,951,31,32,
32766,3946,951,41,39,
32766,3954,950,40,27,
32766,3955,953,37,36,
32766,3945,939,39,28,
32766,3950,948,34,36,
32766,3945,948,26,31,
32766,3939,955,43,30,
32766,3938,959,41,26,
32766,3954,941,35,39,
32766,3952,948,33,35,
32766,3937,941,42,33,
32766,3951,949,31,32,
32766,3948,948,37,29,
32766,3949,956,29,30,
32766,3950,957,40,36,
32766,3941,947,38,27,
32766,3937,959,31,28,
32766,3946,943,31,40,
32766,3944,948,37,33,
32766,3948,947,42,43,
32766,3942,951,39,31,
32766,3954,954,37,37,
32766,3944,948,40,37,
32766,3943,957,40,32,
32766,3950,941,27,32,
32766,3942,951,39,25,
32766,3949,947,46,18,
32766,3940,946,41,28,
32766,3944,947,40,38,
32766,3940,943,37,32,
32766,3938,944,37,28,
32766,3945,943,42,36,
32766,3945,949,40,29,
32766,3935,953,34,34,
32766,3940,957,42,31,
32766,3946,952,34,33,
32766,3941,955,36,44,
32766,3948,940,38,39,
32766,3952,951,35,30,
32766,3942,954,29,29,
32766,3937,947,38,36,
32766,3937,951,45,42,
32766,3942,953,35,29,
32766,3943,953,38,19,
32766,3941,953,35,32,
32766,3946,951,40,20,
32766,3949,947,41,42,
32766,3940,946,30,32,
32766,3946,953,38,32,
32766,3943,936,42,38,
32766,3948,942,38,28,
32766,3941,947,31,41,
32766,3936,939,40,28,
32766,3937,955,41,27,
32766,3944,949,44,27,
32766,3949,949,33,42,
32766,3938,945,36,34,
32766,3944,957,38,23,
32766,3950,941,46,28,
32766,3941,950,40,23,
32766,3940,948,28,28,
32766,3942,954,36,37,
32766,3943,953,42,33,
32766,3942,952,37,36,
32766,3940,945,42,38,
32766,3940,952,43,34,
32766,3945,949,38,28,
32766,3943,955,26,28,
32766,3942,945,33,23,
32766,3950,955,35,26,
32766,3942,950,32,28,
32766,3940,948,26,32,
32766,3943,959,41,39,
32766,3944,954,32,30,
32766,3944,948,45,34,
32766,3948,954,33,25,
32766,3936,955,40,36,
32766,3942,942,37,30,
32766,3942,946,35,34,
32766,3946,953,35,34,
32766,3945,953,42,34,
32766,3945,950,41,37,
32766,3948,959,44,43,
32766,3947,952,44,32,
32766,3950,957,46,29,
32766,3941,947,38,33,
32766,3936,945,36,25,
32766,3938,953,38,30,
32766,3942,948,35,26,
32766,3946,945,39,28,
32766,3948,949,42,32,
32766,3947,942,37,34,
32766,3945,953,40,35,
32766,3937,954,44,41,
32766,3942,950,32,34,
32766,3940,957,33,27,
32766,3948,952,32,27,
32766,3941,949,42,32,
32766,3946,949,32,30,
32766,3937,953,42,37,
32766,3943,946,28,29,
32766,3938,942,47,28,
32766,3939,957,37,24,
32766,3942,946,40,30,
32766,3939,946,34,34,
32766,3941,953,43,32,
32766,3939,952,44,27,
32766,3935,944,36,26,
32766,3944,953,40,30,
32766,3929,949,35,33,
32766,3949,952,32,32,
32766,3937,954,40,31,
32766,3932,947,35,24,
32766,3942,940,49,31,
32766,3949,950,40,38,
32766,3946,955,33,31,
32766,3944,947,38,30,
32766,3938,948,44,33,
32766,3941,941,35,30,
32766,3944,949,45,24,
32766,3930,958,36,41,
32766,3939,954,40,35,
32766,3936,942,40,31,
32766,3940,948,36,25,
32766,3941,947,43,32,
32766,3945,947,31,40,
32766,3934,941,38,21,
32766,3946,941,42,34,
32766,3946,948,32,26,
32766,3948,939,42,26,
32766,3935,942,31,26,
32766,3948,955,40,38,
32766,3943,950,38,24,
32766,3946,940,36,35,
32766,3949,954,40,27,
32766,3937,952,38,25,
32766,3952,961,40,37,
32766,3938,952,33,36,
32766,3951,947,31,32,
32766,3949,952,38,39,
32766,3954,958,48,38,
32766,3958,949,35,31,
32766,3942,951,33,26,
32766,3943,948,39,25,
32766,3946,953,35,41,
32766,3938,944,33,40,
32766,3943,942,36,30,
32766,3946,946,31,41,
32766,3938,946,23,33,
32766,3949,949,42,35,
32766,3935,958,33,29,
32766,3943,938,37,35,
32766,3941,940,43,28,
32766,3933,940,31,24,
32766,3940,952,34,32,
32766,3942,951,45,29,
32766,3937,947,23,32,
32766,3933,937,53,36,
32766,3943,954,38,34,
32766,3942,950,40,34,
32766,3942,947,34,31,
32766,3949,941,39,28,
32766,3940,955,44,42,
32766,3937,950,41,29,
32766,3935,949,37,35,
32766,3944,951,40,34,
32766,3938,943,36,29,
32766,3933,947,27,37,
32766,3935,940,36,29,
32766,3940,952,37,41,
32766,3940,948,38,25,
32766,3938,954,40,31,
32766,3944,942,34,24,
32766,3941,946,29,34,
32766,3932,943,30,31,
32766,3933,950,33,30,
32766,3940,949,29,35,
32766,3940,951,41,30,
32766,3948,946,38,40,
32766,3944,946,43,32,
32766,3935,957,41,35,
32766,3931,962,33,32,
32766,3948,950,31,33,
32766,3935,954,39,31,
32766,3933,946,38,32,
32766,3930,949,49,34,
32766,3945,948,35,38,
32766,3934,951,38,30,
32766,3940,944,36,36,
32766,3937,947,50,38,
32766,3947,941,41,38,
32766,3943,939,34,38,
32766,3936,947,39,34,
32766,3934,947,35,32,
32766,3939,945,37,35,
32766,3935,949,43,25,
32766,3930,944,33,33,
32766,3941,945,41,30,
32766,3938,945,38,36,
32766,3938,950,34,32,
32766,3934,947,32,28,
32766,3939,953,30,29,
32766,3936,946,33,31,
32766,3944,942,36,25,
32766,3942,945,27,32,
32766,3940,946,38,29,
32766,3945,943,37,29,
32766,3947,944,26,23,
32766,3943,949,47,28,
32766,3948,946,35,17,
32766,3940,947,35,34,
32766,3947,944,38,22,
32766,3942,946,40,30,
32766,3948,953,30,34,
32766,3944,955,42,33,
32766,3949,954,41,33,
32766,3943,946,37,29,
32766,3939,941,36,38,
32766,3939,938,40,34,
32766,3944,946,39,31,
32766,3934,950,39,22,
32766,3938,945,33,30,
32766,3935,942,37,27,
32766,3934,950,42,33,
32766,3933,944,44,36,
32766,3937,947,40,30,
32766,3943,950,34,28,
32766,3943,956,40,32,
32766,3934,942,40,37,
32766,3942,945,38,34,
32766,3930,945,41,26,
32766,3924,944,28,39,
32766,3940,947,39,32,
32766,3936,949,34,32,
32766,3936,951,45,23,
32766,3935,948,39,31,
32766,3927,944,36,37,
32766,3933,946,30,32,
32766,3935,946,38,29,
32766,3930,949,32,38,
32766,3933,945,38,32,
32766,3934,948,32,27,
32766,3934,949,40,36,
32766,3937,948,43,44,
32766,3936,939,38,35,
32766,3937,938,27,26,
32766,3937,953,35,33,
32766,3936,946,43,31,
32766,3932,955,26,24,
32766,3939,949,41,30,
32766,3940,948,32,41,
32766,3939,945,32,25,
32766,3933,950,35,37,
32766,3933,949,37,26,
32766,3939,954,22,50,
32766,3925,947,41,35,
32766,3931,940,35,31,
32766,3930,952,32,34,
32766,3938,942,33,32,
32766,3933,948,37,27,
32766,3932,948,46,28,
32766,3938,943,34,34,
32766,3938,946,28,27,
32766,3939,953,32,42,
32766,3933,953,45,22,
32766,3936,949,35,31,
32766,3936,944,35,30,
32766,3937,942,39,29,
32766,3931,948,36,32,
32766,3935,945,45,37,
32766,3936,954,36,29,
32766,3939,948,33,33,
32766,3928,945,34,28,
32766,3935,940,37,30,
32766,3943,946,45,34,
32766,3940,956,42,31,
32766,3930,938,39,33,
32766,3936,959,37,24,
32766,3933,945,32,35,
32766,3926,945,32,37,
32766,3937,955,38,37,
32766,3944,950,42,41,
32766,3931,935,36,28,
32766,3937,936,31,34,
32766,3939,958,38,41,
32766,3929,948,44,28,
32766,3939,943,34,34,
32766,3933,951,35,22,
32766,3931,945,30,23,
32766,3923,948,39,27,
32766,3934,950,35,35,
32766,3938,942,34,30,
32766,3931,944,47,23,
32766,3938,943,44,39,
32766,3929,941,48,28,
32766,3940,947,40,28,
32766,3934,944,39,34,
32766,3933,943,36,41,
32766,3935,941,43,31,
32766,3937,940,28,36,
32766,3924,948,37,22,
32766,3921,949,38,32,
32766,3937,940,37,37,
32766,3924,939,35,36,
32766,3931,947,41,31,
32766,3934,948,36,31,
32766,3933,952,44,34,
32766,3931,945,40,39,
32766,3925,942,32,27,
32766,3941,952,42,38,
32766,3942,943,30,26,
32766,3935,953,30,30,
32766,3922,947,38,33,
32766,3931,942,39,32,
32766,3927,953,40,19,
32766,3926,945,37,24,
32766,3930,943,36,36,
32766,3933,942,35,32,
32766,3937,954,39,32,
32766,3933,949,34,29,
32766,3933,950,40,33,
32766,3923,947,28,36,
32766,3937,961,44,36,
32766,3928,949,48,35,
32766,3930,945,22,39,
32766,3931,944,34,24,
32766,3924,945,47,35,
32766,3924,942,42,15,
32766,3938,941,36,28,
32766,3934,944,37,25,
32766,3931,948,37,31,
32766,3930,937,23,38,
32766,3926,941,34,39,
32766,3935,947,30,29,
32766,3928,949,38,33,
32766,3928,945,48,29,
32766,3924,954,42,39,
32766,3931,940,35,29,
32766,3938,947,35,28,
32766,3937,948,42,30,
32766,3927,945,31,37,
32766,3929,943,42,26,
32766,3927,947,37,23,
32766,3936,938,36,32,
32766,3935,937,39,37,
32766,3938,948,38,28,
32766,3929,946,38,33,
32766,3926,937,33,30,
32766,3931,942,34,32,
32766,3933,945,33,26,
32766,3940,948,48,34,
32766,3938,949,38,36,
32766,3929,945,47,32,
32766,3945,952,38,35,
32766,3929,948,40,34,
32766,3940,937,39,27,
32766,3926,944,34,35,
32766,3922,953,44,41,
32766,3931,944,47,39,
32766,3929,944,36,30,
32766,3930,937,36,29,
32766,3928,949,38,38,
32766,3927,942,41,30,
32766,3925,941,39,38,
32766,3918,945,34,31,
32766,3927,947,33,31,
32766,3929,947,45,28,
32766,3923,949,34,32,
32766,3934,942,38,25,
32766,3936,951,30,29,
32766,3931,945,50,30,
32766,3931,936,34,27,
32766,3928,954,46,28,
32766,3930,955,38,37,
32766,3929,953,41,30,
32766,3924,952,33,30,
32766,3938,944,41,44,
32766,3927,938,44,27,
32766,3930,941,34,30,
32766,3941,939,28,30,
32766,3920,943,36,38,
32766,3924,946,35,36,
32766,3925,944,40,23,
32766,3932,945,31,27,
32766,3923,948,37,36,
32766,3933,946,45,33,
32766,3928,940,42,29,
32766,3925,949,49,35,
32766,3928,937,34,34,
32766,3931,935,35,28,
32766,3919,942,45,27,
32766,3921,945,36,28,
32766,3923,950,40,31,
32766,3928,946,37,34,
32766,3924,946,29,23,
32766,3925,942,29,40,
32766,3925,943,35,32,
32766,3923,941,45,45,
32766,3930,949,41,40,
32766,3921,959,25,37,
32766,3923,933,40,25,
32766,3925,943,37,37,
32766,3920,937,30,29,
32766,3930,940,45,27,
32766,3926,943,31,35,
32766,3908,952,40,19,
32766,3925,945,42,36,
32766,3925,945,34,39,
32766,3921,941,32,29,
32766,3915,949,33,34,
32766,3914,944,29,36,
32766,3932,943,40,22,
32766,3919,939,39,33,
32766,3931,937,33,36,
32766,3929,941,42,35,
32766,3913,940,39,27,
32766,3919,946,32,34,
32766,3929,957,38,24,
32766,3926,953,38,34,
32766,3929,943,31,38,
32766,3918,936,37,24,
32766,3926,944,31,25,
32766,3937,940,42,36,
32766,3920,947,36,41,
32766,3924,943,38,36,
32766,3925,945,47,32,
32766,3926,949,30,25,
32766,3930,945,43,36,
32766,3925,934,45,36,
32766,3924,934,31,29,
32766,3925,944,44,31,
32766,3921,943,39,30,
32766,3917,936,32,46,
32766,3921,947,38,32,
32766,3917,942,42,34,
32766,3916,945,41,27,
32766,3924,944,44,30,
32766,3927,944,43,32,
32766,3919,944,32,38,
32766,3934,944,39,32,
32766,3918,943,35,29,
32766,3925,939,33,32,
32766,3928,944,37,30,
32766,3922,947,38,32,
32766,3920,946,32,35,
32766,3931,937,35,36,
32766,3919,953,31,33,
32766,3916,946,39,36,
32766,3928,938,38,26,
32766,3916,938,46,29,
32766,3913,940,34,39,
32766,3926,937,40,40,
32766,3930,945,37,29,
32766,3926,938,44,29,
32766,3921,937,36,31,
32766,3924,945,34,34,
32766,3918,937,33,32,
32766,3910,942,41,34,
32766,3918,943,33,27,
32766,3925,944,31,37,
32766,3920,941,35,36,
32766,3922,942,42,30,
32766,3918,944,47,34,
32766,3919,949,43,31,
32766,3924,935,33,26,
32766,3920,947,37,35,
32766,3921,944,31,27,
32766,3925,936,36,38,
32766,3927,938,36,29,
32766,3922,941,29,34,
32766,3927,954,45,39,
32766,3913,949,43,36,
32766,3921,943,36,26,
32766,3924,939,37,39,
32766,3920,938,44,26,
32766,3919,943,38,40,
32766,3923,938,38,41,
32766,3928,945,40,30,
32766,3923,951,33,23,
32766,3923,953,33,36,
32766,3921,947,48,32,
32766,3911,947,37,28,
32766,3926,946,48,35,
32766,3926,947,51,45,
32766,3930,939,42,41,
32766,3918,944,24,31,
32766,3917,940,25,33,
32766,3926,949,33,22,
32766,3921,949,41,23,
32766,3923,940,30,32,
32766,3925,938,43,40,
32766,3913,943,46,36,
32766,3920,944,40,34,
32766,3922,938,41,38,
32766,3926,941,31,30,
32766,3922,952,44,36,
32766,3922,948,36,23,
32766,3924,948,40,36,
32766,3922,944,41,37,
32766,3922,939,42,33,
32766,3931,941,40,35,
32766,3915,944,38,34,
32766,3917,945,40,43,
32766,3916,956,40,36,
32766,3918,944,37,36,
32766,3918,933,25,36,
32766,3923,946,31,31,
32766,3916,945,40,32,
32766,3921,947,38,20,
32766,3920,940,41,25,
32766,3925,940,37,26,
32766,3915,945,31,32,
32766,3912,946,39,33,
32766,3915,942,38,40,
32766,3920,952,38,30,
32766,3908,939,40,32,
32766,3909,951,34,39,
32766,3921,952,36,26,
32766,3914,946,32,31,
32766,3914,933,41,32,
32766,3924,951,37,22,
32766,3921,947,37,27,
32766,3918,939,35,37,
32766,3913,941,35,35,
32766,3911,944,31,23,
32766,3917,945,39,32,
32766,3915,932,47,43,
32766,3919,935,41,32,
32766,3920,931,39,32,
32766,3918,939,48,32,
32766,3915,946,29,34,
32766,3917,951,36,31,
32766,3916,936,36,36,
32766,3925,948,38,31,
32766,3920,934,37,37,
32766,3915,945,36,29,
32766,3913,945,39,40,
32766,3917,944,39,43,
32766,3911,947,28,32,
32766,3927,944,38,35,
32766,3917,942,38,35,
32766,3907,943,34,35,
32766,3911,945,44,32,
32766,3926,950,47,31,
32766,3916,942,38,34,
32766,3913,936,41,26,
32766,3916,943,32,30,
32766,3919,939,38,32,
32766,3915,934,31,25,
32766,3912,944,39,26,
32766,3911,945,36,27,
32766,3915,941,37,33,
32766,3920,943,45,35,
32766,3917,944,33,36,
32766,3917,947,39,27,
32766,3924,934,31,28,
32766,3920,947,38,30,
32766,3926,945,38,27,
32766,3908,943,35,34,
32766,3917,937,40,26,
32766,3910,942,40,29,
32766,3921,938,27,28,
32766,3919,942,36,24,
32766,3912,940,41,35,
32766,3913,944,40,25,
32766,3915,930,41,30,
32766,3919,933,51,30,
32766,3919,948,35,34,
32766,3916,942,37,40,
32766,3909,942,31,26,
32766,3912,946,47,30,
32766,3919,951,36,32,
32766,3911,941,43,29,
32766,3922,943,43,31,
32766,3920,940,39,34,
32766,3920,943,37,33,
32766,3914,942,36,32,
32766,3922,940,34,30,
32766,3912,946,40,23,
32766,3913,934,40,36,
32766,3915,938,35,29,
32766,3918,942,41,37,
32766,3923,946,41,24,
32766,3918,940,32,19,
32766,3911,944,32,28,
32766,3918,937,44,40,
32766,3912,938,34,38,
32766,3918,936,31,30,
32766,3915,950,46,38,
32766,3921,939,35,35,
32766,3915,934,37,34,
32766,3922,943,41,30,
32766,3910,932,40,26,
32766,3917,935,40,29,
32766,3924,950,29,43,
32766,3909,944,30,34,
32766,3917,943,35,28,
32766,3917,957,39,30,
32766,3910,939,29,36,
32766,3900,934,39,41,
32766,3914,938,29,38,
32766,3917,937,31,34,
32766,3913,932,28,37,
32766,3917,940,42,39,
32766,3910,938,37,32,
32766,3916,937,39,36,
32766,3908,937,33,27,
32766,3924,932,38,22,
32766,3916,937,34,36,
32766,3920,930,37,24,
32766,3917,948,36,31,
32766,3920,940,34,30,
32766,3913,938,41,35,
32766,3918,938,45,20,
32766,3907,945,41,35,
32766,3908,935,32,31,
32766,3908,936,40,27,
32766,3914,942,31,33,
32766,3915,950,23,38,
32766,3903,934,35,38,
32766,3908,937,28,25,
32766,3911,944,34,30,
32766,3921,941,28,37,
32766,3909,941,45,26,
32766,3909,946,33,42,
32766,3910,941,52,22,
32766,3916,931,37,34,
32766,3918,941,43,30,
32766,3919,943,39,26,
32766,3906,941,42,28,
32766,3915,942,34,32,
32766,3912,937,40,29,
32766,3920,939,39,39,
32766,3913,940,31,29,
32766,3917,933,37,35,
32766,3917,950,34,21,
32766,3914,947,27,32,
32766,3909,941,39,27,
32766,3914,930,26,35,
32766,3911,948,37,35,
32766,3905,941,32,31,
32766,3915,938,34,45,
32766,3913,934,36,34,
32766,3902,949,34,30,
32766,3918,939,37,28,
32766,3920,947,34,34,
32766,3919,937,46,32,
32766,3913,931,45,24,
32766,3919,940,32,32,
32766,3914,939,36,31,
32766,3911,937,43,29,
32766,3916,941,37,37,
32766,3924,938,40,35,
32766,3924,941,34,39,
32766,3914,940,39,41,
32766,3919,943,39,31,
32766,3923,937,42,29,
32766,3921,934,39,26,
32766,3903,936,35,22,
32766,3902,943,41,41,
32766,3907,934,33,33,
32766,3905,943,45,23,
32766,3908,941,41,23,
32766,3903,935,37,32,
32766,3909,943,34,34,
32766,3913,943,29,41,
32766,3908,940,43,37,
32766,3916,929,35,27,
32766,3922,930,31,34,
32766,3912,944,42,39,
32766,3911,941,40,29,
32766,3906,935,34,38,
32766,3904,938,36,38,
32766,3914,948,38,33,
32766,3912,936,37,31,
32766,3920,937,43,41,
32766,3910,932,36,27,
32766,3907,956,29,40,
32766,3918,932,31,27,
32766,3907,937,40,33,
32766,3917,939,45,28,
32766,3920,942,34,35,
32766,3910,935,35,38,
32766,3908,944,41,28,
32766,3912,935,32,29,
32766,3918,931,35,33,
32766,3913,934,38,33,
32766,3911,940,37,27,
32766,3912,948,40,41,
32766,3923,936,44,33,
32766,3909,933,43,24,
32766,3903,942,38,37,
32766,3914,932,34,25,
32766,3909,945,39,28,
32766,3914,931,38,38,
32766,3912,933,30,32,
32766,3905,939,48,33,
32766,3910,936,40,35,
32766,3915,941,37,34,
32766,3913,929,41,29,
32766,3911,939,41,35,
32766,3907,932,43,31,
32766,3910,938,35,26,
32766,3908,937,41,35,
32766,3900,938,42,35,
32766,3906,944,37,31,
32766,3913,943,30,34,
32766,3912,946,32,33,
32766,3911,942,38,24,
32766,3900,943,39,30,
32766,3920,944,33,37,
32766,3912,937,25,29,
32766,3909,934,50,33,
32766,3900,940,40,25,
32766,3918,946,34,29,
32766,3913,935,37,38,
32766,3913,929,25,32,
32766,3907,941,42,41,
32766,3911,936,46,29,
32766,3896,935,43,21,
32766,3912,927,41,41,
32766,3902,941,41,22,
32766,3902,939,34,29,
32766,3913,941,39,36,
32766,3909,937,33,27,
32766,3910,939,38,34,
32766,3912,938,30,39,
32766,3907,936,42,38,
32766,3904,936,26,36,
32766,3909,929,33,31,
32766,3916,938,33,37,
32766,3904,935,37,24,
32766,3900,935,43,47,
32766,3906,940,30,30,
32766,3910,935,38,31,
32766,3906,940,36,34,
32766,3909,929,42,33,
32766,3902,941,29,30,
32766,3908,936,39,29,
32766,3913,936,42,32,
32766,3907,944,40,32,
32766,3901,936,37,33,
32766,3903,937,39,32,
32766,3913,935,38,30,
32766,3910,932,32,28,
32766,3916,938,28,35,
32766,3908,933,44,23,
32766,3916,944,42,32,
32766,3907,947,32,30,
32766,3911,929,34,28,
32766,3916,933,32,31,
32766,3918,937,29,25,
32766,3901,935,39,27,
32766,3909,936,42,31,
32766,3905,936,43,32,
32766,3914,937,38,27,
32766,3906,939,29,32,
32766,3906,936,33,27,
32766,3909,937,36,37,
32766,3911,935,40,40,
32766,3901,933,43,24,
32766,3909,934,31,33,
32766,3912,938,25,36,
32766,3921,939,38,29,
32766,3900,926,33,24,
32766,3909,927,39,27,
32766,3898,943,46,22,
32766,3899,939,27,35,
32766,3901,940,39,36,
32766,3903,943,36,31,
32766,3897,937,39,21,
32766,3896,936,32,28,
32766,3910,938,40,30,
32766,3908,933,32,31,
32766,3904,941,39,40,
32766,3898,944,36,23,
32766,3908,935,30,38,
32766,3910,935,37,37,
32766,3895,949,40,32,
32766,3908,942,29,33,
32766,3905,935,39,31,
32766,3901,943,32,33,
32766,3905,935,38,39,
32766,3911,931,34,30,
32766,3909,935,35,39,
32766,3904,934,41,25,
32766,3902,931,36,30,
32766,3906,935,26,35,
32766,3903,934,34,33,
32766,3906,938,34,28,
32766,3901,937,45,28,
32766,3906,937,31,35,
32766,3903,945,35,35,
32766,3905,937,40,36,
32766,3903,937,38,32,
32766,3906,947,41,33,
32766,3910,938,31,32,
32766,3914,941,21,28,
32766,3906,928,39,38,
32766,3903,938,38,35,
32766,3909,936,52,38,
32766,3912,939,33,37,
32766,3893,935,40,26,
32766,3904,945,29,36,
32766,3908,932,36,28,
32766,3900,939,38,27,
32766,3903,931,44,35,
32766,3915,941,49,32,
32766,3903,941,41,32,
32766,3907,935,37,29,
32766,3901,940,37,30,
32766,3904,938,35,41,
32766,3911,932,41,27,
32766,3910,942,35,36,
32766,3911,928,36,33,
32766,3905,941,31,23,
32766,3916,936,39,36,
32766,3918,938,35,28,
32766,3902,932,41,27,
32766,3904,926,35,29,
32766,3907,934,37,30,
32766,3902,941,39,28,
32766,3904,933,39,19,
32766,3905,943,39,25,
32766,3899,930,41,27,
32766,3905,942,42,32,
32766,3901,940,35,25,
32766,3905,942,34,41,
32766,3900,937,39,29,
32766,3907,935,36,30,
32766,3904,939,40,30,
32766,3897,927,41,31,
32766,3901,941,38,25,
32766,3902,934,39,31,
32766,3905,933,37,23,
32766,3908,936,40,32,
32766,3897,941,39,31,
32766,3905,934,40,32,
32766,3904,945,43,29,
32766,3904,937,30,29,
32766,3904,940,32,30,
32766,3902,937,37,34,
32766,3907,935,45,38,
32766,3892,925,51,24,
32766,3893,926,39,35,
32766,3906,938,33,34,
32766,3903,943,34,31,
32766,3903,935,40,30,
32766,3901,931,36,28,
32766,3905,934,40,31,
32766,3908,939,48,27,
32766,3902,941,32,26,
32766,3911,932,36,37,
32766,3909,929,37,38,
32766,3897,942,32,33,
32766,3905,928,35,25,
32766,3913,936,43,29,
32766,3905,934,42,27,
32766,3912,934,47,30,
32766,3912,934,40,33,
32766,3910,931,41,31,
32766,3899,939,36,29,
32766,3898,934,40,27,
32766,3897,933,38,31,
32766,3900,934,44,32,
32766,3903,937,32,42,
32766,3911,931,26,32,
32766,3908,931,31,38,
32766,3898,935,39,34,
32766,3909,932,38,34,
32766,3898,942,39,21,
32766,3903,945,37,35,
32766,3911,944,37,37,
32766,3901,939,38,34,
32766,3896,931,42,28,
32766,3904,942,40,33,
32766,3902,931,42,31,
32766,3901,935,39,33,
32766,3898,936,36,33,
32766,3904,944,38,28,
32766,3901,939,36,31,
32766,3906,933,45,31,
32766,3904,935,32,25,
32766,3901,932,37,31,
32766,3904,929,25,33,
32766,3893,938,34,41,
32766,3901,938,36,31,
32766,3895,936,31,27,
32766,3900,935,35,29,
32766,3905,942,34,28,
32766,3906,937,28,29,
32766,3907,935,46,35,
32766,3905,938,23,30,
32766,3901,944,38,29,
32766,3903,936,37,35,
32766,3895,933,34,35,
32766,3899,934,44,35,
32766,3899,927,37,37,
32766,3902,932,46,41,
32766,3900,931,39,27,
32766,3898,930,24,35,
32766,3909,940,34,29,
32766,3908,929,36,39,
32766,3908,938,42,30,
32766,3903,935,45,37,
32766,3902,937,47,28,
32766,3892,931,45,34,
32766,3913,932,40,34,
32766,3896,941,33,25,
32766,3904,932,39,36,
32766,3911,929,36,29,
32766,3902,935,26,34,
32766,3898,937,43,36,
32766,3906,938,36,31,
32766,3899,934,42,37,
32766,3894,938,35,35,
32766,3900,937,30,24,
32766,3898,932,37,37,
32766,3903,941,40,32,
32766,3897,931,41,23,
32766,3900,933,42,28,
32766,3901,940,34,31,
32766,3901,940,40,32,
32766,3905,939,36,32,
32766,3900,939,48,24,
32766,3904,938,37,32,
32766,3900,938,33,30,
32766,3902,933,42,35,
32766,3897,928,38,30,
32766,3909,935,35,33,
32766,3899,938,41,28,
32766,3905,937,32,32,
32766,3896,937,36,35,
32766,3906,938,25,33,
32766,3907,932,45,39,
32766,3899,941,40,31,
32766,3909,938,36,26,
32766,3908,932,39,24,
32766,3894,940,37,21,
32766,3899,932,45,40,
32766,3899,934,43,33,
32766,3912,930,30,33,
32766,3912,942,40,33,
32766,3911,936,36,37,
32766,3917,933,29,31,
32766,3914,927,45,42,
32766,3909,920,40,34,
32766,3919,939,39,38,
32766,3900,937,36,31,
32766,3901,936,36,29,
32766,3904,934,37,33,
32766,3912,933,36,36,
32766,3902,939,39,41,
32766,3901,931,34,37,
32766,3908,935,25,31,
32766,3902,941,33,37,
32766,3908,931,35,31,
32766,3910,931,35,25,
32766,3903,936,39,31,
32766,3902,938,37,25,
32766,3898,936,28,41,
32766,3905,937,36,35,
32766,3895,937,36,29,
32766,3901,935,27,28,
32766,3903,931,26,37,
32766,3906,941,35,46,
32766,3908,925,37,34,
32766,3901,928,38,23,
32766,3904,940,30,32,
32766,3902,930,38,24,
32766,3907,932,39,25,
32766,3913,930,36,28,
32766,3906,936,34,38,
32766,3912,930,34,30,
32766,3908,935,46,26,
32766,3908,928,34,25,
32766,3899,937,32,36,
32766,3901,946,39,38,
32766,3903,934,40,27,
32766,3905,930,40,31,
32766,3905,944,36,28,
32766,3904,935,32,35,
32766,3903,932,33,33,
32766,3904,930,35,30,
32766,3899,926,33,34,
32766,3898,925,45,37,
32766,3908,928,34,30,
32766,3907,926,38,30,
32766,3908,940,37,34,
32766,3900,928,34,33,
32766,3913,933,37,37,
32766,3913,932,31,33,
32766,3902,939,43,38,
32766,3906,940,35,40,
32766,3907,932,47,32,
32766,3905,939,45,36,
32766,3912,942,36,28,
32766,3899,940,42,23,
32766,3909,923,27,29,
32766,3912,918,37,28,
32766,3910,943,28,27,
32766,3912,934,40,36,
32766,3902,934,42,23,
32766,3906,926,42,32,
32766,3909,935,39,33,
32766,3902,929,34,34,
32766,3903,937,24,29,
32766,3907,935,34,27,
32766,3901,935,38,28,
32766,3902,925,42,34,
32766,3906,933,32,30,
32766,3905,945,32,35,
32766,3900,937,39,37,
32766,3906,932,49,45,
32766,3901,929,38,34,
32766,3908,937,37,45,
32766,3908,930,35,23,
32766,3908,935,36,34,
32766,3905,926,35,20,
32766,3910,942,44,32,
32766,3906,944,25,33,
32766,3897,925,41,30,
32766,3901,932,39,40,
32766,3897,930,44,35,
32766,3906,927,37,36,
32766,3912,939,27,39,
32766,3904,934,33,36,
32766,3903,935,40,31,
32766,3902,934,36,22,
32766,3895,924,45,36,
32766,3899,931,35,35,
32766,3902,928,38,28,
32766,3904,943,35,27,
32766,3900,935,26,38,
32766,3910,934,39,30,
32766,3904,930,38,31,
32766,3905,944,41,32,
32766,3903,936,47,31,
32766,3905,936,41,42,
32766,3905,939,40,30,
32766,3908,926,37,30,
32766,3901,940,35,33,
32766,3906,936,43,24,
32766,3910,929,46,25,
32766,3902,943,35,30,
32766,3912,942,32,32,
32766,3913,940,43,27,
32766,3899,932,41,30,
32766,3909,933,31,33,
32766,3910,925,41,36,
32766,3910,929,40,29,
32766,3912,942,42,31,
32766,3905,940,26,32,
32766,3906,921,36,24,
32766,3897,929,35,34,
32766,3905,932,27,34,
32766,3909,935,37,36,
32766,3900,928,35,36,
32766,3903,942,30,27,
32766,3923,936,39,28,
32766,3914,938,38,36,
32766,3899,936,26,27,
32766,3909,942,41,34,
32766,3904,931,46,28,
32766,3908,932,28,29,
32766,3907,931,41,36,
32766,3898,927,39,32,
32766,3910,940,40,34,
32766,3908,943,42,27,
32766,3912,929,36,28,
32766,3910,944,40,32,
32766,3899,929,25,38,
32766,3904,935,41,26,
32766,3907,933,37,33,
32766,3903,940,34,28,
32766,3913,931,34,24,
32766,3910,937,40,38,
32766,3904,934,35,24,
32766,3908,939,36,26,
32766,3907,935,38,31,
32766,3915,936,41,34,
32766,3900,936,34,32,
32766,3903,941,28,31,
32766,3909,934,38,30,
32766,3916,941,39,28,
32766,3914,929,28,31,
32766,3904,938,47,36,
32766,3902,935,33,30,
32766,3907,936,29,34,
32766,3909,940,46,36,
32766,3905,931,40,28,
32766,3910,937,42,27,
32766,3910,931,40,33,
32766,3922,932,31,38,
32766,3909,936,34,45,
32766,3912,935,36,26,
32766,3911,934,43,35,
32766,3913,942,37,48,
32766,3912,943,46,38,
32766,3902,942,33,34,
32766,3915,934,37,38,
32766,3919,941,35,32,
32766,3915,936,37,39,
32766,3908,933,31,41,
32766,3915,938,40,37,
32766,3909,929,35,28,
32766,3905,925,45,32,
32766,3913,940,37,36,
32766,3916,936,35,42,
32766,3914,933,31,37,
32766,3897,941,29,37,
32766,3913,936,45,33,
32766,3911,927,28,32,
32766,3905,930,39,27,
32766,3907,922,38,32,
32766,3905,934,32,34,
32766,3907,922,41,29,
32766,3911,939,42,37,
32766,3910,939,35,33,
32766,3918,934,39,36,
32766,3908,936,35,31,
32766,3899,934,40,29,
32766,3917,946,35,45,
32766,3906,927,34,30,
32766,3913,946,36,30,
32766,3915,937,36,34,
32766,3916,926,38,40,
32766,3906,946,37,27,
32766,3909,931,38,30,
32766,3916,950,27,30,
32766,3905,935,29,30,
32766,3907,938,41,32,
32766,3918,940,31,43,
32766,3913,923,32,27,
32766,3915,936,38,34,
32766,3914,944,35,27,
32766,3914,940,33,36,
32766,3911,932,41,26,
32766,3910,937,39,26,
32766,3907,933,37,34,
32766,3924,932,43,27,
32766,3908,933,27,35,
32766,3909,942,40,43,
32766,3918,931,38,32,
32766,3916,940,37,29,
32766,3909,931,24,36,
32766,3914,935,37,28,
32766,3914,937,33,29,
32766,3907,934,37,38,
32766,3912,936,36,36,
32766,3910,925,36,29,
32766,3914,941,31,20,
32766,3908,945,40,24,
32766,3907,937,39,36,
32766,3916,935,33,40,
32766,3919,927,38,24,
32766,3915,939,35,34,
32766,3912,934,33,38,
32766,3911,932,41,31,
32766,3908,934,38,36,
32766,3917,932,40,30,
32766,3916,937,45,34,
32766,3922,943,41,29,
32766,3927,931,35,39,
32766,3911,936,43,31,
32766,3926,939,37,20,
32766,3918,931,32,36,
32766,3908,936,29,35,
32766,3911,944,35,34,
32766,3910,934,41,28,
32766,3907,939,33,28,
32766,3911,949,31,29,
32766,3919,930,49,35,
32766,3913,937,35,35,
32766,3918,927,39,34,
32766,3909,935,39,34,
32766,3918,931,38,25,
32766,3917,937,41,25,
32766,3915,937,36,33,
32766,3919,935,45,34,
32766,3918,934,43,30,
32766,3915,934,44,40,
32766,3913,944,30,27,
32766,3923,925,39,23,
32766,3918,942,40,39,
32766,3916,933,43,39,
32766,3908,932,31,25,
32766,3912,929,34,33,
32766,3920,935,27,39,
32766,3917,943,39,34,
32766,3913,931,35,43,
32766,3913,932,39,35,
32766,3921,943,35,32,
32766,3916,938,43,35,
32766,3926,944,42,40,
32766,3916,930,39,35,
32766,3921,929,31,38,
32766,3922,939,39,28,
32766,3916,935,36,31,
32766,3915,932,38,41,
32766,3919,934,32,27,
32766,3924,941,46,29,
32766,3914,929,30,32,
32766,3921,932,42,29,
32766,3914,939,37,31,
32766,3914,934,24,25,
32766,3924,931,42,35,
32766,3923,936,40,27,
32766,3921,941,34,30,
32766,3924,937,37,31,
32766,3927,933,37,33,
32766,3919,939,31,20,
32766,3920,937,45,23,
32766,3922,935,27,32,
32766,3919,929,35,34,
32766,3923,938,33,36,
32766,3916,942,41,30,
32766,3911,935,37,20,
32766,3921,932,25,34,
32766,3920,941,37,34,
32766,3917,933,36,24,
32766,3918,930,39,29,
32766,3923,941,26,35,
32766,3921,941,28,26,
32766,3921,939,25,34,
32766,3919,937,34,28,
32766,3926,933,33,33,
32766,3925,934,40,26,
32766,3926,951,31,30,
32766,3936,917,38,32,
32766,3926,936,42,31,
32766,3933,935,39,35,
32766,3914,940,33,31,
32766,3940,939,33,39,
32766,3928,941,37,27,
32766,3931,936,36,37,
32766,3922,931,37,27,
32766,3920,934,41,37,
32766,3918,933,30,39,
32766,3927,942,19,30,
32766,3922,935,36,32,
32766,3939,948,30,31,
32766,3916,938,36,30,
32766,3918,951,42,39,
32766,3922,935,37,36,
32766,3933,941,37,22,
32766,3929,933,50,30,
32766,3928,939,37,35,
32766,3926,942,40,32,
32766,3923,943,37,41,
32766,3930,933,32,31,
32766,3928,928,42,35,
32766,3924,940,40,34,
32766,3930,935,30,31,
32766,3928,937,35,37,
32766,3926,933,33,32,
32766,3924,939,34,39,
32766,3920,927,33,33,
32766,3921,943,35,46,
32766,3922,936,36,31,
32766,3924,945,34,26,
32766,3931,932,43,39,
32766,3922,937,35,33,
32766,3927,947,39,28,
32766,3920,929,39,27,
32766,3919,943,33,36,
32766,3929,940,42,32,
32766,3930,944,42,27,
32766,3929,942,43,29,
32766,3929,945,42,38,
32766,3931,934,29,24,
32766,3929,940,32,31,
32766,3932,938,41,33,
32766,3928,937,48,40,
32766,3939,937,36,39,
32766,3938,942,38,29,
32766,3930,943,33,34,
32766,3927,944,28,35,
32766,3938,932,38,28,
32766,3912,941,32,41,
32766,3926,933,36,26,
32766,3930,943,35,30,
32766,3926,935,47,24,
32766,3924,932,29,24,
32766,3927,929,41,34,
32766,3927,932,35,33,
32766,3923,939,37,33,
32766,3930,947,29,36,
32766,3926,940,39,26,
32766,3934,940,34,28,
32766,3928,942,37,39,
32766,3933,931,47,37,
32766,3920,942,32,28,
32766,3931,936,37,25,
32766,3920,943,34,29,
32766,3927,939,37,37,
32766,3938,946,39,23,
32766,3930,945,35,32,
32766,3930,950,37,32,
32766,3933,947,40,31,
32766,3936,947,31,21,
32766,3929,920,46,40,
32766,3920,928,36,40,
32766,3934,941,45,25,
32766,3934,938,36,29,
32766,3941,934,36,38,
32766,3929,943,37,26,
32766,3930,937,44,36,
32766,3926,937,35,34,
32766,3931,939,35,34,
32766,3934,932,33,28,
32766,3931,938,46,36,
32766,3937,938,38,34,
32766,3939,943,40,28,
32766,3928,940,36,37,
32766,3944,945,34,27,
32766,3938,944,39,30,
32766,3937,945,33,33,
32766,3929,947,45,38,
32766,3916,935,31,40,
32766,3930,938,35,25,
32766,3940,936,36,35,
32766,3937,938,35,35,
32766,3937,934,36,23,
32766,3939,950,35,27,
32766,3936,940,38,27,
32766,3933,945,32,30,
32766,3935,956,36,39,
32766,3935,946,36,28,
32766,3938,937,36,25,
32766,3935,942,28,32,
32766,3936,941,36,32,
32766,3929,945,37,33,
32766,3936,933,39,21,
32766,3936,934,36,28,
32766,3941,944,30,33,
32766,3932,943,40,27,
32766,3934,945,37,39,
32766,3942,935,49,31,
32766,3928,935,27,27,
32766,3933,939,50,29,
32766,3945,940,39,31,
32766,3940,939,37,30,
32766,3943,935,42,36,
32766,3941,938,33,34,
32766,3940,938,41,30,
32766,3935,931,44,36,
32766,3941,944,52,27,
32766,3933,937,38,24,
32766,3932,942,32,36,
32766,3936,952,34,36,
32766,3941,948,26,30,
32766,3943,940,27,32,
32766,3937,941,40,34,
32766,3941,939,41,37,
32766,3943,934,39,28,
32766,3936,945,41,39,
32766,3941,935,46,36,
32766,3940,948,39,27,
32766,3930,949,47,23,
32766,3936,938,41,31,
32766,3930,938,31,31,
32766,3930,945,42,30,
32766,3943,947,31,36,
32766,3936,936,39,35,
32766,3938,944,45,30,
32766,3937,948,40,26,
32766,3935,947,31,29,
32766,3949,945,42,34,
32766,3952,937,35,30,
32766,3936,945,34,36,
32766,3933,942,34,33,
32766,3941,947,38,33,
32766,3944,945,46,31,
32766,3945,944,36,33,
32766,3933,933,42,29,
32766,3940,933,48,34,
32766,3931,942,40,32,
32766,3950,942,42,29,
32766,3947,950,36,27,
32766,3943,946,36,28,
32766,3944,940,36,25,
32766,3942,946,39,28,
32766,3940,947,39,28,
32766,3941,946,41,36,
32766,3946,930,37,42,
32766,3944,947,46,24,
32766,3936,948,36,37,
32766,3944,951,31,33,
32766,3946,949,32,27,
32766,3949,945,50,29,
32766,3945,947,42,31,
32766,3940,935,40,39,
32766,3954,938,40,32,
32766,3943,933,37,33,
32766,3951,941,37,36,
32766,3950,938,34,37,
32766,3947,944,37,33,
32766,3944,940,44,37,
32766,3949,954,40,30,
32766,3950,945,37,41,
32766,3940,941,37,32,
32766,3945,943,40,36,
32766,3942,937,37,32,
32766,3934,937,33,34,
32766,3951,944,24,31,
32766,3952,948,41,40,
32766,3951,936,31,31,
32766,3949,942,44,37,
32766,3941,950,42,35,
32766,3948,948,37,29,
32766,3941,946,38,27,
32766,3953,951,28,31,
32766,3949,938,39,34,
32766,3952,941,37,37,
32766,3949,940,40,27,
32766,3943,949,39,34,
32766,3940,930,36,43,
32766,3950,940,41,25,
32766,3946,941,41,31,
32766,3944,949,31,29,
32766,3943,935,40,31,
32766,3939,944,31,34,
32766,3951,950,35,31,
32766,3958,937,42,35,
32766,3946,938,39,31,
32766,3947,952,34,39,
32766,3947,932,53,32,
32766,3945,943,41,37,
32766,3954,940,39,37,
32766,3953,947,36,21,
32766,3953,954,33,39,
32766,3956,938,44,27,
32766,3943,949,39,22,
32766,3953,949,40,31,
32766,3942,947,45,34,
32766,3945,950,39,25,
32766,3949,938,40,28,
32766,3953,932,39,38,
32766,3954,947,40,34,
32766,3944,936,40,28,
32766,3951,950,37,39,
32766,3958,934,32,32,
32766,3957,943,32,30,
32766,3935,944,36,37,
32766,3941,936,38,34,
32766,3944,947,44,36,
32766,3951,942,37,29,
32766,3947,940,40,31,
32766,3959,949,46,22,
32766,3957,939,31,38,
32766,3956,944,36,31,
32766,3939,944,33,32,
32766,3952,942,29,34,
32766,3958,925,39,21,
32766,3950,942,34,22,
32766,3951,940,38,29,
32766,3949,940,43,30,
32766,3953,946,40,34,
32766,3955,947,38,29,
32766,3953,943,23,30,
32766,3952,943,43,38,
32766,3958,942,34,29,
32766,3955,938,38,37,
32766,3965,950,34,43,
32766,3956,940,49,35,
32766,3946,942,42,32,
32766,3961,944,36,38,
32766,3958,945,33,42,
32766,3947,944,39,30,
32766,3942,942,34,30,
32766,3944,944,32,26,
32766,3956,938,40,30,
32766,3950,937,35,25,
32766,3955,948,35,29,
32766,3960,942,38,28,
32766,3951,949,35,33,
32766,3945,944,37,24,
32766,3949,946,28,35,
32766,3953,941,38,39,
32766,3959,945,45,37,
32766,3958,943,41,31,
32766,3946,943,39,40,
32766,3948,945,40,32,
32766,3955,953,30,40,
32766,3955,940,48,31,
32766,3958,946,31,25,
32766,3959,947,37,30,
32766,3950,944,45,29,
32766,3951,945,41,38,
32766,3953,953,47,30,
32766,3955,947,40,41,
32766,3951,950,40,34,
32766,3958,951,33,31,
32766,3955,941,42,25,
32766,3962,943,45,43,
32766,3964,948,48,28,
32766,3955,941,36,31,
32766,3958,943,46,36,
32766,3961,950,37,25,
32766,3955,946,33,25,
32766,3965,940,35,32,
32766,3958,939,47,28,
32766,3952,940,36,27,
32766,3961,950,37,33,
32766,3958,938,39,41,
32766,3949,942,32,29,
32766,3968,943,46,24,
32766,3961,944,34,29,
32766,3955,959,45,32,
32766,3957,958,29,33,
32766,3962,948,34,37,
32766,3952,949,34,27,
32766,3960,941,39,27,
32766,3963,944,33,33,
32766,3959,938,36,31,
32766,3955,945,36,35,
32766,3958,950,38,43,
32766,3962,952,33,35,
32766,3962,952,39,29,
32766,3952,943,39,29,
32766,3957,945,38,17,
32766,3960,947,33,53,
32766,3969,943,43,34,
32766,3962,946,35,37,
32766,3957,940,38,30,
32766,3958,941,38,30,
32766,3968,950,39,42,
32766,3961,940,30,38,
32766,3969,947,39,38,
32766,3968,937,37,40,
32766,3961,943,33,41,
32766,3960,951,48,35,
32766,3963,942,32,25,
32766,3952,946,34,33,
32766,3969,950,42,34,
32766,3965,947,43,32,
32766,3961,952,44,27,
32766,3960,943,35,28,
32766,3961,942,32,36,
32766,3956,944,42,33,
32766,3958,944,40,32,
32766,3975,943,33,24,
32766,3963,950,41,40,
32766,3961,934,47,36,
32766,3953,942,42,30,
32766,3967,946,37,37,
32766,3966,938,38,41,
32766,3965,947,47,29,
32766,3972,945,31,45,
32766,3955,940,37,31,
32766,3961,950,39,24,
32766,3965,947,45,41,
32766,3967,944,39,36,
32766,3966,942,38,35,
32766,3961,944,45,31,
32766,3962,949,36,32,
32766,3978,952,37,41,
32766,3975,958,44,36,
32766,3969,955,39,26,
32766,3962,941,33,33,
32766,3961,951,35,29,
32766,3971,941,42,38,
32766,3955,943,52,32,
32766,3967,938,41,29,
32766,3965,949,39,27,
32766,3971,951,34,32,
32766,3968,946,34,35,
32766,3966,949,45,32,
32766,3957,950,34,32,
32766,3958,951,40,45,
32766,3960,933,34,33,
32766,3954,951,37,33,
32766,3969,946,38,23,
32766,3973,955,30,29,
32766,3970,955,43,31,
32766,3972,949,44,33,
32766,3963,955,37,41,
32766,3963,948,43,30,
32766,3970,951,32,27,
32766,3955,940,31,34,
32766,3966,948,30,31,
32766,3960,947,30,32,
32766,3976,941,46,27,
32766,3967,940,28,31,
32766,3960,942,24,29,
32766,3964,948,38,28,
32766,3968,945,39,42,
32766,3965,944,28,31,
32766,3973,940,37,32,
32766,3972,946,37,33,
32766,3978,947,39,26,
32766,3976,948,32,35,
32766,3965,952,47,34,
32766,3974,944,36,32,
32766,3972,950,42,35,
32766,3969,941,39,29,
32766,3969,948,41,29,
32766,3968,952,44,23,
32766,3956,946,42,33,
32766,3970,956,39,32,
32766,3964,959,39,27,
32766,3972,952,39,32,
32766,3973,954,34,35,
32766,3970,946,44,28,
32766,3977,952,43,25,
32766,3969,940,43,33,
32766,3968,950,35,34,
32766,3971,952,38,34,
32766,3962,953,40,38,
32766,3964,949,35,33,
32766,3966,945,44,34,
32766,3965,955,37,38,
32766,3975,951,36,37,
32766,3972,948,45,31,
32766,3968,949,33,35,
32766,3975,943,32,30,
32766,3969,952,41,32,
32766,3963,951,44,37,
32766,3970,950,40,41,
32766,3977,942,38,41,
32766,3967,954,34,38,
32766,3968,947,39,33,
32766,3977,958,36,33,
32766,3968,950,25,30,
32766,3969,951,41,38,
32766,3967,945,30,31,
32766,3974,951,43,36,
32766,3974,952,35,34,
32766,3967,953,38,33,
32766,3965,949,37,39,
32766,3966,948,34,43,
32766,3966,945,40,31,
32766,3971,959,42,26,
32766,3973,944,34,29,
32766,3974,949,27,43,
32766,3975,945,36,23,
32766,3972,945,34,31,
32766,3972,945,34,32,
32766,3972,944,39,36,
32766,3970,947,47,29,
32766,3975,950,32,33,
32766,3965,959,39,39,
32766,3964,957,48,33,
32766,3974,943,29,33,
32766,3964,943,36,33,
32766,3960,952,42,30,
32766,3967,946,29,30,
32766,3966,954,40,29,
32766,3962,944,39,34,
32766,3972,953,48,12,
32766,3973,943,25,28,
32766,3964,948,39,33,
32766,3975,942,38,28,
32766,3968,952,37,31,
32766,3957,944,38,26,
32766,3968,953,38,42,
32766,3972,944,40,42,
32766,3980,952,27,38,
32766,3965,958,35,37,
32766,3976,937,38,34,
32766,3975,956,36,37,
32766,3978,942,38,36,
32766,3968,948,39,38,
32766,3970,948,42,35,
32766,3975,959,36,40,
32766,3970,949,38,32,
32766,3976,945,31,32,
32766,3977,953,40,19,
32766,3968,955,43,35,
32766,3973,951,39,26,
32766,3967,944,39,30,
32766,3974,954,36,25,
32766,3981,950,33,36,
32766,3969,939,29,36,
32766,3968,945,38,21,
32766,3981,938,43,23,
32766,3980,948,41,31,
32766,3976,950,37,33,
32766,3975,944,43,32,
32766,3972,947,35,26,
32766,3971,945,42,25,
32766,3977,946,31,34,
32766,3972,954,44,22,
32766,3980,957,33,30,
32766,3975,949,37,31,
32766,3969,954,39,38,
32766,3977,957,30,41,
32766,3976,949,39,30,
32766,3967,958,29,25,
32766,3977,949,45,38,
32766,3971,942,39,32,
32766,3966,955,45,22,
32766,3972,943,41,20,
32766,3978,945,51,27,
32766,3976,954,41,34,
32766,3973,951,38,30,
32766,3976,949,20,35,
32766,3979,946,38,41,
32766,3971,951,35,37,
32766,3985,951,29,39,
32766,3978,947,39,36,
32766,3978,949,38,26,
32766,3974,942,42,29,
32766,3981,952,39,26,
32766,3978,946,30,38,
32766,3983,948,38,36,
32766,3978,958,42,33,
32766,3978,948,47,34,
32766,3973,951,34,31,
32766,3976,939,37,27,
32766,3969,947,36,37,
32766,3981,950,39,38,
32766,3972,938,43,37,
32766,3980,946,36,29,
32766,3981,952,41,32,
32766,3978,951,37,31,
32766,3977,945,32,39,
32766,3979,950,34,25,
32766,3978,952,36,34,
32766,3984,953,39,36,
32766,3981,950,39,27,
32766,3980,948,37,27,
32766,3982,949,41,38,
32766,3971,961,34,38,
32766,3973,954,50,25,
32766,3982,941,44,35,
32766,3969,954,37,37,
32766,3989,946,37,36,
32766,3980,950,40,40,
32766,3971,951,38,41,
32766,3986,952,25,26,
32766,3970,954,40,32,
32766,3976,956,34,37,
32766,3977,947,37,29,
32766,3978,956,43,28,
32766,3980,953,41,41,
32766,3979,947,37,38,
32766,3971,951,40,38,
32766,3973,940,32,34,
32766,3973,947,23,34,
32766,3976,948,39,37,
32766,3975,950,37,30,
32766,3974,948,35,34,
32766,3987,952,48,27,
32766,3980,948,40,29,
32766,3983,947,45,29,
32766,3978,957,29,36,
32766,3980,948,35,33,
32766,3979,946,41,35,
32766,3976,940,33,27,
32766,3968,940,32,32,
32766,3981,946,38,32,
32766,3969,949,30,40,
32766,3987,955,40,32,
32766,3983,952,45,42,
32766,3976,952,40,29,
32766,3976,950,40,31,
32766,3980,948,37,29,
32766,3976,950,31,37,
32766,3983,950,21,42,
32766,3982,946,33,33,
32766,3983,952,42,34,
32766,3973,956,31,45,
32766,3977,950,38,27,
32766,3971,950,54,32,
32766,3984,947,40,29,
32766,3974,958,40,31,
32766,3973,961,43,33,
32766,3977,949,39,33,
32766,3980,961,39,32,
32766,3984,945,39,42,
32766,3979,953,26,32,
32766,3985,960,34,29,
32766,3990,949,37,26,
32766,3982,945,40,39,
32766,3983,947,43,38,
32766,3989,956,33,34,
32766,3988,945,39,30,
32766,3988,953,37,33,
32766,3987,960,38,28,
32766,3978,948,41,24,
32766,3985,942,33,31,
32766,3988,948,40,45,
32766,3985,950,32,28,
32766,3985,956,35,31,
32766,3992,959,39,30,
32766,3984,950,42,29,
32766,3967,953,40,38,
32766,3969,952,39,28,
32766,3986,949,32,30,
32766,3982,954,35,38,
32766,3984,946,36,30,
32766,3980,955,37,28,
32766,3978,957,36,34,
32766,3970,945,42,31,
32766,3977,944,38,30,
32766,3982,949,39,31,
32766,3983,961,32,28,
32766,3986,944,35,28,
32766,3986,948,41,30,
32766,3978,948,35,26,
32766,3983,951,44,33,
32766,3987,945,35,31,
32766,3987,957,46,31,
32766,3985,953,40,35,
32766,3989,951,39,41,
32766,3987,951,45,35,
32766,3975,950,44,36,
32766,3972,956,34,26,
32766,3980,947,33,28,
32766,3988,956,35,28,
32766,3979,947,32,30,
32766,3982,945,31,35,
32766,3987,949,25,37,
32766,3975,949,44,29,
32766,3979,959,44,30,
32766,3971,955,43,25,
32766,3981,955,36,32,
32766,3970,944,50,36,
32766,3979,955,35,42,
32766,3980,951,42,28,
32766,3985,949,32,31,
32766,3979,954,45,34,
32766,3980,948,39,23,
32766,3979,945,33,39,
32766,3975,950,41,29,
32766,3981,957,31,45,
32766,3991,953,43,33,
32766,3984,952,42,28,
32766,3981,960,41,30,
32766,3985,949,30,35,
32766,3983,945,50,31,
32766,3993,956,40,32,
32766,3978,954,36,26,
32766,3972,951,38,28,
32766,3983,951,35,32,
32766,3980,948,32,40,
32766,3982,956,32,40,
32766,3982,952,40,32,
32766,3984,956,34,38,
32766,3982,943,38,26,
32766,3990,949,31,23,
32766,3977,951,48,35,
32766,3983,948,37,29,
32766,3990,958,32,32,
32766,3995,944,37,39,
32766,3972,950,34,34,
32766,3976,950,39,28,
32766,3984,955,45,35,
32766,3984,944,34,32,
32766,3982,959,40,30,
32766,3986,955,32,32,
32766,3977,945,30,34,
32766,3978,949,37,37,
32766,3975,947,37,30,
32766,3971,948,30,45,
32766,3984,949,37,28,
32766,3984,945,40,32,
32766,3980,950,45,27,
32766,3974,952,51,39,
32766,3980,947,31,30,
32766,3987,953,33,26,
32766,3978,954,42,45,
32766,3986,949,44,30,
32766,3980,960,39,35,
32766,3981,942,43,37,
32766,3986,958,36,21,
32766,3985,945,44,37,
32766,3985,952,40,30,
32766,3993,951,37,37,
32766,3982,938,44,27,
32766,3979,955,38,40,
32766,3981,948,28,34,
32766,3989,947,36,32,
32766,3992,955,46,32,
32766,3989,947,43,30,
32766,3984,948,37,41,
32766,3991,948,37,38,
32766,3982,954,37,32,
32766,3989,947,40,25,
32766,3989,949,34,25,
32766,3973,952,34,27,
32766,3980,949,46,33,
32766,3970,951,35,31,
32766,3973,946,34,32,
32766,3980,942,31,32,
32766,3988,948,34,26,
32766,3972,945,36,33,
32766,3985,946,41,28,
32766,3986,942,42,27,
32766,3981,954,34,25,
32766,3982,951,26,33,
32766,3987,949,42,30,
32766,3977,952,42,36,
32766,3977,949,39,33,
32766,3989,948,31,36,
32766,3979,954,31,31,
32766,3981,957,37,42,
32766,3987,952,36,29,
32766,3976,949,35,36,
32766,3982,956,35,29,
32766,3979,944,33,24,
32766,3994,955,48,37,
32766,3997,946,38,22,
32766,3978,944,36,36,
32766,3982,949,41,33,
32766,3973,946,39,29,
32766,3984,948,34,34,
32766,3986,942,42,40,
32766,3993,947,40,43,
32766,3983,940,44,32,
32766,3988,958,34,35,
32766,3972,949,33,30,
32766,3990,952,36,35,
32766,3988,946,33,29,
32766,3988,959,44,25,
32766,3989,956,43,39,
32766,3987,952,31,38,
32766,3986,955,32,24,
32766,3980,944,37,33,
32766,3984,942,40,28,
32766,3987,957,34,29,
32766,3991,954,38,39,
32766,3978,945,34,34,
32766,3975,939,46,27,
32766,3983,948,47,32,
32766,3979,952,39,29,
32766,3994,956,40,30,
32766,3980,949,34,41,
32766,3979,963,39,40,
32766,3986,946,31,33,
32766,3975,946,38,32,
32766,3984,950,44,28,
32766,3987,956,40,34,
32766,3993,953,45,33,
32766,3979,957,32,39,
32766,3981,957,30,40,
32766,3984,949,44,30,
32766,3991,947,41,35,
32766,3988,957,48,31,
32766,3979,949,39,31,
32766,3993,955,41,26,
32766,3986,956,46,34,
32766,3991,960,41,35,
32766,3993,942,30,30,
32766,3991,949,46,37,
32766,3992,951,43,30,
32766,3979,948,43,24,
32766,3985,949,44,29,
32766,3993,958,38,30,
32766,3979,951,28,34,
32766,3992,953,38,34,
32766,3989,944,31,24,
32766,3986,953,32,31,
32766,3986,950,37,33,
32766,3979,957,38,32,
32766,3983,954,37,37,
32766,3991,946,35,41,
32766,3976,952,37,34,
32766,3995,964,34,27,
32766,3989,947,33,33,
32766,3975,951,25,33,
32766,3993,960,27,25,
32766,3990,944,39,34,
32766,3992,964,36,26,
32766,3986,951,38,35,
32766,3993,949,28,39,
32766,3986,953,33,41,
32766,3982,956,43,43,
32766,3983,949,45,29,
32766,3978,946,48,30,
32766,3997,947,35,31,
32766,3989,949,32,28,
32766,3986,959,42,28,
32766,3992,956,40,31,
32766,3984,944,41,36,
32766,3985,951,39,38,
32766,3990,954,28,39,
32766,3981,945,35,40,
32766,3982,946,34,26,
32766,3989,954,44,33,
32766,3977,950,44,33,
32766,3982,954,29,35,
32766,3983,953,34,42,
32766,3986,953,31,24,
32766,3996,949,32,32,
32766,3993,950,31,38,
32766,3984,957,36,38,
32766,3980,953,39,34,
32766,3984,952,40,24,
32766,3995,948,36,31,
32766,3991,951,40,18,
32766,3991,949,40,23,
32766,3984,955,39,39,
32766,3987,948,45,33,
32766,3985,955,40,29,
32766,3978,958,41,45,
32766,3985,945,43,39,
32766,3984,953,40,45,
32766,3983,948,35,38,
32766,3992,953,32,39,
32766,3990,950,42,30,
32766,3984,947,32,35,
32766,3987,948,46,31,
32766,3986,944,35,33,
32766,3992,952,34,32,
32766,3983,949,38,26,
32766,3983,948,30,30,
32766,3984,945,39,34,
32766,3981,955,28,28,
32766,3993,948,28,35,
32766,3988,945,43,30,
32766,3985,948,38,33,
32766,3992,947,35,23,
32766,3986,948,37,22,
32766,3975,949,44,31,
32766,3983,955,35,38,
32766,3987,950,31,34,
32766,3981,952,45,23,
32766,3985,954,42,25,
32766,3988,955,34,33,
32766,3991,955,33,25,
32766,3986,945,40,26,
32766,3980,947,23,34,
32766,3991,949,49,41,
32766,3983,949,34,34,
32766,3976,946,35,42,
32766,3990,946,39,28,
32766,3986,951,39,31,
32766,3983,953,41,34,
32766,3985,953,35,39,
32766,3982,939,36,41,
32766,3995,951,33,37,
32766,3983,950,32,34,
32766,3990,950,41,34,
32766,3978,948,35,38,
32766,3988,952,37,38,
32766,3990,952,39,35,
32766,3988,951,47,31,
32766,3981,942,42,34,
32766,3992,948,39,32,
32766,3987,956,46,35,
32766,3995,944,35,31,
32766,3983,950,30,35,
32766,3991,955,37,30,
32766,3989,941,55,33,
32766,3986,948,40,38,
32766,3992,948,37,36,
32766,3981,951,36,31,
32766,3990,949,37,42,
32766,4000,948,43,33,
32766,3983,949,33,37,
32766,3986,946,42,37,
32766,3986,945,55,32,
32766,3993,955,28,27,
32766,3982,957,43,30,
32766,3989,957,27,34,
32766,3994,951,39,41,
32766,3998,952,33,37,
32766,3983,956,38,35,
32766,3996,956,28,31,
32766,3983,955,38,32,
32766,4002,956,32,35,
32766,3998,960,47,31,
32766,3993,939,38,33,
32766,3983,954,31,27,
32766,3994,956,23,34,
32766,3997,941,31,26,
32766,3997,947,34,30,
32766,3990,956,39,27,
32766,4001,950,45,32,
32766,3993,950,34,33,
32766,3996,950,44,40,
32766,3987,949,46,22,
32766,3987,955,32,31,
32766,4001,952,28,27,
32766,3985,959,40,33,
32766,3994,962,33,41,
32766,3995,958,34,31,
32766,3991,946,35,32,
32766,3994,951,39,46,
32766,3995,957,28,39,
32766,3999,944,36,32,
32766,3982,953,45,35,
32766,3982,955,41,38,
32766,3983,961,35,32,
32766,3987,944,49,38,
32766,3996,954,38,33,
32766,3995,958,40,29,
32766,3994,953,38,25,
32766,3996,952,37,32,
32766,3995,951,42,38,
32766,3991,954,39,32,
32766,3990,955,40,34,
32766,3988,952,35,43,
32766,3993,943,29,28,
32766,3988,942,25,39,
32766,3989,953,38,36,
32766,3989,955,38,31,
32766,3995,953,40,37,
32766,3993,942,28,33,
32766,3986,959,35,28,
32766,3992,953,33,38,
32766,3992,957,44,29,
32766,3996,955,37,25,
32766,3986,950,44,34,
32766,3983,947,23,28,
32766,3992,941,31,26,
32766,3989,947,35,44,
32766,3992,952,32,29,
32766,3994,946,41,26,
32766,3991,954,42,36,
32766,3999,942,38,38,
32766,3999,949,34,38,
32766,3995,947,39,33,
32766,3997,951,38,30,
32766,3995,955,33,28,
32766,3993,948,42,35,
32766,3992,950,35,30,
32766,3999,957,37,34,
32766,3990,948,29,35,
32766,3998,955,33,26,
32766,3997,949,38,27,
32766,3991,956,36,35,
32766,4003,961,32,41,
32766,3997,964,32,29,
32766,4000,945,37,31,
32766,4004,945,36,31,
32766,4004,965,35,24,
32766,4003,960,41,31,
32766,3988,956,36,30,
32766,3995,961,40,22,
32766,4000,953,33,22,
32766,3999,950,38,34,
32766,4004,950,35,29,
32766,3988,958,44,33,
32766,3996,947,41,37,
32766,4000,954,38,33,
32766,4002,952,37,38,
32766,4009,956,35,29,
32766,4007,954,36,34,
32766,3995,960,50,34,
32766,3992,953,34,33,
32766,3995,963,35,35,
32766,3995,952,45,24,
32766,3988,952,41,25,
32766,3991,947,41,32,
32766,3992,949,39,36,
32766,3999,945,39,27,
32766,3997,957,44,39,
32766,3998,956,36,24,
32766,4002,945,34,38,
32766,3995,948,30,32,
32766,3995,958,40,42,
32766,3997,957,34,33,
32766,3995,949,26,25,
32766,3994,947,42,35,
32766,4001,961,39,32,
32766,3995,954,34,31,
32766,3988,960,35,31,
32766,3989,940,44,29,
32766,3997,948,31,37,
32766,3997,949,33,27,
32766,3998,957,37,32,
32766,4000,950,46,36,
32766,4003,954,40,33,
32766,3997,951,37,37,
32766,3990,945,35,28,
32766,3994,953,34,24,
32766,4004,951,35,32,
32766,3996,954,46,37,
32766,3998,960,35,31,
32766,4009,954,42,37,
32766,4004,953,36,35,
32766,4002,955,40,26,
32766,4006,940,39,25,
32766,3996,952,36,34,
32766,3996,957,39,34,
32766,3991,941,33,34,
32766,3997,958,42,37,
32766,3994,953,32,28,
32766,3992,959,44,30,
32766,3996,949,29,32,
32766,4003,946,45,25,
32766,3992,954,43,46,
32766,4001,939,40,30,
32766,3994,954,32,30,
32766,3997,956,30,31,
32766,4000,956,28,38,
32766,3989,951,43,34,
32766,3992,951,38,34,
32766,4002,952,38,33,
32766,4005,957,30,31,
32766,3999,949,34,34,
32766,3996,956,42,40,
32766,3997,966,32,43,
32766,3995,954,44,31,
32766,3997,951,32,28,
32766,3994,956,41,36,
32766,4000,944,49,33,
32766,3999,953,37,30,
32766,4000,946,36,26,
32766,4001,945,43,29,
32766,4000,953,37,36,
32766,4000,961,44,28,
32766,4000,944,38,31,
32766,3998,949,30,32,
32766,4001,961,40,29,
32766,4000,949,34,37,
32766,3996,962,43,28,
32766,4006,956,33,37,
32766,4005,960,41,33,
32766,3993,949,37,33,
32766,3998,949,43,39,
32766,3995,950,41,35,
32766,4002,949,47,30,
32766,4005,957,40,37,
32766,4004,949,32,46,
32766,4000,960,40,36,
32766,4014,950,39,32,
32766,4006,950,37,38,
32766,3990,948,29,39,
32766,3999,956,42,25,
32766,3999,949,35,33,
32766,3999,947,30,38,
32766,3998,945,36,32,
32766,4003,951,34,33,
32766,3992,945,34,36,
32766,4006,949,42,35,
32766,3997,952,42,25,
32766,3992,950,37,27,
32766,4003,947,31,27,
32766,4008,954,33,33,
32766,3997,948,28,35,
32766,4006,950,40,36,
32766,4006,952,38,28,
32766,3997,950,44,38,
32766,4006,955,41,36,
32766,4007,948,40,32,
32766,4004,948,38,39,
32766,4005,956,39,26,
32766,3990,952,24,35,
32766,4010,951,48,39,
32766,3999,971,32,30,
32766,3999,950,42,36,
32766,3996,958,46,34,
32766,4003,960,33,25,
32766,4005,955,35,25,
32766,4002,952,36,32,
32766,3989,944,49,29,
32766,3995,955,40,26,
32766,3997,951,35,29,
32766,4005,953,33,39,
32766,3999,959,43,27,
32766,3998,946,48,38,
32766,3999,955,43,28,
32766,3998,960,45,41,
32766,4005,951,35,30,
32766,3994,949,28,37,
32766,4001,950,31,34,
32766,4004,955,40,36,
32766,3996,956,39,28,
32766,3999,957,33,24,
32766,4000,954,40,33,
32766,4000,947,41,32,
32766,4011,957,33,47,
32766,4002,964,46,33,
32766,4008,958,35,34,
32766,4003,956,33,22,
32766,4007,960,40,27,
32766,4004,943,47,30,
32766,4010,956,47,36,
32766,4001,962,43,33,
32766,4005,949,38,31,
32766,4006,954,41,36,
32766,4005,952,38,28,
32766,4006,946,40,33,
32766,4003,955,35,30,
32766,3992,947,36,28,
32766,4002,959,46,24,
32766,3999,950,25,32,
32766,3998,951,31,33,
32766,3997,952,38,39,
32766,3999,944,39,27,
32766,4002,958,41,35,
32766,4006,958,38,23,
32766,3994,957,36,36,
32766,4006,954,42,30,
32766,3996,957,37,44,
32766,3998,954,45,28,
32766,4010,964,39,40,
32766,3999,951,37,39,
32766,4002,959,39,38,
32766,4003,950,36,32,
32766,4005,954,40,28,
32766,3997,954,40,33,
32766,4008,957,38,27,
32766,4001,955,40,33,
32766,3995,943,40,30,
32766,4001,957,36,30,
32766,4003,960,41,38,
32766,4005,956,37,25,
32766,3998,946,38,42,
32766,4004,954,38,34,
32766,4000,946,46,25,
32766,4000,954,39,31,
32766,4003,959,38,34,
32766,4000,956,29,39,
32766,3999,958,37,32,
32766,4010,955,35,37,
32766,3997,961,42,29,
32766,3991,952,34,39,
32766,4009,955,41,32,
32766,4002,952,35,43,
32766,3997,958,39,29,
32766,3998,954,42,31,
32766,4009,954,43,27,
32766,4003,955,33,29,
32766,4005,949,43,27,
32766,4001,955,40,29,
32766,3999,948,45,32,
32766,3995,951,27,37,
32766,4001,964,38,30,
32766,4002,946,32,31,
32766,3993,951,38,39,
32766,4001,957,33,23,
32766,4004,946,38,28,
32766,4002,955,35,32,
32766,4002,952,44,29,
32766,4006,960,37,25,
32766,4005,955,31,38,
32766,4012,953,48,30,
32766,4007,954,43,24,
32766,3998,943,34,36,
32766,3994,959,39,26,
32766,4003,956,40,33,
32766,4000,955,36,40,
32766,4009,951,36,30,
32766,4004,964,45,31,
32766,4005,952,41,31,
32766,4009,969,44,37,
32766,4005,945,44,41,
32766,4002,954,38,38,
32766,4004,949,31,30,
32766,4003,947,44,38,
32766,4000,956,31,33,
32766,4003,956,35,38,
32766,4006,957,39,32,
32766,4012,958,38,32,
32766,4006,947,38,32,
32766,4005,950,43,32,
32766,4007,947,37,31,
32766,4004,950,44,31,
32766,4000,949,18,34,
32766,3999,973,39,31,
32766,3999,959,29,27,
32766,4002,953,44,25,
32766,3998,960,40,31,
32766,4002,960,44,32,
32766,4003,958,40,34,
32766,4001,955,41,25,
32766,3996,958,30,35,
32766,4004,954,33,35,
32766,4007,960,35,38,
32766,4001,949,40,25,
32766,4004,949,45,31,
32766,4003,957,35,35,
32766,4011,964,29,37,
32766,4001,948,42,41,
32766,4007,947,40,32,
32766,3998,946,34,34,
32766,4004,952,40,40,
32766,4008,955,34,29,
32766,4001,952,43,35,
32766,4002,950,29,30,
32766,4006,962,45,30,
32766,3999,958,39,41,
32766,4000,964,43,39,
32766,3996,955,36,33,
32766,4002,960,32,38,
32766,4003,954,36,37,
32766,4006,946,36,41,
32766,4009,944,41,35,
32766,4008,965,33,37,
32766,4005,946,28,31,
32766,4000,964,31,36,
32766,4003,967,41,23,
32766,4006,956,33,33,
32766,4000,958,44,28,
32766,3999,946,42,37,
32766,4004,951,42,40,
32766,3997,950,33,33,
32766,4000,955,35,31,
32766,4001,948,44,34,
32766,4000,956,38,31,
32766,4009,949,38,30,
32766,4007,959,29,27,
32766,4011,957,31,36,
32766,4009,951,47,31,
32766,3994,962,38,30,
32766,4005,946,36,33,
32766,4003,952,35,37,
32766,4002,946,45,37,
32766,4007,955,41,33,
32766,3999,934,35,31,
32766,4008,955,34,32,
32766,4000,957,32,33,
32766,4005,956,39,21,
32766,4004,958,42,28,
32766,4007,951,44,24,
32766,3997,953,42,31,
32766,4013,951,44,35,
32766,4007,948,37,32,
32766,4003,948,37,36,
32766,4009,960,36,34,
32766,4004,960,40,32,
32766,3996,949,41,29,
32766,3993,947,39,34,
32766,4007,948,31,32,
32766,4007,954,29,23,
32766,4000,952,28,32,
32766,4010,964,32,34,
32766,4001,957,31,32,
32766,4011,956,31,42,
32766,4002,951,42,39,
32766,4004,956,39,32,
32766,4002,955,34,28,
32766,4005,956,37,44,
32766,4008,952,45,23,
32766,4006,959,27,37,
32766,4000,949,45,35,
32766,4010,951,35,27,
32766,4005,949,34,29,
32766,4012,944,34,27,
32766,4009,949,42,48,
32766,4004,955,39,30,
32766,4002,956,38,31,
32766,4006,950,39,28,
32766,4010,951,37,38,
32766,4005,955,41,32,
32766,4000,957,38,33,
32766,4012,953,42,31,
32766,3998,957,44,24,
32766,4001,957,34,28,
32766,4005,948,45,33,
32766,4008,959,38,28,
32766,4008,956,38,37,
32766,4009,949,38,37,
32766,4006,946,33,44,
32766,4003,962,39,31,
32766,3999,958,41,32,
32766,4002,947,31,38,
32766,3997,947,31,27,
32766,4004,949,38,35,
32766,4007,955,38,24,
32766,4006,949,18,19,
32766,4000,955,33,36,
32766,3995,959,44,36,
32766,4005,952,36,34,
32766,4002,944,43,34,
32766,4005,960,40,35,
32766,3994,952,31,38,
32766,4008,956,39,34,
32766,4002,948,42,33,
32766,4002,959,37,38,
32766,4009,953,40,30,
32766,3996,961,40,28,
32766,4008,955,33,30,
32766,4003,953,40,41,
32766,4009,956,43,26,
32766,4004,945,46,31,
32766,4005,953,38,27,
32766,4006,956,34,31,
32766,4009,957,38,30,
32766,4013,957,45,41,
32766,4009,954,37,36,
32766,4004,956,38,28,
32766,4009,961,32,23,
32766,4000,955,28,39,
32766,4004,952,35,36,
32766,4000,958,34,35,
32766,4014,960,31,35,
32766,4016,947,44,39,
32766,4003,959,40,35,
32766,4016,953,40,26,
32766,4007,958,45,36,
32766,4009,958,44,35,
32766,4003,959,35,32,
32766,4012,963,39,32,
32766,4004,952,40,38,
32766,4002,964,36,41,
32766,4005,959,37,39,
32766,4016,947,41,29,
32766,4005,958,36,46,
32766,4006,956,30,32,
32766,4003,953,41,28,
32766,4009,960,38,19,
32766,4014,948,30,24,
32766,4004,949,29,29,
32766,4006,952,43,42,
32766,4006,944,44,27,
32766,4017,952,39,26,
32766,3993,951,34,36,
32766,4017,963,37,36,
32766,4002,953,39,30,
32766,4015,961,48,38,
32766,4004,954,40,33,
32766,4008,942,35,36,
32766,4001,946,48,32,
32766,4002,951,31,34,
32766,4001,957,33,28,
32766,4002,945,39,38,
32766,4002,949,42,36,
32766,4005,952,37,30,
32766,4011,956,40,32,
32766,4008,959,41,35,
32766,4003,957,38,39,
32766,4007,955,38,28,
32766,4010,958,42,35,
32766,4000,957,40,30,
32766,4014,948,44,23,
32766,4005,954,37,42,
32766,4008,952,30,34,
32766,3997,955,29,27,
32766,4017,944,34,29,
32766,4005,939,38,29,
32766,4013,953,39,34,
32766,4009,948,42,28,
32766,4020,959,33,33,
32766,4007,948,36,35,
32766,4010,951,35,30,
32766,4018,954,37,27,
32766,4015,950,38,28,
32766,3999,953,42,30,
32766,4011,945,29,32,
32766,4009,953,31,23,
32766,4005,956,43,29,
32766,4004,952,40,40,
32766,4007,963,37,35,
32766,4006,953,37,30,
32766,4012,958,33,32,
32766,4004,957,33,37,
32766,4008,965,47,30,
32766,4007,949,37,43,
32766,4006,951,30,34,
32766,4005,960,39,32,
32766,4001,959,43,39,
32766,4005,954,35,25,
32766,4012,951,38,42,
32766,4007,950,36,32,
32766,4003,951,36,28,
32766,4012,953,32,39,
32766,4010,967,38,23,
32766,4011,956,36,28,
32766,3999,956,45,39,
32766,4005,966,43,36,
32766,4012,942,37,37,
32766,4006,945,37,10,
32766,4013,953,43,39,
32766,4018,955,36,31,
32766,4008,949,42,33,
32766,4002,947,41,33,
32766,4009,959,42,27,
32766,4007,952,30,24,
32766,4011,960,37,27,
32766,4009,947,40,28,
32766,4013,947,33,32,
32766,4011,956,41,31,
32766,4008,952,31,25,
32766,4004,947,38,35,
32766,4008,953,38,24,
32766,4014,957,33,27,
32766,4012,953,42,33,
32766,4004,950,32,34,
32766,4005,954,33,30,
32766,4009,952,40,46,
32766,4007,956,36,27,
32766,4012,952,34,27,
32766,4007,962,42,31,
32766,4000,959,42,41,
32766,4003,953,39,35,
32766,4011,954,26,35,
32766,4009,950,37,26,
32766,4005,954,40,35,
32766,4012,956,36,33,
32766,4018,950,40,41,
32766,4011,955,44,30,
32766,4005,956,40,33,
32766,4003,954,23,26,
32766,4009,948,48,36,
32766,4010,957,36,38,
32766,4008,956,32,38,
32766,4008,954,42,27,
32766,4004,960,38,29,
32766,4008,960,23,39,
32766,4008,949,43,37,
32766,4007,946,43,30,
32766,4010,951,39,29,
32766,4002,951,33,40,
32766,4004,962,33,38,
32766,4000,960,34,40,
32766,4018,949,39,29,
32766,4006,955,35,31,
32766,4006,958,35,34,
32766,4012,961,35,39,
32766,4007,939,41,34,
32766,4008,958,33,28,
32766,4010,955,33,38,
32766,4000,939,43,36,
32766,4000,957,41,20,
32766,4013,949,26,39,
32766,4013,954,31,36,
32766,4004,954,45,25,
32766,4003,949,36,32,
32766,4005,952,31,29,
32766,4004,954,30,37,
32766,3999,953,32,31,
32766,4004,954,33,30,
32766,4000,947,34,28,
32766,3998,959,37,29,
32766,4008,946,45,26,
32766,3994,957,38,33,
32766,4012,947,38,16,
32766,4006,953,35,28,
32766,4001,953,37,34,
32766,4003,954,39,26,
32766,4002,960,41,32,
32766,3998,949,25,37,
32766,4001,953,34,42,
32766,4005,962,40,34,
32766,4016,954,41,27,
32766,4009,950,35,39,
32766,4010,958,37,31,
32766,4017,952,42,37,
32766,4006,948,42,39,
32766,4006,963,35,30,
32766,4006,953,41,25,
32766,4011,951,29,42,
32766,4006,951,32,37,
32766,4013,949,28,21,
32766,4008,941,36,35,
32766,4011,949,34,36,
32766,4002,946,39,33,
32766,4013,954,36,26,
32766,4013,950,34,35,
32766,4006,955,40,40,
32766,4007,947,39,32,
32766,4008,948,36,36,
32766,4008,952,40,34,
32766,4007,950,33,22,
32766,4018,947,39,42,
32766,3998,958,39,40,
32766,4010,953,41,39,
32766,4001,954,42,33,
32766,4001,961,38,22,
32766,4009,952,36,38,
32766,4003,957,45,36,
32766,4013,949,40,36,
32766,4009,950,31,22,
32766,4017,953,38,38,
32766,4017,960,35,34,
32766,4005,954,25,35,
32766,4006,953,37,28,
32766,4004,955,32,33,
32766,4002,960,39,36,
32766,4000,949,45,40,
32766,4007,954,33,34,
32766,4013,956,41,35,
32766,4013,947,37,28,
32766,3999,960,41,32,
32766,4007,954,39,38,
32766,4008,953,47,34,
32766,4002,949,39,37,
32766,4008,951,42,32,
32766,4007,960,39,43,
32766,4002,953,33,31,
32766,4003,950,38,34,
32766,4005,957,32,31,
32766,4012,944,33,38,
32766,4005,946,46,27,
32766,4008,955,39,24,
32766,4004,954,32,33,
32766,4011,954,33,35,
32766,4002,956,35,34,
32766,4012,943,34,39,
32766,4009,952,38,27,
32766,4000,959,35,27,
32766,4003,948,35,37,
32766,4006,956,39,27,
32766,3994,956,43,31,
32766,4007,958,37,31,
32766,4013,946,38,35,
32766,4004,955,34,30,
32766,4002,948,41,28,
32766,4000,948,36,32,
32766,4006,957,32,30,
32766,4000,951,36,33,
32766,4011,944,44,35,
32766,4012,955,43,32,
32766,3997,961,33,30,
32766,4000,952,45,33,
32766,4008,959,43,31,
32766,4006,944,38,42,
32766,4006,963,40,34,
32766,4011,951,45,20,
32766,4010,957,37,26,
32766,4005,947,47,29,
32766,4006,948,40,33,
32766,4012,954,43,39,
32766,4011,957,32,36,
32766,4009,951,31,35,
32766,4007,945,35,32,
32766,4009,951,36,31,
32766,4013,946,31,31,
32766,4005,964,36,34,
32766,4010,946,49,27,
32766,4009,952,42,38,
32766,4016,957,41,22,
32766,4015,960,47,32,
32766,4007,952,41,34,
32766,4009,939,38,36,
32766,4007,960,33,32,
32766,4003,956,32,36,
32766,4003,963,38,29,
32766,4007,954,27,34,
32766,3997,954,46,28,
32766,4002,951,35,30,
32766,4006,963,42,31,
32766,4001,960,42,32,
32766,4008,951,39,43,
32766,4008,954,36,27,
32766,4008,956,40,34,
32766,4005,952,35,27,
32766,4011,944,36,30,
32766,4012,961,44,29,
32766,4013,940,36,32,
32766,4000,941,38,30,
32766,4006,958,39,39,
32766,4013,950,39,33,
32766,4014,959,29,30,
32766,4008,952,29,39,
32766,4009,954,42,31,
32766,4007,953,38,30,
32766,4002,957,42,40,
32766,4001,945,37,30,
32766,4010,963,30,38,
32766,4005,947,35,38,
32766,3998,951,35,31,
32766,3990,961,42,38,
32766,4005,948,33,32,
32766,4002,961,36,31,
32766,4006,956,38,40,
32766,3995,952,44,31,
32766,4001,954,38,20,
32766,4011,960,29,31,
32766,4002,950,33,44,
32766,4002,952,42,27,
32766,4004,961,41,44,
32766,4014,946,29,40,
32766,4006,948,37,33,
32766,4010,941,30,33,
32766,4005,957,36,40,
32766,4013,954,36,25,
32766,4005,954,46,29,
32766,4012,958,41,23,
32766,4016,961,39,31,
32766,4000,953,38,23,
32766,4007,950,41,31,
32766,4008,954,32,25,
32766,4010,960,32,33,
32766,4009,960,39,39,
32766,4007,959,45,33,
32766,4013,960,33,35,
32766,4011,954,35,28,
32766,4007,947,42,30,
32766,4009,957,37,33,
32766,4004,950,39,37,
32766,4004,950,41,27,
32766,4009,957,39,21,
32766,4014,960,43,40,
32766,3995,952,35,25,
32766,4012,956,41,37,
32766,4005,961,38,27,
32766,4011,954,37,26,
32766,4003,958,37,37,
32766,4002,944,36,28,
32766,4017,955,39,35,
32766,4010,958,47,40,
32766,4025,950,36,36,
32766,4014,959,41,20,
32766,4000,960,28,45,
32766,4006,949,47,29,
32766,3998,962,34,26,
32766,4002,949,43,33,
32766,4014,962,32,36,
32766,4002,947,44,31,
32766,4008,943,31,34,
32766,4009,955,41,29,
32766,4009,947,35,33,
32766,4005,958,34,42,
32766,4012,951,40,35,
32766,4009,947,38,29,
32766,4005,955,47,35,
32766,4011,955,42,29,
32766,4003,965,38,24,
32766,4017,955,36,36,
32766,4020,956,48,25,
32766,4011,953,41,30,
32766,4020,954,37,31,
32766,4024,946,41,35,
32766,4013,949,35,33,
32766,4012,955,29,43,
32766,4017,955,36,31,
32766,4017,957,36,42,
32766,4010,957,32,33,
32766,4009,952,37,29,
32766,4012,944,30,31,
32766,4011,960,37,28,
32766,4002,965,36,30,
32766,4007,953,34,23,
32766,4015,958,40,23,
32766,4014,951,45,32,
32766,4023,955,32,35,
32766,4013,947,41,36,
32766,4014,955,42,27,
32766,4006,954,45,27,
32766,4004,958,46,29,
32766,4011,953,40,29,
32766,4006,951,30,29,
32766,4016,952,34,31,
32766,4009,957,26,32,
32766,4014,952,36,40,
32766,4011,950,39,29,
32766,4014,954,48,35,
32766,4009,957,28,33,
32766,4005,957,46,25,
32766,4019,950,36,33,
32766,4010,947,40,33,
32766,4015,959,40,31,
32766,4008,954,30,27,
32766,4002,956,42,41,
32766,4005,947,35,37,
32766,4007,963,37,24,
32766,4012,946,50,28,
32766,4013,951,29,35,
32766,4016,951,42,28,
32766,4012,950,30,37,
32766,4008,952,30,34,
32766,4010,963,35,28,
32766,4011,949,35,27,
32766,4010,963,40,44,
32766,4000,951,33,38,
32766,4005,969,43,28,
32766,4006,964,31,34,
32766,4009,955,33,28,
32766,4007,945,45,37,
32766,4010,956,36,29,
32766,4005,950,42,29,
32766,4010,958,40,42,
32766,3999,959,35,36,
32766,4008,948,32,33,
32766,4014,964,34,27,
32766,4007,955,42,28,
32766,4005,949,34,33,
32766,4006,952,34,39,
32766,4001,948,35,30,
32766,4014,950,39,33,
32766,4001,951,32,30,
32766,4014,959,47,27,
32766,4003,955,42,34,
32766,4003,952,43,35,
32766,4013,953,42,29,
32766,4006,959,38,22,
32766,4009,950,33,27,
32766,4007,947,41,32,
32766,4004,955,37,29,
32766,3997,964,30,34,
32766,4000,955,43,22,
32766,4001,944,36,30,
32766,4000,951,29,36,
32766,4011,946,32,37,
32766,3995,955,29,26,
32766,4009,950,43,18,
32766,4003,949,38,28,
32766,4004,955,40,34,
32766,4001,952,38,38,
32766,4013,943,35,44,
32766,4004,951,37,32,
32766,4000,953,32,33,
32766,4009,950,42,35,
32766,4015,951,37,22,
32766,4000,947,36,24,
32766,3993,950,33,28,
32766,4011,952,44,31,
32766,4012,943,35,24,
32766,4008,954,33,32,
32766,4010,951,35,29,
32766,4008,947,33,37,
32766,4001,951,27,29,
32766,4007,954,44,34,
32766,4014,949,33,34,
32766,4004,945,42,27,
32766,4011,955,37,37,
32766,4004,949,38,39,
32766,4000,947,24,34,
32766,4001,952,40,22,
32766,4010,951,50,29,
32766,3992,953,35,38,
32766,4010,946,39,34,
32766,4018,949,36,32,
32766,4007,959,40,34,
32766,4010,954,33,36,
32766,4009,942,38,38,
32766,4009,960,44,32,
32766,4001,950,31,36,
32766,4006,960,34,34,
32766,3997,946,39,37,
32766,4006,947,42,36,
32766,4011,950,40,28,
32766,4008,953,37,32,
32766,4001,949,38,41,
32766,4004,949,40,31,
32766,4000,960,35,35,
32766,3999,943,35,36,
32766,4010,957,37,35,
32766,4013,947,43,20,
32766,4002,959,38,31,
32766,3996,944,47,27,
32766,3999,940,42,33,
32766,4012,957,42,22,
32766,4014,950,41,27,
32766,4008,952,37,29,
32766,4008,956,38,40,
32766,4001,955,35,33,
32766,4008,949,36,40,
32766,4003,951,44,30,
32766,4005,945,37,27,
32766,4001,953,32,28,
32766,4002,956,43,35,
32766,4001,947,36,30,
32766,4003,956,42,36,
32766,3999,954,37,38,
32766,4004,953,45,29,
32766,3997,951,34,35,
32766,3998,949,39,28,
32766,4000,959,41,39,
32766,4008,949,41,37,
32766,4005,949,42,30,
32766,4012,954,38,42,
32766,4002,951,39,43,
32766,4002,945,36,23,
32766,4003,950,38,34,
32766,3997,945,44,35,
32766,4005,947,32,30,
32766,4006,951,36,27,
32766,4003,951,35,34,
32766,3995,943,41,30,
32766,4006,948,40,37,
32766,4005,944,43,31,
32766,4005,946,44,36,
32766,4006,954,36,36,
32766,3998,938,36,30,
32766,3995,950,33,31,
32766,4006,950,36,35,
32766,4008,950,29,33,
32766,3997,942,33,31,
32766,4002,954,39,36,
32766,3998,948,37,31,
32766,4001,954,44,38,
32766,4009,941,36,26,
32766,3999,956,31,36,
32766,3990,954,46,28,
32766,4003,946,33,29,
32766,4000,955,33,28,
32766,3995,950,40,36,
32766,4004,952,45,43,
32766,4009,955,40,36,
32766,3998,958,38,34,
32766,4005,941,33,26,
32766,3998,957,38,30,
32766,4005,953,28,30,
32766,4004,948,48,29,
32766,4001,941,41,32,
32766,4002,954,33,34,
32766,3999,940,36,25,
32766,3992,959,40,33,
32766,4000,955,29,35,
32766,4007,954,42,25,
32766,3998,951,43,34,
32766,4007,946,20,38,
32766,3995,951,38,33,
32766,4004,953,37,32,
32766,3997,939,41,25,
32766,3997,951,43,35,
32766,4003,949,44,30,
32766,4002,942,33,30,
32766,4002,947,44,29,
32766,4003,941,39,34,
32766,3997,947,37,38,
32766,3995,952,31,33,
32766,4009,948,39,37,
32766,3996,943,38,28,
32766,4001,950,37,33,
32766,3995,949,46,35,
32766,4005,958,36,35,
32766,4001,956,29,37,
32766,4000,953,37,32,
32766,4007,949,39,26,
32766,4007,947,31,27,
32766,3998,949,36,26,
32766,4002,945,39,39,
32766,3998,958,38,41,
32766,3992,950,37,40,
32766,3993,954,32,34,
32766,3998,951,45,31,
32766,3997,953,31,33,
32766,4007,939,34,33,
32766,4001,954,39,49,
32766,3995,947,39,32,
32766,4003,941,34,32,
32766,3997,945,46,26,
32766,3998,951,31,27,
32766,3992,962,33,33,
32766,3997,952,27,34,
32766,3999,947,51,37,
32766,3990,949,38,23,
32766,4001,947,42,38,
32766,4005,947,36,39,
32766,3988,950,40,30,
32766,3999,951,45,33,
32766,4001,949,41,24,
32766,3997,956,40,28,
32766,3993,949,40,35,
32766,3997,945,33,44,
32766,4006,955,44,27,
32766,3998,949,51,44,
32766,3997,942,40,27,
32766,4000,954,38,30,
32766,4005,953,40,33,
32766,3999,946,45,32,
32766,3997,952,45,33,
32766,3995,945,36,33,
32766,3997,949,35,26,
32766,3995,952,39,28,
32766,4000,951,39,33,
32766,4000,944,32,32,
32766,3995,950,34,40,
32766,4007,944,35,34,
32766,3992,946,38,37,
32766,3996,952,42,26,
32766,4001,958,40,39,
32766,3999,946,28,34,
32766,4003,954,37,34,
32766,3999,953,29,30,
32766,3995,954,28,32,
32766,3996,948,37,37,
32766,4002,949,46,30,
32766,4010,953,32,40,
32766,4005,957,31,34,
32766,3998,954,34,33,
32766,4010,956,36,30,
32766,3996,956,37,29,
32766,4003,945,34,38,
32766,4005,953,34,31,
32766,3994,952,36,38,
32766,4007,950,31,36,
32766,4006,945,36,28,
32766,4001,956,41,30,
32766,4000,945,44,26,
32766,4004,938,44,36,
32766,3995,951,43,35,
32766,4004,953,45,32,
32766,4005,949,40,35,
32766,4003,950,42,21,
32766,4000,952,34,27,
32766,4011,960,39,33,
32766,3996,942,38,33,
32766,3994,957,27,33,
32766,4008,948,44,30,
32766,3998,936,35,37,
32766,4006,951,35,33,
32766,3995,949,43,38,
32766,4006,951,30,27,
32766,4003,944,32,38,
32766,3999,951,39,35,
32766,3991,951,44,36,
32766,3997,947,33,37,
32766,3998,940,44,27,
32766,4005,940,37,37,
32766,3995,940,37,31,
32766,3997,945,43,38,
32766,3998,946,37,24,
32766,4011,954,37,33,
32766,3996,948,46,30,
32766,4000,943,27,38,
32766,3996,955,31,31,
32766,3994,945,39,30,
32766,3998,946,38,28,
32766,4004,948,44,31,
32766,4006,942,38,39,
32766,4003,947,42,40,
32766,4004,944,30,26,
32766,3998,950,32,38,
32766,4000,949,36,35,
32766,4000,949,33,29,
32766,4005,953,40,36,
32766,4000,940,29,43,
32766,4007,947,52,34,
32766,4000,954,35,35,
32766,4000,947,39,35,
32766,4001,950,36,24,
32766,3992,947,41,22,
32766,4001,941,38,35,
32766,3993,937,33,33,
32766,4003,941,32,27,
32766,4009,950,35,34,
32766,3996,939,39,34,
32766,3998,945,37,27,
32766,4002,952,38,30,
32766,4009,948,34,28,
32766,3994,954,36,34,
32766,3995,956,38,31,
32766,3991,951,39,27,
32766,3999,938,39,28,
32766,4000,952,43,39,
32766,4006,948,36,32,
32766,4002,946,35,28,
32766,3999,944,39,30,
32766,3996,952,39,29,
32766,4003,954,35,33,
32766,4005,952,48,28,
32766,3993,950,30,41,
32766,4009,940,35,38,
32766,4003,936,39,42,
32766,3998,946,28,31,
32766,4002,956,41,34,
32766,4000,942,37,30,
32766,4003,959,54,36,
32766,3991,951,36,30,
32766,3999,950,36,27,
32766,4005,942,43,27,
32766,4002,951,46,30,
32766,3993,940,41,32,
32766,3991,944,33,37,
32766,3994,942,36,39,
32766,3993,953,36,34,
32766,3994,942,29,29,
32766,3994,946,26,28,
32766,3995,954,42,34,
32766,3994,945,39,31,
32766,3992,948,34,35,
32766,3994,960,46,30,
32766,4005,939,29,31,
32766,3995,944,41,35,
32766,3999,950,41,41,
32766,4000,947,27,33,
32766,4000,954,48,30,
32766,3998,947,29,33,
32766,3989,946,29,35,
32766,4000,944,33,30,
32766,3997,955,32,36,
32766,3996,948,33,36,
32766,3990,944,34,31,
32766,3991,947,35,27,
32766,3993,946,33,36,
32766,3988,945,35,34,
32766,3998,950,44,25,
32766,3997,952,34,33,
32766,3994,948,50,30,
32766,3993,950,44,30,
32766,3994,940,42,29,
32766,4004,950,35,35,
32766,3995,948,39,23,
32766,3995,951,43,37,
32766,4005,944,39,25,
32766,3997,949,38,25,
32766,3993,944,32,39,
32766,3989,951,39,39,
32766,3993,949,34,42,
32766,3999,938,46,33,
32766,3999,951,34,28,
32766,3995,944,40,33,
32766,3995,947,38,38,
32766,3994,948,40,34,
32766,3991,943,39,35,
32766,3996,946,42,29,
32766,3994,960,24,36,
32766,3998,953,40,30,
32766,3993,937,36,31,
32766,3993,952,41,18,
32766,3996,938,26,35,
32766,3995,947,41,31,
32766,4004,954,35,25,
32766,3999,949,45,27,
32766,3997,944,33,22,
32766,4003,942,36,31,
32766,3997,949,34,23,
32766,3989,945,41,31,
32766,3998,957,37,29,
32766,3995,951,42,37,
32766,4000,949,50,36,
32766,4000,950,41,36,
32766,4000,947,45,35,
32766,3988,947,38,26,
32766,3989,948,37,35,
32766,3994,949,31,36,
32766,3986,954,40,35,
32766,3995,960,34,34,
32766,3995,943,36,33,
32766,3998,948,41,38,
32766,3996,951,37,31,
32766,3994,935,28,43,
32766,3995,957,40,27,
32766,3990,940,37,30,
32766,3992,939,42,35,
32766,3992,939,42,34,
32766,3997,942,36,33,
32766,3990,955,42,29,
32766,4005,950,37,30,
32766,3990,944,39,30,
32766,4000,943,31,28,
32766,4004,951,39,36,
32766,3996,951,39,33,
32766,3988,949,33,28,
32766,3994,944,37,31,
32766,4000,957,38,23,
32766,3997,949,30,42,
32766,3997,942,43,32,
32766,4000,946,40,40,
32766,4000,942,32,27,
32766,3993,946,35,36,
32766,4003,945,46,34,
32766,4002,945,32,32,
32766,3994,946,36,35,
32766,4002,947,34,37,
32766,3994,946,37,30,
32766,3991,955,26,36,
32766,3986,939,45,24,
32766,4004,936,26,32,
