32766,13482,2075,74,56,
32766,13484,2065,77,62,
32766,13489,2080,75,53,
32766,13499,2086,79,57,
32766,13512,2087,83,54,
32766,13532,2088,77,48,
32766,13550,2091,83,66,
32766,13568,2083,84,52,
32766,13593,2090,73,50,
32766,13629,2090,68,62,
32766,13648,2097,81,51,
32766,13681,2098,67,56,
32766,13716,2107,80,56,
32766,13760,2109,71,61,
32766,13800,2109,76,63,
32766,13831,2110,72,63,
32766,13876,2111,75,54,
32766,13893,2122,80,60,
32766,13907,2124,68,46,
32766,13906,2122,80,62,
32766,13907,2111,84,59,
32766,13905,2131,79,63,
32766,13907,2126,85,50,
32766,13917,2128,76,64,
32766,13931,2127,78,57,
32766,13929,2125,77,55,
32766,13939,2132,87,57,
32766,13937,2131,66,52,
32766,13942,2125,68,56,
32766,13939,2123,86,53,
32766,13954,2132,76,61,
32766,13967,2130,86,56,
32766,13979,2132,74,59,
32766,14001,2129,79,62,
32766,14018,2134,70,63,
32766,14049,2146,72,62,
32766,14061,2135,80,47,
32766,14105,2141,68,55,
32766,14118,2154,72,49,
32766,14155,2149,74,55,
32766,14207,2161,76,51,
32766,14249,2160,76,52,
32766,14303,2170,79,58,
32766,14357,2170,77,56,
32766,14407,2179,75,62,
32766,14459,2180,74,53,
32766,14502,2178,74,60,
32766,14514,2193,82,52,
32766,14516,2196,76,57,
32766,14509,2200,77,52,
32766,14504,2195,73,47,
32766,14483,2197,80,60,
32766,14476,2200,73,65,
32766,14449,2186,75,49,
32766,14438,2195,73,63,
32766,14415,2184,80,53,
32766,14409,2186,69,54,
32766,14422,2192,86,65,
32766,14435,2194,78,65,
32766,14417,2178,72,59,
32766,14434,2188,78,49,
32766,14432,2191,82,56,
32766,14431,2193,78,64,
32766,14417,2192,62,57,
32766,14402,2190,67,44,
32766,14396,2191,76,67,
32766,14380,2187,67,58,
32766,14333,2176,79,61,
32766,14312,2172,80,59,
32766,14304,2174,72,65,
32766,14273,2170,77,59,
32766,14242,2175,81,50,
32766,14234,2163,81,52,
32766,14209,2175,81,60,
32766,14197,2169,72,57,
32766,14186,2164,71,55,
32766,14174,2161,82,57,
32766,14170,2173,66,57,
32766,14153,2163,85,59,
32766,14139,2160,73,58,
32766,14135,2163,76,56,
32766,14108,2162,66,59,
32766,14128,2158,68,62,
32766,14125,2153,64,55,
32766,14136,2162,82,53,
32766,14119,2155,74,50,
32766,14094,2156,85,49,
32766,14090,2166,77,60,
32766,14102,2173,71,57,
32766,14094,2156,74,56,
32766,14098,2161,75,39,
32766,14100,2157,76,57,
32766,14093,2156,70,57,
32766,14073,2154,81,40,
32766,14064,2158,79,59,
32766,14056,2156,85,55,
32766,14053,2161,68,56,
32766,14045,2160,75,60,
32766,14048,2162,76,51,
32766,14047,2154,82,54,
32766,14052,2152,72,60,
32766,14060,2155,79,55,
32766,14062,2156,78,48,
32766,14053,2154,66,59,
32766,14036,2152,77,61,
32766,14004,2153,75,45,
32766,13994,2157,84,52,
32766,13979,2154,71,55,
32766,13969,2144,76,58,
32766,13975,2150,75,55,
32766,13972,2138,75,56,
32766,13975,2148,76,57,
32766,13999,2142,74,65,
32766,14008,2152,76,58,
32766,14031,2155,81,59,
32766,14054,2151,73,60,
32766,14043,2150,77,59,
32766,14031,2148,75,50,
32766,14019,2161,74,47,
32766,13978,2149,80,58,
32766,13955,2157,80,63,
32766,13950,2153,71,56,
32766,13940,2145,75,53,
32766,13946,2153,79,58,
32766,13960,2146,73,55,
32766,13956,2149,80,58,
32766,13978,2155,80,56,
32766,13973,2143,79,56,
32766,13963,2147,79,60,
32766,13965,2149,82,60,
32766,13944,2153,76,54,
32766,13949,2145,73,53,
32766,13943,2148,77,58,
32766,13950,2148,75,62,
32766,13963,2152,73,49,
32766,13974,2141,80,58,
32766,13968,2148,74,63,
32766,13977,2149,76,61,
32766,13998,2144,85,56,
32766,14006,2151,65,58,
32766,14021,2159,68,63,
32766,14029,2164,71,52,
32766,14040,2153,79,51,
32766,14048,2157,81,55,
32766,14070,2160,70,64,
32766,14076,2157,78,53,
32766,14080,2172,70,58,
32766,14091,2162,80,58,
32766,14076,2156,68,51,
32766,14062,2164,76,52,
32766,14045,2155,75,47,
32766,14027,2151,81,46,
32766,14018,2149,77,52,
32766,14026,2156,73,47,
32766,14050,2168,84,59,
32766,14072,2157,74,43,
32766,14097,2154,89,53,
32766,14100,2158,87,55,
32766,14096,2177,72,50,
32766,14093,2158,78,55,
32766,14082,2160,74,54,
32766,14060,2157,79,57,
32766,14052,2162,84,59,
32766,14046,2157,79,47,
32766,14039,2158,84,56,
32766,14039,2160,69,52,
32766,14034,2155,81,52,
32766,14043,2153,73,52,
32766,14050,2156,73,60,
32766,14047,2155,75,58,
32766,14041,2160,76,50,
32766,14042,2154,91,56,
32766,14038,2160,75,57,
32766,14033,2155,77,60,
32766,14032,2157,68,59,
32766,14038,2152,71,46,
32766,14038,2160,77,55,
32766,14038,2153,70,41,
32766,14014,2151,67,52,
32766,13996,2160,65,66,
32766,13977,2156,68,52,
32766,13956,2158,77,56,
32766,14063,2162,75,60,
32766,14020,2149,77,65,
32766,13753,2118,69,55,
32766,13901,2144,74,62,
32766,13938,2154,80,56,
32766,13901,2144,70,58,
32766,13930,2162,71,60,
32766,13924,2141,74,55,
32766,13916,2152,89,64,
32766,13966,2162,74,64,
32766,13889,2142,71,53,
32766,13864,2141,71,60,
32766,13917,2146,81,49,
32766,13950,2151,81,57,
32766,13941,2148,81,55,
32766,13914,2141,77,49,
32766,13931,2146,74,51,
32766,13928,2159,81,46,
32766,13903,2148,66,53,
32766,13883,2152,78,57,
32766,13887,2142,73,54,
32766,13867,2143,67,54,
32766,13885,2147,77,50,
32766,13898,2155,72,50,
32766,13894,2146,81,47,
32766,13908,2152,66,56,
32766,13887,2146,73,58,
32766,13896,2143,71,61,
32766,13882,2152,75,49,
32766,13901,2146,71,53,
32766,13893,2151,74,56,
32766,13896,2141,77,53,
32766,13908,2150,74,53,
32766,13912,2152,84,53,
32766,13912,2133,77,51,
32766,13919,2155,69,60,
32766,13931,2160,78,57,
32766,13949,2148,76,47,
32766,13976,2150,72,56,
32766,13986,2155,77,66,
32766,14001,2156,77,48,
32766,14017,2162,76,57,
32766,14046,2162,81,53,
32766,14062,2167,87,54,
32766,14071,2162,67,61,
32766,14075,2160,81,57,
32766,14075,2172,69,60,
32766,14080,2167,77,59,
32766,14075,2165,69,50,
32766,14076,2153,74,44,
32766,14099,2160,75,59,
32766,14107,2157,65,58,
32766,14137,2162,83,53,
32766,14131,2167,70,54,
32766,14149,2177,78,50,
32766,14149,2173,75,53,
32766,14136,2173,82,60,
32766,14127,2168,74,59,
32766,14134,2166,77,57,
32766,14139,2166,72,42,
32766,14153,2177,77,51,
32766,14155,2168,77,59,
32766,14163,2171,70,47,
32766,14160,2182,63,52,
32766,14173,2170,81,54,
32766,14157,2170,84,64,
32766,14157,2182,82,57,
32766,14142,2175,77,51,
32766,14141,2173,75,44,
32766,14146,2170,69,59,
32766,14145,2166,80,61,
32766,14139,2169,78,58,
32766,14139,2180,86,61,
32766,14141,2174,69,55,
32766,14147,2173,69,50,
32766,14150,2173,81,55,
32766,14152,2181,75,50,
32766,14149,2176,66,46,
32766,14141,2168,81,51,
32766,14156,2185,80,50,
32766,14158,2171,68,54,
32766,14159,2190,82,59,
32766,14173,2174,73,62,
32766,14169,2178,75,57,
32766,14166,2171,74,58,
32766,14144,2183,68,57,
32766,14156,2171,70,52,
32766,14130,2167,73,55,
32766,14120,2165,73,53,
32766,14112,2169,79,56,
32766,14109,2170,81,60,
32766,14111,2170,84,52,
32766,14096,2172,77,60,
32766,14102,2160,73,64,
32766,14100,2158,74,50,
32766,14092,2170,72,67,
32766,14093,2170,84,63,
32766,14086,2160,84,60,
32766,14076,2163,73,65,
32766,14073,2164,73,57,
32766,14081,2172,68,58,
32766,14074,2165,76,55,
32766,14084,2160,69,48,
32766,14089,2159,72,54,
32766,14088,2163,87,56,
32766,14107,2156,79,49,
32766,14133,2173,64,54,
32766,14153,2172,87,49,
32766,14182,2170,73,57,
32766,14221,2178,73,47,
32766,14267,2183,85,52,
32766,14325,2188,76,49,
32766,14393,2194,70,52,
32766,14434,2200,74,55,
32766,14498,2211,83,56,
32766,14558,2217,78,50,
32766,14640,2222,84,47,
32766,14716,2233,72,62,
32766,14776,2229,85,56,
32766,14842,2252,73,66,
32766,14883,2250,73,54,
32766,14920,2252,73,54,
32766,14942,2246,71,47,
32766,14955,2264,70,56,
32766,14945,2259,70,57,
32766,14932,2259,69,60,
32766,14909,2249,79,62,
32766,14884,2255,72,44,
32766,14856,2254,81,50,
32766,14818,2252,69,56,
32766,14792,2235,75,52,
32766,14755,2249,72,55,
32766,14740,2240,75,54,
32766,14723,2234,76,62,
32766,14702,2230,76,60,
32766,14691,2236,77,59,
32766,14681,2233,86,59,
32766,14657,2235,71,60,
32766,14657,2228,80,52,
32766,14638,2231,70,53,
32766,14614,2230,77,52,
32766,14596,2228,79,49,
32766,14565,2225,81,47,
32766,14557,2211,78,57,
32766,14530,2218,83,53,
32766,14515,2213,68,59,
32766,14513,2207,76,54,
32766,14519,2214,75,55,
32766,14516,2215,77,54,
32766,14541,2209,78,52,
32766,14564,2216,72,54,
32766,14588,2225,77,53,
32766,14602,2226,82,55,
32766,14632,2216,68,63,
32766,14626,2218,77,53,
32766,14638,2222,80,39,
32766,14654,2224,70,61,
32766,14654,2220,85,58,
32766,14648,2218,75,51,
32766,14633,2235,75,60,
32766,14626,2223,68,58,
32766,14617,2229,64,51,
32766,14627,2225,78,47,
32766,14618,2225,64,50,
32766,14637,2215,76,45,
32766,14658,2232,77,57,
32766,14690,2235,89,50,
32766,14730,2237,78,55,
32766,14778,2241,74,50,
32766,14831,2249,77,55,
32766,14879,2251,69,53,
32766,14938,2264,78,54,
32766,14994,2263,78,53,
32766,15043,2266,78,51,
32766,15098,2290,75,51,
32766,15137,2278,80,58,
32766,15190,2281,76,46,
32766,15251,2289,75,48,
32766,15290,2299,76,47,
32766,15361,2306,71,44,
32766,15410,2310,73,56,
32766,15475,2328,79,52,
32766,15539,2326,78,59,
32766,15597,2342,77,56,
32766,15648,2347,78,45,
32766,15698,2353,67,46,
32766,15744,2362,74,59,
32766,15771,2372,80,53,
32766,15816,2377,73,55,
32766,15845,2394,79,49,
32766,15873,2388,77,58,
32766,15919,2397,73,51,
32766,15953,2412,76,48,
32766,15986,2411,82,50,
32766,16021,2426,80,41,
32766,16044,2417,68,48,
32766,16062,2428,69,52,
32766,16088,2438,78,50,
32766,16117,2448,78,52,
32766,16133,2450,72,53,
32766,16138,2452,70,51,
32766,16152,2453,75,53,
32766,16145,2448,82,55,
32766,16152,2460,74,46,
32766,16139,2457,72,52,
32766,16132,2444,81,49,
32766,16131,2456,75,62,
32766,16119,2447,79,48,
32766,16097,2449,78,53,
32766,16109,2444,75,52,
32766,16087,2448,81,52,
32766,16067,2444,71,58,
32766,16063,2437,81,54,
32766,16045,2438,68,58,
32766,16055,2443,76,61,
32766,16031,2438,81,47,
32766,16041,2442,76,43,
32766,16034,2448,76,59,
32766,16038,2443,71,58,
32766,16041,2441,75,50,
32766,16060,2437,79,48,
32766,16051,2451,73,48,
32766,16068,2447,80,58,
32766,16088,2454,82,53,
32766,16099,2455,64,39,
32766,16096,2457,79,58,
32766,16108,2459,81,49,
32766,16107,2457,78,53,
32766,16116,2458,80,67,
32766,16113,2467,77,50,
32766,16119,2457,71,48,
32766,16118,2456,77,44,
32766,16099,2455,78,47,
32766,16088,2461,81,59,
32766,16077,2448,78,48,
32766,16059,2456,78,56,
32766,16056,2451,76,55,
32766,16047,2450,74,40,
32766,16047,2458,68,48,
32766,16049,2464,73,67,
32766,16060,2454,79,54,
32766,16047,2453,78,56,
32766,16045,2450,71,48,
32766,16047,2460,70,61,
32766,16048,2453,81,62,
32766,16051,2462,63,62,
32766,16058,2454,64,51,
32766,16057,2454,79,50,
32766,16077,2461,86,47,
32766,16082,2457,76,48,
32766,16111,2466,74,53,
32766,16121,2472,76,52,
32766,16150,2475,71,46,
32766,16166,2477,81,50,
32766,16172,2479,73,52,
32766,16191,2487,80,57,
32766,16209,2488,71,54,
32766,16223,2499,61,66,
32766,16246,2482,81,59,
32766,16258,2486,71,53,
32766,16278,2497,71,63,
32766,16281,2502,72,58,
32766,16308,2512,68,35,
32766,16315,2509,80,52,
32766,16345,2515,77,57,
32766,16390,2519,79,47,
32766,16421,2525,82,56,
32766,16460,2530,66,47,
32766,16494,2554,74,40,
32766,16534,2551,81,39,
32766,16555,2558,83,62,
32766,16586,2573,73,50,
32766,16601,2571,70,50,
32766,16622,2579,80,55,
32766,16641,2577,85,53,
32766,16647,2578,69,60,
32766,16679,2588,71,51,
32766,16690,2582,74,55,
32766,16712,2589,71,45,
32766,16724,2599,79,54,
32766,16744,2600,71,48,
32766,16751,2603,71,50,
32766,16768,2605,87,54,
32766,16779,2606,71,47,
32766,16767,2615,70,50,
32766,16768,2613,82,43,
32766,16749,2614,76,48,
32766,16745,2608,63,53,
32766,16728,2596,76,52,
32766,16724,2608,79,57,
32766,16709,2609,79,63,
32766,16720,2601,79,50,
32766,16720,2609,71,57,
32766,16746,2619,76,55,
32766,16748,2615,80,48,
32766,16773,2620,69,50,
32766,16784,2631,78,60,
32766,16805,2638,79,46,
32766,16819,2632,86,50,
32766,16831,2643,85,51,
32766,16851,2643,76,52,
32766,16859,2650,77,55,
32766,16851,2653,86,46,
32766,16873,2648,81,54,
32766,16863,2655,82,43,
32766,16858,2659,81,52,
32766,16862,2664,80,45,
32766,16845,2649,74,53,
32766,16843,2661,76,50,
32766,16829,2652,77,60,
32766,16824,2659,77,51,
32766,16830,2659,76,56,
32766,16819,2660,79,45,
32766,16816,2644,77,54,
32766,16807,2656,86,46,
32766,16791,2639,70,38,
32766,16768,2640,71,53,
32766,16754,2643,84,37,
32766,16735,2631,74,54,
32766,16717,2628,84,56,
32766,16686,2627,80,48,
32766,16665,2620,75,50,
32766,16614,2614,82,39,
32766,16590,2605,77,47,
32766,16551,2602,79,48,
32766,16507,2593,76,47,
32766,16479,2595,78,46,
32766,16448,2585,74,51,
32766,16415,2580,78,54,
32766,16390,2578,72,55,
32766,16369,2561,70,52,
32766,16336,2564,69,49,
32766,16327,2561,83,44,
32766,16306,2565,80,36,
32766,16294,2560,70,59,
32766,16273,2554,78,42,
32766,16257,2555,72,47,
32766,16218,2549,81,50,
32766,16175,2534,72,45,
32766,16125,2528,83,55,
32766,16066,2505,80,51,
32766,16006,2501,78,58,
32766,15947,2499,82,52,
32766,15913,2483,73,42,
32766,15867,2475,77,49,
32766,15836,2465,77,55,
32766,15800,2471,82,51,
32766,15788,2453,73,58,
32766,15779,2457,75,47,
32766,15756,2463,69,57,
32766,15762,2440,70,48,
32766,15766,2444,77,53,
32766,15772,2447,78,50,
32766,15771,2450,87,41,
32766,15773,2445,71,54,
32766,15777,2447,78,50,
32766,15771,2454,74,50,
32766,15787,2443,75,59,
32766,15791,2458,74,56,
32766,15796,2452,76,58,
32766,15813,2450,76,52,
32766,15847,2470,92,58,
32766,15887,2476,79,51,
32766,15933,2486,70,64,
32766,15993,2491,72,43,
32766,16049,2508,75,57,
32766,16092,2524,81,58,
32766,16141,2538,72,48,
32766,16166,2538,85,54,
32766,16174,2534,83,54,
32766,16209,2541,75,51,
32766,16261,2540,77,50,
32766,16310,2561,76,58,
32766,16364,2573,80,53,
32766,16420,2581,77,51,
32766,16500,2597,86,56,
32766,16563,2614,74,50,
32766,16625,2632,76,51,
32766,16684,2649,81,50,
32766,16737,2660,78,37,
32766,16771,2677,65,53,
32766,16837,2679,75,48,
32766,16890,2694,86,49,
32766,16945,2719,75,53,
32766,17007,2730,73,53,
32766,17066,2743,73,49,
32766,17120,2769,77,56,
32766,17181,2773,77,54,
32766,17217,2799,74,50,
32766,17250,2804,80,41,
32766,17279,2813,81,52,
32766,17300,2811,76,48,
32766,17312,2823,75,48,
32766,17335,2823,84,54,
32766,17355,2831,73,51,
32766,17372,2844,85,50,
32766,17390,2839,71,45,
32766,17411,2854,80,41,
32766,17422,2854,80,59,
32766,17460,2867,79,59,
32766,17487,2875,74,55,
32766,17528,2891,75,49,
32766,17567,2907,74,42,
32766,17628,2916,73,50,
32766,17672,2932,82,46,
32766,17698,2951,72,60,
32766,17724,2943,83,49,
32766,17741,2966,78,51,
32766,17753,2963,65,45,
32766,17749,2970,76,42,
32766,17764,2978,79,55,
32766,17755,2968,86,53,
32766,17766,2974,83,57,
32766,17763,2977,82,50,
32766,17741,2982,78,53,
32766,17722,2978,77,57,
32766,17710,2978,78,47,
32766,17688,2970,83,56,
32766,17650,2952,82,54,
32766,17629,2955,76,50,
32766,17606,2937,80,52,
32766,17583,2944,79,48,
32766,17568,2940,74,47,
32766,17566,2936,70,50,
32766,17549,2941,78,48,
32766,17548,2935,73,55,
32766,17537,2931,70,60,
32766,17532,2931,73,52,
32766,17530,2930,76,44,
32766,17510,2931,89,52,
32766,17500,2929,72,51,
32766,17500,2917,73,51,
32766,17476,2919,76,49,
32766,17435,2909,81,57,
32766,17405,2892,75,56,
32766,17360,2876,78,53,
32766,17313,2868,77,46,
32766,17259,2840,79,49,
32766,17213,2835,75,45,
32766,17174,2822,78,57,
32766,17158,2809,76,45,
32766,17156,2820,73,46,
32766,17141,2805,74,57,
32766,17135,2809,74,58,
32766,17120,2801,83,53,
32766,17123,2800,73,46,
32766,17107,2800,74,46,
32766,17082,2796,73,49,
32766,17072,2785,80,50,
32766,17050,2786,80,54,
32766,17054,2787,76,55,
32766,17040,2792,78,52,
32766,17041,2800,79,56,
32766,17015,2780,82,49,
32766,17012,2778,83,45,
32766,17004,2778,83,58,
32766,16992,2768,80,46,
32766,16977,2773,85,54,
32766,16979,2775,69,46,
32766,16979,2769,82,50,
32766,16982,2767,86,46,
32766,16979,2759,76,43,
32766,16989,2773,77,49,
32766,16983,2774,83,55,
32766,16974,2762,77,54,
32766,16976,2768,76,54,
32766,16962,2770,77,56,
32766,16957,2756,76,52,
32766,16963,2750,79,40,
32766,16944,2765,74,57,
32766,16956,2752,79,59,
32766,16969,2772,75,59,
32766,17012,2765,78,58,
32766,17022,2777,71,50,
32766,17046,2795,81,57,
32766,17062,2797,73,51,
32766,17085,2799,81,46,
32766,17102,2802,67,45,
32766,17111,2793,76,51,
32766,17120,2810,82,47,
32766,17134,2805,87,58,
32766,17139,2808,73,53,
32766,17158,2810,74,51,
32766,17175,2822,77,48,
32766,17195,2822,87,41,
32766,17209,2821,81,51,
32766,17234,2826,77,45,
32766,17229,2829,79,47,
32766,17228,2833,79,48,
32766,17241,2830,83,43,
32766,17239,2834,69,54,
32766,17248,2835,73,56,
32766,17242,2831,79,43,
32766,17242,2843,73,46,
32766,17251,2842,82,54,
32766,17233,2839,76,41,
32766,17236,2837,78,48,
32766,17234,2830,72,53,
32766,17221,2833,73,48,
32766,17219,2827,81,45,
32766,17215,2839,78,52,
32766,17224,2841,81,42,
32766,17234,2839,78,53,
32766,17237,2847,86,50,
32766,17235,2836,66,56,
32766,17239,2846,63,41,
32766,17242,2844,80,57,
32766,17248,2843,69,60,
32766,17256,2855,77,55,
32766,17262,2856,80,47,
32766,17272,2853,82,51,
32766,17282,2859,76,45,
32766,17292,2856,73,52,
32766,17279,2855,77,42,
32766,17291,2864,77,60,
32766,17298,2859,82,52,
32766,17315,2870,79,51,
32766,17322,2873,74,52,
32766,17343,2871,76,49,
32766,17353,2882,76,51,
32766,17364,2890,83,49,
32766,17371,2881,80,45,
32766,17347,2887,83,53,
32766,17345,2885,79,47,
32766,17336,2873,77,60,
32766,17310,2860,80,47,
32766,17292,2863,82,46,
32766,17300,2857,83,48,
32766,17294,2863,78,46,
32766,17317,2866,66,47,
32766,17335,2877,79,51,
32766,17357,2876,66,52,
32766,17364,2894,78,51,
32766,17372,2881,79,47,
32766,17374,2889,73,44,
32766,17367,2883,70,54,
32766,17349,2879,74,61,
32766,17330,2864,77,59,
32766,17318,2863,75,43,
32766,17277,2846,80,54,
32766,17240,2852,78,54,
32766,17196,2838,65,52,
32766,17121,2816,72,41,
32766,17041,2778,84,53,
32766,16956,2758,80,52,
32766,16861,2721,75,47,
32766,16774,2693,78,46,
32766,16692,2672,87,40,
32766,16621,2656,75,48,
32766,16574,2638,79,52,
32766,16537,2629,70,51,
32766,16515,2629,71,64,
32766,16495,2622,67,54,
32766,16457,2617,81,49,
32766,16457,2610,76,45,
32766,16441,2613,75,48,
32766,16424,2600,81,49,
32766,16411,2595,79,60,
32766,16408,2598,77,54,
32766,16379,2589,70,48,
32766,16383,2602,78,48,
32766,16387,2595,82,56,
32766,16383,2600,83,63,
32766,16406,2596,78,48,
32766,16416,2598,68,45,
32766,16422,2592,82,50,
32766,16437,2594,81,45,
32766,16459,2598,81,59,
32766,16480,2601,84,54,
32766,16502,2607,77,45,
32766,16521,2606,81,43,
32766,16538,2620,77,46,
32766,16541,2628,79,51,
32766,16546,2618,76,50,
32766,16537,2622,70,52,
32766,16565,2632,70,53,
32766,16591,2644,76,43,
32766,16617,2641,71,42,
32766,16663,2651,82,48,
32766,16704,2655,64,39,
32766,16754,2676,82,51,
32766,16776,2683,75,50,
32766,16842,2704,76,54,
32766,16925,2723,81,55,
32766,16990,2736,79,42,
32766,17057,2769,72,47,
32766,17124,2780,74,60,
32766,17176,2796,74,51,
32766,17229,2810,76,51,
32766,17262,2810,70,49,
32766,17276,2839,75,55,
32766,17281,2822,73,43,
32766,17277,2828,78,46,
32766,17278,2827,83,51,
32766,17269,2821,65,54,
32766,17254,2831,76,58,
32766,17237,2820,78,48,
32766,17202,2815,74,42,
32766,17194,2813,81,57,
32766,17179,2812,80,51,
32766,17155,2805,80,53,
32766,17131,2795,75,45,
32766,17141,2787,71,43,
32766,17137,2792,78,45,
32766,17136,2798,80,54,
32766,17139,2797,77,55,
32766,17142,2791,76,55,
32766,17156,2801,77,47,
32766,17173,2807,81,58,
32766,17177,2810,75,52,
32766,17185,2809,72,61,
32766,17231,2816,76,47,
32766,17275,2833,74,52,
32766,17319,2849,77,52,
32766,17356,2862,74,54,
32766,17364,2864,79,45,
32766,17367,2870,66,45,
32766,17370,2869,74,53,
32766,17347,2867,77,47,
32766,17343,2859,73,54,
32766,17313,2844,76,36,
32766,17289,2853,79,42,
32766,17282,2843,75,47,
32766,17291,2849,72,48,
32766,17318,2857,77,52,
32766,17350,2867,78,55,
32766,17399,2875,77,50,
32766,17443,2899,77,48,
32766,17518,2926,86,60,
32766,17588,2941,77,59,
32766,17675,2978,72,46,
32766,17747,3000,72,47,
32766,17825,3019,79,48,
32766,17910,3060,83,51,
32766,18008,3095,79,49,
32766,18115,3135,77,47,
32766,18193,3174,66,45,
32766,18280,3205,87,54,
32766,18332,3225,82,52,
32766,18387,3255,75,45,
32766,18429,3270,76,58,
32766,18447,3283,70,41,
32766,18480,3295,71,43,
32766,18508,3305,82,50,
32766,18537,3327,76,48,
32766,18561,3328,80,47,
32766,18581,3353,80,56,
32766,18599,3353,77,50,
32766,18606,3357,79,50,
32766,18615,3382,91,46,
32766,18608,3378,81,54,
32766,18623,3389,84,57,
32766,18624,3389,82,39,
32766,18624,3416,80,51,
32766,18648,3409,70,47,
32766,18648,3435,81,47,
32766,18659,3436,73,45,
32766,18656,3439,75,48,
32766,18662,3457,83,48,
32766,18682,3467,74,47,
32766,18700,3476,77,49,
32766,18705,3491,79,57,
32766,18722,3509,78,45,
32766,18741,3526,78,52,
32766,18757,3524,77,40,
32766,18766,3546,82,39,
32766,18771,3551,72,43,
32766,18763,3560,89,39,
32766,18767,3557,67,50,
32766,18758,3549,85,50,
32766,18759,3562,63,46,
32766,18755,3553,74,40,
32766,18771,3563,79,40,
32766,18778,3575,77,51,
32766,18792,3585,67,44,
32766,18802,3597,86,54,
32766,18829,3607,84,46,
32766,18844,3630,72,50,
32766,18857,3634,81,53,
32766,18874,3644,81,49,
32766,18885,3653,87,48,
32766,18906,3660,79,55,
32766,18867,3652,79,50,
32766,18878,3644,73,56,
32766,18857,3632,85,46,
32766,18841,3628,77,41,
32766,18828,3606,78,50,
32766,18822,3603,87,39,
32766,18823,3619,90,52,
32766,18823,3630,85,55,
32766,18821,3624,81,54,
32766,18849,3630,83,46,
32766,18853,3639,75,45,
32766,18851,3655,78,44,
32766,18870,3652,85,50,
32766,18868,3648,82,47,
32766,18871,3662,81,55,
32766,18885,3660,66,54,
32766,18883,3659,83,52,
32766,18892,3670,78,47,
32766,18887,3674,77,46,
32766,18907,3671,74,33,
32766,18897,3682,68,48,
32766,18891,3686,84,48,
32766,18901,3688,82,44,
32766,18889,3677,76,50,
32766,18900,3683,83,55,
32766,18885,3679,76,47,
32766,18877,3676,74,51,
32766,18879,3670,89,49,
32766,18889,3679,79,57,
32766,18875,3685,77,49,
32766,18883,3677,78,49,
32766,18908,3701,71,42,
32766,18922,3707,79,50,
32766,18952,3723,75,48,
32766,18963,3742,88,50,
32766,18999,3742,80,50,
32766,19019,3758,79,50,
32766,19048,3772,77,50,
32766,19077,3793,75,50,
32766,19105,3802,76,46,
32766,19114,3809,78,56,
32766,19139,3825,76,45,
32766,19153,3833,78,45,
32766,19160,3837,85,52,
32766,19159,3840,86,55,
32766,19174,3856,78,42,
32766,19182,3850,82,49,
32766,19191,3872,90,49,
32766,19206,3876,74,51,
32766,19228,3896,72,58,
32766,19238,3902,75,53,
32766,19237,3903,80,51,
32766,19251,3919,79,52,
32766,19274,3934,78,54,
32766,19291,3943,73,53,
32766,19316,3979,86,47,
32766,19331,3981,77,49,
32766,19345,4001,87,56,
32766,19369,4003,75,48,
32766,19363,4013,81,46,
32766,19378,4028,80,37,
32766,19380,4031,83,49,
32766,19396,4037,93,47,
32766,19385,4034,83,33,
32766,19400,4053,83,44,
32766,19398,4042,82,43,
32766,19388,4041,88,47,
32766,19378,4038,78,50,
32766,19380,4026,75,55,
32766,19365,4030,88,50,
32766,19370,4030,76,45,
32766,19374,4025,75,55,
32766,19369,4019,75,56,
32766,19359,4019,84,47,
32766,19351,4035,73,56,
32766,19371,4030,91,49,
32766,19379,4049,83,40,
32766,19395,4052,85,41,
32766,19403,4061,72,50,
32766,19418,4086,77,51,
32766,19435,4101,84,47,
32766,19450,4117,80,58,
32766,19471,4125,84,52,
32766,19479,4134,94,39,
32766,19498,4153,81,56,
32766,19514,4172,80,59,
32766,19527,4189,83,46,
32766,19542,4197,72,46,
32766,19543,4228,88,59,
32766,19571,4239,83,44,
32766,19586,4267,84,50,
32766,19588,4281,83,53,
32766,19615,4311,86,50,
32766,19634,4342,73,53,
32766,19661,4372,83,42,
32766,19698,4414,80,44,
32766,19729,4438,80,43,
32766,19749,4470,76,49,
32766,19768,4487,81,45,
32766,19783,4522,78,38,
32766,19806,4554,77,54,
32766,19831,4568,84,48,
32766,19862,4613,88,49,
32766,19879,4647,75,49,
32766,19889,4668,77,47,
32766,19875,4680,84,47,
32766,19867,4684,89,58,
32766,19851,4674,82,43,
32766,19839,4654,80,46,
32766,19812,4662,86,45,
32766,19823,4666,85,41,
32766,19814,4672,85,48,
32766,19818,4697,92,45,
32766,19820,4709,83,41,
32766,19839,4741,84,54,
32766,19857,4771,78,45,
32766,19879,4814,78,48,
32766,19894,4845,92,53,
32766,19911,4886,87,47,
32766,19931,4908,81,36,
32766,19934,4915,82,46,
32766,19948,4923,82,59,
32766,19941,4917,77,51,
32766,19930,4913,74,46,
32766,19924,4881,91,49,
32766,19903,4858,76,46,
32766,19875,4827,81,49,
32766,19852,4805,81,51,
32766,19833,4761,82,48,
32766,19799,4741,77,40,
32766,19782,4695,94,52,
32766,19771,4678,74,55,
32766,19760,4656,75,44,
32766,19740,4639,78,58,
32766,19733,4612,88,55,
32766,19733,4604,86,44,
32766,19736,4599,79,46,
32766,19740,4595,83,50,
32766,19751,4594,91,44,
32766,19747,4598,87,46,
32766,19743,4595,72,48,
32766,19755,4601,72,47,
32766,19763,4615,82,44,
32766,19766,4626,84,50,
32766,19782,4644,80,50,
32766,19787,4649,81,46,
32766,19788,4664,93,48,
32766,19782,4664,77,42,
32766,19783,4663,84,42,
32766,19785,4664,79,56,
32766,19792,4683,81,46,
32766,19807,4679,81,50,
32766,19804,4680,80,50,
32766,19811,4689,79,55,
32766,19813,4677,88,46,
32766,19823,4697,84,39,
32766,19833,4702,86,45,
32766,19836,4716,87,49,
32766,19849,4721,78,45,
32766,19862,4721,86,46,
32766,19877,4726,90,54,
32766,19865,4733,70,43,
32766,19890,4738,73,54,
32766,19895,4747,90,46,
32766,19909,4768,87,50,
32766,19911,4776,83,59,
32766,19927,4785,84,57,
32766,19924,4796,92,51,
32766,19930,4805,83,62,
32766,19938,4809,83,42,
32766,19946,4828,82,51,
32766,19963,4839,86,48,
32766,19958,4839,86,54,
32766,19965,4833,79,50,
32766,19975,4851,85,47,
32766,19976,4853,79,48,
32766,19985,4850,83,48,
32766,19985,4867,81,48,
32766,19991,4873,87,47,
32766,19993,4873,74,57,
32766,19991,4885,84,49,
32766,19997,4888,83,56,
32766,20004,4907,83,51,
32766,20019,4925,93,50,
32766,20028,4934,80,42,
32766,20021,4932,81,48,
32766,20029,4933,86,46,
32766,20038,4934,89,51,
32766,20043,4948,82,54,
32766,20042,4948,82,48,
32766,20038,4955,88,53,
32766,20031,4954,80,40,
32766,20044,4960,78,44,
32766,20045,4967,81,43,
32766,20038,4963,87,48,
32766,20041,4962,79,44,
32766,20041,4957,85,53,
32766,20045,4955,77,50,
32766,20040,4954,85,59,
32766,20029,4955,86,48,
32766,20046,4956,79,43,
32766,20065,4961,83,36,
32766,20065,4973,90,59,
32766,20071,4974,84,52,
32766,20076,4987,85,52,
32766,20094,5006,86,49,
32766,20100,5011,82,51,
32766,20093,5013,87,32,
32766,20110,5012,81,40,
32766,20093,5010,83,41,
32766,20098,5012,81,47,
32766,20093,5001,89,42,
32766,20091,4998,95,51,
32766,20092,4997,101,50,
32766,20082,4992,84,53,
32766,20086,4997,77,50,
32766,20087,5011,89,51,
32766,20093,5003,88,49,
32766,20081,5014,86,39,
32766,20099,5020,85,50,
32766,20102,5040,84,47,
32766,20099,5047,90,43,
32766,20103,5052,88,50,
32766,20113,5058,90,52,
32766,20101,5053,88,44,
32766,20096,5059,78,49,
32766,20109,5055,86,54,
32766,20096,5048,69,52,
32766,20090,5047,88,48,
32766,20075,5040,87,55,
32766,20086,5038,74,43,
32766,20078,5032,79,48,
32766,20068,5018,93,54,
32766,20059,5010,92,29,
32766,20051,5014,90,57,
32766,20048,5001,95,56,
32766,20046,4993,79,48,
32766,20046,4992,91,40,
32766,20047,4987,78,46,
32766,20031,4999,85,46,
32766,20040,4992,74,39,
32766,20041,4983,79,36,
32766,20029,4983,85,44,
32766,20027,4984,83,49,
32766,20020,4975,87,44,
32766,20023,4964,88,46,
32766,20029,4970,82,42,
32766,20021,4973,74,41,
32766,20019,4983,92,42,
32766,20035,4999,82,48,
32766,20023,4990,92,57,
32766,20008,4985,90,49,
32766,20017,4982,78,47,
32766,20012,4975,85,54,
32766,19999,4966,79,49,
32766,20000,4950,81,47,
32766,19990,4951,80,47,
32766,19980,4937,90,44,
32766,19979,4930,77,55,
32766,19973,4915,70,49,
32766,19968,4910,86,47,
32766,19961,4915,87,45,
32766,19971,4909,89,45,
32766,19965,4912,88,52,
32766,19965,4905,77,48,
32766,19984,4912,88,62,
32766,19987,4928,85,56,
32766,19987,4928,86,49,
32766,19996,4935,87,47,
32766,19987,4941,84,40,
32766,19991,4946,79,49,
32766,19996,4936,74,53,
32766,20007,4951,80,48,
32766,20018,4947,83,45,
32766,20010,4941,78,46,
32766,20028,4952,81,48,
32766,20023,4949,88,45,
32766,20034,4960,90,50,
32766,20038,4973,92,42,
32766,20044,4994,84,51,
32766,20041,5008,79,47,
32766,20044,5015,89,50,
32766,20064,5021,88,39,
32766,20067,5050,83,52,
32766,20082,5057,89,45,
32766,20091,5070,86,46,
32766,20115,5096,89,42,
32766,20119,5120,86,56,
32766,20124,5139,76,56,
32766,20148,5163,82,43,
32766,20167,5187,86,55,
32766,20174,5200,80,47,
32766,20189,5232,80,45,
32766,20194,5246,84,45,
32766,20211,5269,87,53,
32766,20215,5276,85,56,
32766,20216,5284,85,46,
32766,20216,5297,78,41,
32766,20221,5299,82,56,
32766,20217,5309,79,47,
32766,20233,5316,81,39,
32766,20235,5317,83,45,
32766,20238,5331,87,43,
32766,20230,5334,90,50,
32766,20230,5332,66,47,
32766,20236,5341,84,44,
32766,20236,5343,81,47,
32766,20229,5342,85,45,
32766,20228,5339,90,42,
32766,20238,5345,91,46,
32766,20239,5363,89,45,
32766,20232,5364,90,48,
32766,20224,5361,82,51,
32766,20232,5360,78,48,
32766,20226,5350,87,58,
32766,20222,5348,87,43,
32766,20225,5350,90,51,
32766,20227,5355,79,53,
32766,20215,5352,82,46,
32766,20221,5354,84,52,
32766,20212,5363,87,40,
32766,20214,5361,79,53,
32766,20227,5355,77,55,
32766,20222,5369,86,47,
32766,20218,5357,82,42,
32766,20218,5343,82,50,
32766,20209,5335,86,47,
32766,20203,5333,92,46,
32766,20209,5324,87,50,
32766,20201,5323,82,49,
32766,20200,5315,79,46,
32766,20195,5303,88,61,
32766,20186,5301,88,44,
32766,20183,5284,87,53,
32766,20167,5288,86,37,
32766,20172,5271,77,50,
32766,20173,5261,89,40,
32766,20175,5264,82,56,
32766,20164,5253,93,55,
32766,20163,5253,83,60,
32766,20155,5234,89,57,
32766,20159,5221,86,51,
32766,20162,5212,83,53,
32766,20152,5197,83,58,
32766,20143,5193,93,52,
32766,20137,5176,90,45,
32766,20138,5169,80,49,
32766,20136,5166,90,60,
32766,20132,5154,86,42,
32766,20126,5142,86,50,
32766,20119,5144,97,43,
32766,20114,5124,90,48,
32766,20105,5126,85,50,
32766,20110,5114,83,47,
32766,20108,5110,86,46,
32766,20107,5105,80,37,
32766,20104,5107,84,50,
32766,20104,5103,88,49,
32766,20115,5106,92,45,
32766,20112,5112,90,51,
32766,20131,5103,86,32,
32766,20118,5112,89,40,
32766,20127,5106,87,49,
32766,20122,5110,78,47,
32766,20118,5105,88,57,
32766,20119,5094,84,59,
32766,20119,5094,90,37,
32766,20120,5074,86,38,
32766,20112,5070,79,53,
32766,20098,5072,85,52,
32766,20102,5074,87,55,
32766,20095,5072,80,48,
32766,20100,5061,87,46,
32766,20098,5057,85,42,
32766,20099,5063,89,52,
32766,20100,5064,87,54,
32766,20088,5055,80,50,
32766,20080,5047,86,55,
32766,20083,5040,84,38,
32766,20076,5042,90,54,
32766,20076,5042,85,47,
32766,20075,5037,85,38,
32766,20063,5046,85,50,
32766,20084,5037,88,56,
32766,20081,5036,94,60,
32766,20087,5045,81,44,
32766,20070,5047,78,49,
32766,20082,5048,92,44,
32766,20091,5051,92,45,
32766,20080,5044,85,53,
32766,20086,5057,83,51,
32766,20082,5049,87,53,
32766,20083,5046,84,47,
32766,20093,5049,92,48,
32766,20103,5046,82,45,
32766,20094,5048,94,48,
32766,20090,5051,80,40,
32766,20099,5057,90,51,
32766,20098,5053,82,40,
32766,20105,5049,87,54,
32766,20108,5050,84,53,
32766,20114,5053,90,48,
32766,20103,5060,87,50,
32766,20121,5064,75,49,
32766,20122,5069,86,47,
32766,20119,5077,83,40,
32766,20119,5074,76,52,
32766,20117,5072,88,53,
32766,20118,5084,77,36,
32766,20123,5073,91,51,
32766,20119,5078,91,51,
32766,20133,5092,84,51,
32766,20120,5085,84,50,
32766,20120,5077,74,50,
32766,20124,5077,71,50,
32766,20132,5072,87,46,
32766,20134,5075,86,52,
32766,20129,5073,91,49,
32766,20141,5088,76,44,
32766,20142,5108,85,55,
32766,20145,5109,83,43,
32766,20163,5111,80,46,
32766,20162,5131,82,53,
32766,20157,5119,86,40,
32766,20156,5128,88,46,
32766,20161,5123,89,54,
32766,20167,5131,80,56,
32766,20177,5128,94,49,
32766,20175,5135,81,34,
32766,20178,5147,86,52,
32766,20178,5153,100,54,
32766,20176,5152,77,53,
32766,20205,5175,75,54,
32766,20207,5174,88,42,
32766,20246,5254,86,47,
32766,20236,5296,84,51,
32766,20258,5263,87,57,
32766,20271,5291,85,50,
32766,20273,5288,76,48,
32766,20277,5245,88,51,
32766,20269,5279,88,47,
32766,20250,5250,95,54,
32766,20264,5250,90,53,
32766,20265,5281,90,50,
32766,20256,5270,96,53,
32766,20247,5241,90,48,
32766,20248,5253,83,50,
32766,20250,5263,83,49,
32766,20246,5252,90,39,
32766,20250,5254,79,39,
32766,20244,5248,82,41,
32766,20234,5262,87,35,
32766,20242,5255,83,58,
32766,20225,5235,85,48,
32766,20246,5242,83,48,
32766,20227,5234,88,54,
32766,20218,5222,85,52,
32766,20223,5229,84,39,
32766,20226,5234,84,44,
32766,20233,5245,83,44,
32766,20235,5244,86,51,
32766,20226,5233,90,50,
32766,20226,5219,93,58,
32766,20219,5225,86,43,
32766,20216,5196,88,46,
32766,20213,5202,98,46,
32766,20200,5202,87,43,
32766,20221,5217,80,52,
32766,20214,5203,92,50,
32766,20218,5196,90,60,
32766,20204,5188,72,50,
32766,20203,5185,82,49,
32766,20196,5183,96,60,
32766,20184,5171,91,46,
32766,20196,5176,86,56,
32766,20184,5156,72,48,
32766,20188,5168,90,44,
32766,20165,5154,86,49,
32766,20170,5144,86,43,
32766,20167,5141,89,46,
32766,20170,5140,84,61,
32766,20160,5131,73,44,
32766,20160,5111,87,46,
32766,20161,5110,75,49,
32766,20152,5103,96,49,
32766,20139,5107,92,41,
32766,20139,5103,77,47,
32766,20128,5093,85,49,
32766,20130,5097,76,48,
32766,20130,5084,86,40,
32766,20132,5094,82,49,
32766,20116,5088,86,56,
32766,20116,5082,78,44,
32766,20118,5082,86,52,
32766,20098,5062,82,53,
32766,20102,5060,90,41,
32766,20109,5058,76,48,
32766,20104,5051,84,48,
32766,20105,5047,84,53,
32766,20098,5041,76,57,
32766,20098,5041,80,62,
32766,20100,5041,88,42,
32766,20095,5050,80,48,
32766,20087,5050,87,47,
32766,20083,5038,84,51,
32766,20095,5030,86,45,
32766,20088,5037,76,48,
32766,20086,5037,82,46,
32766,20089,5038,81,34,
32766,20097,5031,78,43,
32766,20111,5045,81,51,
32766,20123,5065,79,55,
32766,20134,5087,88,50,
32766,20133,5090,85,50,
32766,20141,5087,92,47,
32766,20151,5104,91,45,
32766,20146,5105,71,47,
32766,20146,5101,88,50,
32766,20146,5106,87,52,
32766,20157,5102,82,55,
32766,20152,5111,72,37,
32766,20148,5103,85,38,
32766,20141,5098,87,39,
32766,20151,5098,86,62,
32766,20155,5097,90,47,
32766,20142,5092,74,47,
32766,20139,5097,76,50,
32766,20140,5089,81,47,
32766,20130,5086,87,42,
32766,20136,5087,81,49,
32766,20135,5080,90,49,
32766,20144,5088,71,59,
32766,20140,5087,71,47,
32766,20140,5098,84,52,
32766,20126,5089,90,38,
32766,20127,5069,96,49,
32766,20127,5076,81,41,
32766,20133,5085,86,57,
32766,20135,5083,87,49,
32766,20130,5088,84,45,
32766,20129,5090,78,45,
32766,20127,5094,84,47,
32766,20128,5087,81,44,
32766,20128,5091,84,46,
32766,20138,5085,84,45,
32766,20138,5080,78,52,
32766,20136,5089,82,48,
32766,20137,5076,91,40,
32766,20133,5079,88,45,
32766,20141,5092,85,47,
32766,20124,5077,88,51,
32766,20130,5081,84,53,
32766,20124,5083,83,50,
32766,20128,5090,73,48,
32766,20124,5082,84,47,
32766,20123,5086,87,46,
32766,20119,5083,82,37,
32766,20119,5082,83,49,
32766,20125,5093,82,63,
32766,20123,5085,88,56,
32766,20126,5082,84,49,
32766,20130,5081,83,46,
32766,20124,5099,84,45,
32766,20128,5097,83,49,
32766,20122,5082,71,47,
32766,20119,5087,84,46,
32766,20127,5095,84,53,
32766,20127,5084,86,47,
32766,20137,5093,89,50,
32766,20137,5099,86,52,
32766,20138,5105,90,53,
32766,20138,5109,78,54,
32766,20136,5115,84,53,
32766,20135,5118,85,53,
32766,20145,5127,89,44,
32766,20153,5133,77,40,
32766,20141,5128,95,51,
32766,20141,5135,91,52,
32766,20147,5140,78,56,
32766,20153,5140,91,42,
32766,20150,5144,71,44,
32766,20149,5152,84,52,
32766,20151,5155,88,44,
32766,20154,5161,79,44,
32766,20158,5174,86,43,
32766,20156,5188,74,49,
32766,20181,5188,94,47,
32766,20176,5195,76,47,
32766,20183,5225,88,46,
32766,20201,5235,84,44,
32766,20217,5254,78,48,
32766,20216,5267,84,50,
32766,20233,5286,82,51,
32766,20235,5297,93,49,
32766,20239,5298,86,41,
32766,20239,5310,88,39,
32766,20256,5321,76,41,
32766,20249,5329,76,45,
32766,20251,5329,84,46,
32766,20259,5324,92,48,
32766,20249,5327,81,50,
32766,20257,5335,82,49,
32766,20258,5334,81,49,
32766,20270,5335,86,41,
32766,20267,5336,82,46,
32766,20261,5346,88,47,
32766,20271,5351,88,61,
32766,20264,5352,88,54,
32766,20263,5346,87,47,
32766,20259,5351,96,43,
32766,20248,5348,88,56,
32766,20233,5348,86,50,
32766,20240,5333,89,51,
32766,20237,5316,84,44,
32766,20236,5309,89,53,
32766,20223,5310,85,37,
32766,20223,5305,95,40,
32766,20219,5307,78,36,
32766,20221,5303,83,46,
32766,20221,5291,90,44,
32766,20215,5294,88,58,
32766,20210,5287,78,42,
32766,20200,5282,85,44,
32766,20212,5279,87,51,
32766,20187,5271,88,48,
32766,20200,5256,95,41,
32766,20174,5248,84,39,
32766,20175,5238,89,41,
32766,20163,5208,79,45,
32766,20158,5210,84,48,
32766,20150,5179,85,46,
32766,20145,5177,84,45,
32766,20130,5167,84,45,
32766,20133,5163,82,46,
32766,20138,5160,83,49,
32766,20132,5163,93,48,
32766,20131,5161,73,47,
32766,20128,5157,87,49,
32766,20130,5148,86,51,
32766,20119,5144,77,57,
32766,20116,5128,98,50,
32766,20106,5126,87,49,
32766,20107,5108,86,50,
32766,20112,5119,82,52,
32766,20119,5111,92,49,
32766,20112,5113,67,42,
32766,20109,5118,74,54,
32766,20114,5118,79,47,
32766,20126,5125,86,50,
32766,20125,5110,85,63,
32766,20110,5119,86,46,
32766,20113,5117,84,50,
32766,20101,5106,81,39,
32766,20115,5090,87,37,
32766,20099,5091,89,46,
32766,20095,5082,81,51,
32766,20114,5089,88,49,
32766,20105,5073,79,47,
32766,20103,5073,98,46,
32766,20111,5072,83,45,
32766,20107,5084,76,55,
32766,20126,5075,85,47,
32766,20120,5082,84,43,
32766,20131,5072,85,52,
32766,20127,5079,75,54,
32766,20141,5103,82,52,
32766,20152,5095,78,56,
32766,20152,5106,88,42,
32766,20160,5117,78,49,
32766,20163,5109,88,52,
32766,20167,5113,83,41,
32766,20175,5099,85,49,
32766,20163,5094,82,46,
32766,20170,5091,73,50,
32766,20152,5087,81,56,
32766,20163,5083,91,42,
32766,20158,5079,82,51,
32766,20144,5082,85,50,
32766,20139,5085,82,54,
32766,20149,5082,86,56,
32766,20142,5083,88,48,
32766,20162,5079,90,57,
32766,20159,5081,89,60,
32766,20150,5074,83,57,
32766,20154,5073,87,56,
32766,20149,5084,86,47,
32766,20156,5072,91,53,
32766,20150,5080,81,48,
32766,20163,5086,91,44,
32766,20157,5093,86,52,
32766,20156,5083,86,51,
32766,20151,5087,84,54,
32766,20162,5095,82,52,
32766,20167,5095,85,42,
32766,20147,5100,77,47,
32766,20169,5112,84,46,
32766,20176,5122,87,28,
32766,20186,5137,85,62,
32766,20202,5150,93,43,
32766,20215,5185,77,52,
32766,20226,5201,81,45,
32766,20232,5201,88,49,
32766,20245,5224,85,37,
32766,20259,5239,77,37,
32766,20282,5262,90,44,
32766,20280,5285,80,47,
32766,20294,5306,79,47,
32766,20305,5320,91,46,
32766,20328,5353,90,49,
32766,20338,5373,81,46,
32766,20350,5392,82,48,
32766,20362,5429,82,42,
32766,20368,5452,83,41,
32766,20380,5471,85,44,
32766,20392,5506,72,46,
32766,20394,5520,93,49,
32766,20402,5541,90,42,
32766,20411,5564,78,42,
32766,20427,5579,80,43,
32766,20428,5589,81,45,
32766,20425,5599,84,46,
32766,20434,5608,87,46,
32766,20444,5617,95,53,
32766,20439,5638,83,49,
32766,20455,5646,89,46,
32766,20456,5660,91,58,
32766,20464,5675,80,49,
32766,20462,5686,72,53,
32766,20460,5708,86,45,
32766,20464,5722,87,48,
32766,20480,5770,96,58,
32766,20472,5766,92,45,
32766,20488,5710,81,56,
32766,20497,5770,83,50,
32766,20491,5776,89,50,
32766,20505,5776,87,42,
32766,20525,5815,86,50,
32766,20545,5825,89,49,
32766,20549,5837,85,48,
32766,20538,5858,83,51,
32766,20544,5828,82,36,
32766,20546,5830,90,55,
32766,20547,5849,79,49,
32766,20545,5852,87,60,
32766,20522,5854,85,48,
32766,20536,5865,84,51,
32766,20551,5883,90,55,
32766,20549,5891,82,51,
32766,20563,5908,92,45,
32766,20565,5918,87,48,
32766,20578,5955,87,33,
32766,20610,5976,91,42,
32766,20597,5999,88,50,
32766,20618,6024,88,43,
32766,20629,6050,86,43,
32766,20631,6073,92,49,
32766,20643,6094,83,54,
32766,20631,6114,84,57,
32766,20643,6127,93,51,
32766,20642,6145,84,54,
32766,20645,6157,90,50,
32766,20648,6176,94,38,
32766,20662,6198,85,43,
32766,20654,6217,88,62,
32766,20653,6256,89,48,
32766,20646,6265,88,47,
32766,20662,6287,86,43,
32766,20655,6301,88,50,
32766,20647,6315,85,48,
32766,20633,6325,96,46,
32766,20636,6332,84,50,
32766,20634,6367,83,38,
32766,20636,6385,90,55,
32766,20629,6398,78,50,
32766,20626,6402,82,46,
32766,20620,6416,90,46,
32766,20613,6432,83,53,
32766,20614,6454,89,56,
32766,20601,6478,95,49,
32766,20586,6486,92,53,
32766,20578,6506,93,48,
32766,20575,6515,85,48,
32766,20577,6529,85,53,
32766,20561,6529,92,48,
32766,20563,6546,87,45,
32766,20543,6538,90,37,
32766,20547,6544,82,55,
32766,20545,6550,84,55,
32766,20536,6546,93,60,
32766,20515,6543,88,54,
32766,20505,6545,82,40,
32766,20503,6547,89,50,
32766,20495,6549,94,48,
32766,20499,6547,82,53,
32766,20489,6552,90,52,
32766,20478,6555,89,53,
32766,20469,6561,81,51,
32766,20473,6555,94,44,
32766,20463,6569,88,57,
32766,20463,6566,95,47,
32766,20459,6567,94,43,
32766,20450,6570,88,40,
32766,20455,6577,78,50,
32766,20459,6572,94,51,
32766,20463,6560,89,42,
32766,20461,6560,93,51,
32766,20453,6553,98,55,
32766,20464,6551,98,48,
32766,20452,6531,87,49,
32766,20448,6531,86,51,
32766,20459,6532,84,56,
32766,20447,6530,83,41,
32766,20453,6531,94,49,
32766,20454,6539,93,52,
32766,20463,6536,93,53,
32766,20468,6548,95,44,
32766,20480,6560,94,44,
32766,20471,6562,95,48,
32766,20467,6564,94,60,
32766,20481,6566,93,40,
32766,20493,6572,88,52,
32766,20492,6565,101,47,
32766,20494,6569,92,49,
32766,20495,6572,90,50,
32766,20491,6565,101,46,
32766,20495,6558,102,59,
32766,20489,6549,89,44,
32766,20498,6552,89,48,
32766,20501,6550,96,51,
32766,20489,6533,91,40,
32766,20494,6541,94,51,
32766,20499,6542,97,50,
32766,20501,6537,104,49,
32766,20495,6546,98,47,
32766,20502,6546,85,36,
32766,20505,6544,94,44,
32766,20506,6532,95,52,
32766,20502,6536,88,50,
32766,20504,6515,103,52,
32766,20498,6516,86,53,
32766,20505,6512,92,49,
32766,20505,6510,92,48,
32766,20517,6503,89,52,
32766,20520,6505,89,43,
32766,20520,6498,83,44,
32766,20527,6505,94,57,
32766,20518,6497,91,54,
32766,20525,6500,77,56,
32766,20521,6509,95,43,
32766,20512,6503,86,54,
32766,20521,6500,93,41,
32766,20512,6515,88,52,
32766,20518,6515,91,55,
32766,20527,6516,97,47,
32766,20526,6514,89,50,
32766,20522,6524,84,43,
32766,20520,6525,89,49,
32766,20522,6523,90,57,
32766,20523,6518,85,54,
32766,20525,6519,86,49,
32766,20515,6522,95,44,
32766,20524,6521,87,47,
32766,20533,6517,90,42,
32766,20532,6520,91,53,
32766,20524,6531,89,47,
32766,20528,6526,94,48,
32766,20525,6531,79,37,
32766,20528,6535,90,38,
32766,20528,6526,89,43,
32766,20523,6527,88,51,
32766,20525,6537,90,54,
32766,20520,6549,89,50,
32766,20533,6558,93,59,
32766,20528,6548,91,51,
32766,20534,6547,89,51,
32766,20532,6543,92,49,
32766,20525,6553,87,48,
32766,20529,6546,92,43,
32766,20521,6554,90,51,
32766,20528,6548,94,48,
32766,20527,6541,96,46,
32766,20525,6556,86,40,
32766,20540,6556,90,53,
32766,20525,6559,82,46,
32766,20534,6555,96,49,
32766,20525,6559,93,47,
32766,20524,6566,86,50,
32766,20530,6561,97,58,
32766,20527,6558,100,53,
32766,20518,6562,99,44,
32766,20523,6560,90,47,
32766,20530,6555,89,56,
32766,20532,6569,96,51,
32766,20525,6566,101,41,
32766,20528,6576,82,48,
32766,20517,6558,84,54,
32766,20522,6562,89,47,
32766,20527,6565,94,52,
32766,20524,6567,91,53,
32766,20538,6559,92,50,
32766,20538,6570,87,40,
32766,20532,6575,95,41,
32766,20527,6591,91,59,
32766,20542,6603,87,53,
32766,20545,6616,95,43,
32766,20546,6620,96,46,
32766,20540,6635,91,52,
32766,20545,6631,94,49,
32766,20544,6626,91,43,
32766,20554,6615,89,37,
32766,20554,6609,95,47,
32766,20561,6607,86,46,
32766,20554,6604,87,52,
32766,20560,6595,85,45,
32766,20551,6597,93,46,
32766,20537,6587,84,55,
32766,20543,6592,95,64,
32766,20545,6582,96,52,
32766,20543,6582,90,45,
32766,20552,6586,98,49,
32766,20544,6581,87,45,
32766,20544,6579,91,50,
32766,20533,6584,89,56,
32766,20552,6570,86,55,
32766,20550,6563,96,30,
32766,20552,6559,92,50,
32766,20547,6563,82,53,
32766,20536,6562,99,47,
32766,20543,6548,89,49,
32766,20550,6568,91,49,
32766,20549,6567,96,57,
32766,20546,6555,93,46,
32766,20541,6562,89,46,
32766,20541,6560,87,48,
32766,20549,6556,83,47,
32766,20552,6555,92,49,
32766,20540,6547,98,53,
32766,20544,6534,96,51,
32766,20545,6536,90,53,
32766,20544,6540,89,46,
32766,20547,6541,92,51,
32766,20539,6544,104,42,
32766,20539,6537,93,53,
32766,20541,6538,96,46,
32766,20547,6546,95,52,
32766,20538,6539,96,50,
32766,20535,6542,89,42,
32766,20544,6539,91,36,
32766,20545,6536,91,53,
32766,20541,6537,94,54,
32766,20541,6539,92,57,
32766,20554,6530,92,55,
32766,20539,6538,82,41,
32766,20534,6553,95,45,
32766,20546,6550,77,53,
32766,20545,6552,86,49,
32766,20540,6562,82,64,
32766,20540,6561,87,48,
32766,20540,6564,78,49,
32766,20541,6553,79,43,
32766,20546,6561,85,59,
32766,20555,6571,90,47,
32766,20555,6571,91,42,
32766,20545,6571,96,50,
32766,20547,6575,89,56,
32766,20543,6574,94,45,
32766,20546,6583,90,49,
32766,20549,6576,94,47,
32766,20549,6577,94,50,
32766,20558,6586,81,55,
32766,20559,6606,95,45,
32766,20564,6616,91,48,
32766,20551,6615,81,51,
32766,20564,6619,87,50,
32766,20557,6636,94,41,
32766,20571,6660,93,50,
32766,20563,6663,92,51,
32766,20569,6663,85,50,
32766,20561,6665,83,44,
32766,20561,6673,98,50,
32766,20568,6666,87,55,
32766,20565,6675,92,54,
32766,20556,6667,99,59,
32766,20542,6660,99,56,
32766,20540,6650,98,50,
32766,20527,6630,85,53,
32766,20516,6608,84,38,
32766,20512,6579,86,44,
32766,20494,6547,86,52,
32766,20488,6519,83,50,
32766,20480,6475,96,48,
32766,20483,6444,92,51,
32766,20462,6410,85,49,
32766,20458,6375,91,49,
32766,20464,6347,95,37,
32766,20442,6306,87,49,
32766,20432,6259,86,46,
32766,20420,6220,90,41,
32766,20417,6185,95,47,
32766,20409,6151,95,43,
32766,20398,6107,75,47,
32766,20392,6078,84,47,
32766,20376,6042,88,47,
32766,20359,5993,85,54,
32766,20343,5939,80,50,
32766,20348,5902,83,56,
32766,20322,5867,83,46,
32766,20322,5844,87,45,
32766,20314,5822,88,53,
32766,20306,5795,85,48,
32766,20307,5771,85,50,
32766,20311,5742,89,48,
32766,20299,5708,92,51,
32766,20304,5671,89,44,
32766,20286,5664,86,42,
32766,20290,5643,89,37,
32766,20276,5617,94,45,
32766,20281,5623,98,38,
32766,20272,5626,91,52,
32766,20262,5662,87,44,
32766,20275,5694,90,47,
32766,20259,5716,94,52,
32766,20255,5760,90,56,
32766,20269,5783,88,46,
32766,20278,5807,85,48,
32766,20270,5821,93,52,
32766,20274,5833,94,46,
32766,20274,5835,87,46,
32766,20283,5841,86,46,
32766,20276,5837,95,48,
32766,20286,5826,89,48,
32766,20269,5810,86,53,
32766,20258,5809,89,49,
32766,20258,5815,91,59,
32766,20270,5806,79,45,
32766,20269,5805,86,48,
32766,20267,5794,81,46,
32766,20259,5793,95,44,
32766,20248,5794,88,43,
32766,20224,5808,89,41,
32766,20204,5808,74,41,
32766,20189,5842,81,54,
32766,20182,5889,89,42,
32766,20192,5933,92,47,
32766,20201,5997,96,46,
32766,20218,6052,88,50,
32766,20236,6131,88,48,
32766,20255,6203,88,50,
32766,20270,6274,89,44,
32766,20304,6328,83,41,
32766,20340,6351,84,53,
32766,20376,6350,89,47,
32766,20391,6360,98,54,
32766,20412,6398,105,50,
32766,20418,6449,83,40,
32766,20423,6486,96,45,
32766,20436,6525,92,54,
32766,20419,6603,89,54,
32766,20386,6717,91,55,
32766,20357,6914,103,56,
32766,20316,7136,86,42,
32766,20268,7364,106,47,
32766,20168,7596,96,45,
32737,20046,7875,92,46,
32602,19932,8132,92,57,
32212,19830,8349,102,44,
31813,19711,8532,100,47,
31405,19568,8698,110,46,
31034,19439,8877,100,59,
30647,19273,9039,109,56,
30247,19096,9202,101,54,
29852,18936,9338,114,45,
29526,18756,9471,108,54,
29216,18595,9569,124,55,
28932,18456,9647,111,49,
28670,18315,9713,114,52,
28444,18189,9770,112,55,
28235,18073,9806,118,60,
28023,17945,9861,124,57,
27828,17852,9905,112,55,
27660,17756,9938,114,55,
27536,17686,9978,133,66,
27424,17621,10016,131,60,
27344,17584,10036,130,64,
27273,17558,10060,128,57,
27233,17532,10091,136,63,
27233,17528,10101,130,64,
27243,17540,10115,129,49,
27288,17571,10137,132,68,
27365,17623,10136,129,55,
27461,17678,10143,129,69,
27601,17768,10137,134,57,
27762,17860,10120,148,58,
27988,17995,10071,134,63,
28464,18262,9849,123,51,
28582,18293,9669,127,55,
27823,17828,9728,128,67,
27032,17370,9881,124,59,
26500,17088,10019,136,53,
25959,16758,10117,135,65,
25671,16588,10161,140,58,
25504,16475,10197,134,64,
25397,16405,10260,144,66,
25350,16348,10312,148,65,
25338,16322,10364,144,53,
25298,16270,10411,137,59,
25288,16227,10462,140,69,
25264,16209,10488,147,65,
25226,16159,10508,148,63,
25206,16149,10543,149,68,
25165,16136,10558,149,77,
25160,16124,10561,147,58,
25146,16120,10571,147,70,
25166,16138,10574,153,61,
25182,16164,10576,161,67,
25206,16189,10578,150,57,
25242,16191,10597,153,72,
25282,16220,10599,150,70,
25306,16227,10624,145,63,
25340,16249,10643,154,68,
25377,16257,10664,141,47,
25422,16270,10679,158,64,
25436,16290,10693,153,69,
25466,16291,10720,156,70,
25501,16295,10728,159,61,
25529,16306,10743,150,60,
25523,16304,10752,149,74,
25546,16314,10739,166,64,
25551,16311,10752,147,72,
25562,16319,10753,160,76,
25589,16338,10755,152,71,
25585,16343,10759,156,57,
25616,16358,10759,150,73,
25632,16376,10753,159,70,
25647,16387,10763,156,67,
25677,16403,10761,150,68,
25716,16421,10752,155,64,
25770,16456,10757,146,67,
25801,16483,10753,150,66,
25842,16500,10757,153,57,
25879,16525,10760,160,82,
25935,16555,10754,157,64,
25948,16560,10751,159,66,
25966,16581,10756,160,68,
25978,16585,10743,155,68,
25999,16608,10748,158,67,
26001,16613,10728,152,69,
26011,16631,10725,152,65,
26027,16639,10725,150,74,
26037,16653,10723,157,67,
26061,16674,10722,154,66,
26070,16683,10711,149,66,
26082,16721,10686,148,61,
26105,16723,10677,157,74,
26118,16749,10666,160,75,
26151,16764,10647,157,70,
26173,16792,10640,152,61,
26194,16810,10626,152,69,
26205,16835,10612,151,65,
26240,16858,10593,147,61,
26260,16878,10570,144,66,
26274,16902,10564,148,75,
26293,16927,10548,139,68,
26322,16936,10526,146,65,
26358,16961,10507,138,66,
26385,17000,10484,149,63,
26415,17033,10475,156,63,
26439,17046,10459,150,70,
26461,17055,10446,150,62,
26478,17084,10440,144,62,
26505,17098,10423,140,64,
26525,17120,10414,146,69,
26549,17126,10402,143,54,
26581,17160,10412,146,66,
26599,17170,10391,148,60,
26650,17196,10381,140,61,
26672,17218,10369,141,61,
26649,17203,10357,149,73,
26817,17322,10316,146,66,
26742,17274,10325,144,59,
26734,17258,10316,147,67,
26812,17315,10310,139,60,
26826,17312,10299,154,59,
26844,17330,10286,148,53,
26860,17342,10287,144,56,
26847,17315,10286,143,62,
26894,17373,10261,137,55,
26954,17393,10250,135,58,
26917,17371,10249,137,66,
26916,17385,10225,133,61,
26955,17409,10204,132,63,
26973,17431,10176,141,64,
26972,17424,10157,143,60,
26987,17441,10143,131,56,
27008,17456,10118,130,61,
27037,17473,10089,140,60,
27034,17468,10081,136,76,
27049,17488,10063,136,62,
27098,17500,10051,142,53,
27120,17508,10039,140,69,
27119,17523,10046,134,59,
27126,17522,10046,133,64,
27136,17519,10035,136,63,
27143,17526,10045,140,64,
27136,17516,10038,138,56,
27127,17507,10047,130,64,
27112,17492,10064,140,57,
27107,17490,10063,136,65,
27096,17470,10064,142,58,
27093,17468,10064,141,66,
27075,17474,10059,126,63,
27078,17467,10066,136,54,
27084,17459,10070,139,60,
27100,17464,10055,133,61,
27104,17472,10052,136,68,
27099,17476,10037,141,60,
27133,17485,10034,129,56,
27131,17496,10036,138,64,
27149,17497,10023,129,61,
27158,17510,10034,139,62,
27172,17512,10012,131,64,
27179,17528,10006,128,59,
27195,17521,9999,134,66,
27196,17528,10008,140,59,
27216,17544,10001,133,58,
27221,17539,10000,139,56,
27223,17546,9989,129,71,
27233,17546,9985,139,45,
27242,17551,9976,134,53,
27257,17566,9963,140,55,
27260,17574,9961,126,73,
27279,17577,9951,140,59,
27278,17582,9954,136,67,
27289,17590,9945,140,63,
27300,17587,9932,128,57,
27328,17605,9930,125,58,
27315,17605,9924,131,65,
27322,17601,9913,137,62,
27322,17592,9905,133,57,
27327,17607,9891,140,70,
27311,17604,9890,130,61,
27323,17594,9905,133,65,
27308,17593,9903,137,64,
27301,17587,9896,128,60,
27283,17567,9901,128,61,
27263,17568,9897,130,66,
27257,17557,9907,146,56,
27244,17541,9914,139,60,
27208,17510,9941,141,61,
27172,17503,9967,139,67,
27135,17488,9991,132,58,
27125,17464,10013,135,59,
27100,17443,10053,137,67,
27070,17434,10063,131,52,
27067,17410,10084,146,70,
27054,17416,10099,125,63,
27043,17410,10113,139,53,
27035,17403,10141,140,60,
27035,17399,10141,141,58,
27029,17392,10164,136,59,
27022,17388,10181,142,62,
27012,17373,10195,134,69,
27009,17364,10215,147,58,
26991,17373,10224,146,65,
26990,17353,10244,131,56,
26977,17355,10244,133,54,
26969,17340,10265,141,64,
26965,17335,10286,138,61,
26948,17315,10295,144,61,
26925,17297,10303,142,72,
26899,17266,10331,135,60,
26850,17223,10349,135,59,
26788,17179,10383,144,55,
26750,17132,10415,138,61,
26707,17090,10460,137,58,
26690,17059,10499,140,63,
26703,17060,10528,144,58,
26735,17067,10571,144,60,
26778,17094,10614,146,61,
26847,17122,10647,145,68,
26866,17150,10670,143,62,
26873,17172,10671,149,56,
26865,17194,10636,136,59,
26828,17192,10601,141,63,
26789,17199,10550,140,62,
26774,17224,10487,149,61,
26751,17250,10421,147,69,
26768,17283,10350,137,59,
26759,17316,10292,137,60,
26799,17352,10248,141,58,
26827,17395,10213,139,62,
26868,17428,10156,139,73,
26899,17470,10114,128,57,
26930,17487,10082,135,61,
26941,17506,10058,137,45,
26937,17503,10051,141,64,
26930,17504,10056,138,48,
26922,17502,10069,135,62,
26909,17487,10083,144,65,
26914,17487,10093,136,57,
26928,17488,10107,136,59,
26958,17503,10105,126,59,
26992,17530,10092,135,67,
27051,17569,10099,122,59,
27101,17590,10072,130,59,
27176,17636,10073,122,60,
27228,17679,10059,129,55,
27309,17715,10034,133,67,
27376,17775,10007,136,65,
27429,17816,9968,132,68,
27502,17852,9918,127,56,
27568,17901,9863,124,61,
27645,17953,9805,133,48,
27738,18008,9723,126,68,
27860,18071,9643,126,57,
28015,18156,9525,117,64,
28165,18243,9401,118,54,
28338,18336,9266,121,56,
28538,18406,9137,123,53,
28737,18495,8996,120,59,
28947,18575,8873,123,60,
29139,18640,8764,129,57,
29312,18693,8652,116,58,
29473,18764,8566,117,59,
29611,18789,8501,110,56,
29715,18814,8463,110,56,
29794,18856,8442,123,56,
29868,18879,8405,119,51,
29925,18894,8401,115,52,
29989,18925,8373,111,64,
30046,18929,8345,121,51,
30100,18957,8317,122,50,
30150,18958,8298,113,51,
30176,18979,8274,115,55,
30221,18981,8238,110,55,
30265,19009,8203,117,54,
30317,19008,8168,109,67,
30375,19015,8119,108,57,
30444,19031,8062,110,61,
30511,19055,7989,111,58,
30577,19054,7937,99,49,
30634,19059,7887,112,48,
30664,19052,7835,102,61,
30716,19045,7787,103,44,
30761,19047,7725,105,58,
30821,19055,7671,108,49,
30925,19062,7608,103,60,
31047,19075,7531,102,55,
31191,19097,7449,104,56,
31350,19120,7364,107,44,
31528,19140,7279,101,55,
31690,19165,7191,102,55,
31860,19178,7100,106,51,
32039,19201,7017,107,42,
32209,19215,6930,109,48,
32411,19239,6839,100,52,
32595,19256,6721,103,55,
32681,19268,6580,101,49,
32766,19290,6408,102,48,
32766,19305,6233,90,43,
32766,19314,6030,98,55,
32766,19314,5823,91,49,
32766,19291,5598,94,43,
32766,19237,5371,87,48,
32766,19178,5133,91,51,
32766,19072,4903,88,45,
32766,18937,4677,78,46,
32766,18762,4449,91,51,
32766,18570,4235,83,49,
32766,18345,4015,92,44,
32766,18122,3829,93,42,
32766,17884,3648,73,43,
32766,17675,3517,73,47,
32766,17482,3402,83,46,
32766,17326,3306,85,54,
32766,17159,3215,83,46,
32766,17007,3148,72,53,
32766,16895,3086,81,56,
32766,16765,3030,91,44,
32766,16658,2981,80,54,
32766,16592,2941,76,47,
32766,16529,2915,82,50,
32766,16501,2901,75,46,
32766,16492,2901,74,43,
32766,16491,2902,75,35,
32766,16513,2908,78,45,
32766,16546,2910,76,45,
32766,16584,2928,82,47,
32766,16613,2947,77,41,
32766,16642,2948,68,46,
32766,16669,2962,77,45,
32766,16723,2985,71,52,
32766,16759,2999,89,47,
32766,16797,3004,75,56,
32766,16828,3019,75,51,
32766,16866,3052,76,48,
32766,16915,3073,83,51,
32766,16960,3098,75,41,
32766,17038,3125,75,48,
32766,17100,3175,84,39,
32766,17149,3195,83,49,
32766,17169,3213,78,44,
32766,17193,3234,83,51,
32766,17198,3232,81,52,
32766,17186,3230,92,49,
32766,17170,3226,76,41,
32766,17151,3221,75,48,
32766,17121,3203,77,38,
32766,17090,3181,75,45,
32766,17030,3174,76,47,
32766,17003,3146,90,50,
32766,16959,3123,72,49,
32766,16920,3112,89,49,
32766,16896,3092,78,38,
32766,16878,3094,75,40,
32766,16853,3071,84,43,
32766,16847,3067,81,51,
32766,16839,3068,72,44,
32766,16869,3079,81,48,
32766,16921,3098,83,48,
32766,16983,3136,71,47,
32766,17042,3175,71,47,
32766,17109,3200,82,50,
32766,17179,3231,76,39,
32766,17214,3254,77,46,
32766,17237,3260,80,40,
32766,17243,3271,79,43,
32766,17252,3271,71,48,
32766,17245,3269,72,38,
32766,17219,3242,74,49,
32766,17190,3238,69,44,
32766,17145,3210,78,38,
32766,17086,3195,78,48,
32766,17026,3159,79,52,
32766,16986,3145,73,53,
32766,16925,3129,70,37,
32766,16903,3120,79,49,
32766,16901,3107,79,43,
32766,16883,3115,80,42,
32766,16884,3118,75,46,
32766,16918,3130,77,53,
32766,16966,3171,75,57,
32766,17073,3219,79,48,
32766,17198,3280,78,47,
32766,17305,3326,82,48,
32766,17393,3380,73,41,
32766,17478,3431,71,49,
32766,17604,3509,85,51,
32766,17747,3598,72,40,
32766,17857,3661,71,43,
32766,17878,3678,73,54,
32766,17853,3643,74,53,
32766,17772,3601,81,42,
32766,17680,3539,83,42,
32766,17579,3494,75,53,
32766,17506,3454,82,40,
32766,17458,3416,71,49,
32766,17428,3405,76,49,
32766,17418,3399,78,43,
32766,17411,3410,72,43,
32766,17437,3431,81,54,
32766,17500,3487,85,39,
32766,17609,3551,78,41,
32766,17740,3638,79,38,
32766,17897,3725,74,36,
32766,18088,3842,77,42,
32766,18288,3994,93,41,
32766,18521,4171,81,44,
32766,18756,4366,73,53,
32766,18930,4503,74,41,
32766,19096,4615,82,48,
32766,19283,4782,74,45,
32766,19351,4823,76,50,
32766,19395,4787,84,49,
32766,19326,4618,71,49,
32766,19187,4402,76,45,
32766,18931,4119,83,48,
32766,18618,3865,81,48,
32766,18281,3627,67,44,
32766,17980,3464,73,46,
32766,17726,3334,67,49,
32766,17441,3194,73,45,
32766,17108,3046,76,43,
32766,16774,2914,82,54,
32766,16392,2781,75,50,
32766,15967,2647,71,51,
32766,15489,2527,78,44,
32766,15047,2431,71,52,
32766,14669,2348,69,50,
32766,14355,2314,68,44,
32766,14139,2283,72,45,
32766,13970,2258,71,48,
32766,13795,2247,78,40,
32766,13617,2217,78,49,
32766,13349,2189,71,61,
32766,13007,2149,80,58,
32766,12653,2118,76,45,
32766,12280,2075,73,50,
32766,11907,2055,76,52,
32766,11535,2026,70,52,
32766,11227,2006,58,58,
32766,11002,1995,72,52,
32766,10887,2001,75,51,
32766,10766,1994,69,57,
32766,10656,1986,76,62,
32766,10549,1994,77,53,
32766,10413,1969,68,53,
32766,10238,1971,59,53,
32766,10069,1955,71,46,
32766,9935,1960,71,58,
32766,9880,1952,69,58,
32766,9872,1941,67,48,
32766,9917,1952,64,50,
32766,9995,1961,66,51,
32766,10075,1971,66,53,
32766,10139,1974,73,64,
32766,10178,1977,74,55,
32766,10166,1978,63,46,
32766,10100,1962,67,55,
32766,9989,1959,75,57,
32766,9882,1944,74,47,
32766,9837,1963,63,57,
32766,9847,1948,70,59,
32766,9901,1955,68,53,
32766,9959,1957,76,44,
32766,9999,1964,71,57,
32766,10002,1963,75,62,
32766,9967,1957,69,63,
32766,9927,1950,70,52,
32766,9865,1959,70,60,
32766,9788,1948,78,47,
32766,9705,1943,74,59,
32766,9607,1938,67,60,
32766,9507,1941,76,49,
32766,9438,1932,78,60,
32766,9397,1930,76,56,
32766,9377,1930,64,48,
32766,9396,1923,67,48,
32766,9434,1936,80,62,
32766,9501,1945,71,59,
32766,9595,1938,74,58,
32766,9691,1940,73,56,
32766,9783,1958,66,64,
32766,9874,1955,71,49,
32766,9969,1967,69,59,
32766,10067,1975,69,52,
32766,10132,1964,74,49,
32766,10213,1981,72,59,
32766,10291,1982,74,55,
32766,10370,1991,68,61,
32766,10420,1990,70,51,
32766,10436,1996,74,49,
32766,10498,1992,61,59,
32766,10566,2000,68,52,
32766,10648,2019,72,59,
32766,10755,2023,70,67,
32766,10851,2027,68,48,
32766,10924,2032,76,42,
32766,10957,2028,74,54,
32766,10991,2027,79,51,
32766,10996,2041,77,48,
32766,11024,2030,69,48,
32766,11017,2037,88,54,
32766,10985,2034,65,57,
32766,10948,2031,75,54,
32766,10901,2035,64,53,
32766,10882,2031,80,51,
32766,10850,2028,68,50,
32766,10830,2029,84,65,
32766,10834,2035,73,58,
32766,10806,2021,79,47,
32766,10770,2034,74,46,
32766,10736,2035,78,57,
32766,10724,2029,74,50,
32766,10745,2031,73,51,
32766,10738,2036,73,47,
32766,10732,2029,84,49,
32766,10743,2035,65,63,
32766,10749,2041,72,56,
32766,10747,2040,77,53,
32766,10773,2043,81,54,
32766,10804,2047,69,64,
32766,10815,2048,71,54,
32766,10845,2047,66,43,
32766,10885,2054,81,57,
32766,10949,2056,75,51,
32766,11032,2074,76,52,
32766,11129,2078,75,51,
32766,11200,2082,88,52,
32766,11273,2082,72,55,
32766,11305,2095,72,55,
32766,11297,2091,79,52,
32766,11272,2093,78,57,
32766,11223,2082,67,56,
32766,11151,2070,72,49,
32766,11069,2067,74,48,
32766,10999,2071,73,37,
32766,10911,2058,66,49,
32766,10817,2052,76,46,
32766,10727,2049,65,62,
32766,10665,2050,73,57,
32766,10604,2046,63,48,
32766,10522,2029,75,56,
32766,10460,2032,72,47,
32766,10427,2033,74,60,
32766,10378,2033,72,56,
32766,10403,2037,68,64,
32766,10446,2043,73,48,
32766,10539,2046,74,53,
32766,10666,2063,71,46,
32766,10795,2066,66,60,
32766,10901,2073,80,53,
32766,11001,2082,76,53,
32766,11035,2087,75,51,
32766,11076,2083,62,58,
32766,11101,2090,83,69,
32766,11110,2071,68,52,
32766,11121,2079,76,53,
32766,11102,2082,61,55,
32766,11056,2080,74,52,
32766,10987,2068,75,51,
32766,10897,2066,68,48,
32766,10778,2059,79,47,
32766,10675,2040,65,52,
32766,10581,2049,69,62,
32766,10533,2036,71,60,
32766,10495,2040,70,52,
32766,10476,2039,68,61,
32766,10472,2042,63,42,
32766,10469,2047,67,62,
32766,10454,2039,70,55,
32766,10477,2037,65,54,
32766,10476,2043,70,49,
32766,10486,2045,71,62,
32766,10501,2051,68,48,
32766,10529,2048,71,46,
32766,10555,2053,70,56,
32766,10595,2050,72,59,
32766,10639,2060,62,51,
32766,10660,2051,83,45,
32766,10683,2056,68,60,
32766,10688,2056,63,59,
32766,10696,2055,66,50,
32766,10678,2053,76,52,
32766,10668,2061,73,41,
32766,10655,2043,77,62,
32766,10657,2050,69,46,
32766,10662,2046,62,65,
32766,10686,2053,70,53,
32766,10714,2060,64,58,
32766,10719,2067,64,62,
32766,10728,2064,78,53,
32766,10753,2065,71,47,
32766,10758,2069,74,49,
32766,10768,2058,68,64,
32766,10794,2064,68,61,
32766,10830,2063,67,59,
32766,10879,2066,73,57,
32766,10935,2086,67,50,
32766,10983,2082,58,50,
32766,11022,2084,71,54,
32766,11075,2087,68,48,
32766,11125,2080,71,49,
32766,11179,2092,74,52,
32766,11217,2098,69,53,
32766,11265,2099,72,55,
32766,11294,2099,70,51,
32766,11340,2106,74,58,
32766,11361,2113,69,53,
32766,11381,2115,74,50,
32766,11407,2102,68,61,
32766,11392,2101,68,53,
32766,11395,2104,67,58,
32766,11396,2110,67,57,
32766,11388,2105,64,45,
32766,11385,2105,71,52,
32766,11407,2112,82,54,
32766,11430,2108,67,54,
32766,11467,2105,63,51,
32766,11504,2115,74,44,
32766,11546,2125,67,57,
32766,11581,2126,72,46,
32766,11567,2119,66,39,
32766,11632,2115,77,57,
32766,11673,2128,62,54,
32766,11701,2137,69,49,
32766,11762,2141,70,51,
32766,11778,2139,69,53,
32766,11772,2134,75,57,
32766,11752,2138,73,51,
32766,11708,2122,73,45,
32766,11677,2131,80,59,
32766,11694,2133,75,57,
32766,11676,2118,60,62,
32766,11681,2133,74,55,
32766,11706,2126,72,51,
32766,11720,2134,69,50,
32766,11753,2131,76,63,
32766,11771,2139,71,55,
32766,11795,2131,69,44,
32766,11796,2131,63,56,
32766,11772,2123,65,58,
32766,11751,2131,73,48,
32766,11730,2120,78,46,
32766,11689,2134,76,55,
32766,11685,2127,68,51,
32766,11656,2123,77,50,
32766,11649,2122,70,49,
32766,11647,2120,70,56,
32766,11637,2122,68,47,
32766,11622,2128,64,56,
32766,11613,2121,67,53,
32766,11595,2126,66,54,
32766,11595,2128,69,50,
32766,11611,2126,61,62,
32766,11629,2128,64,60,
32766,11646,2127,64,53,
32766,11678,2132,64,53,
32766,11705,2140,69,50,
32766,11724,2142,70,54,
32766,11734,2131,65,50,
32766,11734,2135,62,54,
32766,11755,2140,74,59,
32766,11760,2130,73,48,
32766,11785,2143,73,45,
32766,11791,2142,73,57,
32766,11780,2148,54,53,
32766,11776,2139,77,55,
32766,11755,2140,72,44,
32766,11743,2142,71,48,
32766,11747,2138,63,53,
32766,11738,2138,73,47,
32766,11740,2146,68,49,
32766,11744,2141,63,49,
32766,11764,2134,81,48,
32766,11771,2129,62,47,
32766,11775,2141,71,51,
32766,11795,2138,66,50,
32766,11805,2141,67,54,
32766,11825,2145,62,47,
32766,11843,2148,73,49,
32766,11862,2142,75,59,
32766,11870,2151,82,44,
32766,11881,2147,74,48,
32766,11876,2155,68,48,
32766,11889,2147,64,58,
32766,11878,2155,74,49,
32766,11863,2142,68,50,
32766,11860,2151,71,57,
32766,11833,2146,69,40,
32766,11817,2142,66,56,
32766,11823,2149,65,49,
32766,11818,2148,81,46,
32766,11808,2148,74,60,
32766,11820,2154,73,46,
32766,11821,2149,64,53,
32766,11819,2148,71,52,
32766,11817,2150,73,40,
32766,11793,2148,68,49,
32766,11783,2150,75,50,
32766,11790,2146,61,54,
32766,11790,2154,76,59,
32766,11822,2155,57,53,
32766,11866,2159,67,45,
32766,11921,2154,68,55,
32766,11986,2161,64,58,
32766,12041,2167,69,57,
32766,12083,2173,64,48,
32766,12124,2179,69,49,
32766,12160,2171,67,52,
32766,12186,2179,76,53,
32766,12192,2185,71,45,
32766,12202,2172,67,49,
32766,12183,2173,73,60,
32766,12183,2178,71,51,
32766,12156,2166,62,53,
32766,12134,2167,68,57,
32766,12121,2183,70,58,
32766,12107,2178,75,44,
32766,12113,2169,70,48,
32766,12115,2169,74,45,
32766,12114,2168,70,54,
32766,12128,2177,72,53,
32766,12126,2178,68,51,
32766,12138,2166,79,45,
32766,12138,2171,73,54,
32766,12161,2165,66,47,
32766,12158,2174,68,56,
32766,12162,2180,74,58,
32766,12159,2176,76,48,
32766,12139,2167,78,61,
32766,12134,2169,81,51,
32766,12118,2173,67,53,
32766,12127,2171,84,42,
32766,12111,2178,67,57,
32766,12102,2181,80,55,
32766,12082,2171,80,52,
32766,12076,2166,71,47,
32766,12066,2170,65,57,
32766,12062,2175,70,59,
32766,12042,2172,65,60,
32766,12031,2172,72,49,
32766,12029,2173,74,56,
32766,12039,2166,68,49,
32766,12044,2174,65,49,
32766,12045,2169,75,47,
32766,12054,2172,68,50,
32766,12050,2174,70,51,
32766,12042,2173,74,46,
32766,12027,2174,76,57,
32766,12019,2169,68,50,
32766,12021,2171,71,59,
32766,12026,2162,72,58,
32766,12015,2171,71,60,
32766,12002,2173,72,47,
32766,11991,2176,68,51,
32766,11974,2174,67,59,
32766,11967,2173,65,48,
32766,11941,2165,71,54,
32766,11935,2169,68,45,
32766,11915,2164,70,54,
32766,11918,2168,69,53,
32766,11909,2173,76,56,
32766,11909,2172,72,60,
32766,11908,2169,69,57,
32766,11914,2167,77,52,
32766,11920,2165,65,48,
32766,11942,2170,73,52,
32766,11941,2178,64,53,
32766,11956,2179,69,53,
32766,11956,2167,81,48,
32766,11956,2167,57,47,
32766,11957,2173,74,58,
32766,11945,2163,64,53,
32766,11930,2162,79,52,
32766,11925,2171,73,55,
32766,11921,2176,70,46,
32766,11908,2172,72,41,
32766,11929,2167,77,54,
32766,11929,2172,68,54,
32766,11946,2179,68,48,
32766,11964,2180,72,60,
32766,11970,2174,68,54,
32766,11976,2182,65,50,
32766,11999,2170,72,62,
32766,12018,2181,62,53,
32766,12040,2187,76,51,
32766,12059,2187,80,50,
32766,12068,2190,66,52,
32766,12091,2181,69,55,
32766,12119,2196,72,60,
32766,12156,2197,65,62,
32766,12196,2201,82,47,
32766,12236,2204,69,55,
32766,12253,2199,71,56,
32766,12276,2210,68,51,
32766,12282,2204,63,53,
32766,12287,2202,77,53,
32766,12275,2202,72,49,
32766,12278,2199,66,51,
32766,12269,2199,68,57,
32766,12253,2193,71,58,
32766,12253,2191,75,54,
32766,12241,2186,67,53,
32766,12243,2185,77,50,
32766,12234,2197,64,48,
32766,12232,2185,73,49,
32766,12230,2202,66,61,
32766,12262,2193,72,49,
32766,12274,2202,68,55,
32766,12287,2197,69,54,
32766,12318,2202,64,58,
32766,12328,2202,71,54,
32766,12337,2209,71,56,
32766,12350,2202,73,45,
32766,12367,2196,67,55,
32766,12374,2207,62,37,
32766,12383,2196,58,47,
32766,12393,2199,63,60,
32766,12417,2206,72,55,
32766,12434,2211,73,47,
32766,12458,2207,77,47,
32766,12481,2214,59,60,
32766,12506,2219,72,52,
32766,12516,2219,79,51,
32766,12522,2217,70,58,
32766,12524,2209,68,57,
32766,12519,2216,69,51,
32766,12529,2212,76,52,
32766,12522,2214,63,58,
32766,12516,2215,64,49,
32766,12525,2221,64,50,
32766,12513,2229,81,54,
32766,12523,2219,63,52,
32766,12528,2228,68,55,
32766,12523,2219,76,49,
32766,12513,2212,71,49,
32766,12506,2214,81,52,
32766,12511,2219,62,53,
32766,12513,2222,74,57,
32766,12513,2215,69,52,
32766,12530,2225,72,47,
32766,12525,2219,67,52,
32766,12529,2218,68,56,
32766,12516,2228,76,45,
32766,12501,2206,72,47,
32766,12489,2226,79,57,
32766,12482,2222,71,46,
32766,12478,2216,64,47,
32766,12472,2221,67,53,
32766,12492,2212,78,47,
32766,12494,2215,67,64,
32766,12530,2215,66,52,
32766,12521,2226,69,56,
32766,12549,2215,64,52,
32766,12570,2221,72,52,
32766,12591,2237,71,56,
32766,12609,2229,69,44,
32766,12622,2237,73,53,
32766,12639,2235,73,55,
32766,12634,2225,73,53,
32766,12627,2231,70,51,
32766,12618,2232,59,40,
32766,12606,2232,71,56,
32766,12579,2225,71,61,
32766,12576,2228,67,53,
32766,12572,2229,70,46,
32766,12548,2223,69,56,
32766,12558,2225,73,50,
32766,12565,2230,70,52,
32766,12575,2219,72,56,
32766,12588,2230,73,52,
32766,12598,2235,75,52,
32766,12607,2227,65,61,
32766,12633,2227,80,50,
32766,12664,2236,67,51,
32766,12691,2245,66,59,
32766,12708,2240,77,50,
32766,12733,2241,69,47,
32766,12739,2248,71,52,
32766,12751,2245,64,49,
32766,12758,2245,58,55,
32766,12766,2238,69,51,
32766,12785,2245,68,49,
32766,12798,2237,74,59,
32766,12830,2253,69,58,
32766,12860,2250,67,46,
32766,12908,2249,74,51,
32766,12944,2257,61,42,
32766,12981,2259,76,42,
32766,13002,2263,66,58,
32766,13006,2266,68,58,
32766,13013,2266,78,52,
32766,13022,2261,72,57,
32766,13005,2261,76,51,
32766,12999,2248,74,55,
32766,12985,2257,66,37,
32766,12994,2269,70,52,
32766,12995,2263,76,59,
32766,12975,2260,80,41,
32766,12952,2259,65,43,
32766,12937,2257,73,52,
32766,12905,2254,63,58,
32766,12867,2247,73,55,
32766,12823,2249,67,56,
32766,12767,2237,70,52,
32766,12714,2243,72,51,
32766,12661,2233,70,55,
32766,12599,2223,73,56,
32766,12546,2221,66,53,
32766,12512,2220,71,52,
32766,12479,2213,80,43,
32766,12456,2221,69,54,
32766,12436,2211,67,49,
32766,12424,2213,66,55,
32766,12401,2202,76,49,
32766,12411,2212,71,48,
32766,12441,2212,75,57,
32766,12504,2224,69,55,
32766,12565,2218,62,55,
32766,12647,2230,73,61,
32766,12732,2239,77,54,
32766,12811,2244,70,49,
32766,12907,2259,73,44,
32766,12984,2261,72,40,
32766,13062,2261,74,49,
32766,13142,2275,72,54,
32766,13196,2278,74,49,
32766,13243,2285,67,49,
32766,13288,2287,66,50,
32766,13336,2291,67,51,
32766,13395,2309,79,47,
32766,13446,2305,69,45,
32766,13481,2303,64,50,
32766,13522,2311,70,46,
32766,13538,2319,71,50,
32766,13539,2309,73,43,
32766,13539,2318,73,44,
32766,13488,2320,63,55,
32766,13422,2306,70,48,
32766,13310,2294,70,50,
32766,13204,2292,74,53,
32766,13085,2291,61,56,
32766,12948,2271,73,58,
32766,12817,2250,70,50,
32766,12690,2251,71,52,
32766,12576,2238,71,56,
32766,12521,2235,68,49,
32766,12440,2236,73,50,
32766,12374,2245,68,48,
32766,12330,2234,74,56,
32766,12304,2239,77,52,
32766,12287,2244,73,55,
32766,12277,2229,67,53,
32766,12274,2234,78,58,
32766,12274,2239,70,41,
32766,12257,2223,66,46,
32766,12231,2233,69,63,
32766,12169,2235,72,54,
32766,12103,2215,66,59,
32766,12021,2223,71,47,
32766,11952,2208,72,52,
32766,11886,2208,76,53,
32766,11832,2199,64,50,
32766,11780,2196,72,51,
32766,11730,2191,66,63,
32766,11701,2189,69,47,
32766,11689,2183,71,49,
32766,11682,2185,61,52,
32766,11692,2192,68,51,
32766,11709,2184,75,52,
32766,11741,2185,68,53,
32766,11744,2193,61,54,
32766,11742,2190,80,49,
32766,11735,2178,57,51,
32766,11708,2181,73,57,
32766,11695,2171,66,58,
32766,11683,2178,67,48,
32766,11696,2179,56,51,
32766,11681,2164,62,52,
32766,11659,2171,66,45,
32766,11624,2169,70,51,
32766,11584,2161,67,50,
32766,11544,2147,78,55,
32766,11499,2156,62,54,
32766,11459,2144,67,51,
32766,11413,2155,77,51,
32766,11353,2140,68,58,
32766,11291,2136,79,56,
32766,11222,2128,61,55,
32766,11154,2129,62,54,
32766,11125,2126,70,52,
32766,11086,2125,73,52,
32766,11067,2113,71,52,
32766,11045,2118,65,48,
32766,11043,2113,67,55,
32766,11054,2122,66,49,
32766,11062,2118,70,45,
32766,11074,2113,66,50,
32766,11089,2113,67,51,
32766,11113,2112,75,57,
32766,11128,2114,74,51,
32766,11158,2120,63,53,
32766,11166,2119,65,60,
32766,11181,2109,70,58,
32766,11204,2116,65,50,
32766,11242,2123,73,48,
32766,11268,2114,64,59,
32766,11293,2117,67,51,
32766,11326,2122,70,54,
32766,11369,2124,69,45,
32766,11407,2124,73,47,
32766,11457,2125,67,54,
32766,11491,2131,70,49,
32766,11518,2135,75,47,
32766,11552,2133,64,51,
32766,11576,2130,65,54,
32766,11615,2132,73,46,
32766,11639,2137,75,52,
32766,11676,2136,72,57,
32766,11713,2143,70,46,
32766,11749,2144,81,45,
32766,11786,2149,68,58,
32766,11833,2153,65,55,
32766,11852,2154,71,51,
32766,11882,2153,72,55,
32766,11916,2149,64,54,
32766,11932,2150,76,42,
32766,11963,2155,71,54,
32766,12002,2169,70,54,
32766,12021,2164,77,34,
32766,12053,2170,72,44,
32766,12106,2172,75,59,
32766,12148,2178,76,46,
32766,12195,2181,71,52,
32766,12256,2182,67,38,
32766,12298,2183,71,46,
32766,12358,2194,68,49,
32766,12445,2199,70,42,
32766,12513,2212,70,51,
32766,12583,2221,67,53,
32766,12647,2222,72,53,
32766,12699,2216,64,51,
32766,12745,2230,70,51,
32766,12798,2232,61,48,
32766,12839,2245,77,51,
32766,12890,2242,72,45,
32766,12918,2247,64,51,
32766,12940,2250,68,54,
32766,12973,2250,65,54,
32766,12982,2255,65,52,
32766,12983,2249,65,52,
32766,12999,2251,70,50,
32766,13021,2244,68,52,
32766,13031,2256,70,57,
32766,13062,2262,59,59,
32766,13102,2261,62,43,
32766,13152,2264,76,47,
32766,13176,2269,70,45,
32766,13200,2268,75,49,
32766,13224,2272,62,49,
32766,13233,2277,70,52,
32766,13251,2283,71,39,
32766,13255,2272,66,53,
32766,13269,2276,74,49,
32766,13270,2288,72,48,
32766,13275,2272,69,53,
32766,13284,2275,67,55,
32766,13303,2278,74,45,
32766,13306,2272,64,41,
32766,13320,2290,76,52,
32766,13332,2278,72,49,
32766,13342,2288,64,51,
32766,13365,2288,78,58,
32766,13366,2285,75,47,
32766,13371,2301,70,55,
32766,13351,2295,63,48,
32766,13333,2277,73,47,
32766,13318,2285,74,57,
32766,13311,2282,71,43,
32766,13293,2277,65,60,
32766,13269,2282,70,52,
32766,13253,2270,69,45,
32766,13232,2268,64,39,
32766,13198,2270,70,61,
32766,13164,2273,71,51,
32766,13142,2269,67,46,
32766,13135,2261,74,47,
32766,13126,2264,60,44,
32766,13130,2264,68,42,
32766,13145,2264,65,46,
32766,13166,2272,72,50,
32766,13179,2270,65,43,
32766,13188,2272,73,45,
32766,13195,2269,71,43,
32766,13219,2275,63,55,
32766,13213,2271,62,49,
32766,13232,2275,67,54,
32766,13229,2275,63,55,
32766,13228,2263,66,44,
32766,13229,2277,67,46,
32766,13240,2268,66,47,
32766,13247,2277,68,51,
32766,13284,2282,70,46,
32766,13312,2284,76,59,
32766,13358,2293,61,43,
32766,13378,2290,66,56,
32766,13415,2284,67,44,
32766,13440,2295,66,49,
32766,13477,2291,67,56,
32766,13492,2302,63,47,
32766,13521,2304,61,45,
32766,13545,2300,72,49,
32766,13566,2313,71,49,
32766,13587,2307,64,52,
32766,13616,2308,71,56,
32766,13655,2319,69,44,
32766,13710,2324,65,50,
32766,13760,2328,68,41,
32766,13811,2333,67,53,
32766,13867,2334,70,45,
32766,13911,2341,70,38,
32766,13948,2348,69,50,
32766,13973,2356,64,54,
32766,13985,2360,72,52,
32766,14016,2341,73,43,
32766,14016,2351,71,62,
32766,14019,2361,74,52,
32766,14020,2355,68,42,
32766,14023,2355,73,56,
32766,14030,2348,69,52,
32766,14035,2356,74,55,
32766,14032,2348,76,44,
32766,14044,2354,64,50,
32766,14059,2376,69,52,
32766,14058,2362,64,43,
32766,14070,2359,62,53,
32766,14066,2362,61,53,
32766,14059,2357,69,49,
32766,14053,2367,70,42,
32766,14051,2355,70,43,
32766,14061,2363,63,50,
32766,14065,2376,68,48,
32766,14086,2361,68,52,
32766,14101,2365,70,56,
32766,14137,2363,67,52,
32766,14157,2375,63,42,
32766,14168,2373,72,36,
32766,14187,2383,67,45,
32766,14212,2386,69,54,
32766,14234,2387,70,57,
32766,14250,2390,66,48,
32766,14265,2392,69,51,
32766,14273,2393,74,50,
32766,14274,2383,64,49,
32766,14272,2409,67,47,
32766,14273,2393,70,54,
32766,14277,2393,71,43,
32766,14288,2397,72,46,
32766,14313,2402,78,46,
32766,14334,2406,81,41,
32766,14348,2405,70,42,
32766,14371,2413,65,55,
32766,14394,2417,71,51,
32766,14400,2410,78,50,
32766,14397,2421,80,48,
32766,14367,2410,71,51,
32766,14351,2416,67,47,
32766,14309,2413,80,49,
32766,14290,2404,78,57,
32766,14277,2410,75,43,
32766,14266,2405,76,47,
32766,14237,2405,72,51,
32766,14228,2406,64,45,
32766,14223,2400,69,52,
32766,14216,2407,73,48,
32766,14212,2409,68,47,
32766,14192,2402,74,45,
32766,14186,2408,64,36,
32766,14189,2402,71,44,
32766,14186,2404,73,53,
32766,14198,2409,75,57,
32766,14195,2416,70,46,
32766,14184,2399,78,55,
32766,14164,2400,65,57,
32766,14150,2398,68,59,
32766,14139,2391,67,51,
32766,14118,2403,83,51,
32766,14125,2408,73,39,
32766,14119,2394,63,51,
32766,14121,2395,78,45,
32766,14103,2406,67,49,
32766,14097,2394,71,54,
32766,14101,2401,73,53,
32766,14104,2401,62,46,
32766,14103,2402,71,41,
32766,14103,2406,71,54,
32766,14097,2411,68,56,
32766,14107,2409,67,46,
32766,14139,2406,72,50,
32766,14154,2415,66,50,
32766,14176,2409,65,55,
32766,14191,2420,65,45,
32766,14202,2409,64,52,
32766,14207,2408,69,54,
32766,14180,2417,75,60,
32766,14142,2407,74,44,
32766,14108,2402,71,51,
32766,14074,2396,70,51,
32766,14046,2400,67,41,
32766,14020,2394,65,56,
32766,14013,2402,72,47,
32766,13997,2399,80,49,
32766,13976,2389,82,59,
32766,13964,2389,75,52,
32766,13951,2398,72,50,
32766,13936,2387,71,51,
32766,13927,2391,69,54,
32766,13907,2387,75,57,
32766,13881,2383,68,43,
32766,13834,2375,71,55,
32766,13785,2377,66,60,
32766,13741,2379,66,50,
32766,13688,2370,77,48,
32766,13635,2361,71,43,
32766,13585,2353,69,39,
32766,13549,2358,71,41,
32766,13514,2352,69,45,
32766,13489,2348,65,54,
32766,13488,2348,67,52,
32766,13483,2356,70,56,
32766,13488,2346,61,41,
32766,13487,2351,71,54,
32766,13496,2349,69,46,
32766,13500,2348,69,50,
32766,13508,2349,61,47,
32766,13511,2358,73,52,
32766,13519,2346,77,49,
32766,13532,2363,68,59,
32766,13552,2353,69,52,
32766,13556,2360,62,61,
32766,13569,2345,61,52,
32766,13563,2351,68,54,
32766,13568,2357,70,53,
32766,13566,2350,65,59,
32766,13577,2351,77,56,
32766,13590,2345,69,59,
32766,13591,2359,70,49,
32766,13609,2360,66,52,
32766,13615,2361,68,53,
32766,13617,2360,67,47,
32766,13597,2352,71,54,
32766,13584,2358,71,46,
32766,13578,2347,71,50,
32766,13585,2349,70,56,
32766,13583,2356,73,51,
32766,13584,2351,74,54,
32766,13580,2352,70,45,
32766,13562,2355,68,43,
32766,13560,2343,71,54,
32766,13575,2339,59,56,
32766,13566,2341,74,52,
32766,13563,2347,64,44,
32766,13580,2361,66,44,
32766,13616,2352,73,53,
32766,13620,2360,64,53,
32766,13649,2359,78,42,
32766,13662,2356,66,54,
32766,13659,2364,70,53,
32766,13663,2359,62,54,
32766,13674,2359,77,54,
32766,13668,2378,75,52,
32766,13672,2366,69,51,
32766,13721,2370,67,53,
32766,13764,2374,63,55,
32766,13831,2377,76,46,
32766,13878,2380,65,53,
32766,13914,2389,66,48,
32766,13950,2386,73,46,
32766,13984,2406,72,49,
32766,14013,2398,67,42,
32766,14016,2403,66,47,
32766,14022,2405,75,49,
32766,14023,2400,68,44,
32766,14010,2406,70,46,
32766,14006,2401,69,49,
32766,14013,2401,63,60,
32766,14018,2414,73,45,
32766,14047,2403,80,57,
32766,14083,2409,67,51,
32766,14125,2410,70,64,
32766,14153,2421,65,52,
32766,14171,2417,84,54,
32766,14172,2416,69,50,
32766,14170,2420,78,48,
32766,14157,2410,75,49,
32766,14143,2417,69,55,
32766,14108,2416,75,46,
32766,14084,2410,77,49,
32766,14048,2396,64,47,
32766,14033,2410,70,50,
32766,14007,2396,82,52,
32766,13985,2393,73,47,
32766,13965,2398,77,46,
32766,13942,2402,73,55,
32766,13891,2391,72,51,
32766,13858,2385,73,52,
32766,13814,2380,75,46,
32766,13775,2372,74,52,
32766,13760,2363,72,43,
32766,13756,2375,69,55,
32766,13769,2375,73,48,
32766,13785,2370,70,50,
32766,13807,2369,67,56,
32766,13826,2376,67,56,
32766,13842,2378,70,56,
32766,13853,2368,72,49,
32766,13875,2376,69,49,
32766,13896,2366,75,51,
32766,13903,2373,60,45,
32766,13908,2382,68,55,
32766,13891,2379,74,48,
32766,13869,2380,57,54,
32766,13822,2364,76,57,
32766,13750,2364,71,45,
32766,13668,2363,78,51,
32766,13559,2347,66,44,
32766,13473,2335,70,52,
32766,13371,2315,73,55,
32766,13255,2307,64,47,
32766,13159,2294,75,48,
32766,13084,2286,75,48,
32766,13008,2283,68,47,
32766,12965,2274,70,43,
32766,12900,2274,66,52,
32766,12849,2273,77,54,
32766,12783,2263,71,54,
32766,12733,2252,69,57,
32766,12670,2244,56,51,
32766,12610,2246,78,45,
32766,12581,2244,67,39,
32766,12543,2248,60,51,
32766,12541,2234,78,53,
32766,12525,2234,70,50,
32766,12527,2231,69,46,
32766,12529,2242,68,48,
32766,12536,2237,71,49,
32766,12527,2245,59,46,
32766,12499,2235,68,43,
32766,12463,2235,76,45,
32766,12447,2231,67,52,
32766,12421,2241,72,50,
32766,12403,2229,64,47,
32766,12425,2244,69,60,
32766,12488,2244,66,60,
32766,12585,2256,76,47,
32766,12698,2277,71,53,
32766,12812,2281,65,49,
32766,12906,2293,67,52,
32766,13003,2306,73,51,
32766,13043,2306,64,40,
32766,13058,2319,72,56,
32766,13052,2313,63,44,
32766,12995,2305,67,49,
32766,12948,2303,64,51,
32766,12992,2307,73,53,
32766,13065,2323,65,46,
32766,13156,2333,69,47,
32766,13336,2354,72,42,
32766,13592,2377,75,54,
32766,13874,2412,74,47,
32766,14132,2442,75,47,
32766,14314,2470,68,56,
32766,14460,2480,69,45,
32766,14542,2486,79,46,
32766,14612,2498,72,43,
32766,14645,2498,76,45,
32766,14641,2510,83,47,
32766,14602,2503,69,60,
32766,14535,2489,69,49,
32766,14437,2478,79,49,
32766,14330,2458,72,57,
32766,14217,2447,70,52,
32766,14129,2446,71,56,
32766,14073,2434,73,43,
32766,14041,2448,67,51,
32766,14040,2440,75,50,
32766,14074,2438,72,42,
32766,14080,2441,74,50,
32766,14098,2442,74,43,
32766,14118,2446,69,48,
32766,14151,2443,62,45,
32766,14154,2445,65,52,
32766,14174,2453,62,60,
32766,14185,2451,63,50,
32766,14186,2450,73,46,
32766,14175,2446,71,61,
32766,14172,2450,77,54,
32766,14166,2439,72,46,
32766,14167,2452,85,53,
32766,14184,2445,76,58,
32766,14204,2464,66,46,
32766,14246,2458,79,43,
32766,14298,2465,65,50,
32766,14366,2467,68,52,
32766,14439,2480,65,46,
32766,14532,2490,73,42,
32766,14635,2506,68,50,
32766,14719,2526,68,53,
32766,14800,2515,66,49,
32766,14874,2544,72,46,
32766,14933,2546,75,50,
32766,14973,2554,76,43,
32766,15008,2568,82,44,
32766,15034,2576,71,45,
32766,15046,2580,69,49,
32766,15058,2579,70,48,
32766,15076,2578,72,48,
32766,15096,2591,67,53,
32766,15126,2587,77,49,
32766,15160,2602,66,49,
32766,15196,2606,72,49,
32766,15233,2602,77,61,
32766,15256,2605,70,41,
32766,15281,2620,63,46,
32766,15297,2618,73,50,
32766,15311,2622,73,55,
32766,15327,2612,73,43,
32766,15323,2614,65,40,
32766,15324,2620,65,47,
32766,15335,2611,80,45,
32766,15338,2621,73,50,
32766,15340,2629,71,50,
32766,15353,2629,72,47,
32766,15391,2642,80,41,
32766,15444,2642,68,52,
32766,15502,2652,69,50,
32766,15550,2672,70,45,
32766,15608,2672,76,51,
32766,15638,2680,70,46,
32766,15671,2684,73,58,
32766,15690,2686,84,47,
32766,15697,2676,78,46,
32766,15692,2696,66,49,
32766,15682,2687,71,51,
32766,15663,2685,72,55,
32766,15639,2681,70,54,
32766,15626,2684,65,50,
32766,15593,2669,70,51,
32766,15579,2663,70,43,
32766,15570,2661,59,45,
32766,15543,2666,72,45,
32766,15523,2672,67,49,
32766,15530,2664,71,49,
32766,15524,2655,73,49,
32766,15534,2664,72,55,
32766,15520,2657,78,54,
32766,15527,2663,75,50,
32766,15526,2658,73,38,
32766,15525,2662,75,49,
32766,15518,2657,76,43,
32766,15515,2650,75,50,
32766,15503,2654,78,46,
32766,15492,2669,72,43,
32766,15486,2652,67,43,
32766,15482,2656,76,51,
32766,15479,2661,66,49,
32766,15479,2647,65,47,
32766,15482,2655,73,46,
32766,15486,2655,78,48,
32766,15489,2657,71,42,
32766,15485,2654,61,48,
32766,15497,2657,74,49,
32766,15497,2662,73,46,
32766,15501,2658,76,46,
32766,15494,2653,70,50,
32766,15484,2651,78,43,
32766,15469,2658,72,55,
32766,15449,2661,65,53,
32766,15425,2642,83,49,
32766,15390,2646,71,49,
32766,15372,2639,79,52,
32766,15369,2635,60,55,
32766,15368,2633,63,45,
32766,15395,2636,66,46,
32766,15402,2646,72,44,
32766,15418,2644,74,57,
32766,15422,2641,80,47,
32766,15426,2648,72,51,
32766,15422,2644,76,47,
32766,15417,2649,77,52,
32766,15401,2640,69,52,
32766,15385,2639,73,57,
32766,15367,2638,74,55,
32766,15370,2636,75,54,
32766,15372,2642,71,47,
32766,15382,2634,73,48,
32766,15416,2641,63,51,
32766,15424,2655,73,53,
32766,15448,2655,68,49,
32766,15452,2652,71,44,
32766,15455,2649,68,52,
32766,15448,2649,70,44,
32766,15452,2654,77,50,
32766,15447,2653,69,49,
32766,15431,2652,74,40,
32766,15429,2653,63,51,
32766,15426,2644,80,51,
32766,15418,2655,70,54,
32766,15406,2646,73,54,
32766,15410,2648,68,47,
32766,15427,2648,69,48,
32766,15438,2656,62,55,
32766,15478,2650,78,57,
32766,15499,2661,68,52,
32766,15554,2671,70,47,
32766,15595,2680,66,49,
32766,15636,2696,74,46,
32766,15681,2696,68,59,
32766,15701,2694,78,52,
32766,15708,2703,85,56,
32766,15735,2716,66,47,
32766,15746,2716,69,46,
32766,15746,2710,69,48,
32766,15742,2709,73,51,
32766,15749,2713,76,43,
32766,15734,2710,77,53,
32766,15749,2703,71,54,
32766,15743,2700,67,42,
32766,15757,2702,75,54,
32766,15752,2705,62,49,
32766,15753,2712,72,49,
32766,15752,2703,76,54,
32766,15748,2709,75,54,
32766,15738,2714,72,42,
32766,15744,2709,69,33,
32766,15730,2709,75,50,
32766,15739,2703,68,51,
32766,15721,2703,73,49,
32766,15702,2689,74,49,
32766,15696,2696,79,41,
32766,15682,2705,74,43,
32766,15673,2688,79,55,
32766,15664,2695,80,48,
32766,15670,2702,74,48,
32766,15670,2701,74,56,
32766,15676,2706,78,53,
32766,15693,2700,71,46,
32766,15691,2699,72,46,
32766,15698,2712,64,55,
32766,15680,2693,70,48,
32766,15682,2696,72,51,
32766,15674,2697,69,55,
32766,15650,2706,82,46,
32766,15651,2690,71,46,
32766,15646,2690,74,48,
32766,15647,2698,74,49,
32766,15645,2686,75,49,
32766,15647,2693,65,46,
32766,15638,2692,68,44,
32766,15632,2681,77,52,
32766,15625,2691,78,50,
32766,15619,2687,65,52,
32766,15617,2692,77,46,
32766,15624,2694,69,50,
32766,15620,2696,76,53,
32766,15612,2678,64,53,
32766,15611,2682,75,53,
32766,15614,2686,70,55,
32766,15620,2691,70,58,
32766,15629,2683,61,47,
32766,15644,2691,71,51,
32766,15630,2694,77,47,
32766,15635,2694,70,49,
32766,15637,2701,69,39,
32766,15638,2694,87,52,
32766,15644,2699,70,51,
32766,15640,2697,62,49,
32766,15585,2674,63,39,
32766,15530,2676,73,56,
32766,15870,2748,69,59,
32766,15740,2716,73,46,
32766,15648,2691,60,46,
32766,15739,2714,69,50,
32766,15680,2704,75,42,
32766,15668,2702,79,54,
32766,15748,2720,71,42,
32766,15656,2690,70,46,
32766,15723,2705,83,49,
32766,15773,2723,74,47,
32766,15703,2714,71,47,
32766,15706,2701,77,49,
32766,15716,2708,82,48,
32766,15692,2710,71,52,
32766,15686,2706,69,39,
32766,15696,2706,73,48,
32766,15723,2712,70,40,
32766,15749,2729,64,48,
32766,15744,2706,73,46,
32766,15753,2714,65,54,
32766,15803,2731,78,56,
32766,15826,2741,77,45,
32766,15872,2741,78,46,
32766,15914,2747,69,40,
32766,15954,2757,72,45,
32766,15970,2769,64,47,
32766,15981,2765,74,45,
32766,15987,2761,72,47,
32766,15997,2770,72,51,
32766,16002,2762,76,40,
32766,15997,2768,67,58,
32766,15998,2762,69,41,
32766,15985,2755,67,48,
32766,15963,2758,67,46,
32766,15943,2757,71,45,
32766,15940,2752,73,49,
32766,15926,2743,73,42,
32766,15920,2743,78,49,
32766,15920,2738,64,42,
32766,15905,2749,71,47,
32766,15913,2739,71,53,
32766,15917,2747,69,49,
32766,15909,2752,74,51,
32766,15899,2738,70,48,
32766,15891,2745,73,46,
32766,15883,2734,74,41,
32766,15872,2746,81,48,
32766,15869,2737,63,45,
32766,15861,2729,69,48,
32766,15854,2731,70,52,
32766,15849,2735,66,37,
32766,15857,2740,70,43,
32766,15867,2730,66,53,
32766,15865,2739,77,49,
32766,15882,2731,73,43,
32766,15873,2736,76,53,
32766,15884,2742,71,54,
32766,15868,2737,63,45,
32766,15881,2741,72,42,
32766,15874,2737,67,51,
32766,15886,2740,70,43,
32766,15885,2749,80,51,
32766,15901,2734,64,53,
32766,15897,2750,77,44,
32766,15896,2746,68,52,
32766,15882,2738,79,46,
32766,15856,2737,81,46,
32766,15831,2724,67,52,
32766,15814,2730,68,50,
32766,15795,2729,72,54,
32766,15786,2724,75,52,
32766,15786,2717,75,51,
32766,15800,2738,67,57,
32766,15815,2722,74,52,
32766,15823,2730,73,40,
32766,15822,2736,75,49,
32766,15808,2732,72,45,
32766,15800,2724,64,50,
32766,15770,2720,79,43,
32766,15753,2720,74,45,
32766,15742,2719,66,62,
32766,15732,2720,70,45,
32766,15727,2720,73,44,
32766,15705,2713,67,46,
32766,15704,2708,77,46,
32766,15685,2702,69,48,
32766,15662,2705,77,50,
32766,15650,2710,65,46,
32766,15631,2689,67,52,
32766,15601,2693,68,42,
32766,15584,2691,72,50,
32766,15567,2685,74,48,
32766,15547,2686,69,54,
32766,15541,2682,58,53,
32766,15523,2682,69,51,
32766,15515,2676,69,51,
32766,15502,2683,67,51,
32766,15502,2679,74,55,
32766,15481,2682,73,56,
32766,15469,2669,68,44,
32766,15437,2674,77,45,
32766,15419,2669,71,47,
32766,15420,2670,58,46,
32766,15403,2666,77,52,
32766,15419,2670,67,33,
32766,15431,2668,71,54,
32766,15442,2669,67,59,
32766,15446,2682,74,44,
32766,15442,2672,77,48,
32766,15425,2670,77,55,
32766,15392,2664,68,45,
32766,15375,2663,66,53,
32766,15307,2644,82,49,
32766,15260,2648,65,53,
32766,15198,2619,73,46,
32766,15129,2613,68,53,
32766,15085,2609,72,52,
32766,15030,2594,72,48,
32766,14996,2584,74,47,
32766,14960,2590,75,44,
32766,14952,2579,70,46,
32766,14943,2586,79,52,
32766,14933,2579,77,53,
32766,14925,2583,76,44,
32766,14921,2578,86,58,
32766,14913,2571,72,53,
32766,14897,2576,65,43,
32766,14880,2565,59,40,
32766,14863,2577,74,52,
32766,14855,2577,65,67,
32766,14837,2565,75,51,
32766,14834,2562,78,44,
32766,14832,2565,62,42,
32766,14827,2572,69,45,
32766,14839,2561,76,57,
32766,14842,2567,69,45,
32766,14842,2556,71,56,
32766,14836,2562,66,52,
32766,14832,2568,69,44,
32766,14823,2568,71,55,
32766,14819,2556,76,43,
32766,14805,2556,67,51,
32766,14785,2558,67,55,
32766,14758,2549,74,47,
32766,14738,2544,62,51,
32766,14712,2547,73,60,
32766,14733,2555,71,42,
32766,14724,2545,68,52,
32766,14744,2550,62,51,
32766,14753,2554,79,46,
32766,14782,2566,68,58,
32766,14809,2559,72,44,
32766,14838,2567,79,44,
32766,14848,2567,69,45,
32766,14848,2568,74,46,
32766,14860,2575,61,46,
32766,14864,2573,76,45,
32766,14891,2567,74,50,
32766,14903,2582,72,55,
32766,14917,2588,68,54,
32766,14934,2581,69,51,
32766,14939,2597,60,45,
32766,14952,2592,71,53,
32766,14963,2595,71,53,
32766,14974,2595,69,56,
32766,14978,2593,76,42,
32766,14993,2605,79,46,
32766,15004,2606,80,51,
32766,15018,2603,75,54,
32766,15058,2604,81,45,
32766,15079,2605,73,46,
32766,15117,2619,74,49,
32766,15138,2617,66,53,
32766,15156,2622,74,61,
32766,15155,2621,62,51,
32766,15158,2618,85,49,
32766,15150,2626,63,47,
32766,15145,2620,75,51,
32766,15150,2616,74,52,
32766,15153,2621,68,55,
32766,15168,2627,72,45,
32766,15176,2627,69,55,
32766,15200,2632,64,45,
32766,15223,2636,70,44,
32766,15243,2634,78,49,
32766,15247,2650,75,45,
32766,15263,2650,69,34,
32766,15284,2658,66,53,
32766,15313,2652,70,54,
32766,15376,2656,74,39,
32766,15432,2677,77,52,
32766,15493,2683,70,48,
32766,15549,2710,72,54,
32766,15612,2711,69,52,
32766,15660,2709,76,43,
32766,15704,2729,70,46,
32766,15721,2735,66,56,
32766,15719,2730,72,54,
32766,15705,2726,70,41,
32766,15704,2734,71,49,
32766,15691,2729,72,45,
32766,15669,2725,68,58,
32766,15663,2720,73,49,
32766,15646,2713,72,43,
32766,15653,2708,75,54,
32766,15644,2712,77,61,
32766,15640,2714,62,41,
32766,15629,2714,74,44,
32766,15605,2714,76,53,
32766,15574,2709,73,51,
32766,15554,2690,59,50,
32766,15542,2700,75,46,
32766,15531,2687,71,49,
32766,15532,2693,69,49,
32766,15531,2699,69,47,
32766,15543,2705,71,46,
32766,15549,2692,73,48,
32766,15543,2693,59,51,
32766,15567,2704,69,50,
32766,15571,2703,74,67,
32766,15577,2702,74,45,
32766,15583,2708,67,39,
32766,15585,2696,71,51,
32766,15595,2697,70,47,
32766,15600,2711,75,48,
32766,15569,2698,72,38,
32766,15558,2701,69,51,
32766,15506,2695,76,54,
32766,15481,2686,72,46,
32766,15450,2681,75,46,
32766,15435,2689,64,49,
32766,15431,2679,62,47,
32766,15433,2682,71,48,
32766,15438,2676,70,46,
32766,15432,2675,71,50,
32766,15427,2685,71,42,
32766,15415,2668,67,56,
32766,15406,2665,72,50,
32766,15376,2666,71,47,
32766,15349,2650,72,60,
32766,15330,2661,74,52,
32766,15321,2645,75,53,
32766,15329,2661,69,49,
32766,15321,2658,70,47,
32766,15322,2653,72,46,
32766,15322,2656,77,52,
32766,15318,2656,76,54,
32766,15329,2658,75,50,
32766,15318,2653,70,45,
32766,15308,2650,70,49,
32766,15304,2652,75,42,
32766,15319,2662,74,55,
32766,15320,2655,78,49,
32766,15318,2656,71,40,
32766,15326,2653,63,39,
32766,15321,2649,69,44,
32766,15318,2651,75,60,
32766,15305,2652,71,50,
32766,15305,2653,70,46,
32766,15314,2652,61,51,
32766,15327,2653,79,43,
32766,15336,2653,82,63,
32766,15358,2652,78,50,
32766,15410,2672,81,45,
32766,15424,2678,70,60,
32766,15464,2680,69,39,
32766,15488,2685,66,40,
32766,15518,2687,70,43,
32766,15553,2698,72,45,
32766,15582,2691,73,61,
32766,15591,2705,73,49,
32766,15589,2696,64,43,
32766,15574,2694,67,44,
32766,15559,2691,76,52,
32766,15547,2685,76,61,
32766,15550,2674,75,43,
32766,15532,2689,71,44,
32766,15525,2687,71,45,
32766,15524,2691,69,52,
32766,15541,2689,70,48,
32766,15556,2687,74,52,
32766,15565,2686,74,49,
32766,15573,2683,69,56,
32766,15576,2693,68,37,
32766,15573,2682,73,55,
32766,15563,2693,72,36,
32766,15566,2690,63,44,
32766,15569,2684,74,52,
32766,15579,2688,79,54,
32766,15573,2684,73,54,
32766,15574,2696,77,55,
32766,15563,2701,72,55,
32766,15568,2696,77,61,
32766,15570,2691,73,52,
32766,15547,2700,74,43,
32766,15555,2688,71,46,
32766,15549,2702,73,46,
32766,15536,2693,66,45,
32766,15535,2689,68,51,
32766,15531,2694,66,50,
32766,15519,2694,73,50,
32766,15513,2690,76,46,
32766,15507,2691,71,55,
32766,15504,2695,69,54,
32766,15528,2692,72,53,
32766,15532,2700,67,56,
32766,15522,2700,72,48,
32766,15531,2703,70,50,
32766,15515,2695,70,57,
32766,15469,2693,72,51,
32766,15437,2685,71,43,
32766,15377,2671,78,47,
32766,15310,2673,65,52,
32766,15266,2653,70,42,
32766,15208,2651,74,59,
32766,15165,2640,77,41,
32766,15146,2636,74,49,
32766,15114,2630,71,54,
32766,15123,2621,77,48,
32766,15141,2625,69,51,
32766,15158,2629,69,43,
32766,15186,2639,64,54,
32766,15209,2645,77,44,
32766,15229,2644,75,55,
32766,15260,2646,71,54,
32766,15267,2654,76,45,
32766,15278,2653,73,56,
32766,15277,2646,77,48,
32766,15274,2654,69,57,
32766,15284,2649,70,48,
32766,15277,2653,74,47,
32766,15288,2653,69,56,
32766,15294,2655,64,54,
32766,15322,2663,74,44,
32766,15337,2658,75,45,
32766,15384,2678,71,50,
32766,15451,2699,55,44,
32766,15497,2699,80,53,
32766,15552,2704,78,53,
32766,15593,2707,66,47,
32766,15607,2710,77,51,
32766,15638,2712,62,52,
32766,15640,2712,71,44,
32766,15652,2712,68,48,
32766,15652,2722,70,58,
32766,15657,2706,77,46,
32766,15633,2703,63,53,
32766,15608,2711,72,49,
32766,15582,2701,72,47,
32766,15555,2684,75,43,
32766,15509,2689,65,48,
32766,15478,2671,75,55,
32766,15440,2660,66,56,
32766,15410,2660,71,51,
32766,15391,2655,80,38,
32766,15364,2644,72,45,
32766,15339,2644,70,42,
32766,15326,2641,69,55,
32766,15314,2635,68,48,
32766,15296,2628,73,42,
32766,15306,2635,81,55,
32766,15307,2635,80,42,
32766,15323,2637,58,46,
32766,15315,2644,67,48,
32766,15314,2634,70,45,
32766,15307,2630,70,44,
32766,15286,2635,74,57,
32766,15273,2631,63,55,
32766,15263,2637,63,52,
32766,15263,2626,74,48,
32766,15272,2631,75,53,
32766,15279,2635,66,49,
32766,15296,2637,71,50,
32766,15337,2644,79,55,
32766,15383,2644,68,51,
32766,15414,2675,69,57,
32766,15443,2668,72,60,
32766,15464,2663,70,46,
32766,15455,2669,76,51,
32766,15443,2669,80,51,
32766,15413,2658,70,52,
32766,15370,2643,75,49,
32766,15333,2654,58,42,
32766,15291,2641,70,49,
32766,15278,2644,73,55,
32766,15278,2628,66,51,
32766,15283,2649,73,50,
32766,15313,2642,80,48,
32766,15359,2646,65,48,
32766,15382,2650,69,51,
32766,15408,2656,73,51,
32766,15420,2656,79,50,
32766,15433,2664,77,47,
32766,15432,2663,81,60,
32766,15399,2650,70,50,
32766,15354,2650,68,53,
32766,15295,2640,70,60,
32766,15229,2623,80,49,
32766,15178,2614,69,48,
32766,15148,2605,84,46,
32766,15124,2619,75,47,
32766,15128,2619,66,52,
32766,15144,2609,72,47,
32766,15148,2619,72,50,
32766,15171,2624,70,45,
32766,15167,2623,64,45,
32766,15168,2630,77,53,
32766,15154,2610,78,46,
32766,15122,2607,74,52,
32766,15103,2611,63,50,
32766,15089,2617,74,46,
32766,15086,2608,65,48,
32766,15077,2611,73,53,
32766,15054,2597,64,53,
32766,15032,2597,72,45,
32766,15024,2595,67,49,
32766,15028,2605,75,47,
32766,15055,2599,79,52,
32766,15076,2598,73,43,
32766,15107,2605,62,46,
32766,15152,2608,67,52,
32766,15195,2614,63,38,
32766,15245,2631,79,52,
32766,15311,2638,67,45,
32766,15352,2647,71,52,
32766,15372,2656,68,49,
32766,15426,2655,70,44,
32766,15450,2649,76,55,
32766,15478,2658,70,56,
32766,15495,2655,79,59,
32766,15487,2662,65,55,
32766,15509,2666,71,57,
32766,15505,2668,75,52,
32766,15515,2663,69,44,
32766,15521,2660,75,48,
32766,15523,2670,70,47,
32766,15566,2664,66,43,
32766,15574,2666,78,51,
32766,15621,2678,63,58,
32766,15670,2683,70,43,
32766,15751,2695,82,45,
32766,15836,2711,72,54,
32766,15918,2739,74,38,
32766,16012,2747,67,54,
32766,16084,2760,61,47,
32766,16160,2773,77,52,
32766,16241,2796,68,50,
32766,16316,2802,78,58,
32766,16388,2834,65,58,
32766,16478,2839,73,45,
32766,16553,2871,71,53,
32766,16604,2886,76,43,
32766,16673,2896,59,42,
32766,16721,2910,70,44,
32766,16762,2927,72,53,
32766,16821,2931,80,49,
32766,16859,2955,63,43,
32766,16900,2950,76,44,
32766,16923,2961,74,44,
32766,16951,2974,68,47,
32766,16971,2969,76,48,
32766,16982,2985,72,44,
32766,16999,2981,73,45,
32766,16986,2984,66,38,
32766,16978,2971,70,45,
32766,16981,2990,66,50,
32766,16976,2976,75,44,
32766,16957,2987,72,49,
32766,16934,2994,65,44,
32766,16932,2981,67,56,
32766,16920,2982,71,53,
32766,16887,2982,76,43,
32766,16894,2977,68,42,
32766,16894,2978,65,49,
32766,16908,2991,78,51,
32766,16935,2999,70,44,
32766,16968,2998,72,44,
32766,17028,3011,79,39,
32766,17061,3026,72,46,
32766,17117,3043,62,48,
32766,17179,3058,68,51,
32766,17213,3069,68,53,
32766,17237,3069,74,51,
32766,17255,3087,73,59,
32766,17263,3076,72,46,
32766,17237,3086,77,41,
32766,17224,3091,68,56,
32766,17202,3081,71,56,
32766,17177,3087,76,51,
32766,17180,3079,60,52,
32766,17162,3085,69,46,
32766,17148,3085,72,49,
32766,17104,3069,74,51,
32766,17060,3057,73,47,
32766,16980,3032,63,51,
32766,16896,3013,74,44,
32766,16797,2993,66,46,
32766,16713,2963,81,52,
32766,16649,2941,72,41,
32766,16572,2922,68,49,
32766,16525,2905,66,51,
32766,16486,2900,73,43,
32766,16444,2891,77,51,
32766,16411,2881,64,43,
32766,16385,2873,66,50,
32766,16367,2864,73,48,
32766,16327,2859,76,52,
32766,16307,2840,72,40,
32766,16273,2849,74,46,
32766,16251,2840,79,51,
32766,16234,2834,68,52,
32766,16216,2830,66,51,
32766,16178,2821,76,54,
32766,16161,2819,75,46,
32766,16141,2812,63,48,
32766,16133,2811,75,52,
32766,16122,2796,75,41,
32766,16123,2809,74,43,
32766,16098,2794,69,47,
32766,16069,2800,61,53,
32766,16043,2782,73,54,
32766,16008,2783,75,47,
32766,15980,2781,73,51,
32766,15951,2771,73,44,
32766,15915,2762,73,47,
32766,15864,2751,81,51,
32766,15812,2732,69,45,
32766,15738,2727,70,47,
32766,15666,2713,78,46,
32766,15601,2709,79,50,
32766,15527,2696,75,44,
32766,15471,2693,76,50,
32766,15426,2673,71,48,
32766,15390,2657,79,51,
32766,15352,2653,80,44,
32766,15313,2645,72,45,
32766,15302,2644,74,50,
32766,15277,2642,75,51,
32766,15267,2637,72,53,
32766,15267,2644,72,52,
32766,15284,2641,65,58,
32766,15335,2652,69,46,
32766,15393,2655,71,54,
32766,15476,2658,68,48,
32766,15508,2678,73,45,
32766,15533,2673,67,51,
32766,15510,2675,70,48,
32766,15486,2668,78,53,
32766,15443,2668,70,50,
32766,15413,2668,70,43,
32766,15375,2655,68,46,
32766,15334,2649,75,56,
32766,15267,2634,76,43,
32766,15213,2633,68,52,
32766,15151,2610,82,50,
32766,15079,2606,65,51,
32766,15012,2585,72,50,
32766,14921,2569,63,57,
32766,14818,2548,78,55,
32766,14719,2532,79,57,
32766,14636,2520,66,56,
32766,14562,2507,65,55,
32766,14492,2498,68,44,
32766,14432,2504,69,55,
32766,14366,2479,74,54,
32766,14306,2463,65,58,
32766,14242,2455,63,58,
32766,14211,2439,65,55,
32766,14171,2438,68,50,
32766,14152,2428,70,53,
32766,14140,2431,68,48,
32766,14104,2423,70,56,
32766,14070,2421,69,61,
32766,14052,2419,67,50,
32766,14032,2418,71,47,
32766,14012,2411,65,49,
32766,14002,2399,67,45,
32766,13999,2406,76,45,
32766,14004,2407,77,55,
32766,14012,2403,76,49,
32766,14024,2409,71,54,
32766,14040,2412,76,61,
32766,14059,2413,73,51,
32766,14048,2411,68,57,
32766,14029,2418,65,52,
32766,14003,2408,69,46,
32766,13969,2406,79,53,
32766,13945,2405,79,53,
32766,13932,2399,70,53,
32766,13905,2395,66,43,
32766,13873,2400,68,48,
32766,13857,2393,59,54,
32766,13824,2392,70,56,
32766,13787,2383,72,49,
32766,13775,2379,68,51,
32766,13760,2376,77,42,
32766,13741,2364,78,58,
32766,13751,2376,64,44,
32766,13767,2372,59,47,
32766,13808,2374,69,47,
32766,13847,2381,61,42,
32766,13876,2388,67,55,
32766,13898,2373,66,45,
32766,13903,2378,75,59,
32766,13905,2387,76,47,
32766,13899,2378,81,54,
32766,13908,2381,71,44,
32766,13892,2382,68,51,
32766,13819,2374,68,46,
32766,13740,2361,70,61,
32766,13616,2348,66,57,
32766,13506,2335,60,47,
32766,13424,2337,67,55,
32766,13384,2334,76,52,
32766,13335,2328,62,45,
32766,13317,2325,78,47,
32766,13342,2331,60,45,
32766,13413,2339,73,57,
32766,13470,2348,69,46,
32766,13521,2356,70,42,
32766,13556,2356,78,50,
32766,13562,2370,65,54,
32766,13584,2362,68,44,
32766,13597,2369,67,47,
32766,13590,2367,72,54,
32766,13588,2366,78,50,
32766,13568,2371,74,58,
32766,13586,2369,60,42,
32766,13605,2386,71,49,
32766,13680,2384,74,43,
32766,13769,2393,68,50,
32766,13897,2414,79,51,
32766,14049,2440,71,53,
32766,14231,2455,67,55,
32766,14458,2485,75,61,
32766,14704,2522,61,55,
32766,14954,2556,66,47,
32766,15237,2599,66,42,
32766,15527,2653,78,53,
32766,15776,2700,73,50,
32766,15994,2747,73,39,
32766,16084,2760,69,43,
32766,16047,2756,71,47,
32766,15929,2732,61,47,
32766,15800,2728,59,48,
32766,15787,2715,71,52,
32766,15796,2725,72,61,
32766,15848,2730,77,44,
32766,15915,2742,71,51,
32766,16054,2769,62,55,
32766,16277,2810,77,46,
32766,16553,2876,70,43,
32766,16831,2933,70,41,
32766,17143,3024,64,51,
32766,17456,3109,75,48,
32766,17752,3215,74,43,
32766,18041,3332,73,43,
32766,18290,3448,69,43,
32766,18477,3551,77,43,
32766,18614,3634,67,41,
32766,18661,3679,66,52,
32766,18659,3703,74,41,
32766,18618,3702,72,55,
32766,18612,3701,85,43,
32766,18665,3740,81,43,
32766,18642,3738,79,45,
32766,18615,3726,79,52,
32766,18603,3724,62,44,
32766,18581,3707,78,45,
32766,18559,3714,80,55,
32766,18579,3738,75,57,
32766,18618,3759,80,48,
32766,18701,3797,84,46,
32766,18809,3863,74,45,
32766,18930,3936,77,42,
32766,19090,4047,75,51,
32766,19266,4171,85,49,
32766,19428,4309,86,37,
32766,19564,4436,81,41,
32766,19683,4546,84,43,
32766,19755,4644,70,44,
32766,19816,4711,82,49,
32766,19845,4777,75,48,
32766,19870,4820,75,39,
32766,19886,4862,78,46,
32766,19894,4878,80,47,
32766,19896,4896,73,52,
32766,19881,4909,86,46,
32766,19881,4930,85,28,
32766,19904,4950,65,53,
32766,19896,4968,83,54,
32766,19910,5002,78,37,
32766,19919,5030,75,50,
32766,19934,5067,85,43,
32766,19951,5112,81,36,
32766,19979,5148,82,39,
32766,19989,5188,79,44,
32766,20014,5196,87,33,
32766,20011,5237,88,44,
32766,20018,5244,68,35,
32766,20031,5274,82,45,
32766,20043,5298,73,43,
32766,20064,5326,75,44,
32766,20060,5352,85,50,
32766,20079,5365,82,55,
32766,20092,5379,84,45,
32766,20090,5391,86,46,
32766,20097,5396,80,45,
32766,20100,5398,82,44,
32766,20115,5402,85,43,
32766,20121,5410,86,49,
32766,20129,5424,82,45,
32766,20139,5429,81,44,
32766,20167,5470,77,47,
32766,20184,5509,81,48,
32766,20207,5528,87,41,
32766,20224,5532,80,40,
32766,20229,5533,81,50,
32766,20223,5519,79,41,
32766,20225,5512,84,38,
32766,20221,5506,86,48,
32766,20220,5489,86,41,
32766,20205,5475,82,46,
32766,20205,5483,79,44,
32766,20220,5488,90,48,
32766,20211,5492,87,43,
32766,20217,5502,89,55,
32766,20230,5516,87,50,
32766,20228,5535,72,56,
32766,20217,5536,88,46,
32766,20221,5528,81,36,
32766,20210,5532,84,45,
32766,20223,5526,76,40,
32766,20222,5525,72,44,
32766,20211,5514,88,46,
32766,20216,5514,77,44,
32766,20216,5517,80,47,
32766,20210,5515,72,48,
32766,20217,5527,80,44,
32766,20222,5533,73,52,
32766,20227,5538,84,45,
32766,20232,5551,93,50,
32766,20236,5547,76,41,
32766,20231,5526,91,46,
32766,20233,5509,84,48,
32766,20232,5469,77,36,
32766,20221,5442,77,41,
32766,20212,5425,76,43,
32766,20207,5388,81,48,
32766,20190,5362,89,47,
32766,20157,5315,73,56,
32766,20135,5307,94,55,
32766,20128,5274,77,51,
32766,20097,5260,75,50,
32766,20092,5244,77,43,
32766,20095,5242,80,45,
32766,20088,5241,84,55,
32766,20067,5236,85,40,
32766,20080,5244,83,49,
32766,20072,5244,75,50,
32766,20064,5246,84,39,
32766,20080,5261,73,40,
32766,20076,5280,83,43,
32766,20083,5308,80,46,
32766,20113,5358,79,57,
32766,20146,5418,83,45,
32766,20178,5505,86,53,
32766,20213,5601,86,43,
32766,20246,5718,87,49,
32766,20293,5829,84,56,
32766,20330,5944,84,44,
32766,20352,6063,80,43,
32766,20374,6125,70,45,
32766,20397,6173,81,39,
32766,20424,6198,78,50,
32766,20420,6219,81,43,
32766,20439,6223,88,50,
32766,20439,6225,86,44,
32766,20438,6216,82,41,
32766,20441,6204,81,36,
32766,20434,6212,77,45,
32766,20433,6215,85,41,
32766,20434,6243,83,44,
32766,20438,6255,86,39,
32766,20437,6268,84,46,
32766,20448,6285,79,39,
32766,20446,6318,87,48,
32766,20451,6340,87,42,
32766,20455,6360,87,42,
32766,20468,6377,86,42,
32766,20468,6400,82,53,
32766,20474,6417,79,44,
32766,20470,6442,79,44,
32766,20470,6458,81,38,
32766,20464,6458,85,39,
32766,20467,6439,82,54,
32766,20451,6444,88,47,
32766,20456,6439,91,46,
32766,20449,6430,87,52,
32766,20459,6424,90,49,
32766,20443,6409,88,47,
32766,20445,6416,87,46,
32766,20442,6416,86,48,
32766,20444,6412,96,55,
32766,20455,6416,88,44,
32766,20454,6417,89,39,
32766,20460,6403,85,44,
32766,20449,6405,90,44,
32766,20475,6409,80,42,
32766,20478,6407,96,44,
32766,20477,6430,88,44,
32766,20489,6440,90,38,
32766,20491,6465,89,42,
32766,20497,6490,86,49,
32766,20510,6515,82,49,
32766,20526,6546,87,49,
32766,20529,6568,89,51,
32766,20534,6591,79,47,
32766,20545,6617,86,40,
32766,20547,6638,98,45,
32766,20543,6678,89,42,
32766,20546,6718,89,50,
32766,20537,6750,87,37,
32766,20552,6789,88,49,
32766,20538,6830,84,40,
32766,20540,6862,83,44,
32766,20544,6895,88,38,
32766,20546,6951,84,52,
32766,20555,6978,86,44,
32766,20546,6995,80,52,
32766,20538,7011,96,43,
32766,20536,7022,89,43,
32766,20538,7041,86,45,
32766,20531,7029,78,45,
32766,20527,7031,87,48,
32766,20533,7018,94,50,
32766,20520,7023,95,52,
32766,20526,7022,85,43,
32766,20531,7019,82,51,
32766,20537,7028,100,35,
32766,20550,7025,88,43,
32766,20544,7027,93,56,
32766,20542,7030,88,50,
32766,20545,7031,91,42,
32766,20550,7033,85,41,
32766,20550,7034,81,45,
32766,20551,7040,92,55,
32766,20558,7026,85,50,
32766,20568,7034,81,43,
32766,20576,7019,86,49,
32766,20578,6995,84,44,
32766,20581,6976,86,48,
32766,20588,6949,93,61,
32766,20592,6931,92,48,
32766,20597,6908,86,46,
32766,20599,6917,89,44,
32766,20594,6895,83,44,
32766,20584,6896,95,48,
32766,20577,6880,82,44,
32766,20577,6859,79,46,
32766,20565,6852,94,35,
32766,20563,6833,84,46,
32766,20573,6830,77,53,
32766,20574,6818,86,43,
32766,20569,6822,87,46,
32766,20570,6806,87,47,
32766,20573,6812,85,34,
32766,20581,6819,83,45,
32766,20569,6823,81,45,
32766,20572,6827,89,48,
32766,20570,6816,88,42,
32766,20572,6820,84,45,
32766,20575,6814,87,46,
32766,20569,6813,95,51,
32766,20574,6805,90,44,
32766,20585,6802,91,50,
32766,20588,6799,88,52,
32766,20577,6795,89,51,
32766,20581,6791,86,47,
32766,20578,6802,89,56,
32766,20572,6806,90,46,
32766,20579,6811,84,46,
32766,20587,6826,85,47,
32766,20592,6843,89,48,
32766,20602,6848,78,47,
32766,20582,6850,91,46,
32766,20581,6850,82,44,
32766,20572,6846,88,48,
32766,20571,6852,82,41,
32766,20567,6844,91,49,
32766,20569,6843,87,44,
32766,20558,6837,87,43,
32766,20569,6839,91,51,
32766,20560,6831,93,52,
32766,20563,6816,92,53,
32766,20566,6812,89,41,
32766,20562,6822,78,45,
32766,20551,6830,84,44,
32766,20564,6837,93,47,
32766,20563,6836,92,44,
32766,20560,6846,90,40,
32766,20567,6862,81,50,
32766,20569,6882,83,45,
32766,20578,6885,89,46,
32766,20589,6908,89,48,
32766,20588,6900,84,45,
32766,20591,6919,98,50,
32766,20601,6932,89,48,
32766,20592,6916,89,44,
32766,20601,6942,83,54,
32766,20602,6936,96,41,
32766,20607,6935,93,44,
32766,20624,6935,97,38,
32766,20618,6927,92,57,
32766,20629,6941,84,50,
32766,20629,6939,96,52,
32766,20629,6956,75,53,
32766,20644,6960,97,50,
32766,20640,6972,97,45,
32766,20637,6985,88,46,
32766,20641,6971,82,38,
32766,20633,6972,95,49,
32766,20644,6967,83,53,
32766,20638,6974,87,51,
32766,20640,6966,95,53,
32766,20643,6983,84,50,
32766,20644,6978,84,52,
32766,20646,6987,87,46,
32766,20638,6980,91,45,
32766,20627,6975,93,44,
32766,20636,6990,82,36,
32766,20637,6988,91,45,
32766,20636,6988,94,41,
32766,20636,6989,86,48,
32766,20642,7000,83,50,
32766,20647,6983,85,42,
32766,20643,6996,92,39,
32766,20648,7004,90,48,
32766,20644,7036,89,56,
32766,20648,7058,82,55,
32766,20662,7082,82,45,
32766,20675,7122,82,45,
32766,20680,7139,99,38,
32766,20681,7161,91,46,
32766,20694,7167,94,36,
32766,20680,7185,95,46,
32766,20692,7206,85,52,
32766,20698,7204,90,52,
32766,20692,7222,90,48,
32766,20700,7230,88,51,
32766,20693,7224,86,55,
32766,20695,7234,98,53,
32766,20691,7233,89,52,
32766,20697,7221,83,53,
32766,20694,7232,92,49,
32766,20695,7232,91,48,
32766,20688,7241,92,49,
32766,20689,7232,84,50,
32766,20692,7237,91,53,
32766,20680,7240,87,36,
32766,20674,7250,92,42,
32766,20667,7255,92,45,
32766,20672,7261,85,39,
32766,20666,7279,90,42,
32766,20662,7288,97,49,
32766,20659,7308,88,48,
32766,20656,7330,86,45,
32766,20663,7346,98,48,
32766,20652,7380,98,47,
32766,20645,7389,90,54,
32766,20651,7405,91,43,
32766,20653,7415,95,47,
32766,20651,7428,93,45,
32766,20644,7445,86,46,
32766,20655,7457,90,41,
32766,20657,7461,96,53,
32766,20656,7472,96,52,
32766,20646,7470,82,47,
32766,20657,7479,90,41,
32766,20654,7482,93,41,
32766,20661,7479,84,51,
32766,20651,7472,89,55,
32766,20652,7473,86,48,
32766,20646,7452,82,56,
32766,20650,7460,87,53,
32766,20651,7454,92,47,
32766,20641,7461,90,51,
32766,20643,7460,80,48,
32766,20634,7471,96,44,
32766,20633,7495,96,46,
32766,20620,7508,89,44,
32766,20624,7520,90,42,
32766,20621,7521,99,47,
32766,20609,7526,94,43,
32766,20600,7541,89,49,
32766,20599,7535,82,53,
32766,20594,7539,90,51,
32766,20584,7537,93,45,
32766,20581,7544,85,48,
32766,20578,7556,97,52,
32766,20559,7561,104,51,
32766,20552,7582,81,50,
32766,20551,7591,94,51,
32766,20545,7598,95,46,
32766,20535,7614,96,48,
32766,20543,7631,93,51,
32766,20542,7640,91,48,
32766,20540,7659,89,40,
32766,20544,7671,90,47,
32766,20550,7688,86,50,
32766,20541,7697,86,47,
32766,20553,7715,98,48,
32766,20561,7736,91,52,
32766,20552,7766,98,46,
32766,20579,7762,89,57,
32766,20570,7759,86,46,
32766,20580,7766,99,53,
32766,20579,7752,94,47,
32766,20581,7745,89,51,
32766,20580,7738,89,44,
32766,20571,7730,96,49,
32766,20563,7717,92,46,
32766,20563,7712,94,47,
32766,20563,7718,94,55,
32766,20558,7691,89,57,
32766,20549,7681,86,46,
32766,20546,7652,94,50,
32766,20547,7638,83,46,
32766,20544,7612,85,41,
32766,20553,7597,86,48,
32766,20541,7570,84,51,
32766,20540,7553,104,50,
32766,20544,7542,94,42,
32766,20544,7536,85,49,
32766,20545,7531,95,51,
32766,20525,7516,87,52,
32766,20524,7522,88,57,
32766,20531,7516,90,46,
32766,20537,7508,92,48,
32766,20535,7494,92,50,
32766,20542,7459,89,49,
32766,20549,7444,88,49,
32766,20560,7427,95,40,
32766,20562,7417,95,46,
32766,20569,7398,90,47,
32766,20585,7388,91,42,
32766,20593,7386,95,46,
32766,20604,7361,88,45,
32766,20618,7342,89,55,
32766,20631,7317,97,40,
32766,20631,7287,97,49,
32766,20623,7241,83,51,
32766,20630,7186,93,53,
32766,20631,7126,79,46,
32766,20616,7064,83,52,
32766,20604,6992,87,39,
32766,20585,6923,88,42,
32766,20583,6874,91,45,
32766,20559,6831,81,43,
32766,20553,6789,85,43,
32766,20532,6759,86,48,
32766,20521,6738,88,51,
32766,20511,6693,93,48,
32766,20509,6680,85,52,
32766,20509,6657,90,47,
32766,20516,6644,91,44,
32766,20497,6651,93,45,
32766,20511,6651,92,57,
32766,20501,6643,76,56,
32766,20503,6659,89,48,
32766,20509,6649,97,55,
32766,20511,6633,91,47,
32766,20496,6610,93,41,
32766,20500,6616,93,39,
32766,20497,6607,90,48,
32766,20513,6615,90,46,
32766,20516,6619,84,49,
32766,20515,6641,96,56,
32766,20538,6666,83,41,
32766,20545,6693,80,44,
32766,20549,6724,99,48,
32766,20553,6764,89,54,
32766,20570,6792,99,47,
32766,20584,6797,92,29,
32766,20578,6819,95,46,
32766,20589,6827,96,51,
32766,20596,6856,86,52,
32766,20611,6898,86,42,
32766,20622,6931,94,51,
32766,20616,6997,87,63,
32766,20620,7042,93,49,
32766,20628,7090,93,50,
32766,20617,7117,90,42,
32766,20612,7140,89,39,
32766,20606,7139,81,55,
32766,20612,7143,95,42,
32766,20600,7135,79,50,
32766,20585,7133,95,49,
32766,20588,7123,81,50,
32766,20577,7099,92,49,
32766,20559,7098,85,54,
32766,20564,7092,90,42,
32766,20558,7090,89,50,
32766,20554,7099,91,57,
32766,20553,7115,82,44,
32766,20556,7118,98,56,
32766,20556,7133,87,45,
32766,20554,7135,89,48,
32766,20549,7144,80,52,
32766,20546,7145,85,49,
32766,20547,7155,101,44,
32766,20554,7136,90,48,
32766,20557,7140,89,51,
32766,20564,7119,89,44,
32766,20562,7085,86,51,
32766,20557,7054,93,52,
32766,20540,7013,86,54,
32766,20543,6989,88,57,
32766,20543,6948,81,38,
32766,20533,6915,89,52,
32766,20528,6901,83,39,
32766,20536,6873,87,49,
32766,20524,6831,91,44,
32766,20526,6790,88,41,
32766,20527,6778,88,51,
32766,20512,6739,82,55,
32766,20517,6695,87,42,
32766,20530,6663,84,46,
32766,20513,6633,90,47,
32766,20513,6604,92,46,
32766,20519,6570,81,48,
32766,20506,6540,83,46,
32766,20507,6518,94,44,
32766,20505,6493,87,41,
32766,20507,6465,85,44,
32766,20497,6448,83,47,
32766,20502,6424,80,41,
32766,20492,6399,85,52,
32766,20489,6381,85,46,
32766,20490,6353,91,40,
32766,20474,6288,88,46,
32766,20451,6238,84,52,
32766,20433,6192,85,49,
32766,20430,6159,85,47,
32766,20422,6131,86,39,
32766,20407,6095,85,50,
32766,20397,6064,89,42,
32766,20405,6046,81,49,
32766,20408,6030,96,53,
32766,20403,6009,87,51,
32766,20401,5981,83,55,
32766,20382,5943,91,50,
32766,20375,5891,85,44,
32766,20357,5837,81,45,
32766,20328,5778,83,47,
32766,20296,5708,90,50,
32766,20258,5639,75,48,
32766,20219,5556,90,44,
32766,20185,5502,84,46,
32766,20154,5429,82,50,
32766,20110,5367,79,56,
32766,20091,5310,91,41,
32766,20050,5262,83,43,
32766,20027,5211,83,37,
32766,20002,5181,90,45,
32766,20007,5139,84,46,
32766,19976,5114,86,48,
32766,19982,5089,77,50,
32766,19976,5059,82,44,
32766,19988,5055,85,47,
32766,19976,5014,70,52,
32766,19971,4975,87,40,
32766,19953,4929,84,51,
32766,19947,4905,92,42,
32766,19916,4853,69,50,
32766,19884,4786,77,39,
32766,19822,4700,78,43,
32766,19733,4607,86,40,
32766,19629,4506,81,41,
32766,19503,4407,81,39,
32766,19382,4303,73,48,
32766,19261,4202,85,50,
32766,19137,4106,79,46,
32766,18994,4008,79,46,
32766,18869,3924,77,53,
32766,18755,3869,71,52,
32766,18636,3786,77,54,
32766,18529,3720,76,48,
32766,18416,3660,77,48,
32766,18324,3599,79,36,
32766,18243,3568,79,45,
32766,18182,3538,80,46,
32766,18133,3514,85,49,
32766,18064,3476,80,41,
32766,18012,3449,71,46,
32766,17977,3439,75,35,
32766,17942,3418,74,49,
32766,17910,3399,80,50,
32766,17877,3389,79,60,
32766,17861,3390,81,54,
32766,17854,3379,76,47,
32766,17875,3394,74,50,
32766,17909,3417,79,54,
32766,17969,3433,78,45,
32766,18010,3466,71,53,
32766,18055,3481,77,47,
32766,18092,3519,79,44,
32766,18120,3518,82,42,
32766,18145,3528,71,57,
32766,18144,3539,74,44,
32766,18163,3550,72,49,
32766,18181,3566,81,43,
32766,18202,3570,65,44,
32766,18258,3606,75,41,
32766,18269,3633,80,40,
32766,18287,3639,77,50,
32766,18322,3648,75,48,
32766,18411,3695,81,39,
32766,18545,3769,87,46,
32766,18668,3847,85,40,
32766,18765,3904,77,52,
32766,18826,3951,81,40,
32766,18907,3998,86,45,
32766,18987,4048,79,48,
32766,19053,4091,72,45,
32766,19098,4103,73,33,
32766,19127,4123,74,48,
32766,19151,4140,82,35,
32766,19216,4181,73,54,
32766,19259,4205,86,39,
32766,19284,4223,73,52,
32766,19275,4230,76,51,
32766,19273,4220,76,47,
32766,19254,4207,71,49,
32766,19237,4209,69,51,
32766,19219,4201,75,49,
32766,19220,4200,83,49,
32766,19253,4221,89,45,
32766,19283,4240,75,51,
32766,19336,4274,84,45,
32766,19379,4311,86,46,
32766,19422,4341,84,47,
32766,19452,4363,80,49,
32766,19467,4373,79,54,
32766,19476,4373,86,44,
32766,19477,4400,89,49,
32766,19485,4391,75,39,
32766,19484,4402,86,42,
32766,19483,4416,76,54,
32766,19486,4421,71,40,
32766,19485,4424,76,49,
32766,19488,4435,74,42,
32766,19481,4438,78,46,
32766,19477,4433,83,43,
32766,19472,4428,77,41,
32766,19476,4418,71,45,
32766,19466,4420,74,41,
32766,19469,4418,78,43,
32766,19480,4425,79,48,
32766,19481,4419,84,41,
32766,19500,4437,77,41,
32766,19521,4447,76,48,
32766,19539,4462,81,50,
32766,19560,4478,78,58,
32766,19570,4483,79,50,
32766,19582,4495,77,46,
32766,19584,4493,83,43,
32766,19575,4477,80,50,
32766,19567,4476,81,49,
32766,19543,4463,76,48,
32766,19526,4439,73,46,
32766,19507,4429,81,49,
32766,19498,4427,82,46,
32766,19473,4407,82,51,
32766,19472,4393,77,45,
32766,19465,4401,80,47,
32766,19467,4395,78,51,
32766,19464,4410,80,50,
32766,19470,4411,86,39,
32766,19475,4416,76,55,
32766,19488,4418,77,43,
32766,19495,4429,75,37,
32766,19502,4438,78,47,
32766,19497,4432,81,47,
32766,19494,4429,79,43,
32766,19477,4418,79,47,
32766,19464,4406,71,49,
32766,19449,4397,81,51,
32766,19447,4388,77,42,
32766,19443,4390,84,49,
32766,19426,4391,83,43,
32766,19450,4402,76,52,
32766,19485,4438,84,51,
32766,19520,4475,86,45,
32766,19569,4521,78,49,
32766,19613,4573,86,47,
32766,19678,4622,72,39,
32766,19713,4665,78,65,
32766,19755,4700,85,43,
32766,19781,4732,74,53,
32766,19806,4749,85,47,
32766,19828,4791,86,45,
32766,19855,4795,81,42,
32766,19870,4828,81,55,
32766,19880,4844,74,43,
32766,19890,4850,81,49,
32766,19899,4860,84,44,
32766,19895,4877,81,52,
32766,19919,4901,81,50,
32766,19941,4919,82,41,
32766,19963,4966,76,40,
32766,20003,5022,89,45,
32766,20045,5053,81,41,
32766,20096,5111,81,38,
32766,20126,5140,72,49,
32766,20148,5173,82,41,
32766,20178,5190,70,47,
32766,20186,5204,74,50,
32766,20188,5212,82,51,
32766,20191,5209,74,40,
32766,20175,5184,77,40,
32766,20172,5174,80,42,
32766,20141,5144,84,61,
32766,20130,5133,78,48,
32766,20118,5110,84,41,
32766,20107,5088,80,53,
32766,20083,5073,73,37,
32766,20066,5060,87,40,
32766,20054,5041,80,44,
32766,20038,5031,81,46,
32766,20038,5026,84,41,
32766,20032,5028,79,43,
32766,20028,5015,75,51,
32766,20029,5017,89,43,
32766,20044,5036,76,39,
32766,20041,5041,81,45,
32766,20055,5042,90,36,
32766,20073,5049,74,48,
32766,20085,5075,81,44,
32766,20095,5097,79,51,
32766,20120,5106,81,54,
32766,20129,5123,77,46,
32766,20141,5144,86,55,
32766,20134,5144,77,49,
32766,20158,5155,86,46,
32766,20153,5159,85,46,
32766,20157,5174,75,41,
32766,20151,5170,82,46,
32766,20172,5180,79,44,
32766,20174,5183,80,54,
32766,20157,5176,73,39,
32766,20169,5191,77,41,
32766,20167,5194,70,49,
32766,20174,5187,77,50,
32766,20172,5210,72,47,
32766,20179,5230,88,54,
32766,20197,5235,80,56,
32766,20208,5240,87,47,
32766,20217,5266,80,48,
32766,20209,5261,84,50,
32766,20207,5254,83,54,
32766,20192,5233,80,34,
32766,20167,5217,83,44,
32766,20162,5203,77,46,
32766,20159,5192,83,46,
32766,20153,5203,72,41,
32766,20172,5226,79,47,
32766,20190,5261,90,53,
32766,20220,5311,73,40,
32766,20261,5370,82,51,
32766,20299,5419,81,42,
32766,20325,5466,78,46,
32766,20347,5497,76,44,
32766,20383,5524,82,39,
32766,20389,5548,87,47,
32766,20393,5544,91,46,
32766,20391,5538,84,45,
32766,20385,5523,84,43,
32766,20363,5501,85,45,
32766,20356,5476,79,58,
32766,20346,5460,82,36,
32766,20317,5428,77,47,
32766,20297,5418,88,45,
32766,20287,5411,82,42,
32766,20291,5406,81,52,
32766,20309,5444,84,53,
32766,20338,5462,85,41,
32766,20360,5498,81,51,
32766,20386,5528,80,46,
32766,20412,5555,84,51,
32766,20442,5590,82,49,
32766,20473,5600,80,49,
32766,20493,5613,91,47,
32766,20491,5613,87,45,
32766,20489,5621,74,48,
32766,20482,5608,79,40,
32766,20474,5606,88,49,
32766,20476,5601,83,44,
32766,20477,5605,88,48,
32766,20466,5616,79,50,
32766,20469,5610,71,52,
32766,20463,5605,79,52,
32766,20467,5619,82,50,
32766,20466,5593,82,48,
32766,20462,5579,84,46,
32766,20440,5548,91,41,
32766,20439,5522,80,47,
32766,20416,5508,88,42,
32766,20404,5482,81,43,
32766,20389,5455,86,48,
32766,20368,5438,80,46,
32766,20349,5418,87,48,
32766,20332,5392,90,48,
32766,20309,5362,80,44,
32766,20288,5341,79,50,
32766,20261,5305,76,47,
32766,20246,5280,85,51,
32766,20231,5267,86,58,
32766,20218,5255,82,42,
32766,20206,5230,74,42,
32766,20184,5216,76,32,
32766,20165,5182,81,48,
32766,20159,5164,93,46,
32766,20140,5139,77,52,
32766,20129,5125,83,50,
32766,20134,5102,81,45,
32766,20135,5108,86,47,
32766,20133,5110,80,45,
32766,20138,5121,80,42,
32766,20131,5113,85,47,
32766,20148,5121,76,48,
32766,20153,5112,79,40,
32766,20146,5124,78,46,
32766,20142,5116,79,54,
32766,20144,5117,78,49,
32766,20152,5112,89,56,
32766,20131,5109,85,51,
32766,20144,5096,83,44,
32766,20129,5081,83,41,
32766,20130,5081,81,51,
32766,20125,5078,83,50,
32766,20134,5091,76,52,
32766,20141,5104,77,52,
32766,20137,5105,86,42,
32766,20164,5125,84,46,
32766,20163,5146,84,45,
32766,20167,5162,89,46,
32766,20173,5161,75,45,
32766,20178,5169,80,52,
32766,20190,5177,82,39,
32766,20185,5186,75,45,
32766,20194,5184,73,42,
32766,20197,5196,85,51,
32766,20216,5198,87,40,
32766,20216,5194,78,42,
32766,20211,5204,90,45,
32766,20225,5203,79,42,
32766,20217,5193,80,42,
32766,20232,5192,78,44,
32766,20227,5208,75,47,
32766,20236,5212,76,50,
32766,20247,5217,74,43,
32766,20246,5209,77,42,
32766,20240,5192,84,58,
32766,20232,5179,83,42,
32766,20218,5148,81,42,
32766,20176,5093,85,52,
32766,20142,5063,84,46,
32766,20124,5014,85,49,
32766,20096,4980,80,43,
32766,20069,4961,79,53,
32766,20053,4934,78,53,
32766,20032,4912,77,43,
32766,20024,4893,82,47,
32766,20002,4867,82,45,
32766,19996,4840,85,44,
32766,19964,4822,82,53,
32766,19940,4805,80,53,
32766,19915,4767,85,46,
32766,19910,4748,69,44,
32766,19886,4745,81,51,
32766,19891,4748,82,46,
32766,19891,4754,83,52,
32766,19897,4756,81,46,
32766,19895,4761,82,46,
32766,19883,4766,74,50,
32766,19879,4766,80,55,
32766,19877,4754,86,37,
32766,19856,4752,69,44,
32766,19835,4739,71,40,
32766,19845,4752,84,43,
32766,19845,4741,79,53,
32766,19839,4736,74,51,
32766,19848,4736,86,47,
32766,19848,4743,84,49,
32766,19859,4730,82,49,
32766,19846,4739,90,43,
32766,19846,4733,87,38,
32766,19833,4733,77,41,
32766,19829,4750,82,49,
32766,19836,4748,74,47,
32766,19847,4782,76,53,
32766,19852,4811,81,50,
32766,19859,4830,82,39,
32766,19875,4841,79,44,
32766,19892,4848,83,51,
32766,19887,4853,78,44,
32766,19875,4855,85,46,
32766,19864,4845,80,47,
32766,19845,4840,81,53,
32766,19829,4822,79,57,
32766,19825,4816,95,44,
32766,19840,4819,86,48,
32766,19840,4825,80,55,
32766,19851,4824,82,45,
32766,19855,4814,88,40,
32766,19860,4806,74,54,
32766,19853,4802,78,47,
32766,19864,4788,82,46,
32766,19863,4769,78,52,
32766,19863,4772,75,45,
32766,19851,4763,90,53,
32766,19843,4743,76,51,
32766,19814,4738,78,52,
32766,19806,4707,66,41,
32766,19816,4699,78,48,
32766,19794,4693,70,49,
32766,19792,4690,79,45,
32766,19799,4701,68,46,
32766,19810,4693,89,52,
32766,19822,4716,71,45,
32766,19825,4714,74,49,
32766,19847,4733,82,40,
32766,19853,4753,72,47,
32766,19864,4746,75,51,
32766,19871,4769,87,45,
32766,19874,4767,87,54,
32766,19872,4775,79,41,
32766,19873,4774,71,42,
32766,19871,4774,77,43,
32766,19878,4790,72,44,
32766,19892,4786,77,45,
32766,19913,4799,83,45,
32766,19922,4826,82,46,
32766,19932,4819,74,49,
32766,19941,4827,78,45,
32766,19937,4841,80,57,
32766,19963,4849,86,47,
32766,19977,4857,83,38,
32766,19981,4867,73,41,
32766,19983,4862,81,54,
32766,19991,4869,82,44,
32766,19977,4864,67,47,
32766,19988,4873,81,37,
32766,19970,4854,72,44,
32766,19964,4857,78,52,
32766,19985,4859,86,45,
32766,19984,4857,73,50,
32766,20001,4887,82,46,
32766,20007,4885,83,48,
32766,20009,4902,85,48,
32766,20016,4907,73,40,
32766,20020,4900,76,46,
32766,20027,4905,79,42,
32766,20012,4903,76,48,
32766,20006,4890,74,43,
32766,20020,4896,84,51,
32766,20014,4891,70,47,
32766,20030,4900,78,43,
32766,20028,4897,78,45,
32766,20024,4897,86,45,
32766,20038,4913,88,50,
32766,20047,4926,81,51,
32766,20047,4947,85,47,
32766,20062,4953,82,37,
32766,20097,4973,73,49,
32766,20117,5013,79,46,
32766,20148,5032,80,48,
32766,20153,5055,76,43,
32766,20161,5079,85,40,
32766,20184,5084,80,49,
32766,20199,5097,83,49,
32766,20203,5120,80,51,
32766,20227,5143,82,51,
32766,20245,5149,83,42,
32766,20253,5175,81,45,
32766,20266,5178,82,44,
32766,20275,5196,77,48,
32766,20293,5212,77,42,
32766,20287,5224,78,47,
32766,20299,5223,88,41,
32766,20296,5220,77,51,
32766,20288,5208,87,45,
32766,20291,5209,81,44,
32766,20285,5213,82,51,
32766,20283,5199,83,49,
32766,20274,5209,71,53,
32766,20287,5214,69,37,
32766,20273,5211,86,42,
32766,20277,5220,81,43,
32766,20279,5215,80,50,
32766,20274,5216,77,49,
32766,20268,5215,75,46,
32766,20269,5219,83,41,
32766,20275,5218,75,42,
32766,20275,5220,85,45,
32766,20272,5224,80,47,
32766,20269,5240,89,46,
32766,20283,5239,79,49,
32766,20279,5254,83,47,
32766,20299,5248,75,44,
32766,20295,5262,78,50,
32766,20298,5262,86,51,
32766,20298,5246,83,49,
32766,20295,5254,82,42,
32766,20296,5248,82,54,
32766,20299,5266,74,38,
32766,20301,5268,81,49,
32766,20298,5275,72,44,
32766,20302,5271,87,47,
32766,20309,5281,72,38,
32766,20303,5284,78,44,
32766,20308,5277,78,48,
32766,20309,5293,81,39,
32766,20310,5279,79,53,
32766,20305,5283,79,46,
32766,20303,5270,88,43,
32766,20289,5267,80,45,
32766,20286,5258,79,44,
32766,20289,5253,74,44,
32766,20293,5260,79,39,
32766,20281,5251,83,51,
32766,20280,5254,84,53,
32766,20283,5269,72,44,
32766,20278,5259,78,42,
32766,20292,5261,87,42,
32766,20283,5272,84,41,
32766,20282,5262,82,50,
32766,20289,5262,80,53,
32766,20291,5260,79,53,
32766,20291,5270,79,40,
32766,20293,5278,77,50,
32766,20299,5280,83,47,
32766,20319,5302,85,43,
32766,20335,5324,81,46,
32766,20356,5334,82,48,
32766,20365,5360,78,46,
32766,20388,5385,73,40,
32766,20404,5400,77,54,
32766,20416,5412,76,50,
32766,20423,5437,78,52,
32766,20429,5427,74,51,
32766,20427,5420,84,45,
32766,20414,5417,91,38,
32766,20407,5397,89,46,
32766,20393,5390,82,46,
32766,20382,5380,89,45,
32766,20374,5374,83,45,
32766,20370,5367,82,43,
32766,20371,5357,83,50,
32766,20379,5370,81,42,
32766,20369,5370,89,59,
32766,20371,5380,81,55,
32766,20363,5373,84,48,
32766,20367,5367,85,47,
32766,20358,5353,76,50,
32766,20352,5359,78,45,
32766,20342,5356,84,54,
32766,20344,5347,82,51,
32766,20336,5343,83,46,
32766,20325,5329,84,46,
32766,20323,5316,77,52,
32766,20321,5315,81,43,
32766,20330,5323,79,42,
32766,20326,5330,77,52,
32766,20333,5327,78,44,
32766,20332,5336,87,46,
32766,20341,5334,82,46,
32766,20343,5347,88,51,
32766,20337,5340,81,47,
32766,20341,5341,86,42,
32766,20337,5331,90,40,
32766,20332,5330,84,41,
32766,20318,5336,79,38,
32766,20323,5330,90,46,
32766,20335,5330,89,41,
32766,20322,5324,78,44,
32766,20324,5327,90,41,
32766,20328,5345,73,45,
32766,20323,5338,83,37,
32766,20338,5351,76,44,
32766,20327,5337,85,50,
32766,20322,5344,80,45,
32766,20313,5315,85,52,
32766,20299,5310,81,50,
32766,20292,5283,82,47,
32766,20292,5279,82,47,
32766,20273,5277,77,49,
32766,20285,5267,84,53,
32766,20264,5257,78,59,
32766,20256,5244,90,40,
32766,20248,5234,83,50,
32766,20241,5209,81,41,
32766,20212,5197,63,41,
32766,20210,5182,73,44,
32766,20205,5174,82,55,
32766,20205,5176,85,59,
32766,20202,5176,81,52,
32766,20203,5181,81,50,
32766,20216,5194,75,48,
32766,20222,5197,87,43,
32766,20240,5210,87,48,
32766,20231,5212,84,42,
32766,20243,5230,77,55,
32766,20250,5224,75,46,
32766,20254,5223,86,44,
32766,20255,5225,84,56,
32766,20260,5235,81,46,
32766,20245,5210,83,42,
32766,20237,5211,84,44,
32766,20246,5205,82,46,
32766,20232,5193,85,38,
32766,20230,5192,73,46,
32766,20217,5178,87,48,
32766,20213,5176,84,42,
32766,20210,5169,83,44,
32766,20211,5165,84,44,
32766,20205,5161,77,41,
32766,20192,5160,76,47,
32766,20189,5152,68,50,
32766,20184,5154,79,44,
32766,20185,5149,76,46,
32766,20174,5134,78,44,
32766,20163,5118,76,52,
32766,20151,5117,90,42,
32766,20161,5106,79,50,
32766,20143,5107,73,46,
32766,20147,5102,70,51,
32766,20133,5087,88,56,
32766,20128,5084,75,50,
32766,20134,5088,80,44,
32766,20123,5080,88,38,
32766,20120,5083,83,52,
32766,20130,5077,84,35,
32766,20125,5083,84,40,
32766,20130,5078,79,35,
32766,20140,5079,84,49,
32766,20131,5084,76,53,
32766,20132,5091,83,43,
32766,20151,5083,80,55,
32766,20148,5100,79,53,
32766,20154,5094,78,47,
32766,20152,5106,74,51,
32766,20140,5100,77,55,
32766,20143,5094,86,44,
32766,20145,5096,84,46,
32766,20138,5090,82,43,
32766,20134,5084,75,50,
32766,20131,5084,73,53,
32766,20122,5077,84,56,
32766,20122,5066,77,45,
32766,20110,5058,79,48,
32766,20103,5038,75,47,
32766,20082,5018,71,48,
32766,20085,5002,80,50,
32766,20055,4994,80,45,
32766,20055,4975,77,50,
32766,20040,4973,83,47,
32766,20028,4953,83,46,
32766,20021,4942,84,50,
32766,20003,4937,80,52,
32766,19983,4912,81,32,
32766,19980,4891,61,48,
32766,19968,4877,81,52,
32766,19945,4866,76,64,
32766,19934,4852,69,40,
32766,19940,4855,83,35,
32766,19928,4835,80,44,
32766,19934,4847,80,43,
32766,19932,4849,82,52,
32766,19925,4842,86,56,
32766,19923,4835,73,44,
32766,19930,4844,80,39,
32766,19935,4864,88,42,
32766,19959,4871,85,45,
32766,19971,4901,80,45,
32766,19981,4905,79,47,
32766,20009,4920,68,45,
32766,20024,4935,78,54,
32766,20027,4941,82,56,
32766,20037,4952,77,42,
32766,20046,4970,81,45,
32766,20051,4959,80,47,
32766,20046,4965,77,50,
32766,20059,4966,75,43,
32766,20035,4968,73,54,
32766,20041,4967,68,55,
32766,20051,4964,86,53,
32766,20057,4974,93,42,
32766,20051,4968,84,37,
32766,20046,4961,74,48,
32766,20051,4977,85,52,
32766,20062,4986,77,54,
32766,20061,4989,82,47,
32766,20068,4989,81,40,
32766,20064,4996,80,44,
32766,20065,4993,70,53,
32766,20053,4989,80,51,
32766,20052,4989,82,47,
32766,20051,4979,89,39,
32766,20058,4986,84,42,
32766,20056,4982,87,52,
32766,20051,4988,86,46,
32766,20064,4994,76,45,
32766,20065,4989,88,44,
32766,20059,5004,79,48,
32766,20057,4982,83,38,
32766,20074,4986,90,43,
32766,20078,4991,80,46,
32766,20071,5009,77,52,
32766,20069,4998,78,44,
32766,20070,5006,78,47,
32766,20067,5009,83,44,
32766,20065,4998,82,40,
32766,20065,4989,80,46,
32766,20056,4991,70,41,
32766,20068,4991,91,52,
32766,20063,4997,81,41,
32766,20067,4993,78,40,
32766,20065,4993,80,32,
32766,20067,4990,82,50,
32766,20068,4987,83,47,
32766,20051,4983,80,54,
32766,20049,4981,75,45,
32766,20047,4969,74,46,
32766,20045,4966,82,48,
32766,20040,4971,81,52,
32766,20042,4963,81,47,
32766,20035,4955,77,45,
32766,20022,4948,81,47,
32766,20032,4955,87,47,
32766,20027,4951,90,42,
32766,20020,4952,72,43,
32766,20013,4941,87,59,
32766,20018,4944,81,46,
32766,20018,4938,84,48,
32766,20013,4935,67,47,
32766,20010,4938,77,47,
32766,20008,4933,89,36,
32766,20014,4936,80,49,
32766,20012,4944,83,50,
32766,20004,4930,74,46,
32766,19997,4937,79,43,
32766,19995,4921,67,44,
32766,19993,4925,78,37,
32766,19969,4898,74,45,
32766,19980,4910,79,34,
32766,19978,4901,80,49,
32766,19972,4906,85,39,
32766,19981,4903,84,45,
32766,19987,4917,76,43,
32766,20008,4937,81,44,
32766,20019,4972,75,54,
32766,20040,4999,90,50,
32766,20061,5027,78,44,
32766,20081,5058,84,48,
32766,20069,5050,82,52,
32766,20056,5045,70,47,
32766,20049,5028,79,48,
32766,20042,5014,83,48,
32766,20030,5005,76,45,
32766,20012,4980,82,49,
32766,19995,4959,79,44,
32766,19979,4930,82,45,
32766,19954,4905,81,49,
32766,19920,4862,72,39,
32766,19877,4809,82,49,
32766,19839,4770,80,43,
32766,19801,4709,79,46,
32766,19749,4653,80,58,
32766,19692,4608,73,45,
32766,19632,4542,73,45,
32766,19566,4480,74,52,
32766,19502,4422,77,51,
32766,19446,4371,76,48,
32766,19394,4334,76,51,
32766,19360,4310,84,42,
32766,19333,4273,78,39,
32766,19300,4251,78,42,
32766,19286,4239,85,45,
32766,19274,4209,72,50,
32766,19238,4186,76,41,
32766,19198,4168,83,43,
32766,19176,4128,77,46,
32766,19144,4098,86,41,
32766,19118,4082,79,52,
32766,19089,4067,77,45,
32766,19061,4037,80,54,
32766,19014,4027,80,48,
32766,18995,3998,68,42,
32766,18953,3963,77,41,
32766,18927,3946,80,45,
32766,18895,3921,70,45,
32766,18856,3887,70,45,
32766,18814,3856,76,47,
32766,18778,3842,79,51,
32766,18733,3814,79,40,
32766,18681,3778,77,45,
32766,18638,3750,76,42,
32766,18596,3720,82,49,
32766,18560,3689,85,50,
32766,18529,3672,69,43,
32766,18505,3657,80,45,
32766,18465,3633,78,50,
32766,18435,3630,78,48,
32766,18425,3617,81,52,
32766,18400,3613,80,46,
32766,18371,3597,76,40,
32766,18356,3576,82,43,
32766,18329,3565,72,52,
32766,18318,3565,74,38,
32766,18320,3565,73,56,
32766,18328,3558,81,45,
32766,18319,3567,77,46,
32766,18321,3566,79,52,
32766,18318,3564,68,41,
32766,18326,3568,77,40,
32766,18339,3584,83,49,
32766,18361,3587,78,45,
32766,18374,3599,71,44,
32766,18395,3606,74,53,
32766,18415,3618,72,52,
32766,18430,3636,68,40,
32766,18462,3648,81,53,
32766,18487,3652,72,53,
32766,18493,3660,86,46,
32766,18533,3685,82,55,
32766,18567,3706,73,58,
32766,18599,3728,88,50,
32766,18639,3752,85,50,
32766,18685,3782,75,36,
32766,18729,3792,77,47,
32766,18756,3822,70,51,
32766,18778,3829,75,50,
32766,18793,3841,73,40,
32766,18808,3853,74,45,
32766,18828,3854,77,46,
32766,18846,3880,76,43,
32766,18881,3890,77,55,
32766,18914,3916,79,54,
32766,18940,3930,83,39,
32766,18958,3957,81,54,
32766,19001,3963,78,49,
32766,19006,3980,80,55,
32766,19017,3999,77,42,
32766,19049,4016,78,51,
32766,19076,4034,72,43,
32766,19123,4060,76,46,
32766,19165,4093,78,44,
32766,19192,4112,89,43,
32766,19230,4145,81,52,
32766,19262,4160,78,51,
32766,19290,4194,81,44,
32766,19322,4203,71,41,
32766,19338,4223,83,46,
32766,19353,4232,77,43,
32766,19364,4248,80,37,
32766,19385,4247,76,42,
32766,19391,4256,76,50,
32766,19393,4261,80,52,
32766,19396,4274,74,51,
32766,19407,4279,76,40,
32766,19420,4289,79,43,
32766,19435,4303,78,49,
32766,19441,4314,76,45,
32766,19448,4320,77,45,
32766,19455,4324,79,47,
32766,19460,4328,79,52,
32766,19459,4325,70,32,
32766,19465,4343,76,46,
32766,19462,4340,71,45,
32766,19472,4341,72,55,
32766,19482,4340,79,37,
32766,19479,4350,76,40,
32766,19470,4368,87,45,
32766,19480,4361,80,48,
32766,19491,4368,72,43,
32766,19490,4370,76,49,
32766,19511,4375,86,48,
32766,19512,4387,79,44,
32766,19511,4395,81,49,
32766,19515,4390,75,53,
32766,19529,4395,82,41,
32766,19528,4393,76,46,
32766,19520,4402,71,45,
32766,19521,4408,78,50,
32766,19519,4407,74,49,
32766,19509,4422,80,37,
32766,19527,4406,82,45,
32766,19514,4398,86,52,
32766,19508,4403,85,47,
32766,19520,4402,76,53,
32766,19522,4408,86,43,
32766,19527,4419,76,48,
32766,19534,4413,81,50,
32766,19535,4439,88,44,
32766,19553,4433,87,49,
32766,19549,4436,68,48,
32766,19558,4454,72,41,
32766,19565,4451,77,42,
32766,19574,4466,80,45,
32766,19576,4459,73,47,
32766,19566,4467,80,51,
32766,19567,4463,78,44,
32766,19559,4457,87,40,
32766,19551,4449,82,44,
32766,19551,4448,77,53,
32766,19554,4454,82,56,
32766,19554,4456,80,52,
32766,19555,4446,89,47,
32766,19549,4461,82,47,
32766,19561,4460,70,46,
32766,19557,4459,87,43,
32766,19553,4457,75,48,
32766,19553,4466,70,48,
32766,19570,4457,82,42,
32766,19560,4464,68,49,
32766,19555,4467,80,47,
32766,19560,4465,78,47,
32766,19553,4456,85,45,
32766,19549,4453,85,46,
32766,19547,4462,71,51,
32766,19548,4447,77,43,
32766,19546,4449,84,47,
32766,19538,4451,77,40,
32766,19536,4447,81,45,
32766,19527,4435,83,42,
32766,19530,4439,85,42,
32766,19532,4432,75,50,
32766,19542,4446,77,48,
32766,19551,4445,80,54,
32766,19555,4457,74,41,
32766,19573,4468,74,38,
32766,19581,4482,80,40,
32766,19596,4489,73,44,
32766,19593,4486,78,50,
32766,19600,4490,74,42,
32766,19603,4478,81,45,
32766,19584,4473,88,47,
32766,19576,4467,78,46,
32766,19566,4462,81,43,
32766,19552,4455,83,46,
32766,19553,4458,72,46,
32766,19543,4447,82,43,
32766,19548,4445,81,45,
32766,19549,4446,79,42,
32766,19539,4441,84,43,
32766,19536,4439,84,44,
32766,19543,4437,78,45,
32766,19526,4430,82,52,
32766,19521,4427,81,36,
32766,19522,4425,73,45,
32766,19510,4431,78,36,
32766,19501,4419,82,50,
32766,19501,4419,79,45,
32766,19499,4402,84,42,
32766,19496,4397,84,38,
32766,19496,4413,84,44,
32766,19497,4411,70,36,
32766,19512,4412,92,43,
32766,19519,4423,85,54,
32766,19522,4436,83,47,
32766,19519,4419,86,64,
32766,19500,4420,73,44,
32766,19499,4405,74,49,
32766,19492,4410,77,45,
32766,19489,4410,79,57,
32766,19498,4410,76,39,
32766,19514,4408,82,49,
32766,19504,4403,81,41,
32766,19504,4409,81,50,
32766,19506,4412,77,45,
32766,19503,4416,79,50,
32766,19516,4418,78,37,
32766,19529,4429,77,45,
32766,19539,4429,88,44,
32766,19528,4436,86,39,
32766,19526,4437,74,41,
32766,19521,4441,84,39,
32766,19524,4437,71,39,
32766,19533,4444,73,42,
32766,19540,4462,86,44,
32766,19555,4473,77,40,
32766,19556,4474,74,50,
32766,19555,4482,77,53,
32766,19554,4504,82,47,
32766,19568,4502,82,43,
32766,19572,4503,72,51,
32766,19582,4507,76,46,
32766,19573,4507,87,46,
32766,19577,4528,74,53,
32766,19590,4533,88,48,
32766,19609,4536,80,47,
32766,19610,4546,70,43,
32766,19624,4553,91,47,
32766,19632,4572,66,52,
32766,19635,4575,79,46,
32766,19634,4589,72,45,
32766,19651,4607,79,42,
32766,19654,4626,74,42,
32766,19684,4636,81,51,
32766,19680,4644,83,45,
32766,19684,4652,76,46,
32766,19697,4648,73,46,
32766,19705,4655,83,48,
32766,19712,4668,86,39,
32766,19715,4678,75,48,
32766,19719,4690,83,51,
32766,19725,4685,84,41,
32766,19724,4706,77,46,
32766,19736,4703,70,40,
32766,19756,4710,70,41,
32766,19759,4731,81,44,
32766,19769,4749,79,50,
32766,19787,4759,75,38,
32766,19794,4760,81,37,
32766,19807,4761,75,60,
32766,19807,4769,82,46,
32766,19811,4777,77,39,
32766,19813,4788,77,52,
32766,19823,4792,87,50,
32766,19827,4787,88,33,
32766,19824,4797,86,44,
32766,19835,4806,82,48,
32766,19841,4817,78,49,
32766,19853,4824,81,45,
32766,19869,4847,86,45,
32766,19864,4865,82,52,
32766,19873,4861,79,52,
32766,19865,4870,82,55,
32766,19870,4878,83,46,
32766,19882,4884,84,44,
32766,19880,4897,82,52,
32766,19888,4890,77,52,
32766,19882,4893,80,45,
32766,19892,4896,71,46,
32766,19888,4899,77,46,
32766,19899,4908,75,48,
32766,19905,4899,72,46,
32766,19911,4912,78,45,
32766,19910,4912,92,46,
32766,19911,4909,84,45,
32766,19915,4917,78,43,
32766,19916,4917,83,41,
32766,19925,4925,76,42,
32766,19930,4942,80,46,
32766,19930,4934,80,53,
32766,19949,4955,87,48,
32766,19944,4962,76,46,
32766,19949,4954,80,41,
32766,19965,4965,89,42,
32766,19978,4977,80,58,
32766,19968,4981,79,45,
32766,19982,4991,74,47,
32766,19991,4996,82,48,
32766,19990,4987,79,47,
32766,19999,5002,85,35,
32766,19990,5004,82,36,
32766,19995,5006,77,45,
32766,19996,5009,80,50,
32766,19988,5010,87,50,
32766,19995,5002,86,41,
32766,20001,5012,88,50,
32766,19999,5007,82,49,
32766,20009,5001,88,40,
32766,19999,5011,74,48,
32766,19997,5014,81,42,
32766,20004,5002,82,53,
32766,19999,5000,77,45,
32766,20007,5002,74,45,
32766,19987,4991,72,33,
32766,19995,4987,77,59,
32766,19985,4991,85,43,
32766,19995,4979,82,52,
32766,19993,4989,84,40,
32766,19989,4986,74,47,
32766,19994,4985,74,48,
32766,19984,4995,87,47,
32766,19992,4991,80,47,
32766,19994,4987,71,49,
32766,19979,4990,84,51,
32766,19985,4978,78,44,
32766,19988,4979,75,43,
32766,19984,4979,73,42,
32766,19990,4972,75,38,
32766,19980,4981,81,45,
32766,19988,4986,79,44,
32766,19988,4979,68,45,
32766,19982,4983,80,48,
32766,19985,4971,72,51,
32766,19983,4968,82,42,
32766,19983,4974,76,42,
32766,19974,4975,78,40,
32766,19978,4970,73,46,
32766,19982,4982,81,46,
32766,19984,4987,77,52,
32766,20013,5009,84,52,
32766,20022,5033,72,43,
32766,20049,5048,82,44,
32766,20049,5072,86,47,
32766,20068,5076,79,48,
32766,20092,5091,79,38,
32766,20085,5094,86,45,
32766,20082,5095,71,39,
32766,20087,5088,86,49,
32766,20081,5087,80,46,
32766,20075,5072,77,43,
32766,20069,5079,80,40,
32766,20073,5071,77,53,
32766,20072,5082,86,40,
32766,20071,5082,89,49,
32766,20063,5075,84,40,
32766,20058,5060,81,55,
32766,20053,5067,84,41,
32766,20050,5061,86,50,
32766,20046,5064,82,43,
32766,20054,5071,70,37,
32766,20054,5070,85,47,
32766,20048,5063,68,41,
32766,20048,5062,82,46,
32766,20047,5052,82,45,
32766,20037,5059,66,44,
32766,20038,5051,76,59,
32766,20037,5046,84,55,
32766,20041,5053,82,50,
32766,20040,5052,77,45,
32766,20038,5058,85,41,
32766,20047,5060,78,37,
32766,20053,5055,74,40,
32766,20039,5070,93,42,
32766,20048,5063,76,54,
32766,20046,5062,88,50,
32766,20055,5071,79,46,
32766,20056,5062,77,49,
32766,20061,5068,77,49,
32766,20047,5067,81,50,
32766,20058,5071,79,40,
32766,20055,5073,89,49,
32766,20054,5065,85,46,
32766,20052,5067,83,49,
32766,20048,5073,76,49,
32766,20054,5074,80,53,
32766,20039,5063,79,49,
32766,20043,5069,87,38,
32766,20045,5070,79,45,
32766,20048,5063,69,54,
32766,20046,5055,81,50,
32766,20046,5042,86,51,
32766,20035,5039,80,40,
32766,20023,5033,80,46,
32766,20028,5024,75,42,
32766,20025,5018,78,41,
32766,20013,5025,76,51,
32766,20019,5018,83,55,
32766,20005,5010,72,47,
32766,19991,5007,79,47,
32766,19985,4990,74,56,
32766,19970,4987,73,53,
32766,19978,4965,71,44,
32766,19969,4967,80,36,
32766,19959,4958,78,44,
32766,19949,4959,85,47,
32766,19959,4956,75,44,
32766,19954,4951,73,44,
32766,19948,4936,77,46,
32766,19943,4938,77,51,
32766,19931,4924,77,44,
32766,19934,4913,70,49,
32766,19928,4910,85,50,
32766,19919,4910,82,43,
32766,19925,4907,83,46,
32766,19922,4912,87,50,
32766,19922,4913,83,50,
32766,19925,4907,91,47,
32766,19918,4895,83,50,
32766,19921,4911,71,39,
32766,19912,4910,80,41,
32766,19917,4902,86,43,
32766,19926,4914,84,40,
32766,19940,4912,80,47,
32766,19951,4934,80,44,
32766,19964,4947,75,36,
32766,19972,4973,89,45,
32766,19991,4986,79,48,
32766,20003,4998,69,45,
32766,20009,5008,76,43,
32766,20013,5010,84,44,
32766,20005,5000,79,50,
32766,20001,4985,76,47,
32766,20006,4982,79,47,
32766,19994,4984,73,49,
32766,19990,4975,75,46,
32766,19983,4971,80,39,
32766,19985,4974,71,46,
32766,19970,4972,83,39,
32766,19981,4976,84,54,
32766,19978,4979,71,45,
32766,19973,4966,75,34,
32766,19969,4965,79,53,
32766,19967,4967,82,46,
32766,19956,4952,89,52,
32766,19964,4944,75,48,
32766,19950,4936,78,54,
32766,19936,4927,77,44,
32766,19933,4921,85,46,
32766,19921,4910,80,48,
32766,19913,4906,80,39,
32766,19913,4890,95,43,
32766,19914,4900,77,47,
32766,19921,4909,79,41,
32766,19911,4907,79,43,
32766,19910,4895,82,40,
32766,19904,4884,74,42,
32766,19907,4884,79,46,
32766,19895,4879,77,39,
32766,19888,4881,80,49,
32766,19901,4878,73,46,
32766,19912,4894,78,46,
32766,19909,4888,74,48,
32766,19905,4890,79,45,
32766,19903,4889,70,52,
32766,19902,4888,83,43,
32766,19907,4894,82,37,
32766,19912,4897,79,43,
32766,19915,4901,76,42,
32766,19918,4911,92,43,
32766,19928,4916,83,44,
32766,19922,4927,78,35,
32766,19928,4914,79,51,
32766,19923,4899,72,47,
32766,19918,4911,73,46,
32766,19925,4911,84,43,
32766,19925,4915,78,38,
32766,19936,4932,81,49,
32766,19955,4939,74,50,
32766,19945,4935,81,46,
32766,19962,4943,78,43,
32766,19960,4953,86,42,
32766,19959,4959,72,43,
32766,19961,4960,84,52,
32766,19975,4955,78,47,
32766,19976,4977,88,39,
32766,19988,4972,76,45,
32766,19994,4985,85,36,
32766,19999,4987,81,53,
32766,19998,4995,72,52,
32766,20006,5011,77,44,
32766,20010,5012,75,57,
32766,19997,5019,86,41,
32766,20007,5007,74,46,
32766,20004,5012,68,51,
32766,20010,5011,81,41,
32766,20015,5003,81,44,
32766,20007,5006,76,43,
32766,20004,5009,81,48,
32766,20003,5015,79,45,
32766,20009,5003,91,44,
32766,20000,4996,80,51,
32766,19997,4981,81,47,
32766,19995,4999,83,53,
32766,20002,4991,73,50,
32766,20016,4999,87,43,
32766,20023,5013,80,54,
32766,20045,5035,82,55,
32766,20046,5057,76,43,
32766,20064,5069,75,44,
32766,20083,5084,88,43,
32766,20080,5085,76,49,
32766,20083,5093,78,45,
32766,20102,5100,82,38,
32766,20096,5107,78,44,
32766,20107,5089,80,40,
32766,20085,5084,83,45,
32766,20091,5083,80,46,
32766,20091,5077,82,44,
32766,20075,5072,69,54,
32766,20081,5073,77,49,
32766,20071,5063,81,48,
32766,20052,5053,86,42,
32766,20060,5052,68,41,
32766,20054,5050,91,45,
32766,20055,5047,75,41,
32766,20045,5036,71,52,
32766,20043,5035,73,50,
32766,20041,5036,86,46,
32766,20036,5028,83,51,
32766,20034,5035,87,50,
32766,20038,5022,90,43,
32766,20031,5033,71,48,
32766,20043,5037,85,42,
32766,20037,5043,78,45,
32766,20042,5025,73,43,
32766,20037,5031,87,43,
32766,20029,5023,84,33,
32766,20031,5025,81,58,
32766,20037,5018,73,49,
32766,20033,5022,88,45,
32766,20044,5020,77,51,
32766,20030,5034,81,35,
32766,20046,5035,90,49,
32766,20055,5048,80,51,
32766,20058,5044,77,40,
32766,20045,5061,84,47,
32766,20065,5065,83,47,
32766,20062,5055,74,52,
32766,20064,5052,79,54,
32766,20045,5051,83,42,
32766,20051,5053,81,40,
32766,20056,5054,90,41,
32766,20060,5052,74,55,
32766,20056,5054,73,51,
32766,20055,5062,72,43,
32766,20057,5047,79,41,
32766,20057,5071,75,46,
32766,20067,5067,83,44,
32766,20065,5072,85,43,
32766,20060,5071,82,44,
32766,20069,5060,75,50,
32766,20061,5078,83,45,
32766,20077,5076,71,44,
32766,20072,5067,79,46,
32766,20065,5067,70,37,
32766,20066,5070,79,42,
32766,20052,5074,80,41,
32766,20076,5076,83,39,
32766,20063,5065,79,46,
32766,20073,5075,79,42,
32766,20059,5082,77,43,
32766,20065,5073,86,53,
32766,20057,5070,89,40,
32766,20062,5066,79,47,
32766,20050,5068,77,41,
32766,20057,5067,72,44,
32766,20046,5073,78,48,
32766,20052,5055,95,42,
32766,20058,5074,78,53,
32766,20033,5062,75,42,
32766,20043,5066,82,42,
32766,20037,5058,80,47,
32766,20044,5052,85,37,
32766,20058,5065,75,33,
32766,20061,5081,71,50,
32766,20071,5100,78,48,
32766,20078,5102,75,46,
32766,20093,5113,78,52,
32766,20101,5123,80,51,
32766,20107,5117,82,57,
32766,20116,5128,81,34,
32766,20112,5116,79,51,
32766,20093,5116,85,47,
32766,20096,5108,73,52,
32766,20091,5098,79,44,
32766,20083,5090,81,47,
32766,20086,5086,82,53,
32766,20081,5085,73,50,
32766,20080,5088,80,52,
32766,20077,5081,85,49,
32766,20083,5085,79,51,
32766,20077,5089,82,43,
32766,20070,5074,78,47,
32766,20080,5077,76,52,
32766,20080,5070,85,45,
32766,20069,5073,83,47,
32766,20061,5070,80,48,
32766,20078,5075,79,48,
32766,20093,5090,79,45,
32766,20103,5113,78,56,
32766,20115,5129,81,46,
32766,20124,5135,75,38,
32766,20121,5149,90,48,
32766,20130,5147,80,45,
32766,20128,5143,77,52,
32766,20130,5146,76,49,
32766,20127,5144,76,40,
32766,20137,5156,79,32,
32766,20140,5157,82,41,
32766,20136,5166,83,41,
32766,20140,5167,83,39,
32766,20135,5152,78,38,
32766,20134,5148,78,45,
32766,20114,5122,82,39,
32766,20094,5112,79,38,
32766,20076,5087,89,45,
32766,20069,5079,81,56,
32766,20053,5055,77,54,
32766,20034,5037,73,41,
