0,0,32766,21436,0,
0,0,32766,21431,0,
0,0,32766,21424,0,
0,0,32766,21440,0,
0,0,32766,21434,0,
0,0,32766,21422,0,
0,0,32766,21420,0,
0,0,32766,21419,0,
0,0,32766,21427,0,
0,0,32766,21428,0,
0,0,32766,21419,0,
0,0,32766,21424,0,
0,0,32766,21419,0,
0,0,32766,21418,0,
0,0,32766,21427,0,
0,0,32766,21430,0,
0,0,32766,21426,0,
0,0,32766,21419,0,
0,0,32766,21431,0,
0,0,32766,21428,0,
0,0,32766,21432,0,
0,0,32766,21429,0,
0,0,32766,21434,0,
0,0,32766,21423,0,
0,0,32766,21430,0,
0,0,32766,21435,0,
0,0,32766,21425,0,
0,0,32766,21427,0,
0,0,32766,21425,0,
0,0,32766,21436,0,
0,0,32766,21428,0,
0,0,32766,21425,0,
0,0,32766,21422,0,
0,0,32766,21431,0,
0,0,32766,21425,0,
0,0,32766,21425,0,
0,0,32766,21432,0,
0,0,32766,21437,0,
0,0,32766,21429,0,
0,0,32766,21432,0,
0,0,32766,21424,0,
0,0,32766,21424,0,
0,0,32766,21423,0,
0,0,32766,21422,0,
0,0,32766,21421,0,
0,0,32766,21425,0,
0,0,32766,21419,0,
0,0,32766,21435,0,
0,0,32766,21420,0,
0,0,32766,21432,0,
0,0,32766,21423,0,
0,0,32766,21428,0,
0,0,32766,21421,0,
0,0,32766,21415,0,
0,0,32766,21425,0,
0,0,32766,21433,0,
0,0,32766,21419,0,
0,0,32766,21416,0,
0,0,32766,21418,0,
0,0,32766,21416,0,
0,0,32766,21400,0,
0,0,32766,21402,0,
0,0,32766,21387,0,
0,0,32766,21385,0,
0,0,32766,21385,0,
0,0,32766,21384,0,
0,0,32766,21389,0,
0,0,32766,21394,0,
0,0,32766,21390,0,
0,0,32766,21399,0,
0,0,32766,21400,0,
0,0,32766,21403,0,
0,0,32766,21407,0,
0,0,32766,21412,0,
0,0,32766,21403,0,
0,0,32766,21403,0,
0,0,32766,21404,0,
0,0,32766,21395,0,
0,0,32766,21406,0,
0,0,32766,21405,0,
0,0,32766,21405,0,
0,0,32766,21419,0,
0,0,32766,21403,0,
0,0,32766,21408,0,
0,0,32766,21413,0,
0,0,32766,21402,0,
0,0,32766,21396,0,
0,0,32766,21408,0,
0,0,32766,21407,0,
0,0,32766,21406,0,
0,0,32766,21407,0,
0,0,32766,21406,0,
0,0,32766,21409,0,
0,0,32766,21406,0,
0,0,32766,21409,0,
0,0,32766,21413,0,
0,0,32766,21415,0,
0,0,32766,21407,0,
0,0,32766,21405,0,
0,0,32766,21408,0,
0,0,32766,21407,0,
0,0,32766,21408,0,
0,0,32766,21413,0,
0,0,32766,21412,0,
0,0,32766,21411,0,
0,0,32766,21409,0,
0,0,32766,21400,0,
0,0,32766,21407,0,
0,0,32766,21398,0,
0,0,32766,21407,0,
0,0,32766,21417,0,
0,0,32766,21409,0,
0,0,32766,21397,0,
0,0,32766,21402,0,
0,0,32766,21408,0,
0,0,32766,21398,0,
0,0,32766,21407,0,
0,0,32766,21404,0,
0,0,32766,21405,0,
0,0,32766,21408,0,
0,0,32766,21396,0,
0,0,32766,21397,0,
0,0,32766,21398,0,
0,0,32766,21411,0,
0,0,32766,21410,0,
0,0,32766,21400,0,
0,0,32766,21406,0,
0,0,32766,21404,0,
0,0,32766,21404,0,
0,0,32766,21401,0,
0,0,32766,21406,0,
0,0,32766,21401,0,
0,0,32766,21400,0,
0,0,32766,21406,0,
0,0,32766,21403,0,
0,0,32766,21402,0,
0,0,32766,21394,0,
0,0,32766,21397,0,
0,0,32766,21388,0,
0,0,32766,21386,0,
0,0,32766,21381,0,
0,0,32766,21371,0,
0,0,32766,21360,0,
0,0,32766,21359,0,
0,0,32766,21366,0,
0,0,32766,21371,0,
0,0,32766,21371,0,
0,0,32766,21369,0,
0,0,32766,21377,0,
0,0,32766,21372,0,
0,0,32766,21380,0,
0,0,32766,21375,0,
0,0,32766,21385,0,
0,0,32766,21382,0,
0,0,32766,21383,0,
0,0,32766,21373,0,
0,0,32766,21387,0,
0,0,32766,21382,0,
0,0,32766,21379,0,
0,0,32766,21381,0,
0,0,32766,21368,0,
0,0,32766,21393,0,
0,0,32766,21383,0,
0,0,32766,21386,0,
0,0,32766,21379,0,
0,0,32766,21385,0,
0,0,32766,21374,0,
0,0,32766,21385,0,
0,0,32766,21376,0,
0,0,32766,21363,0,
0,0,32766,21376,0,
0,0,32766,21376,0,
0,0,32766,21374,0,
0,0,32766,21378,0,
0,0,32766,21377,0,
0,0,32766,21377,0,
0,0,32766,21383,0,
0,0,32766,21377,0,
0,0,32766,21377,0,
0,0,32766,21380,0,
0,0,32766,21394,0,
0,0,32766,21390,0,
0,0,32766,21373,0,
0,0,32766,21386,0,
0,0,32766,21376,0,
0,0,32766,21380,0,
0,0,32766,21373,0,
0,0,32766,21385,0,
0,0,32766,21386,0,
0,0,32766,21382,0,
0,0,32766,21376,0,
0,0,32766,21380,0,
0,0,32766,21377,0,
0,0,32766,21382,0,
0,0,32766,21378,0,
0,0,32766,21384,0,
0,0,32766,21380,0,
0,0,32766,21373,0,
0,0,32766,21383,0,
0,0,32766,21380,0,
0,0,32766,21381,0,
0,0,32766,21379,0,
0,0,32766,21369,0,
0,0,32766,21379,0,
0,0,32766,21378,0,
0,0,32766,21390,0,
0,0,32766,21390,0,
0,0,32766,21394,0,
0,0,32766,21376,0,
0,0,32766,21381,0,
0,0,32766,21387,0,
0,0,32766,21385,0,
0,0,32766,21385,0,
0,0,32766,21375,0,
0,0,32766,21386,0,
0,0,32766,21394,0,
0,0,32766,21372,0,
0,0,32766,21376,0,
0,0,32766,21383,0,
0,0,32766,21371,0,
0,0,32766,21361,0,
0,0,32766,21367,0,
0,0,32766,21360,0,
0,0,32766,21358,0,
0,0,32766,21369,0,
0,0,32766,21360,0,
0,0,32766,21362,0,
0,0,32766,21370,0,
0,0,32766,21375,0,
0,0,32766,21375,0,
0,0,32766,21389,0,
0,0,32766,21391,0,
0,0,32766,21396,0,
0,0,32766,21393,0,
0,0,32766,21409,0,
0,0,32766,21397,0,
0,0,32766,21402,0,
0,0,32766,21400,0,
0,0,32766,21409,0,
0,0,32766,21410,0,
0,0,32766,21403,0,
0,0,32766,21407,0,
0,0,32766,21409,0,
0,0,32766,21409,0,
0,0,32766,21392,0,
0,0,32766,21398,0,
0,0,32766,21403,0,
0,0,32766,21397,0,
0,0,32766,21405,0,
0,0,32766,21395,0,
0,0,32766,21396,0,
0,0,32766,21407,0,
0,0,32766,21398,0,
0,0,32766,21403,0,
0,0,32766,21406,0,
0,0,32766,21395,0,
0,0,32766,21406,0,
0,0,32766,21401,0,
0,0,32766,21404,0,
0,0,32766,21408,0,
0,0,32766,21412,0,
0,0,32766,21400,0,
0,0,32766,21406,0,
0,0,32766,21408,0,
0,0,32766,21400,0,
0,0,32766,21403,0,
0,0,32766,21409,0,
0,0,32766,21421,0,
0,0,32766,21400,0,
0,0,32766,21409,0,
0,0,32766,21407,0,
0,0,32766,21404,0,
0,0,32766,21405,0,
0,0,32766,21402,0,
0,0,32766,21404,0,
0,0,32766,21405,0,
0,0,32766,21411,0,
0,0,32766,21413,0,
0,0,32766,21411,0,
0,0,32766,21411,0,
0,0,32766,21410,0,
0,0,32766,21407,0,
0,0,32766,21412,0,
0,0,32766,21396,0,
0,0,32766,21411,0,
0,0,32766,21406,0,
0,0,32766,21406,0,
0,0,32766,21408,0,
0,0,32766,21396,0,
0,0,32766,21403,0,
0,0,32766,21397,0,
0,0,32766,21401,0,
0,0,32766,21391,0,
0,0,32766,21396,0,
0,0,32766,21403,0,
0,0,32766,21410,0,
0,0,32766,21402,0,
0,0,32766,21405,0,
0,0,32766,21408,0,
0,0,32766,21390,0,
0,0,32766,21395,0,
0,0,32766,21393,0,
0,0,32766,21380,0,
0,0,32766,21386,0,
0,0,32766,21372,0,
0,0,32766,21367,0,
0,0,32766,21383,0,
0,0,32766,21380,0,
0,0,32766,21373,0,
0,0,32766,21369,0,
0,0,32766,21383,0,
0,0,32766,21388,0,
0,0,32766,21383,0,
0,0,32766,21389,0,
0,0,32766,21387,0,
0,0,32766,21388,0,
0,0,32766,21406,0,
0,0,32766,21387,0,
0,0,32766,21401,0,
0,0,32766,21390,0,
0,0,32766,21393,0,
0,0,32766,21390,0,
0,0,32766,21393,0,
0,0,32766,21393,0,
0,0,32766,21396,0,
0,0,32766,21400,0,
0,0,32766,21398,0,
0,0,32766,21397,0,
0,0,32766,21386,0,
0,0,32766,21382,0,
0,0,32766,21378,0,
0,0,32766,21390,0,
0,0,32766,21380,0,
0,0,32766,21388,0,
0,0,32766,21389,0,
0,0,32766,21384,0,
0,0,32766,21392,0,
0,0,32766,21385,0,
0,0,32766,21392,0,
0,0,32766,21391,0,
0,0,32766,21403,0,
0,0,32766,21393,0,
0,0,32766,21390,0,
0,0,32766,21394,0,
0,0,32766,21389,0,
0,0,32766,21395,0,
0,0,32766,21388,0,
0,0,32766,21404,0,
0,0,32766,21392,0,
0,0,32766,21395,0,
0,0,32766,21401,0,
0,0,32766,21392,0,
0,0,32766,21382,0,
0,0,32766,21384,0,
0,0,32766,21385,0,
0,0,32766,21390,0,
0,0,32766,21385,0,
0,0,32766,21387,0,
0,0,32766,21373,0,
0,0,32766,21394,0,
0,0,32766,21383,0,
0,0,32766,21392,0,
0,0,32766,21386,0,
0,0,32766,21392,0,
0,0,32766,21389,0,
0,0,32766,21377,0,
0,0,32766,21380,0,
0,0,32766,21378,0,
0,0,32766,21381,0,
0,0,32766,21381,0,
0,0,32766,21387,0,
0,0,32766,21375,0,
0,0,32766,21372,0,
0,0,32766,21386,0,
0,0,32766,21383,0,
0,0,32766,21384,0,
0,0,32766,21379,0,
0,0,32766,21377,0,
0,0,32766,21373,0,
0,0,32766,21374,0,
0,0,32766,21392,0,
0,0,32766,21376,0,
0,0,32766,21375,0,
0,0,32766,21386,0,
0,0,32766,21383,0,
0,0,32766,21380,0,
0,0,32766,21378,0,
0,0,32766,21371,0,
0,0,32766,21361,0,
0,0,32766,21366,0,
0,0,32766,21350,0,
0,0,32766,21347,0,
0,0,32766,21346,0,
0,0,32766,21356,0,
0,0,32766,21347,0,
0,0,32766,21364,0,
0,0,32766,21349,0,
0,0,32766,21358,0,
0,0,32766,21360,0,
0,0,32766,21354,0,
0,0,32766,21365,0,
0,0,32766,21368,0,
0,0,32766,21362,0,
0,0,32766,21367,0,
0,0,32766,21365,0,
0,0,32766,21370,0,
0,0,32766,21371,0,
0,0,32766,21365,0,
0,0,32766,21369,0,
0,0,32766,21364,0,
0,0,32766,21352,0,
0,0,32766,21369,0,
0,0,32766,21373,0,
0,0,32766,21372,0,
0,0,32766,21358,0,
0,0,32766,21366,0,
0,0,32766,21373,0,
0,0,32766,21365,0,
0,0,32766,21363,0,
0,0,32766,21365,0,
0,0,32766,21358,0,
0,0,32766,21348,0,
0,0,32766,21354,0,
0,0,32766,21369,0,
0,0,32766,21365,0,
0,0,32766,21363,0,
0,0,32766,21364,0,
0,0,32766,21363,0,
0,0,32766,21358,0,
0,0,32766,21364,0,
0,0,32766,21359,0,
0,0,32766,21365,0,
0,0,32766,21361,0,
0,0,32766,21370,0,
0,0,32766,21353,0,
0,0,32766,21361,0,
0,0,32766,21362,0,
0,0,32766,21365,0,
0,0,32766,21356,0,
0,0,32766,21357,0,
0,0,32766,21375,0,
0,0,32766,21369,0,
0,0,32766,21366,0,
0,0,32766,21366,0,
0,0,32766,21367,0,
0,0,32766,21355,0,
0,0,32766,21356,0,
0,0,32766,21352,0,
0,0,32766,21365,0,
0,0,32766,21354,0,
0,0,32766,21360,0,
0,0,32766,21357,0,
0,0,32766,21356,0,
0,0,32766,21356,0,
0,0,32766,21356,0,
0,0,32766,21349,0,
0,0,32766,21354,0,
0,0,32766,21353,0,
0,0,32766,21352,0,
0,0,32766,21354,0,
0,0,32766,21354,0,
0,0,32766,21354,0,
0,0,32766,21352,0,
0,0,32766,21358,0,
0,0,32766,21354,0,
0,0,32766,21359,0,
0,0,32766,21357,0,
0,0,32766,21355,0,
0,0,32766,21359,0,
0,0,32766,21366,0,
0,0,32766,21349,0,
0,0,32766,21351,0,
0,0,32766,21347,0,
0,0,32766,21353,0,
0,0,32766,21349,0,
0,0,32766,21333,0,
0,0,32766,21333,0,
0,0,32766,21328,0,
0,0,32766,21322,0,
0,0,32766,21327,0,
0,0,32766,21328,0,
0,0,32766,21322,0,
0,0,32766,21320,0,
0,0,32766,21324,0,
0,0,32766,21323,0,
0,0,32766,21328,0,
0,0,32766,21333,0,
0,0,32766,21327,0,
0,0,32766,21328,0,
0,0,32766,21340,0,
0,0,32766,21331,0,
0,0,32766,21326,0,
0,0,32766,21328,0,
0,0,32766,21323,0,
0,0,32766,21324,0,
0,0,32766,21322,0,
0,0,32766,21322,0,
0,0,32766,21321,0,
0,0,32766,21320,0,
0,0,32766,21318,0,
0,0,32766,21321,0,
0,0,32766,21332,0,
0,0,32766,21333,0,
0,0,32766,21325,0,
0,0,32766,21323,0,
0,0,32766,21323,0,
0,0,32766,21316,0,
0,0,32766,21322,0,
0,0,32766,21323,0,
0,0,32766,21320,0,
0,0,32766,21328,0,
0,0,32766,21322,0,
0,0,32766,21326,0,
0,0,32766,21334,0,
0,0,32766,21323,0,
0,0,32766,21328,0,
0,0,32766,21325,0,
0,0,32766,21328,0,
0,0,32766,21326,0,
0,0,32766,21321,0,
0,0,32766,21327,0,
0,0,32766,21325,0,
0,0,32766,21326,0,
0,0,32766,21331,0,
0,0,32766,21323,0,
0,0,32766,21327,0,
0,0,32766,21312,0,
0,0,32766,21321,0,
0,0,32766,21326,0,
0,0,32766,21322,0,
0,0,32766,21353,0,
0,0,32766,21357,0,
0,0,32766,21359,0,
0,0,32766,21380,0,
0,0,32766,21372,0,
0,0,32766,21376,0,
0,0,32766,21392,0,
0,0,32766,21414,0,
0,0,32766,21420,0,
0,0,32766,21421,0,
0,0,32766,21425,0,
0,0,32766,21431,0,
0,0,32766,21424,0,
0,0,32766,21437,0,
0,0,32766,21428,0,
0,0,32766,21436,0,
0,0,32766,21437,0,
0,0,32766,21429,0,
0,0,32766,21431,0,
0,0,32766,21419,0,
0,0,32766,21413,0,
0,0,32766,21435,0,
0,0,32766,21420,0,
0,0,32766,21415,0,
0,0,32766,21424,0,
0,0,32766,21415,0,
0,0,32766,21414,0,
0,0,32766,21415,0,
0,0,32766,21420,0,
0,0,32766,21444,0,
0,0,32766,21436,0,
0,0,32766,21446,0,
0,0,32766,21445,0,
0,0,32766,21453,0,
0,0,32766,21465,0,
0,0,32766,21475,0,
0,0,32766,21491,0,
0,0,32766,21493,0,
0,0,32766,21497,0,
0,0,32766,21481,0,
0,0,32766,21478,0,
0,0,32766,21475,0,
0,0,32766,21466,0,
0,0,32766,21460,0,
0,0,32766,21464,0,
0,0,32766,21465,0,
0,0,32766,21450,0,
0,0,32766,21459,0,
0,0,32766,21445,0,
0,0,32766,21443,0,
0,0,32766,21464,0,
0,0,32766,21476,0,
0,0,32766,21492,0,
0,0,32766,21487,0,
0,0,32766,21492,0,
0,0,32766,21504,0,
0,0,32766,21497,0,
0,0,32766,21500,0,
0,0,32766,21505,0,
0,0,32766,21500,0,
0,0,32766,21505,0,
0,0,32766,21505,0,
0,0,32766,21507,0,
0,0,32766,21510,0,
0,0,32766,21517,0,
0,0,32766,21531,0,
0,0,32766,21524,0,
0,0,32766,21525,0,
0,0,32766,21529,0,
0,0,32766,21523,0,
0,0,32766,21511,0,
0,0,32766,21513,0,
0,0,32766,21509,0,
0,0,32766,21520,0,
0,0,32766,21517,0,
0,0,32766,21524,0,
0,0,32766,21513,0,
0,0,32766,21520,0,
0,0,32766,21526,0,
0,0,32766,21526,0,
0,0,32766,21527,0,
0,0,32766,21528,0,
0,0,32766,21533,0,
0,0,32766,21525,0,
0,0,32766,21522,0,
0,0,32766,21523,0,
0,0,32766,21521,0,
0,0,32766,21524,0,
0,0,32766,21524,0,
0,0,32766,21526,0,
0,0,32766,21522,0,
0,0,32766,21511,0,
0,0,32766,21526,0,
0,0,32766,21527,0,
0,0,32766,21523,0,
0,0,32766,21516,0,
0,0,32766,21525,0,
0,0,32766,21518,0,
0,0,32766,21522,0,
0,0,32766,21527,0,
0,0,32766,21515,0,
0,0,32766,21516,0,
0,0,32766,21515,0,
0,0,32766,21516,0,
0,0,32766,21518,0,
0,0,32766,21512,0,
0,0,32766,21495,0,
0,0,32766,21498,0,
0,0,32766,21486,0,
0,0,32766,21496,0,
0,0,32766,21488,0,
0,0,32766,21476,0,
0,0,32766,21464,0,
0,0,32766,21450,0,
0,0,32766,21447,0,
0,0,32766,21448,0,
0,0,32766,21423,0,
0,0,32766,21406,0,
0,0,32766,21406,0,
0,0,32766,21398,0,
0,0,32766,21390,0,
0,0,32766,21398,0,
0,0,32766,21387,0,
0,0,32766,21399,0,
0,0,32766,21393,0,
0,0,32766,21393,0,
0,0,32766,21379,0,
0,0,32766,21381,0,
0,0,32766,21379,0,
0,0,32766,21372,0,
0,0,32766,21373,0,
0,0,32766,21364,0,
0,0,32766,21365,0,
0,0,32766,21365,0,
0,0,32766,21364,0,
0,0,32766,21370,0,
0,0,32766,21369,0,
0,0,32766,21358,0,
0,0,32766,21369,0,
0,0,32766,21348,0,
0,0,32766,21349,0,
0,0,32766,21362,0,
0,0,32766,21352,0,
0,0,32766,21347,0,
0,0,32766,21337,0,
0,0,32766,21331,0,
0,0,32766,21342,0,
0,0,32766,21336,0,
0,0,32766,21338,0,
0,0,32766,21357,0,
0,0,32766,21348,0,
0,0,32766,21336,0,
0,0,32766,21338,0,
0,0,32766,21332,0,
0,0,32766,21338,0,
0,0,32766,21332,0,
0,0,32766,21344,0,
0,0,32766,21348,0,
0,0,32766,21343,0,
0,0,32766,21351,0,
0,0,32766,21358,0,
0,0,32766,21351,0,
0,0,32766,21356,0,
0,0,32766,21356,0,
0,0,32766,21363,0,
0,0,32766,21377,0,
0,0,32766,21390,0,
0,0,32766,21391,0,
0,0,32766,21399,0,
0,0,32766,21400,0,
0,0,32766,21420,0,
0,0,32766,21422,0,
0,0,32766,21443,0,
0,0,32766,21458,0,
0,0,32766,21471,0,
0,0,32766,21495,0,
0,0,32766,21512,0,
0,0,32766,21520,0,
0,0,32766,21537,0,
0,0,32766,21554,0,
0,0,32766,21571,0,
0,0,32766,21552,0,
0,0,32766,21545,0,
0,0,32766,21568,0,
0,0,32766,21572,0,
0,0,32766,21596,0,
0,0,32766,21568,0,
0,0,32766,21579,0,
0,0,32766,21575,0,
0,0,32766,21550,0,
0,0,32766,21537,0,
0,0,32766,21510,0,
0,0,32766,21502,0,
0,0,32766,21478,0,
0,0,32766,21427,0,
0,0,32766,21439,0,
0,0,32766,21386,0,
0,0,32766,21364,0,
0,0,32766,21329,0,
0,0,32766,21298,0,
0,0,32766,21267,0,
0,0,32766,21243,0,
0,0,32766,21206,0,
0,0,32766,21194,0,
0,0,32766,21173,0,
0,0,32766,21160,0,
0,0,32766,21160,0,
0,0,32766,21132,0,
0,0,32766,21105,0,
0,0,32766,21080,0,
0,0,32766,21035,0,
0,0,32766,21021,0,
0,0,32766,20989,0,
0,0,32766,20438,0,
0,0,32766,20481,0,
0,0,32766,20308,0,
0,0,32766,20390,0,
0,0,32766,20675,0,
0,0,32766,20961,0,
0,0,32766,21202,0,
0,0,32766,21518,0,
0,0,32766,21911,0,
0,0,32766,22224,0,
0,0,32766,22388,0,
0,0,32766,22402,0,
0,0,32766,22348,0,
0,0,32766,22259,0,
0,0,32766,22206,0,
0,0,32766,22223,0,
0,0,32766,22270,0,
0,0,32766,22300,0,
0,0,32766,22243,0,
0,0,32766,22147,0,
0,0,32766,21954,0,
0,0,32766,21607,0,
0,0,32766,21162,0,
0,0,32766,20742,0,
0,0,32766,20357,0,
0,0,32766,19912,0,
0,0,32766,19389,0,
0,0,32766,18726,0,
0,0,32766,17918,0,
0,0,32766,17391,0,
0,0,32766,17119,0,
0,0,32766,16807,0,
0,0,32766,16425,0,
0,0,32766,15757,0,
0,0,32766,14911,0,
0,0,32766,14291,0,
0,0,32766,13184,0,
0,0,32766,11829,0,
0,0,32766,10417,0,
0,0,32766,9197,0,
0,0,32766,7949,0,
0,0,32766,6708,0,
0,0,32766,5655,0,
0,0,32766,4869,0,
0,0,32766,4372,0,
0,0,32766,4157,0,
0,0,32766,4038,0,
0,0,32766,3996,0,
0,0,32766,3988,0,
0,0,32766,3994,0,
0,0,32766,3988,0,
0,0,32766,3975,0,
0,0,32766,3952,0,
0,0,32766,3928,0,
0,0,32766,3901,0,
0,0,32766,3874,0,
0,0,32766,3838,0,
0,0,32766,3833,0,
0,0,32766,3812,0,
0,0,32766,3806,0,
0,0,32766,3811,0,
0,0,32766,3801,0,
0,0,32766,3824,0,
0,0,32766,3833,0,
0,0,32766,3848,0,
0,0,32766,3851,0,
0,0,32766,3871,0,
0,0,32766,3866,0,
0,0,32766,3882,0,
0,0,32766,3860,0,
0,0,32766,3863,0,
0,0,32766,3872,0,
0,0,32766,3867,0,
0,0,32766,3888,0,
0,0,32766,3885,0,
0,0,32766,3881,0,
0,0,32766,3885,0,
0,0,32766,3896,0,
0,0,32766,3885,0,
0,0,32766,3908,0,
0,0,32766,3901,0,
0,0,32766,3898,0,
0,0,32766,3906,0,
0,0,32766,3907,0,
0,0,32766,3906,0,
0,0,32766,3913,0,
0,0,32766,3916,0,
0,0,32766,3916,0,
0,0,32766,3917,0,
0,0,32766,3926,0,
0,0,32766,3923,0,
0,0,32766,3939,0,
0,0,32766,3947,0,
0,0,32766,3951,0,
0,0,32766,3954,0,
0,0,32766,3957,0,
0,0,32766,3953,0,
0,0,32766,3958,0,
0,0,32766,3962,0,
0,0,32766,3963,0,
0,0,32766,3967,0,
0,0,32766,3951,0,
0,0,32766,3958,0,
0,0,32766,3962,0,
0,0,32766,3967,0,
0,0,32766,3963,0,
0,0,32766,3980,0,
0,0,32766,3997,0,
0,0,32766,4002,0,
0,0,32766,4018,0,
0,0,32766,4037,0,
0,0,32766,4035,0,
0,0,32766,4077,0,
0,0,32766,4092,0,
0,0,32766,4111,0,
0,0,32766,4134,0,
0,0,32766,4155,0,
0,0,32766,4189,0,
0,0,32766,4233,0,
0,0,32766,4287,0,
0,0,32766,4362,0,
0,0,32766,4484,0,
0,0,32766,4687,0,
0,0,32766,4989,0,
0,0,32766,5495,0,
0,0,32766,6156,0,
0,0,32766,6878,0,
0,0,32766,7694,0,
0,0,32766,8586,0,
0,0,32766,9477,0,
0,0,32766,10360,0,
0,0,32766,11189,0,
0,0,32766,12067,0,
0,0,32766,12761,0,
0,0,32766,13297,0,
0,0,32766,13831,0,
0,0,32766,14328,0,
0,0,32766,14818,0,
0,0,32766,15295,0,
0,0,32766,15711,0,
0,0,32766,16122,0,
0,0,32766,16479,0,
0,0,32766,16869,0,
0,0,32766,17274,0,
0,0,32766,17670,0,
0,0,32766,18054,0,
0,0,32766,18342,0,
0,0,32766,18592,0,
0,0,32766,18812,0,
0,0,32766,19028,0,
0,0,32766,19286,0,
0,0,32766,19557,0,
0,0,32766,19853,0,
0,0,32766,19889,0,
0,0,32766,20763,0,
0,0,32766,20919,0,
0,0,32766,21057,0,
0,0,32766,21276,0,
0,0,32766,21490,0,
0,0,32766,21593,0,
0,0,32766,21609,0,
0,0,32766,21609,0,
0,0,32766,21640,0,
0,0,32766,21680,0,
0,0,32766,21728,0,
0,0,32766,21741,0,
0,0,32766,21689,0,
0,0,32766,21567,0,
0,0,32766,21335,0,
0,0,32766,21061,0,
0,0,32766,20738,0,
0,0,32766,20488,0,
0,0,32766,20269,0,
0,0,32707,20066,0,
0,0,32622,19914,0,
0,0,32466,19790,0,
0,0,32302,19686,0,
0,0,32270,19638,0,
0,0,32489,19666,0,
0,0,32690,19773,0,
0,0,32766,19973,0,
0,0,32766,20245,0,
0,0,32766,20664,0,
0,0,32766,21112,0,
0,0,32766,21520,0,
0,0,32766,21833,0,
0,0,32766,21948,0,
0,0,32766,21656,0,
0,0,32766,20667,0,
0,0,32766,18649,0,
0,0,32766,15622,0,
0,0,32766,12926,0,
0,0,32766,11096,0,
0,0,32766,9913,0,
0,0,32766,9258,0,
0,0,32766,8691,0,
0,0,32766,8273,0,
0,0,32766,7870,0,
0,0,32766,7556,0,
0,0,32766,7240,0,
0,0,32766,7075,0,
0,0,32766,6883,0,
0,0,32766,6851,0,
0,0,32766,6839,0,
0,0,32766,6903,0,
0,0,32766,6969,0,
0,0,32766,6989,0,
0,0,32766,6985,0,
0,0,32766,6988,0,
0,0,32766,7020,0,
0,0,32766,7050,0,
0,0,32766,7111,0,
0,0,32766,7208,0,
0,0,32766,7290,0,
0,0,32766,7370,0,
0,0,32766,7435,0,
0,0,32766,7531,0,
0,0,32766,7661,0,
0,0,32766,7813,0,
0,0,32766,8009,0,
0,0,32766,8261,0,
0,0,32766,8555,0,
0,0,32766,8950,0,
0,0,32766,9448,0,
0,0,32766,10083,0,
0,0,32766,10872,0,
0,0,32766,11854,0,
0,0,32766,13140,0,
0,0,32766,14658,0,
0,0,32766,16434,0,
0,0,32766,18153,0,
0,0,32766,19521,0,
0,0,32766,20352,0,
0,0,32766,20515,0,
0,0,32766,20180,0,
0,0,32766,19538,0,
0,0,32766,18755,0,
0,0,31673,17938,0,
0,0,29464,17071,0,
0,0,27605,16300,0,
0,0,26003,15483,0,
0,0,24775,14799,0,
0,0,23715,14179,0,
0,0,22799,13705,0,
0,0,22127,13319,0,
0,0,21587,12974,0,
0,0,21232,12730,0,
0,0,20899,12548,0,
0,0,20662,12346,0,
0,0,20467,12202,0,
0,0,20283,12101,0,
0,0,20154,12017,0,
0,0,20027,11933,0,
0,0,19885,11823,0,
0,0,19803,11752,0,
0,0,19708,11671,0,
0,0,19548,11581,0,
0,0,19474,11519,0,
0,0,19404,11446,0,
0,0,19354,11407,0,
0,0,19321,11359,0,
0,0,19274,11312,0,
0,0,19349,11466,0,
0,0,19401,11477,0,
0,0,19243,11304,0,
0,0,19126,11203,0,
0,0,19106,11140,0,
0,0,19157,11308,0,
0,0,19311,11416,0,
0,0,19154,11249,0,
0,0,19085,11124,0,
0,0,19164,11149,0,
0,0,19141,11119,0,
0,0,19122,11097,0,
0,0,19123,11091,0,
0,0,19177,11113,0,
0,0,19230,11168,0,
0,0,19308,11254,0,
0,0,19409,11328,0,
0,0,19492,11388,0,
0,0,19578,11467,0,
0,0,19668,11528,0,
0,0,19757,11603,0,
0,0,19836,11657,0,
0,0,19946,11750,0,
0,0,20043,11842,0,
0,0,20108,11929,0,
0,0,20154,11978,0,
0,0,20195,12046,0,
0,0,20256,12108,0,
0,0,20319,12163,0,
0,0,20353,12213,0,
0,0,20352,12274,0,
0,0,20844,12746,0,
0,0,21339,13062,0,
0,0,21537,13217,0,
0,0,21797,13445,0,
0,0,21981,13616,0,
0,0,22433,13965,0,
0,0,22811,14245,0,
0,0,23105,14458,0,
0,0,23395,14619,0,
0,0,23686,14787,0,
0,0,23883,14905,0,
0,0,24069,15010,0,
0,0,24265,15123,0,
0,0,24461,15243,0,
0,0,24634,15338,0,
0,0,24746,15422,0,
0,0,24813,15478,0,
0,0,24926,15514,0,
0,0,25037,15580,0,
0,0,25185,15657,0,
0,0,25306,15720,0,
0,0,25457,15776,0,
0,0,25611,15865,0,
0,0,25774,15937,0,
0,0,25992,16078,0,
0,0,26286,16227,0,
0,0,26612,16417,0,
0,0,27029,16656,0,
0,0,27621,17005,0,
0,0,28519,17467,0,
0,0,29720,18048,0,
0,0,31453,18778,0,
0,0,32766,19629,0,
0,0,32766,20568,0,
0,0,32766,21528,0,
0,0,32766,22365,0,
0,0,32766,22655,0,
0,0,32766,21200,0,
0,0,32766,16598,0,
0,0,32766,11984,0,
0,0,32766,9391,0,
0,0,32766,8161,0,
0,0,32766,7696,0,
0,0,32766,7462,0,
0,0,32766,7213,0,
0,0,32766,6905,0,
0,0,32766,6709,0,
0,0,32766,6524,0,
0,0,32766,6399,0,
0,0,32766,6242,0,
0,0,32766,6041,0,
0,0,32766,5812,0,
0,0,32766,5569,0,
0,0,32766,5362,0,
0,0,32766,5247,0,
0,0,32766,5173,0,
0,0,32766,5121,0,
0,0,32766,5082,0,
0,0,32766,5045,0,
0,0,32766,5000,0,
0,0,32766,4954,0,
0,0,32766,4917,0,
0,0,32766,4880,0,
0,0,32766,4858,0,
0,0,32766,4836,0,
0,0,32766,4826,0,
0,0,32766,4820,0,
0,0,32766,4811,0,
0,0,32766,4794,0,
0,0,32766,4787,0,
0,0,32766,4774,0,
0,0,32766,4758,0,
0,0,32766,4740,0,
0,0,32766,4726,0,
0,0,32766,4738,0,
0,0,32766,4716,0,
0,0,32766,4723,0,
0,0,32766,4721,0,
0,0,32766,4725,0,
0,0,32766,4722,0,
0,0,32766,4735,0,
0,0,32766,4733,0,
0,0,32766,4732,0,
0,0,32766,4724,0,
0,0,32766,4733,0,
0,0,32766,4728,0,
0,0,32766,4733,0,
0,0,32766,4736,0,
0,0,32766,4736,0,
0,0,32766,4742,0,
0,0,32766,4762,0,
0,0,32766,4758,0,
0,0,32766,4763,0,
0,0,32766,4773,0,
0,0,32766,4765,0,
0,0,32766,4775,0,
0,0,32766,4777,0,
0,0,32766,4784,0,
0,0,32766,4794,0,
0,0,32766,4806,0,
0,0,32766,4812,0,
0,0,32766,4826,0,
0,0,32766,4841,0,
0,0,32766,4825,0,
0,0,32766,4815,0,
0,0,32766,4782,0,
0,0,32766,4764,0,
0,0,32766,4730,0,
0,0,32766,4699,0,
0,0,32766,4669,0,
0,0,32766,4641,0,
0,0,32766,4611,0,
0,0,32766,4580,0,
0,0,32766,4570,0,
0,0,32766,4551,0,
0,0,32766,4538,0,
0,0,32766,4538,0,
0,0,32766,4519,0,
0,0,32766,4523,0,
0,0,32766,4520,0,
0,0,32766,4522,0,
0,0,32766,4516,0,
0,0,32766,4513,0,
0,0,32766,4517,0,
0,0,32766,4511,0,
0,0,32766,4516,0,
0,0,32766,4508,0,
0,0,32766,4519,0,
0,0,32766,4506,0,
0,0,32766,4509,0,
0,0,32766,4512,0,
0,0,32766,4503,0,
0,0,32766,4503,0,
0,0,32766,4508,0,
0,0,32766,4526,0,
0,0,32766,4513,0,
0,0,32766,4513,0,
0,0,32766,4524,0,
0,0,32766,4516,0,
0,0,32766,4520,0,
0,0,32766,4521,0,
0,0,32766,4519,0,
0,0,32766,4519,0,
0,0,32766,4507,0,
0,0,32766,4505,0,
0,0,32766,4506,0,
0,0,32766,4509,0,
0,0,32766,4507,0,
0,0,32766,4491,0,
0,0,32766,4499,0,
0,0,32766,4495,0,
0,0,32766,4507,0,
0,0,32766,4515,0,
0,0,32766,4532,0,
0,0,32766,4566,0,
0,0,32766,4614,0,
0,0,32766,4646,0,
0,0,32766,4721,0,
0,0,32766,4952,0,
0,0,32766,5079,0,
0,0,32766,5191,0,
0,0,32766,5288,0,
0,0,32766,5388,0,
0,0,32766,5464,0,
0,0,32766,5551,0,
0,0,32766,5616,0,
0,0,32766,5679,0,
0,0,32766,5806,0,
0,0,32766,5981,0,
0,0,32766,6299,0,
0,0,32766,6738,0,
0,0,32766,7153,0,
0,0,32766,7571,0,
0,0,32766,8152,0,
0,0,32766,8805,0,
0,0,32766,9459,0,
0,0,32766,10280,0,
0,0,32766,11629,0,
0,0,32766,13506,0,
0,0,32766,14341,0,
0,0,32766,15200,0,
0,0,32766,15728,0,
0,0,32766,16033,0,
0,0,32766,16394,0,
0,0,32766,16510,0,
0,0,32766,16571,0,
0,0,32766,16711,0,
0,0,32766,16821,0,
0,0,32766,16873,0,
0,0,32766,16930,0,
0,0,32766,17016,0,
0,0,32766,17062,0,
0,0,32766,17138,0,
0,0,32766,17197,0,
0,0,32766,17318,0,
0,0,32766,17400,0,
0,0,32766,17468,0,
0,0,32766,17510,0,
0,0,32766,17583,0,
0,0,32766,17683,0,
0,0,32766,17720,0,
0,0,32766,17755,0,
0,0,32766,17758,0,
0,0,32766,17750,0,
0,0,32766,17710,0,
0,0,32766,17682,0,
0,0,32766,17673,0,
0,0,32766,17657,0,
0,0,32766,17642,0,
0,0,32766,17634,0,
0,0,32766,17600,0,
0,0,32766,17610,0,
0,0,32766,17630,0,
0,0,32766,17642,0,
0,0,32766,17630,0,
0,0,32766,17626,0,
0,0,32766,17626,0,
0,0,32766,17617,0,
0,0,32766,17626,0,
0,0,32766,17643,0,
0,0,32766,17701,0,
0,0,32766,17746,0,
0,0,32766,17777,0,
0,0,32766,17805,0,
0,0,32766,17806,0,
0,0,32766,17781,0,
0,0,32766,17742,0,
0,0,32766,17679,0,
0,0,32766,17651,0,
0,0,32766,17634,0,
0,0,32766,17560,0,
0,0,32766,17523,0,
0,0,32766,17498,0,
0,0,32766,16223,0,
0,0,32766,14398,0,
0,0,32766,12189,0,
0,0,32766,10137,0,
0,0,32766,8750,0,
0,0,32766,8137,0,
0,0,32766,8136,0,
0,0,32766,8459,0,
0,0,32766,8745,0,
0,0,32766,8974,0,
0,0,32766,9001,0,
0,0,32766,8853,0,
0,0,32766,8522,0,
0,0,32766,8087,0,
0,0,32766,7737,0,
0,0,32766,7529,0,
0,0,32766,7540,0,
0,0,32766,7649,0,
0,0,32766,7806,0,
0,0,32766,7915,0,
0,0,32766,7818,0,
0,0,32766,7620,0,
0,0,32766,7380,0,
0,0,32766,7106,0,
0,0,32766,6766,0,
0,0,32766,6392,0,
0,0,32766,6012,0,
0,0,32766,5656,0,
0,0,32766,5280,0,
0,0,32766,4865,0,
0,0,32766,4604,0,
0,0,32766,4455,0,
0,0,32766,4365,0,
0,0,32766,4283,0,
0,0,32766,4212,0,
0,0,32766,4168,0,
0,0,32766,4133,0,
0,0,32766,4092,0,
0,0,32766,4076,0,
0,0,32766,4056,0,
0,0,32766,4046,0,
0,0,32766,4031,0,
0,0,32766,4036,0,
0,0,32766,4031,0,
0,0,32766,4020,0,
0,0,32766,4024,0,
0,0,32766,4005,0,
0,0,32766,4002,0,
0,0,32766,3999,0,
0,0,32766,3987,0,
0,0,32766,3994,0,
0,0,32766,3981,0,
0,0,32766,3985,0,
0,0,32766,3985,0,
0,0,32766,3987,0,
0,0,32766,3982,0,
0,0,32766,3988,0,
0,0,32766,3986,0,
0,0,32766,3971,0,
0,0,32766,3980,0,
0,0,32766,3988,0,
0,0,32766,3988,0,
0,0,32766,3987,0,
0,0,32766,4009,0,
0,0,32766,4008,0,
0,0,32766,4018,0,
0,0,32766,4006,0,
0,0,32766,4017,0,
0,0,32766,4013,0,
0,0,32766,4024,0,
0,0,32766,4033,0,
0,0,32766,4036,0,
0,0,32766,4048,0,
0,0,32766,4059,0,
0,0,32766,4088,0,
0,0,32766,4095,0,
0,0,32766,4127,0,
0,0,32766,4163,0,
0,0,32766,4196,0,
0,0,32766,4217,0,
0,0,32766,4265,0,
0,0,32766,4316,0,
0,0,32766,4366,0,
0,0,32766,4416,0,
0,0,32766,4464,0,
0,0,32766,4539,0,
0,0,32766,4635,0,
0,0,32766,4796,0,
0,0,32766,4996,0,
0,0,32766,5163,0,
0,0,32766,5365,0,
0,0,32766,5599,0,
0,0,32766,5808,0,
0,0,32766,6046,0,
0,0,32766,6299,0,
0,0,32766,6549,0,
0,0,32766,6754,0,
0,0,32766,6917,0,
0,0,32766,7032,0,
0,0,32766,7182,0,
0,0,32766,7323,0,
0,0,32766,7517,0,
0,0,32766,7714,0,
0,0,32766,7888,0,
0,0,32766,8071,0,
0,0,32766,8243,0,
0,0,32766,8436,0,
0,0,32766,8717,0,
0,0,32766,8981,0,
0,0,32766,9179,0,
0,0,32766,9315,0,
0,0,32766,9393,0,
0,0,32766,9482,0,
0,0,32766,9505,0,
0,0,32766,9480,0,
0,0,32766,9445,0,
0,0,32766,9403,0,
0,0,32766,9359,0,
0,0,32766,9320,0,
0,0,32766,9293,0,
0,0,32766,9305,0,
0,0,32766,9325,0,
0,0,32766,9360,0,
0,0,32766,9415,0,
0,0,32766,9466,0,
0,0,32766,9510,0,
0,0,32766,9570,0,
0,0,32766,9630,0,
0,0,32766,9702,0,
0,0,32766,9796,0,
0,0,32766,9902,0,
0,0,32766,10027,0,
0,0,32766,10158,0,
0,0,32766,10300,0,
0,0,32766,10445,0,
0,0,32766,10576,0,
0,0,32766,10697,0,
0,0,32766,10804,0,
0,0,32766,10931,0,
0,0,32766,11029,0,
0,0,32766,11158,0,
0,0,32766,11229,0,
0,0,32766,11301,0,
0,0,32766,11369,0,
0,0,32766,11420,0,
0,0,32766,11472,0,
0,0,32766,11500,0,
0,0,32766,11509,0,
0,0,32766,11520,0,
0,0,32766,11540,0,
0,0,32766,11544,0,
0,0,32766,11570,0,
0,0,32766,11585,0,
0,0,32766,11566,0,
0,0,32766,11529,0,
0,0,32766,11488,0,
0,0,32766,11466,0,
0,0,32766,11443,0,
0,0,32766,11422,0,
0,0,32766,11419,0,
0,0,32766,11382,0,
0,0,32766,11302,0,
0,0,32766,11239,0,
0,0,32766,11186,0,
0,0,32766,11152,0,
0,0,32766,11086,0,
0,0,32766,11070,0,
0,0,32766,11048,0,
0,0,32766,11042,0,
0,0,32766,11055,0,
0,0,32766,11053,0,
0,0,32766,11068,0,
0,0,32766,11103,0,
0,0,32766,11143,0,
0,0,32766,11219,0,
0,0,32766,11284,0,
0,0,32766,11347,0,
0,0,32766,11391,0,
0,0,32766,11421,0,
0,0,32766,11421,0,
0,0,32766,11437,0,
0,0,32766,11441,0,
0,0,32766,11421,0,
0,0,32766,11410,0,
0,0,32766,11355,0,
0,0,32766,11266,0,
0,0,32766,11344,0,
0,0,32766,11529,0,
0,0,32766,11738,0,
0,0,32766,11935,0,
0,0,32766,12061,0,
0,0,32766,12197,0,
0,0,32766,12284,0,
0,0,32766,12316,0,
0,0,32766,12314,0,
0,0,32766,12293,0,
0,0,32766,12269,0,
0,0,32766,12276,0,
0,0,32766,12287,0,
0,0,32766,12319,0,
0,0,32766,12367,0,
0,0,32766,12395,0,
0,0,32766,12407,0,
0,0,32766,12418,0,
0,0,32766,12452,0,
0,0,32766,12457,0,
0,0,32766,12473,0,
0,0,32766,12482,0,
0,0,32766,12507,0,
0,0,32766,12516,0,
0,0,32766,12528,0,
0,0,32766,12572,0,
0,0,32766,12625,0,
0,0,32766,12664,0,
0,0,32766,12707,0,
0,0,32766,12746,0,
0,0,32766,12768,0,
0,0,32766,12835,0,
0,0,32766,12906,0,
0,0,32766,12981,0,
0,0,32766,13060,0,
0,0,32766,13127,0,
0,0,32766,13183,0,
0,0,32766,13257,0,
0,0,32766,13328,0,
0,0,32766,13385,0,
0,0,32766,13436,0,
0,0,32766,13484,0,
0,0,32766,13512,0,
0,0,32766,13549,0,
0,0,32766,13589,0,
0,0,32766,13617,0,
0,0,32766,13644,0,
0,0,32766,13662,0,
0,0,32766,13692,0,
0,0,32766,13725,0,
0,0,32766,13760,0,
0,0,32766,13794,0,
0,0,32766,13791,0,
0,0,32766,13787,0,
0,0,32766,13775,0,
0,0,32766,13782,0,
0,0,32766,13786,0,
0,0,32766,13777,0,
0,0,32766,13779,0,
0,0,32766,13779,0,
0,0,32766,13778,0,
0,0,32766,13770,0,
0,0,32766,13727,0,
0,0,32766,13683,0,
0,0,32766,13676,0,
0,0,32766,13662,0,
0,0,32766,13638,0,
0,0,32766,13638,0,
0,0,32766,13617,0,
0,0,32766,13597,0,
0,0,32766,13571,0,
0,0,32766,13548,0,
0,0,32766,13529,0,
0,0,32766,13508,0,
0,0,32766,13479,0,
0,0,32766,13479,0,
0,0,32766,13456,0,
0,0,32766,13437,0,
0,0,32766,13406,0,
0,0,32766,13403,0,
0,0,32766,13391,0,
0,0,32766,13386,0,
0,0,32766,13370,0,
0,0,32766,13367,0,
0,0,32766,13362,0,
0,0,32766,13347,0,
0,0,32766,13329,0,
0,0,32766,13295,0,
0,0,32766,13284,0,
0,0,32766,13308,0,
0,0,32766,13297,0,
0,0,32766,13284,0,
0,0,32766,13255,0,
0,0,32766,13226,0,
0,0,32766,13183,0,
0,0,32766,13168,0,
0,0,32766,13139,0,
0,0,32766,13123,0,
0,0,32766,13108,0,
0,0,32766,13088,0,
0,0,32766,13075,0,
0,0,32766,13041,0,
0,0,32766,13021,0,
0,0,32766,13002,0,
0,0,32766,12971,0,
0,0,32766,12946,0,
0,0,32766,12918,0,
0,0,32766,12900,0,
0,0,32766,12881,0,
0,0,32766,12844,0,
0,0,32766,12825,0,
0,0,32766,12802,0,
0,0,32766,12773,0,
0,0,32766,12752,0,
0,0,32766,12724,0,
0,0,32766,12714,0,
0,0,32766,12694,0,
0,0,32766,12681,0,
0,0,32766,12656,0,
0,0,32766,12638,0,
0,0,32766,12618,0,
0,0,32766,12604,0,
0,0,32766,12588,0,
0,0,32766,12581,0,
0,0,32766,12549,0,
0,0,32766,12537,0,
0,0,32766,12529,0,
0,0,32766,12524,0,
0,0,32766,12505,0,
0,0,32766,12484,0,
0,0,32766,12469,0,
0,0,32766,12462,0,
0,0,32766,12451,0,
0,0,32766,12438,0,
0,0,32766,12426,0,
0,0,32766,12414,0,
0,0,32766,12416,0,
0,0,32766,12385,0,
0,0,32766,12357,0,
0,0,32766,12335,0,
0,0,32766,12324,0,
0,0,32766,12293,0,
0,0,32766,12277,0,
0,0,32766,12294,0,
0,0,32766,12281,0,
0,0,32766,12256,0,
0,0,32766,12236,0,
0,0,32766,12226,0,
0,0,32766,12208,0,
0,0,32766,12204,0,
0,0,32766,12186,0,
0,0,32766,12153,0,
0,0,32766,12141,0,
0,0,32766,12121,0,
0,0,32766,12115,0,
0,0,32766,12116,0,
0,0,32766,12114,0,
0,0,32766,12102,0,
0,0,32766,12089,0,
0,0,32766,12078,0,
0,0,32766,12058,0,
0,0,32766,12029,0,
0,0,32766,12052,0,
0,0,32766,12062,0,
0,0,32766,12052,0,
0,0,32766,12031,0,
0,0,32766,12049,0,
0,0,32766,12060,0,
0,0,32766,12061,0,
0,0,32766,12050,0,
0,0,32766,12040,0,
0,0,32766,12055,0,
0,0,32766,12042,0,
0,0,32766,12036,0,
0,0,32766,12047,0,
0,0,32766,12049,0,
0,0,32766,12052,0,
0,0,32766,12041,0,
0,0,32766,12024,0,
0,0,32766,12013,0,
0,0,32766,11995,0,
0,0,32766,11988,0,
0,0,32766,11976,0,
0,0,32766,11964,0,
0,0,32766,11965,0,
0,0,32766,11965,0,
0,0,32766,11973,0,
0,0,32766,11980,0,
0,0,32766,11970,0,
0,0,32766,11977,0,
0,0,32766,11954,0,
0,0,32766,11932,0,
0,0,32766,11926,0,
0,0,32766,11914,0,
0,0,32766,11906,0,
0,0,32766,11918,0,
0,0,32766,11902,0,
0,0,32766,11907,0,
0,0,32766,11901,0,
0,0,32766,11905,0,
0,0,32766,11907,0,
0,0,32766,11907,0,
0,0,32766,11883,0,
0,0,32766,11865,0,
0,0,32766,11853,0,
0,0,32766,11834,0,
0,0,32766,11825,0,
0,0,32766,11813,0,
0,0,32766,11816,0,
0,0,32766,11805,0,
0,0,32766,11801,0,
0,0,32766,11786,0,
0,0,32766,11783,0,
0,0,32766,11781,0,
0,0,32766,11763,0,
0,0,32766,11738,0,
0,0,32766,11695,0,
0,0,32766,11680,0,
0,0,32766,11674,0,
0,0,32766,11665,0,
0,0,32766,11653,0,
0,0,32766,11631,0,
0,0,32766,11636,0,
0,0,32766,11610,0,
0,0,32766,11588,0,
0,0,32766,11566,0,
0,0,32766,11548,0,
0,0,32766,11544,0,
0,0,32766,11538,0,
0,0,32766,11533,0,
0,0,32766,11526,0,
0,0,32766,11503,0,
0,0,32766,11498,0,
0,0,32766,11495,0,
0,0,32766,11481,0,
0,0,32766,11489,0,
0,0,32766,11491,0,
0,0,32766,11490,0,
0,0,32766,11472,0,
0,0,32766,11447,0,
0,0,32766,11432,0,
0,0,32766,11436,0,
0,0,32766,11413,0,
0,0,32766,11415,0,
0,0,32766,11418,0,
0,0,32766,11419,0,
0,0,32766,11428,0,
0,0,32766,11434,0,
0,0,32766,11426,0,
0,0,32766,11423,0,
0,0,32766,11428,0,
0,0,32766,11436,0,
0,0,32766,11425,0,
0,0,32766,11423,0,
0,0,32766,11415,0,
0,0,32766,11406,0,
0,0,32766,11419,0,
0,0,32766,11426,0,
0,0,32766,11431,0,
0,0,32766,11435,0,
0,0,32766,11441,0,
0,0,32766,11426,0,
0,0,32766,11420,0,
0,0,32766,11410,0,
0,0,32766,11405,0,
0,0,32766,11395,0,
0,0,32766,11387,0,
0,0,32766,11397,0,
0,0,32766,11419,0,
0,0,32766,11430,0,
0,0,32766,11423,0,
0,0,32766,11420,0,
0,0,32766,11422,0,
0,0,32766,11411,0,
0,0,32766,11426,0,
0,0,32766,11424,0,
0,0,32766,11425,0,
0,0,32766,11420,0,
0,0,32766,11413,0,
0,0,32766,11417,0,
0,0,32766,11459,0,
0,0,32766,11478,0,
0,0,32766,11489,0,
0,0,32766,11496,0,
0,0,32766,11503,0,
0,0,32766,11530,0,
0,0,32766,11534,0,
0,0,32766,11542,0,
0,0,32766,11543,0,
0,0,32766,11533,0,
0,0,32766,11562,0,
0,0,32766,11558,0,
0,0,32766,11574,0,
0,0,32766,11586,0,
0,0,32766,11594,0,
0,0,32766,11575,0,
0,0,32766,11571,0,
0,0,32766,11550,0,
0,0,32766,11528,0,
0,0,32766,11524,0,
0,0,32766,11504,0,
0,0,32766,11535,0,
0,0,32766,11540,0,
0,0,32766,11542,0,
0,0,32766,11540,0,
0,0,32766,11533,0,
0,0,32766,11512,0,
0,0,32766,11493,0,
0,0,32766,11499,0,
0,0,32766,11493,0,
0,0,32766,11500,0,
0,0,32766,11503,0,
0,0,32766,11491,0,
0,0,32766,11484,0,
0,0,32766,11485,0,
0,0,32766,11474,0,
0,0,32766,11463,0,
0,0,32766,11447,0,
0,0,32766,11432,0,
0,0,32766,11432,0,
0,0,32766,11416,0,
0,0,32766,11413,0,
0,0,32766,11398,0,
0,0,32766,11393,0,
0,0,32766,11362,0,
0,0,32766,11348,0,
0,0,32766,11354,0,
0,0,32766,11340,0,
0,0,32766,11336,0,
0,0,32766,11315,0,
0,0,32766,11325,0,
0,0,32766,11319,0,
0,0,32766,11309,0,
0,0,32766,11309,0,
0,0,32766,11304,0,
0,0,32766,11310,0,
0,0,32766,11304,0,
0,0,32766,11298,0,
0,0,32766,11310,0,
0,0,32766,11303,0,
0,0,32766,11287,0,
0,0,32766,11281,0,
0,0,32766,11280,0,
0,0,32766,11284,0,
0,0,32766,11293,0,
0,0,32766,11296,0,
0,0,32766,11293,0,
0,0,32766,11289,0,
0,0,32766,11264,0,
0,0,32766,11254,0,
0,0,32766,11271,0,
0,0,32766,11291,0,
0,0,32766,11300,0,
0,0,32766,11298,0,
0,0,32766,11268,0,
0,0,32766,11259,0,
0,0,32766,11246,0,
0,0,32766,11237,0,
0,0,32766,11252,0,
0,0,32766,11253,0,
0,0,32766,11258,0,
0,0,32766,11240,0,
0,0,32766,11237,0,
0,0,32766,11229,0,
0,0,32766,11223,0,
0,0,32766,11207,0,
0,0,32766,11216,0,
0,0,32766,11216,0,
0,0,32766,11214,0,
0,0,32766,11214,0,
0,0,32766,11198,0,
0,0,32766,11183,0,
0,0,32766,11178,0,
0,0,32766,11161,0,
0,0,32766,11167,0,
0,0,32766,11163,0,
0,0,32766,11152,0,
0,0,32766,11148,0,
0,0,32766,11146,0,
0,0,32766,11156,0,
0,0,32766,11147,0,
0,0,32766,11122,0,
0,0,32766,11116,0,
0,0,32766,11118,0,
0,0,32766,11119,0,
0,0,32766,11121,0,
0,0,32766,11125,0,
0,0,32766,11156,0,
0,0,32766,11159,0,
0,0,32766,11178,0,
0,0,32766,11156,0,
0,0,32766,11153,0,
0,0,32766,11149,0,
0,0,32766,11148,0,
0,0,32766,11166,0,
0,0,32766,11176,0,
0,0,32766,11183,0,
0,0,32766,11199,0,
0,0,32766,11201,0,
0,0,32766,11199,0,
0,0,32766,11203,0,
0,0,32766,11194,0,
0,0,32766,11183,0,
0,0,32766,11176,0,
0,0,32766,11168,0,
0,0,32766,11167,0,
0,0,32766,11153,0,
0,0,32766,11167,0,
0,0,32766,11181,0,
0,0,32766,11202,0,
0,0,32766,11221,0,
0,0,32766,11243,0,
0,0,32766,11267,0,
0,0,32766,11275,0,
0,0,32766,11281,0,
0,0,32766,11271,0,
0,0,32766,11269,0,
0,0,32766,11244,0,
0,0,32766,11249,0,
0,0,32766,11273,0,
0,0,32766,11274,0,
0,0,32766,11290,0,
0,0,32766,11290,0,
0,0,32766,11277,0,
0,0,32766,11262,0,
0,0,32766,11261,0,
0,0,32766,11256,0,
0,0,32766,11242,0,
0,0,32766,11242,0,
0,0,32766,11259,0,
0,0,32766,11267,0,
0,0,32766,11276,0,
0,0,32766,11278,0,
0,0,32766,11263,0,
0,0,32766,11259,0,
0,0,32766,11241,0,
0,0,32766,11200,0,
0,0,32766,11188,0,
0,0,32766,11157,0,
0,0,32766,11128,0,
0,0,32766,11109,0,
0,0,32766,11093,0,
0,0,32766,11076,0,
0,0,32766,11063,0,
0,0,32766,11040,0,
0,0,32766,11030,0,
0,0,32766,11027,0,
0,0,32766,11006,0,
0,0,32766,10996,0,
0,0,32766,10970,0,
0,0,32766,10923,0,
0,0,32766,10886,0,
0,0,32766,10838,0,
0,0,32766,10794,0,
0,0,32766,10749,0,
0,0,32766,10704,0,
0,0,32766,10686,0,
0,0,32766,10654,0,
0,0,32766,10636,0,
0,0,32766,10622,0,
0,0,32766,10599,0,
0,0,32766,10557,0,
0,0,32766,10540,0,
0,0,32766,10506,0,
0,0,32766,10503,0,
0,0,32766,10500,0,
0,0,32766,10504,0,
0,0,32766,10523,0,
0,0,32766,10525,0,
0,0,32766,10533,0,
0,0,32766,10549,0,
0,0,32766,10576,0,
0,0,32766,10595,0,
0,0,32766,10599,0,
0,0,32766,10592,0,
0,0,32766,10590,0,
0,0,32766,10589,0,
0,0,32766,10585,0,
0,0,32766,10564,0,
0,0,32766,10573,0,
0,0,32766,10549,0,
0,0,32766,10537,0,
0,0,32766,10517,0,
0,0,32766,10517,0,
0,0,32766,10501,0,
0,0,32766,10475,0,
0,0,32766,10453,0,
0,0,32766,10444,0,
0,0,32766,10432,0,
0,0,32766,10426,0,
0,0,32766,10402,0,
0,0,32766,10393,0,
0,0,32766,10368,0,
0,0,32766,10353,0,
0,0,32766,10334,0,
0,0,32766,10307,0,
0,0,32766,10319,0,
0,0,32766,10318,0,
0,0,32766,10325,0,
0,0,32766,10315,0,
0,0,32766,10318,0,
0,0,32766,10301,0,
0,0,32766,10305,0,
0,0,32766,10301,0,
0,0,32766,10294,0,
0,0,32766,10280,0,
0,0,32766,10273,0,
0,0,32766,10267,0,
0,0,32766,10255,0,
0,0,32766,10251,0,
0,0,32766,10281,0,
0,0,32766,10281,0,
0,0,32766,10294,0,
0,0,32766,10292,0,
0,0,32766,10288,0,
0,0,32766,10285,0,
0,0,32766,10290,0,
0,0,32766,10290,0,
0,0,32766,10283,0,
0,0,32766,10270,0,
0,0,32766,10277,0,
0,0,32766,10276,0,
0,0,32766,10282,0,
0,0,32766,10282,0,
0,0,32766,10266,0,
0,0,32766,10264,0,
0,0,32766,10250,0,
0,0,32766,10237,0,
0,0,32766,10214,0,
0,0,32766,10199,0,
0,0,32766,10192,0,
0,0,32766,10178,0,
0,0,32766,10178,0,
0,0,32766,10185,0,
0,0,32766,10189,0,
0,0,32766,10185,0,
0,0,32766,10175,0,
0,0,32766,10158,0,
0,0,32766,10157,0,
0,0,32766,10150,0,
0,0,32766,10124,0,
0,0,32766,10125,0,
0,0,32766,10115,0,
0,0,32766,10109,0,
0,0,32766,10092,0,
0,0,32766,10093,0,
0,0,32766,10076,0,
0,0,32766,10054,0,
0,0,32766,10038,0,
0,0,32766,10016,0,
0,0,32766,9992,0,
0,0,32766,9976,0,
0,0,32766,9962,0,
0,0,32766,9956,0,
0,0,32766,9936,0,
0,0,32766,9913,0,
0,0,32766,9895,0,
0,0,32766,9868,0,
0,0,32766,9849,0,
0,0,32766,9827,0,
0,0,32766,9801,0,
0,0,32766,9789,0,
0,0,32766,9782,0,
0,0,32766,9774,0,
0,0,32766,9762,0,
0,0,32766,9763,0,
0,0,32766,9759,0,
0,0,32766,9737,0,
0,0,32766,9719,0,
0,0,32766,9699,0,
0,0,32766,9659,0,
0,0,32766,9657,0,
0,0,32766,9654,0,
0,0,32766,9657,0,
0,0,32766,9657,0,
0,0,32766,9656,0,
0,0,32766,9649,0,
0,0,32766,9627,0,
0,0,32766,9614,0,
0,0,32766,9607,0,
0,0,32766,9596,0,
0,0,32766,9588,0,
0,0,32766,9606,0,
0,0,32766,9593,0,
0,0,32766,9587,0,
0,0,32766,9559,0,
0,0,32766,9549,0,
0,0,32766,9530,0,
0,0,32766,9521,0,
0,0,32766,9516,0,
0,0,32766,9510,0,
0,0,32766,9520,0,
0,0,32766,9512,0,
0,0,32766,9501,0,
0,0,32766,9505,0,
0,0,32766,9494,0,
0,0,32766,9484,0,
0,0,32766,9471,0,
0,0,32766,9462,0,
0,0,32766,9461,0,
0,0,32766,9458,0,
0,0,32766,9467,0,
0,0,32766,9463,0,
0,0,32766,9462,0,
0,0,32766,9464,0,
0,0,32766,9447,0,
0,0,32766,9435,0,
0,0,32766,9448,0,
0,0,32766,9444,0,
0,0,32766,9446,0,
0,0,32766,9437,0,
0,0,32766,9428,0,
0,0,32766,9422,0,
0,0,32766,9422,0,
0,0,32766,9430,0,
0,0,32766,9421,0,
0,0,32766,9438,0,
0,0,32766,9439,0,
0,0,32766,9447,0,
0,0,32766,9442,0,
0,0,32766,9426,0,
0,0,32766,9437,0,
0,0,32766,9434,0,
0,0,32766,9424,0,
0,0,32766,9414,0,
0,0,32766,9406,0,
0,0,32766,9414,0,
0,0,32766,9414,0,
0,0,32766,9413,0,
0,0,32766,9426,0,
0,0,32766,9431,0,
0,0,32766,9413,0,
0,0,32766,9425,0,
0,0,32766,9400,0,
0,0,32766,9399,0,
0,0,32766,9398,0,
0,0,32766,9418,0,
0,0,32766,9428,0,
0,0,32766,9433,0,
0,0,32766,9434,0,
0,0,32766,9445,0,
0,0,32766,9433,0,
0,0,32766,9429,0,
0,0,32766,9422,0,
0,0,32766,9403,0,
0,0,32766,9375,0,
0,0,32766,9360,0,
0,0,32766,9350,0,
0,0,32766,9357,0,
0,0,32766,9379,0,
0,0,32766,9381,0,
0,0,32766,9392,0,
0,0,32766,9399,0,
0,0,32766,9407,0,
0,0,32766,9429,0,
0,0,32766,9445,0,
0,0,32766,9453,0,
0,0,32766,9449,0,
0,0,32766,9446,0,
0,0,32766,9444,0,
0,0,32766,9432,0,
0,0,32766,9441,0,
0,0,32766,9444,0,
0,0,32766,9438,0,
0,0,32766,9432,0,
0,0,32766,9415,0,
0,0,32766,9405,0,
0,0,32766,9396,0,
0,0,32766,9402,0,
0,0,32766,9425,0,
0,0,32766,9440,0,
0,0,32766,9450,0,
0,0,32766,9449,0,
0,0,32766,9440,0,
0,0,32766,9415,0,
0,0,32766,9388,0,
0,0,32766,9374,0,
0,0,32766,9369,0,
0,0,32766,9357,0,
0,0,32766,9360,0,
0,0,32766,9363,0,
0,0,32766,9365,0,
0,0,32766,9349,0,
0,0,32766,9330,0,
0,0,32766,9334,0,
0,0,32766,9328,0,
0,0,32766,9336,0,
0,0,32766,9334,0,
0,0,32766,9335,0,
0,0,32766,9322,0,
0,0,32766,9316,0,
0,0,32766,9316,0,
0,0,32766,9319,0,
0,0,32766,9312,0,
0,0,32766,9327,0,
0,0,32766,9320,0,
0,0,32766,9332,0,
0,0,32766,9308,0,
0,0,32766,9304,0,
0,0,32766,9284,0,
0,0,32766,9252,0,
0,0,32766,9247,0,
0,0,32766,9218,0,
0,0,32766,9194,0,
0,0,32766,9164,0,
0,0,32766,9119,0,
0,0,32766,9125,0,
0,0,32766,9128,0,
0,0,32766,9117,0,
0,0,32766,9111,0,
0,0,32766,9089,0,
0,0,32766,9089,0,
0,0,32766,9099,0,
0,0,32766,9100,0,
0,0,32766,9097,0,
0,0,32766,9090,0,
0,0,32766,9077,0,
0,0,32766,9064,0,
0,0,32766,9041,0,
0,0,32766,9031,0,
0,0,32766,9039,0,
0,0,32766,9051,0,
0,0,32766,9053,0,
0,0,32766,9045,0,
0,0,32766,9036,0,
0,0,32766,9014,0,
0,0,32766,9017,0,
0,0,32766,8999,0,
0,0,32766,8992,0,
0,0,32766,8984,0,
0,0,32766,8981,0,
0,0,32766,8985,0,
0,0,32766,8978,0,
0,0,32766,8977,0,
0,0,32766,8978,0,
0,0,32766,8975,0,
0,0,32766,8978,0,
0,0,32766,8968,0,
0,0,32766,8960,0,
0,0,32766,8952,0,
0,0,32766,8933,0,
0,0,32766,8916,0,
0,0,32766,8895,0,
0,0,32766,8900,0,
0,0,32766,8903,0,
0,0,32766,8915,0,
0,0,32766,8913,0,
0,0,32766,8909,0,
0,0,32766,8923,0,
0,0,32766,8925,0,
0,0,32766,8918,0,
0,0,32766,8922,0,
0,0,32766,8900,0,
0,0,32766,8891,0,
0,0,32766,8886,0,
0,0,32766,8866,0,
0,0,32766,8855,0,
0,0,32766,8871,0,
0,0,32766,8884,0,
0,0,32766,8873,0,
0,0,32766,8869,0,
0,0,32766,8874,0,
0,0,32766,8888,0,
0,0,32766,8873,0,
0,0,32766,8883,0,
0,0,32766,8872,0,
0,0,32766,8868,0,
0,0,32766,8875,0,
0,0,32766,8873,0,
0,0,32766,8881,0,
0,0,32766,8888,0,
0,0,32766,8892,0,
0,0,32766,8880,0,
0,0,32766,8906,0,
0,0,32766,8900,0,
0,0,32766,8884,0,
0,0,32766,8884,0,
0,0,32766,8867,0,
0,0,32766,8885,0,
0,0,32766,8891,0,
0,0,32766,8900,0,
0,0,32766,8887,0,
0,0,32766,8883,0,
0,0,32766,8869,0,
0,0,32766,8859,0,
0,0,32766,8856,0,
0,0,32766,8855,0,
0,0,32766,8855,0,
0,0,32766,8867,0,
0,0,32766,8879,0,
0,0,32766,8887,0,
0,0,32766,8883,0,
0,0,32766,8878,0,
0,0,32766,8886,0,
0,0,32766,8879,0,
0,0,32766,8872,0,
0,0,32766,8839,0,
0,0,32766,8835,0,
0,0,32766,8830,0,
0,0,32766,8828,0,
0,0,32766,8831,0,
0,0,32766,8826,0,
0,0,32766,8827,0,
0,0,32766,8847,0,
0,0,32766,8855,0,
0,0,32766,8859,0,
0,0,32766,8852,0,
0,0,32766,8841,0,
0,0,32766,8820,0,
0,0,32766,8829,0,
0,0,32766,8831,0,
0,0,32766,8845,0,
0,0,32766,8849,0,
0,0,32766,8850,0,
0,0,32766,8849,0,
0,0,32766,8843,0,
0,0,32766,8830,0,
0,0,32766,8838,0,
0,0,32766,8835,0,
0,0,32766,8840,0,
0,0,32766,8847,0,
0,0,32766,8824,0,
0,0,32766,8807,0,
0,0,32766,8810,0,
0,0,32766,8806,0,
0,0,32766,8817,0,
0,0,32766,8835,0,
0,0,32766,8833,0,
0,0,32766,8820,0,
0,0,32766,8814,0,
0,0,32766,8790,0,
0,0,32766,8806,0,
0,0,32766,8812,0,
0,0,32766,8829,0,
0,0,32766,8842,0,
0,0,32766,8835,0,
0,0,32766,8831,0,
0,0,32766,8819,0,
0,0,32766,8800,0,
0,0,32766,8804,0,
0,0,32766,8803,0,
0,0,32766,8786,0,
0,0,32766,8776,0,
0,0,32766,8777,0,
0,0,32766,8749,0,
0,0,32766,8743,0,
0,0,32766,8722,0,
0,0,32766,8721,0,
0,0,32766,8729,0,
0,0,32766,8714,0,
0,0,32766,8710,0,
0,0,32766,8692,0,
0,0,32766,8684,0,
0,0,32766,8656,0,
0,0,32766,8654,0,
0,0,32766,8654,0,
0,0,32766,8648,0,
0,0,32766,8650,0,
0,0,32766,8647,0,
0,0,32766,8634,0,
0,0,32766,8611,0,
0,0,32766,8601,0,
0,0,32766,8603,0,
0,0,32766,8617,0,
0,0,32766,8632,0,
0,0,32766,8632,0,
0,0,32766,8615,0,
0,0,32766,8596,0,
0,0,32766,8576,0,
0,0,32766,8556,0,
0,0,32766,8534,0,
0,0,32766,8524,0,
0,0,32766,8530,0,
0,0,32766,8533,0,
0,0,32766,8543,0,
0,0,32766,8536,0,
0,0,32766,8554,0,
0,0,32766,8539,0,
0,0,32766,8524,0,
0,0,32766,8544,0,
0,0,32766,8544,0,
0,0,32766,8543,0,
0,0,32766,8553,0,
0,0,32766,8535,0,
0,0,32766,8525,0,
0,0,32766,8520,0,
0,0,32766,8528,0,
0,0,32766,8545,0,
0,0,32766,8562,0,
0,0,32766,8546,0,
0,0,32766,8549,0,
0,0,32766,8532,0,
0,0,32766,8529,0,
0,0,32766,8541,0,
0,0,32766,8553,0,
0,0,32766,8572,0,
0,0,32766,8578,0,
0,0,32766,8577,0,
0,0,32766,8566,0,
0,0,32766,8564,0,
0,0,32766,8559,0,
0,0,32766,8546,0,
0,0,32766,8548,0,
0,0,32766,8561,0,
0,0,32766,8574,0,
0,0,32766,8589,0,
0,0,32766,8575,0,
0,0,32766,8574,0,
0,0,32766,8573,0,
0,0,32766,8592,0,
0,0,32766,8567,0,
0,0,32766,8571,0,
0,0,32766,8553,0,
0,0,32766,8544,0,
0,0,32766,8532,0,
0,0,32766,8535,0,
0,0,32766,8557,0,
0,0,32766,8587,0,
0,0,32766,8600,0,
0,0,32766,8600,0,
0,0,32766,8608,0,
0,0,32766,8599,0,
0,0,32766,8579,0,
0,0,32766,8571,0,
0,0,32766,8562,0,
0,0,32766,8556,0,
0,0,32766,8555,0,
0,0,32766,8549,0,
0,0,32766,8572,0,
0,0,32766,8566,0,
0,0,32766,8571,0,
0,0,32766,8588,0,
0,0,32766,8590,0,
0,0,32766,8569,0,
0,0,32766,8563,0,
0,0,32766,8547,0,
0,0,32766,8537,0,
0,0,32766,8522,0,
0,0,32766,8503,0,
0,0,32766,8494,0,
0,0,32766,8505,0,
0,0,32766,8488,0,
0,0,32766,8487,0,
0,0,32766,8479,0,
0,0,32766,8461,0,
0,0,32766,8454,0,
0,0,32766,8442,0,
0,0,32766,8452,0,
0,0,32766,8456,0,
0,0,32766,8462,0,
0,0,32766,8462,0,
0,0,32766,8478,0,
0,0,32766,8474,0,
0,0,32766,8474,0,
0,0,32766,8468,0,
0,0,32766,8461,0,
0,0,32766,8447,0,
0,0,32766,8431,0,
0,0,32766,8435,0,
0,0,32766,8452,0,
0,0,32766,8452,0,
0,0,32766,8462,0,
0,0,32766,8513,0,
0,0,32766,8553,0,
0,0,32766,8585,0,
0,0,32766,8630,0,
0,0,32766,8664,0,
0,0,32766,8696,0,
0,0,32766,8718,0,
0,0,32766,8739,0,
0,0,32766,8724,0,
0,0,32766,8687,0,
0,0,32766,8642,0,
0,0,32766,8574,0,
0,0,32766,8511,0,
0,0,32766,8455,0,
0,0,32766,8359,0,
0,0,32766,8224,0,
0,0,32766,8101,0,
0,0,32766,7917,0,
0,0,32766,7701,0,
0,0,32766,7436,0,
0,0,32766,7146,0,
0,0,32766,6846,0,
0,0,32766,6566,0,
0,0,32766,6310,0,
0,0,32766,6047,0,
0,0,32766,5853,0,
0,0,32766,5731,0,
0,0,32766,5619,0,
0,0,32766,5489,0,
0,0,32766,5399,0,
0,0,32766,5289,0,
0,0,32766,5226,0,
0,0,32766,5159,0,
0,0,32766,5119,0,
0,0,32766,5136,0,
0,0,32766,5222,0,
0,0,32766,5355,0,
0,0,32766,5582,0,
0,0,32766,5849,0,
0,0,32766,6189,0,
0,0,32766,6488,0,
0,0,32766,6934,0,
0,0,32766,7425,0,
0,0,32766,8163,0,
0,0,32766,8962,0,
0,0,32766,9954,0,
0,0,32766,11014,0,
0,0,32766,12302,0,
0,0,32766,13564,0,
0,0,32766,14601,0,
0,0,32766,15439,0,
0,0,32766,16182,0,
0,0,32766,16903,0,
0,0,32766,17369,0,
0,0,32766,17628,0,
0,0,32766,17867,0,
0,0,32766,18064,0,
0,0,32766,18199,0,
0,0,32766,18316,0,
0,0,32766,18426,0,
0,0,32766,18514,0,
0,0,32766,18576,0,
0,0,32766,18602,0,
0,0,32766,18633,0,
0,0,32766,18712,0,
0,0,32766,18794,0,
0,0,32766,18847,0,
0,0,32766,18928,0,
0,0,32766,19028,0,
0,0,32766,19096,0,
0,0,32766,19166,0,
0,0,32766,19203,0,
0,0,32766,19219,0,
0,0,32766,19268,0,
0,0,32766,19343,0,
0,0,32766,19314,0,
0,0,32766,19298,0,
0,0,32766,19227,0,
0,0,32766,19093,0,
0,0,32766,18999,0,
0,0,32766,18895,0,
0,0,32766,18787,0,
0,0,32766,18627,0,
0,0,32766,18479,0,
0,0,32766,18296,0,
0,0,32766,18049,0,
0,0,32766,17827,0,
0,0,32766,17595,0,
0,0,32766,17384,0,
0,0,32766,17190,0,
0,0,32766,16858,0,
0,0,32766,16751,0,
0,0,32766,16626,0,
0,0,32766,16501,0,
0,0,32766,16348,0,
0,0,32766,16160,0,
0,0,32766,15939,0,
0,0,32766,15686,0,
0,0,32766,15473,0,
0,0,32766,15234,0,
0,0,32766,14998,0,
0,0,32766,14854,0,
0,0,32766,14815,0,
0,0,32766,14792,0,
0,0,32766,14808,0,
0,0,32766,14854,0,
0,0,32766,14978,0,
0,0,32766,15068,0,
0,0,32766,15130,0,
0,0,32766,15171,0,
0,0,32766,15172,0,
0,0,32766,15197,0,
0,0,32766,15218,0,
0,0,32766,15265,0,
0,0,32766,15351,0,
0,0,32766,15369,0,
0,0,32766,15432,0,
0,0,32766,15493,0,
0,0,32766,15533,0,
0,0,32766,15586,0,
0,0,32766,15637,0,
0,0,32766,15615,0,
0,0,32766,15628,0,
0,0,32766,15630,0,
0,0,32766,15593,0,
0,0,32766,15537,0,
0,0,32766,15499,0,
0,0,32766,15506,0,
0,0,32766,15454,0,
0,0,32766,15411,0,
0,0,32766,15386,0,
0,0,32766,15310,0,
0,0,32766,15255,0,
0,0,32766,15188,0,
0,0,32766,15131,0,
0,0,32766,15069,0,
0,0,32766,14989,0,
0,0,32766,14912,0,
0,0,32766,14853,0,
0,0,32766,14803,0,
0,0,32766,14757,0,
0,0,32766,14728,0,
0,0,32766,14709,0,
0,0,32766,14708,0,
0,0,32766,14704,0,
0,0,32766,14704,0,
0,0,32766,14706,0,
0,0,32766,14706,0,
0,0,32766,14737,0,
0,0,32766,14746,0,
0,0,32766,14756,0,
0,0,32766,14751,0,
0,0,32766,14756,0,
0,0,32766,14766,0,
0,0,32766,14785,0,
0,0,32766,14834,0,
0,0,32766,14879,0,
0,0,32766,14925,0,
0,0,32766,14974,0,
0,0,32766,14977,0,
0,0,32766,14968,0,
0,0,32766,14937,0,
0,0,32766,14955,0,
0,0,32766,14900,0,
0,0,32766,14905,0,
0,0,32766,14898,0,
0,0,32766,14915,0,
0,0,32766,14907,0,
0,0,32766,14893,0,
0,0,32766,14881,0,
0,0,32766,14866,0,
0,0,32766,14882,0,
0,0,32766,14871,0,
0,0,32766,14860,0,
0,0,32766,14859,0,
0,0,32766,14830,0,
0,0,32766,14819,0,
0,0,32766,14801,0,
0,0,32766,14809,0,
0,0,32766,14804,0,
0,0,32766,14836,0,
0,0,32766,14829,0,
0,0,32766,14863,0,
0,0,32766,14886,0,
0,0,32766,14905,0,
0,0,32766,14960,0,
0,0,32766,14988,0,
0,0,32766,14996,0,
0,0,32766,15018,0,
0,0,32766,15026,0,
0,0,32766,15047,0,
0,0,32766,15059,0,
0,0,32766,15054,0,
0,0,32766,15059,0,
0,0,32766,15074,0,
0,0,32766,15055,0,
0,0,32766,15055,0,
0,0,32766,15040,0,
0,0,32766,15045,0,
0,0,32766,15025,0,
0,0,32766,15021,0,
0,0,32766,15002,0,
0,0,32766,14990,0,
0,0,32766,14959,0,
0,0,32766,14942,0,
0,0,32766,14887,0,
0,0,32766,14837,0,
0,0,32766,14799,0,
0,0,32766,14753,0,
0,0,32766,14766,0,
0,0,32766,14707,0,
0,0,32766,14699,0,
0,0,32766,14783,0,
0,0,32766,14787,0,
0,0,32766,14819,0,
0,0,32766,14891,0,
0,0,32766,14915,0,
0,0,32766,14968,0,
0,0,32766,15060,0,
0,0,32766,15191,0,
0,0,32766,15308,0,
0,0,32766,15357,0,
0,0,32766,15332,0,
0,0,32766,15304,0,
0,0,32766,15254,0,
0,0,32766,15184,0,
0,0,32766,15078,0,
0,0,32766,14937,0,
0,0,32766,14784,0,
0,0,32766,14651,0,
0,0,32766,14568,0,
0,0,32766,14512,0,
0,0,32766,14429,0,
0,0,32766,14389,0,
0,0,32766,14311,0,
0,0,32766,14216,0,
0,0,32766,14126,0,
0,0,32766,14040,0,
0,0,32766,13937,0,
0,0,32766,13924,0,
0,0,32766,13947,0,
0,0,32766,14063,0,
0,0,32766,14116,0,
0,0,32766,14220,0,
0,0,32766,14409,0,
0,0,32766,14588,0,
0,0,32766,14694,0,
0,0,32766,14725,0,
0,0,32766,14722,0,
0,0,32766,14728,0,
0,0,32766,14749,0,
0,0,32766,14757,0,
0,0,32766,14799,0,
0,0,32766,14845,0,
0,0,32766,14883,0,
0,0,32766,14947,0,
0,0,32766,15032,0,
0,0,32766,14948,0,
0,0,32766,14839,0,
0,0,32766,14759,0,
0,0,32766,14699,0,
0,0,32766,14666,0,
0,0,32766,14645,0,
0,0,32766,14652,0,
0,0,32766,14662,0,
0,0,32766,14667,0,
0,0,32766,14660,0,
0,0,32766,14661,0,
0,0,32766,14641,0,
0,0,32766,14623,0,
0,0,32766,14628,0,
0,0,32766,14639,0,
0,0,32766,14637,0,
0,0,32766,14637,0,
0,0,32766,14653,0,
0,0,32766,14713,0,
0,0,32766,14771,0,
0,0,32766,14834,0,
0,0,32766,14878,0,
0,0,32766,14942,0,
0,0,32766,14993,0,
0,0,32766,15006,0,
0,0,32766,15035,0,
0,0,32766,15085,0,
0,0,32766,15125,0,
0,0,32766,15175,0,
0,0,32766,15220,0,
0,0,32766,15214,0,
0,0,32766,15169,0,
0,0,32766,15098,0,
0,0,32766,14980,0,
0,0,32766,14839,0,
0,0,32766,14701,0,
0,0,32766,14605,0,
0,0,32766,14515,0,
0,0,32766,14468,0,
0,0,32766,14418,0,
0,0,32766,14356,0,
0,0,32766,14291,0,
0,0,32766,14228,0,
0,0,32766,14194,0,
0,0,32766,14191,0,
0,0,32766,14199,0,
0,0,32766,14258,0,
0,0,32766,14312,0,
0,0,32766,14364,0,
0,0,32766,14384,0,
0,0,32766,14366,0,
0,0,32766,14336,0,
0,0,32766,14278,0,
0,0,32766,14231,0,
0,0,32766,14163,0,
0,0,32766,14103,0,
0,0,32766,14041,0,
0,0,32766,14029,0,
0,0,32766,13985,0,
0,0,32766,13955,0,
0,0,32766,13937,0,
0,0,32766,13916,0,
0,0,32766,13904,0,
0,0,32766,13868,0,
0,0,32766,13852,0,
0,0,32766,13830,0,
0,0,32766,13782,0,
0,0,32766,13759,0,
0,0,32766,13736,0,
0,0,32766,13729,0,
0,0,32766,13718,0,
0,0,32766,13690,0,
0,0,32766,13666,0,
0,0,32766,13648,0,
0,0,32766,13659,0,
0,0,32766,13668,0,
0,0,32766,13671,0,
0,0,32766,13671,0,
0,0,32766,13681,0,
0,0,32766,13680,0,
0,0,32766,13691,0,
0,0,32766,13698,0,
0,0,32766,13713,0,
0,0,32766,13725,0,
0,0,32766,13728,0,
0,0,32766,13733,0,
0,0,32766,13735,0,
0,0,32766,13731,0,
0,0,32766,13734,0,
0,0,32766,13729,0,
0,0,32766,13715,0,
0,0,32766,13709,0,
0,0,32766,13693,0,
0,0,32766,13675,0,
0,0,32766,13661,0,
0,0,32766,13655,0,
0,0,32766,13653,0,
0,0,32766,13647,0,
0,0,32766,13639,0,
0,0,32766,13638,0,
0,0,32766,13638,0,
0,0,32766,13644,0,
0,0,32766,13635,0,
0,0,32766,13632,0,
0,0,32766,13613,0,
0,0,32766,13616,0,
0,0,32766,13608,0,
0,0,32766,13607,0,
0,0,32766,13611,0,
0,0,32766,13604,0,
0,0,32766,13596,0,
0,0,32766,13596,0,
0,0,32766,13577,0,
0,0,32766,13568,0,
0,0,32766,13566,0,
0,0,32766,13563,0,
0,0,32766,13581,0,
0,0,32766,13589,0,
0,0,32766,13576,0,
0,0,32766,13570,0,
0,0,32766,13591,0,
0,0,32766,13606,0,
0,0,32766,13615,0,
0,0,32766,13644,0,
0,0,32766,13649,0,
0,0,32766,13652,0,
0,0,32766,13674,0,
0,0,32766,13671,0,
0,0,32766,13685,0,
0,0,32766,13712,0,
0,0,32766,13742,0,
0,0,32766,13766,0,
0,0,32766,13792,0,
0,0,32766,13811,0,
0,0,32766,13848,0,
0,0,32766,13867,0,
0,0,32766,13868,0,
0,0,32766,13899,0,
0,0,32766,13917,0,
0,0,32766,13929,0,
0,0,32766,13937,0,
0,0,32766,13931,0,
0,0,32766,13943,0,
0,0,32766,13930,0,
0,0,32766,13916,0,
0,0,32766,13915,0,
0,0,32766,13913,0,
0,0,32766,13915,0,
0,0,32766,13917,0,
0,0,32766,13935,0,
0,0,32766,13951,0,
0,0,32766,13967,0,
0,0,32766,13992,0,
0,0,32766,14008,0,
0,0,32766,14014,0,
0,0,32766,14013,0,
0,0,32766,14025,0,
0,0,32766,14029,0,
0,0,32766,14044,0,
0,0,32766,14060,0,
0,0,32766,14069,0,
0,0,32766,14109,0,
0,0,32766,14135,0,
0,0,32766,14169,0,
0,0,32766,14194,0,
0,0,32766,14211,0,
0,0,32766,14232,0,
0,0,32766,14251,0,
0,0,32766,14273,0,
0,0,32766,14310,0,
0,0,32766,14314,0,
0,0,32766,14320,0,
0,0,32766,14346,0,
0,0,32766,14359,0,
0,0,32766,14379,0,
0,0,32766,14426,0,
0,0,32766,14462,0,
0,0,32766,14499,0,
0,0,32766,14524,0,
0,0,32766,14546,0,
0,0,32766,14574,0,
0,0,32766,14603,0,
0,0,32766,14647,0,
0,0,32766,14686,0,
0,0,32766,14724,0,
0,0,32766,14759,0,
0,0,32766,14799,0,
0,0,32766,14827,0,
0,0,32766,14854,0,
0,0,32766,14876,0,
0,0,32766,14892,0,
0,0,32766,14930,0,
0,0,32766,14954,0,
0,0,32766,14999,0,
0,0,32766,15007,0,
0,0,32766,15041,0,
0,0,32766,15080,0,
0,0,32766,15122,0,
0,0,32766,15152,0,
0,0,32766,15177,0,
0,0,32766,15215,0,
0,0,32766,15232,0,
0,0,32766,15249,0,
0,0,32766,15297,0,
0,0,32766,15377,0,
0,0,32766,15480,0,
0,0,32766,15552,0,
0,0,32766,15639,0,
0,0,32766,15746,0,
0,0,32766,15881,0,
0,0,32766,16017,0,
0,0,32766,16166,0,
0,0,32766,16319,0,
0,0,32766,16440,0,
0,0,32766,16573,0,
0,0,32766,16771,0,
0,0,32766,17017,0,
0,0,32766,17215,0,
0,0,32766,17406,0,
0,0,32766,17568,0,
0,0,32766,17751,0,
0,0,32766,17947,0,
0,0,32766,18112,0,
0,0,32766,18252,0,
0,0,32766,18360,0,
0,0,32766,18485,0,
0,0,32766,18572,0,
0,0,32766,18643,0,
0,0,32766,18676,0,
0,0,32766,18728,0,
0,0,32766,18822,0,
0,0,32766,18916,0,
0,0,32766,19038,0,
0,0,32766,19116,0,
0,0,32766,19159,0,
0,0,32766,19191,0,
0,0,32766,19226,0,
0,0,32766,19261,0,
0,0,32766,19260,0,
0,0,32766,19262,0,
0,0,32766,19249,0,
0,0,32766,19253,0,
0,0,32766,19243,0,
0,0,32766,19204,0,
0,0,32766,19199,0,
0,0,32766,19211,0,
0,0,32766,19222,0,
0,0,32766,19224,0,
0,0,32766,19220,0,
0,0,32766,19236,0,
0,0,32766,19255,0,
0,0,32766,19263,0,
0,0,32766,19294,0,
0,0,32766,19312,0,
0,0,32766,19336,0,
0,0,32766,19340,0,
0,0,32766,19362,0,
0,0,32766,19366,0,
0,0,32766,19383,0,
0,0,32766,19439,0,
0,0,32766,19579,0,
0,0,32766,19646,0,
0,0,32766,19244,0,
0,0,32766,18583,0,
0,0,32766,17936,0,
0,0,32766,17325,0,
0,0,32766,16759,0,
0,0,32766,16266,0,
0,0,32766,15912,0,
0,0,32766,15613,0,
0,0,32766,15388,0,
0,0,32766,15177,0,
0,0,32766,14961,0,
0,0,32766,14749,0,
0,0,32766,14527,0,
0,0,32766,14312,0,
0,0,32766,14175,0,
0,0,32766,14062,0,
0,0,32766,13963,0,
0,0,32766,13831,0,
0,0,32766,13678,0,
0,0,32766,13515,0,
0,0,32766,13403,0,
0,0,32766,13363,0,
0,0,32766,13396,0,
0,0,32766,13440,0,
0,0,32766,13488,0,
0,0,32766,13514,0,
0,0,32766,13539,0,
0,0,32766,13553,0,
0,0,32766,13574,0,
0,0,32766,13605,0,
0,0,32766,13622,0,
0,0,32766,13599,0,
0,0,32766,13583,0,
0,0,32766,13554,0,
0,0,32766,13526,0,
0,0,32766,13491,0,
0,0,32766,13463,0,
0,0,32766,13420,0,
0,0,32766,13384,0,
0,0,32766,13373,0,
0,0,32766,13366,0,
0,0,32766,13340,0,
0,0,32766,13334,0,
0,0,32766,13316,0,
0,0,32766,13284,0,
0,0,32766,13278,0,
0,0,32766,13264,0,
0,0,32766,13230,0,
0,0,32766,13213,0,
0,0,32766,13206,0,
0,0,32766,13228,0,
0,0,32766,13249,0,
0,0,32766,13257,0,
0,0,32766,13280,0,
0,0,32766,13290,0,
0,0,32766,13285,0,
0,0,32766,13284,0,
0,0,32766,13278,0,
0,0,32766,13287,0,
0,0,32766,13299,0,
0,0,32766,13320,0,
0,0,32766,13339,0,
0,0,32766,13325,0,
0,0,32766,13312,0,
0,0,32766,13309,0,
0,0,32766,13297,0,
0,0,32766,13277,0,
0,0,32766,13251,0,
0,0,32766,13246,0,
0,0,32766,13235,0,
0,0,32766,13204,0,
0,0,32766,13196,0,
0,0,32766,13187,0,
0,0,32766,13174,0,
0,0,32766,13193,0,
0,0,32766,13184,0,
0,0,32766,13175,0,
0,0,32766,13212,0,
0,0,32766,13194,0,
0,0,32766,13257,0,
0,0,32766,13324,0,
0,0,32766,13410,0,
0,0,32766,13525,0,
0,0,32766,13689,0,
0,0,32766,13847,0,
0,0,32766,14058,0,
0,0,32766,14271,0,
0,0,32766,14484,0,
0,0,32766,14695,0,
0,0,32766,14926,0,
0,0,32766,15190,0,
0,0,32766,15514,0,
0,0,32766,15761,0,
0,0,32766,15977,0,
0,0,32766,16109,0,
0,0,32766,16211,0,
0,0,32766,16307,0,
0,0,32766,16362,0,
0,0,32766,16462,0,
0,0,32766,16614,0,
0,0,32766,16835,0,
0,0,32766,17019,0,
0,0,32766,17290,0,
0,0,32766,17563,0,
0,0,32766,17803,0,
0,0,32766,18031,0,
0,0,32766,18267,0,
0,0,32766,18422,0,
0,0,32766,18550,0,
0,0,32766,18716,0,
0,0,32766,18839,0,
0,0,32766,18915,0,
0,0,32766,18968,0,
0,0,32766,19046,0,
0,0,32766,19135,0,
0,0,32766,19256,0,
0,0,32766,19473,0,
0,0,32766,19607,0,
0,0,32766,19687,0,
0,0,32766,19663,0,
0,0,32766,19549,0,
0,0,32766,19275,0,
0,0,32766,18907,0,
0,0,32766,18981,0,
0,0,32766,19291,0,
0,0,32766,19675,0,
0,0,32766,20055,0,
0,0,32766,20412,0,
0,0,32766,20545,0,
0,0,32766,20610,0,
0,0,32766,20477,0,
0,0,32766,20329,0,
0,0,32766,20365,0,
0,0,32766,20479,0,
0,0,32766,20690,0,
0,0,32766,20950,0,
0,0,32766,21195,0,
0,0,32766,21413,0,
0,0,32766,21410,0,
0,0,32766,21138,0,
0,0,32766,21029,0,
0,0,32766,21128,0,
0,0,32766,21198,0,
0,0,32766,21232,0,
0,0,32766,21214,0,
0,0,32766,21379,0,
0,0,32766,21472,0,
0,0,32766,21458,0,
0,0,32766,21398,0,
0,0,32766,21685,0,
0,0,32766,21647,0,
0,0,32766,21601,0,
0,0,32766,21685,0,
0,0,32766,21816,0,
0,0,32766,21937,0,
0,0,32766,21994,0,
0,0,32766,21973,0,
0,0,32766,21850,0,
0,0,32766,21711,0,
0,0,32766,21493,0,
0,0,32766,21266,0,
0,0,32766,21114,0,
0,0,32766,21019,0,
0,0,32766,20921,0,
0,0,32766,20853,0,
0,0,32766,20800,0,
0,0,32766,20786,0,
0,0,32766,20751,0,
0,0,32766,20644,0,
0,0,32766,20544,0,
0,0,32766,20487,0,
0,0,32766,20418,0,
0,0,32766,20372,0,
0,0,32766,20359,0,
0,0,32766,20343,0,
0,0,32766,20267,0,
0,0,32766,20184,0,
0,0,32766,20042,0,
0,0,32766,19846,0,
0,0,32766,19554,0,
0,0,32766,19081,0,
0,0,32766,18544,0,
0,0,32766,17930,0,
0,0,32766,17399,0,
0,0,32766,16919,0,
0,0,32766,16493,0,
0,0,32766,16149,0,
0,0,32766,15934,0,
0,0,32766,15780,0,
0,0,32766,15567,0,
0,0,32766,15273,0,
0,0,32766,15282,0,
0,0,32766,15166,0,
0,0,32766,15051,0,
0,0,32766,14982,0,
0,0,32766,14984,0,
0,0,32766,14945,0,
0,0,32766,14861,0,
0,0,32766,14781,0,
0,0,32766,14737,0,
0,0,32766,14668,0,
0,0,32766,14653,0,
0,0,32766,14606,0,
0,0,32766,14577,0,
0,0,32766,14539,0,
0,0,32766,14530,0,
0,0,32766,14420,0,
0,0,32766,14407,0,
0,0,32766,14400,0,
0,0,32766,14444,0,
0,0,32766,14543,0,
0,0,32766,14562,0,
0,0,32766,14596,0,
0,0,32766,14570,0,
0,0,32766,14559,0,
0,0,32766,14521,0,
0,0,32766,14539,0,
0,0,32766,14519,0,
0,0,32766,14543,0,
0,0,32766,14503,0,
0,0,32766,14495,0,
0,0,32766,14484,0,
0,0,32766,14486,0,
0,0,32766,14538,0,
0,0,32766,14554,0,
0,0,32766,14578,0,
0,0,32766,14583,0,
0,0,32766,14556,0,
0,0,32766,12321,0,
0,0,32766,11134,0,
0,0,32766,9823,0,
0,0,32766,10061,0,
0,0,32766,10484,0,
0,0,32766,10610,0,
0,0,32766,10753,0,
0,0,32766,10652,0,
0,0,32766,11064,0,
0,0,32766,11155,0,
0,0,32766,11458,0,
0,0,32766,11653,0,
0,0,32766,11979,0,
0,0,32766,12205,0,
0,0,32766,12514,0,
0,0,32766,12942,0,
0,0,32766,13202,0,
0,0,32766,13518,0,
0,0,32766,13897,0,
0,0,32766,14178,0,
0,0,32766,14493,0,
0,0,32766,14693,0,
0,0,32766,14896,0,
0,0,32766,15093,0,
0,0,32766,15236,0,
0,0,32766,15372,0,
0,0,32766,15495,0,
0,0,32766,15573,0,
0,0,32766,15691,0,
0,0,32766,15843,0,
0,0,32766,15979,0,
0,0,32766,16129,0,
0,0,32766,16266,0,
0,0,32766,16383,0,
0,0,32766,16486,0,
0,0,32766,16603,0,
0,0,32766,16677,0,
0,0,32766,16719,0,
0,0,32766,16731,0,
0,0,32766,16737,0,
0,0,32766,16722,0,
0,0,32766,16733,0,
0,0,32766,16755,0,
0,0,32766,16769,0,
0,0,32766,16792,0,
0,0,32766,16805,0,
0,0,32766,16840,0,
0,0,32766,16858,0,
0,0,32766,16909,0,
0,0,32766,16949,0,
0,0,32766,16956,0,
0,0,32766,16977,0,
0,0,32766,16995,0,
0,0,32766,17018,0,
0,0,32766,16973,0,
0,0,32766,16929,0,
0,0,32766,16808,0,
0,0,32766,16702,0,
0,0,32766,16554,0,
0,0,32766,16402,0,
0,0,32766,16262,0,
0,0,32766,16167,0,
0,0,32766,16075,0,
0,0,32766,15985,0,
0,0,32766,15839,0,
0,0,32766,15658,0,
0,0,32766,15477,0,
0,0,32766,15419,0,
0,0,32766,15296,0,
0,0,32766,15193,0,
0,0,32766,15122,0,
0,0,32766,15053,0,
0,0,32766,15020,0,
0,0,32766,14968,0,
0,0,32766,14909,0,
0,0,32766,14858,0,
0,0,32766,14805,0,
0,0,32766,14769,0,
0,0,32766,14728,0,
0,0,32766,14736,0,
0,0,32766,14778,0,
0,0,32766,14843,0,
0,0,32766,14878,0,
0,0,32766,14917,0,
0,0,32766,14922,0,
0,0,32766,14948,0,
0,0,32766,14989,0,
0,0,32766,15060,0,
0,0,32766,15112,0,
0,0,32766,15184,0,
0,0,32766,15250,0,
0,0,32766,15319,0,
0,0,32766,15392,0,
0,0,32766,15429,0,
0,0,32766,15449,0,
0,0,32766,15462,0,
0,0,32766,15439,0,
0,0,32766,15436,0,
0,0,32766,15429,0,
0,0,32766,15407,0,
0,0,32766,15367,0,
0,0,32766,15356,0,
0,0,32766,15316,0,
0,0,32766,15274,0,
0,0,32766,15222,0,
0,0,32766,15191,0,
0,0,32766,15163,0,
0,0,32766,15120,0,
0,0,32766,15099,0,
0,0,32766,15108,0,
0,0,32766,15123,0,
0,0,32766,15133,0,
0,0,32766,15170,0,
0,0,32766,15199,0,
0,0,32766,15223,0,
0,0,32766,15208,0,
0,0,32766,15111,0,
0,0,32766,14970,0,
0,0,32766,14799,0,
0,0,32766,14673,0,
0,0,32766,14635,0,
0,0,32766,14622,0,
0,0,32766,14635,0,
0,0,32766,14684,0,
0,0,32766,14766,0,
0,0,32766,14830,0,
0,0,32766,14885,0,
0,0,32766,14962,0,
0,0,32766,15028,0,
0,0,32766,15149,0,
0,0,32766,15227,0,
0,0,32766,15227,0,
0,0,32766,15193,0,
0,0,32766,15198,0,
0,0,32766,15229,0,
0,0,32766,15429,0,
0,0,32766,15690,0,
0,0,32766,15948,0,
0,0,32766,16267,0,
0,0,32766,16481,0,
0,0,32766,16744,0,
0,0,32766,16929,0,
0,0,32766,17054,0,
0,0,32766,17204,0,
0,0,32766,17331,0,
0,0,32766,17383,0,
0,0,32766,17397,0,
0,0,32766,17438,0,
0,0,32766,17453,0,
0,0,32766,17545,0,
0,0,32766,17575,0,
0,0,32766,17617,0,
0,0,32766,17581,0,
0,0,32766,17549,0,
0,0,32766,17577,0,
0,0,32766,17622,0,
0,0,32766,17574,0,
0,0,32766,17690,0,
0,0,32766,17710,0,
0,0,32766,17806,0,
0,0,32766,17828,0,
0,0,32766,17804,0,
0,0,32766,17767,0,
0,0,32766,17741,0,
0,0,32766,17734,0,
0,0,32766,17785,0,
0,0,32766,17782,0,
0,0,32766,17776,0,
0,0,32766,17750,0,
0,0,32766,17725,0,
0,0,32766,17820,0,
0,0,32766,17832,0,
0,0,32766,17894,0,
0,0,32766,18039,0,
0,0,32766,18091,0,
0,0,32766,18141,0,
0,0,32766,18130,0,
0,0,32766,18087,0,
0,0,32766,18096,0,
0,0,32766,18232,0,
0,0,32766,18213,0,
0,0,32766,18264,0,
0,0,32766,18326,0,
0,0,32766,18397,0,
0,0,32766,18364,0,
0,0,32766,18467,0,
0,0,32766,18435,0,
0,0,32766,18731,0,
0,0,32766,18927,0,
0,0,32766,19042,0,
0,0,32766,19061,0,
0,0,32766,18987,0,
0,0,32766,18883,0,
0,0,32766,18801,0,
0,0,32766,18899,0,
0,0,32766,18994,0,
0,0,32766,19013,0,
0,0,32766,19038,0,
0,0,32766,19041,0,
0,0,32766,19082,0,
0,0,32766,19141,0,
0,0,32766,19186,0,
0,0,32766,19172,0,
0,0,32766,19141,0,
0,0,32766,19078,0,
0,0,32766,19105,0,
0,0,32766,19082,0,
0,0,32766,19035,0,
0,0,32766,18947,0,
0,0,32766,18852,0,
0,0,32766,18765,0,
0,0,32766,18619,0,
0,0,32766,18483,0,
0,0,32766,18311,0,
0,0,32766,18186,0,
0,0,32766,18034,0,
0,0,32766,17899,0,
0,0,32766,17754,0,
0,0,32766,17657,0,
0,0,32766,17561,0,
0,0,32766,17481,0,
0,0,32766,17403,0,
0,0,32766,17331,0,
0,0,32766,17248,0,
0,0,32766,17158,0,
0,0,32766,17065,0,
0,0,32766,17019,0,
0,0,32766,16990,0,
0,0,32766,17043,0,
0,0,32766,17170,0,
0,0,32766,17528,0,
0,0,32766,17921,0,
0,0,32766,17643,0,
0,0,32766,17862,0,
0,0,32766,17996,0,
0,0,32766,18188,0,
0,0,32766,18369,0,
0,0,32766,18392,0,
0,0,32766,18371,0,
0,0,32766,18218,0,
0,0,32766,18119,0,
0,0,32766,18217,0,
0,0,32766,18357,0,
0,0,32766,18363,0,
0,0,32766,18477,0,
0,0,32766,18504,0,
0,0,32766,18478,0,
0,0,32766,18476,0,
0,0,32766,18435,0,
0,0,32766,18434,0,
0,0,32766,18399,0,
0,0,32766,18366,0,
0,0,32766,18291,0,
0,0,32766,18219,0,
0,0,32766,18145,0,
0,0,32766,18066,0,
0,0,32766,18059,0,
0,0,32766,18115,0,
0,0,32766,18154,0,
0,0,32766,18128,0,
0,0,32766,18149,0,
0,0,32766,18279,0,
0,0,32766,18406,0,
0,0,32766,18659,0,
0,0,32766,18879,0,
0,0,32766,19024,0,
0,0,32766,19125,0,
0,0,32766,19148,0,
0,0,32766,19174,0,
0,0,32766,19143,0,
0,0,32766,19127,0,
0,0,32766,19184,0,
0,0,32766,19294,0,
0,0,32766,19473,0,
0,0,32766,19698,0,
0,0,32766,19888,0,
0,0,32766,20028,0,
0,0,32766,20119,0,
0,0,32766,20181,0,
0,0,32766,20212,0,
0,0,32766,20203,0,
0,0,32766,20208,0,
0,0,32766,20188,0,
0,0,32766,20175,0,
0,0,32766,20192,0,
0,0,32766,20191,0,
0,0,32766,20164,0,
0,0,32766,20117,0,
0,0,32766,20044,0,
0,0,32766,20029,0,
0,0,32766,20000,0,
0,0,32766,19985,0,
0,0,32766,19980,0,
0,0,32766,19956,0,
0,0,32766,19938,0,
0,0,32766,19906,0,
0,0,32766,19839,0,
0,0,32766,19743,0,
0,0,32766,19697,0,
0,0,32766,19655,0,
0,0,32766,19637,0,
0,0,32766,19631,0,
0,0,32766,19583,0,
0,0,32766,19572,0,
0,0,32766,19575,0,
0,0,32766,19581,0,
0,0,32766,19628,0,
0,0,32766,19694,0,
0,0,32766,19775,0,
0,0,32766,19880,0,
0,0,32766,19975,0,
0,0,32766,19984,0,
0,0,32766,20051,0,
0,0,32766,20191,0,
0,0,32766,20412,0,
0,0,32766,20582,0,
0,0,32766,20787,0,
0,0,32766,21028,0,
0,0,32766,21200,0,
0,0,32766,20961,0,
0,0,32766,20615,0,
0,0,32766,20573,0,
0,0,32766,20538,0,
0,0,32766,20568,0,
0,0,32766,20698,0,
0,0,32766,20915,0,
0,0,32766,21046,0,
0,0,32766,21228,0,
0,0,32766,21334,0,
0,0,32766,21274,0,
0,0,32766,21232,0,
0,0,32766,21287,0,
0,0,32766,21470,0,
0,0,32766,21411,0,
0,0,32766,21408,0,
0,0,32766,21398,0,
0,0,32766,21378,0,
0,0,32766,21323,0,
0,0,32766,21306,0,
0,0,32766,21329,0,
0,0,32766,21357,0,
0,0,32766,21335,0,
0,0,32766,21294,0,
0,0,32766,21264,0,
0,0,32766,21228,0,
0,0,32766,21205,0,
0,0,32766,21198,0,
0,0,32766,21208,0,
0,0,32766,21201,0,
0,0,32766,21202,0,
0,0,32766,21227,0,
0,0,32766,21234,0,
0,0,32766,21257,0,
0,0,32766,21282,0,
0,0,32766,21326,0,
0,0,32766,21378,0,
0,0,32766,21434,0,
0,0,32766,21519,0,
0,0,32766,21605,0,
0,0,32766,21705,0,
0,0,32766,21735,0,
0,0,32766,21724,0,
0,0,32766,21592,0,
0,0,32766,21402,0,
0,0,32766,21202,0,
0,0,32766,20973,0,
0,0,32766,20710,0,
0,0,32766,20436,0,
0,0,32766,20155,0,
0,0,32766,19909,0,
0,0,32766,19647,0,
0,0,32766,19402,0,
0,0,32766,19196,0,
0,0,32766,18986,0,
0,0,32766,18767,0,
0,0,32766,18542,0,
0,0,32766,18340,0,
0,0,32766,18170,0,
0,0,32766,17965,0,
0,0,32766,17766,0,
0,0,32766,17583,0,
0,0,32766,17426,0,
0,0,32766,17276,0,
0,0,32766,17100,0,
0,0,32766,16898,0,
0,0,32766,16717,0,
0,0,32766,16550,0,
0,0,32766,16395,0,
0,0,32766,16295,0,
0,0,32766,16205,0,
0,0,32766,16163,0,
0,0,32766,16137,0,
0,0,32766,16125,0,
0,0,32766,16121,0,
0,0,32766,16130,0,
0,0,32766,16103,0,
0,0,32766,16075,0,
0,0,32766,16036,0,
0,0,32766,15956,0,
0,0,32766,15878,0,
0,0,32766,15779,0,
0,0,32766,15693,0,
0,0,32766,15635,0,
0,0,32766,15583,0,
0,0,32766,15576,0,
0,0,32766,15581,0,
0,0,32766,15564,0,
0,0,32766,15534,0,
0,0,32766,15487,0,
0,0,32766,15449,0,
0,0,32766,15397,0,
0,0,32766,15354,0,
0,0,32766,15316,0,
0,0,32766,15265,0,
0,0,32766,15186,0,
0,0,32766,15117,0,
0,0,32766,15025,0,
0,0,32766,14944,0,
0,0,32766,14838,0,
0,0,32766,14739,0,
0,0,32766,14667,0,
0,0,32766,14587,0,
0,0,32766,14552,0,
0,0,32766,14449,0,
0,0,32766,14408,0,
0,0,32766,14441,0,
0,0,32766,14448,0,
0,0,32766,14432,0,
0,0,32766,14431,0,
0,0,32766,14457,0,
0,0,32766,14459,0,
0,0,32766,14449,0,
0,0,32766,14470,0,
0,0,32766,14492,0,
0,0,32766,14515,0,
0,0,32766,14501,0,
0,0,32766,14478,0,
0,0,32766,14456,0,
0,0,32766,14428,0,
0,0,32766,14404,0,
0,0,32766,14408,0,
0,0,32766,14410,0,
0,0,32766,14399,0,
0,0,32766,14403,0,
0,0,32766,14403,0,
0,0,32766,14426,0,
0,0,32766,14422,0,
0,0,32766,14423,0,
0,0,32766,14423,0,
0,0,32766,14425,0,
0,0,32766,14404,0,
0,0,32766,14370,0,
0,0,32766,14344,0,
0,0,32766,14317,0,
0,0,32766,14297,0,
0,0,32766,14260,0,
0,0,32766,14258,0,
0,0,32766,14253,0,
0,0,32766,14252,0,
0,0,32766,14268,0,
0,0,32766,14269,0,
0,0,32766,14299,0,
0,0,32766,14297,0,
0,0,32766,14301,0,
0,0,32766,14297,0,
0,0,32766,14287,0,
0,0,32766,14289,0,
0,0,32766,14281,0,
0,0,32766,14278,0,
0,0,32766,14280,0,
0,0,32766,14295,0,
0,0,32766,14299,0,
0,0,32766,14335,0,
0,0,32766,14378,0,
0,0,32766,14408,0,
0,0,32766,14404,0,
0,0,32766,14393,0,
0,0,32766,14429,0,
0,0,32766,14454,0,
0,0,32766,14493,0,
0,0,32766,14541,0,
0,0,32766,14607,0,
0,0,32766,14599,0,
0,0,32766,14607,0,
0,0,32766,14557,0,
0,0,32766,14498,0,
0,0,32766,14406,0,
0,0,32766,14279,0,
0,0,32766,14137,0,
0,0,32766,13992,0,
0,0,32766,13856,0,
0,0,32766,13713,0,
0,0,32766,13614,0,
0,0,32766,13570,0,
0,0,32766,13580,0,
0,0,32766,13576,0,
0,0,32766,13590,0,
0,0,32766,13589,0,
0,0,32766,13585,0,
0,0,32766,13581,0,
0,0,32766,13578,0,
0,0,32766,13562,0,
0,0,32766,13548,0,
0,0,32766,13532,0,
0,0,32766,13580,0,
0,0,32766,13664,0,
0,0,32766,13694,0,
0,0,32766,13682,0,
0,0,32766,13686,0,
0,0,32766,13703,0,
0,0,32766,13704,0,
0,0,32766,13714,0,
0,0,32766,13714,0,
0,0,32766,13728,0,
0,0,32766,13731,0,
0,0,32766,13741,0,
0,0,32766,13790,0,
0,0,32766,13811,0,
0,0,32766,13840,0,
0,0,32766,13892,0,
0,0,32766,13907,0,
0,0,32766,13949,0,
0,0,32766,14008,0,
0,0,32766,14072,0,
0,0,32766,14161,0,
0,0,32766,14218,0,
0,0,32766,14290,0,
0,0,32766,14340,0,
0,0,32766,14390,0,
0,0,32766,14459,0,
0,0,32766,14513,0,
0,0,32766,14631,0,
0,0,32766,14765,0,
0,0,32766,14896,0,
0,0,32766,15040,0,
0,0,32766,15357,0,
0,0,32766,15940,0,
0,0,32766,16212,0,
0,0,32766,16394,0,
0,0,32766,16618,0,
0,0,32766,16905,0,
0,0,32766,17152,0,
0,0,32766,17363,0,
0,0,32766,17531,0,
0,0,32766,17697,0,
0,0,32766,17805,0,
0,0,32766,17837,0,
0,0,32766,17850,0,
0,0,32766,17897,0,
0,0,32766,17943,0,
0,0,32766,18036,0,
0,0,32766,18101,0,
0,0,32766,18175,0,
0,0,32766,18241,0,
0,0,32766,18324,0,
0,0,32766,18401,0,
0,0,32766,18468,0,
0,0,32766,18510,0,
0,0,32766,18546,0,
0,0,32766,18570,0,
0,0,32766,18576,0,
0,0,32766,18594,0,
0,0,32766,18614,0,
0,0,32766,18621,0,
0,0,32766,18630,0,
0,0,32766,18660,0,
0,0,32766,18683,0,
0,0,32766,18711,0,
0,0,32766,18719,0,
0,0,32766,18750,0,
0,0,32766,18773,0,
0,0,32766,18792,0,
0,0,32766,18808,0,
0,0,32766,18817,0,
0,0,32766,18861,0,
0,0,32766,18886,0,
0,0,32766,18907,0,
0,0,32766,18949,0,
0,0,32766,18971,0,
0,0,32766,19002,0,
0,0,32766,19044,0,
0,0,32766,19081,0,
0,0,32766,19106,0,
0,0,32766,19121,0,
0,0,32766,19136,0,
0,0,32766,19164,0,
0,0,32766,19179,0,
0,0,32766,19186,0,
0,0,32766,19193,0,
0,0,32766,19212,0,
0,0,32766,19213,0,
0,0,32766,19225,0,
0,0,32766,19233,0,
0,0,32766,19253,0,
0,0,32766,19244,0,
0,0,32766,19255,0,
0,0,32766,19286,0,
0,0,32766,19297,0,
0,0,32766,19309,0,
0,0,32766,19321,0,
0,0,32766,19343,0,
0,0,32766,19339,0,
0,0,32766,19342,0,
0,0,32766,19337,0,
0,0,32766,19360,0,
0,0,32766,19350,0,
0,0,32766,19329,0,
0,0,32766,19329,0,
0,0,32766,19335,0,
0,0,32766,19344,0,
0,0,32766,19339,0,
0,0,32766,19337,0,
0,0,32766,19346,0,
0,0,32766,19353,0,
0,0,32766,19352,0,
0,0,32766,19344,0,
0,0,32766,19350,0,
0,0,32766,19308,0,
0,0,32766,19309,0,
0,0,32766,19309,0,
0,0,32766,19305,0,
0,0,32766,19305,0,
0,0,32766,19318,0,
0,0,32766,19316,0,
0,0,32766,19332,0,
0,0,32766,19332,0,
0,0,32766,19346,0,
0,0,32766,19346,0,
0,0,32766,19347,0,
0,0,32766,19361,0,
0,0,32766,19345,0,
0,0,32766,19349,0,
0,0,32766,19338,0,
0,0,32766,19339,0,
0,0,32766,19332,0,
0,0,32766,19350,0,
0,0,32766,19322,0,
0,0,32766,19337,0,
0,0,32766,19340,0,
0,0,32766,19332,0,
0,0,32766,19344,0,
0,0,32766,19341,0,
0,0,32766,19350,0,
0,0,32766,19332,0,
0,0,32766,19343,0,
0,0,32766,19337,0,
0,0,32766,19342,0,
0,0,32766,19343,0,
0,0,32766,19340,0,
0,0,32766,19341,0,
0,0,32766,19341,0,
0,0,32766,19335,0,
0,0,32766,19350,0,
0,0,32766,19342,0,
0,0,32766,19334,0,
0,0,32766,19343,0,
0,0,32766,19338,0,
0,0,32766,19360,0,
0,0,32766,19351,0,
0,0,32766,19354,0,
0,0,32766,19353,0,
0,0,32766,19357,0,
0,0,32766,19369,0,
0,0,32766,19363,0,
0,0,32766,19376,0,
0,0,32766,19362,0,
0,0,32766,19361,0,
0,0,32766,19366,0,
0,0,32766,19358,0,
0,0,32766,19368,0,
0,0,32766,19360,0,
0,0,32766,19376,0,
0,0,32766,19377,0,
0,0,32766,19375,0,
0,0,32766,19376,0,
0,0,32766,19380,0,
0,0,32766,19381,0,
0,0,32766,19371,0,
0,0,32766,19364,0,
0,0,32766,19373,0,
0,0,32766,19370,0,
0,0,32766,19370,0,
0,0,32766,19364,0,
0,0,32766,19364,0,
0,0,32766,19356,0,
0,0,32766,19353,0,
0,0,32766,19357,0,
0,0,32766,19342,0,
0,0,32766,19353,0,
0,0,32766,19338,0,
0,0,32766,19354,0,
0,0,32766,19349,0,
0,0,32766,19345,0,
0,0,32766,19360,0,
0,0,32766,19363,0,
0,0,32766,19364,0,
0,0,32766,19359,0,
0,0,32766,19356,0,
0,0,32766,19340,0,
0,0,32766,19341,0,
0,0,32766,19333,0,
0,0,32766,19333,0,
0,0,32766,19339,0,
0,0,32766,19346,0,
0,0,32766,19351,0,
0,0,32766,19354,0,
0,0,32766,19347,0,
0,0,32766,19344,0,
0,0,32766,19353,0,
0,0,32766,19352,0,
0,0,32766,19354,0,
0,0,32766,19356,0,
0,0,32766,19355,0,
0,0,32766,19349,0,
0,0,32766,19344,0,
0,0,32766,19349,0,
0,0,32766,19347,0,
0,0,32766,19351,0,
0,0,32766,19342,0,
0,0,32766,19344,0,
0,0,32766,19339,0,
0,0,32766,19327,0,
0,0,32766,19328,0,
0,0,32766,19325,0,
0,0,32766,19320,0,
0,0,32766,19325,0,
0,0,32766,19336,0,
0,0,32766,19317,0,
0,0,32766,19321,0,
0,0,32766,19321,0,
0,0,32766,19319,0,
0,0,32766,19308,0,
0,0,32766,19302,0,
0,0,32766,19297,0,
0,0,32766,19293,0,
0,0,32766,19295,0,
0,0,32766,19283,0,
0,0,32766,19280,0,
0,0,32766,19281,0,
0,0,32766,19277,0,
0,0,32766,19274,0,
0,0,32766,19263,0,
0,0,32766,19272,0,
0,0,32766,19267,0,
0,0,32766,19272,0,
0,0,32766,19269,0,
0,0,32766,19274,0,
0,0,32766,19284,0,
0,0,32766,19293,0,
0,0,32766,19308,0,
0,0,32766,19313,0,
0,0,32766,19318,0,
0,0,32766,19315,0,
0,0,32766,19301,0,
0,0,32766,19294,0,
0,0,32766,19277,0,
0,0,32766,19268,0,
0,0,32766,19258,0,
0,0,32766,19246,0,
0,0,32766,19244,0,
0,0,32766,19239,0,
0,0,32766,19242,0,
0,0,32766,19242,0,
0,0,32766,19261,0,
0,0,32766,19263,0,
0,0,32766,19261,0,
0,0,32766,19260,0,
0,0,32766,19247,0,
0,0,32766,19238,0,
0,0,32766,19233,0,
0,0,32766,19224,0,
0,0,32766,19218,0,
0,0,32766,19217,0,
0,0,32766,19205,0,
0,0,32766,19205,0,
0,0,32766,19206,0,
0,0,32766,19199,0,
0,0,32766,19178,0,
0,0,32766,19175,0,
0,0,32766,19164,0,
0,0,32766,19169,0,
0,0,32766,19181,0,
0,0,32766,19217,0,
0,0,32766,19233,0,
0,0,32766,19251,0,
0,0,32766,19266,0,
0,0,32766,19253,0,
0,0,32766,19249,0,
0,0,32766,19241,0,
0,0,32766,19216,0,
0,0,32766,19193,0,
0,0,32766,19171,0,
0,0,32766,19157,0,
0,0,32766,19157,0,
0,0,32766,19150,0,
0,0,32766,19146,0,
0,0,32766,19129,0,
0,0,32766,19128,0,
0,0,32766,19135,0,
0,0,32766,19104,0,
0,0,32766,19089,0,
0,0,32766,19101,0,
0,0,32766,19106,0,
0,0,32766,19106,0,
0,0,32766,19116,0,
0,0,32766,19130,0,
0,0,32766,19149,0,
0,0,32766,19181,0,
0,0,32766,19234,0,
0,0,32766,19270,0,
0,0,32766,19310,0,
0,0,32766,19350,0,
0,0,32766,19400,0,
0,0,32766,19427,0,
0,0,32766,19419,0,
0,0,32766,19401,0,
0,0,32766,19390,0,
0,0,32766,19368,0,
0,0,32766,19336,0,
0,0,32766,19321,0,
0,0,32766,19315,0,
0,0,32766,19328,0,
0,0,32766,19340,0,
0,0,32766,19347,0,
0,0,32766,19347,0,
0,0,32766,19339,0,
0,0,32766,19364,0,
0,0,32766,19387,0,
0,0,32766,19395,0,
0,0,32766,19399,0,
0,0,32766,19413,0,
0,0,32766,19396,0,
0,0,32766,19380,0,
0,0,32766,19352,0,
0,0,32766,19326,0,
0,0,32766,19287,0,
0,0,32766,19260,0,
0,0,32766,19231,0,
0,0,32766,19230,0,
0,0,32766,19222,0,
0,0,32766,19220,0,
0,0,32766,19217,0,
0,0,32766,19210,0,
0,0,32766,19207,0,
0,0,32766,19192,0,
0,0,32766,19180,0,
0,0,32766,19180,0,
0,0,32766,19171,0,
0,0,32766,19162,0,
0,0,32766,19171,0,
0,0,32766,19165,0,
0,0,32766,19174,0,
0,0,32766,19177,0,
0,0,32766,19183,0,
0,0,32766,19200,0,
0,0,32766,19216,0,
0,0,32766,19217,0,
0,0,32766,19216,0,
0,0,32766,19220,0,
0,0,32766,19225,0,
0,0,32766,19211,0,
0,0,32766,19213,0,
0,0,32766,19205,0,
0,0,32766,19189,0,
0,0,32766,19175,0,
0,0,32766,19166,0,
0,0,32766,19150,0,
0,0,32766,19162,0,
0,0,32766,19162,0,
0,0,32766,19154,0,
0,0,32766,19158,0,
0,0,32766,19157,0,
0,0,32766,19158,0,
0,0,32766,19148,0,
0,0,32766,19138,0,
0,0,32766,19143,0,
0,0,32766,19124,0,
0,0,32766,19100,0,
0,0,32766,19102,0,
0,0,32766,19096,0,
0,0,32766,19088,0,
0,0,32766,19088,0,
0,0,32766,19083,0,
0,0,32766,19083,0,
0,0,32766,19074,0,
0,0,32766,19053,0,
0,0,32766,19046,0,
0,0,32766,19038,0,
0,0,32766,19077,0,
0,0,32766,19078,0,
0,0,32766,19115,0,
0,0,32766,19156,0,
0,0,32766,19208,0,
0,0,32766,19251,0,
0,0,32766,19298,0,
0,0,32766,19332,0,
0,0,32766,19375,0,
0,0,32766,19394,0,
0,0,32766,19394,0,
0,0,32766,19419,0,
0,0,32766,19444,0,
0,0,32766,19465,0,
0,0,32766,19473,0,
0,0,32766,19479,0,
0,0,32766,19489,0,
0,0,32766,19494,0,
0,0,32766,19507,0,
0,0,32766,19520,0,
0,0,32766,19537,0,
0,0,32766,19543,0,
0,0,32766,19529,0,
0,0,32766,19528,0,
0,0,32766,19518,0,
0,0,32766,19531,0,
0,0,32766,19519,0,
0,0,32766,19514,0,
0,0,32766,19518,0,
0,0,32766,19538,0,
0,0,32766,19562,0,
0,0,32766,19571,0,
0,0,32766,19577,0,
0,0,32766,19591,0,
0,0,32766,19598,0,
0,0,32766,19605,0,
0,0,32766,19591,0,
0,0,32766,19582,0,
0,0,32766,19572,0,
0,0,32766,19562,0,
0,0,32766,19564,0,
0,0,32766,19558,0,
0,0,32766,19556,0,
0,0,32766,19539,0,
0,0,32766,19542,0,
0,0,32766,19541,0,
0,0,32766,19529,0,
0,0,32766,19537,0,
0,0,32766,19523,0,
0,0,32766,19516,0,
0,0,32766,19516,0,
0,0,32766,19519,0,
0,0,32766,19507,0,
0,0,32766,19494,0,
0,0,32766,19482,0,
0,0,32766,19474,0,
0,0,32766,19461,0,
0,0,32766,19451,0,
0,0,32766,19428,0,
0,0,32766,19391,0,
0,0,32766,19375,0,
0,0,32766,19358,0,
0,0,32766,19327,0,
0,0,32766,19291,0,
0,0,32766,19285,0,
0,0,32766,19259,0,
0,0,32766,19243,0,
0,0,32766,19216,0,
0,0,32766,19207,0,
0,0,32766,19195,0,
0,0,32766,19202,0,
0,0,32766,19199,0,
0,0,32766,19206,0,
0,0,32766,19220,0,
0,0,32766,19226,0,
0,0,32766,19223,0,
0,0,32766,19226,0,
0,0,32766,19238,0,
0,0,32766,19237,0,
0,0,32766,19237,0,
0,0,32766,19234,0,
0,0,32766,19244,0,
0,0,32766,19239,0,
0,0,32766,19247,0,
0,0,32766,19246,0,
0,0,32766,19236,0,
0,0,32766,19244,0,
0,0,32766,19251,0,
0,0,32766,19253,0,
0,0,32766,19240,0,
0,0,32766,19239,0,
0,0,32766,19244,0,
0,0,32766,19238,0,
0,0,32766,19248,0,
0,0,32766,19234,0,
0,0,32766,19237,0,
0,0,32766,19238,0,
0,0,32766,19244,0,
0,0,32766,19226,0,
0,0,32766,19226,0,
0,0,32766,19226,0,
0,0,32766,19226,0,
0,0,32766,19228,0,
0,0,32766,19228,0,
0,0,32766,19235,0,
0,0,32766,19232,0,
0,0,32766,19223,0,
0,0,32766,19227,0,
0,0,32766,19238,0,
0,0,32766,19232,0,
0,0,32766,19229,0,
0,0,32766,19242,0,
0,0,32766,19224,0,
0,0,32766,19228,0,
0,0,32766,19225,0,
0,0,32766,19228,0,
0,0,32766,19213,0,
0,0,32766,19217,0,
0,0,32766,19216,0,
0,0,32766,19214,0,
0,0,32766,19222,0,
0,0,32766,19207,0,
0,0,32766,19203,0,
0,0,32766,19201,0,
0,0,32766,19195,0,
0,0,32766,19204,0,
0,0,32766,19204,0,
0,0,32766,19191,0,
0,0,32766,19199,0,
0,0,32766,19192,0,
0,0,32766,19194,0,
0,0,32766,19188,0,
0,0,32766,19176,0,
0,0,32766,19164,0,
0,0,32766,19160,0,
0,0,32766,19149,0,
0,0,32766,19161,0,
0,0,32766,19159,0,
0,0,32766,19174,0,
0,0,32766,19172,0,
0,0,32766,19192,0,
0,0,32766,19179,0,
0,0,32766,19183,0,
0,0,32766,19184,0,
0,0,32766,19182,0,
0,0,32766,19185,0,
0,0,32766,19186,0,
0,0,32766,19189,0,
0,0,32766,19193,0,
0,0,32766,19210,0,
0,0,32766,19217,0,
0,0,32766,19254,0,
0,0,32766,19302,0,
0,0,32766,19331,0,
0,0,32766,19421,0,
0,0,32766,19450,0,
0,0,32766,19431,0,
0,0,32766,19429,0,
0,0,32766,19404,0,
0,0,32766,19399,0,
0,0,32766,19385,0,
0,0,32766,19383,0,
0,0,32766,19410,0,
0,0,32766,19417,0,
0,0,32766,19431,0,
0,0,32766,19419,0,
0,0,32766,19415,0,
0,0,32766,19381,0,
0,0,32766,19368,0,
0,0,32766,19346,0,
0,0,32766,19289,0,
0,0,32766,19237,0,
0,0,32766,19190,0,
0,0,32766,19141,0,
0,0,32766,19111,0,
0,0,32766,19086,0,
0,0,32766,19066,0,
0,0,32766,19044,0,
0,0,32766,19017,0,
0,0,32766,18985,0,
0,0,32766,18988,0,
0,0,32766,18954,0,
0,0,32766,18946,0,
0,0,32766,18920,0,
0,0,32766,18892,0,
0,0,32766,18875,0,
0,0,32766,18860,0,
0,0,32766,18839,0,
0,0,32766,18828,0,
0,0,32766,18810,0,
0,0,32766,18792,0,
0,0,32766,18800,0,
0,0,32766,18784,0,
0,0,32766,18788,0,
0,0,32766,18795,0,
0,0,32766,18786,0,
0,0,32766,18772,0,
0,0,32766,18797,0,
0,0,32766,18789,0,
0,0,32766,18788,0,
0,0,32766,18804,0,
0,0,32766,18789,0,
0,0,32766,18798,0,
0,0,32766,18789,0,
0,0,32766,18782,0,
0,0,32766,18791,0,
0,0,32766,18782,0,
0,0,32766,18796,0,
0,0,32766,18792,0,
0,0,32766,18794,0,
0,0,32766,18815,0,
0,0,32766,18814,0,
0,0,32766,18812,0,
0,0,32766,18788,0,
0,0,32766,18769,0,
0,0,32766,18770,0,
0,0,32766,18748,0,
0,0,32766,18735,0,
0,0,32766,18749,0,
0,0,32766,18743,0,
0,0,32766,18756,0,
0,0,32766,18755,0,
0,0,32766,18780,0,
0,0,32766,18810,0,
0,0,32766,18818,0,
0,0,32766,18852,0,
0,0,32766,18869,0,
0,0,32766,18897,0,
0,0,32766,18907,0,
0,0,32766,18937,0,
0,0,32766,18947,0,
0,0,32766,18965,0,
0,0,32766,18974,0,
0,0,32766,18988,0,
0,0,32766,19003,0,
0,0,32766,19015,0,
0,0,32766,19041,0,
0,0,32766,19057,0,
0,0,32766,19088,0,
0,0,32766,19107,0,
0,0,32766,19132,0,
0,0,32766,19150,0,
0,0,32766,19164,0,
0,0,32766,19174,0,
0,0,32766,19168,0,
0,0,32766,19174,0,
0,0,32766,19191,0,
0,0,32766,19196,0,
0,0,32766,19203,0,
0,0,32766,19217,0,
0,0,32766,19209,0,
0,0,32766,19230,0,
0,0,32766,19231,0,
0,0,32766,19246,0,
0,0,32766,19250,0,
0,0,32766,19258,0,
0,0,32766,19275,0,
0,0,32766,19278,0,
0,0,32766,19298,0,
0,0,32766,19314,0,
0,0,32766,19343,0,
0,0,32766,19338,0,
0,0,32766,19369,0,
0,0,32766,19366,0,
0,0,32766,19399,0,
0,0,32766,19409,0,
0,0,32766,19428,0,
0,0,32766,19450,0,
0,0,32766,19452,0,
0,0,32766,19471,0,
0,0,32766,19491,0,
0,0,32766,19506,0,
0,0,32766,19520,0,
0,0,32766,19521,0,
0,0,32766,19545,0,
0,0,32766,19553,0,
0,0,32766,19567,0,
0,0,32766,19591,0,
0,0,32766,19587,0,
0,0,32766,19592,0,
0,0,32766,19604,0,
0,0,32766,19620,0,
0,0,32766,19623,0,
0,0,32766,19631,0,
0,0,32766,19650,0,
0,0,32766,19655,0,
0,0,32766,19655,0,
0,0,32766,19662,0,
0,0,32766,19677,0,
0,0,32766,19680,0,
0,0,32766,19679,0,
0,0,32766,19689,0,
0,0,32766,19687,0,
0,0,32766,19702,0,
0,0,32766,19716,0,
0,0,32766,19724,0,
0,0,32766,19733,0,
0,0,32766,19741,0,
0,0,32766,19750,0,
0,0,32766,19762,0,
0,0,32766,19758,0,
0,0,32766,19767,0,
0,0,32766,19756,0,
0,0,32766,19771,0,
0,0,32766,19777,0,
0,0,32766,19771,0,
0,0,32766,19782,0,
0,0,32766,19798,0,
0,0,32766,19811,0,
0,0,32766,19814,0,
0,0,32766,19829,0,
0,0,32766,19838,0,
0,0,32766,19836,0,
0,0,32766,19835,0,
0,0,32766,19847,0,
0,0,32766,19860,0,
0,0,32766,19860,0,
0,0,32766,19872,0,
0,0,32766,19866,0,
0,0,32766,19868,0,
0,0,32766,19872,0,
0,0,32766,19868,0,
0,0,32766,19862,0,
0,0,32766,19875,0,
0,0,32766,19889,0,
0,0,32766,19877,0,
0,0,32766,19886,0,
0,0,32766,19891,0,
0,0,32766,19899,0,
0,0,32766,19880,0,
0,0,32766,19890,0,
0,0,32766,19898,0,
0,0,32766,19905,0,
0,0,32766,19896,0,
0,0,32766,19911,0,
0,0,32766,19906,0,
0,0,32766,19901,0,
0,0,32766,19925,0,
0,0,32766,19910,0,
0,0,32766,19911,0,
0,0,32766,19932,0,
0,0,32766,19934,0,
0,0,32766,19938,0,
0,0,32766,19942,0,
0,0,32766,19942,0,
0,0,32766,19941,0,
0,0,32766,19940,0,
0,0,32766,19950,0,
0,0,32766,19957,0,
0,0,32766,19962,0,
0,0,32766,19972,0,
0,0,32766,19974,0,
0,0,32766,19984,0,
0,0,32766,19991,0,
0,0,32766,19995,0,
0,0,32766,19994,0,
0,0,32766,20008,0,
0,0,32766,20009,0,
0,0,32766,20018,0,
0,0,32766,20013,0,
0,0,32766,20020,0,
0,0,32766,20024,0,
0,0,32766,20019,0,
0,0,32766,20013,0,
0,0,32766,20022,0,
0,0,32766,20016,0,
0,0,32766,20025,0,
0,0,32766,20016,0,
0,0,32766,20021,0,
0,0,32766,20035,0,
0,0,32766,20037,0,
0,0,32766,20038,0,
0,0,32766,20045,0,
0,0,32766,20046,0,
0,0,32766,20048,0,
0,0,32766,20051,0,
0,0,32766,20055,0,
0,0,32766,20062,0,
0,0,32766,20054,0,
0,0,32766,20059,0,
0,0,32766,20065,0,
0,0,32766,20066,0,
0,0,32766,20064,0,
0,0,32766,20073,0,
0,0,32766,20078,0,
0,0,32766,20077,0,
0,0,32766,20077,0,
0,0,32766,20082,0,
0,0,32766,20078,0,
0,0,32766,20089,0,
0,0,32766,20087,0,
0,0,32766,20081,0,
0,0,32766,20086,0,
0,0,32766,20082,0,
0,0,32766,20098,0,
0,0,32766,20087,0,
0,0,32766,20086,0,
0,0,32766,20101,0,
0,0,32766,20097,0,
0,0,32766,20095,0,
0,0,32766,20095,0,
0,0,32766,20097,0,
0,0,32766,20102,0,
0,0,32766,20103,0,
0,0,32766,20109,0,
0,0,32766,20115,0,
0,0,32766,20111,0,
0,0,32766,20112,0,
0,0,32766,20112,0,
0,0,32766,20105,0,
0,0,32766,20108,0,
0,0,32766,20114,0,
0,0,32766,20110,0,
0,0,32766,20113,0,
0,0,32766,20112,0,
0,0,32766,20121,0,
0,0,32766,20123,0,
0,0,32766,20123,0,
0,0,32766,20142,0,
0,0,32766,20143,0,
0,0,32766,20140,0,
0,0,32766,20143,0,
0,0,32766,20140,0,
0,0,32766,20141,0,
0,0,32766,20139,0,
0,0,32766,20140,0,
0,0,32766,20136,0,
0,0,32766,20149,0,
0,0,32766,20143,0,
0,0,32766,20145,0,
0,0,32766,20152,0,
0,0,32766,20143,0,
0,0,32766,20145,0,
0,0,32766,20147,0,
0,0,32766,20146,0,
0,0,32766,20145,0,
0,0,32766,20141,0,
0,0,32766,20151,0,
0,0,32766,20151,0,
0,0,32766,20150,0,
0,0,32766,20149,0,
0,0,32766,20158,0,
0,0,32766,20144,0,
0,0,32766,20160,0,
0,0,32766,20141,0,
0,0,32766,20142,0,
0,0,32766,20157,0,
0,0,32766,20148,0,
0,0,32766,20147,0,
0,0,32766,20158,0,
0,0,32766,20155,0,
0,0,32766,20143,0,
0,0,32766,20147,0,
0,0,32766,20139,0,
0,0,32766,20136,0,
0,0,32766,20142,0,
0,0,32766,20144,0,
0,0,32766,20140,0,
0,0,32766,20145,0,
0,0,32766,20144,0,
0,0,32766,20135,0,
0,0,32766,20134,0,
0,0,32766,20141,0,
0,0,32766,20147,0,
0,0,32766,20141,0,
0,0,32766,20130,0,
0,0,32766,20141,0,
0,0,32766,20134,0,
0,0,32766,20136,0,
0,0,32766,20139,0,
0,0,32766,20127,0,
0,0,32766,20140,0,
0,0,32766,20118,0,
0,0,32766,20131,0,
0,0,32766,20121,0,
0,0,32766,20120,0,
0,0,32766,20122,0,
0,0,32766,20122,0,
0,0,32766,20114,0,
0,0,32766,20124,0,
0,0,32766,20123,0,
0,0,32766,20128,0,
0,0,32766,20114,0,
0,0,32766,20113,0,
0,0,32766,20114,0,
0,0,32766,20117,0,
0,0,32766,20112,0,
0,0,32766,20117,0,
0,0,32766,20119,0,
0,0,32766,20119,0,
0,0,32766,20116,0,
0,0,32766,20103,0,
0,0,32766,20115,0,
0,0,32766,20120,0,
0,0,32766,20119,0,
0,0,32766,20112,0,
0,0,32766,20132,0,
0,0,32766,20123,0,
0,0,32766,20120,0,
0,0,32766,20119,0,
0,0,32766,20125,0,
0,0,32766,20118,0,
0,0,32766,20114,0,
0,0,32766,20114,0,
0,0,32766,20111,0,
0,0,32766,20120,0,
0,0,32766,20116,0,
0,0,32766,20113,0,
0,0,32766,20123,0,
0,0,32766,20113,0,
0,0,32766,20113,0,
0,0,32766,20114,0,
0,0,32766,20124,0,
0,0,32766,20113,0,
0,0,32766,20113,0,
0,0,32766,20115,0,
0,0,32766,20099,0,
0,0,32766,20114,0,
0,0,32766,20119,0,
0,0,32766,20115,0,
0,0,32766,20110,0,
0,0,32766,20113,0,
0,0,32766,20121,0,
0,0,32766,20105,0,
0,0,32766,20118,0,
0,0,32766,20109,0,
0,0,32766,20105,0,
0,0,32766,20107,0,
0,0,32766,20109,0,
0,0,32766,20109,0,
0,0,32766,20100,0,
0,0,32766,20109,0,
0,0,32766,20120,0,
0,0,32766,20109,0,
0,0,32766,20109,0,
0,0,32766,20109,0,
0,0,32766,20110,0,
0,0,32766,20104,0,
0,0,32766,20106,0,
0,0,32766,20095,0,
0,0,32766,20101,0,
0,0,32766,20106,0,
0,0,32766,20106,0,
0,0,32766,20101,0,
0,0,32766,20114,0,
0,0,32766,20125,0,
0,0,32766,20126,0,
0,0,32766,20111,0,
0,0,32766,20116,0,
0,0,32766,20109,0,
0,0,32766,20103,0,
0,0,32766,20095,0,
0,0,32766,20098,0,
0,0,32766,20094,0,
0,0,32766,20090,0,
0,0,32766,20088,0,
0,0,32766,20089,0,
0,0,32766,20096,0,
0,0,32766,20097,0,
0,0,32766,20088,0,
0,0,32766,20074,0,
0,0,32766,20088,0,
0,0,32766,20086,0,
0,0,32766,20093,0,
0,0,32766,20089,0,
0,0,32766,20082,0,
0,0,32766,20080,0,
0,0,32766,20085,0,
0,0,32766,20083,0,
0,0,32766,20095,0,
0,0,32766,20076,0,
0,0,32766,20080,0,
0,0,32766,20098,0,
0,0,32766,20086,0,
0,0,32766,20092,0,
0,0,32766,20080,0,
0,0,32766,20092,0,
0,0,32766,20097,0,
0,0,32766,20095,0,
0,0,32766,20093,0,
0,0,32766,20086,0,
0,0,32766,20086,0,
0,0,32766,20090,0,
0,0,32766,20085,0,
0,0,32766,20087,0,
0,0,32766,20090,0,
0,0,32766,20083,0,
0,0,32766,20089,0,
0,0,32766,20089,0,
0,0,32766,20085,0,
0,0,32766,20096,0,
0,0,32766,20092,0,
0,0,32766,20093,0,
0,0,32766,20083,0,
0,0,32766,20085,0,
0,0,32766,20088,0,
0,0,32766,20093,0,
0,0,32766,20097,0,
0,0,32766,20093,0,
0,0,32766,20076,0,
0,0,32766,20080,0,
0,0,32766,20093,0,
0,0,32766,20091,0,
0,0,32766,20100,0,
0,0,32766,20103,0,
0,0,32766,20108,0,
0,0,32766,20106,0,
0,0,32766,20108,0,
0,0,32766,20106,0,
0,0,32766,20111,0,
0,0,32766,20102,0,
0,0,32766,20094,0,
0,0,32766,20098,0,
0,0,32766,20107,0,
0,0,32766,20089,0,
0,0,32766,20082,0,
0,0,32766,20079,0,
0,0,32766,20080,0,
0,0,32766,20082,0,
0,0,32766,20082,0,
0,0,32766,20087,0,
0,0,32766,20083,0,
0,0,32766,20078,0,
0,0,32766,20078,0,
0,0,32766,20067,0,
0,0,32766,20065,0,
0,0,32766,20063,0,
0,0,32766,20064,0,
0,0,32766,20055,0,
0,0,32766,20032,0,
0,0,32766,20005,0,
0,0,32766,19992,0,
0,0,32766,19977,0,
0,0,32766,19940,0,
0,0,32766,19911,0,
0,0,32766,19882,0,
0,0,32766,19851,0,
0,0,32766,19821,0,
0,0,32766,19788,0,
0,0,32766,19753,0,
0,0,32766,19698,0,
0,0,32766,19655,0,
0,0,32766,19613,0,
0,0,32766,19597,0,
0,0,32766,19574,0,
0,0,32766,19546,0,
0,0,32766,19519,0,
0,0,32766,19500,0,
0,0,32766,19498,0,
0,0,32766,19477,0,
0,0,32766,19467,0,
0,0,32766,19442,0,
0,0,32766,19429,0,
0,0,32766,19400,0,
0,0,32766,19385,0,
0,0,32766,19360,0,
0,0,32766,19342,0,
0,0,32766,19321,0,
0,0,32766,19315,0,
0,0,32766,19306,0,
0,0,32766,19293,0,
0,0,32766,19299,0,
0,0,32766,19293,0,
0,0,32766,19298,0,
0,0,32766,19297,0,
0,0,32766,19279,0,
0,0,32766,19248,0,
0,0,32766,19228,0,
0,0,32766,19188,0,
0,0,32766,19146,0,
0,0,32766,19112,0,
0,0,32766,19087,0,
0,0,32766,19067,0,
0,0,32766,19048,0,
0,0,32766,19039,0,
0,0,32766,19027,0,
0,0,32766,19017,0,
0,0,32766,19006,0,
0,0,32766,18989,0,
0,0,32766,18989,0,
0,0,32766,18989,0,
0,0,32766,18972,0,
0,0,32766,18969,0,
0,0,32766,18959,0,
0,0,32766,18952,0,
0,0,32766,18929,0,
0,0,32766,18905,0,
0,0,32766,18882,0,
0,0,32766,18890,0,
0,0,32766,18883,0,
0,0,32766,18896,0,
0,0,32766,18929,0,
0,0,32766,18923,0,
0,0,32766,18935,0,
0,0,32766,18951,0,
0,0,32766,18948,0,
0,0,32766,18960,0,
0,0,32766,18977,0,
0,0,32766,18995,0,
0,0,32766,19020,0,
0,0,32766,19012,0,
0,0,32766,19022,0,
0,0,32766,19028,0,
0,0,32766,19036,0,
0,0,32766,19025,0,
0,0,32766,19034,0,
0,0,32766,19052,0,
0,0,32766,19042,0,
0,0,32766,19030,0,
0,0,32766,19024,0,
0,0,32766,19006,0,
0,0,32766,19000,0,
0,0,32766,18985,0,
0,0,32766,18986,0,
0,0,32766,18979,0,
0,0,32766,18953,0,
0,0,32766,18918,0,
0,0,32766,18878,0,
0,0,32766,18871,0,
0,0,32766,18876,0,
0,0,32766,18862,0,
0,0,32766,18843,0,
0,0,32766,18848,0,
0,0,32766,18858,0,
0,0,32766,18872,0,
0,0,32766,18910,0,
0,0,32766,18927,0,
0,0,32766,18991,0,
0,0,32766,19158,0,
0,0,32766,19200,0,
0,0,32766,19194,0,
0,0,32766,19215,0,
0,0,32766,19238,0,
0,0,32766,19253,0,
0,0,32766,19252,0,
0,0,32766,19273,0,
0,0,32766,19316,0,
0,0,32766,19348,0,
0,0,32766,19377,0,
0,0,32766,19393,0,
0,0,32766,19384,0,
0,0,32766,19382,0,
0,0,32766,19368,0,
0,0,32766,19373,0,
0,0,32766,19367,0,
0,0,32766,19377,0,
0,0,32766,19392,0,
0,0,32766,19395,0,
0,0,32766,19411,0,
0,0,32766,19430,0,
0,0,32766,19431,0,
0,0,32766,19453,0,
0,0,32766,19471,0,
0,0,32766,19489,0,
0,0,32766,19520,0,
0,0,32766,19548,0,
0,0,32766,19569,0,
0,0,32766,19596,0,
0,0,32766,19597,0,
0,0,32766,19636,0,
0,0,32766,19651,0,
0,0,32766,19677,0,
0,0,32766,19726,0,
0,0,32766,19738,0,
0,0,32766,19762,0,
0,0,32766,19779,0,
0,0,32766,19792,0,
0,0,32766,19822,0,
0,0,32766,19834,0,
0,0,32766,19846,0,
0,0,32766,19852,0,
0,0,32766,19835,0,
0,0,32766,19855,0,
0,0,32766,19863,0,
0,0,32766,19878,0,
0,0,32766,19882,0,
0,0,32766,19859,0,
0,0,32766,19824,0,
0,0,32766,19819,0,
0,0,32766,19837,0,
0,0,32766,19853,0,
0,0,32766,19846,0,
0,0,32766,19829,0,
0,0,32766,19829,0,
0,0,32766,19833,0,
0,0,32766,19831,0,
0,0,32766,19821,0,
0,0,32766,19810,0,
0,0,32766,19818,0,
0,0,32766,19841,0,
0,0,32766,19868,0,
0,0,32766,19902,0,
0,0,32766,19927,0,
0,0,32766,19940,0,
0,0,32766,19958,0,
0,0,32766,19969,0,
0,0,32766,19961,0,
0,0,32766,19955,0,
0,0,32766,19957,0,
0,0,32766,19952,0,
0,0,32766,19962,0,
0,0,32766,19975,0,
0,0,32766,19969,0,
0,0,32766,19942,0,
0,0,32766,19921,0,
0,0,32766,19891,0,
0,0,32766,19873,0,
0,0,32766,19880,0,
0,0,32766,19896,0,
0,0,32766,19909,0,
0,0,32766,19952,0,
0,0,32766,19980,0,
0,0,32766,19995,0,
0,0,32766,20017,0,
0,0,32766,20007,0,
0,0,32766,19989,0,
0,0,32766,19931,0,
0,0,32766,19914,0,
0,0,32766,19921,0,
0,0,32766,19936,0,
0,0,32766,19945,0,
0,0,32766,19943,0,
0,0,32766,19961,0,
0,0,32766,19950,0,
0,0,32766,19938,0,
0,0,32766,19934,0,
0,0,32766,19906,0,
0,0,32766,19900,0,
0,0,32766,19884,0,
0,0,32766,19884,0,
0,0,32766,19877,0,
0,0,32766,19859,0,
0,0,32766,19832,0,
0,0,32766,19823,0,
0,0,32766,19809,0,
0,0,32766,19808,0,
0,0,32766,19793,0,
0,0,32766,19789,0,
0,0,32766,19805,0,
0,0,32766,19796,0,
0,0,32766,19804,0,
0,0,32766,19825,0,
0,0,32766,19825,0,
0,0,32766,19840,0,
0,0,32766,19837,0,
0,0,32766,19827,0,
0,0,32766,19838,0,
0,0,32766,19839,0,
0,0,32766,19822,0,
0,0,32766,19815,0,
0,0,32766,19789,0,
0,0,32766,19770,0,
0,0,32766,19741,0,
0,0,32766,19740,0,
0,0,32766,19717,0,
0,0,32766,19704,0,
0,0,32766,19700,0,
0,0,32766,19672,0,
0,0,32766,19657,0,
0,0,32766,19651,0,
0,0,32766,19631,0,
0,0,32766,19586,0,
0,0,32766,19554,0,
0,0,32766,19527,0,
0,0,32766,19507,0,
0,0,32766,19494,0,
0,0,32766,19475,0,
0,0,32766,19464,0,
0,0,32766,19466,0,
0,0,32766,19459,0,
0,0,32766,19444,0,
0,0,32766,19424,0,
0,0,32766,19362,0,
0,0,32766,19314,0,
0,0,32766,19258,0,
0,0,32766,19222,0,
0,0,32766,19209,0,
0,0,32766,19180,0,
0,0,32766,19172,0,
0,0,32766,19158,0,
0,0,32766,19132,0,
0,0,32766,19102,0,
0,0,32766,19073,0,
0,0,32766,19021,0,
0,0,32766,18971,0,
0,0,32766,18915,0,
0,0,32766,18869,0,
0,0,32766,18820,0,
0,0,32766,18772,0,
0,0,32766,18722,0,
0,0,32766,18663,0,
0,0,32766,18622,0,
0,0,32766,18550,0,
0,0,32766,18491,0,
0,0,32766,18439,0,
0,0,32766,18375,0,
0,0,32766,18318,0,
0,0,32766,18260,0,
0,0,32766,18211,0,
0,0,32766,18187,0,
0,0,32766,18154,0,
0,0,32766,18169,0,
0,0,32766,18225,0,
0,0,32766,18251,0,
0,0,32766,18308,0,
0,0,32766,18319,0,
0,0,32766,18277,0,
0,0,32766,18180,0,
0,0,32766,18138,0,
0,0,32766,18113,0,
0,0,32766,18064,0,
0,0,32766,17999,0,
0,0,32766,18005,0,
0,0,32766,18031,0,
0,0,32766,18078,0,
0,0,32766,18148,0,
0,0,32766,18158,0,
0,0,32766,18147,0,
0,0,32766,18099,0,
0,0,32766,18019,0,
0,0,32766,17972,0,
0,0,32766,17973,0,
0,0,32766,17994,0,
0,0,32766,18055,0,
0,0,32766,18137,0,
0,0,32766,18196,0,
0,0,32766,18217,0,
0,0,32766,18216,0,
0,0,32766,18247,0,
0,0,32766,18285,0,
0,0,32766,18342,0,
0,0,32766,18410,0,
0,0,32766,18469,0,
0,0,32766,18502,0,
0,0,32766,18559,0,
0,0,32766,18570,0,
0,0,32766,18558,0,
0,0,32766,18557,0,
0,0,32766,18542,0,
0,0,32766,18559,0,
0,0,32766,18566,0,
0,0,32766,18588,0,
0,0,32766,18600,0,
0,0,32766,18612,0,
0,0,32766,18632,0,
0,0,32766,18637,0,
0,0,32766,18619,0,
0,0,32766,18612,0,
0,0,32766,18613,0,
0,0,32766,18640,0,
0,0,32766,18687,0,
0,0,32766,18737,0,
0,0,32766,18764,0,
0,0,32766,18783,0,
0,0,32766,18797,0,
0,0,32766,18831,0,
0,0,32766,18831,0,
0,0,32766,18845,0,
0,0,32766,18845,0,
0,0,32766,18850,0,
0,0,32766,18849,0,
0,0,32766,18859,0,
0,0,32766,18846,0,
0,0,32766,18847,0,
0,0,32766,18875,0,
0,0,32766,18892,0,
0,0,32766,18919,0,
0,0,32766,18949,0,
0,0,32766,18965,0,
0,0,32766,18964,0,
0,0,32766,19017,0,
0,0,32766,19068,0,
0,0,32766,19126,0,
0,0,32766,19161,0,
0,0,32766,19185,0,
0,0,32766,19185,0,
0,0,32766,19162,0,
0,0,32766,19143,0,
0,0,32766,19106,0,
0,0,32766,19085,0,
0,0,32766,19083,0,
0,0,32766,19072,0,
0,0,32766,19071,0,
0,0,32766,19096,0,
0,0,32766,19118,0,
0,0,32766,19143,0,
0,0,32766,19177,0,
0,0,32766,19197,0,
0,0,32766,19232,0,
0,0,32766,19246,0,
0,0,32766,19271,0,
0,0,32766,19308,0,
0,0,32766,19339,0,
0,0,32766,19371,0,
0,0,32766,19413,0,
0,0,32766,19441,0,
0,0,32766,19469,0,
0,0,32766,19487,0,
0,0,32766,19510,0,
0,0,32766,19532,0,
0,0,32766,19552,0,
0,0,32766,19564,0,
0,0,32766,19568,0,
0,0,32766,19577,0,
0,0,32766,19583,0,
0,0,32766,19574,0,
0,0,32766,19590,0,
0,0,32766,19616,0,
0,0,32766,19625,0,
0,0,32766,19636,0,
0,0,32766,19640,0,
0,0,32766,19652,0,
0,0,32766,19659,0,
0,0,32766,19665,0,
0,0,32766,19672,0,
0,0,32766,19685,0,
0,0,32766,19694,0,
0,0,32766,19704,0,
0,0,32766,19709,0,
0,0,32766,19702,0,
0,0,32766,19729,0,
0,0,32766,19728,0,
0,0,32766,19730,0,
0,0,32766,19752,0,
0,0,32766,19745,0,
0,0,32766,19755,0,
0,0,32766,19756,0,
0,0,32766,19754,0,
0,0,32766,19767,0,
0,0,32766,19770,0,
0,0,32766,19781,0,
0,0,32766,19780,0,
0,0,32766,19785,0,
0,0,32766,19783,0,
0,0,32766,19786,0,
0,0,32766,19771,0,
0,0,32766,19777,0,
0,0,32766,19776,0,
0,0,32766,19767,0,
0,0,32766,19774,0,
0,0,32766,19777,0,
0,0,32766,19780,0,
0,0,32766,19762,0,
0,0,32766,19758,0,
0,0,32766,19766,0,
0,0,32766,19760,0,
0,0,32766,19756,0,
0,0,32766,19764,0,
0,0,32766,19763,0,
0,0,32766,19748,0,
0,0,32766,19754,0,
0,0,32766,19745,0,
0,0,32766,19736,0,
0,0,32766,19742,0,
0,0,32766,19729,0,
0,0,32766,19731,0,
0,0,32766,19741,0,
0,0,32766,19737,0,
0,0,32766,19730,0,
0,0,32766,19735,0,
0,0,32766,19719,0,
0,0,32766,19723,0,
0,0,32766,19715,0,
0,0,32766,19713,0,
0,0,32766,19706,0,
0,0,32766,19716,0,
0,0,32766,19717,0,
0,0,32766,19711,0,
0,0,32766,19716,0,
0,0,32766,19717,0,
0,0,32766,19725,0,
0,0,32766,19722,0,
0,0,32766,19730,0,
0,0,32766,19729,0,
0,0,32766,19729,0,
0,0,32766,19741,0,
0,0,32766,19737,0,
0,0,32766,19732,0,
0,0,32766,19737,0,
0,0,32766,19748,0,
0,0,32766,19746,0,
0,0,32766,19749,0,
0,0,32766,19747,0,
0,0,32766,19750,0,
0,0,32766,19747,0,
0,0,32766,19742,0,
0,0,32766,19742,0,
0,0,32766,19741,0,
0,0,32766,19741,0,
0,0,32766,19732,0,
0,0,32766,19732,0,
0,0,32766,19729,0,
0,0,32766,19716,0,
0,0,32766,19723,0,
0,0,32766,19714,0,
0,0,32766,19710,0,
0,0,32766,19704,0,
0,0,32766,19702,0,
0,0,32766,19697,0,
0,0,32766,19693,0,
0,0,32766,19687,0,
0,0,32766,19691,0,
0,0,32766,19688,0,
0,0,32766,19698,0,
0,0,32766,19691,0,
0,0,32766,19692,0,
0,0,32766,19687,0,
0,0,32766,19700,0,
0,0,32766,19697,0,
0,0,32766,19701,0,
0,0,32766,19714,0,
0,0,32766,19706,0,
0,0,32766,19706,0,
0,0,32766,19708,0,
0,0,32766,19702,0,
0,0,32766,19705,0,
0,0,32766,19704,0,
0,0,32766,19701,0,
0,0,32766,19705,0,
0,0,32766,19704,0,
0,0,32766,19692,0,
0,0,32766,19703,0,
0,0,32766,19695,0,
0,0,32766,19708,0,
0,0,32766,19694,0,
0,0,32766,19709,0,
0,0,32766,19696,0,
0,0,32766,19697,0,
0,0,32766,19705,0,
0,0,32766,19699,0,
0,0,32766,19699,0,
0,0,32766,19709,0,
0,0,32766,19712,0,
0,0,32766,19706,0,
0,0,32766,19708,0,
0,0,32766,19723,0,
0,0,32766,19710,0,
0,0,32766,19710,0,
0,0,32766,19716,0,
0,0,32766,19722,0,
0,0,32766,19712,0,
0,0,32766,19715,0,
0,0,32766,19719,0,
0,0,32766,19713,0,
0,0,32766,19720,0,
0,0,32766,19715,0,
0,0,32766,19723,0,
0,0,32766,19724,0,
0,0,32766,19718,0,
0,0,32766,19724,0,
0,0,32766,19716,0,
0,0,32766,19723,0,
0,0,32766,19717,0,
0,0,32766,19711,0,
0,0,32766,19724,0,
0,0,32766,19722,0,
0,0,32766,19718,0,
0,0,32766,19712,0,
0,0,32766,19715,0,
0,0,32766,19707,0,
0,0,32766,19708,0,
0,0,32766,19713,0,
0,0,32766,19708,0,
0,0,32766,19708,0,
0,0,32766,19717,0,
0,0,32766,19708,0,
0,0,32766,19705,0,
0,0,32766,19703,0,
0,0,32766,19707,0,
0,0,32766,19704,0,
0,0,32766,19710,0,
0,0,32766,19708,0,
0,0,32766,19703,0,
0,0,32766,19704,0,
0,0,32766,19703,0,
0,0,32766,19706,0,
0,0,32766,19701,0,
0,0,32766,19701,0,
0,0,32766,19694,0,
0,0,32766,19706,0,
0,0,32766,19699,0,
0,0,32766,19698,0,
0,0,32766,19699,0,
0,0,32766,19706,0,
0,0,32766,19693,0,
0,0,32766,19706,0,
0,0,32766,19711,0,
0,0,32766,19708,0,
0,0,32766,19701,0,
0,0,32766,19712,0,
0,0,32766,19711,0,
0,0,32766,19708,0,
0,0,32766,19710,0,
0,0,32766,19718,0,
0,0,32766,19716,0,
0,0,32766,19714,0,
0,0,32766,19711,0,
0,0,32766,19718,0,
0,0,32766,19711,0,
0,0,32766,19712,0,
0,0,32766,19718,0,
0,0,32766,19721,0,
0,0,32766,19718,0,
0,0,32766,19713,0,
0,0,32766,19718,0,
0,0,32766,19717,0,
0,0,32766,19711,0,
0,0,32766,19707,0,
0,0,32766,19715,0,
0,0,32766,19735,0,
0,0,32766,19744,0,
0,0,32766,19729,0,
0,0,32766,19739,0,
0,0,32766,19723,0,
0,0,32766,19722,0,
0,0,32766,19724,0,
0,0,32766,19718,0,
0,0,32766,19713,0,
0,0,32766,19720,0,
0,0,32766,19722,0,
0,0,32766,19722,0,
0,0,32766,19733,0,
0,0,32766,19725,0,
0,0,32766,19727,0,
0,0,32766,19717,0,
0,0,32766,19720,0,
0,0,32766,19712,0,
0,0,32766,19721,0,
0,0,32766,19716,0,
0,0,32766,19735,0,
0,0,32766,19739,0,
0,0,32766,19735,0,
0,0,32766,19739,0,
0,0,32766,19731,0,
0,0,32766,19739,0,
0,0,32766,19729,0,
0,0,32766,19731,0,
0,0,32766,19725,0,
0,0,32766,19719,0,
0,0,32766,19715,0,
0,0,32766,19720,0,
0,0,32766,19718,0,
0,0,32766,19707,0,
0,0,32766,19712,0,
0,0,32766,19714,0,
0,0,32766,19717,0,
0,0,32766,19719,0,
0,0,32766,19728,0,
0,0,32766,19731,0,
0,0,32766,19740,0,
0,0,32766,19726,0,
0,0,32766,19721,0,
0,0,32766,19721,0,
0,0,32766,19721,0,
0,0,32766,19724,0,
0,0,32766,19732,0,
0,0,32766,19723,0,
0,0,32766,19719,0,
0,0,32766,19724,0,
0,0,32766,19713,0,
0,0,32766,19711,0,
0,0,32766,19707,0,
0,0,32766,19718,0,
0,0,32766,19723,0,
0,0,32766,19730,0,
0,0,32766,19722,0,
0,0,32766,19734,0,
0,0,32766,19726,0,
0,0,32766,19716,0,
0,0,32766,19728,0,
0,0,32766,19727,0,
0,0,32766,19728,0,
0,0,32766,19742,0,
0,0,32766,19764,0,
0,0,32766,19777,0,
0,0,32766,19781,0,
0,0,32766,19774,0,
0,0,32766,19791,0,
0,0,32766,19791,0,
0,0,32766,19775,0,
0,0,32766,19782,0,
0,0,32766,19782,0,
0,0,32766,19796,0,
0,0,32766,19804,0,
0,0,32766,19787,0,
0,0,32766,19784,0,
0,0,32766,19782,0,
0,0,32766,19800,0,
0,0,32766,19796,0,
0,0,32766,19809,0,
0,0,32766,19802,0,
0,0,32766,19802,0,
0,0,32766,19799,0,
0,0,32766,19807,0,
0,0,32766,19820,0,
0,0,32766,19822,0,
0,0,32766,19819,0,
0,0,32766,19821,0,
0,0,32766,19814,0,
0,0,32766,19816,0,
0,0,32766,19813,0,
0,0,32766,19813,0,
0,0,32766,19818,0,
0,0,32766,19819,0,
0,0,32766,19826,0,
0,0,32766,19823,0,
0,0,32766,19821,0,
0,0,32766,19828,0,
0,0,32766,19834,0,
0,0,32766,19839,0,
0,0,32766,19839,0,
0,0,32766,19843,0,
0,0,32766,19843,0,
0,0,32766,19840,0,
0,0,32766,19835,0,
0,0,32766,19835,0,
0,0,32766,19843,0,
0,0,32766,19844,0,
0,0,32766,19842,0,
0,0,32766,19855,0,
0,0,32766,19846,0,
0,0,32766,19858,0,
0,0,32766,19855,0,
0,0,32766,19852,0,
0,0,32766,19860,0,
0,0,32766,19873,0,
0,0,32766,19870,0,
0,0,32766,19868,0,
0,0,32766,19859,0,
0,0,32766,19861,0,
0,0,32766,19869,0,
0,0,32766,19864,0,
0,0,32766,19860,0,
0,0,32766,19861,0,
0,0,32766,19863,0,
0,0,32766,19862,0,
0,0,32766,19859,0,
0,0,32766,19858,0,
0,0,32766,19858,0,
0,0,32766,19848,0,
0,0,32766,19856,0,
0,0,32766,19857,0,
0,0,32766,19851,0,
0,0,32766,19849,0,
0,0,32766,19860,0,
0,0,32766,19843,0,
0,0,32766,19843,0,
0,0,32766,19826,0,
0,0,32766,19836,0,
0,0,32766,19828,0,
0,0,32766,19824,0,
0,0,32766,19841,0,
0,0,32766,19838,0,
0,0,32766,19838,0,
0,0,32766,19842,0,
0,0,32766,19824,0,
0,0,32766,19828,0,
0,0,32766,19821,0,
0,0,32766,19815,0,
0,0,32766,19807,0,
0,0,32766,19798,0,
0,0,32766,19798,0,
0,0,32766,19783,0,
0,0,32766,19793,0,
0,0,32766,19808,0,
0,0,32766,19829,0,
0,0,32766,19837,0,
0,0,32766,19845,0,
0,0,32766,19828,0,
0,0,32766,19791,0,
0,0,32766,19705,0,
0,0,32766,19620,0,
0,0,32766,19503,0,
0,0,32766,19371,0,
0,0,32766,19240,0,
0,0,32766,19078,0,
0,0,32766,18841,0,
0,0,32766,18424,0,
0,0,32766,17925,0,
0,0,32766,17708,0,
0,0,32766,17550,0,
0,0,32766,17410,0,
0,0,32766,17251,0,
0,0,32766,17115,0,
0,0,32766,16977,0,
0,0,32766,16785,0,
0,0,32766,16620,0,
0,0,32766,16718,0,
0,0,32766,16705,0,
0,0,32766,16674,0,
0,0,32766,16688,0,
0,0,32766,16736,0,
0,0,32766,16768,0,
0,0,32766,16738,0,
0,0,32766,16734,0,
0,0,32766,16720,0,
0,0,32766,16743,0,
0,0,32766,16773,0,
0,0,32766,16720,0,
0,0,32766,16658,0,
0,0,32766,16606,0,
0,0,32766,16515,0,
0,0,32766,16498,0,
0,0,32766,16580,0,
0,0,32766,16546,0,
0,0,32766,16591,0,
0,0,32766,16686,0,
0,0,32766,16853,0,
0,0,32766,17128,0,
0,0,32766,17368,0,
0,0,32766,17556,0,
0,0,32766,17802,0,
0,0,32766,18062,0,
0,0,32766,18247,0,
0,0,32766,18414,0,
0,0,32766,18421,0,
0,0,32766,18527,0,
0,0,32766,18443,0,
0,0,32766,18263,0,
0,0,32766,18245,0,
0,0,32766,18192,0,
0,0,32766,18119,0,
0,0,32766,18114,0,
0,0,32766,18157,0,
0,0,32766,18172,0,
0,0,32766,18160,0,
0,0,32766,18196,0,
0,0,32766,18225,0,
0,0,32766,18209,0,
0,0,32766,18150,0,
0,0,32766,18026,0,
0,0,32766,17814,0,
0,0,32766,17596,0,
0,0,32766,17396,0,
0,0,32766,17252,0,
0,0,32766,17169,0,
0,0,32766,17090,0,
0,0,32766,17060,0,
0,0,32766,17033,0,
0,0,32766,16840,0,
0,0,32766,16806,0,
0,0,32766,16724,0,
0,0,32766,16721,0,
0,0,32766,16700,0,
0,0,32766,16751,0,
0,0,32766,16943,0,
0,0,32766,17215,0,
0,0,32766,17454,0,
0,0,32766,17632,0,
0,0,32766,17756,0,
0,0,32766,17869,0,
0,0,32766,17928,0,
0,0,32766,17947,0,
0,0,32766,17987,0,
0,0,32766,17984,0,
0,0,32766,18030,0,
0,0,32766,18060,0,
0,0,32766,18074,0,
0,0,32766,18063,0,
0,0,32766,18078,0,
0,0,32766,17994,0,
0,0,32766,17910,0,
0,0,32766,17795,0,
0,0,32766,17648,0,
0,0,32766,17478,0,
0,0,32766,17332,0,
0,0,32766,17245,0,
0,0,32766,17154,0,
0,0,32766,17028,0,
0,0,32766,16879,0,
0,0,32766,16758,0,
0,0,32766,16669,0,
0,0,32766,16593,0,
0,0,32766,16505,0,
0,0,32766,16437,0,
0,0,32766,16370,0,
0,0,32766,16272,0,
0,0,32766,16129,0,
0,0,32766,16020,0,
0,0,32766,15955,0,
0,0,32766,15942,0,
0,0,32766,15959,0,
0,0,32766,16023,0,
0,0,32766,16131,0,
0,0,32766,16251,0,
0,0,32766,16356,0,
0,0,32766,16438,0,
0,0,32766,16619,0,
0,0,32766,16811,0,
0,0,32766,16971,0,
0,0,32766,17075,0,
0,0,32766,17088,0,
0,0,32766,17094,0,
0,0,32766,17084,0,
0,0,32766,17089,0,
0,0,32766,16954,0,
0,0,32766,16843,0,
0,0,32766,16733,0,
0,0,32766,16624,0,
0,0,32766,16514,0,
0,0,32766,16465,0,
0,0,32766,16508,0,
0,0,32766,16628,0,
0,0,32766,16784,0,
0,0,32766,16923,0,
0,0,32766,16993,0,
0,0,32766,17061,0,
0,0,32766,17058,0,
0,0,32766,17152,0,
0,0,32766,17223,0,
0,0,32766,17302,0,
0,0,32766,17381,0,
0,0,32766,17420,0,
0,0,32766,17405,0,
0,0,32766,17409,0,
0,0,32766,17480,0,
0,0,32766,17497,0,
0,0,32766,17454,0,
0,0,32766,17444,0,
0,0,32766,17338,0,
0,0,32766,17297,0,
0,0,32766,17308,0,
0,0,32766,17405,0,
0,0,32766,17588,0,
0,0,32766,17840,0,
0,0,32766,18206,0,
0,0,32766,18669,0,
0,0,32766,20000,0,
0,0,32766,20443,0,
0,0,32766,20752,0,
0,0,32766,20787,0,
0,0,32766,20727,0,
0,0,32766,20656,0,
0,0,32766,19849,0,
0,0,32766,17818,0,
0,0,32766,15464,0,
0,0,32766,13522,0,
0,0,32766,11951,0,
0,0,32766,10715,0,
0,0,32766,9651,0,
0,0,32766,8816,0,
0,0,32766,8114,0,
0,0,32766,7622,0,
0,0,32766,7299,0,
0,0,32766,7112,0,
0,0,32766,7018,0,
0,0,32766,6997,0,
0,0,32766,6995,0,
0,0,32766,7008,0,
0,0,32766,7023,0,
0,0,32766,7032,0,
0,0,32766,7023,0,
0,0,32766,6990,0,
0,0,32766,6946,0,
0,0,32766,6896,0,
0,0,32766,6832,0,
0,0,32766,6760,0,
0,0,32766,6700,0,
0,0,32766,6637,0,
0,0,32766,6583,0,
0,0,32766,6546,0,
0,0,32766,6514,0,
0,0,32766,6491,0,
0,0,32766,6474,0,
0,0,32766,6455,0,
0,0,32766,6454,0,
0,0,32766,6439,0,
0,0,32766,6422,0,
0,0,32766,6423,0,
0,0,32766,6418,0,
0,0,32766,6416,0,
0,0,32766,6432,0,
0,0,32766,6430,0,
0,0,32766,6429,0,
0,0,32766,6422,0,
0,0,32766,6430,0,
0,0,32766,6435,0,
0,0,32766,6448,0,
0,0,32766,6455,0,
0,0,32766,6462,0,
0,0,32766,6481,0,
0,0,32766,6517,0,
0,0,32766,6533,0,
0,0,32766,6558,0,
0,0,32766,6608,0,
0,0,32766,6618,0,
0,0,32766,6630,0,
0,0,32766,6656,0,
0,0,32766,6654,0,
0,0,32766,6674,0,
0,0,32766,6698,0,
0,0,32766,6726,0,
0,0,32766,6742,0,
0,0,32766,6758,0,
0,0,32766,6746,0,
0,0,32766,6726,0,
0,0,32766,6724,0,
0,0,32766,6713,0,
0,0,32766,6697,0,
0,0,32766,6691,0,
0,0,32766,6684,0,
0,0,32766,6670,0,
0,0,32766,6676,0,
0,0,32766,6656,0,
0,0,32766,6653,0,
0,0,32766,6654,0,
0,0,32766,6650,0,
0,0,32766,6678,0,
0,0,32766,6699,0,
0,0,32766,6727,0,
0,0,32766,6740,0,
0,0,32766,6751,0,
0,0,32766,6755,0,
0,0,32766,6753,0,
0,0,32766,6728,0,
0,0,32766,6703,0,
0,0,32766,6682,0,
0,0,32766,6655,0,
0,0,32766,6611,0,
0,0,32766,6590,0,
0,0,32766,6567,0,
0,0,32766,6534,0,
0,0,32766,6512,0,
0,0,32766,6521,0,
0,0,32766,6526,0,
0,0,32766,6525,0,
0,0,32766,6529,0,
0,0,32766,6544,0,
0,0,32766,6539,0,
0,0,32766,6546,0,
0,0,32766,6529,0,
0,0,32766,6536,0,
0,0,32766,6535,0,
0,0,32766,6536,0,
0,0,32766,6532,0,
0,0,32766,6512,0,
0,0,32766,6497,0,
0,0,32766,6507,0,
0,0,32766,6518,0,
0,0,32766,6554,0,
0,0,32766,6586,0,
0,0,32766,6626,0,
0,0,32766,6655,0,
0,0,32766,6703,0,
0,0,32766,6763,0,
0,0,32766,6808,0,
0,0,32766,6858,0,
0,0,32766,6898,0,
0,0,32766,6926,0,
0,0,32766,6939,0,
0,0,32766,6940,0,
0,0,32766,6966,0,
0,0,32766,7008,0,
0,0,32766,7038,0,
0,0,32766,7109,0,
0,0,32766,7197,0,
0,0,32766,7295,0,
0,0,32766,7427,0,
0,0,32766,7581,0,
0,0,32766,7850,0,
0,0,32766,8177,0,
0,0,32766,8597,0,
0,0,32766,9197,0,
0,0,32766,10050,0,
0,0,32766,11114,0,
0,0,32766,12566,0,
0,0,32766,14367,0,
0,0,32766,16372,0,
0,0,32766,18276,0,
0,0,32766,18848,0,
0,0,32766,19044,0,
0,0,32766,19155,0,
0,0,32766,19328,0,
0,0,32766,19435,0,
0,0,32766,19505,0,
0,0,32766,19547,0,
0,0,32766,19547,0,
0,0,32766,19569,0,
0,0,32766,19604,0,
0,0,32766,19618,0,
0,0,32766,19628,0,
0,0,32766,19666,0,
0,0,32766,19771,0,
0,0,32766,19877,0,
0,0,32766,19898,0,
0,0,32766,19888,0,
0,0,32766,19839,0,
0,0,32766,19772,0,
0,0,32766,19689,0,
0,0,32766,19593,0,
0,0,32766,19488,0,
0,0,32766,19481,0,
0,0,32766,19578,0,
0,0,32766,19669,0,
0,0,32766,19658,0,
0,0,32766,19574,0,
0,0,32766,19447,0,
0,0,32766,19348,0,
0,0,32766,19264,0,
0,0,32766,19193,0,
0,0,32766,19227,0,
0,0,32766,19200,0,
0,0,32766,19230,0,
0,0,32766,19324,0,
0,0,32766,19357,0,
0,0,32766,19410,0,
0,0,32766,19412,0,
0,0,32766,19449,0,
0,0,32766,19508,0,
0,0,32766,19536,0,
0,0,32766,19554,0,
0,0,32766,19576,0,
0,0,32766,19577,0,
0,0,32766,19613,0,
0,0,32766,19669,0,
0,0,32766,19723,0,
0,0,32766,19780,0,
0,0,32766,19821,0,
0,0,32766,19885,0,
0,0,32766,19962,0,
0,0,32766,20036,0,
0,0,32766,20192,0,
0,0,32766,20259,0,
0,0,32766,20313,0,
0,0,32766,20403,0,
0,0,32766,20469,0,
0,0,32766,20516,0,
0,0,32766,20564,0,
0,0,32766,20592,0,
0,0,32766,20633,0,
0,0,32766,20680,0,
0,0,32766,20705,0,
0,0,32766,20754,0,
0,0,32766,20796,0,
0,0,32766,20777,0,
0,0,32766,20776,0,
0,0,32766,20793,0,
0,0,32766,20849,0,
0,0,32766,20886,0,
0,0,32766,20970,0,
0,0,32766,21008,0,
0,0,32766,21064,0,
0,0,32766,21215,0,
0,0,32766,21340,0,
0,0,32766,21387,0,
0,0,32766,21382,0,
0,0,32766,21313,0,
0,0,32766,21227,0,
0,0,32766,21112,0,
0,0,32766,20953,0,
0,0,32766,20737,0,
0,0,32766,20424,0,
0,0,32766,20235,0,
0,0,32766,20187,0,
0,0,32766,20202,0,
0,0,32766,20378,0,
0,0,32766,20593,0,
0,0,32766,20690,0,
0,0,32766,20762,0,
0,0,32766,20707,0,
0,0,32766,20687,0,
0,0,32766,20658,0,
0,0,32766,20659,0,
0,0,32766,20666,0,
0,0,32766,20698,0,
0,0,32766,20716,0,
0,0,32766,20729,0,
0,0,32766,20760,0,
0,0,32766,20768,0,
0,0,32766,20757,0,
0,0,32766,20751,0,
0,0,32766,20735,0,
0,0,32766,20733,0,
0,0,32766,20776,0,
0,0,32766,20804,0,
0,0,32766,20829,0,
0,0,32766,20864,0,
0,0,32766,20884,0,
0,0,32766,20908,0,
0,0,32766,20924,0,
0,0,32766,20916,0,
0,0,32766,20922,0,
0,0,32766,20936,0,
0,0,32766,20958,0,
0,0,32766,20988,0,
0,0,32766,21020,0,
0,0,32766,21051,0,
0,0,32766,21084,0,
0,0,32766,21114,0,
0,0,32766,21134,0,
0,0,32766,21149,0,
0,0,32766,21136,0,
0,0,32766,21121,0,
0,0,32766,21128,0,
0,0,32766,21145,0,
0,0,32766,21185,0,
0,0,32766,21211,0,
0,0,32766,21254,0,
0,0,32766,21313,0,
0,0,32766,21349,0,
0,0,32766,21358,0,
0,0,32766,21331,0,
0,0,32766,21294,0,
0,0,32766,21272,0,
0,0,32766,21249,0,
0,0,32766,21224,0,
0,0,32766,21217,0,
0,0,32766,21225,0,
0,0,32766,21222,0,
0,0,32766,21210,0,
0,0,32766,21186,0,
0,0,32766,21171,0,
0,0,32766,21131,0,
0,0,32766,21097,0,
0,0,32766,21091,0,
0,0,32766,21085,0,
0,0,32766,21081,0,
0,0,32766,21105,0,
0,0,32766,21127,0,
0,0,32766,21153,0,
0,0,32766,21156,0,
0,0,32766,21151,0,
0,0,32766,21157,0,
0,0,32766,21165,0,
0,0,32766,21173,0,
0,0,32766,21190,0,
0,0,32766,21195,0,
0,0,32766,21215,0,
0,0,32766,21228,0,
0,0,32766,21236,0,
0,0,32766,21237,0,
0,0,32766,21226,0,
0,0,32766,21216,0,
0,0,32766,21238,0,
0,0,32766,21237,0,
0,0,32766,21251,0,
0,0,32766,21276,0,
0,0,32766,21281,0,
0,0,32766,21291,0,
0,0,32766,21307,0,
0,0,32766,21319,0,
0,0,32766,21347,0,
0,0,32766,21354,0,
0,0,32766,21377,0,
0,0,32766,21397,0,
0,0,32766,21420,0,
0,0,32766,21452,0,
0,0,32766,21451,0,
0,0,32766,21477,0,
0,0,32766,21487,0,
0,0,32766,21517,0,
0,0,32766,21523,0,
0,0,32766,21533,0,
0,0,32766,21545,0,
0,0,32766,21523,0,
0,0,32766,21534,0,
0,0,32766,21527,0,
0,0,32766,21536,0,
0,0,32766,21545,0,
0,0,32766,21547,0,
0,0,32766,21570,0,
0,0,32766,21588,0,
0,0,32766,21630,0,
0,0,32766,21648,0,
0,0,32766,21663,0,
0,0,32766,21673,0,
0,0,32766,21687,0,
0,0,32766,21694,0,
0,0,32766,21714,0,
0,0,32766,21727,0,
0,0,32766,21734,0,
0,0,32766,21767,0,
0,0,32766,21770,0,
0,0,32766,21748,0,
0,0,32766,21740,0,
0,0,32766,21725,0,
0,0,32766,21683,0,
0,0,32766,21641,0,
0,0,32766,21598,0,
0,0,32766,21547,0,
0,0,32766,21509,0,
0,0,32766,21468,0,
0,0,32766,21418,0,
0,0,32766,21365,0,
0,0,32766,21282,0,
0,0,32766,21182,0,
0,0,32766,21129,0,
0,0,32766,21106,0,
0,0,32766,21063,0,
0,0,32766,21058,0,
0,0,32766,21033,0,
0,0,32766,20990,0,
0,0,32766,20945,0,
0,0,32766,21069,0,
0,0,32766,20943,0,
0,0,32766,21033,0,
0,0,32766,20881,0,
0,0,32766,20740,0,
0,0,32766,20489,0,
0,0,32766,20691,0,
0,0,32766,20686,0,
0,0,32766,20745,0,
0,0,32766,20755,0,
0,0,32766,20704,0,
0,0,32766,20613,0,
0,0,32766,20462,0,
0,0,32766,20286,0,
0,0,32766,20041,0,
0,0,32766,19737,0,
0,0,32766,19329,0,
0,0,32766,18862,0,
0,0,32766,18356,0,
0,0,32766,17827,0,
0,0,32766,17261,0,
0,0,32766,16702,0,
0,0,32766,16199,0,
0,0,32766,15761,0,
0,0,32766,15450,0,
0,0,32766,15130,0,
0,0,32766,14851,0,
0,0,32766,14562,0,
0,0,32766,14265,0,
0,0,32766,13960,0,
0,0,32766,13679,0,
0,0,32766,13375,0,
0,0,32766,13057,0,
0,0,32766,12768,0,
0,0,32766,12520,0,
0,0,32766,12353,0,
0,0,32766,12284,0,
0,0,32766,12222,0,
0,0,32766,12171,0,
0,0,32766,12133,0,
0,0,32766,12082,0,
0,0,32766,11995,0,
0,0,32766,11872,0,
0,0,32766,11721,0,
0,0,32766,11505,0,
0,0,32766,11279,0,
0,0,32766,11055,0,
0,0,32766,10815,0,
0,0,32766,10572,0,
0,0,32766,10344,0,
0,0,32766,10140,0,
0,0,32766,9970,0,
0,0,32766,9851,0,
0,0,32766,9752,0,
0,0,32766,9705,0,
