32766,18523,5454,76,51,
32766,18523,5460,96,55,
32766,18520,5457,84,47,
32766,18529,5461,87,55,
32766,18508,5457,87,43,
32766,18503,5453,90,58,
32766,18523,5455,85,60,
32766,18518,5450,97,54,
32766,18507,5437,90,46,
32766,18519,5441,84,47,
32766,18518,5430,85,49,
32766,18513,5431,92,47,
32766,18513,5445,83,51,
32766,18503,5446,82,52,
32766,18517,5447,91,48,
32766,18511,5448,97,52,
32766,18510,5456,85,43,
32766,18514,5457,104,43,
32766,18518,5453,85,46,
32766,18516,5448,77,51,
32766,18505,5458,81,64,
32766,18508,5447,89,45,
32766,18513,5448,89,59,
32766,18512,5446,92,49,
32766,18516,5445,87,62,
32766,18513,5440,94,44,
32766,18512,5437,70,54,
32766,18512,5430,91,55,
32766,18514,5433,89,62,
32766,18495,5431,89,51,
32766,18511,5431,81,51,
32766,18512,5424,97,44,
32766,18501,5432,87,39,
32766,18502,5430,84,56,
32766,18508,5421,88,54,
32766,18502,5425,92,56,
32766,18507,5426,94,52,
32766,18506,5420,93,56,
32766,18511,5422,81,59,
32766,18513,5426,88,55,
32766,18509,5423,87,60,
32766,18499,5427,88,50,
32766,18512,5433,79,45,
32766,18510,5427,76,52,
32766,18501,5425,95,40,
32766,18503,5415,76,44,
32766,18498,5430,94,53,
32766,18497,5421,81,47,
32766,18499,5424,78,63,
32766,18495,5416,91,45,
32766,18501,5422,83,59,
32766,18500,5428,88,39,
32766,18506,5421,94,48,
32766,18504,5427,86,42,
32766,18501,5427,80,55,
32766,18509,5417,84,55,
32766,18495,5419,89,50,
32766,18502,5416,86,59,
32766,18503,5418,80,43,
32766,18497,5405,87,43,
32766,18497,5414,80,57,
32766,18490,5402,84,48,
32766,18497,5413,91,59,
32766,18497,5408,91,50,
32766,18497,5415,94,47,
32766,18500,5409,74,53,
32766,18499,5406,79,50,
32766,18501,5416,90,55,
32766,18501,5429,89,69,
32766,18505,5427,88,39,
32766,18507,5438,89,55,
32766,18505,5444,82,44,
32766,18510,5438,83,52,
32766,18507,5440,82,52,
32766,18511,5440,84,56,
32766,18516,5440,87,53,
32766,18518,5443,88,57,
32766,18515,5440,90,49,
32766,18515,5444,89,55,
32766,18511,5441,85,57,
32766,18505,5448,78,52,
32766,18506,5441,98,46,
32766,18503,5437,80,53,
32766,18508,5436,78,49,
32766,18508,5424,76,61,
32766,18509,5427,80,46,
32766,18509,5433,92,45,
32766,18508,5434,95,49,
32766,18508,5431,94,60,
32766,18513,5436,84,49,
32766,18500,5429,96,56,
32766,18502,5434,95,55,
32766,18507,5440,94,56,
32766,18514,5431,88,54,
32766,18501,5437,77,46,
32766,18504,5428,84,48,
32766,18504,5426,89,56,
32766,18506,5431,80,50,
32766,18502,5428,90,43,
32766,18507,5420,81,58,
32766,18501,5421,89,48,
32766,18517,5417,96,52,
32766,18506,5416,89,40,
32766,18503,5425,82,50,
32766,18508,5417,92,56,
32766,18508,5416,86,59,
32766,18504,5419,80,52,
32766,18501,5421,90,54,
32766,18506,5414,91,52,
32766,18506,5409,86,49,
32766,18505,5400,89,50,
32766,18499,5394,89,36,
32766,18503,5388,94,58,
32766,18498,5380,84,55,
32766,18496,5377,81,58,
32766,18498,5375,90,57,
32766,18495,5374,91,55,
32766,18492,5380,88,49,
32766,18503,5386,78,53,
32766,18498,5384,85,52,
32766,18494,5379,86,55,
32766,18495,5372,75,52,
32766,18509,5373,90,51,
32766,18498,5366,77,49,
32766,18505,5363,85,46,
32766,18503,5356,87,55,
32766,18496,5353,96,44,
32766,18504,5351,86,48,
32766,18496,5352,100,51,
32766,18501,5338,75,49,
32766,18496,5342,82,46,
32766,18507,5349,86,46,
32766,18491,5344,79,54,
32766,18491,5349,96,50,
32766,18498,5339,82,63,
32766,18489,5349,96,54,
32766,18493,5348,82,48,
32766,18493,5352,97,53,
32766,18491,5354,86,50,
32766,18486,5350,82,51,
32766,18479,5358,86,45,
32766,18481,5348,89,43,
32766,18468,5339,86,51,
32766,18479,5336,77,54,
32766,18482,5335,82,46,
32766,18473,5347,87,58,
32766,18468,5343,92,53,
32766,18465,5351,87,56,
32766,18471,5360,84,52,
32766,18462,5365,94,48,
32766,18464,5364,85,51,
32766,18456,5367,85,48,
32766,18473,5371,96,55,
32766,18466,5383,83,50,
32766,18467,5376,87,56,
32766,18462,5383,87,50,
32766,18465,5398,83,52,
32766,18462,5383,85,41,
32766,18474,5386,85,48,
32766,18468,5392,92,52,
32766,18463,5381,84,48,
32766,18464,5385,96,56,
32766,18453,5388,87,48,
32766,18447,5386,92,53,
32766,18458,5386,96,46,
32766,18451,5375,82,55,
32766,18456,5372,85,58,
32766,18458,5346,89,45,
32766,18464,5336,82,50,
32766,18453,5318,84,43,
32766,18457,5301,88,51,
32766,18456,5281,77,49,
32766,18459,5263,85,49,
32766,18442,5257,82,62,
32766,18452,5234,91,51,
32766,18454,5220,89,53,
32766,18448,5198,87,55,
32766,18442,5193,85,53,
32766,18449,5160,83,41,
32766,18448,5148,85,53,
32766,18432,5140,90,54,
32766,18445,5114,82,66,
32766,18431,5088,78,61,
32766,18432,5074,90,51,
32766,18425,5030,91,41,
32766,18416,5008,79,56,
32766,18412,4991,91,55,
32766,18393,4963,76,43,
32766,18395,4940,82,56,
32766,18377,4919,91,52,
32766,18369,4909,80,45,
32766,18353,4888,82,49,
32766,18346,4864,85,49,
32766,18341,4865,83,55,
32766,18326,4858,89,49,
32766,18331,4848,87,48,
32766,18321,4839,83,51,
32766,18310,4815,89,53,
32766,18311,4808,89,58,
32766,18308,4770,91,53,
32766,18284,4744,84,41,
32766,18278,4717,89,45,
32766,18262,4670,85,50,
32766,18247,4655,81,49,
32766,18226,4631,92,48,
32766,18216,4619,91,53,
32766,18214,4597,83,46,
32766,18212,4595,96,46,
32766,18199,4602,82,48,
32766,18205,4593,83,56,
32766,18207,4612,80,53,
32766,18218,4632,87,42,
32766,18221,4644,89,49,
32766,18218,4656,89,48,
32766,18242,4655,87,48,
32766,18239,4681,82,55,
32766,18256,4694,87,52,
32766,18267,4690,88,45,
32766,18264,4700,74,52,
32766,18265,4711,80,41,
32766,18254,4701,84,48,
32766,18261,4695,85,45,
32766,18262,4696,87,57,
32766,18258,4699,84,49,
32766,18263,4712,90,55,
32766,18268,4711,89,53,
32766,18266,4719,77,54,
32766,18270,4730,89,49,
32766,18260,4745,84,52,
32766,18268,4758,92,44,
32766,18272,4783,86,50,
32766,18274,4789,94,63,
32766,18294,4816,93,46,
32766,18291,4838,83,48,
32766,18300,4860,90,45,
32766,18305,4861,92,45,
32766,18313,4871,87,57,
32766,18321,4867,77,40,
32766,18319,4886,84,56,
32766,18313,4879,78,56,
32766,18318,4865,76,51,
32766,18314,4858,91,43,
32766,18305,4830,86,48,
32766,18297,4819,92,54,
32766,18292,4802,76,52,
32766,18293,4798,86,52,
32766,18289,4794,83,45,
32766,18278,4787,86,53,
32766,18281,4783,80,55,
32766,18274,4763,86,44,
32766,18280,4766,79,52,
32766,18281,4761,81,51,
32766,18278,4748,84,43,
32766,18266,4749,86,54,
32766,18267,4736,81,50,
32766,18269,4723,88,52,
32766,18264,4701,88,48,
32766,18257,4703,84,43,
32766,18239,4688,101,55,
32766,18246,4673,91,51,
32766,18234,4660,83,55,
32766,18225,4645,91,43,
32766,18217,4636,81,43,
32766,18214,4620,81,54,
32766,18224,4618,80,50,
32766,18217,4602,89,58,
32766,18205,4598,88,41,
32766,18203,4586,85,45,
32766,18203,4583,87,55,
32766,18205,4580,84,56,
32766,18193,4572,89,55,
32766,18191,4568,84,64,
32766,18177,4564,84,51,
32766,18184,4537,75,45,
32766,18168,4527,87,52,
32766,18171,4522,75,50,
32766,18159,4513,91,57,
32766,18150,4512,73,46,
32766,18142,4500,80,49,
32766,18148,4491,80,56,
32766,18131,4489,84,52,
32766,18130,4478,91,51,
32766,18129,4485,84,49,
32766,18123,4479,81,53,
32766,18121,4474,87,52,
32766,18123,4470,92,54,
32766,18114,4477,85,48,
32766,18125,4471,85,61,
32766,18142,4493,90,53,
32766,18119,4482,82,46,
32766,18129,4483,89,50,
32766,18117,4492,94,59,
32766,18130,4490,76,48,
32766,18131,4501,82,51,
32766,18114,4490,80,55,
32766,18121,4475,85,48,
32766,18131,4492,76,62,
32766,18112,4483,74,51,
32766,18115,4459,82,45,
32766,18098,4455,83,57,
32766,18098,4455,88,47,
32766,18103,4431,80,57,
32766,18100,4430,80,57,
32766,18081,4418,87,56,
32766,18088,4415,83,45,
32766,18066,4400,79,55,
32766,18060,4399,88,56,
32766,18070,4394,85,49,
32766,18073,4400,75,45,
32766,18065,4390,88,50,
32766,18073,4396,81,46,
32766,18069,4393,83,44,
32766,18074,4395,94,51,
32766,18070,4399,85,56,
32766,18073,4382,85,54,
32766,18062,4389,88,46,
32766,18056,4379,81,63,
32766,18066,4374,84,61,
32766,18050,4365,75,50,
32766,18048,4361,82,48,
32766,18059,4378,86,52,
32766,18059,4375,85,49,
32766,18067,4366,71,52,
32766,18049,4382,83,53,
32766,18048,4384,77,48,
32766,18055,4368,82,56,
32766,18048,4372,88,50,
32766,18043,4358,85,55,
32766,18031,4347,80,48,
32766,18019,4346,86,50,
32766,18019,4321,81,51,
32766,18012,4319,90,46,
32766,17993,4327,74,56,
32766,17998,4321,95,52,
32766,17993,4318,82,49,
32766,17989,4327,85,57,
32766,18000,4331,89,50,
32766,17988,4341,82,49,
32766,17990,4333,75,48,
32766,17994,4344,83,54,
32766,18000,4356,89,51,
32766,18009,4367,87,50,
32766,18013,4388,89,57,
32766,18021,4389,87,50,
32766,18036,4395,83,56,
32766,18026,4404,82,50,
32766,18030,4418,82,49,
32766,18035,4425,72,51,
32766,18035,4424,83,50,
32766,18040,4435,83,48,
32766,18060,4440,86,48,
32766,18043,4443,81,45,
32766,18063,4459,88,43,
32766,18075,4471,84,44,
32766,18073,4488,70,49,
32766,18091,4499,82,41,
32766,18087,4509,79,52,
32766,18105,4516,85,54,
32766,18107,4524,86,43,
32766,18115,4523,85,46,
32766,18116,4544,88,55,
32766,18127,4540,80,54,
32766,18120,4557,91,51,
32766,18136,4571,77,45,
32766,18133,4586,81,66,
32766,18148,4602,87,38,
32766,18161,4613,91,41,
32766,18155,4632,83,52,
32766,18177,4649,80,62,
32766,18190,4670,89,52,
32766,18185,4681,85,64,
32766,18190,4705,84,47,
32766,18205,4700,86,49,
32766,18199,4717,84,47,
32766,18204,4724,97,52,
32766,18207,4738,87,58,
32766,18213,4741,80,45,
32766,18217,4748,76,57,
32766,18222,4757,91,54,
32766,18219,4773,88,43,
32766,18219,4784,90,55,
32766,18228,4796,92,47,
32766,18239,4801,83,44,
32766,18236,4799,87,42,
32766,18244,4810,80,47,
32766,18254,4817,83,48,
32766,18234,4792,77,46,
32766,18250,4783,84,57,
32766,18252,4808,84,44,
32766,18253,4796,78,63,
32766,18255,4799,89,48,
32766,18268,4811,84,52,
32766,18278,4800,91,50,
32766,18292,4821,92,53,
32766,18291,4832,89,53,
32766,18295,4816,83,55,
32766,18294,4845,80,48,
32766,18295,4863,82,63,
32766,18296,4870,81,47,
32766,18299,4875,91,53,
32766,18298,4899,84,45,
32766,18303,4914,80,53,
32766,18314,4926,76,59,
32766,18303,4929,78,48,
32766,18307,4924,92,55,
32766,18313,4934,91,54,
32766,18307,4939,93,55,
32766,18298,4942,91,51,
32766,18309,4945,92,59,
32766,18306,4950,81,53,
32766,18305,4949,85,51,
32766,18308,4945,87,41,
32766,18308,4943,82,54,
32766,18312,4953,85,53,
32766,18310,4941,83,55,
32766,18314,4937,79,43,
32766,18304,4940,78,45,
32766,18310,4959,73,43,
32766,18313,4963,85,52,
32766,18303,4981,89,54,
32766,18312,4990,85,57,
32766,18316,5026,88,51,
32766,18319,5049,88,39,
32766,18325,5061,88,48,
32766,18326,5074,75,48,
32766,18330,5078,69,51,
32766,18337,5094,83,48,
32766,18336,5093,85,58,
32766,18349,5112,87,55,
32766,18341,5113,87,51,
32766,18343,5121,84,46,
32766,18348,5124,86,43,
32766,18344,5122,76,52,
32766,18344,5137,88,47,
32766,18347,5136,91,42,
32766,18345,5143,99,54,
32766,18344,5144,86,52,
32766,18336,5140,89,51,
32766,18341,5131,87,41,
32766,18329,5111,84,45,
32766,18331,5075,79,45,
32766,18340,5044,80,54,
32766,18333,5011,80,57,
32766,18338,4972,86,36,
32766,18325,4948,84,43,
32766,18313,4910,85,50,
32766,18290,4885,93,47,
32766,18287,4868,98,46,
32766,18277,4847,89,53,
32766,18280,4852,75,48,
32766,18266,4848,85,44,
32766,18271,4852,81,59,
32766,18264,4865,86,46,
32766,18265,4848,79,44,
32766,18267,4868,77,50,
32766,18261,4854,78,55,
32766,18261,4865,87,57,
32766,18256,4862,88,59,
32766,18262,4865,76,42,
32766,18254,4855,82,45,
32766,18258,4855,80,50,
32766,18263,4839,89,45,
32766,18275,4849,88,53,
32766,18284,4846,86,47,
32766,18288,4841,91,48,
32766,18297,4855,86,58,
32766,18308,4871,92,46,
32766,18327,4890,83,50,
32766,18317,4905,87,55,
32766,18337,4930,83,52,
32766,18342,4951,85,55,
32766,18346,4976,90,45,
32766,18357,4994,72,65,
32766,18355,5013,91,37,
32766,18356,5034,76,48,
32766,18366,5062,89,55,
32766,18361,5084,88,51,
32766,18360,5093,89,47,
32766,18362,5114,90,55,
32766,18377,5137,86,58,
32766,18372,5139,85,49,
32766,18371,5166,95,48,
32766,18378,5179,89,56,
32766,18382,5194,81,54,
32766,18385,5205,80,53,
32766,18382,5213,81,59,
32766,18385,5221,92,51,
32766,18387,5235,80,46,
32766,18378,5258,88,53,
32766,18393,5257,91,48,
32766,18393,5258,82,38,
32766,18395,5244,75,59,
32766,18398,5258,79,47,
32766,18394,5270,81,48,
32766,18400,5273,83,62,
32766,18406,5284,81,44,
32766,18405,5292,85,44,
32766,18400,5304,80,52,
32766,18405,5318,91,49,
32766,18393,5326,84,43,
32766,18407,5333,80,50,
32766,18399,5355,88,50,
32766,18401,5374,86,44,
32766,18401,5387,81,51,
32766,18401,5392,94,57,
32766,18406,5394,86,45,
32766,18396,5399,82,40,
32766,18393,5396,83,52,
32766,18393,5391,84,40,
32766,18402,5384,77,44,
32766,18394,5391,79,47,
32766,18385,5388,86,44,
32766,18394,5379,82,51,
32766,18387,5384,85,39,
32766,18390,5358,89,44,
32766,18385,5349,75,50,
32766,18397,5337,88,56,
32766,18386,5326,84,45,
32766,18390,5332,81,51,
32766,18387,5320,82,62,
32766,18391,5304,79,46,
32766,18387,5304,90,50,
32766,18392,5294,88,40,
32766,18389,5288,86,49,
32766,18385,5278,87,45,
32766,18395,5270,78,46,
32766,18383,5262,87,43,
32766,18389,5264,81,48,
32766,18378,5247,84,57,
32766,18380,5246,79,49,
32766,18382,5245,88,55,
32766,18374,5223,78,38,
32766,18378,5221,84,50,
32766,18383,5219,91,52,
32766,18380,5209,81,44,
32766,18387,5202,88,50,
32766,18387,5205,79,54,
32766,18398,5203,86,59,
32766,18400,5207,81,50,
32766,18391,5207,87,50,
32766,18401,5230,79,51,
32766,18405,5235,87,44,
32766,18385,5250,81,51,
32766,18390,5281,90,47,
32766,18387,5306,92,46,
32766,18376,5313,91,43,
32766,18385,5342,78,51,
32766,18383,5353,86,53,
32766,18386,5373,88,36,
32766,18382,5381,81,51,
32766,18380,5395,86,50,
32766,18374,5395,93,45,
32766,18381,5408,84,47,
32766,18382,5404,98,48,
32766,18394,5404,90,45,
32766,18407,5428,91,53,
32766,18393,5424,90,45,
32766,18399,5438,85,41,
32766,18401,5441,95,48,
32766,18392,5453,88,52,
32766,18388,5473,79,49,
32766,18401,5475,89,53,
32766,18389,5496,89,49,
32766,18394,5486,93,54,
32766,18396,5487,79,56,
32766,18388,5493,90,52,
32766,18416,5489,83,51,
32766,18412,5478,74,41,
32766,18411,5460,91,61,
32766,18409,5449,89,50,
32766,18406,5431,80,51,
32766,18409,5412,91,46,
32766,18401,5402,86,55,
32766,18400,5405,90,56,
32766,18404,5396,86,45,
32766,18406,5396,80,54,
32766,18399,5379,86,46,
32766,18392,5387,79,54,
32766,18391,5383,77,54,
32766,18393,5382,91,53,
32766,18386,5379,76,50,
32766,18391,5370,81,44,
32766,18389,5372,84,60,
32766,18400,5363,82,50,
32766,18390,5358,88,46,
32766,18380,5354,82,51,
32766,18384,5340,91,47,
32766,18390,5340,80,45,
32766,18365,5343,83,56,
32766,18375,5334,88,55,
32766,18367,5322,87,41,
32766,18382,5322,81,49,
32766,18394,5310,82,46,
32766,18381,5310,83,46,
32766,18370,5309,82,55,
32766,18375,5305,85,52,
32766,18374,5295,76,49,
32766,18363,5297,82,48,
32766,18369,5293,88,50,
32766,18375,5292,72,45,
32766,18383,5288,82,49,
32766,18385,5277,81,39,
32766,18382,5270,85,51,
32766,18378,5261,81,51,
32766,18376,5242,77,50,
32766,18392,5232,87,52,
32766,18370,5221,79,42,
32766,18380,5213,82,53,
32766,18382,5185,86,50,
32766,18376,5174,82,46,
32766,18368,5173,77,43,
32766,18375,5159,83,54,
32766,18367,5156,85,61,
32766,18375,5155,88,56,
32766,18365,5164,77,46,
32766,18375,5154,89,43,
32766,18369,5172,84,43,
32766,18371,5163,83,49,
32766,18368,5172,82,57,
32766,18383,5180,84,51,
32766,18377,5187,81,42,
32766,18373,5173,93,42,
32766,18371,5185,83,58,
32766,18377,5191,88,48,
32766,18368,5175,85,41,
32766,18359,5193,82,54,
32766,18366,5188,81,61,
32766,18364,5186,90,64,
32766,18364,5185,85,48,
32766,18358,5191,80,46,
32766,18360,5189,81,54,
32766,18361,5193,85,48,
32766,18353,5208,85,43,
32766,18353,5214,78,58,
32766,18363,5214,85,45,
32766,18360,5210,79,43,
32766,18359,5209,79,43,
32766,18362,5206,83,51,
32766,18358,5209,91,50,
32766,18353,5219,93,56,
32766,18362,5215,78,41,
32766,18359,5215,93,52,
32766,18363,5224,77,56,
32766,18354,5242,83,51,
32766,18360,5246,79,50,
32766,18367,5255,90,59,
32766,18359,5271,90,59,
32766,18362,5265,86,50,
32766,18359,5282,75,51,
32766,18360,5267,83,51,
32766,18358,5273,92,56,
32766,18362,5279,84,47,
32766,18347,5269,77,46,
32766,18342,5265,85,45,
32766,18334,5264,85,52,
32766,18323,5248,78,54,
32766,18308,5249,88,59,
32766,18283,5236,74,42,
32766,18269,5225,80,57,
32766,18246,5238,81,49,
32766,18252,5256,80,31,
32766,18255,5303,83,51,
32766,18252,5325,80,45,
32766,18243,5365,81,53,
32766,18247,5408,87,43,
32766,18239,5464,84,53,
32766,18221,5520,86,47,
32766,18222,5557,87,49,
32766,18215,5616,81,54,
32766,18193,5657,86,51,
32766,18187,5699,83,52,
32766,18156,5722,75,43,
32766,18138,5769,91,48,
32766,18130,5806,83,47,
32766,18109,5849,83,52,
32766,18095,5870,96,46,
32766,18085,5897,92,44,
32766,18059,5919,87,52,
32766,18059,5953,86,46,
32766,18047,5977,86,59,
32766,18026,5997,90,55,
32766,17999,6023,89,53,
32766,17978,6042,72,57,
32766,17957,6071,86,55,
32766,17947,6086,86,44,
32766,17943,6105,91,44,
32766,17934,6136,92,41,
32766,17937,6144,96,51,
32766,17951,6151,94,48,
32766,17961,6155,83,43,
32766,17962,6154,91,46,
32766,17972,6154,92,50,
32766,17981,6160,78,54,
32766,17981,6166,80,47,
32766,17985,6167,90,49,
32766,18000,6177,85,54,
32766,18009,6178,96,45,
32766,17994,6195,89,60,
32766,17992,6207,88,48,
32766,17992,6236,91,47,
32766,17997,6240,100,51,
32766,17995,6270,88,45,
32766,18003,6282,92,46,
32766,18003,6303,86,50,
32766,17982,6328,93,40,
32766,17961,6342,99,56,
32766,17947,6363,96,54,
32753,17932,6384,91,51,
32721,17920,6397,96,45,
32701,17907,6408,94,37,
32693,17896,6412,89,45,
32690,17888,6421,83,50,
32684,17884,6423,95,50,
32681,17889,6425,99,50,
32688,17893,6430,87,50,
32693,17899,6437,85,44,
32703,17895,6420,92,52,
32702,17910,6425,98,55,
32709,17918,6422,85,42,
32717,17919,6415,95,38,
32725,17915,6413,85,48,
32732,17928,6427,86,46,
32738,17935,6414,80,56,
32743,17931,6404,86,51,
32756,17942,6404,87,47,
32766,17953,6405,94,46,
32766,17949,6399,91,42,
32766,17966,6401,91,43,
32766,17963,6387,84,52,
32766,17970,6386,86,60,
32766,17973,6377,81,51,
32766,17978,6372,88,51,
32766,17977,6371,89,52,
32766,17984,6360,100,47,
32766,17983,6371,88,51,
32766,17981,6370,99,47,
32766,17984,6365,95,53,
32766,17987,6362,101,55,
32766,17983,6373,88,52,
32766,17988,6367,89,54,
32766,17986,6366,85,57,
32766,17964,6360,84,37,
32766,17983,6360,92,60,
32766,17987,6352,91,49,
32766,18004,6351,88,57,
32766,18005,6340,85,51,
32766,17997,6344,94,49,
32766,17997,6341,94,51,
32766,18000,6329,90,56,
32766,18006,6318,88,58,
32766,18002,6330,94,61,
32766,18016,6319,97,49,
32766,18017,6310,94,54,
32766,18021,6305,91,57,
32766,18022,6314,90,51,
32766,18016,6316,80,50,
32766,18022,6308,87,63,
32766,18021,6313,86,49,
32766,18025,6312,87,45,
32766,18023,6302,90,49,
32766,18028,6290,88,44,
32766,18038,6296,84,50,
32766,18035,6287,94,44,
32766,18030,6274,88,50,
32766,18042,6286,90,48,
32766,18034,6281,104,40,
32766,18040,6282,90,48,
32766,18034,6278,81,50,
32766,18029,6282,90,40,
32766,18034,6279,100,42,
32766,18022,6272,84,48,
32766,18028,6279,89,48,
32766,18025,6270,83,51,
32766,18036,6270,90,54,
32766,18025,6274,97,43,
32766,18028,6277,90,58,
32766,18033,6276,94,51,
32766,18029,6277,91,52,
32766,18032,6266,99,56,
32766,18035,6270,84,39,
32766,18042,6266,96,45,
32766,18033,6264,91,57,
32766,18038,6263,82,43,
32766,18042,6260,94,50,
32766,18042,6269,94,49,
32766,18043,6266,90,56,
32766,18052,6272,89,45,
32766,18056,6264,91,52,
32766,18053,6267,85,42,
32766,18062,6264,88,43,
32766,18066,6261,85,49,
32766,18060,6248,87,49,
32766,18068,6259,88,54,
32766,18071,6249,92,50,
32766,18061,6255,88,52,
32766,18071,6245,87,53,
32766,18068,6243,90,46,
32766,18070,6233,83,51,
32766,18072,6233,85,44,
32766,18071,6233,89,47,
32766,18075,6226,93,54,
32766,18072,6233,96,60,
32766,18069,6232,93,50,
32766,18065,6227,97,40,
32766,18074,6221,86,54,
32766,18082,6209,79,49,
32766,18072,6220,86,49,
32766,18076,6206,93,54,
32766,18088,6207,95,61,
32766,18082,6206,87,47,
32766,18078,6206,85,52,
32766,18083,6201,97,49,
32766,18076,6201,100,47,
32766,18075,6203,87,48,
32766,18068,6202,95,60,
32766,18062,6217,84,44,
32766,18060,6203,85,48,
32766,18071,6220,87,46,
32766,18071,6211,87,45,
32766,18074,6218,95,49,
32766,18063,6206,96,48,
32766,18070,6203,88,41,
32766,18078,6219,84,56,
32766,18069,6209,88,49,
32766,18066,6196,91,51,
32766,18084,6198,92,53,
32766,18078,6194,95,51,
32766,18076,6186,89,46,
32766,18077,6189,89,50,
32766,18085,6191,90,53,
32766,18082,6185,83,50,
32766,18077,6196,97,48,
32766,18083,6179,95,56,
32766,18075,6176,97,36,
32766,18072,6180,89,46,
32766,18074,6176,92,53,
32766,18073,6180,80,50,
32766,18077,6174,88,51,
32766,18077,6166,90,41,
32766,18088,6169,98,61,
32766,18078,6167,93,51,
32766,18085,6160,84,53,
32766,18076,6153,89,53,
32766,18082,6161,91,44,
32766,18079,6171,90,47,
32766,18082,6169,98,45,
32766,18082,6163,90,55,
32766,18080,6153,93,53,
32766,18083,6153,85,47,
32766,18083,6154,90,43,
32766,18071,6159,94,49,
32766,18066,6155,83,56,
32766,18076,6161,94,46,
32766,18065,6153,94,50,
32766,18064,6166,91,53,
32766,18065,6155,87,53,
32766,18060,6149,81,51,
32766,18063,6143,94,49,
32766,18072,6142,78,54,
32766,18071,6145,89,47,
32766,18073,6145,88,51,
32766,18074,6145,102,46,
32766,18071,6138,88,57,
32766,18057,6137,87,43,
32766,18063,6141,102,39,
32766,18070,6142,88,40,
32766,18057,6147,93,53,
32766,18051,6148,83,46,
32766,18065,6145,93,39,
32766,18054,6149,88,51,
32766,18051,6154,90,58,
32766,18055,6159,84,49,
32766,18045,6156,85,47,
32766,18048,6164,90,42,
32766,18043,6176,97,54,
32766,18049,6181,90,52,
32766,18053,6190,82,48,
32766,18045,6196,96,53,
32766,18047,6201,89,48,
32766,18047,6199,88,46,
32766,18042,6209,98,50,
32766,18047,6216,100,44,
32766,18042,6218,78,49,
32766,18041,6224,88,59,
32766,18030,6225,93,54,
32766,18037,6211,93,44,
32766,18036,6214,87,45,
32766,18035,6216,92,45,
32766,18030,6210,98,55,
32766,18029,6205,83,54,
32766,18029,6211,95,47,
32766,18037,6207,78,54,
32766,18018,6207,98,48,
32766,18024,6220,93,51,
32766,18011,6235,90,49,
32766,18011,6230,83,54,
32766,18004,6234,86,39,
32766,17999,6241,89,60,
32766,18006,6234,84,56,
32766,17994,6242,83,48,
32766,18010,6232,85,60,
32766,18001,6225,86,51,
32766,18002,6246,88,61,
32766,17994,6251,96,46,
32766,17983,6253,84,45,
32766,17990,6264,82,47,
32766,17984,6263,90,49,
32766,17981,6266,91,57,
32766,17981,6267,80,51,
32766,17985,6264,83,51,
32766,17988,6269,93,53,
32766,17992,6281,88,50,
32766,17999,6275,90,55,
32766,17993,6277,95,46,
32766,17989,6278,89,44,
32766,17996,6275,87,58,
32766,17992,6278,94,52,
32766,18002,6270,86,37,
32766,17984,6283,98,37,
32766,17982,6270,95,50,
32766,17979,6290,87,42,
32766,17986,6290,85,47,
32766,17971,6288,90,44,
32766,17972,6281,99,47,
32766,17977,6297,85,52,
32766,17968,6291,87,45,
32766,17979,6287,89,42,
32766,17980,6290,83,38,
32766,17978,6295,78,55,
32766,17978,6291,103,52,
32766,17994,6289,87,58,
32766,17986,6281,93,43,
32766,17979,6289,83,54,
32766,17982,6286,94,56,
32766,17984,6286,95,54,
32766,17977,6296,87,49,
32766,17987,6285,87,51,
32766,17992,6271,89,54,
32766,17996,6277,94,43,
32766,17991,6274,84,53,
32766,17991,6257,89,40,
32766,18002,6266,80,48,
32766,18002,6269,83,52,
32766,18005,6258,87,50,
32766,18019,6256,95,46,
32766,18017,6258,86,47,
32766,18006,6250,71,53,
32766,18021,6250,91,56,
32766,18013,6236,90,49,
32766,18016,6237,94,52,
32766,18027,6238,93,51,
32766,18032,6226,92,50,
32766,18030,6215,87,45,
32766,18028,6207,91,54,
32766,18025,6196,86,47,
32766,18038,6196,80,55,
32766,18037,6199,95,44,
32766,18040,6197,92,42,
32766,18038,6190,89,51,
32766,18039,6185,89,47,
32766,18034,6181,87,51,
32766,18038,6176,85,45,
32766,18045,6185,89,45,
32766,18057,6187,80,44,
32766,18054,6191,91,53,
32766,18044,6191,96,51,
32766,18050,6181,95,45,
32766,18051,6190,89,50,
32766,18049,6199,95,40,
32766,18053,6185,90,51,
32766,18046,6194,91,51,
32766,18049,6176,95,51,
32766,18069,6190,84,34,
32766,18046,6173,86,52,
32766,18055,6174,92,50,
32766,18062,6165,89,49,
32766,18066,6154,87,49,
32766,18062,6160,84,49,
32766,18060,6143,87,47,
32766,18055,6153,92,38,
32766,18054,6135,81,48,
32766,18051,6133,92,48,
32766,18054,6131,91,53,
32766,18052,6124,89,58,
32766,18061,6122,99,47,
32766,18037,6116,83,52,
32766,18055,6107,82,55,
32766,18053,6116,92,52,
32766,18057,6110,88,49,
32766,18060,6111,91,50,
32766,18074,6103,91,51,
32766,18062,6107,92,50,
32766,18067,6107,88,45,
32766,18065,6105,87,51,
32766,18071,6111,90,44,
32766,18068,6107,100,60,
32766,18062,6107,91,52,
32766,18060,6107,86,52,
32766,18054,6094,88,51,
32766,18059,6098,92,50,
32766,18068,6097,90,49,
32766,18057,6105,91,48,
32766,18062,6103,78,47,
32766,18057,6087,82,47,
32766,18064,6089,90,49,
32766,18058,6095,75,43,
32766,18063,6090,87,46,
32766,18063,6085,91,51,
32766,18062,6084,82,50,
32766,18066,6076,79,46,
32766,18069,6082,92,57,
32766,18059,6077,89,50,
32766,18066,6075,92,44,
32766,18064,6076,93,51,
32766,18062,6064,89,49,
32766,18073,6064,93,62,
32766,18076,6062,85,61,
32766,18075,6069,85,40,
32766,18067,6064,79,52,
32766,18076,6063,95,49,
32766,18078,6060,88,47,
32766,18070,6065,92,46,
32766,18074,6061,90,49,
32766,18077,6061,94,41,
32766,18078,6050,86,49,
32766,18071,6047,94,40,
32766,18082,6047,90,46,
32766,18073,6041,84,54,
32766,18081,6051,87,56,
32766,18077,6036,98,54,
32766,18083,6039,92,53,
32766,18088,6042,86,46,
32766,18080,6041,90,56,
32766,18077,6035,93,47,
32766,18074,6044,89,46,
32766,18074,6039,87,55,
32766,18079,6031,95,58,
32766,18069,6031,88,48,
32766,18080,6039,89,58,
32766,18075,6037,88,55,
32766,18069,6031,90,51,
32766,18085,6028,89,54,
32766,18084,6025,88,52,
32766,18091,6023,86,44,
32766,18085,6038,96,49,
32766,18079,6037,86,47,
32766,18090,6045,85,53,
32766,18091,6035,87,41,
32766,18096,6049,95,43,
32766,18082,6052,98,44,
32766,18087,6060,84,54,
32766,18077,6062,79,48,
32766,18086,6060,89,53,
32766,18070,6075,84,51,
32766,18075,6071,85,63,
32766,18085,6069,97,50,
32766,18079,6074,86,47,
32766,18073,6070,85,60,
32766,18079,6063,93,50,
32766,18080,6067,95,52,
32766,18077,6052,97,53,
32766,18076,6047,86,50,
32766,18081,6059,93,46,
32766,18083,6053,87,43,
32766,18088,6056,77,52,
32766,18075,6054,80,44,
32766,18076,6045,84,43,
32766,18072,6052,96,51,
32766,18083,6049,93,59,
32766,18072,6055,97,48,
32766,18072,6052,92,50,
32766,18078,6064,91,54,
32766,18076,6045,87,54,
32766,18074,6057,88,47,
32766,18070,6056,95,50,
32766,18080,6067,83,40,
32766,18078,6056,91,47,
32766,18073,6053,93,42,
32766,18076,6057,85,49,
32766,18082,6054,92,52,
32766,18085,6055,97,39,
32766,18090,6061,83,43,
32766,18080,6050,94,55,
32766,18078,6056,97,48,
32766,18074,6063,90,45,
32766,18073,6065,87,47,
32766,18089,6066,91,43,
32766,18076,6069,96,54,
32766,18077,6060,87,57,
32766,18081,6070,91,55,
32766,18081,6063,86,44,
32766,18077,6058,91,49,
32766,18074,6059,85,43,
32766,18075,6068,99,44,
32766,18081,6062,93,48,
32766,18082,6057,86,56,
32766,18079,6056,93,48,
32766,18072,6059,91,48,
32766,18076,6058,85,53,
32766,18073,6066,86,49,
32766,18078,6069,74,53,
32766,18065,6073,96,51,
32766,18064,6067,93,50,
32766,18068,6079,87,37,
32766,18062,6075,84,51,
32766,18069,6079,85,44,
32766,18061,6081,83,56,
32766,18067,6070,91,45,
32766,18069,6071,94,54,
32766,18077,6080,93,43,
32766,18072,6064,87,42,
32766,18067,6074,86,44,
32766,18073,6073,93,44,
32766,18068,6083,85,42,
32766,18061,6073,89,61,
32766,18060,6079,85,54,
32766,18070,6083,85,47,
32766,18062,6070,86,51,
32766,18060,6084,100,53,
32766,18058,6091,84,54,
32766,18069,6090,86,54,
32766,18069,6084,94,47,
32766,18053,6093,81,38,
32766,18052,6088,94,43,
32766,18059,6091,80,52,
32766,18050,6089,84,53,
32766,18054,6092,87,46,
32766,18051,6095,93,44,
32766,18057,6086,92,48,
32766,18058,6093,99,51,
32766,18057,6098,86,43,
32766,18047,6109,92,45,
32766,18061,6110,90,57,
32766,18047,6122,87,56,
32766,18051,6126,91,49,
32766,18054,6138,88,49,
32766,18048,6147,102,46,
32766,18058,6158,85,47,
32766,18043,6150,84,45,
32766,18035,6154,85,61,
32766,18038,6158,80,50,
32766,18042,6158,100,47,
32766,18045,6162,76,50,
32766,18044,6174,71,55,
32766,18037,6163,97,55,
32766,18035,6154,87,49,
32766,18039,6163,90,48,
32766,18050,6153,86,50,
32766,18048,6145,100,49,
32766,18030,6165,93,50,
32766,18025,6158,76,45,
32766,18035,6162,80,53,
32766,18028,6169,85,38,
32766,18027,6173,88,49,
32766,18022,6183,91,44,
32766,18030,6181,87,54,
32766,18031,6169,86,55,
32766,18028,6177,94,51,
32766,18023,6184,88,50,
32766,18030,6181,91,47,
32766,18019,6174,87,58,
32766,18021,6180,80,51,
32766,18017,6179,88,47,
32766,18017,6191,91,49,
32766,18023,6179,91,48,
32766,18009,6189,87,52,
32766,18018,6190,86,46,
32766,18018,6202,90,49,
32766,18020,6204,92,54,
32766,18017,6196,90,55,
32766,18024,6192,93,51,
32766,18025,6196,88,50,
32766,18029,6184,83,51,
32766,18025,6190,90,58,
32766,18037,6185,88,57,
32766,18032,6182,91,57,
32766,18029,6187,80,55,
32766,18036,6196,84,55,
32766,18032,6185,88,54,
32766,18029,6192,88,35,
32766,18034,6193,87,56,
32766,18034,6190,87,58,
32766,18031,6204,85,56,
32766,18025,6197,93,42,
32766,18031,6193,88,51,
32766,18033,6209,96,57,
32766,18026,6209,90,46,
32766,18038,6199,82,55,
32766,18036,6193,99,55,
32766,18046,6195,95,53,
32766,18041,6192,79,50,
32766,18054,6186,85,47,
32766,18046,6178,92,48,
32766,18046,6181,82,51,
32766,18048,6187,81,42,
32766,18042,6181,94,44,
32766,18043,6180,91,49,
32766,18034,6172,96,49,
32766,18044,6170,89,44,
32766,18048,6166,88,45,
32766,18052,6182,93,50,
32766,18051,6167,87,50,
32766,18053,6164,89,44,
32766,18053,6161,82,52,
32766,18048,6171,94,47,
32766,18051,6152,87,58,
32766,18057,6158,93,51,
32766,18050,6156,87,54,
32766,18051,6151,96,51,
32766,18054,6150,96,57,
32766,18055,6165,80,48,
32766,18060,6163,104,50,
32766,18064,6157,93,59,
32766,18055,6171,82,48,
32766,18072,6167,87,47,
32766,18071,6178,87,51,
32766,18067,6179,89,37,
32766,18065,6181,87,52,
32766,18065,6185,91,58,
32766,18067,6182,81,55,
32766,18054,6184,89,52,
32766,18056,6191,94,37,
32766,18056,6187,96,57,
32766,18065,6182,93,48,
32766,18051,6190,96,54,
32766,18063,6177,81,53,
32766,18066,6162,97,45,
32766,18067,6156,98,53,
32766,18060,6173,95,42,
32766,18064,6160,84,52,
32766,18070,6168,77,53,
32766,18064,6173,80,50,
32766,18065,6170,85,53,
32766,18062,6173,85,45,
32766,18063,6168,90,46,
32766,18062,6161,88,53,
32766,18069,6153,88,51,
32766,18067,6159,96,40,
32766,18072,6160,91,57,
32766,18075,6162,86,50,
32766,18078,6157,81,51,
32766,18065,6168,87,55,
32766,18060,6149,88,56,
32766,18061,6167,83,54,
32766,18066,6166,91,52,
32766,18066,6164,90,52,
32766,18070,6160,89,69,
32766,18071,6165,84,45,
32766,18059,6160,93,63,
32766,18064,6155,87,48,
32766,18071,6155,85,50,
32766,18071,6151,85,43,
32766,18072,6146,94,51,
32766,18079,6157,86,53,
32766,18067,6144,92,50,
32766,18072,6135,91,51,
32766,18075,6139,94,49,
32766,18077,6135,83,51,
32766,18070,6137,89,51,
32766,18077,6137,93,44,
32766,18078,6138,89,47,
32766,18069,6134,90,46,
32766,18080,6133,92,52,
32766,18068,6121,81,57,
32766,18073,6128,92,47,
32766,18074,6128,87,50,
32766,18076,6133,92,54,
32766,18068,6121,88,52,
32766,18069,6124,88,36,
32766,18080,6118,99,47,
32766,18075,6129,99,48,
32766,18076,6128,91,46,
32766,18082,6118,98,47,
32766,18077,6126,93,42,
32766,18074,6122,90,53,
32766,18082,6122,93,47,
32766,18085,6119,87,54,
32766,18089,6125,95,47,
32766,18081,6119,91,48,
32766,18071,6123,87,48,
32766,18078,6126,91,54,
32766,18091,6125,83,52,
32766,18082,6131,95,52,
32766,18084,6131,91,48,
32766,18080,6115,87,52,
32766,18083,6127,92,52,
32766,18089,6116,89,42,
32766,18081,6124,91,48,
32766,18087,6111,98,45,
32766,18088,6113,86,45,
32766,18086,6119,84,48,
32766,18088,6117,94,55,
32766,18098,6119,95,48,
32766,18087,6120,97,48,
32766,18082,6116,87,43,
32766,18084,6128,83,39,
32766,18095,6131,85,47,
32766,18089,6138,92,48,
32766,18084,6134,92,48,
32766,18089,6142,83,51,
32766,18092,6160,99,46,
32766,18089,6151,82,58,
32766,18085,6151,80,55,
32766,18091,6153,94,51,
32766,18081,6162,87,47,
32766,18070,6158,87,47,
32766,18077,6162,82,46,
32766,18074,6167,88,44,
32766,18077,6165,84,44,
32766,18073,6168,89,54,
32766,18074,6153,85,44,
32766,18076,6162,92,46,
32766,18080,6166,78,49,
32766,18078,6164,88,48,
32766,18071,6158,87,54,
32766,18075,6168,91,42,
32766,18072,6172,83,44,
32766,18065,6177,84,46,
32766,18069,6176,87,46,
32766,18069,6178,94,49,
32766,18067,6170,94,53,
32766,18053,6187,83,46,
32766,18052,6198,87,47,
32766,18042,6211,96,49,
32766,18032,6216,87,57,
32766,18035,6212,82,51,
32766,18028,6221,80,52,
32766,18024,6235,95,50,
32766,18025,6239,93,52,
32766,18026,6231,95,47,
32766,18020,6236,88,56,
32766,18031,6229,102,41,
32766,18026,6239,94,54,
32766,18036,6228,92,50,
32766,18030,6233,93,51,
32766,18028,6218,88,51,
32766,18025,6240,90,45,
32766,18027,6238,91,42,
32766,18036,6239,87,50,
32766,18028,6230,80,45,
32766,18027,6240,88,52,
32766,18028,6237,86,54,
32766,18028,6244,82,51,
32766,18019,6228,83,45,
32766,18015,6245,84,51,
32766,18016,6235,86,50,
32766,18009,6231,94,50,
32766,18002,6238,84,53,
32766,17998,6240,85,55,
32766,18005,6238,88,54,
32766,18000,6246,89,46,
32766,18000,6233,93,48,
32766,17991,6236,93,52,
32766,18001,6234,87,47,
32766,17998,6237,85,54,
32766,18009,6232,86,47,
32766,18005,6237,83,46,
32766,17999,6241,78,46,
32766,18007,6238,85,47,
32766,17994,6247,86,54,
32766,17999,6243,86,48,
32766,17994,6247,84,45,
32766,17989,6242,85,54,
32766,17988,6253,93,53,
32766,17992,6255,81,47,
32766,17992,6249,86,47,
32766,17984,6250,92,45,
32766,17987,6245,91,53,
32766,17988,6251,90,51,
32766,17989,6253,78,50,
32766,17983,6252,90,53,
32766,17980,6261,93,43,
32766,17984,6260,94,50,
32766,17980,6262,87,46,
32766,17975,6258,88,49,
32766,17975,6262,86,52,
32766,17965,6265,94,53,
32766,17986,6264,85,51,
32766,17986,6261,93,40,
32766,17977,6261,88,60,
32766,17979,6269,94,51,
32766,17987,6258,80,58,
32766,17979,6253,69,56,
32766,17979,6264,83,37,
32766,17982,6268,100,46,
32766,17978,6279,85,47,
32766,17976,6289,96,40,
32766,17971,6304,97,48,
32766,17967,6316,89,46,
32766,17965,6319,85,44,
32766,17969,6325,92,46,
32766,17958,6320,88,50,
32766,17947,6335,90,42,
32766,17943,6352,99,41,
32766,17940,6341,86,54,
32766,17943,6342,82,47,
32766,17943,6342,89,51,
32766,17944,6335,88,43,
32766,17949,6336,86,51,
32766,17956,6335,78,50,
32766,17945,6345,90,52,
32766,17936,6339,89,42,
32766,17948,6335,91,50,
32766,17936,6350,99,46,
32766,17936,6344,94,40,
32766,17938,6350,95,45,
32766,17925,6356,84,45,
32766,17931,6358,85,48,
32766,17935,6355,94,49,
32766,17930,6362,90,49,
32766,17924,6354,92,44,
32766,17942,6360,97,53,
32766,17934,6358,82,51,
32766,17938,6362,94,44,
32766,17941,6354,79,46,
32766,17954,6360,99,52,
32766,17940,6361,80,55,
32766,17948,6362,94,50,
32766,17958,6357,94,51,
32766,17944,6355,90,42,
32766,17946,6345,83,48,
32766,17947,6352,85,48,
32766,17958,6347,82,47,
32766,17954,6350,97,53,
32766,17957,6343,80,50,
32766,17962,6338,89,50,
32766,17956,6344,85,43,
32766,17965,6335,87,55,
32766,17964,6332,88,44,
32766,17971,6326,92,52,
32766,17978,6322,78,47,
32766,17965,6325,92,52,
32766,17971,6323,87,47,
32766,17979,6317,91,55,
32766,17966,6318,83,47,
32766,17961,6316,82,47,
32766,17963,6317,86,49,
32766,17971,6312,94,40,
32766,17978,6308,89,52,
32766,17970,6323,93,50,
32766,17970,6320,96,50,
32766,17975,6313,89,55,
32766,17974,6315,87,54,
32766,17987,6299,91,39,
32766,17993,6300,91,50,
32766,17980,6304,82,44,
32766,17982,6298,90,51,
32766,17987,6300,83,47,
32766,17987,6299,95,54,
32766,17992,6292,91,44,
32766,17985,6306,100,51,
32766,17987,6285,75,50,
32766,17984,6285,92,42,
32766,18003,6274,90,53,
32766,17997,6274,89,53,
32766,17996,6272,90,48,
32766,18001,6270,86,48,
32766,18000,6269,90,53,
32766,17994,6261,84,45,
32766,18002,6261,96,51,
32766,18001,6262,80,50,
32766,17996,6266,82,50,
32766,18003,6260,94,44,
32766,18004,6265,79,46,
32766,18005,6263,106,46,
32766,18008,6257,90,41,
32766,18003,6267,83,49,
32766,18001,6269,92,55,
32766,18006,6276,94,61,
32766,18002,6277,82,49,
32766,18010,6278,81,43,
32766,18010,6284,78,54,
32766,18014,6291,80,50,
32766,18005,6284,82,52,
32766,18010,6285,91,49,
32766,18006,6286,92,51,
32766,18002,6285,95,53,
32766,18014,6276,87,47,
32766,18002,6274,83,55,
32766,18002,6282,97,49,
32766,17998,6272,90,46,
32766,18004,6270,86,46,
32766,18007,6264,85,51,
32766,18005,6267,98,45,
32766,18005,6265,95,57,
32766,18001,6260,87,45,
32766,17996,6264,86,49,
32766,18010,6270,84,39,
32766,18011,6252,91,51,
32766,18005,6264,91,48,
32766,18009,6260,89,55,
32766,18013,6251,88,58,
32766,18013,6252,94,57,
32766,18015,6253,95,55,
32766,17999,6252,85,47,
32766,18004,6259,84,45,
32766,17998,6256,97,60,
32766,18007,6254,85,51,
32766,18010,6263,83,51,
32766,18000,6256,91,51,
32766,17998,6252,84,49,
32766,18000,6261,80,46,
32766,17998,6262,92,42,
32766,18008,6251,91,45,
32766,18013,6248,79,54,
32766,18001,6257,81,54,
32766,18008,6250,82,49,
32766,18008,6241,94,52,
32766,18005,6250,83,41,
32766,18006,6250,83,42,
32766,18006,6248,81,52,
32766,18017,6252,89,40,
32766,18013,6242,92,54,
32766,18011,6242,84,46,
32766,18020,6239,88,51,
32766,18020,6235,91,58,
32766,18026,6239,95,43,
32766,18008,6233,84,54,
32766,18015,6234,88,46,
32766,18016,6233,84,55,
32766,18009,6229,88,40,
32766,18011,6231,91,39,
32766,18003,6234,77,53,
32766,18010,6229,97,46,
32766,18014,6225,92,51,
32766,18018,6225,87,47,
32766,18017,6222,89,52,
32766,18020,6222,90,63,
32766,18029,6214,90,46,
32766,18029,6216,83,48,
32766,18029,6209,83,66,
32766,18036,6211,91,52,
32766,18027,6205,83,49,
32766,18034,6206,88,51,
32766,18035,6205,88,53,
32766,18030,6195,89,51,
32766,18034,6203,87,47,
32766,18020,6210,91,32,
32766,18026,6218,89,48,
32766,18018,6211,79,49,
32766,18022,6215,92,46,
32766,18026,6222,97,41,
32766,18037,6203,81,51,
32766,18034,6203,86,45,
32766,18042,6195,86,45,
32766,18044,6201,82,50,
32766,18040,6185,89,49,
32766,18040,6190,94,54,
32766,18031,6195,87,49,
32766,18029,6199,86,37,
32766,18022,6191,83,45,
32766,18034,6206,83,50,
32766,18015,6208,86,49,
32766,18018,6221,93,48,
32766,18015,6216,82,48,
32766,18015,6217,81,53,
32766,18022,6227,89,42,
32766,18015,6232,91,48,
32766,18033,6237,93,43,
32766,18033,6240,89,53,
32766,18038,6228,89,45,
32766,18042,6233,94,43,
32766,18038,6239,86,45,
32766,18037,6240,92,49,
32766,18043,6240,86,48,
32766,18023,6243,84,50,
32766,18032,6236,89,45,
32766,18022,6247,96,46,
32766,18021,6245,83,43,
32766,18017,6255,89,40,
32766,18011,6241,99,48,
32766,18014,6246,91,50,
32766,18028,6252,80,48,
32766,18019,6238,97,53,
32766,18029,6235,90,47,
32766,18013,6231,89,38,
32766,18023,6244,81,45,
32766,18018,6233,86,42,
32766,18023,6246,89,56,
32766,17998,6253,88,44,
32766,18005,6248,88,41,
32766,18000,6260,100,40,
32766,17995,6262,93,53,
32766,17998,6271,89,52,
32766,17990,6261,95,45,
32766,17989,6271,85,53,
32766,17985,6275,88,51,
32766,17988,6288,91,36,
32766,17983,6283,90,47,
32766,17985,6275,85,49,
32766,17989,6269,93,55,
32766,17990,6271,86,52,
32766,17986,6263,83,48,
32766,17991,6276,90,40,
32766,17985,6281,90,53,
32766,17984,6275,89,53,
32766,17968,6285,89,49,
32766,17972,6280,91,57,
32766,17982,6282,92,42,
32766,17972,6289,80,46,
32766,17979,6294,85,51,
32766,17977,6296,88,52,
32766,17978,6293,92,41,
32766,17970,6295,101,48,
32766,17976,6293,86,50,
32766,17975,6286,87,57,
32766,17980,6284,89,46,
32766,17967,6294,77,57,
32766,17964,6283,86,45,
32766,17971,6282,75,42,
32766,17977,6281,97,43,
32766,17981,6292,94,46,
32766,17970,6291,95,44,
32766,17965,6288,87,50,
32766,17959,6292,87,56,
32766,17956,6300,90,54,
32766,17970,6297,83,47,
32766,17949,6303,92,56,
32766,17966,6297,99,51,
32766,17952,6315,97,45,
32766,17963,6305,86,48,
32766,17951,6302,83,43,
32766,17959,6308,87,51,
32766,17965,6310,91,57,
32766,17964,6301,77,39,
32766,17950,6307,96,42,
32766,17950,6309,92,39,
32766,17954,6313,88,60,
32766,17957,6318,85,46,
32766,17940,6327,87,49,
32766,17941,6325,80,57,
32766,17940,6334,87,57,
32766,17933,6325,97,42,
32766,17936,6324,88,44,
32766,17932,6323,82,48,
32766,17946,6319,97,57,
32766,17953,6329,85,45,
32766,17951,6333,97,50,
32766,17961,6318,84,52,
32766,17956,6326,89,46,
32766,17956,6307,90,33,
32766,17954,6310,84,50,
32766,17961,6312,85,38,
32766,17962,6323,91,52,
32766,17952,6323,91,51,
32766,17950,6318,96,48,
32766,17951,6331,77,52,
32766,17956,6337,97,46,
32766,17960,6333,78,54,
32766,17961,6347,97,53,
32766,17964,6343,89,53,
32766,17955,6345,89,47,
32766,17966,6345,92,53,
32766,17966,6354,83,46,
32766,17964,6344,79,45,
32766,17973,6341,82,50,
32766,17971,6350,82,53,
32766,17967,6347,99,54,
32766,17959,6337,93,48,
32766,17972,6332,94,49,
32766,17968,6331,87,45,
32766,17980,6320,93,47,
32766,17966,6322,85,46,
32766,17978,6311,91,48,
32766,17974,6316,83,44,
32766,17981,6318,93,47,
32766,17980,6306,86,53,
32766,17986,6311,76,52,
32766,17977,6308,79,51,
32766,17970,6309,87,54,
32766,17974,6311,86,54,
32766,17978,6310,95,50,
32766,17962,6309,85,46,
32766,17978,6306,91,50,
32766,17974,6305,93,49,
32766,17988,6299,90,58,
32766,17981,6305,92,51,
32766,17984,6300,82,42,
32766,17981,6312,89,41,
32766,17984,6302,97,47,
32766,17983,6304,89,54,
32766,17983,6295,81,48,
32766,17984,6303,89,53,
32766,17985,6310,83,46,
32766,17984,6301,88,48,
32766,17987,6293,88,55,
32766,17996,6288,85,47,
32766,17990,6294,84,45,
32766,17979,6291,94,49,
32766,17985,6288,86,50,
32766,17992,6298,79,51,
32766,17989,6297,93,47,
32766,18000,6280,87,40,
32766,17997,6281,91,47,
32766,18001,6294,89,44,
32766,17993,6280,87,56,
32766,17995,6283,81,48,
32766,17993,6278,89,46,
32766,17985,6284,90,51,
32766,17985,6290,92,47,
32766,17986,6276,94,44,
32766,17981,6294,93,47,
32766,17982,6280,85,39,
32766,17985,6292,98,52,
32766,17993,6288,93,50,
32766,17998,6265,86,48,
32766,17992,6267,87,47,
32766,17996,6256,81,48,
32766,18000,6268,85,39,
32766,18000,6266,85,48,
32766,18001,6264,87,62,
32766,17992,6271,87,55,
32766,17989,6272,98,53,
32766,17986,6266,86,51,
32766,17996,6261,84,46,
32766,17982,6272,75,58,
32766,17975,6278,96,46,
32766,17981,6267,84,54,
32766,17990,6267,88,45,
32766,17976,6264,88,41,
32766,17993,6245,86,46,
32766,17987,6260,91,51,
32766,18000,6257,89,50,
32766,18003,6255,90,55,
32766,17995,6250,97,46,
32766,17995,6251,87,50,
32766,17997,6250,89,44,
32766,17974,6250,89,50,
32766,18003,6249,83,52,
32766,17992,6247,82,50,
32766,17992,6255,93,52,
32766,17982,6250,91,48,
32766,17994,6243,89,50,
32766,17998,6245,87,49,
32766,17993,6247,80,49,
32766,18004,6250,93,48,
32766,18006,6253,88,53,
32766,18017,6260,87,56,
32766,18020,6266,80,51,
32766,18025,6266,104,45,
32766,18023,6271,86,51,
32766,18018,6254,85,44,
32766,18011,6259,86,51,
32766,18018,6275,95,52,
32766,18014,6269,90,40,
32766,18015,6266,94,51,
32766,18006,6279,88,43,
32766,17989,6268,88,44,
32766,18001,6276,86,47,
32766,17996,6267,86,43,
32766,17999,6273,91,54,
32766,18017,6249,88,52,
32766,18003,6252,84,53,
32766,18005,6250,90,54,
32766,18017,6254,94,56,
32766,18015,6250,91,49,
32766,18023,6241,83,50,
32766,18014,6235,82,43,
32766,18017,6248,89,42,
32766,18016,6245,91,48,
32766,18006,6243,82,47,
32766,18003,6246,84,53,
32766,18002,6254,83,42,
32766,17992,6245,92,53,
32766,17998,6250,91,50,
32766,17996,6254,93,49,
32766,17998,6255,90,48,
32766,18010,6253,84,46,
32766,18001,6243,96,48,
32766,18014,6248,86,51,
32766,18017,6248,89,40,
32766,18014,6247,79,49,
32766,18009,6244,84,46,
32766,18015,6246,87,47,
32766,18007,6246,89,56,
32766,18011,6255,84,52,
32766,17998,6274,90,47,
32766,18001,6262,94,57,
32766,18008,6260,81,46,
32766,18006,6265,95,54,
32766,17997,6268,87,40,
32766,18001,6257,80,50,
32766,18004,6267,96,56,
32766,18011,6256,81,51,
32766,18018,6251,84,49,
32766,18013,6256,87,59,
32766,18015,6259,95,52,
32766,18019,6253,85,51,
32766,18021,6257,85,51,
32766,18006,6255,88,41,
32766,17995,6266,85,47,
32766,18002,6271,77,49,
32766,18000,6272,92,49,
32766,17987,6272,86,46,
32766,18000,6284,85,44,
32766,17995,6287,91,47,
32766,17993,6282,84,48,
32766,17989,6287,86,53,
32766,17994,6285,86,42,
32766,17997,6278,92,45,
32766,18004,6289,87,51,
32766,18003,6280,89,61,
32766,18001,6287,98,50,
32766,17990,6293,94,50,
32766,18009,6287,94,39,
32766,17989,6289,89,44,
32766,17996,6298,83,47,
32766,17983,6310,90,49,
32766,17976,6307,76,51,
32766,17976,6315,88,46,
32766,17977,6307,92,47,
32766,17977,6310,90,36,
32766,17966,6304,88,40,
32766,17981,6307,88,46,
32766,17986,6309,92,56,
32766,17994,6299,83,48,
32766,17986,6303,92,48,
32766,17990,6292,91,49,
32766,17974,6301,87,49,
32766,17977,6301,87,46,
32766,17968,6310,85,50,
32766,17970,6313,89,52,
32766,17972,6316,89,49,
32766,17963,6317,85,58,
32766,17974,6324,86,37,
32766,17970,6320,91,46,
32766,17966,6306,81,46,
32766,17972,6319,88,55,
32766,17974,6323,77,38,
32766,17971,6332,83,48,
32766,17973,6335,89,50,
32766,17966,6349,87,42,
32766,17966,6352,85,44,
32766,17962,6355,85,56,
32766,17957,6361,93,53,
32766,17948,6368,89,45,
32766,17949,6370,86,44,
32766,17934,6386,98,56,
32766,17949,6386,84,50,
32766,17945,6383,84,50,
32766,17937,6378,85,50,
32766,17946,6381,86,35,
32766,17936,6378,85,52,
32766,17941,6373,87,51,
32766,17943,6370,93,52,
32766,17939,6372,87,58,
32766,17946,6368,84,47,
32766,17932,6366,94,43,
32766,17940,6388,93,54,
32766,17931,6378,90,55,
32766,17927,6387,88,48,
32766,17916,6384,92,44,
32766,17921,6401,82,43,
32766,17915,6391,94,48,
32766,17907,6396,89,49,
32766,17905,6396,87,51,
32766,17912,6409,82,45,
32765,17916,6399,85,47,
32766,17914,6402,94,48,
32766,17913,6409,89,48,
32766,17912,6405,94,49,
32766,17914,6409,87,55,
32764,17919,6407,84,57,
32766,17914,6411,89,55,
32766,17910,6409,80,46,
32766,17911,6410,98,49,
32759,17912,6420,93,47,
32761,17913,6416,82,48,
32765,17903,6412,83,57,
32765,17917,6413,91,49,
32766,17909,6415,93,52,
32763,17918,6418,84,52,
32766,17923,6412,86,52,
32766,17924,6412,89,52,
32766,17918,6407,95,52,
32766,17932,6402,89,45,
32766,17935,6402,94,48,
32766,17928,6393,92,44,
32766,17934,6383,86,49,
32766,17935,6385,92,52,
32766,17933,6378,90,48,
32766,17944,6392,87,51,
32766,17930,6392,83,46,
32766,17922,6390,90,47,
32766,17927,6389,82,43,
32766,17924,6388,87,44,
32766,17924,6397,91,49,
32766,17923,6399,90,49,
32766,17918,6391,88,54,
32766,17922,6387,91,42,
32766,17918,6402,88,55,
32766,17919,6397,86,52,
32766,17925,6392,92,47,
32766,17924,6399,86,42,
32766,17918,6396,89,47,
32766,17927,6399,84,57,
32766,17922,6396,88,49,
32766,17928,6390,91,48,
32766,17919,6387,99,49,
32766,17913,6385,93,49,
32766,17925,6394,88,56,
32766,17916,6393,88,52,
32766,17922,6393,99,51,
32766,17919,6397,86,42,
32766,17927,6392,94,50,
32766,17927,6394,88,49,
32766,17929,6397,93,47,
32766,17930,6383,79,54,
32766,17933,6385,85,48,
32766,17925,6382,88,52,
32766,17939,6382,88,50,
32766,17936,6389,92,49,
32766,17927,6385,87,52,
32766,17930,6390,91,57,
32766,17929,6385,91,51,
32766,17935,6407,92,50,
32766,17931,6402,90,39,
32766,17931,6410,83,55,
32766,17936,6415,85,39,
32766,17937,6418,88,46,
32766,17931,6414,84,54,
32766,17924,6416,83,50,
32766,17931,6407,76,43,
32766,17932,6401,74,57,
32766,17931,6401,82,54,
32766,17934,6403,86,51,
32766,17934,6401,90,50,
32766,17932,6390,83,48,
32766,17937,6388,86,50,
32766,17925,6383,89,52,
32766,17929,6379,86,46,
32766,17928,6383,87,44,
32766,17924,6377,102,52,
32766,17913,6382,91,54,
32766,17923,6377,79,53,
32766,17922,6385,89,61,
32766,17913,6389,94,47,
32766,17924,6374,84,46,
32766,17922,6374,89,48,
32766,17935,6379,87,41,
32766,17937,6368,91,46,
32766,17932,6364,77,47,
32766,17933,6368,90,54,
32766,17932,6361,82,56,
32766,17931,6374,78,47,
32766,17929,6373,88,45,
32766,17926,6378,83,39,
32766,17920,6365,87,46,
32766,17931,6368,90,46,
32766,17920,6375,92,54,
32766,17932,6375,86,48,
32766,17933,6364,95,50,
32766,17929,6361,85,50,
32766,17936,6368,87,54,
32766,17941,6354,96,44,
32766,17930,6361,89,40,
32766,17935,6355,89,51,
32766,17927,6344,82,51,
32766,17940,6341,92,51,
32766,17930,6343,79,47,
32766,17948,6342,86,53,
32766,17931,6346,84,44,
32766,17933,6332,86,44,
32766,17922,6348,83,49,
32766,17926,6342,95,54,
32766,17935,6349,86,53,
32766,17930,6337,82,54,
32766,17935,6341,81,48,
32766,17930,6343,89,52,
32766,17930,6332,94,41,
32766,17934,6333,87,48,
32766,17931,6345,93,46,
32766,17939,6350,92,49,
32766,17931,6343,85,46,
32766,17938,6341,83,52,
32766,17939,6338,80,51,
32766,17933,6335,77,46,
32766,17937,6338,94,48,
32766,17938,6333,90,55,
32766,17940,6335,89,52,
32766,17948,6342,75,56,
32766,17951,6335,91,45,
32766,17946,6329,97,51,
32766,17931,6323,84,43,
32766,17947,6332,91,50,
32766,17941,6324,88,46,
32766,17935,6324,88,44,
32766,17932,6326,91,48,
32766,17941,6318,85,44,
32766,17942,6325,89,45,
32766,17942,6321,82,58,
32766,17948,6320,89,53,
32766,17952,6319,84,57,
32766,17949,6311,91,56,
32766,17947,6323,82,51,
32766,17956,6319,87,60,
32766,17948,6326,92,51,
32766,17969,6317,84,45,
32766,17963,6321,89,46,
32766,17959,6320,77,39,
32766,17956,6317,81,41,
32766,17949,6324,86,46,
32766,17966,6331,91,51,
32766,17967,6339,84,52,
32766,17956,6336,91,45,
32766,17961,6345,83,45,
32766,17954,6362,83,56,
32766,17958,6367,89,46,
32766,17958,6363,86,48,
32766,17952,6367,73,45,
32766,17950,6377,86,45,
32766,17946,6369,86,55,
32766,17956,6371,98,45,
32766,17947,6375,91,43,
32766,17955,6373,85,45,
32766,17949,6369,83,64,
32766,17964,6361,99,51,
32766,17950,6357,76,41,
32766,17949,6359,87,55,
32766,17954,6361,88,44,
32766,17954,6361,86,48,
32766,17957,6365,83,46,
32766,17947,6370,91,48,
32766,17958,6354,87,52,
32766,17945,6369,87,66,
32766,17947,6372,88,50,
32766,17952,6366,82,49,
32766,17955,6378,78,42,
32766,17949,6388,81,49,
32766,17955,6384,90,51,
32766,17951,6381,94,48,
32766,17948,6386,78,48,
32766,17956,6388,87,52,
32766,17957,6394,85,44,
32766,17956,6394,90,45,
32766,17959,6395,90,53,
32766,17958,6401,85,40,
32766,17954,6406,81,52,
32766,17959,6413,84,45,
32766,17945,6411,85,40,
32766,17945,6410,79,48,
32766,17952,6410,89,42,
32766,17955,6415,82,44,
32766,17953,6410,83,44,
32766,17954,6412,98,47,
32766,17956,6410,82,49,
32766,17965,6414,84,54,
32766,17951,6407,91,52,
32766,17956,6412,91,46,
32766,17957,6402,89,57,
32766,17951,6423,87,53,
32766,17951,6409,81,58,
32766,17946,6405,86,53,
32766,17948,6416,87,52,
32766,17940,6412,86,52,
32766,17935,6417,86,36,
32766,17947,6417,92,53,
32766,17932,6415,89,49,
32766,17951,6419,93,51,
32766,17943,6419,88,51,
32766,17934,6422,85,49,
32766,17942,6423,88,52,
32766,17930,6411,83,44,
32766,17935,6425,91,47,
32766,17931,6429,90,50,
32766,17924,6435,91,40,
32766,17933,6431,90,49,
32766,17934,6434,88,53,
32766,17926,6437,85,57,
32766,17932,6441,98,41,
32766,17919,6435,80,52,
32766,17920,6439,89,43,
32766,17926,6446,87,45,
32760,17919,6448,83,59,
32757,17921,6460,89,59,
32756,17916,6445,78,55,
32747,17919,6462,93,53,
32747,17914,6469,84,54,
32748,17916,6454,86,46,
32743,17913,6461,94,50,
32743,17915,6460,85,41,
32743,17903,6466,96,48,
32744,17916,6458,78,51,
32746,17916,6453,94,57,
32746,17917,6470,85,44,
32745,17910,6464,88,45,
32743,17912,6464,87,48,
32739,17900,6462,93,50,
32735,17912,6464,99,47,
32732,17907,6476,84,54,
32732,17908,6474,84,53,
32722,17897,6480,86,46,
32723,17906,6485,93,48,
32717,17902,6488,85,46,
32713,17890,6504,87,50,
32713,17911,6510,92,52,
32713,17908,6508,90,52,
32711,17913,6525,86,50,
32705,17908,6514,87,41,
32709,17908,6515,83,44,
32711,17901,6511,95,41,
32706,17906,6516,100,42,
32703,17909,6522,93,51,
32706,17902,6524,89,44,
32712,17908,6518,90,50,
32716,17907,6506,78,55,
32719,17912,6509,83,45,
32723,17909,6504,83,43,
32730,17915,6502,86,44,
32733,17912,6485,93,44,
32740,17914,6490,91,48,
32736,17923,6474,84,55,
32740,17918,6496,90,47,
32740,17910,6480,94,46,
32730,17906,6485,85,58,
32739,17919,6495,96,46,
32735,17914,6489,91,48,
32738,17922,6482,83,49,
32738,17919,6482,87,52,
32742,17921,6480,89,54,
32748,17921,6476,83,50,
32748,17925,6469,89,49,
32756,17924,6458,86,44,
32759,17947,6472,74,53,
32760,17934,6469,93,58,
32761,17939,6463,87,44,
32765,17947,6461,92,50,
32766,17942,6462,85,59,
32766,17932,6452,96,44,
32766,17940,6461,73,45,
32766,17938,6453,88,49,
32766,17945,6450,92,53,
32766,17954,6457,88,36,
32766,17962,6451,88,62,
32766,17941,6439,83,49,
32766,17945,6448,93,46,
32766,17949,6439,74,45,
32766,17944,6440,87,44,
32766,17959,6433,92,41,
32766,17955,6431,100,48,
32766,17965,6429,88,38,
32766,17958,6434,96,48,
32766,17953,6434,93,41,
32766,17955,6432,82,34,
32766,17956,6425,94,49,
32766,17950,6423,97,46,
32766,17960,6427,84,46,
32766,17943,6426,85,55,
32766,17957,6426,83,48,
32766,17959,6426,78,54,
32766,17965,6421,89,59,
32766,17958,6423,88,39,
32766,17968,6419,89,37,
32766,17971,6427,94,60,
32766,17959,6428,75,51,
32766,17964,6416,88,54,
32766,17955,6406,86,57,
32766,17960,6407,82,42,
32766,17958,6408,93,55,
32766,17967,6412,95,45,
32766,17965,6414,83,45,
32766,17958,6414,77,39,
32766,17961,6418,90,43,
32766,17962,6413,88,36,
32766,17966,6415,87,43,
32766,17969,6411,83,44,
32766,17965,6400,89,43,
32766,17964,6401,91,45,
32766,17969,6404,94,50,
32766,17967,6399,91,48,
32766,17972,6398,85,48,
32766,17961,6405,90,48,
32766,17970,6397,85,55,
32766,17974,6400,86,45,
32766,17982,6400,80,52,
32766,17968,6397,90,39,
32766,17966,6388,84,46,
32766,17982,6392,82,45,
32766,17980,6402,95,43,
32766,17975,6403,91,44,
32766,17980,6412,93,43,
32766,17981,6408,89,53,
32766,17987,6407,88,46,
32766,17971,6409,78,46,
32766,17970,6414,87,48,
32766,17975,6412,83,45,
32766,17976,6420,86,57,
32766,17980,6416,89,50,
32766,17972,6418,91,40,
32766,17983,6414,92,45,
32766,17980,6409,92,36,
32766,17974,6404,82,57,
32766,17982,6399,88,45,
32766,17979,6389,79,45,
32766,17988,6385,84,49,
32766,17979,6380,77,57,
32766,17979,6390,75,52,
32766,17976,6389,83,52,
32766,17971,6400,91,50,
32766,17965,6384,92,37,
32766,17967,6393,87,51,
32766,17979,6391,86,42,
32766,17971,6401,87,45,
32766,17972,6377,86,43,
32766,17975,6390,85,51,
32766,17971,6390,92,51,
32766,17967,6386,82,60,
32766,17967,6391,91,45,
32766,17976,6388,85,42,
32766,17966,6397,87,53,
32766,17967,6400,91,54,
32766,17949,6399,91,44,
32766,17951,6411,88,41,
32766,17956,6405,85,51,
32766,17949,6408,91,46,
32766,17958,6409,95,46,
32766,17950,6410,84,58,
32766,17957,6405,78,55,
32766,17951,6408,98,53,
32766,17955,6402,78,51,
32766,17954,6404,90,38,
32766,17963,6402,88,49,
32766,17955,6408,81,42,
32766,17958,6395,88,55,
32766,17965,6399,84,54,
32766,17970,6397,82,49,
32766,17950,6397,88,44,
32766,17957,6392,90,48,
32766,17954,6399,92,52,
32766,17961,6398,96,45,
32766,17955,6394,87,53,
32766,17946,6391,87,48,
32766,17951,6397,89,48,
32766,17944,6388,87,49,
32766,17949,6390,100,49,
32766,17953,6384,84,48,
32766,17954,6383,82,54,
32766,17949,6381,85,52,
32766,17964,6391,78,53,
32766,17957,6391,79,40,
32766,17971,6381,93,47,
32766,17964,6379,86,37,
32766,17966,6388,90,52,
32766,17969,6378,89,45,
32766,17969,6383,91,43,
32766,17967,6376,95,58,
32766,17960,6383,84,51,
32766,17957,6383,86,60,
32766,17958,6383,78,45,
32766,17957,6385,91,48,
32766,17965,6386,90,47,
32766,17944,6390,94,48,
32766,17955,6396,86,44,
32766,17958,6386,84,45,
32766,17960,6389,84,44,
32766,17957,6379,81,46,
32766,17951,6394,86,46,
32766,17955,6388,98,55,
32766,17954,6380,84,40,
32766,17953,6396,89,51,
32766,17948,6388,85,46,
32766,17955,6385,93,56,
32766,17952,6389,83,51,
32766,17950,6389,81,47,
32766,17945,6387,90,40,
32766,17953,6388,85,53,
32766,17946,6388,84,52,
32766,17936,6397,85,45,
32766,17942,6401,84,45,
32766,17936,6407,92,50,
32766,17937,6413,90,49,
32766,17930,6434,92,45,
32766,17934,6426,76,50,
32766,17929,6436,88,50,
32766,17927,6440,96,36,
32766,17931,6456,95,52,
32759,17931,6455,91,53,
32762,17920,6456,87,46,
32754,17919,6467,85,63,
32751,17914,6458,81,47,
32752,17914,6462,94,53,
32755,17914,6469,88,55,
32754,17913,6458,84,55,
32754,17917,6461,86,40,
32756,17919,6467,91,45,
32757,17922,6458,91,47,
32764,17921,6455,85,50,
32759,17910,6446,91,56,
32753,17910,6453,88,41,
32752,17914,6451,83,46,
32751,17904,6449,82,49,
32753,17904,6460,96,50,
32745,17908,6452,80,48,
32751,17908,6454,81,51,
32749,17906,6447,98,51,
32749,17908,6445,89,54,
32752,17910,6458,87,46,
32755,17900,6449,96,47,
32745,17903,6447,92,56,
32743,17898,6451,84,53,
32742,17904,6460,89,48,
32740,17893,6462,90,47,
32735,17896,6452,90,47,
32737,17895,6460,74,54,
32731,17889,6468,90,43,
32737,17890,6462,88,51,
32733,17899,6468,79,52,
32735,17893,6464,83,47,
32734,17896,6464,92,53,
32733,17888,6464,100,52,
32737,17899,6466,90,49,
32742,17893,6466,84,48,
32733,17891,6457,90,52,
32737,17902,6461,88,46,
32738,17892,6469,81,46,
32733,17891,6466,88,49,
32735,17888,6469,84,42,
32733,17903,6461,90,43,
32735,17903,6459,94,43,
32738,17899,6462,86,39,
32737,17895,6458,84,43,
32733,17904,6460,88,56,
32735,17899,6462,80,50,
32733,17894,6467,85,43,
32739,17891,6471,86,52,
32735,17895,6471,80,41,
32737,17890,6461,86,43,
32739,17899,6461,86,53,
32738,17886,6457,91,51,
32737,17898,6465,85,47,
32745,17899,6455,81,51,
32739,17902,6459,85,52,
32741,17912,6452,86,49,
32749,17893,6456,90,54,
32754,17906,6451,92,45,
32756,17904,6438,85,55,
32755,17915,6438,78,39,
32763,17918,6451,90,54,
32766,17912,6446,92,51,
32766,17907,6436,84,56,
32765,17923,6433,89,37,
32761,17918,6432,84,45,
32766,17919,6435,85,48,
32766,17913,6427,84,50,
32766,17908,6420,97,53,
32766,17925,6415,96,48,
32766,17915,6416,92,46,
32766,17926,6415,82,47,
32766,17919,6402,85,56,
32766,17930,6409,93,45,
32766,17930,6402,83,53,
32766,17930,6404,87,53,
32766,17950,6386,87,45,
32766,17939,6397,86,49,
32766,17945,6386,90,52,
32766,17946,6382,85,48,
32766,17942,6379,88,48,
32766,17947,6388,82,45,
32766,17941,6395,81,46,
32766,17933,6410,88,42,
32766,17923,6415,95,44,
32766,17927,6423,84,48,
32766,17935,6419,95,45,
32766,17940,6424,89,44,
32766,17940,6428,89,49,
32766,17943,6421,93,52,
32766,17942,6417,90,38,
32766,17931,6431,95,49,
32766,17947,6423,86,39,
32766,17944,6412,83,50,
32766,17945,6413,91,51,
32766,17941,6418,87,52,
32766,17938,6417,91,53,
32766,17937,6418,85,53,
32766,17940,6421,80,51,
32766,17932,6414,94,46,
32766,17932,6409,91,55,
32766,17933,6408,88,61,
32766,17927,6413,90,50,
32766,17940,6404,86,53,
32766,17937,6405,76,43,
32766,17947,6393,86,52,
32766,17948,6399,87,45,
32766,17937,6391,88,48,
32766,17938,6395,84,54,
32766,17946,6389,83,50,
32766,17942,6409,78,51,
32766,17937,6404,82,52,
32766,17940,6406,98,47,
32766,17942,6405,86,57,
32766,17937,6399,77,48,
32766,17939,6406,91,42,
32766,17936,6395,84,49,
32766,17947,6393,83,48,
32766,17948,6384,85,41,
32766,17951,6380,81,51,
32766,17948,6379,83,55,
32766,17957,6379,85,44,
32766,17949,6371,92,49,
32766,17958,6372,84,60,
32766,17947,6380,90,49,
32766,17957,6364,91,52,
32766,17957,6371,85,38,
32766,17957,6371,93,52,
32766,17941,6377,87,37,
32766,17952,6368,83,49,
32766,17963,6377,86,42,
32766,17953,6361,86,47,
32766,17962,6361,87,49,
32766,17958,6352,87,53,
32766,17962,6360,89,46,
32766,17958,6365,90,50,
32766,17971,6352,88,51,
32766,17965,6360,86,46,
32766,17969,6346,83,39,
32766,17967,6340,84,37,
32766,17965,6352,87,44,
32766,17960,6359,85,41,
32766,17950,6361,79,48,
32766,17964,6363,87,53,
32766,17960,6362,87,50,
32766,17952,6366,89,51,
32766,17963,6371,75,53,
32766,17955,6360,81,43,
32766,17956,6361,83,59,
32766,17971,6355,89,46,
32766,17967,6361,88,46,
32766,17971,6354,94,43,
32766,17973,6347,89,46,
32766,17971,6345,79,42,
32766,17966,6350,89,41,
32766,17961,6356,90,48,
32766,17959,6346,85,40,
32766,17958,6362,83,48,
32766,17969,6353,93,49,
32766,17952,6353,95,45,
32766,17955,6361,81,40,
32766,17943,6357,93,37,
32766,17944,6350,78,50,
32766,17950,6359,87,48,
32766,17964,6345,88,51,
32766,17964,6350,84,48,
32766,17972,6342,87,50,
32766,17974,6336,89,51,
32766,17969,6335,87,53,
32766,17975,6346,89,47,
32766,17970,6354,100,50,
32766,17965,6339,88,46,
32766,17960,6342,82,47,
32766,17965,6346,84,46,
32766,17958,6362,86,48,
32766,17955,6371,88,49,
32766,17957,6366,92,39,
32766,17967,6376,86,50,
32766,17971,6381,87,54,
32766,17971,6384,81,38,
32766,17968,6381,87,46,
32766,17968,6377,93,53,
32766,17973,6398,93,43,
32766,17954,6380,76,40,
32766,17970,6386,83,45,
32766,17965,6383,86,49,
32766,17968,6377,97,37,
32766,17954,6378,79,54,
32766,17960,6373,91,42,
32766,17968,6377,88,43,
32766,17968,6365,89,52,
32766,17981,6365,96,51,
32766,17965,6361,86,40,
32766,17967,6356,86,54,
32766,17966,6372,90,53,
32766,17959,6369,84,43,
32766,17972,6368,90,43,
32766,17958,6368,88,50,
32766,17956,6366,94,39,
32766,17948,6372,91,47,
32766,17947,6371,82,55,
32766,17959,6385,84,52,
32766,17957,6377,75,49,
32766,17957,6381,88,55,
32766,17954,6380,91,49,
32766,17951,6380,85,51,
32766,17947,6393,93,48,
32766,17952,6389,89,48,
32766,17949,6389,90,51,
32766,17943,6391,90,57,
32766,17951,6395,89,52,
32766,17939,6398,93,46,
32766,17950,6404,79,42,
32766,17950,6410,84,54,
32766,17948,6400,98,47,
32766,17947,6404,91,60,
32766,17942,6413,87,52,
32766,17951,6411,88,57,
32766,17943,6417,82,44,
32766,17954,6410,86,53,
32766,17963,6411,90,49,
32766,17959,6405,90,54,
32766,17957,6400,74,45,
32766,17959,6401,79,48,
32766,17966,6398,87,41,
32766,17953,6401,89,43,
32766,17956,6394,92,47,
32766,17961,6414,94,57,
32766,17942,6406,91,55,
32766,17946,6405,84,50,
32766,17939,6411,73,47,
32766,17926,6423,83,62,
32766,17932,6420,80,55,
32766,17932,6422,83,43,
32766,17938,6429,91,59,
32766,17936,6417,91,51,
32766,17945,6417,80,44,
32766,17953,6409,82,37,
32766,17948,6407,80,42,
32766,17960,6411,86,43,
32766,17946,6408,79,48,
32766,17948,6417,88,48,
32766,17935,6409,94,47,
32766,17927,6423,89,49,
32766,17933,6422,91,49,
32766,17918,6428,81,51,
32766,17922,6432,89,49,
32766,17919,6426,80,48,
32766,17916,6426,84,56,
32766,17910,6426,84,46,
32766,17923,6427,91,41,
32766,17924,6428,87,50,
32766,17931,6423,95,50,
32766,17927,6427,82,50,
32766,17936,6422,95,43,
32766,17921,6417,90,46,
32766,17918,6431,88,45,
32766,17915,6429,92,62,
32766,17914,6437,80,53,
32766,17915,6437,87,44,
32766,17895,6435,97,49,
32763,17901,6438,80,46,
32760,17901,6444,93,59,
32761,17902,6452,83,52,
32757,17903,6445,88,46,
32757,17907,6430,94,49,
32760,17913,6455,76,49,
32762,17910,6450,104,50,
32758,17909,6457,93,50,
32760,17911,6463,78,50,
32748,17905,6467,90,50,
32744,17900,6468,89,48,
32738,17908,6478,87,47,
32726,17901,6495,84,57,
32727,17889,6500,92,52,
32721,17884,6496,80,51,
32718,17875,6501,91,55,
32715,17884,6497,94,43,
32711,17885,6495,85,55,
32715,17885,6504,90,53,
32721,17899,6488,94,49,
32728,17897,6481,87,53,
32739,17904,6484,90,41,
32741,17908,6469,83,44,
32748,17900,6473,91,49,
32742,17908,6463,91,44,
32743,17894,6470,82,42,
32740,17902,6468,77,47,
32739,17904,6475,97,52,
32735,17899,6470,88,55,
32730,17896,6463,95,48,
32735,17896,6460,80,51,
32736,17895,6472,96,38,
32737,17888,6460,89,45,
32742,17899,6454,90,43,
32746,17903,6461,85,54,
32746,17907,6452,89,51,
32754,17906,6445,91,51,
32763,17907,6447,89,57,
32762,17917,6447,96,50,
32760,17921,6443,72,39,
32761,17923,6447,80,58,
32766,17909,6433,85,52,
32759,17914,6451,85,45,
32762,17914,6444,92,44,
32763,17911,6446,80,49,
32765,17912,6444,83,47,
32766,17913,6441,92,48,
32766,17909,6437,80,45,
32766,17915,6434,96,52,
32766,17924,6420,94,47,
32766,17920,6425,91,45,
32766,17919,6416,94,56,
32766,17919,6424,93,48,
32766,17925,6416,91,41,
32766,17925,6418,89,47,
32766,17916,6421,100,49,
32766,17920,6422,84,51,
32766,17925,6416,87,41,
32766,17919,6405,85,45,
32766,17915,6414,80,52,
32766,17920,6409,90,48,
32766,17920,6403,83,50,
32766,17920,6410,91,52,
32766,17929,6400,94,60,
32766,17926,6408,91,49,
32766,17924,6407,76,45,
32766,17921,6407,87,47,
32766,17923,6405,84,52,
32766,17914,6410,83,48,
32766,17919,6403,92,47,
32766,17920,6405,84,50,
32766,17921,6423,87,48,
32766,17906,6406,93,50,
32766,17930,6399,81,52,
32766,17928,6406,85,50,
32766,17918,6402,88,56,
32766,17924,6403,90,53,
32766,17925,6409,84,58,
32766,17921,6405,94,38,
32766,17922,6412,88,51,
32766,17915,6410,86,52,
32766,17895,6411,86,47,
32766,17898,6414,91,54,
32766,17910,6415,97,42,
32766,17904,6417,84,51,
32766,17903,6404,85,47,
32766,17902,6412,86,46,
32766,17900,6416,94,51,
32766,17896,6410,90,51,
32766,17904,6411,85,53,
32766,17906,6402,86,43,
32766,17906,6410,102,44,
32766,17903,6408,94,41,
32766,17909,6424,80,50,
32766,17898,6432,81,48,
32764,17899,6427,86,44,
32765,17904,6439,96,47,
32755,17895,6441,90,47,
32751,17905,6453,90,42,
32748,17901,6445,92,51,
32745,17897,6443,84,53,
32739,17893,6440,83,42,
32740,17892,6447,87,47,
32738,17882,6450,97,55,
32741,17893,6458,84,56,
32741,17890,6449,94,63,
32746,17894,6445,83,48,
32756,17906,6441,87,48,
32761,17908,6439,85,47,
32766,17902,6436,87,48,
32766,17918,6417,79,44,
32766,17918,6406,93,43,
32766,17916,6407,81,48,
32766,17914,6409,88,40,
32766,17907,6414,82,47,
32766,17915,6406,79,45,
32766,17910,6407,87,47,
32766,17907,6420,81,55,
32766,17912,6402,89,57,
32766,17912,6409,82,47,
32766,17909,6415,89,44,
32766,17918,6406,83,49,
32766,17917,6409,91,52,
32766,17918,6407,91,57,
32766,17919,6419,88,44,
32766,17921,6414,92,62,
32766,17919,6401,81,50,
32766,17908,6407,97,50,
32766,17920,6403,88,45,
32766,17912,6414,80,51,
32766,17914,6418,91,43,
32766,17909,6415,90,55,
32766,17906,6412,80,48,
32766,17900,6404,91,47,
32766,17905,6411,85,49,
32766,17909,6412,91,51,
32766,17916,6405,92,50,
32766,17913,6395,90,44,
32766,17919,6395,90,47,
32766,17909,6398,90,44,
32766,17916,6391,86,42,
32766,17911,6395,106,41,
32766,17915,6394,80,40,
32766,17918,6383,83,54,
32766,17931,6385,88,52,
32766,17914,6388,87,49,
32766,17915,6380,82,46,
32766,17920,6379,88,42,
32766,17919,6391,95,49,
32766,17921,6380,88,56,
32766,17910,6381,88,44,
32766,17926,6384,95,42,
32766,17924,6377,85,43,
32766,17922,6377,91,49,
32766,17928,6365,89,42,
32766,17930,6381,85,46,
32766,17935,6359,81,41,
32766,17929,6359,87,50,
32766,17941,6371,95,53,
32766,17935,6367,87,42,
32766,17938,6361,90,51,
32766,17931,6381,78,58,
32766,17930,6372,91,48,
32766,17938,6374,77,54,
32766,17928,6368,91,32,
32766,17919,6375,90,42,
32766,17922,6378,91,52,
32766,17927,6372,83,48,
32766,17927,6365,95,51,
32766,17928,6368,80,43,
32766,17938,6381,84,48,
32766,17925,6377,80,58,
32766,17934,6371,86,49,
32766,17918,6374,90,46,
32766,17920,6372,88,49,
32766,17921,6393,91,59,
32766,17923,6381,84,47,
32766,17926,6387,99,59,
32766,17915,6382,79,46,
32766,17908,6382,89,51,
32766,17913,6386,85,39,
32766,17913,6393,97,44,
32766,17912,6397,81,61,
32766,17913,6397,83,39,
32766,17922,6403,88,52,
32766,17921,6402,87,46,
32766,17913,6413,83,53,
32766,17909,6419,78,52,
32766,17914,6434,98,51,
32766,17916,6429,83,42,
32761,17908,6432,84,43,
32757,17900,6447,77,55,
32754,17895,6443,96,47,
32749,17904,6445,85,37,
32747,17910,6449,93,43,
32755,17894,6430,91,36,
32755,17897,6441,87,50,
32758,17907,6441,90,45,
32763,17889,6443,80,51,
32756,17904,6439,97,44,
32756,17899,6431,86,53,
32755,17895,6429,86,42,
32752,17890,6433,93,42,
32753,17886,6446,84,50,
32745,17890,6448,84,55,
32743,17877,6438,87,43,
32744,17883,6443,82,47,
32741,17886,6433,84,48,
32744,17888,6455,86,47,
32749,17880,6437,83,48,
32745,17872,6447,83,42,
32740,17879,6443,80,50,
32735,17877,6435,84,52,
32731,17877,6448,94,51,
32732,17873,6446,83,59,
32728,17875,6449,89,38,
32727,17873,6456,91,49,
32727,17883,6436,79,49,
32727,17874,6439,79,51,
32727,17867,6451,73,35,
32730,17866,6460,89,47,
32726,17868,6453,86,42,
32723,17871,6460,85,54,
32722,17866,6454,90,43,
32724,17860,6460,81,50,
32719,17864,6454,89,55,
32720,17863,6460,86,52,
32719,17865,6462,87,42,
32712,17862,6463,79,49,
32713,17860,6460,89,45,
32712,17861,6470,83,51,
32711,17865,6462,93,49,
32710,17852,6471,88,46,
32709,17849,6472,85,45,
32709,17857,6463,86,48,
32708,17860,6461,93,45,
32707,17864,6473,91,44,
32707,17863,6466,90,59,
32712,17853,6468,91,53,
32709,17847,6471,82,49,
32707,17859,6472,86,49,
32709,17866,6466,81,42,
32709,17863,6465,92,33,
32712,17853,6469,83,38,
32715,17866,6473,87,37,
32717,17856,6459,86,45,
32714,17874,6464,92,45,
32722,17867,6460,93,53,
32725,17878,6466,99,48,
32726,17857,6461,82,45,
32729,17876,6457,91,43,
32728,17866,6460,88,45,
32733,17882,6442,88,60,
32734,17866,6453,84,45,
32732,17880,6448,80,55,
32735,17885,6454,96,42,
32736,17883,6446,91,52,
32740,17871,6446,82,49,
32745,17883,6436,90,47,
32745,17885,6439,87,42,
32743,17877,6432,80,47,
32744,17878,6431,81,55,
32752,17885,6430,87,50,
32745,17882,6440,83,48,
32747,17897,6421,91,52,
32751,17889,6428,79,46,
32746,17887,6431,80,48,
32747,17892,6431,91,49,
32747,17869,6425,87,54,
32744,17871,6436,89,44,
32737,17875,6435,85,49,
32733,17882,6439,87,55,
32729,17864,6430,95,53,
32727,17876,6447,92,45,
32728,17874,6446,76,54,
32723,17866,6451,93,54,
32720,17871,6450,93,48,
32718,17877,6463,94,46,
32713,17873,6457,84,52,
32713,17878,6476,79,42,
32709,17873,6484,91,48,
32707,17866,6486,88,39,
32703,17878,6476,82,45,
32706,17860,6486,87,44,
32704,17864,6489,76,48,
32712,17870,6467,89,50,
32713,17875,6477,85,50,
32714,17874,6470,88,49,
32722,17886,6448,81,43,
32723,17882,6449,79,48,
32730,17880,6451,92,38,
32731,17876,6452,94,53,
32734,17887,6439,84,47,
32736,17888,6450,85,49,
32735,17873,6452,83,49,
32733,17882,6461,92,54,
32736,17888,6446,82,51,
32735,17888,6450,82,53,
32733,17879,6442,87,51,
32727,17875,6445,88,45,
32732,17878,6447,84,49,
32733,17868,6452,77,53,
32731,17875,6443,95,54,
32732,17886,6447,87,51,
32734,17894,6443,94,49,
32736,17870,6437,87,52,
32740,17888,6443,90,51,
32732,17886,6443,84,41,
32742,17889,6437,93,53,
32746,17893,6436,88,48,
32747,17887,6441,90,42,
32746,17886,6444,83,43,
32743,17887,6434,94,44,
32746,17888,6428,88,45,
32745,17883,6437,84,46,
32747,17881,6438,86,41,
32743,17877,6428,94,54,
32739,17890,6433,99,57,
32744,17880,6426,91,42,
32740,17889,6436,83,45,
32740,17886,6436,90,38,
32742,17888,6431,87,45,
32753,17883,6422,84,47,
32757,17889,6428,91,49,
32763,17904,6420,90,44,
32766,17893,6420,85,51,
32763,17894,6419,83,44,
32766,17892,6421,97,46,
32764,17910,6418,85,48,
32764,17904,6415,85,50,
32758,17888,6407,86,43,
32762,17890,6412,84,56,
32766,17892,6419,87,42,
32761,17896,6420,74,55,
32761,17896,6421,91,53,
32758,17887,6420,79,41,
32758,17897,6420,91,47,
32765,17901,6418,80,42,
32765,17895,6420,99,49,
32766,17903,6399,89,53,
32766,17911,6403,79,50,
32766,17906,6408,86,44,
32766,17904,6410,88,34,
32766,17901,6400,91,48,
32766,17914,6401,86,54,
32766,17906,6402,91,60,
32766,17895,6397,96,42,
32766,17900,6397,95,49,
32766,17892,6405,90,46,
32766,17895,6411,82,44,
32766,17892,6408,87,50,
32766,17891,6407,83,44,
32766,17906,6400,93,44,
32766,17892,6401,88,52,
32766,17895,6389,95,47,
32766,17897,6391,83,46,
32766,17904,6382,87,42,
32766,17911,6382,80,56,
32766,17905,6378,92,59,
32766,17893,6382,78,56,
32766,17899,6384,84,51,
32766,17902,6392,85,46,
32766,17904,6397,86,51,
32766,17896,6386,90,54,
32766,17892,6388,92,44,
32766,17899,6401,78,45,
32766,17900,6399,84,44,
32766,17908,6407,94,45,
32766,17903,6406,88,42,
32760,17892,6416,85,44,
32761,17898,6427,81,39,
32757,17903,6424,75,43,
32755,17900,6422,86,46,
32745,17893,6429,86,46,
32747,17894,6431,85,46,
32755,17895,6424,89,55,
32749,17891,6430,89,48,
32756,17892,6426,82,56,
32754,17893,6428,81,51,
32759,17891,6414,86,43,
32758,17896,6417,89,39,
32761,17897,6419,91,54,
32762,17892,6408,85,53,
32759,17903,6421,86,36,
32762,17881,6420,88,43,
32764,17885,6418,93,49,
32765,17894,6416,93,52,
32766,17896,6416,89,48,
32764,17901,6411,90,45,
32764,17896,6411,89,45,
32766,17901,6402,83,45,
32762,17887,6399,90,56,
32764,17887,6410,83,47,
32765,17886,6390,88,46,
32762,17890,6410,90,48,
32761,17883,6406,87,54,
32760,17883,6401,85,54,
32756,17888,6403,85,51,
32760,17879,6413,88,51,
32758,17879,6408,90,53,
32754,17879,6405,89,49,
32755,17892,6407,84,54,
32760,17886,6396,91,49,
32762,17888,6395,85,52,
32766,17891,6405,91,42,
32766,17892,6392,83,57,
32766,17892,6396,77,43,
32766,17899,6394,84,52,
32766,17899,6392,98,43,
32766,17888,6396,98,51,
32766,17901,6380,98,56,
32766,17897,6388,90,47,
32766,17901,6381,84,42,
32766,17885,6385,87,46,
32766,17885,6386,85,48,
32766,17890,6387,93,48,
32766,17895,6390,87,48,
32766,17878,6392,77,44,
32766,17889,6389,85,45,
32766,17892,6384,83,49,
32766,17892,6388,80,44,
32766,17895,6381,97,48,
32766,17904,6395,86,47,
32766,17895,6380,87,60,
32766,17896,6386,85,46,
32766,17885,6381,92,53,
32766,17899,6382,85,43,
32766,17894,6396,87,50,
32766,17894,6388,89,50,
32766,17891,6395,89,47,
32766,17882,6397,85,49,
32766,17888,6381,82,44,
32766,17887,6382,92,45,
32766,17885,6370,86,43,
32766,17892,6390,84,51,
32766,17894,6380,76,52,
32766,17900,6379,93,51,
32766,17893,6374,92,49,
32766,17900,6380,90,50,
32766,17895,6364,88,45,
32766,17890,6379,88,44,
32766,17881,6381,84,51,
32766,17895,6383,88,43,
32766,17886,6385,82,49,
32766,17888,6386,93,44,
32766,17893,6384,83,55,
32766,17885,6384,84,52,
32766,17883,6376,81,39,
32766,17903,6376,87,43,
32766,17893,6375,83,50,
32766,17891,6372,84,54,
32766,17895,6375,93,48,
32766,17892,6379,86,50,
32766,17887,6377,80,40,
32766,17886,6383,92,46,
32766,17887,6380,100,46,
32766,17874,6381,88,42,
32766,17877,6380,86,46,
32761,17874,6384,76,41,
32759,17875,6386,86,44,
32758,17878,6383,89,38,
32755,17884,6394,87,47,
32762,17877,6407,86,52,
32756,17874,6402,81,48,
32750,17881,6409,81,49,
32747,17878,6416,81,51,
32743,17873,6426,86,46,
32739,17882,6430,89,46,
32731,17876,6436,77,48,
32730,17872,6434,90,56,
32725,17872,6439,85,57,
32727,17878,6440,90,48,
32731,17859,6434,91,54,
32726,17877,6443,80,53,
32732,17869,6427,98,46,
32736,17873,6424,82,39,
32740,17866,6422,86,51,
32739,17871,6423,91,50,
32739,17871,6424,86,46,
32743,17874,6411,93,54,
32740,17872,6420,86,43,
32743,17874,6421,83,48,
32741,17877,6423,89,44,
32735,17877,6416,81,58,
32735,17868,6419,90,55,
32732,17869,6427,86,42,
32729,17863,6424,83,42,
32728,17860,6425,84,49,
32721,17854,6422,96,55,
32726,17866,6434,82,55,
32716,17857,6426,79,42,
32722,17855,6426,87,49,
32722,17854,6429,82,47,
32726,17865,6426,86,44,
32721,17866,6434,81,44,
32725,17862,6435,95,46,
32719,17856,6431,78,47,
32725,17860,6430,88,52,
32717,17858,6430,91,52,
32719,17856,6446,88,55,
32716,17860,6430,90,44,
32714,17870,6438,83,48,
32712,17851,6445,89,42,
32712,17855,6450,87,44,
32711,17849,6449,93,48,
32713,17843,6441,89,51,
32708,17851,6444,92,51,
32710,17856,6444,77,44,
32717,17853,6433,79,49,
32708,17850,6432,94,56,
32714,17851,6440,82,43,
32709,17851,6440,89,44,
32711,17853,6435,83,53,
32717,17851,6438,81,51,
32715,17846,6426,80,46,
32715,17849,6448,88,44,
32714,17856,6437,87,51,
32716,17842,6439,87,45,
32719,17851,6438,86,54,
32719,17855,6434,77,51,
32727,17862,6446,78,47,
32725,17859,6426,90,46,
32726,17859,6431,88,50,
32733,17869,6428,94,55,
32731,17860,6434,86,43,
32731,17858,6420,91,52,
32728,17861,6431,93,53,
32729,17866,6439,84,52,
32725,17859,6437,83,50,
32728,17859,6428,86,47,
32730,17865,6425,74,61,
32736,17858,6434,82,48,
32735,17863,6424,91,43,
32744,17875,6433,92,41,
32737,17877,6423,82,56,
32744,17877,6424,87,52,
32735,17865,6425,89,55,
32743,17882,6416,92,43,
32749,17878,6422,86,40,
32751,17872,6414,92,46,
32750,17877,6434,95,52,
32752,17888,6412,85,51,
32755,17889,6415,86,50,
32759,17878,6413,94,49,
32765,17873,6409,91,48,
32765,17881,6407,77,48,
32764,17892,6398,85,50,
32763,17894,6407,88,48,
32766,17872,6400,92,51,
32766,17884,6396,81,41,
32766,17896,6401,91,52,
32766,17894,6387,76,39,
32766,17896,6397,82,54,
32766,17895,6393,87,46,
32766,17896,6387,89,47,
32766,17895,6394,86,56,
32766,17885,6382,86,50,
32766,17900,6393,88,52,
32766,17890,6410,90,50,
32765,17893,6407,83,52,
32756,17885,6411,93,48,
32751,17893,6423,91,45,
32746,17887,6425,83,42,
32744,17887,6431,93,43,
32745,17884,6439,88,48,
32740,17880,6442,87,49,
32744,17881,6439,84,40,
32743,17893,6430,83,47,
32750,17898,6439,76,53,
32757,17893,6426,88,51,
32764,17895,6425,86,53,
32762,17899,6421,87,52,
32766,17895,6416,91,47,
32766,17908,6401,91,43,
32766,17901,6404,101,51,
32766,17905,6399,82,48,
32766,17895,6403,87,47,
32766,17909,6398,77,43,
32766,17904,6395,79,46,
32766,17896,6406,87,53,
32766,17896,6398,93,55,
32766,17894,6390,93,46,
32766,17897,6406,87,49,
32766,17899,6399,84,38,
32766,17891,6403,86,51,
32766,17911,6398,91,50,
32766,17897,6395,87,51,
32766,17897,6396,87,48,
32766,17910,6386,92,51,
32766,17908,6393,85,43,
32766,17905,6391,79,52,
32766,17913,6386,86,48,
32766,17903,6399,89,46,
32766,17900,6397,85,46,
32766,17904,6395,97,39,
32766,17895,6394,95,45,
32766,17898,6392,90,49,
32766,17900,6390,87,43,
32766,17896,6396,85,54,
32766,17900,6391,80,53,
32766,17897,6387,92,45,
32766,17909,6384,92,51,
32766,17901,6386,84,50,
32766,17908,6383,85,56,
32766,17916,6377,90,48,
32766,17913,6376,90,56,
32766,17927,6372,79,47,
32766,17916,6367,87,45,
32766,17911,6379,92,44,
32766,17923,6375,89,48,
32766,17914,6373,95,43,
32766,17918,6370,86,54,
32766,17897,6379,84,47,
32766,17900,6376,86,41,
32766,17898,6381,83,48,
32766,17887,6374,82,46,
32766,17902,6384,86,44,
32766,17904,6363,85,50,
32766,17908,6363,82,48,
32766,17910,6368,85,45,
32766,17912,6364,92,52,
32766,17920,6358,83,43,
32766,17916,6356,91,60,
32766,17910,6363,78,48,
32766,17917,6359,89,52,
32766,17916,6358,85,44,
32766,17919,6362,82,51,
32766,17914,6355,89,50,
32766,17912,6360,88,44,
32766,17905,6359,86,48,
32766,17911,6369,85,51,
32766,17905,6369,83,50,
32766,17905,6363,85,43,
32766,17909,6362,87,46,
32766,17898,6360,88,48,
32766,17918,6349,92,51,
32766,17912,6351,94,43,
32766,17910,6343,78,56,
32766,17918,6343,90,52,
32766,17922,6345,85,45,
32766,17924,6331,93,40,
32766,17922,6351,87,41,
32766,17915,6338,81,42,
32766,17915,6342,90,53,
32766,17915,6339,83,47,
32766,17901,6342,98,49,
32766,17899,6342,94,43,
32766,17899,6351,83,58,
32766,17908,6347,90,45,
32766,17905,6348,85,57,
32766,17907,6342,88,43,
32766,17916,6343,88,52,
32766,17928,6334,83,49,
32766,17918,6348,91,59,
32766,17923,6359,91,52,
32766,17925,6381,85,39,
32766,17930,6377,85,47,
32766,17923,6393,88,55,
32766,17911,6391,86,52,
32766,17901,6402,82,38,
32766,17913,6404,88,48,
32766,17908,6412,86,52,
32766,17906,6412,86,51,
32766,17918,6400,93,47,
32766,17914,6391,94,58,
32766,17906,6395,83,45,
32766,17921,6389,94,56,
32766,17921,6382,95,50,
32766,17916,6375,85,44,
32766,17908,6379,87,43,
32766,17915,6385,94,49,
32766,17906,6378,88,46,
32766,17921,6374,86,44,
32766,17909,6379,84,52,
32766,17898,6381,94,39,
32766,17894,6393,85,40,
32766,17897,6388,92,53,
32766,17907,6393,81,46,
32766,17902,6382,87,51,
32766,17908,6385,81,43,
32766,17912,6368,79,47,
32766,17905,6378,89,41,
32766,17916,6379,88,58,
32766,17909,6371,89,57,
32766,17912,6387,81,57,
32766,17912,6377,81,58,
32766,17914,6381,80,43,
32766,17899,6380,90,62,
32766,17907,6385,91,49,
32766,17906,6380,95,53,
32766,17896,6392,88,46,
32766,17912,6392,93,50,
32766,17901,6388,98,50,
32766,17911,6375,83,37,
32766,17911,6367,88,47,
32766,17904,6371,87,45,
32766,17914,6379,89,46,
32766,17912,6369,82,51,
32766,17920,6375,91,44,
32766,17918,6373,79,57,
32766,17912,6372,85,55,
32766,17903,6373,74,50,
32766,17893,6372,81,44,
32766,17911,6370,92,49,
32766,17901,6355,86,51,
32766,17903,6360,83,46,
32766,17915,6372,82,43,
32766,17904,6367,85,53,
32766,17916,6361,87,44,
32766,17905,6360,92,52,
32766,17909,6353,91,52,
32766,17900,6357,84,49,
32766,17896,6354,88,56,
32766,17904,6359,88,43,
32766,17906,6349,77,48,
32766,17904,6353,95,39,
32766,17896,6355,90,46,
32766,17899,6361,91,55,
32766,17900,6360,85,52,
32766,17895,6353,81,53,
32766,17907,6363,82,46,
32766,17899,6359,78,49,
32766,17904,6354,83,43,
32766,17905,6364,85,46,
32766,17893,6359,82,47,
32766,17891,6354,81,55,
32766,17902,6364,84,44,
32766,17897,6349,88,50,
32766,17899,6354,88,42,
32766,17891,6355,96,56,
32766,17906,6353,81,50,
32766,17903,6355,80,41,
32766,17902,6346,84,50,
32766,17902,6355,96,52,
32766,17902,6343,95,43,
32766,17907,6354,87,56,
32766,17903,6342,82,51,
32766,17901,6341,83,60,
32766,17902,6344,87,42,
32766,17892,6358,90,56,
32766,17888,6349,87,53,
32766,17893,6354,98,48,
32766,17888,6354,91,51,
32766,17880,6364,90,51,
32766,17879,6360,87,47,
32766,17883,6355,89,47,
32766,17882,6354,83,56,
32766,17891,6367,84,39,
32766,17898,6367,81,49,
32766,17903,6379,90,42,
32766,17894,6385,82,44,
32766,17895,6384,86,53,
32766,17888,6390,89,41,
32766,17892,6398,92,43,
32763,17883,6409,86,54,
32759,17880,6416,86,52,
32746,17876,6420,86,51,
32739,17871,6418,89,46,
32737,17868,6427,91,45,
32734,17864,6434,90,48,
32743,17863,6422,75,46,
32747,17871,6414,89,49,
32751,17878,6414,92,41,
32759,17881,6409,90,46,
32763,17874,6401,86,52,
32766,17873,6408,92,46,
32766,17880,6406,75,43,
32766,17873,6405,86,46,
32757,17872,6403,95,48,
32748,17868,6415,94,48,
32752,17853,6413,87,49,
32743,17864,6411,77,43,
32745,17866,6425,82,48,
32739,17854,6416,94,52,
32737,17855,6411,93,50,
32729,17861,6415,94,47,
32730,17846,6414,91,41,
32733,17847,6424,85,51,
32727,17845,6415,83,52,
32731,17864,6433,84,47,
32731,17851,6424,89,45,
32733,17855,6427,94,46,
32726,17837,6432,76,50,
32719,17848,6433,77,49,
32711,17842,6435,88,44,
32712,17841,6437,89,50,
32714,17838,6430,91,48,
32715,17847,6444,86,48,
32710,17850,6440,88,52,
32709,17842,6431,92,49,
32703,17830,6436,93,46,
32710,17840,6437,84,56,
32709,17837,6437,90,47,
32703,17832,6442,88,45,
32703,17836,6443,93,52,
32702,17832,6436,82,48,
32707,17832,6447,86,48,
32703,17840,6436,91,55,
32708,17834,6436,90,50,
32708,17842,6435,86,50,
32715,17839,6435,75,49,
32708,17842,6443,87,49,
32712,17841,6427,84,42,
32708,17831,6430,85,45,
32707,17829,6447,82,42,
32698,17825,6438,92,47,
32698,17833,6441,93,48,
32697,17830,6444,97,53,
32702,17820,6437,94,53,
32700,17815,6436,90,48,
32700,17829,6431,92,48,
32709,17831,6435,82,47,
32715,17841,6436,87,50,
32714,17832,6430,92,37,
32714,17841,6437,82,43,
32712,17844,6430,90,58,
32716,17838,6430,84,46,
32713,17837,6434,79,40,
32710,17831,6430,88,48,
32711,17841,6423,83,39,
32707,17842,6429,86,42,
32710,17841,6434,85,49,
32716,17837,6432,81,46,
32717,17840,6423,89,51,
32721,17840,6425,93,43,
32723,17837,6418,86,47,
32724,17844,6414,74,57,
32723,17844,6412,87,47,
32732,17843,6408,92,42,
32735,17852,6404,95,42,
32735,17849,6408,84,42,
32737,17861,6414,90,47,
32733,17853,6403,88,42,
32742,17871,6399,86,50,
32753,17854,6403,85,44,
32754,17855,6402,86,37,
32755,17871,6397,84,46,
32751,17865,6399,78,44,
32753,17869,6390,83,57,
32750,17865,6401,90,47,
32754,17869,6411,89,44,
32752,17871,6416,88,52,
32750,17877,6416,79,42,
32743,17880,6421,88,45,
32742,17877,6425,78,46,
32745,17879,6427,87,47,
32741,17872,6418,85,53,
32740,17868,6427,88,56,
32736,17873,6432,90,49,
32735,17864,6424,92,49,
32742,17863,6439,94,56,
32742,17875,6414,93,41,
32744,17875,6418,86,47,
32749,17868,6408,88,49,
32761,17870,6407,90,50,
32757,17877,6403,79,48,
32758,17874,6392,87,44,
32760,17873,6402,87,46,
32761,17875,6394,76,47,
32755,17877,6409,77,40,
32755,17872,6410,96,43,
32757,17883,6402,80,52,
32758,17875,6398,86,42,
32757,17877,6399,88,43,
32757,17877,6401,90,56,
32755,17873,6384,97,54,
32756,17876,6401,81,49,
32753,17868,6408,86,42,
32757,17871,6403,93,50,
32762,17867,6398,81,48,
32761,17875,6395,83,51,
32762,17877,6387,93,44,
32763,17882,6399,93,47,
32766,17886,6402,91,49,
32766,17883,6395,78,39,
32766,17869,6385,90,48,
32766,17881,6379,102,45,
32766,17876,6386,85,48,
32766,17880,6393,94,56,
32762,17876,6386,91,44,
32758,17877,6404,81,50,
32764,17872,6398,92,48,
32766,17879,6394,88,55,
32766,17861,6384,93,46,
32766,17876,6384,80,46,
32766,17877,6378,82,42,
32766,17887,6371,91,48,
32766,17883,6382,84,44,
32766,17885,6366,81,48,
32766,17884,6370,89,52,
32766,17883,6370,94,43,
32766,17882,6363,86,44,
32766,17877,6369,82,40,
32766,17874,6361,87,40,
32766,17865,6370,86,51,
32766,17878,6367,80,44,
32766,17864,6356,81,44,
32766,17885,6360,88,40,
32766,17878,6353,82,50,
32766,17878,6362,86,38,
32766,17889,6361,90,46,
32766,17885,6356,78,51,
32766,17889,6360,81,54,
32766,17884,6353,95,49,
32766,17890,6354,78,49,
32766,17875,6342,100,50,
32766,17880,6362,82,37,
32766,17880,6338,89,47,
32766,17884,6357,85,46,
32766,17879,6352,89,54,
32766,17882,6349,94,51,
32766,17893,6345,86,41,
32766,17885,6344,85,39,
32766,17887,6341,96,48,
32766,17896,6335,88,47,
32766,17891,6332,95,53,
32766,17896,6322,95,51,
32766,17884,6330,88,47,
32766,17891,6329,83,46,
32766,17886,6332,93,43,
32766,17887,6332,88,45,
32766,17880,6328,99,53,
32766,17877,6321,78,56,
32766,17884,6343,90,50,
32766,17885,6337,85,38,
32766,17886,6342,91,41,
32766,17886,6330,90,51,
32766,17885,6347,83,41,
32766,17885,6354,93,48,
32766,17881,6342,75,57,
32766,17896,6358,81,46,
32766,17886,6371,93,54,
32766,17884,6370,85,55,
32766,17880,6378,89,58,
32766,17869,6385,94,37,
32750,17861,6389,81,51,
32748,17849,6407,89,47,
32730,17836,6411,75,47,
32712,17834,6424,78,39,
32700,17834,6441,92,43,
32693,17816,6434,83,50,
32679,17806,6447,72,51,
32671,17788,6459,88,44,
32664,17784,6460,98,42,
32651,17781,6473,84,39,
32637,17769,6473,78,42,
32622,17769,6484,96,38,
32611,17756,6503,87,43,
32575,17726,6505,87,46,
32525,17729,6513,84,50,
32485,17715,6524,86,45,
32451,17709,6537,89,40,
32440,17709,6542,85,49,
32444,17712,6543,86,48,
32447,17710,6531,88,50,
32477,17723,6531,81,51,
32518,17732,6522,82,48,
32558,17745,6513,87,54,
32602,17749,6496,84,53,
32622,17759,6494,78,51,
32636,17778,6476,91,43,
32646,17782,6467,79,49,
32647,17785,6460,88,49,
32658,17778,6455,87,39,
32656,17785,6465,86,58,
32656,17778,6455,83,41,
32649,17786,6454,79,60,
32653,17759,6460,83,48,
32643,17768,6461,89,45,
32637,17750,6458,81,49,
32626,17742,6468,81,50,
32624,17745,6474,90,47,
32623,17736,6477,83,47,
32619,17749,6478,85,52,
32624,17739,6475,90,48,
32628,17743,6477,87,44,
32628,17733,6473,94,45,
32634,17750,6463,86,47,
32637,17747,6465,87,31,
32634,17754,6463,86,40,
32635,17750,6471,86,48,
32627,17746,6462,89,46,
32624,17741,6481,92,44,
32613,17738,6486,83,55,
32603,17726,6489,91,52,
32589,17713,6503,92,55,
32573,17730,6514,84,32,
32547,17727,6513,93,57,
32541,17715,6511,89,49,
32531,17718,6508,86,49,
32523,17706,6513,78,55,
32521,17713,6521,90,43,
32510,17707,6516,93,49,
32484,17703,6529,85,49,
32468,17695,6536,90,54,
32445,17693,6536,95,37,
32439,17704,6543,88,48,
32421,17694,6547,81,50,
32409,17691,6554,85,49,
32421,17693,6551,89,39,
32438,17710,6545,84,56,
32467,17706,6552,90,53,
32501,17729,6539,94,55,
32529,17732,6529,90,41,
32555,17730,6527,87,45,
32581,17751,6521,91,50,
32598,17760,6517,92,39,
32605,17751,6501,83,43,
32606,17760,6510,82,50,
32610,17756,6507,79,55,
32593,17748,6509,86,54,
32593,17748,6516,89,50,
32577,17746,6520,89,54,
32580,17754,6524,84,50,
32565,17742,6531,88,55,
32541,17744,6536,83,42,
32543,17746,6550,84,41,
32535,17746,6556,81,50,
32520,17740,6575,83,50,
32502,17746,6575,83,35,
32479,17734,6578,85,46,
32456,17721,6587,86,35,
32421,17728,6604,97,56,
32396,17717,6606,94,50,
32368,17701,6619,86,36,
32335,17706,6619,83,40,
32316,17686,6620,96,47,
32294,17678,6623,93,46,
32270,17692,6634,87,46,
32256,17683,6627,92,45,
32238,17673,6630,99,50,
32220,17669,6624,97,48,
32210,17663,6624,94,40,
32206,17658,6631,85,53,
32223,17670,6619,86,53,
32242,17676,6617,92,53,
32281,17682,6603,90,40,
32348,17701,6590,90,54,
32428,17704,6593,84,45,
32486,17731,6576,84,56,
32548,17755,6554,85,49,
32598,17772,6546,87,58,
32620,17784,6523,94,47,
32631,17780,6520,88,44,
32632,17781,6501,92,47,
32643,17777,6499,82,49,
32635,17780,6503,80,45,
32629,17784,6504,81,40,
32620,17762,6497,94,55,
32618,17770,6506,92,47,
32613,17762,6502,84,55,
32612,17763,6501,83,52,
32603,17763,6499,82,50,
32607,17757,6520,92,47,
32612,17758,6520,94,52,
32615,17760,6506,92,51,
32612,17769,6517,95,52,
32615,17773,6515,86,45,
32612,17762,6521,78,54,
32612,17769,6531,82,53,
32604,17762,6531,82,45,
32576,17768,6552,94,38,
32569,17755,6553,92,53,
32533,17755,6555,91,51,
32501,17744,6575,87,44,
32461,17737,6589,88,51,
32426,17736,6602,96,41,
32380,17719,6613,81,45,
32340,17706,6620,99,51,
32308,17703,6628,80,47,
32270,17704,6636,89,47,
32239,17709,6635,94,48,
32207,17696,6642,81,52,
32201,17691,6643,92,48,
32196,17688,6661,78,50,
32189,17684,6652,82,47,
32189,17694,6667,93,42,
32214,17695,6661,82,53,
32256,17702,6654,78,47,
32291,17713,6643,81,49,
32339,17728,6631,92,46,
32406,17734,6620,87,50,
32449,17740,6622,86,40,
32486,17745,6608,92,46,
32514,17771,6587,80,48,
32546,17768,6577,86,42,
32572,17767,6562,93,53,
32573,17776,6571,82,44,
32578,17762,6556,82,45,
32595,17769,6562,93,53,
32587,17770,6557,77,48,
32604,17772,6553,89,48,
32611,17767,6546,91,46,
32621,17770,6535,84,48,
32620,17780,6540,89,43,
32620,17783,6539,91,44,
32626,17789,6549,98,46,
32623,17792,6545,81,48,
32619,17790,6551,87,52,
32620,17796,6549,75,54,
32617,17788,6550,88,45,
32620,17795,6559,89,38,
32619,17784,6549,89,54,
32619,17795,6559,79,47,
32612,17783,6567,92,46,
32612,17783,6560,89,39,
32612,17796,6567,92,39,
32595,17782,6566,93,45,
32599,17779,6570,88,54,
32595,17763,6572,89,51,
32570,17774,6576,83,50,
32571,17772,6571,79,39,
32552,17772,6575,88,52,
32528,17763,6594,85,45,
32505,17752,6592,88,41,
32481,17757,6602,91,43,
32474,17752,6604,80,53,
32463,17749,6603,92,47,
32459,17753,6608,84,42,
32449,17745,6609,81,48,
32438,17742,6610,90,44,
32432,17748,6609,84,48,
32424,17744,6616,86,46,
32418,17742,6610,86,49,
32413,17733,6618,94,36,
32404,17740,6630,79,52,
32390,17736,6614,83,50,
32392,17744,6616,91,50,
32398,17743,6621,89,47,
32408,17738,6620,90,48,
32426,17745,6618,82,49,
32438,17743,6609,92,46,
32451,17743,6606,87,45,
32465,17748,6602,87,48,
32481,17750,6594,94,51,
32485,17760,6591,94,49,
32503,17764,6584,90,53,
32507,17767,6585,95,57,
32523,17773,6581,92,46,
32519,17767,6576,97,45,
32534,17759,6574,90,49,
32530,17776,6582,90,49,
32537,17756,6573,90,48,
32561,17766,6575,83,52,
32552,17773,6578,88,49,
32563,17764,6572,83,51,
32569,17774,6571,88,48,
32557,17776,6572,88,55,
32564,17777,6562,85,51,
32563,17768,6567,79,59,
32561,17764,6572,89,53,
32561,17756,6567,81,33,
32555,17767,6577,90,47,
32559,17765,6567,80,43,
32549,17775,6576,84,50,
32552,17760,6570,84,47,
32553,17767,6574,85,52,
32557,17768,6568,84,42,
32569,17770,6565,95,57,
32561,17775,6567,75,40,
32572,17769,6578,81,44,
32566,17771,6567,90,50,
32575,17768,6571,93,47,
32562,17769,6568,80,50,
32557,17771,6574,89,59,
32559,17781,6571,81,41,
32551,17768,6575,88,40,
32548,17761,6573,102,41,
32546,17777,6567,90,43,
32543,17773,6575,94,49,
32563,17775,6570,85,47,
32549,17760,6579,82,42,
32553,17778,6578,81,56,
32554,17786,6590,83,52,
32532,17775,6589,93,44,
32526,17777,6609,84,47,
32507,17767,6596,88,47,
32478,17761,6618,89,44,
32459,17762,6613,90,47,
32442,17768,6618,91,42,
32444,17753,6626,82,51,
32437,17758,6620,91,50,
32437,17749,6622,85,48,
32451,17746,6616,85,50,
32456,17758,6618,88,52,
32474,17766,6607,82,49,
32482,17765,6613,89,45,
32493,17760,6605,90,44,
32479,17768,6607,87,47,
32472,17759,6603,82,53,
32459,17758,6608,94,54,
32438,17754,6614,87,49,
32421,17740,6611,83,43,
32402,17744,6624,87,50,
32375,17740,6622,95,39,
32351,17725,6629,88,48,
32333,17722,6633,85,48,
32328,17718,6636,89,46,
32328,17723,6625,85,49,
32328,17729,6632,86,50,
32346,17731,6632,97,45,
32366,17734,6631,87,34,
32383,17745,6632,81,49,
32404,17745,6623,84,54,
32409,17746,6628,93,44,
32420,17750,6618,90,53,
32428,17755,6626,88,45,
32416,17752,6614,88,48,
32408,17749,6626,87,47,
32399,17749,6613,86,46,
32392,17740,6615,83,53,
32390,17745,6623,90,49,
32388,17739,6625,89,43,
32397,17746,6623,82,52,
32408,17741,6609,93,56,
32408,17749,6607,92,47,
32426,17747,6612,84,55,
32432,17746,6610,86,48,
32461,17752,6611,86,41,
32497,17767,6595,85,49,
32510,17775,6607,87,48,
32520,17787,6593,84,53,
32539,17785,6582,82,51,
32545,17781,6572,88,41,
32560,17786,6582,83,43,
32559,17776,6574,88,54,
32558,17789,6572,82,49,
32557,17792,6562,86,59,
32563,17783,6575,95,51,
32574,17789,6566,86,50,
32596,17800,6570,78,47,
32602,17788,6564,95,44,
32614,17793,6562,89,38,
32618,17799,6556,86,60,
32626,17799,6551,84,55,
32621,17804,6557,92,46,
32622,17812,6547,91,49,
32625,17805,6550,86,51,
32626,17810,6553,97,49,
32620,17798,6550,95,41,
32619,17806,6552,84,51,
32623,17797,6548,85,47,
32623,17806,6555,89,42,
32629,17819,6551,79,43,
32639,17818,6543,84,52,
32642,17825,6548,94,40,
32645,17823,6543,96,50,
32649,17825,6538,87,48,
32651,17835,6550,87,50,
32655,17834,6555,89,51,
32649,17831,6558,90,47,
32651,17839,6561,82,52,
32648,17831,6574,81,48,
32645,17830,6560,86,49,
32642,17826,6566,92,46,
32641,17830,6571,89,49,
32643,17833,6568,89,48,
32649,17826,6569,92,53,
32645,17829,6562,89,50,
32648,17836,6563,92,47,
32649,17825,6558,88,50,
32645,17835,6566,91,55,
32646,17837,6570,93,40,
32647,17827,6569,83,43,
32645,17825,6558,82,46,
32643,17827,6557,97,45,
32636,17820,6574,89,42,
32637,17824,6574,86,42,
32639,17830,6572,91,45,
32637,17815,6569,81,37,
32632,17835,6571,92,37,
32630,17818,6574,87,48,
32627,17813,6585,99,54,
32615,17818,6582,90,46,
32611,17805,6590,74,45,
32592,17797,6584,92,46,
32572,17802,6586,84,55,
32558,17787,6596,88,45,
32537,17779,6608,90,49,
32516,17771,6606,84,43,
32493,17774,6618,89,42,
32475,17772,6625,81,54,
32459,17767,6619,93,47,
32448,17756,6629,92,47,
32445,17750,6621,81,47,
32429,17755,6625,91,48,
32416,17750,6624,91,56,
32394,17742,6632,97,52,
32362,17732,6643,83,46,
32346,17738,6642,78,43,
32307,17733,6650,91,51,
32283,17724,6656,93,47,
32240,17718,6668,97,54,
32217,17716,6663,89,57,
32200,17706,6684,80,39,
32189,17709,6679,86,43,
32185,17707,6680,95,41,
32179,17705,6677,88,52,
32192,17707,6697,87,43,
32190,17709,6681,87,51,
32186,17718,6684,93,48,
32187,17713,6686,83,50,
32185,17709,6689,92,45,
32186,17726,6692,85,55,
32172,17702,6687,82,55,
32169,17706,6690,86,44,
32172,17708,6685,93,55,
32164,17706,6699,80,38,
32161,17706,6686,83,49,
32170,17698,6685,91,51,
32180,17697,6690,84,50,
32172,17705,6687,90,52,
32202,17706,6684,91,48,
32231,17718,6681,89,48,
32267,17735,6670,90,49,
32308,17723,6672,90,44,
32357,17743,6665,92,54,
32398,17755,6662,94,40,
32427,17762,6647,92,46,
32430,17753,6643,91,47,
32433,17751,6641,84,50,
32411,17753,6654,87,52,
32386,17748,6659,95,54,
32349,17745,6665,75,51,
32326,17743,6666,86,49,
32304,17735,6676,81,45,
32295,17735,6680,90,66,
32289,17747,6684,96,61,
32303,17742,6680,87,41,
32335,17758,6672,77,43,
32378,17767,6663,79,51,
32427,17763,6657,88,49,
32452,17778,6653,91,45,
32485,17776,6640,98,45,
32514,17788,6635,95,51,
32511,17788,6630,87,56,
32510,17780,6631,74,44,
32489,17782,6633,78,53,
32465,17774,6632,83,46,
32430,17764,6643,91,59,
32392,17758,6656,90,47,
32358,17747,6655,87,54,
32346,17739,6664,84,50,
32343,17746,6672,95,49,
32355,17741,6666,85,51,
32365,17754,6663,89,53,
32392,17753,6658,84,52,
32422,17762,6650,82,45,
32446,17772,6656,86,42,
32467,17781,6652,98,54,
32478,17789,6642,84,47,
32481,17784,6640,86,41,
32479,17781,6640,80,52,
32463,17775,6640,83,44,
32444,17770,6652,84,47,
32418,17764,6656,81,55,
32397,17762,6655,85,51,
32389,17763,6658,85,50,
32391,17749,6671,92,45,
32394,17762,6657,89,41,
32415,17769,6643,81,52,
32429,17769,6651,87,45,
32459,17769,6637,86,52,
32483,17786,6637,85,43,
32507,17775,6632,89,51,
32531,17800,6637,81,47,
32542,17801,6611,81,50,
32549,17795,6625,95,43,
32550,17804,6630,81,42,
32555,17791,6624,86,42,
32530,17802,6630,82,52,
32520,17789,6629,81,39,
32511,17788,6631,84,42,
32497,17778,6635,89,39,
32484,17783,6637,94,47,
32481,17782,6636,96,52,
32490,17790,6631,92,51,
32512,17785,6628,81,50,
32542,17795,6627,84,39,
32568,17803,6620,89,44,
32593,17822,6611,88,56,
32614,17825,6611,81,40,
32615,17815,6610,91,49,
32615,17823,6604,92,57,
32605,17830,6616,89,49,
32599,17805,6610,95,52,
32580,17817,6609,91,46,
32521,17785,6610,81,56,
32477,17777,6634,85,49,
32420,17761,6655,93,46,
32374,17765,6654,88,49,
32352,17755,6658,85,51,
32376,17754,6652,89,39,
32418,17769,6647,90,45,
32490,17791,6634,76,49,
32557,17814,6633,84,43,
32603,17822,6629,85,53,
32620,17835,6611,80,51,
32622,17842,6617,82,50,
32625,17840,6630,85,45,
32617,17835,6627,85,44,
32585,17818,6642,95,46,
32555,17816,6642,89,46,
32527,17801,6646,84,40,
32505,17795,6643,81,52,
32503,17787,6654,74,47,
32504,17797,6633,83,44,
32519,17793,6644,91,60,
32549,17811,6648,100,38,
32584,17823,6633,87,57,
32591,17810,6629,91,46,
32606,17827,6623,82,45,
32614,17827,6612,88,48,
32613,17832,6619,85,62,
32610,17813,6614,93,47,
32599,17813,6623,90,52,
32586,17804,6618,97,49,
32572,17815,6626,93,47,
32575,17807,6624,94,46,
32568,17814,6629,87,46,
32568,17807,6629,84,52,
32578,17813,6617,86,51,
32577,17812,6614,84,44,
32567,17815,6626,83,45,
32564,17808,6632,89,55,
32578,17812,6623,82,50,
32587,17818,6620,89,48,
32590,17822,6626,81,42,
32595,17830,6619,85,46,
32612,17823,6619,87,52,
32614,17817,6621,98,38,
32616,17821,6612,86,47,
32612,17831,6613,92,49,
32610,17828,6603,88,54,
32614,17821,6623,89,48,
32607,17819,6622,92,47,
32605,17816,6619,92,51,
32610,17822,6617,81,44,
32614,17819,6623,83,50,
32608,17819,6620,87,51,
32619,17823,6608,95,47,
32616,17826,6612,83,51,
32617,17825,6611,88,47,
32623,17837,6607,95,44,
32630,17831,6604,99,41,
32639,17843,6607,86,42,
32633,17839,6603,94,49,
32634,17831,6579,82,53,
32688,17850,6560,85,53,
32647,17826,6582,95,31,
32619,17868,6630,89,43,
32642,17835,6575,83,55,
32628,17826,6594,87,47,
32637,17807,6576,80,55,
32643,17836,6599,89,47,
32633,17838,6610,99,45,
32641,17848,6603,97,46,
32646,17847,6596,95,52,
32644,17837,6589,89,47,
32638,17834,6582,100,42,
32642,17828,6597,87,55,
32636,17839,6592,99,53,
32636,17841,6590,78,40,
32639,17833,6591,79,48,
32639,17824,6582,81,40,
32642,17834,6591,94,50,
32637,17837,6589,86,52,
32643,17838,6576,88,41,
32645,17833,6574,87,50,
32650,17842,6583,86,50,
32649,17839,6580,89,53,
32645,17844,6570,90,51,
32651,17841,6570,93,64,
32652,17846,6576,95,44,
32655,17837,6580,86,46,
32649,17841,6578,91,49,
32656,17850,6597,89,44,
32648,17835,6577,96,51,
32646,17839,6576,87,60,
32646,17842,6593,80,45,
32645,17841,6597,82,49,
32647,17845,6597,89,49,
32639,17848,6607,80,46,
32639,17842,6595,90,48,
32632,17840,6605,86,47,
32629,17827,6610,85,47,
32623,17822,6613,79,51,
32619,17826,6607,86,60,
32621,17817,6609,96,50,
32628,17831,6612,86,56,
32633,17839,6601,89,47,
32637,17851,6604,86,56,
32649,17842,6585,94,47,
32659,17851,6576,86,50,
32671,17864,6567,87,48,
32677,17860,6574,96,44,
32677,17869,6576,86,53,
32661,17848,6567,84,45,
32639,17840,6579,94,45,
32623,17822,6597,80,45,
32608,17808,6616,85,52,
32596,17794,6615,77,50,
32600,17798,6618,89,47,
32622,17824,6609,82,55,
32637,17829,6587,91,48,
32653,17838,6578,86,49,
32664,17853,6573,97,39,
32673,17855,6573,88,53,
32673,17863,6570,91,42,
32667,17848,6568,80,40,
32653,17851,6586,81,49,
32639,17831,6581,90,50,
32628,17819,6597,82,61,
32610,17808,6607,83,55,
32592,17802,6609,82,50,
32597,17814,6601,85,56,
32619,17832,6622,84,51,
32629,17817,6599,95,40,
32641,17852,6579,86,44,
32665,17844,6574,93,49,
32678,17860,6560,84,49,
32688,17868,6544,93,56,
32698,17873,6557,84,50,
32691,17873,6567,96,46,
32694,17875,6555,90,46,
32693,17872,6550,83,45,
32697,17882,6552,82,52,
32697,17864,6541,92,46,
32675,17869,6556,82,46,
32655,17832,6568,86,55,
32623,17806,6581,90,52,
32574,17804,6603,85,40,
32507,17781,6626,100,47,
32519,17780,6623,89,44,
32552,17793,6621,89,49,
32623,17813,6594,92,59,
32662,17845,6574,85,52,
32703,17885,6542,84,48,
32741,17911,6518,86,52,
32765,17926,6495,87,49,
32766,17929,6490,96,51,
32756,17897,6495,96,46,
32718,17879,6514,90,43,
32673,17846,6542,84,41,
32631,17810,6580,89,40,
32541,17778,6614,91,47,
32475,17773,6625,94,42,
32440,17759,6633,89,41,
32465,17764,6631,98,56,
32529,17774,6617,94,61,
32617,17804,6603,88,42,
32650,17835,6577,93,47,
32676,17870,6557,92,50,
32703,17887,6550,79,44,
32713,17876,6550,80,47,
32713,17893,6541,88,48,
32709,17887,6549,83,52,
32700,17885,6557,84,44,
32685,17857,6553,90,46,
32659,17841,6571,88,46,
32628,17811,6582,88,45,
32594,17796,6604,89,45,
32516,17767,6616,88,43,
32456,17755,6640,89,46,
32414,17746,6649,87,49,
32417,17747,6650,83,43,
32463,17773,6640,86,44,
32542,17787,6621,84,46,
32614,17809,6611,94,44,
32643,17837,6592,96,55,
32657,17856,6588,91,46,
32668,17863,6581,86,46,
32666,17862,6579,85,51,
32648,17844,6603,85,45,
32613,17830,6615,83,49,
32530,17786,6640,92,44,
32411,17764,6666,83,51,
32293,17736,6698,92,40,
32212,17717,6697,93,48,
32204,17719,6703,91,39,
32248,17733,6691,87,43,
32333,17744,6682,89,49,
32427,17779,6657,87,44,
32486,17787,6641,82,51,
32551,17802,6629,80,47,
32579,17800,6631,89,52,
32596,17809,6629,91,46,
32597,17817,6623,87,43,
32584,17810,6634,85,50,
32571,17807,6633,85,43,
32552,17801,6626,85,47,
32535,17802,6635,89,47,
32435,17769,6657,91,52,
32410,17758,6659,90,55,
32312,17739,6678,95,41,
32223,17717,6697,87,56,
32226,17708,6704,94,49,
32191,17710,6714,89,46,
32207,17723,6709,90,46,
32274,17740,6688,79,45,
32327,17749,6687,87,44,
32389,17760,6663,85,51,
32444,17773,6666,80,42,
32466,17782,6655,91,52,
32469,17772,6649,80,47,
32442,17761,6667,92,45,
32388,17759,6675,91,48,
32332,17742,6687,83,46,
32260,17731,6703,92,49,
32194,17722,6703,92,46,
32166,17714,6716,76,51,
32147,17698,6702,83,52,
32162,17717,6703,83,50,
32191,17710,6705,89,51,
32209,17721,6697,85,55,
32240,17735,6694,82,48,
32265,17735,6688,90,43,
32284,17742,6695,98,49,
32315,17742,6693,84,36,
32341,17752,6685,95,50,
32360,17760,6685,90,51,
32376,17751,6679,87,41,
32362,17753,6672,77,51,
32331,17743,6680,85,55,
32261,17723,6698,85,42,
32191,17713,6702,78,55,
32196,17716,6709,86,43,
32085,17706,6725,93,55,
32077,17698,6719,91,42,
32099,17700,6721,92,49,
32122,17703,6724,95,45,
32194,17724,6719,95,55,
32273,17743,6698,88,46,
32347,17767,6688,98,55,
32436,17775,6665,86,54,
32467,17775,6663,90,47,
32471,17790,6646,74,51,
32471,17784,6653,88,43,
32448,17772,6649,87,47,
32407,17763,6669,95,54,
32348,17743,6677,84,48,
32286,17736,6681,85,40,
32231,17733,6687,94,41,
32202,17718,6702,87,50,
32179,17703,6698,92,51,
32211,17718,6696,82,53,
32241,17724,6693,83,40,
32318,17746,6682,83,56,
32407,17763,6664,85,46,
32480,17780,6647,89,51,
32530,17802,6640,89,56,
32587,17806,6628,87,46,
32594,17806,6608,87,52,
32595,17813,6627,89,55,
32563,17810,6627,87,52,
32513,17786,6647,89,43,
32448,17783,6664,83,46,
32413,17770,6676,91,48,
32382,17759,6677,86,43,
32368,17763,6690,89,45,
32358,17764,6683,91,52,
32382,17763,6679,81,52,
32411,17776,6681,88,38,
32441,17778,6666,94,42,
32465,17787,6667,100,45,
32503,17792,6664,89,41,
32517,17795,6655,90,40,
32528,17793,6656,90,51,
32522,17799,6651,86,48,
32519,17794,6657,91,47,
32496,17790,6653,82,49,
32474,17772,6652,95,47,
32450,17776,6657,89,44,
32438,17770,6658,91,52,
32421,17768,6675,90,42,
32436,17786,6669,85,57,
32451,17787,6674,90,50,
32473,17787,6668,86,54,
32509,17800,6657,80,53,
32542,17806,6651,89,54,
32557,17810,6645,90,37,
32577,17812,6661,86,53,
32562,17814,6659,90,51,
32542,17815,6649,81,40,
32518,17796,6672,89,52,
32491,17791,6666,88,52,
32463,17790,6677,85,52,
32453,17795,6673,90,48,
32457,17790,6680,89,41,
32458,17796,6681,86,47,
32475,17794,6671,85,55,
32483,17787,6665,96,44,
32493,17793,6668,86,52,
32492,17805,6668,84,56,
32507,17801,6673,86,46,
32505,17806,6676,88,44,
32510,17810,6678,86,44,
32525,17818,6669,95,49,
32527,17807,6662,89,56,
32557,17821,6662,93,48,
32579,17824,6650,89,49,
32588,17831,6646,90,49,
32601,17823,6641,89,46,
32598,17825,6639,92,51,
32576,17814,6650,79,44,
32565,17813,6660,83,44,
32539,17809,6651,92,54,
32523,17801,6662,92,46,
32523,17801,6664,76,44,
32539,17808,6664,81,60,
32561,17813,6654,89,44,
32595,17824,6647,91,42,
32595,17819,6627,88,46,
32611,17830,6622,81,62,
32615,17841,6619,83,47,
32614,17822,6612,93,43,
32614,17821,6622,93,52,
32598,17808,6626,87,49,
32597,17818,6633,94,41,
32572,17805,6625,86,54,
32572,17806,6634,93,46,
32582,17816,6641,84,45,
32592,17814,6636,82,50,
32587,17812,6624,87,41,
32591,17818,6633,97,44,
32580,17809,6633,90,52,
32582,17802,6625,92,44,
32562,17803,6634,89,50,
32562,17811,6627,85,41,
32550,17797,6640,95,49,
32558,17796,6638,94,57,
32560,17807,6635,81,41,
32566,17798,6633,86,52,
32574,17797,6628,94,41,
32574,17807,6628,87,40,
32574,17809,6628,92,50,
32579,17797,6624,87,50,
32554,17802,6630,80,41,
32546,17793,6626,82,53,
32522,17788,6635,93,66,
32517,17789,6645,84,48,
32511,17784,6642,87,41,
32511,17792,6648,94,54,
32521,17786,6649,88,48,
32528,17803,6654,103,46,
32548,17797,6644,76,60,
32567,17814,6647,93,44,
32576,17814,6636,91,58,
32596,17813,6635,90,50,
32590,17818,6626,83,50,
32592,17823,6641,83,47,
32593,17816,6634,75,45,
32584,17812,6633,84,50,
32579,17815,6630,94,57,
32562,17809,6631,88,54,
32562,17807,6626,90,51,
32581,17809,6636,85,48,
32552,17809,6623,91,59,
32575,17800,6613,89,50,
32586,17799,6614,87,36,
32597,17818,6613,93,48,
32615,17820,6612,88,57,
32614,17820,6610,90,43,
32626,17825,6609,93,50,
32624,17827,6606,84,48,
32620,17826,6602,97,48,
32619,17820,6602,90,53,
32615,17815,6595,81,42,
32606,17813,6608,87,53,
32584,17793,6622,82,61,
32567,17787,6626,90,43,
32550,17792,6611,81,43,
32532,17780,6631,89,45,
32529,17790,6629,90,48,
32539,17794,6625,93,52,
32552,17799,6621,101,46,
32572,17807,6621,98,52,
32605,17813,6617,82,58,
32617,17818,6612,87,52,
32619,17818,6608,94,43,
32628,17831,6607,87,44,
32626,17834,6593,82,49,
32628,17824,6598,86,48,
32626,17840,6599,88,49,
32635,17826,6597,85,45,
32631,17825,6591,89,49,
32625,17829,6596,86,40,
32619,17821,6593,91,54,
32618,17827,6604,82,55,
32621,17808,6600,97,49,
32630,17817,6588,91,44,
32637,17821,6579,88,50,
32646,17841,6574,89,52,
32668,17842,6567,82,43,
32685,17862,6557,90,49,
32692,17861,6536,104,45,
32698,17862,6551,84,45,
32693,17863,6544,73,51,
32687,17852,6531,84,34,
32681,17853,6544,88,51,
32676,17845,6551,77,44,
32673,17847,6544,86,45,
32675,17847,6558,78,47,
32677,17842,6550,85,56,
32685,17869,6548,85,47,
32699,17864,6541,87,49,
32708,17880,6540,88,50,
32719,17900,6523,87,54,
32725,17888,6524,89,47,
32727,17904,6524,95,49,
32730,17894,6522,87,55,
32722,17890,6524,87,40,
32708,17885,6524,86,53,
32698,17867,6540,82,57,
32680,17856,6545,83,47,
32671,17860,6562,94,53,
32661,17839,6570,90,52,
32650,17846,6569,84,45,
32649,17832,6579,79,49,
32646,17849,6565,90,48,
32659,17843,6582,94,49,
32668,17854,6567,84,48,
32678,17861,6559,97,45,
32688,17874,6551,87,47,
32694,17881,6554,80,45,
32699,17879,6543,86,39,
32708,17883,6540,90,46,
32701,17874,6535,92,42,
32695,17873,6531,97,43,
32685,17869,6546,86,44,
32673,17867,6562,93,46,
32663,17865,6577,89,49,
32648,17853,6578,92,44,
32647,17840,6576,89,36,
32644,17844,6589,99,47,
32648,17857,6591,96,49,
32656,17850,6578,94,46,
32652,17858,6586,94,45,
32665,17855,6575,89,49,
32674,17872,6571,91,44,
32683,17881,6561,84,49,
32697,17878,6564,86,45,
32700,17873,6563,79,47,
32699,17875,6554,91,51,
32695,17873,6549,74,48,
32694,17869,6557,94,49,
32692,17857,6556,84,52,
32679,17869,6556,93,48,
32672,17863,6556,96,52,
32671,17858,6575,95,56,
32665,17849,6570,95,35,
32667,17853,6581,97,53,
32671,17859,6574,82,52,
32673,17849,6578,92,52,
32676,17853,6572,91,47,
32681,17864,6568,88,58,
32677,17860,6572,91,47,
32678,17858,6560,91,55,
32673,17847,6571,81,46,
32656,17844,6587,84,53,
32641,17832,6586,95,48,
32617,17821,6597,86,46,
32613,17819,6622,82,45,
32611,17814,6609,97,51,
32607,17814,6613,84,37,
32610,17817,6625,90,43,
32612,17810,6615,91,50,
32612,17822,6609,70,43,
32623,17821,6612,93,51,
32618,17827,6621,90,52,
32624,17832,6611,96,56,
32625,17822,6616,92,41,
32619,17830,6612,92,49,
32621,17820,6615,93,39,
32618,17824,6614,92,55,
32615,17824,6622,89,57,
32617,17813,6621,78,48,
32607,17811,6622,87,58,
32608,17802,6625,104,57,
32594,17795,6626,85,43,
32569,17802,6621,85,48,
32570,17796,6625,79,56,
32569,17787,6623,79,44,
32574,17792,6629,89,47,
32580,17794,6633,90,39,
32588,17794,6621,94,47,
32611,17805,6621,86,50,
32612,17807,6618,89,52,
32615,17808,6605,80,41,
32619,17819,6598,80,50,
32621,17822,6601,81,41,
32616,17806,6599,86,42,
32621,17813,6607,87,45,
32616,17806,6608,94,42,
32609,17808,6599,94,45,
32608,17797,6604,91,49,
32594,17792,6606,85,42,
32572,17791,6615,90,47,
32551,17790,6627,84,38,
32536,17784,6616,78,40,
32521,17776,6627,87,45,
32518,17786,6626,91,53,
32515,17771,6633,87,44,
32508,17779,6628,93,42,
32525,17779,6633,93,50,
32529,17774,6632,90,41,
32522,17786,6631,92,53,
32514,17775,6630,80,52,
32506,17766,6622,79,49,
32498,17770,6639,80,49,
32467,17773,6645,93,44,
32451,17760,6644,93,44,
32443,17753,6645,78,49,
32418,17760,6646,83,46,
32403,17755,6656,95,49,
32365,17745,6677,81,44,
32358,17753,6681,94,44,
32304,17749,6693,79,53,
32290,17736,6689,85,50,
32236,17726,6712,81,53,
32200,17731,6725,89,48,
32175,17723,6722,93,40,
32180,17724,6718,88,52,
32214,17726,6723,84,58,
32251,17730,6702,87,45,
32290,17743,6710,87,39,
32312,17746,6694,88,40,
32311,17732,6687,85,52,
32286,17743,6704,94,48,
32225,17724,6708,97,44,
32198,17718,6718,89,45,
32167,17720,6714,92,51,
32155,17705,6717,79,45,
32176,17718,6718,86,47,
32193,17723,6712,90,50,
32216,17724,6708,81,47,
32247,17730,6691,83,51,
32259,17728,6693,86,49,
32283,17740,6685,77,38,
32289,17735,6684,84,42,
32292,17741,6695,92,46,
32311,17739,6681,90,42,
32332,17751,6678,85,52,
32355,17744,6678,88,53,
32371,17746,6674,90,55,
32361,17755,6685,87,41,
32333,17749,6678,88,48,
32319,17737,6685,87,50,
32274,17743,6690,98,56,
32223,17725,6705,87,46,
32198,17723,6701,91,47,
32216,17717,6700,90,45,
32250,17719,6697,89,49,
32293,17740,6697,81,49,
32371,17761,6681,88,62,
32427,17771,6666,85,47,
32476,17785,6661,89,39,
32508,17795,6649,91,57,
32509,17792,6639,83,49,
32496,17778,6639,76,51,
32460,17776,6661,91,52,
32428,17765,6654,92,55,
32396,17743,6663,87,39,
32364,17743,6674,90,47,
32362,17746,6675,91,46,
32368,17747,6671,85,41,
32373,17750,6672,99,57,
32386,17743,6663,87,51,
32408,17751,6658,90,55,
32421,17764,6657,93,55,
32452,17761,6659,79,46,
32485,17784,6648,96,45,
32524,17788,6643,90,55,
32563,17799,6629,85,45,
32580,17803,6628,87,46,
32584,17799,6629,89,52,
32566,17807,6617,88,47,
32544,17795,6630,76,44,
32519,17788,6633,95,45,
32473,17780,6640,92,50,
32438,17779,6644,94,43,
32439,17768,6655,91,48,
32434,17759,6652,80,50,
32442,17762,6652,82,50,
32453,17769,6645,87,47,
32476,17783,6652,92,48,
32510,17786,6637,84,53,
32536,17799,6628,81,41,
32547,17793,6629,93,52,
32553,17802,6624,87,42,
32546,17802,6632,89,46,
32540,17782,6630,95,42,
32515,17784,6639,85,50,
32497,17788,6651,89,54,
32468,17775,6653,84,58,
32466,17767,6662,98,46,
32453,17772,6667,87,42,
32458,17783,6663,88,39,
32458,17772,6663,86,53,
32467,17775,6659,93,55,
32477,17794,6668,83,48,
32494,17797,6656,91,49,
32520,17794,6647,86,54,
32528,17793,6639,81,54,
32551,17798,6642,84,46,
32561,17808,6631,90,47,
32574,17811,6625,80,49,
32587,17808,6616,90,45,
32597,17799,6621,88,57,
32593,17807,6619,89,50,
32595,17805,6615,88,47,
32605,17821,6620,91,46,
32595,17808,6607,86,44,
32600,17815,6613,88,45,
32603,17810,6614,77,46,
32608,17813,6610,87,40,
32614,17810,6607,81,65,
32606,17807,6607,83,46,
32607,17810,6611,87,53,
32614,17815,6604,91,53,
32614,17812,6609,85,52,
32616,17814,6604,86,40,
32616,17812,6614,81,47,
32620,17815,6605,90,47,
32618,17814,6592,79,47,
32621,17816,6611,97,40,
32621,17819,6604,87,58,
32621,17819,6601,99,48,
32619,17814,6603,78,47,
32621,17807,6611,83,50,
32614,17821,6607,93,40,
32620,17819,6609,81,49,
32617,17818,6600,81,43,
32613,17808,6612,81,41,
32616,17820,6606,78,43,
32621,17815,6609,87,50,
32624,17824,6602,81,45,
32632,17831,6594,94,46,
32639,17839,6596,99,35,
32639,17832,6598,96,51,
32634,17829,6588,87,49,
32635,17842,6589,85,54,
32638,17821,6593,86,51,
32631,17816,6596,82,52,
32628,17822,6592,83,52,
32628,17816,6586,90,44,
32627,17821,6588,90,41,
32636,17824,6592,96,38,
32633,17822,6583,90,52,
32641,17826,6590,90,49,
32648,17836,6577,79,49,
32651,17847,6579,74,53,
32658,17844,6566,83,60,
32659,17838,6567,88,48,
32659,17848,6562,87,44,
32662,17848,6560,79,58,
32660,17851,6570,95,41,
32663,17844,6559,90,44,
32660,17838,6571,82,49,
32656,17841,6555,92,46,
32655,17829,6577,91,48,
32655,17842,6563,75,47,
32654,17827,6563,84,49,
32655,17836,6578,85,42,
32657,17828,6564,88,47,
32655,17827,6561,100,56,
32658,17846,6565,91,45,
32656,17833,6558,87,46,
32660,17846,6563,86,48,
32662,17841,6558,74,52,
32657,17838,6569,87,46,
32652,17834,6576,92,50,
32650,17843,6584,85,51,
32643,17834,6590,87,46,
32645,17843,6597,87,39,
32641,17853,6598,86,49,
32636,17839,6608,98,44,
32634,17845,6588,83,47,
32636,17840,6609,105,47,
32637,17842,6590,91,58,
32637,17840,6600,81,45,
32640,17841,6596,84,48,
32639,17833,6601,99,46,
32639,17845,6592,80,42,
32648,17838,6585,83,48,
32649,17843,6591,93,47,
32652,17847,6584,91,43,
32651,17836,6570,83,44,
32655,17839,6586,84,45,
32654,17840,6578,83,57,
32657,17836,6572,88,47,
32650,17839,6570,86,52,
32652,17843,6573,88,52,
32657,17848,6577,87,53,
32655,17845,6576,80,50,
32660,17842,6576,98,37,
32656,17839,6575,88,45,
32656,17849,6572,87,43,
32656,17849,6571,85,43,
32662,17841,6570,83,52,
32658,17846,6571,79,51,
32653,17834,6564,94,51,
32658,17845,6577,84,48,
32656,17845,6569,83,47,
32653,17850,6570,82,50,
32655,17837,6570,94,45,
32656,17850,6564,96,32,
32655,17843,6574,90,50,
32657,17843,6569,91,50,
32660,17848,6575,86,55,
32659,17841,6573,84,50,
32663,17839,6569,105,50,
32663,17849,6568,92,55,
32666,17844,6568,96,58,
32671,17863,6560,82,42,
32671,17853,6559,89,41,
32674,17850,6551,87,41,
32670,17851,6559,85,49,
32678,17846,6561,91,48,
32673,17855,6550,76,60,
32674,17847,6555,82,55,
32670,17851,6556,87,48,
32670,17849,6565,98,48,
32666,17851,6557,84,52,
32672,17854,6554,97,48,
32671,17855,6559,87,45,
32668,17849,6555,93,52,
32673,17854,6554,85,52,
32685,17846,6550,90,46,
32685,17863,6547,78,48,
32683,17852,6557,93,49,
32686,17862,6550,92,53,
32688,17867,6545,84,51,
32688,17866,6552,89,48,
32688,17858,6541,85,48,
32682,17850,6548,77,47,
32681,17851,6558,97,49,
32680,17853,6559,84,50,
32684,17854,6559,88,49,
32682,17848,6556,86,45,
32678,17861,6558,92,45,
32684,17859,6555,84,54,
32692,17865,6550,81,44,
32692,17863,6541,97,44,
32693,17873,6539,81,51,
32690,17867,6543,85,47,
32694,17862,6537,84,45,
32693,17865,6534,88,45,
32692,17869,6543,92,44,
32689,17862,6539,97,45,
32693,17866,6546,87,53,
32691,17860,6543,88,39,
32687,17852,6537,85,46,
32690,17862,6555,83,50,
32683,17863,6562,92,51,
32683,17862,6563,92,54,
32679,17851,6562,91,54,
32679,17852,6568,84,51,
32677,17862,6569,82,52,
32677,17860,6572,77,52,
32675,17857,6574,92,44,
32666,17867,6580,78,52,
32676,17860,6580,86,52,
32670,17864,6573,85,48,
32669,17849,6582,85,64,
32668,17851,6569,93,49,
32666,17849,6578,79,51,
32669,17855,6578,85,41,
32670,17855,6577,88,40,
32675,17853,6556,88,54,
32682,17857,6567,86,45,
32677,17848,6565,75,45,
32684,17851,6563,87,47,
32681,17859,6551,91,52,
32673,17862,6560,86,50,
32678,17852,6571,80,40,
32679,17848,6572,88,55,
32672,17856,6564,85,53,
32668,17850,6573,80,48,
32665,17845,6572,78,39,
32658,17842,6570,86,47,
32651,17839,6580,87,49,
32655,17832,6570,82,54,
32653,17841,6573,94,51,
32653,17837,6582,94,49,
32654,17839,6576,89,43,
32646,17851,6575,94,52,
32649,17836,6581,81,43,
32656,17842,6574,92,47,
32660,17835,6574,92,47,
32655,17848,6572,85,44,
32656,17849,6570,95,48,
32653,17833,6567,88,50,
32655,17840,6582,96,45,
32648,17839,6579,92,37,
32645,17837,6578,93,47,
32646,17834,6590,88,51,
32646,17820,6588,80,56,
32644,17825,6577,81,43,
32642,17827,6584,79,44,
32634,17826,6584,86,43,
32643,17828,6580,85,52,
32645,17823,6577,91,43,
32641,17821,6586,80,49,
32645,17821,6583,89,51,
32643,17818,6576,91,47,
32642,17816,6574,84,46,
32639,17825,6584,90,51,
32634,17825,6576,91,53,
32636,17816,6580,81,53,
32628,17824,6579,96,48,
32634,17815,6577,89,48,
32630,17823,6579,80,53,
32639,17822,6588,86,43,
32635,17821,6585,83,50,
32634,17826,6584,87,44,
32634,17826,6584,96,48,
32639,17830,6585,84,42,
32634,17818,6581,94,54,
32629,17811,6577,85,56,
32626,17811,6601,91,44,
32624,17804,6589,82,49,
32624,17811,6592,92,57,
32615,17804,6593,86,42,
32609,17801,6596,91,46,
32604,17797,6600,81,42,
32605,17794,6594,86,45,
32605,17801,6604,97,38,
32607,17783,6598,74,40,
32606,17792,6600,86,58,
32611,17795,6596,88,50,
32610,17801,6592,89,44,
32612,17792,6589,81,40,
32609,17804,6598,95,45,
32604,17784,6586,86,54,
32595,17790,6611,85,56,
32588,17793,6604,95,52,
32583,17800,6602,91,50,
32577,17784,6601,80,54,
32573,17792,6607,81,48,
32574,17774,6621,92,48,
32553,17787,6616,85,38,
32549,17779,6620,91,48,
32541,17778,6637,86,52,
32531,17775,6634,89,50,
32507,17785,6635,91,45,
32482,17777,6642,89,50,
32483,17774,6646,86,37,
32475,17779,6654,92,46,
32466,17780,6644,78,59,
32459,17766,6656,93,55,
32471,17761,6662,89,50,
32472,17762,6656,89,51,
32490,17776,6650,87,45,
32496,17785,6643,89,46,
32512,17771,6649,91,56,
32512,17786,6639,91,47,
32498,17769,6655,92,46,
32510,17772,6639,94,48,
32496,17770,6649,88,50,
32487,17771,6638,97,47,
32489,17770,6650,86,42,
32491,17767,6652,79,51,
32482,17770,6641,82,49,
32487,17761,6646,79,48,
32483,17776,6644,90,49,
32491,17777,6640,78,51,
32487,17774,6651,83,50,
32494,17767,6655,82,40,
32493,17770,6641,94,58,
32511,17779,6642,86,47,
32510,17768,6640,99,35,
32510,17778,6643,93,33,
32517,17778,6638,82,48,
32503,17777,6632,81,58,
32507,17778,6640,86,47,
32514,17784,6644,87,38,
32518,17775,6639,89,37,
32518,17781,6636,92,51,
32522,17791,6639,84,48,
32529,17787,6634,83,44,
32534,17785,6630,90,51,
32554,17791,6625,89,48,
32550,17797,6619,81,42,
32557,17783,6626,99,44,
32569,17791,6623,97,55,
32553,17797,6620,88,46,
32567,17796,6616,92,41,
32568,17795,6615,92,39,
32560,17784,6624,91,46,
32571,17785,6611,93,41,
32595,17784,6610,87,38,
32593,17794,6613,84,54,
32600,17798,6613,75,51,
32608,17804,6604,90,41,
32615,17799,6597,88,55,
32619,17804,6600,96,37,
32612,17807,6611,93,57,
32607,17796,6599,87,44,
32611,17806,6606,88,51,
32605,17809,6600,85,44,
32600,17794,6606,89,50,
32599,17794,6607,96,55,
32596,17799,6601,82,48,
32599,17800,6598,90,40,
32609,17806,6598,91,48,
32615,17809,6595,76,43,
32617,17803,6601,88,42,
32629,17819,6582,86,47,
32637,17821,6582,79,43,
32645,17828,6576,91,42,
32640,17832,6571,91,46,
32641,17816,6579,84,50,
32626,17799,6575,89,47,
32620,17803,6589,86,48,
32605,17796,6586,85,42,
32608,17799,6595,87,43,
32609,17794,6592,85,57,
32621,17802,6582,80,41,
32623,17800,6584,82,55,
32632,17811,6577,84,40,
32637,17821,6572,84,51,
32641,17808,6576,88,49,
32631,17816,6577,88,52,
32628,17807,6577,84,41,
32629,17811,6587,79,48,
32613,17810,6599,96,53,
32610,17821,6612,90,51,
32603,17795,6610,87,58,
32610,17820,6611,86,52,
32617,17814,6620,83,47,
32622,17829,6601,84,47,
32629,17828,6610,98,45,
32630,17824,6597,93,55,
32625,17829,6611,96,48,
32621,17822,6617,85,55,
32618,17806,6614,88,46,
32605,17813,6624,89,42,
32588,17796,6627,85,40,
32579,17795,6623,89,46,
32573,17787,6622,85,48,
32577,17791,6612,82,52,
32586,17796,6622,80,51,
32598,17807,6607,83,49,
32608,17809,6599,94,35,
32607,17804,6598,85,58,
32619,17813,6598,94,47,
32625,17817,6597,80,44,
32632,17825,6592,90,48,
32635,17826,6589,89,43,
32638,17829,6594,90,48,
32632,17820,6578,101,46,
32662,17845,6582,87,44,
32630,17804,6594,94,43,
32636,17819,6582,86,51,
32628,17823,6593,89,47,
32617,17811,6583,87,46,
32628,17814,6583,88,40,
32621,17820,6605,85,57,
32624,17813,6582,95,45,
32642,17821,6578,86,46,
32635,17818,6582,89,52,
32639,17824,6579,86,51,
32640,17834,6576,91,50,
32643,17822,6585,87,52,
32629,17813,6584,75,45,
32623,17808,6600,96,55,
32622,17797,6593,88,52,
32623,17809,6585,92,41,
32618,17797,6591,88,47,
32617,17807,6580,86,43,
32626,17811,6559,91,50,
32628,17813,6582,89,49,
32624,17815,6574,85,61,
32629,17809,6579,93,55,
32641,17810,6572,79,51,
32642,17814,6565,85,40,
32647,17829,6567,88,51,
32658,17827,6549,90,43,
32660,17833,6544,89,50,
32659,17829,6544,85,50,
32649,17809,6551,81,51,
32633,17806,6557,89,46,
32615,17794,6567,88,58,
32580,17774,6585,87,49,
32549,17770,6587,87,43,
32553,17769,6590,97,50,
32554,17782,6587,82,52,
32590,17776,6579,90,47,
32608,17799,6576,84,43,
32627,17800,6571,92,41,
32640,17814,6553,89,46,
32649,17824,6539,79,48,
32651,17816,6545,87,54,
32641,17815,6549,90,45,
32636,17814,6550,93,46,
32631,17806,6553,79,44,
32621,17799,6564,103,53,
32622,17802,6568,87,47,
32626,17794,6549,90,55,
32623,17794,6562,81,41,
32618,17784,6549,89,49,
32614,17793,6563,87,40,
32587,17773,6574,85,43,
32572,17766,6583,89,48,
32569,17767,6569,97,50,
32601,17787,6576,91,48,
32617,17796,6570,84,57,
32643,17805,6554,91,50,
32661,17822,6542,79,51,
32688,17833,6512,87,37,
32691,17845,6500,83,48,
32695,17846,6493,92,42,
32690,17840,6498,92,47,
32673,17816,6508,78,49,
32654,17815,6529,83,43,
32637,17796,6542,87,54,
32620,17788,6550,89,48,
32608,17779,6571,86,46,
32604,17780,6569,86,55,
32614,17787,6562,86,54,
32625,17796,6561,86,45,
32639,17811,6554,96,49,
32648,17811,6553,89,53,
32652,17822,6543,85,44,
32652,17820,6543,83,55,
32660,17812,6545,90,43,
32660,17823,6535,86,54,
32663,17820,6537,88,42,
32652,17824,6540,82,58,
32655,17803,6536,89,53,
32650,17805,6533,88,45,
32649,17811,6541,90,51,
32644,17798,6537,79,56,
32643,17818,6547,87,52,
32636,17810,6534,97,43,
32641,17798,6539,85,42,
32639,17796,6544,82,48,
32633,17803,6538,91,53,
32639,17788,6540,90,44,
32639,17798,6549,77,53,
32636,17798,6541,92,50,
32638,17798,6534,85,44,
32641,17801,6533,92,48,
32650,17804,6523,79,46,
32652,17811,6534,86,39,
32643,17807,6529,95,48,
32642,17802,6527,90,56,
32642,17798,6540,85,41,
32641,17803,6536,91,31,
32637,17798,6551,90,44,
32630,17792,6553,86,48,
32630,17790,6547,89,44,
32610,17769,6561,83,53,
32601,17768,6566,93,43,
32576,17762,6568,94,52,
32552,17758,6587,86,48,
32552,17764,6580,85,49,
32580,17765,6579,88,48,
32605,17782,6569,92,49,
32627,17800,6558,93,47,
32642,17809,6538,78,44,
32660,17826,6528,88,48,
32677,17825,6513,79,55,
32673,17832,6522,83,42,
32676,17814,6519,92,42,
32659,17813,6519,95,48,
32639,17791,6529,92,46,
32620,17782,6539,88,51,
32587,17773,6562,88,45,
32552,17754,6573,91,44,
32527,17752,6569,90,51,
32535,17752,6577,90,46,
32568,17757,6572,88,41,
32592,17771,6561,85,45,
32615,17767,6555,90,45,
32628,17786,6531,79,57,
32639,17802,6538,88,49,
32642,17792,6531,87,54,
32648,17808,6526,86,38,
32644,17797,6537,89,52,
32642,17800,6532,82,49,
32643,17799,6528,95,41,
32636,17788,6535,90,51,
32616,17775,6541,79,54,
32603,17771,6547,86,45,
32569,17757,6550,85,51,
32544,17749,6575,84,48,
32524,17746,6576,86,48,
32501,17738,6584,90,49,
32520,17753,6576,74,64,
32547,17753,6572,92,43,
32571,17765,6566,80,52,
32607,17774,6561,91,38,
32623,17778,6555,80,47,
32620,17780,6555,87,49,
32615,17783,6544,85,44,
32615,17775,6558,88,42,
32590,17769,6571,83,51,
32571,17752,6571,87,48,
32536,17754,6587,88,54,
32529,17754,6582,95,53,
32509,17744,6582,88,49,
32508,17740,6582,89,48,
32522,17748,6579,86,51,
32534,17745,6572,77,57,
32548,17747,6577,92,47,
32553,17757,6569,85,48,
32561,17749,6575,95,58,
32548,17747,6589,85,46,
32541,17763,6582,87,55,
32531,17747,6591,87,43,
32517,17755,6594,93,47,
32505,17745,6603,77,49,
32486,17742,6608,91,53,
32471,17747,6615,90,46,
32446,17734,6615,77,48,
32424,17727,6626,92,41,
32411,17722,6632,89,53,
32389,17726,6634,91,48,
32397,17718,6622,91,60,
32417,17730,6629,88,49,
32440,17746,6616,79,46,
32456,17738,6614,95,48,
32483,17743,6598,85,48,
32497,17739,6592,88,43,
32497,17747,6595,88,43,
32491,17742,6596,80,57,
32466,17732,6608,90,38,
32433,17719,6611,86,45,
32435,17719,6617,87,40,
32417,17716,6620,81,46,
32409,17721,6620,80,46,
32424,17725,6615,87,48,
32436,17727,6601,88,54,
32452,17736,6609,89,53,
32468,17736,6615,95,44,
32475,17741,6602,81,53,
32463,17738,6599,90,48,
32432,17739,6619,84,46,
32430,17743,6613,92,51,
32410,17716,6626,82,47,
32408,17726,6618,84,51,
32398,17724,6624,81,51,
32381,17726,6631,78,45,
32369,17712,6631,89,53,
32383,17711,6628,80,53,
32390,17723,6613,83,41,
32420,17731,6621,92,40,
32462,17732,6619,87,51,
32467,17740,6617,87,46,
32486,17743,6601,99,52,
32501,17746,6605,77,55,
32502,17737,6608,89,53,
32506,17744,6601,97,46,
32503,17754,6587,87,49,
32505,17735,6596,84,36,
32497,17741,6591,87,42,
32469,17742,6601,83,53,
32463,17724,6601,92,51,
32445,17727,6604,91,44,
32446,17729,6595,94,58,
32460,17731,6599,82,37,
32479,17741,6588,92,39,
32510,17733,6589,80,54,
32539,17749,6580,93,55,
32564,17761,6566,93,51,
32586,17762,6564,91,46,
32588,17761,6560,91,45,
32582,17766,6564,89,40,
32575,17762,6564,91,52,
32567,17756,6573,90,49,
32553,17768,6574,89,52,
32544,17756,6571,85,49,
32542,17756,6579,84,42,
32524,17752,6578,83,39,
32529,17753,6576,80,53,
32535,17754,6576,84,44,
32539,17754,6567,94,42,
32552,17755,6573,83,54,
32566,17756,6565,89,48,
32581,17755,6560,91,52,
32593,17764,6565,87,47,
32600,17763,6558,96,54,
32612,17775,6544,84,36,
32612,17771,6547,93,45,
32618,17776,6556,94,52,
32616,17766,6540,91,48,
32610,17774,6553,93,50,
32609,17758,6543,86,47,
32605,17764,6556,84,52,
32590,17763,6560,85,54,
32601,17764,6553,84,50,
32598,17752,6555,104,50,
32601,17762,6550,92,39,
32611,17767,6549,93,53,
32617,17781,6553,88,46,
32621,17778,6553,87,41,
32622,17779,6558,86,46,
32613,17784,6555,81,56,
32607,17787,6565,84,51,
32591,17772,6578,80,45,
32587,17766,6578,78,50,
32563,17755,6583,89,47,
32558,17762,6585,83,49,
32556,17765,6572,86,49,
32557,17764,6579,87,43,
32576,17769,6578,91,47,
32588,17760,6570,92,49,
32602,17762,6564,83,43,
32604,17764,6561,93,46,
32617,17772,6545,86,47,
32617,17771,6549,88,45,
32621,17785,6546,78,47,
32622,17784,6538,84,43,
32626,17787,6534,84,46,
32625,17790,6542,86,48,
32624,17778,6543,88,47,
32620,17777,6537,96,53,
32619,17775,6552,91,51,
32612,17772,6541,89,46,
32616,17775,6549,79,48,
32608,17776,6543,86,42,
32610,17778,6545,84,40,
32618,17773,6537,92,46,
32625,17784,6532,89,57,
32631,17769,6529,84,49,
32633,17787,6540,85,46,
32632,17789,6536,82,45,
32633,17787,6526,81,53,
32624,17785,6537,87,56,
32631,17777,6536,87,50,
32623,17781,6546,100,53,
32629,17774,6530,91,48,
32623,17792,6534,83,50,
32619,17781,6540,87,48,
32622,17779,6530,84,49,
32630,17774,6546,86,44,
32624,17776,6540,81,50,
32627,17780,6528,91,47,
32631,17792,6526,77,48,
32632,17780,6522,87,45,
32636,17788,6521,94,40,
32641,17787,6520,83,50,
32645,17794,6533,92,44,
32639,17782,6514,84,50,
32648,17786,6511,93,55,
32642,17791,6511,89,48,
32647,17786,6520,80,42,
32643,17786,6516,97,45,
32647,17795,6517,95,47,
32648,17780,6507,91,46,
32647,17789,6507,86,43,
32653,17788,6503,90,50,
32659,17784,6510,83,51,
32661,17798,6496,93,52,
32663,17800,6495,96,40,
32666,17802,6494,93,49,
32665,17795,6482,83,51,
32672,17796,6473,91,61,
32673,17794,6491,96,46,
32674,17808,6481,88,47,
32668,17801,6489,94,48,
32675,17809,6488,91,44,
32674,17802,6500,89,46,
32671,17815,6497,94,54,
32668,17805,6490,92,44,
32671,17813,6491,82,50,
32658,17807,6500,82,56,
32659,17796,6493,94,56,
32660,17803,6497,80,60,
32653,17787,6509,85,54,
32650,17787,6502,91,50,
32647,17780,6507,92,44,
32645,17787,6508,87,48,
32639,17780,6514,93,46,
32636,17780,6514,95,54,
32631,17782,6508,83,43,
32632,17771,6516,95,52,
32630,17776,6510,81,48,
32627,17769,6521,84,43,
32625,17783,6524,92,52,
32622,17773,6512,88,54,
32623,17774,6525,83,45,
32625,17770,6519,91,52,
32625,17775,6523,86,50,
32628,17774,6531,93,50,
32631,17777,6524,87,44,
32632,17787,6535,86,52,
32626,17779,6526,88,43,
32626,17783,6529,86,51,
32624,17778,6539,94,44,
32619,17794,6543,92,43,
32618,17786,6541,85,51,
32618,17773,6547,93,49,
32618,17777,6541,87,46,
32619,17765,6536,90,53,
32625,17781,6537,89,54,
32639,17793,6523,87,47,
32638,17791,6520,90,40,
32650,17785,6512,78,45,
32648,17792,6501,76,47,
32658,17799,6504,96,54,
32650,17792,6493,89,43,
32652,17799,6501,92,48,
32652,17790,6499,86,54,
32651,17786,6510,78,49,
32650,17785,6505,87,41,
32651,17787,6506,94,53,
32657,17789,6501,84,49,
32651,17803,6501,90,50,
32651,17781,6504,87,49,
32652,17785,6498,90,48,
32651,17797,6505,92,50,
32648,17788,6508,92,46,
32645,17779,6516,85,39,
32643,17791,6503,75,48,
32644,17796,6514,92,53,
32644,17789,6509,86,56,
32639,17791,6517,96,44,
32642,17776,6518,90,43,
32637,17775,6523,93,54,
32631,17775,6515,85,51,
32630,17780,6526,90,45,
32628,17768,6520,90,38,
32625,17768,6523,83,53,
32622,17772,6520,92,45,
32625,17769,6519,87,44,
32624,17776,6536,88,53,
32625,17767,6518,93,51,
32624,17768,6525,88,46,
32625,17778,6524,77,47,
32629,17767,6516,90,46,
32631,17784,6523,78,44,
32632,17772,6521,85,53,
32634,17769,6511,80,52,
32636,17769,6511,88,41,
32631,17761,6503,83,39,
32628,17780,6518,85,46,
32624,17771,6516,97,46,
32618,17763,6518,86,52,
32613,17767,6518,84,56,
32613,17755,6510,81,49,
32611,17764,6522,81,47,
32602,17755,6525,91,41,
32617,17752,6519,90,49,
32617,17757,6511,87,51,
32623,17763,6523,85,41,
32630,17770,6508,83,49,
32639,17773,6499,84,52,
32641,17773,6510,78,58,
32641,17773,6498,89,42,
32634,17770,6500,85,52,
32632,17762,6510,93,45,
32627,17770,6513,90,44,
32620,17762,6522,89,49,
32614,17769,6512,91,53,
32618,17761,6521,90,46,
32611,17756,6525,85,53,
32615,17758,6518,89,56,
32620,17767,6507,94,48,
32624,17761,6514,77,43,
32621,17764,6511,81,47,
32630,17770,6512,89,49,
32628,17772,6508,91,43,
32634,17773,6511,77,55,
32636,17765,6505,94,49,
32632,17770,6502,88,47,
32628,17772,6511,87,47,
32627,17764,6505,78,51,
32620,17760,6512,84,43,
32619,17758,6516,91,51,
32615,17752,6523,87,46,
32611,17751,6528,86,47,
32604,17747,6523,88,49,
32611,17753,6526,87,43,
32611,17759,6531,83,42,
32616,17756,6534,86,53,
32611,17757,6544,94,51,
32609,17765,6539,94,54,
32610,17756,6545,91,52,
32606,17768,6548,85,47,
32598,17758,6544,92,53,
32566,17755,6558,90,52,
32552,17740,6560,93,45,
32533,17733,6572,76,49,
32510,17738,6577,84,44,
32510,17732,6577,84,44,
32490,17726,6572,88,40,
32488,17726,6584,90,42,
32487,17727,6571,86,51,
32495,17731,6580,90,51,
32503,17731,6571,91,41,
32510,17737,6568,86,47,
32523,17732,6563,77,46,
32504,17744,6578,86,51,
32521,17743,6576,95,49,
32514,17743,6568,84,48,
32500,17738,6576,87,42,
32501,17729,6568,94,45,
32475,17726,6592,95,50,
32453,17709,6584,86,47,
32434,17713,6587,91,46,
32388,17702,6591,94,48,
32347,17688,6608,83,56,
32322,17690,6613,83,51,
32304,17683,6621,87,53,
32286,17688,6613,82,46,
32293,17689,6620,84,45,
32316,17682,6608,85,47,
32318,17691,6615,87,48,
32338,17695,6613,92,47,
32321,17693,6614,89,47,
32332,17702,6620,85,49,
32314,17696,6622,85,50,
32293,17681,6614,84,44,
32283,17679,6622,86,51,
32268,17682,6621,83,50,
32253,17678,6628,90,44,
32234,17668,6630,86,49,
32222,17671,6630,86,50,
32208,17666,6640,87,49,
32208,17668,6630,88,51,
32213,17666,6626,82,52,
32225,17672,6639,86,48,
32235,17668,6633,91,47,
32241,17682,6623,93,52,
32241,17677,6628,90,39,
32248,17673,6629,94,49,
32239,17680,6631,88,37,
32227,17677,6634,85,54,
32214,17669,6638,87,49,
32205,17665,6635,90,42,
32199,17668,6634,74,56,
32182,17666,6641,87,60,
32192,17660,6631,86,40,
32208,17671,6640,94,51,
32244,17683,6626,94,48,
32271,17684,6623,82,49,
32291,17682,6621,91,39,
32307,17684,6620,83,50,
32324,17687,6613,82,48,
32339,17699,6615,85,52,
32340,17687,6617,90,45,
32339,17696,6614,86,48,
32343,17688,6613,77,42,
32350,17697,6614,85,50,
32340,17694,6611,95,57,
32328,17696,6601,89,55,
32335,17693,6606,92,45,
32356,17696,6598,86,38,
32367,17700,6610,97,56,
32383,17694,6597,86,47,
32397,17717,6595,91,51,
32429,17713,6596,84,52,
32446,17721,6585,86,44,
32462,17720,6571,84,53,
32472,17729,6579,76,54,
32480,17729,6567,82,49,
32483,17719,6576,90,55,
32464,17717,6575,89,52,
32458,17713,6571,93,36,
32449,17712,6576,90,51,
32423,17715,6584,96,39,
32410,17715,6603,85,49,
32407,17704,6601,90,51,
32400,17714,6610,89,57,
32403,17712,6603,79,47,
32419,17723,6608,89,51,
32431,17713,6597,97,56,
32447,17726,6597,96,42,
32472,17726,6595,80,47,
32479,17740,6592,72,43,
32473,17735,6596,87,44,
32481,17732,6590,96,41,
32489,17744,6587,88,44,
32487,17728,6578,87,52,
32495,17752,6577,91,50,
32491,17740,6578,91,41,
32500,17721,6574,90,61,
32505,17734,6569,83,42,
32517,17739,6566,87,48,
32517,17744,6560,91,47,
32530,17735,6560,87,43,
32535,17738,6563,79,51,
32541,17759,6564,87,42,
32541,17749,6563,92,40,
32554,17752,6550,85,46,
32557,17746,6559,84,51,
32564,17744,6546,82,44,
32564,17744,6550,85,50,
32565,17746,6549,81,41,
32569,17745,6549,86,52,
32557,17745,6553,82,35,
32558,17752,6550,92,53,
32564,17752,6554,102,46,
32567,17751,6547,85,50,
32562,17744,6555,95,52,
32564,17745,6554,89,52,
32574,17754,6549,92,41,
32576,17746,6540,100,46,
32586,17760,6539,83,54,
32588,17760,6549,90,52,
32600,17760,6532,87,38,
32601,17759,6544,86,46,
32609,17771,6537,86,53,
32609,17758,6539,77,43,
32608,17761,6539,81,47,
32615,17762,6521,89,40,
32622,17768,6517,88,41,
32618,17777,6524,88,49,
32620,17779,6525,85,40,
32623,17772,6523,84,47,
32619,17774,6522,84,54,
32626,17768,6522,85,56,
32628,17786,6516,83,45,
32628,17775,6508,91,52,
32639,17779,6518,82,50,
32632,17770,6507,91,45,
32635,17776,6504,93,44,
32633,17780,6522,90,44,
32636,17763,6514,83,54,
32635,17781,6515,81,50,
32637,17776,6508,92,49,
32633,17782,6505,96,47,
32642,17778,6503,83,42,
32649,17780,6494,88,54,
32651,17790,6502,83,49,
32652,17787,6499,83,43,
32658,17802,6502,90,52,
32659,17800,6487,83,45,
32663,17794,6486,91,49,
32658,17797,6493,90,52,
32654,17791,6497,87,47,
32651,17782,6490,81,43,
32645,17777,6492,82,50,
32639,17778,6506,88,45,
32636,17766,6509,75,40,
32633,17763,6504,98,37,
32640,17777,6499,89,46,
32637,17779,6502,93,59,
32649,17779,6494,75,53,
32657,17786,6481,95,41,
32677,17797,6476,83,49,
32681,17795,6465,92,48,
32680,17803,6470,88,37,
32685,17803,6465,85,50,
32677,17812,6470,90,46,
32670,17804,6482,84,50,
32661,17796,6481,88,52,
32649,17796,6492,81,45,
32636,17783,6509,91,44,
32629,17772,6520,95,52,
32629,17775,6527,81,44,
32623,17774,6530,95,54,
32633,17779,6521,90,47,
32636,17791,6524,96,49,
32639,17787,6517,86,42,
32646,17784,6518,86,41,
32647,17800,6516,95,53,
32649,17786,6508,87,52,
32647,17802,6500,92,55,
32653,17792,6514,83,45,
32647,17791,6501,80,40,
32647,17785,6504,89,55,
32650,17779,6515,92,47,
32644,17785,6508,80,53,
32645,17787,6500,87,44,
32642,17779,6502,88,49,
32638,17770,6508,82,47,
32634,17778,6515,83,57,
32639,17785,6506,83,49,
32639,17776,6507,85,54,
32645,17789,6506,100,42,
32649,17792,6503,85,44,
32654,17799,6494,84,40,
32653,17793,6495,79,41,
32655,17794,6498,87,53,
32654,17800,6484,82,53,
32651,17787,6496,81,44,
32649,17791,6498,90,56,
32645,17790,6504,90,53,
32640,17790,6500,86,43,
32648,17789,6500,81,44,
32639,17787,6500,85,46,
32647,17778,6502,80,56,
32648,17786,6506,92,34,
32649,17794,6507,80,47,
32652,17800,6495,86,48,
32662,17796,6485,88,51,
32658,17795,6495,83,49,
32668,17791,6482,87,48,
32659,17800,6486,80,50,
32663,17798,6481,89,50,
32656,17785,6482,81,50,
32659,17788,6486,91,60,
32657,17790,6488,97,52,
32660,17785,6485,97,49,
32653,17796,6481,94,45,
32660,17792,6473,84,51,
32658,17797,6475,87,48,
32663,17805,6471,88,49,
32664,17807,6475,82,49,
32667,17791,6482,94,44,
32671,17801,6463,87,44,
32679,17804,6472,98,43,
32675,17807,6480,90,47,
32679,17796,6469,90,47,
32671,17800,6467,82,45,
32669,17798,6474,84,50,
32669,17797,6471,94,53,
32666,17793,6474,83,47,
32661,17794,6482,95,52,
32661,17792,6475,88,43,
32660,17792,6489,84,46,
32658,17788,6486,85,48,
32659,17789,6483,96,48,
32667,17797,6479,90,47,
32671,17800,6473,86,47,
32668,17800,6467,86,54,
32670,17817,6474,85,55,
32673,17802,6479,89,43,
32661,17791,6481,88,49,
32659,17780,6478,87,56,
32653,17797,6484,83,34,
32650,17788,6485,89,38,
32649,17776,6498,90,45,
32644,17776,6496,89,48,
32640,17770,6496,85,49,
32642,17771,6492,86,46,
32649,17785,6492,90,54,
32647,17777,6490,83,52,
32649,17788,6484,96,53,
32655,17790,6476,86,53,
32663,17796,6487,91,35,
32667,17791,6475,89,51,
32669,17808,6460,75,55,
32674,17799,6475,79,45,
32672,17798,6468,88,46,
32673,17801,6473,87,51,
32673,17794,6469,89,42,
32670,17798,6468,95,49,
32664,17792,6484,89,51,
32660,17780,6476,87,46,
32653,17782,6495,78,51,
32652,17788,6492,89,51,
32653,17787,6492,84,39,
32650,17788,6500,86,49,
32646,17799,6507,85,50,
32657,17794,6496,92,50,
32655,17802,6497,77,48,
32652,17796,6497,87,49,
32650,17797,6504,87,47,
32652,17796,6503,82,53,
32650,17792,6501,86,46,
32646,17801,6500,91,49,
32647,17781,6503,83,51,
32644,17788,6499,80,39,
32641,17791,6491,90,48,
32640,17787,6496,84,48,
32633,17782,6507,87,42,
32634,17786,6503,84,40,
32640,17774,6499,86,46,
32632,17786,6503,84,42,
32637,17793,6492,87,46,
32637,17786,6494,92,45,
32640,17787,6496,95,49,
32640,17781,6506,89,52,
32643,17793,6502,86,48,
32635,17781,6506,88,57,
32629,17778,6509,88,48,
32621,17765,6514,81,55,
32609,17764,6520,88,47,
32595,17756,6526,76,39,
32580,17758,6539,94,44,
32568,17751,6540,89,47,
32587,17753,6542,84,54,
32603,17764,6530,78,41,
32613,17777,6534,79,47,
32628,17787,6523,78,47,
32633,17789,6522,83,49,
32636,17787,6509,96,48,
32643,17791,6513,84,45,
32642,17785,6511,86,50,
32637,17773,6511,87,44,
32618,17769,6518,80,47,
32607,17763,6524,85,43,
32592,17755,6531,87,46,
32578,17758,6537,93,50,
32563,17757,6540,83,51,
32573,17757,6534,82,47,
32591,17757,6532,89,46,
32602,17768,6525,94,47,
32622,17771,6531,78,39,
32630,17768,6513,83,46,
32639,17784,6509,74,55,
32636,17784,6499,98,60,
32641,17784,6500,82,41,
32636,17777,6507,82,42,
32625,17768,6504,81,45,
32619,17760,6516,81,44,
32609,17755,6512,81,50,
32595,17747,6530,79,51,
32583,17746,6537,84,42,
32581,17741,6536,83,44,
32568,17752,6536,95,43,
32575,17747,6530,87,50,
32586,17758,6526,91,42,
32603,17764,6525,85,54,
32610,17761,6529,91,51,
32617,17764,6527,93,46,
32625,17768,6524,86,49,
32617,17764,6519,85,38,
32623,17770,6526,81,47,
32616,17771,6515,95,51,
32611,17762,6515,95,55,
32597,17746,6523,92,49,
32571,17751,6529,84,46,
32555,17749,6535,83,44,
32532,17727,6537,94,49,
32518,17730,6536,87,50,
32511,17732,6549,89,53,
32514,17727,6552,87,36,
32529,17742,6545,94,50,
32540,17737,6541,84,45,
32546,17737,6540,81,58,
32565,17743,6532,93,63,
32572,17753,6530,84,45,
32590,17749,6532,88,52,
32570,17745,6529,76,49,
32574,17749,6540,86,43,
32563,17750,6545,81,49,
32541,17742,6544,92,50,
32524,17746,6535,93,44,
32512,17740,6547,88,53,
32497,17731,6553,95,50,
32491,17735,6561,85,50,
32481,17734,6547,90,46,
32483,17732,6553,78,49,
32476,17722,6554,84,55,
32472,17724,6558,81,42,
32461,17726,6568,91,50,
32467,17719,6571,81,45,
32457,17728,6586,94,54,
32447,17727,6583,82,49,
32426,17723,6598,79,58,
32404,17722,6593,74,49,
32388,17716,6596,87,59,
32351,17715,6607,86,52,
32359,17708,6613,81,57,
32355,17713,6616,88,52,
32379,17717,6612,82,49,
32410,17725,6601,97,51,
32442,17734,6598,90,50,
32458,17731,6581,96,37,
32483,17730,6586,85,50,
32497,17737,6565,89,48,
32498,17739,6570,83,42,
32487,17741,6572,76,44,
32473,17737,6574,88,51,
32454,17732,6576,91,50,
32451,17731,6569,92,53,
32440,17717,6582,90,55,
32430,17718,6584,89,44,
32439,17728,6583,82,42,
32443,17727,6587,82,53,
32449,17734,6579,94,54,
32464,17740,6578,84,42,
32482,17746,6576,85,50,
32493,17742,6579,79,56,
32504,17751,6567,84,49,
32505,17750,6563,82,44,
32520,17746,6564,92,48,
32522,17749,6567,92,53,
32519,17752,6563,86,52,
32508,17750,6574,88,43,
32496,17758,6564,80,41,
32500,17732,6566,91,52,
32494,17745,6571,82,50,
32494,17741,6567,90,43,
32501,17758,6571,81,47,
32513,17744,6557,86,45,
32516,17749,6563,86,53,
32535,17752,6558,94,50,
32548,17756,6557,95,49,
32554,17761,6548,83,46,
32567,17756,6554,87,51,
32580,17768,6541,84,39,
32585,17763,6546,85,49,
32583,17774,6544,89,50,
32600,17773,6546,87,53,
32593,17779,6548,82,46,
32601,17780,6536,91,50,
32599,17773,6543,86,50,
32607,17769,6533,86,58,
32599,17774,6538,85,43,
32602,17768,6547,89,49,
32614,17778,6534,87,44,
32615,17783,6540,90,50,
32618,17782,6536,89,43,
32623,17787,6525,88,51,
32625,17786,6523,93,50,
32623,17775,6525,79,58,
32626,17792,6531,84,48,
32631,17793,6521,96,63,
32630,17782,6519,84,47,
32630,17790,6514,86,53,
32633,17795,6518,78,49,
32633,17794,6520,81,41,
32631,17786,6516,87,47,
32637,17795,6509,88,51,
32634,17795,6512,80,54,
32634,17791,6508,86,47,
32637,17797,6510,87,49,
32641,17793,6512,78,41,
32642,17796,6503,81,48,
32644,17790,6501,80,45,
32645,17794,6494,80,51,
32650,17792,6499,84,48,
32655,17807,6507,90,39,
32653,17808,6499,93,43,
32650,17805,6498,81,47,
32652,17797,6494,96,49,
32657,17796,6488,90,44,
32655,17800,6497,84,52,
32653,17803,6497,87,46,
32648,17811,6495,85,43,
32648,17801,6496,75,35,
32647,17798,6499,86,44,
32643,17790,6501,78,46,
32639,17797,6490,86,51,
32641,17789,6499,90,54,
32637,17804,6501,84,46,
32643,17799,6506,94,47,
32644,17810,6512,81,40,
32641,17802,6515,88,45,
32652,17813,6520,75,42,
32643,17811,6518,86,39,
32647,17808,6528,84,41,
32636,17807,6523,87,46,
32638,17802,6527,87,38,
32624,17794,6533,90,44,
32623,17789,6538,87,49,
32620,17787,6531,85,52,
32615,17773,6530,90,50,
32613,17782,6541,85,47,
32624,17782,6530,95,47,
32632,17793,6523,98,45,
32639,17801,6529,81,50,
32642,17807,6506,92,44,
32649,17820,6512,93,46,
32652,17816,6501,80,42,
32663,17823,6503,85,52,
32658,17818,6500,90,44,
32654,17826,6501,83,47,
32658,17809,6507,80,44,
32647,17808,6501,88,47,
32637,17808,6517,85,53,
32641,17800,6504,93,55,
32639,17802,6515,82,44,
32639,17806,6510,87,50,
32635,17795,6523,87,47,
32636,17798,6516,92,51,
32641,17800,6501,94,40,
32648,17814,6512,87,50,
32653,17807,6502,83,47,
32661,17812,6504,80,39,
32662,17822,6505,78,41,
32663,17815,6494,86,48,
32662,17818,6500,76,49,
32654,17814,6512,103,51,
32654,17803,6498,81,55,
32651,17804,6507,87,54,
32644,17810,6504,85,51,
32650,17799,6502,88,48,
32646,17799,6511,85,40,
32651,17810,6497,85,40,
32651,17810,6491,92,49,
32657,17814,6506,92,51,
32663,17817,6502,80,40,
32661,17813,6488,83,48,
32666,17821,6500,90,49,
32663,17822,6488,83,51,
32666,17816,6490,94,39,
32659,17817,6494,85,39,
32662,17803,6489,77,48,
32662,17811,6491,85,42,
32659,17817,6490,85,53,
32659,17803,6487,87,44,
32663,17812,6496,81,47,
32665,17816,6489,88,43,
32664,17812,6490,89,49,
32662,17818,6500,95,46,
32667,17816,6497,85,44,
32664,17815,6483,90,50,
32668,17826,6491,87,55,
32671,17820,6479,93,50,
32673,17825,6482,92,45,
32677,17822,6486,84,48,
32676,17822,6482,83,47,
32682,17821,6473,84,47,
32677,17828,6473,91,47,
32683,17828,6473,87,43,
32679,17825,6473,75,50,
32679,17821,6470,95,56,
32676,17820,6472,90,55,
32675,17820,6472,81,48,
32674,17814,6459,83,49,
32677,17823,6483,84,53,
32681,17817,6467,88,44,
32679,17826,6478,78,44,
32690,17834,6473,85,48,
32684,17824,6466,81,46,
32687,17830,6462,88,49,
32693,17833,6462,94,50,
32693,17823,6461,103,45,
32685,17825,6474,88,42,
32680,17822,6472,91,54,
32685,17827,6461,91,46,
32680,17814,6471,94,48,
32688,17825,6467,82,34,
32693,17828,6465,90,53,
32689,17832,6459,91,49,
32697,17829,6455,84,51,
32701,17838,6453,83,53,
32696,17831,6449,80,49,
32697,17839,6452,87,39,
32690,17836,6464,94,42,
32689,17835,6469,97,47,
32682,17828,6471,78,45,
32679,17821,6483,91,50,
32676,17818,6485,80,48,
32670,17825,6491,90,54,
32664,17818,6503,79,49,
32666,17825,6497,89,48,
32658,17814,6499,85,44,
32661,17829,6504,81,56,
32657,17824,6500,94,48,
32658,17814,6507,86,46,
32652,17818,6506,89,42,
32662,17813,6504,83,46,
32664,17824,6497,84,49,
32668,17822,6500,78,56,
32675,17814,6484,86,48,
32673,17821,6486,89,39,
32677,17825,6482,93,55,
32677,17822,6479,98,50,
32674,17831,6481,91,48,
32673,17817,6492,87,52,
32677,17820,6492,91,45,
32672,17809,6493,83,47,
32670,17815,6495,82,42,
32671,17827,6507,85,46,
32667,17831,6501,86,55,
32667,17825,6497,87,41,
32671,17825,6500,89,49,
32674,17813,6494,84,45,
32671,17829,6496,76,47,
32671,17825,6496,85,49,
32667,17828,6505,79,49,
32660,17817,6503,83,46,
32657,17807,6518,79,42,
32656,17811,6508,84,48,
32649,17814,6513,88,40,
32653,17812,6516,91,47,
32647,17809,6525,88,51,
32640,17804,6512,86,47,
32645,17808,6525,86,53,
32642,17809,6510,89,42,
32643,17805,6522,84,50,
32644,17810,6527,84,42,
32637,17800,6522,86,48,
32641,17799,6519,87,45,
32638,17810,6536,85,42,
32642,17805,6529,78,55,
32639,17812,6525,93,46,
32635,17799,6537,90,45,
32639,17803,6528,82,45,
32633,17793,6532,75,50,
32628,17796,6525,89,52,
32627,17796,6533,90,49,
32629,17788,6524,83,44,
32629,17783,6529,84,47,
32630,17796,6533,84,44,
32626,17791,6533,87,51,
32625,17792,6536,87,47,
32633,17785,6532,86,51,
32622,17786,6536,87,44,
32625,17797,6530,93,48,
32623,17788,6531,87,47,
32620,17790,6540,89,49,
32625,17783,6537,84,45,
32620,17789,6535,94,50,
32617,17800,6543,91,41,
32613,17791,6546,94,49,
32614,17786,6548,79,50,
32616,17784,6549,90,49,
32606,17773,6547,77,49,
32613,17785,6544,87,53,
32607,17790,6543,93,48,
32597,17778,6552,78,47,
32602,17778,6554,85,49,
32593,17782,6557,79,55,
32583,17780,6556,86,40,
32573,17769,6559,91,54,
32569,17774,6557,89,48,
32548,17765,6558,95,53,
32551,17763,6564,77,52,
32550,17774,6567,86,45,
32554,17768,6565,86,55,
32557,17766,6573,90,46,
32550,17763,6560,90,51,
32559,17772,6574,86,42,
32561,17770,6569,100,46,
32562,17769,6564,85,39,
32559,17763,6560,97,45,
32540,17762,6569,91,58,
32545,17766,6565,99,51,
32540,17766,6570,92,55,
32530,17768,6576,84,48,
32527,17770,6574,78,50,
32547,17763,6570,88,47,
32540,17768,6563,79,48,
32551,17769,6573,96,48,
32545,17770,6570,92,47,
32541,17772,6573,94,46,
32534,17765,6573,92,44,
32518,17768,6588,79,46,
32498,17769,6593,90,55,
32482,17759,6596,93,44,
32456,17752,6610,83,56,
32438,17747,6624,89,54,
32422,17740,6618,84,39,
32412,17751,6625,92,46,
32424,17758,6626,93,50,
32424,17752,6616,92,48,
32452,17770,6615,84,57,
32469,17776,6608,85,50,
32503,17770,6604,97,48,
32524,17773,6600,89,43,
32546,17779,6579,87,47,
32549,17777,6594,88,38,
32552,17780,6588,91,35,
32548,17773,6589,85,49,
32538,17778,6587,82,49,
32513,17773,6580,90,39,
32512,17762,6591,93,51,
32501,17775,6583,81,37,
32497,17766,6594,95,43,
32496,17757,6585,95,48,
32504,17768,6589,82,44,
32521,17765,6588,87,39,
32528,17772,6591,84,52,
32544,17784,6585,90,50,
32564,17787,6574,93,43,
32567,17783,6588,92,41,
32579,17789,6572,89,49,
32582,17785,6587,85,45,
32585,17796,6580,92,48,
32589,17796,6581,81,49,
32582,17788,6564,87,52,
32584,17791,6583,80,50,
32578,17793,6574,89,41,
32563,17787,6576,82,42,
32571,17784,6571,83,47,
32566,17789,6568,89,55,
32585,17790,6571,76,41,
32592,17790,6570,84,50,
32605,17793,6575,87,52,
32613,17802,6561,84,49,
32623,17802,6555,80,43,
32626,17813,6546,93,44,
32631,17815,6556,88,54,
32628,17808,6547,82,41,
32638,17802,6544,96,45,
32629,17824,6550,86,50,
32628,17805,6543,85,44,
32626,17805,6542,89,53,
32627,17809,6544,86,50,
32624,17804,6551,90,45,
32632,17800,6538,83,61,
32628,17809,6541,89,48,
32634,17817,6539,93,48,
32643,17825,6533,94,44,
32647,17819,6527,90,46,
32649,17818,6526,90,47,
32645,17831,6537,77,47,
32653,17826,6527,84,46,
32647,17830,6523,85,48,
32647,17826,6514,79,47,
32642,17828,6528,86,47,
32652,17816,6522,88,52,
32649,17820,6521,91,55,
32651,17814,6524,87,49,
32649,17819,6517,86,44,
32650,17822,6516,85,47,
32653,17827,6523,92,52,
32652,17828,6515,85,55,
32655,17821,6518,82,46,
32657,17826,6522,89,35,
32665,17825,6514,90,47,
32669,17820,6516,80,42,
32671,17833,6503,73,48,
32668,17830,6506,80,45,
32669,17836,6508,86,44,
32671,17830,6501,79,45,
32666,17824,6498,89,56,
32660,17822,6503,83,51,
32666,17825,6506,86,54,
32668,17831,6505,90,41,
32667,17827,6500,84,47,
32672,17828,6497,91,49,
32667,17834,6490,87,50,
32675,17830,6495,83,43,
32675,17836,6486,90,44,
32679,17832,6490,97,54,
32676,17837,6497,89,52,
32680,17844,6507,81,52,
32674,17839,6509,94,42,
32669,17837,6517,84,48,
32667,17839,6530,83,40,
32663,17833,6525,86,55,
32655,17837,6534,88,61,
32653,17838,6526,75,49,
32654,17837,6529,84,44,
32649,17828,6528,92,50,
32647,17821,6535,85,39,
32651,17820,6527,88,45,
32655,17831,6524,80,55,
32659,17846,6526,93,52,
32665,17842,6520,86,40,
32668,17833,6524,90,43,
32668,17839,6516,81,45,
32674,17837,6503,90,38,
32671,17839,6509,88,54,
32674,17838,6504,83,47,
32667,17835,6517,90,42,
32673,17839,6507,82,58,
32668,17838,6516,83,43,
32674,17830,6514,93,53,
32670,17846,6514,76,44,
32672,17834,6520,88,57,
32667,17841,6501,86,61,
32674,17840,6503,90,51,
32679,17841,6507,85,47,
32676,17836,6508,91,40,
32682,17844,6511,90,57,
32673,17840,6506,88,53,
32669,17832,6520,85,43,
32677,17831,6509,94,52,
32667,17841,6511,89,43,
32672,17837,6508,85,51,
32664,17832,6513,93,40,
32668,17840,6510,95,44,
32668,17843,6502,84,51,
32679,17837,6503,81,47,
32677,17846,6504,89,51,
32679,17836,6497,87,40,
32681,17839,6496,90,47,
32682,17845,6498,90,49,
32671,17852,6507,90,49,
32679,17843,6496,83,55,
32673,17847,6493,95,56,
32679,17848,6503,85,51,
32682,17844,6502,90,54,
32679,17837,6499,91,50,
32685,17841,6501,85,54,
32680,17843,6501,86,39,
32688,17842,6494,86,45,
32677,17841,6492,94,51,
32675,17845,6498,94,52,
32675,17843,6499,94,45,
32673,17834,6497,90,51,
32675,17830,6513,82,50,
32680,17839,6498,84,43,
32673,17837,6501,81,55,
32678,17845,6497,77,51,
32684,17845,6493,90,48,
32687,17847,6493,88,49,
32689,17845,6492,95,46,
32683,17845,6492,82,47,
32684,17843,6491,90,45,
32679,17839,6500,92,50,
32671,17837,6511,87,35,
32671,17832,6504,91,48,
32669,17831,6506,86,42,
32672,17839,6503,103,44,
32668,17836,6500,87,46,
32667,17836,6501,90,46,
32673,17833,6499,85,52,
32668,17835,6506,86,51,
32670,17842,6500,85,49,
32670,17829,6503,84,47,
32665,17844,6509,89,56,
32665,17826,6505,85,43,
32663,17826,6495,81,45,
32661,17835,6502,97,46,
32667,17833,6500,88,45,
32665,17837,6503,79,51,
32665,17842,6495,93,40,
32668,17839,6491,81,42,
32670,17835,6507,88,52,
32667,17835,6500,90,46,
32667,17827,6499,91,54,
32658,17825,6509,92,47,
32658,17823,6508,91,43,
32654,17831,6510,85,50,
32655,17830,6509,92,51,
32654,17827,6508,90,48,
32650,17813,6527,86,42,
32650,17824,6526,79,45,
32645,17821,6531,84,44,
32639,17822,6533,86,43,
32636,17819,6536,77,50,
32627,17820,6549,90,49,
32623,17813,6552,86,43,
32617,17803,6559,95,46,
32615,17818,6563,82,55,
32614,17798,6557,86,44,
32606,17810,6566,87,46,
32611,17797,6570,91,50,
32614,17816,6574,86,49,
32620,17805,6562,91,48,
32621,17815,6558,75,45,
32623,17809,6556,88,38,
32622,17807,6554,77,54,
32625,17815,6560,82,53,
32625,17818,6557,91,45,
32617,17815,6557,85,51,
32620,17803,6557,94,50,
32615,17803,6558,80,53,
32606,17799,6562,79,48,
32608,17793,6558,78,47,
32602,17802,6567,86,50,
32603,17799,6568,92,46,
32602,17801,6563,90,45,
32608,17805,6560,90,55,
32612,17804,6556,79,53,
32606,17804,6550,89,47,
32612,17807,6560,94,50,
32610,17799,6554,94,43,
32610,17809,6557,87,45,
32609,17798,6561,89,51,
32601,17801,6561,86,38,
32611,17792,6571,85,54,
32596,17796,6567,81,55,
32595,17800,6561,87,42,
32586,17788,6561,87,45,
32573,17785,6562,85,48,
32565,17783,6572,88,48,
32554,17781,6565,85,49,
32573,17781,6570,79,47,
32563,17784,6569,85,44,
32577,17789,6571,85,53,
32587,17792,6562,85,52,
32593,17801,6572,82,50,
32598,17786,6565,82,47,
32598,17796,6575,88,44,
32594,17790,6565,85,44,
32595,17796,6566,95,52,
32592,17792,6562,95,46,
32584,17785,6567,87,49,
32575,17781,6571,83,46,
32570,17787,6564,84,46,
32568,17789,6568,93,49,
32576,17791,6572,83,48,
32582,17791,6575,90,50,
32586,17788,6576,89,41,
32602,17792,6561,88,50,
32602,17807,6570,75,49,
32603,17798,6555,87,39,
32599,17793,6557,93,42,
32598,17793,6564,91,43,
32581,17794,6569,81,49,
32578,17793,6560,82,61,
32576,17799,6570,87,55,
32572,17793,6563,85,58,
32590,17790,6566,84,46,
32597,17805,6553,80,46,
32618,17802,6563,90,52,
32621,17805,6553,82,44,
32625,17807,6539,87,49,
32633,17823,6530,90,51,
32633,17832,6540,85,53,
32627,17806,6550,89,47,
32621,17811,6540,78,37,
32617,17805,6545,85,48,
32618,17810,6549,91,50,
32624,17814,6547,93,50,
32624,17808,6542,84,47,
32628,17811,6544,85,49,
32634,17815,6539,98,54,
32636,17818,6536,78,44,
32643,17824,6531,85,53,
32651,17826,6523,94,43,
32650,17828,6515,82,56,
32656,17835,6526,88,46,
32653,17824,6518,89,50,
32651,17835,6527,87,43,
32651,17840,6528,77,47,
32642,17833,6523,80,50,
32643,17835,6540,82,43,
32640,17828,6536,83,54,
32634,17820,6558,89,47,
32629,17816,6553,88,48,
32630,17833,6549,96,43,
32619,17829,6556,91,44,
32632,17826,6561,92,51,
32629,17829,6548,91,52,
32636,17825,6559,89,39,
32636,17834,6557,78,41,
32637,17835,6551,88,35,
32639,17836,6550,83,49,
32633,17822,6545,89,40,
32642,17825,6542,93,41,
32635,17816,6547,79,53,
32633,17828,6554,84,48,
32631,17826,6550,86,50,
32634,17824,6547,86,43,
32633,17832,6539,88,46,
32635,17828,6549,86,48,
32642,17826,6536,85,42,
32647,17839,6537,88,48,
32641,17838,6536,90,40,
32658,17834,6530,83,49,
32658,17851,6527,88,51,
32652,17844,6523,84,52,
32655,17846,6532,94,45,
32650,17840,6539,82,48,
32653,17845,6541,86,57,
32650,17836,6530,89,45,
32647,17827,6539,86,50,
32644,17825,6536,78,49,
32645,17830,6543,88,49,
32645,17833,6543,90,43,
32643,17836,6540,81,50,
32649,17837,6536,81,38,
32652,17846,6528,84,54,
32656,17844,6531,88,44,
32661,17849,6519,84,49,
32664,17848,6517,80,58,
32662,17846,6522,90,44,
32665,17842,6513,87,49,
32665,17849,6520,76,44,
32663,17843,6518,86,44,
32665,17844,6527,85,43,
32668,17839,6524,77,53,
32662,17844,6517,87,46,
32664,17847,6503,85,58,
32671,17849,6514,77,34,
32670,17849,6517,91,44,
32673,17850,6513,95,48,
32679,17852,6515,90,55,
32674,17852,6513,84,53,
32673,17844,6502,91,54,
32669,17845,6509,86,57,
32667,17845,6505,93,46,
32672,17848,6519,90,51,
32675,17850,6503,79,42,
32680,17848,6506,86,40,
32681,17857,6505,83,49,
32690,17868,6494,91,45,
32686,17857,6504,83,50,
32688,17861,6493,80,54,
32690,17860,6488,82,54,
32685,17862,6488,78,51,
32687,17859,6508,78,46,
32685,17853,6493,86,42,
32683,17856,6492,85,53,
32682,17854,6500,78,52,
32677,17854,6511,90,45,
32687,17866,6496,89,53,
32684,17849,6499,91,46,
32683,17855,6494,87,46,
32693,17849,6489,92,39,
32691,17862,6484,90,45,
32692,17866,6495,81,44,
32696,17859,6493,93,47,
32692,17860,6488,83,45,
32687,17856,6491,90,52,
32682,17853,6485,80,42,
32690,17867,6494,85,48,
32690,17853,6486,88,42,
32683,17850,6489,89,49,
32689,17855,6488,79,43,
32689,17854,6496,91,43,
32684,17860,6506,86,46,
32689,17853,6490,85,45,
32687,17853,6496,90,46,
32693,17861,6495,87,43,
32689,17857,6497,76,46,
32685,17869,6503,83,39,
32687,17852,6495,93,42,
32681,17870,6507,90,54,
32676,17868,6514,83,47,
32672,17850,6526,90,40,
32666,17858,6521,84,49,
32669,17843,6524,86,56,
32663,17856,6522,88,44,
32661,17848,6507,81,40,
32665,17839,6516,99,46,
32669,17839,6510,89,41,
32668,17844,6508,86,49,
32680,17852,6507,81,53,
32681,17866,6502,92,47,
32683,17861,6499,86,43,
32695,17843,6496,76,52,
32689,17868,6492,92,52,
32687,17858,6494,84,47,
32689,17858,6495,93,45,
32689,17866,6497,88,45,
32684,17857,6491,84,43,
32683,17861,6505,80,45,
32689,17869,6501,87,49,
32686,17855,6506,84,52,
32685,17870,6499,87,50,
32691,17870,6509,82,48,
32691,17863,6499,80,40,
32684,17863,6510,95,45,
32683,17860,6501,79,66,
32681,17859,6506,86,44,
32669,17849,6504,81,60,
32667,17855,6526,78,55,
32665,17845,6508,90,49,
32663,17850,6520,91,49,
32659,17842,6524,89,46,
32658,17853,6522,86,49,
32664,17854,6517,92,47,
32665,17858,6520,84,45,
32672,17854,6516,89,45,
32672,17854,6504,95,50,
32678,17863,6514,84,45,
32675,17856,6509,91,51,
32673,17868,6508,81,53,
32672,17853,6515,90,47,
32671,17862,6511,92,54,
32671,17849,6510,87,43,
32668,17852,6510,90,44,
32666,17845,6518,87,47,
32668,17847,6508,87,56,
32665,17848,6508,87,49,
32667,17849,6511,84,43,
32674,17855,6497,85,44,
32684,17861,6511,85,57,
32685,17874,6502,86,52,
32689,17870,6500,86,52,
32696,17874,6491,85,40,
32697,17861,6484,80,52,
32702,17864,6485,93,47,
32700,17881,6491,87,50,
32697,17870,6490,88,51,
32697,17868,6493,88,47,
32688,17866,6493,79,54,
32684,17858,6494,92,51,
32676,17849,6502,87,47,
32675,17852,6501,83,53,
32666,17852,6511,86,48,
32668,17844,6510,83,56,
32671,17845,6507,91,47,
32669,17848,6500,91,49,
32680,17853,6504,83,52,
32679,17851,6505,76,43,
32677,17843,6507,87,41,
32684,17848,6499,84,48,
32677,17857,6506,87,47,
32677,17860,6497,92,50,
32674,17847,6514,88,49,
32663,17842,6503,86,51,
32660,17853,6513,85,46,
32657,17838,6520,91,49,
32648,17832,6523,84,47,
32646,17831,6518,73,49,
32645,17833,6523,89,43,
32647,17833,6520,93,57,
32649,17830,6535,98,55,
32654,17825,6522,93,45,
32654,17837,6519,85,53,
32663,17838,6515,91,48,
32663,17846,6507,74,44,
32668,17843,6510,79,49,
32664,17852,6510,90,46,
32664,17858,6519,96,41,
32655,17850,6530,94,49,
32647,17844,6539,84,46,
32641,17827,6542,92,51,
32635,17826,6560,89,50,
32622,17823,6559,86,45,
32615,17816,6567,92,50,
32607,17822,6571,85,45,
32615,17811,6578,85,55,
32613,17813,6580,103,51,
32612,17810,6577,95,51,
32619,17818,6570,84,53,
32615,17816,6579,92,43,
32626,17816,6565,87,50,
32634,17836,6571,85,56,
32631,17827,6549,72,44,
32633,17835,6557,87,48,
32632,17824,6556,97,45,
32628,17818,6560,96,58,
32617,17808,6569,97,46,
32609,17807,6571,83,45,
32594,17803,6588,89,54,
32580,17803,6578,92,51,
32572,17796,6586,91,54,
32569,17788,6598,92,50,
32553,17794,6583,84,54,
32552,17794,6587,89,41,
32553,17794,6584,87,45,
32550,17792,6583,89,43,
32539,17793,6595,92,57,
32542,17792,6586,88,61,
32540,17796,6593,92,48,
32532,17791,6597,89,53,
32541,17791,6598,87,55,
32550,17782,6598,83,42,
32548,17796,6593,100,53,
32547,17805,6590,88,44,
32547,17789,6596,89,49,
32538,17799,6606,84,48,
32544,17806,6601,81,53,
32535,17794,6605,94,51,
32531,17798,6588,79,47,
32542,17796,6596,89,40,
32552,17801,6595,86,59,
32559,17795,6589,84,44,
32567,17809,6590,75,54,
32584,17810,6584,83,45,
32594,17811,6588,87,52,
32605,17815,6585,82,43,
32610,17814,6586,86,43,
32616,17824,6573,89,51,
32620,17822,6571,86,55,
32621,17823,6569,75,36,
32623,17826,6569,82,44,
32620,17833,6567,89,44,
32625,17833,6571,85,45,
32627,17817,6562,85,46,
32625,17831,6564,81,40,
32624,17827,6559,78,52,
32626,17832,6562,96,49,
32636,17831,6551,92,47,
32634,17830,6560,93,53,
32637,17837,6553,79,53,
32641,17853,6546,84,47,
32650,17841,6548,93,48,
32649,17850,6542,80,44,
32651,17841,6532,94,41,
32663,17845,6541,82,52,
32663,17854,6535,92,44,
32662,17858,6531,87,38,
32658,17850,6536,91,49,
32656,17855,6536,82,41,
32653,17847,6541,88,42,
32649,17857,6536,90,46,
32646,17855,6535,89,49,
32655,17849,6536,82,52,
32651,17847,6538,87,44,
32656,17845,6530,88,52,
32657,17845,6539,91,49,
32652,17842,6526,89,42,
32655,17849,6539,77,47,
32657,17844,6534,84,56,
32658,17854,6524,94,50,
32661,17842,6538,94,43,
32661,17840,6530,82,41,
32661,17859,6535,87,51,
32653,17858,6538,83,49,
32657,17854,6540,87,38,
32654,17851,6545,89,48,
32647,17845,6550,85,44,
32647,17861,6559,94,55,
32637,17851,6553,96,52,
32639,17847,6560,91,44,
32639,17846,6560,85,54,
32641,17844,6562,93,43,
32640,17842,6555,84,39,
32655,17849,6554,96,42,
32654,17856,6549,90,47,
32664,17863,6536,99,43,
32676,17868,6529,81,54,
32672,17867,6527,86,52,
32668,17864,6529,83,44,
32661,17857,6537,91,52,
32655,17854,6544,85,43,
32647,17846,6540,94,49,
32653,17860,6544,91,50,
32655,17847,6539,83,44,
32659,17857,6536,90,50,
32666,17859,6524,87,48,
32668,17848,6518,97,55,
32669,17862,6512,88,48,
32661,17857,6531,84,44,
32663,17860,6533,96,51,
32659,17851,6526,90,42,
32657,17858,6536,88,36,
32665,17858,6535,88,55,
32663,17862,6527,88,40,
32666,17858,6527,93,43,
32673,17863,6525,84,46,
32674,17881,6525,85,46,
32671,17864,6518,77,47,
32666,17855,6528,90,42,
32663,17857,6526,80,37,
32652,17848,6531,89,50,
32648,17845,6539,92,45,
32639,17844,6531,84,44,
32647,17854,6538,82,54,
32658,17851,6545,84,51,
32671,17862,6520,90,56,
32682,17867,6521,87,48,
32699,17872,6498,92,49,
32697,17873,6497,84,52,
32698,17870,6503,99,51,
32687,17863,6497,87,47,
32680,17862,6510,86,51,
32667,17847,6519,87,49,
32669,17856,6509,85,40,
32665,17858,6506,84,42,
32675,17858,6517,90,44,
32674,17858,6501,86,56,
32679,17867,6503,81,52,
32682,17870,6499,84,49,
32684,17862,6506,82,46,
32691,17875,6500,84,48,
32688,17873,6494,84,54,
32693,17876,6501,87,54,
32699,17871,6493,85,48,
32696,17873,6488,96,49,
32697,17875,6494,90,52,
32692,17873,6492,95,45,
32695,17881,6498,94,45,
32689,17874,6497,91,53,
32684,17864,6493,92,53,
32680,17855,6486,82,34,
32681,17854,6505,88,39,
32676,17861,6507,87,50,
32678,17860,6493,90,36,
32688,17872,6494,81,49,
32693,17865,6488,97,41,
32703,17890,6481,93,47,
32713,17889,6475,88,57,
32717,17885,6471,87,43,
32714,17887,6487,100,48,
32717,17887,6475,86,47,
32703,17874,6486,89,55,
32697,17871,6476,99,53,
32694,17863,6486,82,45,
32697,17862,6493,89,50,
32695,17886,6482,93,41,
32700,17877,6483,87,45,
32697,17874,6483,93,49,
32698,17871,6496,86,47,
32698,17880,6504,86,37,
32703,17873,6501,90,52,
32699,17884,6503,83,46,
32700,17894,6507,86,47,
32696,17875,6501,88,49,
32693,17883,6517,84,56,
32698,17887,6510,81,52,
32695,17874,6503,91,38,
32692,17881,6504,81,53,
32697,17883,6510,94,51,
32700,17884,6510,88,40,
32700,17896,6498,91,51,
32700,17896,6506,93,45,
32703,17886,6514,85,52,
32703,17887,6503,83,45,
32704,17893,6506,93,41,
32709,17892,6492,94,49,
32706,17888,6502,91,50,
32709,17895,6499,80,45,
32705,17887,6499,80,52,
32704,17887,6498,79,52,
32704,17887,6490,82,56,
32707,17893,6495,79,49,
32711,17883,6500,87,49,
32711,17886,6493,77,48,
32711,17887,6491,87,53,
32713,17895,6483,95,45,
32711,17885,6483,75,48,
32713,17881,6486,87,45,
32718,17898,6488,84,44,
32719,17901,6498,88,48,
32714,17897,6487,83,49,
32711,17881,6489,86,48,
32711,17888,6480,87,49,
32709,17884,6481,91,45,
32709,17883,6491,82,48,
32706,17885,6489,89,51,
32704,17895,6496,86,41,
32709,17885,6481,92,49,
32703,17884,6495,79,51,
32705,17888,6494,77,44,
32703,17876,6489,79,44,
32700,17885,6498,77,51,
32697,17873,6504,90,50,
32694,17877,6502,93,47,
32692,17876,6504,79,48,
32692,17873,6503,88,55,
32688,17873,6506,89,48,
32691,17882,6504,83,60,
32688,17880,6509,87,43,
32684,17875,6512,91,47,
32680,17866,6518,89,42,
32677,17870,6509,91,50,
32673,17857,6521,83,54,
32669,17857,6525,85,49,
32674,17860,6516,81,44,
32666,17867,6528,82,40,
32676,17864,6521,89,53,
32684,17866,6518,84,60,
32691,17863,6517,85,44,
32693,17874,6505,84,50,
32696,17883,6515,86,42,
32692,17877,6508,77,51,
32693,17881,6517,88,55,
32683,17874,6513,82,53,
32676,17874,6516,81,52,
32673,17864,6520,87,45,
32667,17860,6524,95,53,
32667,17859,6534,84,45,
32667,17864,6535,81,46,
32671,17867,6519,82,49,
32679,17877,6520,83,38,
32688,17879,6512,86,44,
32693,17869,6510,84,54,
32702,17870,6494,86,42,
32693,17879,6511,73,40,
32692,17868,6506,82,54,
32693,17876,6503,86,48,
32685,17870,6505,97,53,
32687,17864,6517,86,44,
32689,17869,6494,83,57,
32696,17874,6495,94,46,
32696,17878,6497,86,46,
32702,17888,6487,86,50,
32702,17881,6496,81,48,
32703,17880,6490,81,55,
32694,17883,6501,84,49,
32698,17882,6505,80,51,
32701,17882,6508,87,47,
32688,17882,6517,81,44,
32685,17874,6529,80,44,
32683,17872,6521,90,50,
32685,17878,6516,79,37,
32688,17876,6518,89,41,
32693,17876,6519,87,50,
32700,17885,6517,87,51,
32708,17885,6507,85,45,
32712,17893,6513,85,54,
32714,17901,6505,87,49,
32717,17899,6507,85,43,
32721,17898,6503,95,52,
32723,17898,6497,90,44,
32720,17888,6490,90,48,
32715,17893,6492,88,47,
32711,17886,6497,94,51,
32712,17895,6499,85,51,
32704,17896,6508,87,50,
32703,17883,6499,79,46,
32705,17885,6508,92,56,
32695,17889,6499,89,50,
32697,17888,6508,89,50,
32702,17891,6509,88,36,
32700,17879,6507,90,47,
32709,17894,6501,88,49,
32704,17897,6499,92,53,
32713,17896,6494,80,55,
32719,17898,6481,88,49,
32729,17897,6475,84,51,
32744,17905,6454,86,48,
32750,17916,6450,82,50,
32766,17925,6436,98,46,
32766,17930,6418,90,43,
32766,17919,6412,90,54,
32766,17942,6398,87,52,
32766,17923,6392,97,44,
32766,17930,6398,95,40,
32766,17918,6400,89,49,
32766,17911,6406,96,51,
32766,17906,6406,87,50,
32766,17915,6399,96,47,
32766,17922,6390,96,42,
32766,17928,6381,84,48,
32766,17939,6372,82,48,
32766,17960,6339,77,42,
32766,17976,6317,90,56,
32766,18005,6283,89,44,
32766,18018,6266,89,49,
32766,18031,6238,100,48,
32766,18051,6241,94,53,
32766,18050,6235,83,46,
32766,18035,6230,87,47,
32766,18013,6237,85,55,
32766,18007,6246,92,50,
32766,17997,6278,84,44,
32766,17973,6291,87,43,
32766,17962,6320,92,38,
32766,17945,6344,87,37,
32766,17927,6382,88,46,
32766,17923,6392,87,45,
32766,17928,6383,88,47,
32766,17920,6397,91,47,
32766,17929,6387,82,48,
32766,17943,6393,89,57,
32766,17939,6393,87,51,
32766,17937,6382,96,48,
32766,17943,6373,80,43,
32766,17928,6396,91,33,
32766,17938,6414,91,39,
32766,17915,6411,83,49,
32766,17909,6439,89,43,
32766,17916,6446,90,44,
32766,17900,6465,85,45,
32766,17898,6474,87,43,
32766,17900,6477,97,53,
32766,17917,6473,84,50,
32766,17932,6476,83,48,
32766,17940,6473,81,43,
32766,17969,6461,85,48,
32766,17981,6458,89,52,
32766,17993,6448,91,45,
32766,18002,6432,85,50,
32766,18002,6453,91,42,
32766,17998,6454,77,54,
32766,17982,6452,82,57,
32766,17970,6476,92,54,
32766,17971,6482,77,52,
32766,17964,6492,86,48,
32766,17945,6504,88,43,
32766,17948,6505,93,49,
32766,17944,6509,87,44,
32766,17942,6514,92,50,
32766,17952,6503,87,47,
32766,17961,6503,85,47,
32766,17971,6505,85,52,
32766,17973,6495,86,51,
32766,17967,6493,82,49,
32766,17962,6492,87,51,
32766,17961,6498,91,45,
32766,17958,6500,84,41,
32766,17942,6513,84,40,
32766,17938,6507,91,52,
32766,17929,6505,98,44,
32765,17926,6519,86,42,
32759,17913,6504,96,52,
32760,17913,6506,87,47,
32766,17929,6494,86,49,
32766,17935,6486,84,41,
32766,17939,6479,85,42,
32766,17948,6474,91,49,
32766,17949,6463,93,51,
32766,17953,6465,81,44,
32766,17943,6471,85,47,
32766,17938,6474,86,45,
32757,17921,6491,84,52,
32743,17903,6499,89,53,
32722,17903,6516,101,49,
32698,17887,6538,90,47,
32688,17878,6543,93,47,
32670,17865,6555,88,47,
32658,17866,6585,90,46,
32660,17872,6582,87,44,
32665,17881,6577,97,50,
32673,17886,6572,83,56,
32665,17888,6579,91,47,
32660,17884,6592,85,49,
32645,17867,6598,89,50,
32631,17870,6597,84,52,
32595,17843,6628,84,49,
32525,17832,6647,88,45,
32444,17816,6669,89,42,
32360,17802,6705,76,46,
32270,17786,6715,92,56,
32208,17782,6726,88,45,
32170,17779,6744,86,47,
32156,17779,6756,92,54,
32133,17781,6761,82,50,
32127,17783,6771,91,44,
32104,17780,6770,84,56,
32092,17778,6781,84,37,
32048,17784,6800,87,43,
32000,17769,6820,84,48,
31930,17760,6817,94,37,
31860,17752,6846,98,54,
31786,17745,6862,88,52,
31729,17738,6874,91,51,
31685,17721,6892,91,44,
31648,17722,6891,95,55,
31618,17714,6918,88,48,
31628,17710,6903,93,55,
31646,17723,6910,81,53,
31666,17729,6889,76,42,
31705,17738,6896,81,53,
31742,17742,6878,85,45,
31779,17747,6870,95,53,
31847,17754,6850,89,47,
31888,17766,6830,82,52,
31947,17768,6811,81,53,
31994,17777,6797,89,52,
32069,17784,6779,86,54,
32124,17799,6761,88,44,
32200,17798,6729,86,40,
32251,17806,6714,94,45,
32308,17830,6695,82,48,
32344,17829,6680,92,45,
32341,17811,6678,83,41,
32307,17799,6675,88,44,
32237,17788,6687,77,45,
32106,17771,6715,91,42,
31930,17724,6759,88,49,
31709,17690,6817,83,59,
31472,17639,6877,97,46,
31211,17592,6937,85,42,
31028,17547,6998,91,49,
30865,17527,7039,92,47,
30793,17508,7070,98,43,
30808,17516,7070,77,43,
30886,17530,7049,86,47,
31005,17563,7020,96,52,
31167,17596,6974,95,49,
31305,17628,6939,90,53,
31406,17646,6926,80,58,
31474,17659,6902,90,47,
31492,17657,6897,83,48,
31458,17658,6900,93,52,
31348,17631,6927,88,45,
31228,17605,6945,93,39,
31102,17583,6972,85,49,
30973,17555,7007,92,50,
30865,17533,7042,80,46,
30767,17499,7072,94,49,
30687,17501,7083,90,43,
30648,17490,7101,89,51,
30618,17489,7108,87,43,
30612,17485,7113,92,45,
30594,17475,7122,90,47,
30550,17480,7128,91,50,
30502,17480,7149,87,44,
30424,17461,7168,91,49,
30304,17438,7193,91,46,
30154,17413,7228,92,54,
30024,17379,7282,84,51,
29875,17345,7319,86,52,
29741,17321,7364,88,36,
29638,17304,7388,86,46,
29571,17297,7419,93,43,
29541,17302,7411,85,50,
29523,17292,7432,89,52,
29539,17300,7431,91,44,
29549,17303,7440,97,54,
29572,17322,7439,100,50,
29597,17333,7441,88,46,
29623,17338,7438,97,52,
29655,17344,7429,83,45,
29643,17346,7441,88,53,
29635,17357,7433,91,54,
29624,17338,7443,92,50,
29577,17326,7459,86,48,
29541,17312,7459,93,54,
29490,17294,7473,90,56,
29450,17284,7484,91,62,
29415,17278,7471,97,48,
29390,17266,7483,87,47,
29380,17268,7477,89,47,
29400,17267,7480,86,50,
29411,17282,7469,94,45,
29460,17287,7469,94,48,
29493,17288,7454,84,42,
29522,17306,7452,98,44,
29541,17305,7437,94,54,
29559,17309,7433,84,52,
29564,17309,7437,96,49,
29556,17315,7426,97,49,
29548,17312,7413,98,52,
29554,17297,7416,87,52,
29548,17295,7407,88,39,
29572,17300,7395,94,46,
29590,17298,7393,90,44,
29606,17308,7373,86,58,
29642,17311,7362,105,53,
29689,17314,7353,86,45,
29725,17330,7340,89,41,
29771,17343,7340,90,52,
29806,17340,7323,91,48,
29828,17357,7306,90,49,
29854,17357,7300,83,52,
29853,17363,7318,89,39,
29856,17370,7312,92,43,
29862,17357,7322,89,56,
29837,17354,7310,85,42,
29829,17358,7327,99,46,
29834,17355,7331,85,44,
29845,17354,7336,85,54,
29842,17362,7329,83,42,
29847,17357,7338,88,54,
29861,17370,7337,82,53,
29868,17374,7341,87,54,
29862,17374,7345,85,46,
29862,17369,7345,90,45,
29847,17370,7349,86,51,
29832,17369,7364,93,51,
29800,17360,7356,79,54,
29783,17357,7376,89,45,
29750,17342,7372,96,44,
29705,17333,7395,91,48,
29681,17321,7405,84,36,
29649,17326,7409,91,50,
29634,17304,7412,90,45,
29623,17324,7429,88,51,
29615,17314,7417,85,52,
29599,17322,7433,93,43,
29585,17306,7431,92,50,
29568,17311,7443,101,42,
29545,17312,7454,96,45,
29548,17300,7459,93,51,
29539,17305,7459,90,40,
29513,17298,7467,108,48,
29527,17304,7459,86,51,
29509,17306,7485,96,58,
29513,17315,7482,96,30,
29501,17295,7489,91,48,
29481,17302,7498,86,53,
29480,17309,7496,87,54,
29484,17311,7496,96,45,
29500,17313,7490,91,45,
29524,17312,7495,95,45,
29541,17311,7479,86,57,
29564,17326,7476,90,40,
29598,17336,7456,100,46,
29644,17335,7446,85,38,
29659,17349,7444,95,50,
29699,17352,7434,95,50,
29722,17363,7433,88,47,
29744,17363,7416,99,46,
29776,17374,7409,94,49,
29798,17363,7396,88,48,
29817,17369,7386,99,45,
29848,17381,7378,88,54,
29881,17386,7376,98,48,
29924,17394,7360,87,53,
29967,17409,7353,90,52,
30010,17412,7334,86,53,
30055,17421,7321,85,45,
30077,17432,7318,91,50,
30108,17440,7308,93,53,
30133,17432,7302,89,33,
30117,17441,7302,91,50,
30105,17431,7296,92,52,
30080,17428,7297,89,40,
30045,17408,7312,93,48,
30008,17405,7306,88,49,
29975,17396,7328,98,45,
29945,17388,7334,86,43,
29918,17384,7334,93,49,
29916,17391,7347,87,46,
29927,17383,7345,99,48,
29933,17392,7345,89,50,
29953,17390,7344,91,54,
29956,17403,7332,87,51,
29968,17399,7321,84,44,
29976,17401,7328,95,54,
29956,17395,7320,87,42,
29933,17383,7316,90,48,
29891,17385,7325,97,46,
29859,17368,7337,82,49,
29809,17361,7345,93,47,
29767,17341,7355,89,51,
29713,17336,7358,100,52,
29682,17317,7363,94,39,
29652,17300,7363,77,47,
29631,17299,7377,84,51,
29602,17288,7363,93,45,
29620,17302,7369,98,46,
29615,17298,7375,95,44,
29626,17304,7363,94,45,
29646,17316,7364,97,47,
29679,17321,7366,90,48,
29682,17333,7350,83,43,
29702,17331,7354,91,51,
29711,17331,7357,86,52,
29713,17333,7356,100,52,
29693,17331,7353,79,51,
29694,17328,7358,89,44,
29685,17315,7360,89,50,
29668,17319,7350,79,53,
29680,17322,7356,94,48,
29675,17322,7362,84,54,
29694,17317,7358,93,46,
29696,17331,7369,92,51,
29689,17336,7367,88,49,
29705,17328,7374,92,43,
29694,17330,7381,89,42,
29685,17327,7384,96,54,
29655,17333,7401,93,50,
29634,17326,7420,91,56,
29626,17325,7427,87,55,
29615,17316,7422,93,41,
29597,17316,7425,99,48,
29608,17315,7430,84,45,
29598,17323,7426,96,54,
29601,17312,7427,91,42,
29610,17324,7413,98,45,
29626,17319,7421,92,51,
29640,17317,7419,89,46,
29648,17319,7410,99,49,
29654,17326,7396,99,61,
29678,17319,7397,85,48,
29684,17329,7409,91,52,
29687,17331,7392,97,43,
29689,17335,7386,94,44,
29716,17339,7386,104,45,
29733,17344,7381,88,46,
29765,17352,7378,99,50,
29788,17360,7373,87,46,
29819,17371,7363,94,54,
29853,17370,7357,87,44,
29874,17387,7355,96,38,
29894,17391,7343,88,48,
29914,17393,7342,91,52,
29921,17398,7336,86,47,
29936,17385,7341,99,57,
29941,17396,7331,96,50,
29946,17396,7319,89,42,
29954,17405,7334,80,43,
29954,17394,7311,93,49,
29968,17398,7331,82,51,
29987,17402,7319,89,59,
29985,17400,7332,86,41,
29988,17415,7311,94,58,
30011,17404,7317,93,49,
30022,17412,7318,91,53,
30026,17422,7306,87,57,
30046,17426,7303,92,57,
30051,17418,7302,93,44,
30052,17425,7302,99,54,
30059,17434,7292,96,54,
30054,17422,7301,90,45,
30052,17420,7303,93,44,
30049,17424,7297,97,49,
30045,17414,7296,87,49,
30039,17427,7306,91,54,
30026,17418,7307,88,44,
30023,17415,7317,90,57,
30020,17404,7317,87,44,
30002,17410,7316,91,46,
30004,17407,7312,86,42,
29994,17400,7322,95,56,
29986,17403,7331,86,48,
29978,17408,7326,98,51,
29967,17408,7334,93,41,
29965,17390,7335,89,50,
29966,17402,7337,88,42,
29969,17403,7333,90,55,
29961,17400,7339,89,52,
29980,17411,7326,88,61,
30009,17412,7334,89,48,
30004,17412,7332,93,48,
30011,17420,7332,90,53,
30019,17419,7329,96,53,
30003,17415,7340,91,47,
29980,17400,7336,89,52,
29961,17398,7343,92,44,
29940,17392,7350,100,51,
29909,17389,7356,86,54,
29888,17382,7360,88,43,
29862,17376,7358,79,47,
29839,17369,7364,92,52,
29851,17383,7365,87,42,
29835,17368,7362,97,42,
29839,17363,7368,93,47,
29838,17362,7363,95,44,
29842,17371,7359,94,52,
29857,17373,7362,98,55,
29845,17372,7361,91,50,
29853,17369,7358,80,49,
29851,17371,7354,91,50,
29828,17368,7361,84,48,
29825,17362,7365,88,46,
29807,17365,7366,94,48,
29806,17348,7371,92,45,
29792,17353,7378,92,52,
29776,17357,7368,91,51,
29769,17351,7373,92,45,
29761,17348,7381,92,44,
29737,17355,7400,97,57,
29725,17358,7397,91,53,
29704,17346,7409,92,46,
29707,17351,7409,82,51,
29686,17334,7415,89,48,
29677,17327,7414,88,37,
29691,17333,7409,90,46,
29693,17333,7405,94,54,
29686,17343,7425,91,50,
29695,17325,7406,83,43,
29699,17342,7406,99,41,
29708,17344,7401,87,47,
29710,17338,7399,94,43,
29706,17334,7386,86,48,
29695,17331,7406,96,43,
29683,17333,7398,98,60,
29671,17332,7398,96,41,
29680,17322,7410,95,51,
29659,17321,7408,85,51,
29655,17330,7413,94,46,
29652,17319,7412,88,45,
29637,17311,7419,95,46,
29615,17321,7430,94,52,
29593,17308,7431,89,45,
29578,17296,7429,96,47,
29549,17291,7444,85,48,
29533,17299,7441,83,60,
29530,17293,7445,94,49,
29504,17287,7451,88,42,
29501,17278,7443,91,53,
29492,17285,7458,84,48,
29498,17277,7463,101,54,
29503,17282,7462,87,53,
29494,17283,7471,85,45,
29495,17288,7462,102,48,
29488,17285,7468,85,47,
29489,17286,7476,92,42,
29476,17282,7478,90,47,
29479,17285,7473,92,45,
29466,17281,7477,91,49,
29476,17281,7471,84,41,
29489,17296,7462,99,42,
29487,17279,7467,95,46,
29498,17289,7462,100,43,
29514,17291,7463,91,47,
29527,17301,7463,93,45,
29541,17306,7467,90,49,
29565,17307,7457,86,44,
29606,17323,7447,96,42,
29624,17329,7451,91,45,
29659,17347,7439,92,42,
29676,17342,7426,81,46,
29691,17355,7428,91,45,
29703,17345,7424,84,46,
29710,17357,7410,96,46,
29705,17350,7418,93,52,
29695,17338,7425,103,50,
29704,17339,7424,91,43,
29703,17351,7413,89,48,
29715,17355,7431,100,47,
29724,17361,7416,89,49,
29744,17362,7406,90,40,
29765,17367,7408,88,49,
29792,17373,7401,94,53,
29808,17376,7384,90,52,
29814,17378,7396,83,52,
29827,17389,7385,89,44,
29827,17373,7381,92,43,
29827,17386,7385,95,53,
29821,17381,7385,93,40,
29818,17377,7373,87,38,
29805,17364,7373,88,48,
29801,17368,7372,95,45,
29802,17375,7380,89,48,
29789,17357,7381,84,50,
29786,17365,7387,86,49,
29795,17376,7379,95,43,
29799,17370,7382,94,53,
29813,17375,7380,93,54,
29809,17375,7375,77,56,
29818,17375,7378,88,47,
29821,17381,7381,83,49,
29815,17376,7393,96,48,
29804,17378,7390,85,49,
29792,17375,7400,94,59,
29766,17369,7406,95,47,
29761,17378,7403,94,44,
29760,17378,7409,91,53,
29748,17359,7417,93,52,
29733,17365,7416,89,43,
29741,17373,7418,86,45,
29746,17372,7428,94,54,
29772,17371,7412,92,53,
29775,17371,7403,90,45,
29807,17387,7408,95,49,
29821,17382,7393,97,47,
29843,17396,7393,90,57,
29856,17384,7383,85,50,
29857,17393,7373,84,45,
29866,17382,7384,90,35,
29864,17386,7368,89,50,
29858,17390,7383,89,49,
29856,17388,7377,90,50,
29849,17386,7377,83,48,
29847,17381,7374,87,46,
29866,17388,7379,97,44,
29877,17388,7364,88,42,
29886,17388,7357,96,51,
29892,17405,7366,96,57,
29921,17399,7357,100,51,
29931,17402,7357,95,44,
29939,17406,7347,92,53,
29941,17409,7346,87,49,
29924,17407,7352,91,36,
29914,17398,7361,94,53,
29898,17384,7345,90,44,
29900,17387,7362,92,48,
29892,17386,7357,94,45,
29881,17394,7356,92,49,
29887,17392,7360,86,51,
29898,17379,7364,91,57,
29903,17401,7349,87,43,
29935,17401,7346,90,48,
29969,17401,7341,95,48,
30000,17422,7340,86,58,
30021,17434,7327,89,45,
30029,17439,7322,94,54,
30036,17424,7322,93,50,
30006,17419,7325,87,52,
29956,17412,7335,85,52,
29912,17401,7342,91,52,
29849,17385,7355,92,48,
29807,17364,7356,96,44,
29776,17351,7358,90,40,
29776,17356,7368,86,56,
29794,17364,7367,92,35,
29847,17379,7364,85,50,
29884,17392,7345,82,51,
29942,17401,7332,87,47,
29974,17414,7341,88,46,
29981,17413,7325,92,45,
29976,17414,7331,94,46,
29951,17408,7332,87,44,
29917,17390,7353,98,49,
29843,17372,7348,92,43,
29781,17347,7353,89,50,
29723,17351,7377,94,44,
29670,17321,7373,83,63,
29665,17320,7385,83,46,
29674,17331,7390,96,49,
29706,17325,7382,93,45,
29741,17337,7365,92,49,
29791,17357,7353,84,46,
29836,17364,7339,84,47,
29878,17382,7338,78,49,
29896,17375,7326,88,44,
29922,17388,7330,94,53,
29920,17380,7327,93,54,
29915,17386,7324,96,59,
29903,17377,7310,88,50,
29865,17365,7314,96,51,
29851,17355,7322,85,58,
29833,17359,7320,97,48,
29814,17349,7328,86,55,
29816,17345,7319,90,51,
29838,17355,7316,89,42,
29879,17359,7307,94,52,
29918,17378,7301,89,44,
29972,17384,7285,92,46,
30007,17411,7280,89,52,
30046,17402,7278,92,48,
30076,17410,7277,86,52,
30086,17423,7266,86,49,
30080,17425,7286,100,53,
30071,17422,7291,90,41,
30032,17409,7295,86,51,
30014,17395,7289,98,43,
29919,17373,7354,93,52,
29625,17242,7201,90,45,
30469,17569,7289,96,46,
29627,17290,7362,97,57,
29914,17366,7284,91,44,
30066,17426,7323,87,49,
29872,17341,7290,92,51,
30146,17431,7246,93,52,
30238,17459,7277,97,45,
30061,17402,7280,96,60,
30415,17501,7216,82,49,
30368,17486,7237,79,51,
30206,17438,7243,95,51,
30220,17449,7254,95,53,
30142,17417,7264,94,47,
30133,17412,7258,91,38,
30021,17394,7294,98,47,
29917,17368,7320,93,47,
29938,17371,7314,105,54,
29917,17361,7315,90,53,
29819,17356,7343,94,50,
29823,17340,7336,88,46,
29874,17357,7341,90,49,
29926,17367,7343,85,49,
29964,17393,7337,92,49,
30041,17407,7322,95,48,
30101,17441,7310,86,47,
30123,17441,7307,90,49,
30123,17443,7292,91,39,
30114,17441,7300,94,47,
30099,17428,7306,92,57,
30059,17418,7318,91,48,
29989,17402,7339,102,51,
29944,17387,7337,92,55,
29904,17369,7339,100,56,
29890,17372,7342,92,50,
29883,17374,7345,94,42,
29877,17362,7342,89,40,
29886,17382,7347,94,51,
29893,17374,7348,90,39,
29894,17388,7351,97,54,
29902,17375,7343,86,45,
29907,17382,7351,99,44,
29901,17377,7336,99,47,
29911,17386,7337,96,43,
29916,17375,7346,88,46,
29917,17386,7346,87,47,
29912,17386,7338,93,44,
29920,17386,7335,99,43,
29903,17376,7338,87,43,
29892,17370,7342,87,52,
29857,17361,7344,88,55,
29822,17354,7362,87,46,
29796,17348,7368,83,47,
29765,17350,7379,92,46,
29750,17335,7372,93,44,
29735,17341,7367,97,47,
29753,17332,7373,95,46,
29743,17340,7367,83,38,
29738,17340,7370,90,47,
29740,17337,7369,96,46,
29740,17331,7373,90,49,
29736,17327,7374,82,46,
29723,17327,7376,93,46,
29737,17335,7373,80,47,
29734,17328,7370,92,51,
29746,17335,7367,89,48,
29742,17326,7377,94,46,
29722,17323,7372,83,47,
29698,17316,7382,93,47,
29676,17312,7388,89,52,
29647,17313,7401,84,45,
29605,17297,7395,90,42,
29565,17298,7410,87,48,
29558,17285,7421,98,53,
29562,17286,7420,87,51,
29577,17286,7426,90,51,
29612,17295,7420,93,54,
29667,17316,7408,90,46,
29712,17327,7397,95,45,
29768,17339,7372,102,49,
29791,17350,7385,96,43,
29795,17360,7385,86,53,
29805,17345,7392,91,50,
29769,17350,7407,95,51,
29724,17325,7407,93,54,
29678,17311,7421,89,42,
29617,17301,7429,86,52,
29576,17296,7440,90,48,
29555,17284,7452,101,52,
29543,17279,7454,93,54,
29567,17291,7451,79,41,
29593,17296,7445,94,48,
29635,17318,7445,94,50,
29669,17328,7429,91,48,
29723,17337,7415,107,52,
29753,17352,7411,92,47,
29770,17354,7408,91,50,
29757,17346,7413,89,49,
29744,17345,7406,85,37,
29699,17326,7427,90,47,
29655,17311,7425,91,48,
29615,17295,7434,88,51,
29555,17272,7442,98,53,
29512,17271,7450,87,37,
29474,17261,7453,94,51,
29450,17255,7456,99,48,
29446,17245,7458,89,49,
29457,17255,7455,85,46,
29474,17252,7445,94,57,
29507,17268,7446,90,50,
29536,17267,7431,95,46,
29564,17277,7418,100,53,
29585,17282,7418,97,43,
29586,17275,7400,86,56,
29565,17273,7407,93,44,
29533,17258,7411,93,50,
29490,17244,7419,88,47,
29438,17232,7429,90,48,
29380,17212,7438,97,48,
29332,17195,7456,91,42,
29308,17172,7459,85,47,
29282,17182,7452,94,45,
29305,17199,7462,90,47,
29336,17200,7457,86,57,
29389,17218,7446,101,52,
29442,17234,7442,84,45,
29507,17255,7438,95,46,
29568,17278,7432,90,46,
29621,17296,7431,101,52,
29661,17300,7422,99,51,
29696,17312,7428,89,53,
29699,17308,7439,89,60,
29701,17323,7442,83,49,
29716,17318,7451,83,45,
29701,17315,7447,89,50,
29690,17317,7444,89,57,
29790,17357,7434,89,57,
29734,17341,7438,84,45,
29787,17346,7436,85,56,
29802,17368,7460,81,48,
29868,17381,7420,85,53,
29893,17391,7432,95,52,
29952,17406,7419,90,46,
29932,17404,7430,88,38,
30028,17419,7404,90,46,
30025,17431,7409,94,53,
30037,17432,7431,98,44,
30062,17439,7421,95,51,
30070,17449,7418,96,49,
30074,17444,7423,98,59,
30061,17443,7423,88,43,
30014,17422,7432,88,51,
29990,17418,7435,85,48,
29970,17413,7435,86,44,
29927,17390,7450,91,42,
29915,17386,7433,84,57,
29921,17393,7431,89,55,
29955,17394,7414,90,41,
29955,17408,7411,95,49,
29965,17405,7417,94,47,
29993,17401,7397,92,48,
30010,17416,7383,96,46,
30042,17421,7370,95,50,
30101,17450,7371,91,48,
30077,17431,7426,99,53,
30455,17564,7289,98,49,
30222,17483,7349,104,49,
30246,17478,7318,85,49,
30412,17533,7299,96,51,
30204,17457,7308,96,45,
30515,17556,7288,101,52,
30468,17508,7246,94,45,
30502,17536,7257,93,57,
30542,17523,7178,96,48,
30640,17577,7209,90,55,
30599,17534,7187,86,52,
30800,17583,7164,84,55,
30814,17586,7135,94,41,
30898,17588,7108,86,47,
30991,17629,7106,89,47,
30961,17608,7095,91,60,
31002,17622,7077,88,48,
31046,17625,7070,89,49,
30989,17624,7067,97,48,
30965,17614,7073,98,50,
30967,17604,7070,99,59,
30915,17577,7067,88,45,
30896,17573,7075,87,53,
30845,17571,7082,82,51,
30835,17562,7070,84,32,
30839,17563,7069,93,49,
30835,17562,7059,94,46,
30827,17559,7054,79,49,
30859,17558,7041,97,53,
30855,17559,7040,89,52,
30826,17546,7033,86,52,
30788,17553,7038,87,48,
30721,17525,7052,94,44,
30675,17512,7071,94,44,
30628,17509,7075,85,54,
30583,17495,7083,89,45,
30578,17480,7076,105,48,
30570,17484,7075,90,55,
30580,17483,7066,95,44,
30605,17489,7062,88,52,
30667,17501,7057,93,52,
30705,17510,7030,91,44,
30777,17511,7015,98,50,
30849,17537,6985,94,47,
30909,17550,6964,93,50,
30972,17558,6951,91,47,
31021,17575,6930,90,45,
31076,17584,6924,89,50,
31098,17586,6908,91,56,
31099,17596,6910,90,50,
31097,17592,6910,100,46,
31089,17577,6911,83,45,
31065,17578,6923,95,49,
31035,17568,6914,88,49,
31020,17569,6935,91,50,
31021,17574,6924,88,45,
31021,17567,6937,82,47,
31013,17563,6944,96,42,
30994,17569,6941,88,52,
30999,17560,6950,93,53,
30983,17564,6957,89,44,
30961,17549,6965,82,50,
30926,17541,6975,89,47,
30892,17538,6984,93,51,
30874,17535,6996,83,52,
30852,17526,7006,77,56,
30815,17526,7022,85,50,
30793,17506,7021,89,47,
30766,17518,7025,90,48,
30731,17503,7028,91,45,
30683,17492,7049,98,51,
30669,17496,7053,89,49,
30609,17488,7054,89,47,
30555,17478,7074,88,53,
30501,17464,7077,73,50,
30451,17451,7090,77,51,
30413,17445,7092,89,52,
30373,17436,7116,87,57,
30327,17421,7114,95,47,
30307,17418,7124,100,39,
30305,17426,7139,90,54,
30309,17416,7123,83,47,
30322,17425,7125,92,51,
30361,17427,7122,102,42,
30407,17440,7118,96,54,
30465,17459,7113,96,50,
30511,17469,7100,98,45,
30569,17478,7108,87,43,
30601,17490,7094,84,49,
30620,17495,7091,91,58,
30633,17492,7097,85,51,
30644,17501,7098,92,54,
30652,17503,7085,99,44,
30649,17505,7084,100,58,
30681,17504,7082,95,43,
30686,17532,7084,93,41,
30707,17517,7087,93,52,
30747,17520,7079,94,48,
30774,17544,7079,89,53,
30821,17543,7062,89,52,
30861,17567,7053,85,52,
30899,17563,7046,90,49,
30935,17578,7034,87,51,
30989,17587,7032,87,50,
31022,17587,7024,92,48,
31061,17603,7015,95,45,
31099,17617,7014,89,58,
31147,17607,6997,97,54,
31195,17621,6981,93,44,
31244,17631,6973,101,49,
31286,17637,6959,91,57,
31336,17647,6942,82,43,
31356,17656,6927,87,46,
31348,17643,6908,88,39,
31335,17633,6910,96,44,
31302,17634,6916,95,51,
31234,17616,6927,100,56,
31170,17605,6932,100,45,
31086,17576,6957,84,47,
31017,17571,6967,92,50,
30961,17551,6977,86,56,
30914,17539,6997,84,47,
30868,17548,7010,100,42,
30853,17533,7019,97,51,
30823,17533,7017,90,55,
30800,17529,7025,96,50,
30776,17518,7039,89,57,
30749,17508,7045,88,45,
30695,17506,7050,85,47,
30645,17485,7063,96,50,
30605,17486,7054,83,49,
30558,17472,7081,80,52,
30516,17469,7074,83,46,
30483,17460,7087,101,57,
30429,17445,7091,89,45,
30353,17436,7130,94,53,
30296,17427,7141,85,50,
30272,17440,7153,87,55,
30225,17425,7155,84,47,
30134,17399,7169,91,53,
30046,17391,7180,86,51,
29958,17375,7206,85,51,
29874,17360,7219,94,54,
29774,17335,7246,86,43,
29641,17322,7265,83,48,
29577,17309,7299,93,48,
29507,17305,7333,92,48,
29505,17299,7334,91,51,
29533,17317,7339,99,47,
29587,17331,7336,88,51,
29660,17347,7334,89,46,
29763,17373,7306,96,53,
29871,17398,7271,100,43,
30024,17416,7234,95,51,
30175,17462,7192,88,48,
30324,17490,7145,100,54,
30480,17516,7105,97,50,
30623,17543,7071,92,49,
30729,17552,7040,81,40,
30816,17569,7006,82,48,
30914,17582,6972,90,61,
30964,17599,6953,97,48,
31009,17604,6933,92,50,
31044,17592,6915,81,51,
31077,17598,6894,89,40,
31125,17596,6882,95,54,
31165,17605,6873,93,45,
31226,17626,6858,97,52,
31283,17618,6851,86,47,
31369,17639,6833,91,54,
31457,17658,6820,86,43,
31553,17671,6802,81,39,
31644,17686,6785,84,48,
31715,17695,6773,87,50,
31791,17716,6754,85,51,
31861,17727,6735,87,54,
31904,17735,6734,88,48,
31948,17731,6717,86,51,
31963,17727,6716,85,54,
31968,17726,6704,94,41,
31984,17734,6710,88,57,
31964,17733,6706,82,47,
31967,17733,6709,93,51,
31960,17736,6708,86,46,
31966,17737,6697,84,50,
31980,17742,6708,87,52,
32015,17748,6697,92,44,
32060,17748,6699,92,46,
32099,17768,6678,89,48,
32157,17782,6668,94,47,
32234,17802,6660,89,38,
32318,17808,6654,90,57,
32399,17825,6625,81,46,
32461,17834,6614,95,52,
32519,17860,6612,89,41,
32570,17876,6593,90,46,
32612,17892,6581,79,57,
32628,17892,6577,90,48,
32639,17889,6559,89,47,
32638,17881,6551,83,47,
32652,17890,6543,77,45,
32650,17897,6551,82,51,
32656,17898,6542,84,39,
32650,17893,6536,85,43,
32645,17882,6544,89,42,
32642,17881,6550,95,49,
32631,17874,6553,92,34,
32630,17868,6562,87,53,
32621,17867,6578,95,50,
32602,17856,6576,85,49,
32558,17850,6603,80,42,
32523,17838,6605,93,42,
32482,17827,6620,89,48,
32443,17817,6631,88,49,
32385,17802,6647,91,39,
32319,17794,6657,86,50,
32243,17784,6666,89,57,
32175,17751,6674,87,46,
32108,17743,6697,92,44,
32034,17741,6714,99,54,
31942,17739,6747,100,48,
31856,17723,6769,87,45,
31788,17720,6777,82,54,
31708,17707,6801,87,57,
31597,17687,6844,92,44,
31524,17669,6870,86,45,
31422,17667,6888,89,42,
31354,17653,6916,75,49,
31283,17636,6930,97,37,
31219,17636,6949,87,39,
31185,17629,6954,81,38,
31185,17640,6958,90,45,
31190,17634,6958,95,50,
31187,17648,6956,98,47,
31219,17648,6951,90,39,
31253,17645,6949,97,52,
31299,17654,6918,89,51,
31301,17654,6928,83,48,
31324,17664,6913,81,47,
31343,17668,6914,88,51,
31368,17659,6906,89,45,
31368,17666,6900,80,53,
31386,17674,6886,86,56,
31409,17661,6879,86,41,
31425,17670,6887,90,53,
31440,17683,6872,96,43,
31436,17671,6873,84,39,
31422,17658,6861,86,50,
31394,17658,6863,91,44,
31399,17660,6859,83,52,
31394,17639,6852,87,47,
31403,17643,6843,85,55,
31422,17637,6836,80,57,
31446,17631,6826,84,49,
31452,17626,6803,87,44,
31451,17615,6788,86,56,
31433,17603,6791,88,57,
31394,17597,6781,90,49,
31348,17563,6775,82,57,
31288,17556,6768,86,37,
31244,17532,6774,96,48,
31206,17522,6767,95,40,
31180,17506,6767,91,47,
31140,17510,6773,94,43,
31126,17509,6755,82,52,
31126,17496,6761,83,50,
31154,17502,6744,90,43,
31205,17507,6729,90,57,
31270,17528,6718,92,49,
31349,17540,6704,81,49,
31457,17561,6683,90,55,
31567,17590,6668,85,48,
31688,17615,6645,87,49,
31808,17639,6631,91,52,
31932,17665,6607,86,44,
32049,17695,6582,87,55,
32175,17702,6565,84,50,
32283,17728,6527,88,40,
32394,17732,6510,92,41,
32444,17755,6495,82,39,
32507,17767,6490,86,43,
32556,17771,6483,83,58,
32607,17778,6470,86,52,
32618,17787,6444,92,39,
32631,17799,6433,90,45,
32643,17806,6426,95,53,
32651,17796,6422,93,54,
32656,17809,6414,89,50,
32667,17802,6411,90,44,
32667,17807,6394,81,42,
32672,17810,6406,77,50,
32671,17819,6392,83,64,
32684,17834,6384,88,46,
32688,17837,6386,78,49,
32697,17832,6375,88,47,
32706,17851,6374,90,46,
32711,17855,6367,84,53,
32719,17856,6382,86,45,
32727,17867,6371,85,47,
32730,17869,6371,83,43,
32729,17864,6375,84,46,
32727,17864,6371,91,51,
32730,17868,6372,90,45,
32740,17860,6368,88,43,
32733,17858,6361,97,48,
32735,17864,6372,80,45,
32725,17855,6370,95,43,
32720,17861,6369,92,50,
32719,17859,6381,92,43,
32718,17859,6390,91,49,
32717,17864,6391,89,50,
32721,17858,6386,92,49,
32729,17866,6378,82,47,
32741,17879,6368,87,55,
32745,17885,6369,85,52,
32757,17876,6358,87,40,
32762,17892,6355,87,47,
32766,17894,6354,76,44,
32761,17884,6357,86,53,
32755,17887,6364,89,44,
32748,17878,6381,88,46,
32737,17867,6370,82,43,
32728,17863,6400,84,52,
32716,17854,6404,87,47,
32706,17853,6403,82,52,
32692,17853,6416,96,47,
32689,17839,6421,92,50,
32674,17837,6443,80,51,
32665,17838,6438,86,56,
32654,17828,6456,75,32,
32647,17826,6460,89,46,
32630,17812,6473,85,41,
32618,17819,6480,86,44,
32590,17803,6495,83,47,
32552,17785,6513,86,53,
32504,17783,6531,88,47,
32445,17771,6537,96,42,
32414,17768,6549,93,43,
32369,17748,6572,86,53,
32300,17731,6574,92,51,
32259,17736,6585,81,49,
32203,17722,6592,86,53,
32180,17719,6588,84,46,
32140,17706,6598,96,40,
32121,17705,6611,93,45,
32088,17699,6620,82,47,
32088,17703,6620,85,40,
32076,17696,6629,84,43,
32066,17709,6630,87,46,
32067,17712,6633,85,49,
32078,17707,6641,83,47,
32082,17721,6639,78,44,
32094,17723,6634,81,50,
32094,17725,6639,89,50,
32105,17724,6632,89,56,
32112,17726,6638,94,42,
32102,17736,6650,91,46,
32086,17731,6648,87,37,
32079,17728,6644,86,40,
32065,17736,6657,95,53,
32036,17732,6656,76,50,
32022,17730,6662,93,51,
32009,17726,6679,90,41,
31978,17722,6677,85,49,
31970,17719,6683,90,46,
31976,17716,6681,86,45,
31983,17724,6682,86,42,
31997,17726,6678,88,42,
32007,17747,6685,91,46,
32057,17725,6680,89,45,
32085,17748,6661,86,51,
32106,17748,6665,83,52,
32142,17761,6667,89,49,
32140,17767,6670,80,44,
32136,17763,6671,90,49,
32126,17765,6684,90,55,
32114,17769,6683,90,58,
32092,17756,6698,83,48,
32091,17760,6708,96,50,
32059,17750,6708,90,51,
32049,17755,6708,90,48,
32019,17749,6724,86,45,
31996,17732,6720,88,49,
31986,17738,6717,82,37,
31979,17735,6715,83,44,
31986,17733,6714,85,49,
31958,17727,6721,81,58,
31945,17722,6714,80,52,
31912,17717,6720,95,53,
31900,17721,6725,88,52,
31890,17720,6729,84,53,
31880,17713,6735,90,49,
31899,17710,6729,87,52,
31924,17723,6739,85,40,
31946,17737,6724,85,49,
31976,17736,6717,88,52,
32004,17742,6713,88,45,
32031,17735,6713,90,44,
32023,17728,6713,90,40,
31994,17745,6713,89,50,
31949,17728,6727,88,49,
31884,17726,6741,90,54,
31800,17699,6763,87,49,
31710,17695,6784,93,50,
31659,17688,6796,96,58,
31617,17689,6816,86,45,
31611,17681,6811,85,42,
31636,17695,6820,86,52,
31681,17711,6820,86,40,
31753,17719,6805,84,44,
31824,17744,6787,84,47,
31882,17751,6791,77,51,
31918,17767,6784,88,53,
31935,17765,6777,89,39,
31920,17759,6779,74,54,
31868,17740,6785,97,50,
31827,17726,6781,81,55,
31762,17729,6798,82,41,
31702,17706,6813,87,43,
31628,17691,6810,89,49,
31575,17675,6837,89,50,
31538,17678,6846,84,43,
31520,17675,6841,92,47,
31529,17679,6840,95,42,
31547,17686,6848,82,55,
31600,17688,6833,94,46,
31684,17708,6812,87,42,
31750,17720,6807,84,48,
31819,17732,6794,91,54,
31903,17749,6768,87,45,
31965,17755,6763,80,52,
32006,17758,6745,87,40,
32059,17778,6729,85,54,
32068,17779,6726,82,53,
32062,17782,6725,91,48,
32061,17784,6730,89,48,
32025,17773,6738,87,45,
32006,17775,6745,87,46,
31992,17771,6748,91,42,
31980,17785,6755,99,51,
31995,17779,6754,86,47,
32026,17795,6747,86,49,
32050,17793,6760,80,50,
32091,17812,6750,86,47,
32113,17819,6748,80,44,
32123,17822,6743,96,43,
32128,17831,6742,92,39,
32104,17830,6747,87,42,
32063,17815,6760,89,52,
31995,17797,6782,88,49,
31908,17787,6795,92,52,
31805,17780,6822,89,48,
31705,17762,6842,97,61,
31601,17738,6871,93,53,
31495,17718,6893,82,46,
31414,17703,6913,86,47,
31318,17682,6936,87,42,
31227,17663,6968,88,48,
31139,17655,6974,89,38,
31069,17642,7009,83,47,
30989,17631,7037,82,52,
30922,17621,7056,84,48,
30876,17605,7080,87,47,
30816,17603,7093,91,47,
30792,17593,7099,89,45,
30760,17587,7102,89,54,
30740,17581,7110,91,47,
30757,17586,7112,96,42,
30777,17583,7115,82,46,
30802,17593,7109,91,45,
30851,17600,7089,95,43,
30892,17607,7090,86,45,
30955,17627,7067,85,40,
31016,17630,7060,89,50,
31042,17634,7059,83,53,
31077,17654,7055,83,46,
31087,17637,7050,83,39,
31062,17640,7054,85,47,
31067,17643,7049,91,38,
31033,17627,7063,94,50,
31012,17625,7069,86,48,
31011,17622,7068,91,56,
30998,17616,7059,92,51,
31032,17617,7061,93,35,
31068,17622,7046,86,54,
31106,17628,7038,93,50,
31187,17643,7030,98,47,
31274,17658,7009,92,49,
31340,17677,6998,91,56,
31437,17700,6983,82,46,
31535,17709,6971,78,47,
31623,17733,6956,83,50,
31693,17734,6939,92,42,
31762,17761,6923,100,48,
31811,17763,6914,89,50,
31822,17758,6903,84,44,
31774,17749,6908,87,53,
31725,17740,6920,86,54,
31643,17710,6931,87,51,
31543,17687,6937,95,50,
31430,17658,6947,84,51,
31332,17647,6973,88,49,
31250,17629,6990,82,60,
31198,17625,7010,77,54,
31172,17615,7018,84,49,
31143,17617,7021,95,46,
31131,17600,7037,98,44,
31106,17602,7033,91,49,
31060,17594,7059,92,47,
31005,17584,7073,89,51,
30905,17557,7088,92,53,
30817,17543,7123,93,57,
30712,17512,7152,88,45,
30543,17482,7189,90,47,
30460,17459,7205,88,48,
30375,17446,7249,84,60,
30212,17400,7260,87,55,
30233,17406,7267,85,47,
30123,17373,7300,88,48,
30028,17348,7319,94,46,
30035,17355,7329,89,49,
29972,17331,7348,96,35,
29991,17339,7345,85,51,
30078,17368,7342,88,47,
30081,17362,7324,95,36,
30171,17387,7308,79,49,
30199,17395,7297,96,37,
30179,17389,7308,95,47,
30148,17387,7306,90,52,
30067,17353,7333,87,59,
29947,17320,7346,87,44,
29859,17294,7362,93,40,
29764,17273,7397,94,49,
29690,17263,7418,91,53,
29674,17252,7415,97,53,
29673,17249,7413,95,57,
29716,17263,7407,87,55,
29811,17290,7399,93,48,
29889,17313,7380,93,43,
30008,17335,7360,92,55,
30081,17360,7341,91,43,
30125,17364,7330,97,45,
30158,17365,7322,95,57,
30134,17349,7331,96,43,
30112,17344,7334,86,53,
30097,17355,7346,82,39,
30078,17346,7356,94,57,
30077,17346,7342,89,50,
30072,17334,7353,95,54,
30067,17337,7353,80,57,
30058,17346,7362,101,47,
30047,17340,7369,84,45,
30060,17342,7362,93,48,
30087,17349,7365,93,45,
30128,17358,7353,90,49,
30186,17366,7335,89,55,
30267,17395,7320,87,53,
30329,17401,7301,86,59,
30375,17426,7298,96,56,
30404,17421,7284,89,49,
30401,17416,7278,97,53,
30374,17417,7275,85,52,
30337,17398,7292,85,56,
30300,17391,7292,94,51,
30272,17382,7298,84,48,
30264,17383,7298,95,59,
30274,17395,7303,85,43,
30310,17402,7300,96,43,
30352,17412,7284,92,52,
30397,17435,7269,93,54,
30445,17443,7265,92,48,
30476,17440,7251,89,49,
30462,17446,7248,92,46,
30442,17432,7255,89,47,
30400,17424,7262,93,56,
30360,17415,7267,92,47,
30313,17403,7281,87,47,
30281,17394,7279,92,46,
30265,17393,7284,96,47,
30263,17389,7301,86,45,
30255,17392,7289,88,49,
30258,17384,7287,92,44,
30243,17391,7297,86,46,
30244,17391,7301,95,51,
30260,17401,7296,88,44,
30271,17409,7315,90,47,
30305,17412,7308,100,48,
30340,17409,7285,100,43,
30367,17422,7283,93,48,
30369,17421,7283,92,43,
30366,17422,7281,81,44,
30343,17412,7277,95,38,
30301,17408,7281,96,46,
30267,17396,7287,89,45,
30244,17390,7290,99,48,
30232,17381,7297,86,43,
30247,17388,7301,98,44,
30268,17400,7295,87,44,
30309,17407,7300,91,44,
30364,17426,7276,87,40,
30414,17436,7271,96,50,
30460,17442,7270,94,44,
30483,17443,7259,92,54,
30481,17452,7268,82,42,
30494,17450,7257,92,47,
30487,17447,7269,89,43,
30490,17455,7265,93,51,
30476,17451,7274,96,50,
30474,17444,7270,95,45,
30473,17451,7251,93,54,
30474,17456,7260,86,46,
30476,17447,7267,89,45,
30456,17443,7261,95,50,
30487,17448,7262,99,44,
30454,17442,7263,101,52,
30445,17433,7264,91,50,
30474,17436,7266,99,47,
30475,17437,7258,85,50,
30500,17446,7239,85,47,
30535,17457,7236,94,46,
30561,17467,7219,87,45,
30609,17471,7231,91,55,
30632,17486,7210,90,50,
30626,17481,7213,93,50,
30624,17483,7215,92,51,
30611,17470,7213,84,51,
30573,17463,7224,93,46,
30549,17456,7230,103,47,
30527,17460,7225,92,52,
30503,17458,7237,90,47,
30492,17448,7245,96,40,
30463,17453,7256,93,58,
30462,17454,7255,87,48,
30467,17439,7255,95,55,
30453,17455,7249,97,53,
30449,17454,7245,81,50,
30467,17452,7239,100,45,
30467,17451,7250,91,45,
30466,17452,7239,87,61,
30470,17444,7237,86,52,
30471,17453,7220,91,51,
30490,17455,7229,100,51,
30494,17441,7217,85,52,
30492,17446,7207,91,52,
30482,17441,7206,94,52,
30493,17431,7204,86,51,
30478,17432,7202,98,48,
30492,17431,7198,95,59,
30505,17431,7193,82,53,
30550,17441,7196,88,57,
30566,17448,7191,95,44,
30618,17466,7168,90,55,
30665,17477,7167,93,47,
30686,17480,7154,95,53,
30719,17485,7157,80,45,
30739,17494,7152,94,44,
30735,17503,7146,89,44,
30747,17492,7140,92,60,
30746,17496,7143,93,48,
30744,17495,7143,79,40,
30748,17483,7152,90,53,
30738,17490,7142,92,50,
30737,17489,7142,93,44,
30717,17480,7154,90,51,
30707,17479,7151,87,32,
30694,17485,7164,91,52,
30673,17477,7157,93,48,
30653,17469,7166,86,54,
30642,17463,7153,87,54,
30626,17464,7169,90,45,
30615,17451,7168,103,55,
30611,17460,7166,94,46,
30610,17465,7174,90,48,
30599,17460,7173,93,47,
30590,17444,7165,88,42,
30594,17441,7182,84,50,
30570,17452,7175,92,58,
30568,17439,7172,91,50,
30555,17435,7179,87,55,
30554,17453,7182,90,39,
30546,17434,7173,94,57,
30549,17440,7174,94,51,
30562,17445,7181,102,53,
30578,17444,7175,84,59,
30580,17453,7171,90,41,
30581,17452,7168,105,53,
30588,17451,7166,76,51,
30585,17457,7167,88,49,
30602,17452,7176,91,40,
30607,17460,7166,91,46,
30602,17463,7169,90,54,
30626,17464,7155,91,48,
30619,17458,7158,100,47,
30635,17460,7154,99,46,
30635,17464,7167,93,43,
30626,17464,7148,87,52,
30643,17451,7158,97,47,
30646,17464,7156,87,49,
30650,17468,7148,85,48,
30675,17465,7161,91,48,
30679,17466,7144,79,42,
30686,17481,7151,91,41,
30703,17468,7139,97,59,
30715,17473,7143,90,47,
30710,17475,7126,99,54,
30703,17472,7136,94,53,
30701,17483,7128,92,50,
30706,17474,7131,100,53,
30676,17475,7128,95,49,
30680,17470,7142,90,52,
30691,17471,7133,90,49,
30674,17462,7135,99,52,
30686,17475,7129,88,55,
30703,17474,7128,87,45,
30698,17475,7125,87,55,
30695,17480,7127,86,38,
30698,17479,7127,94,52,
30686,17470,7139,102,48,
30656,17464,7150,90,56,
30631,17466,7141,79,55,
30604,17458,7158,95,56,
30571,17454,7171,83,44,
30550,17448,7171,98,45,
30538,17446,7186,86,48,
30524,17439,7184,88,51,
30516,17445,7189,89,44,
30520,17448,7182,96,48,
30515,17436,7195,91,50,
30513,17441,7185,94,47,
30518,17451,7191,87,46,
30517,17441,7188,89,55,
30531,17442,7185,80,60,
30527,17436,7180,88,50,
30529,17432,7186,94,54,
30523,17442,7180,92,44,
30519,17437,7182,83,57,
30516,17434,7177,90,46,
30514,17431,7187,80,51,
30496,17440,7181,92,47,
30493,17438,7186,82,50,
30488,17430,7173,90,38,
30492,17426,7185,97,48,
30494,17431,7178,90,51,
30512,17434,7187,84,46,
30523,17440,7178,87,42,
30517,17440,7171,85,52,
30501,17434,7176,94,50,
30498,17436,7186,90,61,
30484,17429,7190,97,56,
30465,17414,7186,95,48,
30451,17420,7192,96,47,
30441,17415,7194,95,48,
30432,17413,7185,87,49,
30418,17413,7194,98,53,
30421,17414,7191,84,45,
30419,17414,7196,95,50,
30441,17413,7187,97,40,
30429,17416,7189,93,42,
30437,17410,7189,98,52,
30416,17415,7195,88,50,
30422,17407,7194,87,50,
30406,17410,7197,93,47,
30398,17399,7194,92,42,
30401,17409,7201,94,52,
30391,17400,7194,98,50,
30392,17403,7197,91,48,
30380,17392,7196,89,51,
30375,17402,7205,99,49,
30365,17397,7200,91,44,
30358,17382,7193,87,36,
30348,17396,7199,89,43,
30355,17391,7197,89,55,
30345,17386,7200,94,54,
30351,17395,7192,86,44,
30346,17396,7202,98,58,
30341,17388,7197,86,56,
30327,17378,7201,87,45,
30323,17382,7202,88,49,
30293,17377,7213,86,39,
30292,17379,7222,97,44,
30292,17379,7212,95,50,
30282,17376,7219,85,51,
30277,17371,7218,96,44,
30273,17371,7220,88,51,
30274,17369,7219,94,56,
30284,17375,7214,91,52,
30266,17371,7211,92,56,
30260,17356,7212,98,42,
30240,17365,7214,87,46,
30216,17360,7216,81,51,
30200,17344,7226,85,46,
30179,17339,7223,91,47,
30168,17350,7227,95,49,
30158,17332,7231,91,48,
30152,17336,7230,88,49,
30138,17331,7232,90,47,
30138,17332,7232,91,58,
30138,17339,7236,99,47,
30142,17337,7230,98,49,
30131,17341,7246,89,51,
30135,17337,7233,94,43,
30128,17329,7250,89,53,
30110,17332,7227,95,58,
30118,17329,7238,100,54,
30097,17315,7238,93,46,
30100,17323,7235,92,49,
30111,17333,7237,89,57,
30115,17331,7236,93,50,
30134,17333,7240,101,52,
30150,17333,7236,84,50,
30187,17341,7237,82,46,
30192,17341,7226,83,55,
30190,17360,7237,88,50,
30205,17359,7238,95,47,
30197,17361,7246,94,43,
30203,17370,7247,96,44,
30187,17361,7248,94,49,
30180,17357,7260,101,57,
30165,17357,7259,89,50,
30171,17345,7263,95,40,
30166,17356,7259,89,43,
30182,17354,7256,95,51,
30207,17358,7248,87,44,
30233,17371,7243,99,43,
30263,17375,7244,96,40,
30293,17381,7222,92,62,
30329,17396,7216,96,46,
30350,17395,7213,89,47,
30357,17397,7199,93,54,
30357,17402,7198,101,51,
30370,17399,7206,86,50,
30359,17399,7212,100,45,
30349,17383,7206,82,44,
30332,17395,7206,84,44,
30348,17394,7210,95,52,
30343,17398,7207,91,48,
30340,17392,7208,90,50,
30334,17389,7205,87,51,
30351,17401,7196,88,52,
30338,17395,7198,88,41,
30356,17399,7201,90,46,
30364,17387,7196,84,56,
30350,17404,7207,99,48,
30356,17398,7200,84,54,
30364,17400,7194,90,49,
30356,17398,7200,89,50,
30370,17397,7198,85,48,
30369,17397,7203,97,62,
30374,17397,7198,94,41,
30366,17411,7202,81,46,
30365,17402,7195,95,63,
30379,17398,7198,103,39,
30400,17409,7193,93,46,
30405,17399,7188,97,48,
30413,17411,7186,88,48,
30434,17421,7179,93,49,
30443,17430,7168,96,51,
30467,17422,7172,100,54,
30484,17427,7178,93,45,
30488,17437,7185,92,45,
30487,17431,7176,101,53,
30501,17436,7166,98,49,
30493,17432,7178,86,47,
30491,17437,7167,90,49,
30495,17435,7174,92,44,
30487,17431,7176,84,54,
30506,17413,7174,93,44,
30488,17433,7168,90,50,
30504,17436,7158,98,47,
30511,17434,7169,90,52,
30534,17446,7170,91,50,
30538,17438,7160,95,47,
30551,17443,7150,84,44,
30556,17449,7152,100,48,
30564,17448,7153,94,46,
30566,17437,7156,96,42,
30549,17449,7158,92,50,
30531,17443,7148,85,61,
30532,17438,7165,100,51,
30524,17439,7165,92,47,
30514,17439,7157,94,42,
30521,17428,7161,89,49,
30518,17435,7161,84,40,
30532,17422,7159,93,54,
30536,17440,7155,90,51,
30556,17433,7159,98,50,
30564,17433,7149,91,47,
30568,17442,7144,101,47,
30573,17452,7146,89,53,
30590,17450,7139,88,49,
30594,17450,7133,93,54,
30585,17449,7134,83,54,
30591,17447,7133,91,51,
30608,17455,7139,99,46,
30612,17447,7131,94,58,
30634,17460,7134,85,47,
30639,17469,7123,94,46,
30645,17471,7128,85,50,
30655,17467,7131,86,55,
30649,17466,7133,83,57,
30655,17463,7135,88,51,
30653,17476,7137,94,46,
30643,17470,7144,93,50,
30648,17482,7148,82,53,
30643,17460,7155,88,46,
30643,17466,7149,98,59,
30646,17468,7152,98,54,
30659,17462,7147,92,56,
30673,17465,7150,83,54,
30668,17463,7141,94,52,
30685,17473,7132,82,42,
30684,17475,7131,88,50,
30701,17471,7124,87,43,
30695,17475,7118,88,52,
30690,17472,7123,89,46,
30692,17478,7126,87,52,
30698,17477,7122,90,39,
30686,17463,7125,96,43,
30689,17466,7118,83,54,
30692,17477,7128,100,53,
30707,17472,7131,86,48,
30714,17476,7123,93,53,
30713,17486,7120,87,44,
30720,17481,7115,90,48,
30702,17470,7115,88,48,
30707,17482,7120,90,56,
30694,17469,7120,95,50,
30678,17457,7128,90,50,
30678,17477,7122,96,53,
30658,17455,7129,92,42,
30650,17461,7126,94,51,
30647,17461,7131,90,52,
30657,17468,7124,104,54,
30644,17458,7123,82,46,
30658,17459,7118,91,52,
30651,17459,7128,91,48,
30651,17464,7129,89,58,
30652,17467,7123,95,56,
30636,17463,7139,77,51,
30627,17456,7131,92,57,
30623,17462,7138,87,45,
30600,17451,7129,92,44,
30594,17447,7135,92,48,
30608,17449,7127,96,42,
30584,17454,7129,91,42,
30590,17444,7150,89,50,
30595,17438,7138,85,56,
30585,17434,7135,84,52,
30589,17444,7141,94,47,
30571,17434,7139,88,56,
30571,17427,7137,99,50,
30574,17440,7138,88,53,
30571,17440,7144,97,51,
30576,17440,7144,91,44,
30580,17440,7152,84,51,
30581,17441,7148,89,56,
30589,17440,7143,97,55,
30596,17452,7142,90,45,
30601,17454,7134,96,49,
30598,17457,7134,82,41,
30614,17450,7134,88,49,
30612,17446,7131,99,42,
30617,17447,7125,94,46,
30603,17447,7131,90,49,
30602,17452,7141,88,51,
30597,17446,7128,87,52,
30604,17433,7127,92,54,
30616,17442,7129,84,47,
30635,17460,7127,96,51,
30651,17456,7111,81,55,
30675,17463,7117,97,46,
30694,17466,7110,95,49,
30714,17465,7105,95,48,
30714,17483,7096,94,48,
30732,17471,7098,91,48,
30729,17472,7097,94,41,
30738,17472,7090,87,55,
30729,17470,7088,87,61,
30731,17475,7088,90,51,
30731,17467,7094,89,47,
30724,17462,7089,93,48,
30730,17478,7082,96,51,
30736,17485,7099,95,31,
30765,17479,7093,89,44,
30778,17483,7092,102,50,
30786,17486,7074,99,49,
30781,17493,7081,88,37,
30791,17491,7089,89,56,
30773,17491,7095,89,52,
30754,17481,7102,88,51,
30725,17475,7115,88,56,
30702,17472,7119,96,53,
30672,17474,7124,98,43,
30648,17451,7123,82,52,
30643,17460,7129,88,60,
30618,17462,7135,88,53,
30621,17448,7130,93,46,
30615,17451,7128,85,45,
30614,17444,7130,94,51,
30623,17465,7134,94,48,
30630,17459,7123,92,41,
30639,17451,7121,89,47,
30651,17459,7127,93,56,
30654,17456,7117,106,44,
30663,17457,7124,89,53,
30651,17462,7128,98,45,
30644,17455,7120,90,41,
30614,17449,7121,86,58,
30612,17446,7131,89,53,
30613,17441,7140,86,52,
30598,17445,7122,93,51,
30586,17442,7129,98,46,
30580,17438,7135,90,48,
30567,17431,7138,95,49,
30574,17428,7139,89,42,
30559,17433,7135,96,50,
30559,17429,7139,90,52,
30559,17418,7141,90,43,
30559,17429,7136,96,52,
30556,17438,7136,87,50,
30579,17436,7135,102,43,
30579,17431,7136,88,45,
30568,17423,7141,79,49,
30587,17438,7133,95,53,
30571,17433,7135,93,45,
30565,17429,7124,92,53,
30565,17430,7138,91,47,
30555,17433,7134,94,49,
30544,17435,7141,90,45,
30546,17431,7144,89,50,
30540,17431,7137,88,51,
30540,17431,7130,91,46,
30536,17420,7132,96,42,
30538,17426,7136,94,51,
30523,17418,7141,95,48,
30518,17416,7131,88,47,
30503,17421,7133,90,46,
30510,17421,7139,93,42,
30509,17418,7135,88,45,
30496,17411,7145,92,52,
30491,17413,7148,84,45,
30487,17399,7132,87,38,
30472,17414,7150,97,42,
30487,17405,7141,89,45,
30483,17405,7137,90,48,
30470,17411,7146,89,42,
30468,17411,7143,91,45,
30467,17401,7149,85,48,
30455,17407,7143,90,40,
30445,17394,7161,88,48,
30435,17402,7149,96,47,
30423,17394,7169,91,55,
30418,17399,7162,93,50,
30414,17382,7168,88,51,
30407,17388,7168,92,50,
30408,17396,7159,93,50,
30415,17394,7163,88,43,
30417,17389,7166,96,46,
30415,17385,7157,90,50,
30407,17396,7165,105,50,
30412,17392,7173,93,49,
30406,17385,7160,85,54,
30391,17389,7164,85,50,
30396,17381,7171,94,52,
30362,17374,7171,80,50,
30343,17368,7179,86,51,
30334,17366,7180,81,52,
30312,17367,7195,91,48,
30305,17358,7196,100,52,
30287,17357,7191,89,46,
30277,17347,7188,88,44,
30279,17346,7204,88,51,
30271,17352,7193,94,49,
30275,17349,7203,94,47,
30262,17349,7200,89,48,
30259,17351,7207,99,48,
30249,17349,7222,88,53,
30220,17353,7224,88,49,
30215,17331,7229,92,52,
30193,17340,7239,98,47,
30179,17326,7233,91,40,
30158,17324,7241,83,44,
30161,17324,7237,85,49,
30146,17325,7238,100,47,
30172,17327,7246,96,51,
30184,17329,7231,91,52,
30236,17335,7222,89,48,
30271,17347,7207,83,44,
30306,17353,7202,90,45,
30352,17369,7194,84,52,
30398,17377,7181,86,51,
30426,17385,7182,93,59,
30449,17388,7173,89,44,
30483,17398,7168,101,54,
30487,17400,7170,92,47,
30495,17403,7171,102,40,
30503,17404,7157,92,39,
30503,17399,7161,95,48,
30512,17402,7164,94,53,
30538,17414,7159,93,51,
30562,17412,7156,79,51,
30603,17420,7151,88,48,
30649,17432,7133,97,44,
30700,17439,7135,92,54,
30757,17462,7110,94,54,
30801,17469,7107,84,47,
30842,17479,7091,91,55,
30877,17479,7083,90,50,
30865,17482,7092,95,50,
30874,17479,7083,102,50,
30848,17468,7084,101,48,
30820,17454,7084,96,47,
30776,17444,7092,84,46,
30748,17443,7105,88,56,
30714,17439,7111,85,45,
30703,17428,7109,92,50,
30691,17427,7115,90,46,
30683,17426,7107,92,49,
30677,17427,7107,98,50,
30680,17423,7111,87,50,
30682,17431,7111,99,41,
30683,17426,7108,86,47,
30694,17431,7100,85,47,
30685,17425,7099,83,55,
30678,17428,7113,95,56,
30675,17438,7110,80,54,
30679,17436,7109,84,53,
30669,17425,7108,91,54,
30657,17430,7102,92,48,
30612,17426,7108,85,53,
30583,17409,7117,90,41,
30545,17404,7119,96,47,
30518,17389,7133,91,40,
30494,17393,7122,94,46,
30485,17393,7142,90,46,
30477,17393,7136,98,49,
30481,17393,7140,91,53,
30477,17392,7133,95,51,
30480,17390,7132,96,46,
30478,17399,7126,89,57,
30476,17391,7133,86,49,
30477,17397,7140,87,47,
30463,17402,7134,96,52,
30445,17387,7137,92,43,
30434,17382,7134,86,56,
30439,17383,7133,91,54,
30425,17381,7136,93,46,
30430,17395,7133,87,58,
30427,17374,7132,84,51,
30443,17390,7124,88,42,
30436,17397,7133,95,53,
30477,17400,7112,95,55,
30505,17403,7118,91,58,
30528,17413,7107,87,48,
30570,17415,7098,86,57,
30611,17433,7092,97,45,
30648,17446,7084,92,48,
30668,17440,7076,85,50,
30696,17452,7079,96,40,
30709,17456,7084,88,47,
30710,17459,7073,91,57,
30719,17463,7082,85,47,
30722,17464,7086,93,48,
30705,17460,7088,92,47,
30702,17448,7088,108,41,
30679,17450,7084,79,54,
30657,17450,7101,86,48,
30626,17438,7101,94,55,
30593,17432,7110,89,43,
30564,17413,7111,97,49,
30533,17411,7121,92,48,
30501,17407,7120,93,48,
30452,17383,7136,80,52,
30441,17377,7137,95,53,
30429,17381,7140,79,56,
30425,17380,7145,92,58,
30417,17383,7152,91,48,
30427,17391,7145,88,43,
30441,17390,7165,100,55,
30466,17388,7152,97,46,
30483,17395,7136,91,47,
30485,17401,7147,93,45,
30497,17410,7140,87,63,
30511,17412,7151,77,54,
30497,17405,7144,84,50,
30492,17400,7155,87,40,
30484,17403,7139,91,44,
30468,17407,7149,90,51,
30451,17386,7160,81,50,
30442,17386,7152,92,55,
30441,17379,7162,86,48,
30418,17381,7157,98,43,
30417,17388,7156,99,58,
30425,17390,7156,90,51,
30423,17380,7160,98,52,
30449,17391,7157,92,43,
30467,17385,7150,86,47,
30485,17383,7147,94,46,
30509,17396,7139,89,41,
30531,17400,7133,91,48,
30561,17413,7125,88,55,
30584,17404,7119,90,42,
30601,17422,7122,87,48,
30631,17418,7127,86,51,
30643,17430,7114,87,53,
30672,17435,7094,85,47,
30695,17443,7095,80,44,
30700,17438,7102,87,42,
30722,17449,7084,88,46,
30733,17449,7090,87,50,
30736,17452,7091,87,45,
30729,17438,7083,79,47,
30751,17448,7079,84,48,
30752,17448,7084,90,51,
30751,17448,7072,94,43,
30760,17454,7083,104,47,
30760,17447,7081,96,48,
30767,17456,7068,90,52,
30763,17451,7068,96,45,
30768,17450,7068,96,47,
30762,17454,7072,87,56,
30758,17445,7065,91,47,
30758,17449,7077,89,41,
30743,17453,7078,90,52,
30732,17446,7079,83,48,
30736,17449,7084,81,47,
30730,17442,7077,89,49,
30742,17447,7077,91,46,
30726,17453,7087,88,52,
30741,17443,7086,95,37,
30735,17449,7069,91,49,
30733,17436,7097,89,53,
30722,17451,7086,94,52,
30733,17449,7083,87,47,
30736,17453,7088,86,49,
30736,17448,7079,95,48,
30735,17445,7090,88,40,
30733,17438,7093,90,49,
30726,17443,7083,87,50,
30728,17454,7089,94,44,
30725,17442,7096,88,50,
30729,17439,7086,82,43,
30722,17444,7086,86,52,
30719,17431,7084,90,50,
30705,17442,7086,96,49,
30688,17438,7094,92,52,
30683,17440,7089,87,42,
30671,17431,7097,87,60,
30661,17436,7095,93,54,
30660,17436,7120,96,53,
30650,17429,7109,86,48,
30656,17437,7119,96,52,
30652,17427,7122,98,50,
30655,17446,7118,99,49,
30671,17443,7119,102,42,
30702,17450,7113,87,48,
30704,17442,7111,99,42,
30705,17453,7102,84,54,
30716,17444,7108,91,51,
30704,17454,7107,90,53,
30694,17440,7100,88,56,
30682,17430,7111,101,46,
30676,17435,7113,88,43,
30658,17430,7113,90,48,
30648,17420,7119,85,42,
30614,17426,7105,89,51,
30604,17408,7117,85,50,
30580,17402,7126,87,48,
30566,17416,7118,92,44,
30580,17400,7125,89,42,
30567,17408,7128,84,48,
30576,17404,7134,87,36,
30587,17411,7124,86,51,
30608,17418,7121,86,52,
30631,17412,7123,86,42,
30627,17420,7114,85,54,
30639,17415,7121,92,46,
30633,17426,7124,89,53,
30630,17424,7122,87,46,
30639,17419,7127,88,44,
30624,17423,7127,87,52,
30623,17430,7125,86,46,
30615,17422,7122,83,52,
30617,17418,7130,97,47,
30633,17433,7131,88,47,
30654,17436,7120,99,44,
30676,17437,7106,80,48,
30700,17443,7102,96,48,
30718,17455,7094,87,52,
30773,17458,7092,91,46,
30802,17461,7080,88,50,
30842,17479,7071,91,50,
30886,17488,7062,95,45,
30922,17485,7063,91,44,
30959,17494,7035,89,54,
30984,17506,7028,81,45,
31022,17507,7025,90,44,
31054,17517,7011,88,45,
31079,17518,6997,90,52,
31104,17526,6992,86,56,
31124,17534,6980,92,51,
31157,17524,6973,82,37,
31170,17528,6969,93,41,
31197,17532,6969,93,45,
31219,17530,6955,96,45,
31234,17550,6957,86,45,
31254,17540,6951,85,56,
31292,17548,6948,97,37,
31318,17551,6928,90,32,
31341,17555,6932,88,45,
31369,17556,6921,87,54,
31386,17568,6915,89,41,
31394,17569,6906,84,53,
31417,17567,6913,79,49,
31437,17562,6909,87,44,
31449,17566,6902,86,56,
31468,17568,6903,90,47,
31479,17576,6903,87,51,
31499,17580,6897,99,51,
31507,17585,6890,99,35,
31511,17572,6894,86,41,
31516,17581,6896,91,47,
31519,17580,6917,87,52,
31502,17574,6910,83,42,
31492,17569,6902,84,52,
31457,17563,6914,87,56,
31443,17571,6914,85,58,
31420,17555,6929,87,46,
31364,17548,6922,96,47,
31343,17545,6939,101,61,
31304,17534,6949,83,52,
31263,17518,6954,89,48,
31205,17520,6972,84,49,
31161,17509,6980,92,48,
31125,17508,6996,92,46,
31084,17492,7006,92,49,
31049,17486,7019,91,49,
31026,17484,7030,90,46,
31029,17483,7026,94,51,
31032,17488,7027,88,41,
31055,17500,7037,82,41,
31057,17496,7036,91,45,
31075,17496,7019,93,47,
31098,17500,7012,97,50,
31093,17504,7017,89,48,
31090,17502,7011,98,51,
31089,17503,7006,93,42,
31066,17497,7004,83,46,
31054,17485,7013,92,42,
31028,17493,7015,92,49,
31017,17480,7013,92,47,
31022,17479,7011,87,41,
31029,17485,7008,88,40,
31071,17496,6996,95,48,
31128,17512,7001,80,48,
31188,17521,6984,101,49,
31250,17531,6971,91,37,
31311,17557,6944,91,47,
31377,17559,6948,93,45,
31436,17577,6939,79,42,
31475,17590,6929,99,43,
31519,17601,6924,88,48,
31560,17602,6913,94,46,
31597,17610,6903,86,56,
31633,17615,6902,87,51,
31633,17618,6903,84,45,
31652,17618,6892,82,51,
31668,17610,6885,89,43,
31667,17622,6890,95,54,
31661,17619,6888,87,45,
31666,17616,6877,85,41,
31675,17620,6883,82,47,
31696,17615,6883,85,45,
31722,17631,6869,89,54,
31723,17631,6862,86,43,
31746,17625,6853,99,46,
31768,17629,6858,92,49,
31785,17642,6852,81,56,
31779,17636,6850,94,47,
31777,17638,6837,94,47,
31755,17623,6852,88,52,
31747,17625,6847,96,49,
31738,17618,6844,93,48,
31714,17619,6852,93,42,
31712,17614,6853,83,47,
31717,17619,6848,90,50,
31724,17613,6842,99,49,
31728,17611,6851,90,48,
31734,17621,6841,87,44,
31756,17628,6835,86,47,
31773,17630,6845,91,41,
31781,17631,6840,94,38,
31798,17639,6844,97,43,
31814,17640,6837,92,54,
31792,17637,6846,88,49,
31799,17637,6847,82,52,
31796,17638,6840,84,56,
31788,17635,6840,87,39,
31790,17631,6845,82,48,
31792,17639,6841,82,53,
31788,17642,6843,95,51,
31814,17645,6838,85,52,
31830,17646,6829,87,50,
31862,17644,6831,74,51,
31881,17656,6826,106,46,
31896,17675,6821,79,48,
31900,17659,6821,95,39,
31892,17662,6818,87,45,
31892,17652,6824,86,47,
31886,17649,6821,86,43,
31849,17644,6825,100,46,
31836,17640,6823,93,45,
31820,17633,6819,95,36,
31809,17635,6819,87,42,
31796,17627,6826,89,41,
31796,17630,6832,94,42,
31787,17635,6836,95,45,
31789,17639,6838,88,49,
31785,17644,6849,90,47,
31797,17646,6850,92,50,
31815,17645,6848,89,44,
31839,17661,6846,89,50,
31862,17676,6847,79,57,
31880,17669,6849,86,40,
31897,17664,6833,93,53,
31921,17670,6827,87,47,
31942,17677,6831,91,52,
31953,17678,6820,83,53,
31962,17679,6826,76,49,
31965,17670,6807,89,54,
31964,17663,6812,91,52,
31974,17671,6808,84,44,
31978,17677,6807,92,40,
31980,17678,6807,88,56,
31990,17672,6803,92,49,
31988,17684,6795,91,48,
31993,17680,6799,91,48,
31986,17672,6791,94,43,
31990,17669,6794,100,52,
31991,17671,6794,99,47,
32013,17690,6798,87,47,
32037,17687,6794,87,40,
32089,17694,6779,93,50,
32135,17706,6774,86,47,
32179,17719,6772,90,47,
32229,17732,6761,90,40,
32241,17726,6762,92,43,
32256,17717,6759,86,50,
32231,17719,6756,92,44,
32185,17704,6768,86,56,
32142,17697,6762,89,42,
32084,17683,6768,93,48,
32026,17664,6793,76,54,
31972,17659,6791,79,45,
31930,17643,6803,93,48,
31903,17630,6813,87,39,
31899,17634,6805,96,45,
31905,17639,6799,82,53,
31920,17648,6803,92,53,
31965,17648,6803,85,48,
32004,17661,6801,91,44,
32038,17675,6792,89,53,
32090,17672,6790,104,43,
32143,17680,6792,95,50,
32151,17707,6780,85,47,
32165,17707,6773,86,38,
32173,17697,6773,97,57,
32151,17704,6781,81,48,
32134,17692,6784,92,42,
32099,17674,6795,87,47,
32034,17669,6795,89,42,
32004,17655,6806,90,44,
31969,17658,6821,77,50,
31939,17647,6829,91,50,
31913,17646,6826,89,45,
31912,17646,6843,89,50,
31911,17649,6829,93,43,
31910,17647,6842,88,56,
31910,17661,6837,82,41,
31923,17651,6841,96,55,
31907,17644,6831,90,50,
31906,17654,6842,93,49,
31900,17638,6836,85,55,
31883,17644,6847,74,59,
31858,17634,6847,90,53,
31835,17620,6855,90,44,
31827,17628,6849,87,42,
31799,17628,6855,94,60,
31787,17623,6859,93,44,
31780,17614,6857,87,50,
31762,17615,6859,88,43,
31755,17619,6855,90,56,
31755,17613,6855,81,47,
31763,17617,6854,90,38,
31763,17616,6855,87,53,
31789,17619,6845,86,46,
31813,17631,6835,83,47,
31831,17640,6835,94,52,
31861,17642,6839,81,51,
31881,17640,6831,81,48,
31916,17649,6825,94,48,
31936,17652,6830,93,49,
31950,17662,6815,93,53,
31969,17660,6824,91,46,
31969,17666,6818,86,49,
31988,17668,6820,101,49,
31988,17673,6808,101,44,
32007,17678,6822,87,55,
32017,17688,6826,84,52,
32030,17686,6829,89,43,
32053,17692,6811,91,49,
32063,17700,6817,83,53,
32086,17697,6812,81,56,
32110,17697,6814,93,56,
32130,17693,6800,90,57,
32143,17694,6803,81,52,
32153,17700,6803,101,51,
32163,17710,6787,86,49,
32171,17705,6792,85,52,
32168,17701,6779,85,47,
32176,17711,6793,91,47,
32166,17703,6778,94,42,
32158,17693,6780,90,45,
32142,17700,6785,88,46,
32122,17687,6784,96,40,
32098,17682,6791,87,50,
32065,17682,6791,87,51,
32041,17672,6796,94,46,
32021,17668,6799,88,45,
32008,17665,6808,88,34,
32027,17661,6811,90,47,
32022,17666,6800,86,48,
32030,17668,6800,86,45,
32039,17681,6802,87,44,
32048,17676,6797,98,44,
32054,17674,6796,93,45,
32052,17673,6798,84,60,
32057,17671,6790,81,43,
32055,17688,6794,94,48,
32066,17682,6810,90,49,
32078,17683,6790,92,40,
32098,17690,6788,98,42,
32115,17700,6799,93,42,
32128,17703,6790,90,49,
32136,17696,6787,94,33,
32151,17693,6784,82,49,
32147,17699,6776,96,36,
32149,17695,6769,86,46,
32148,17701,6782,88,45,
32146,17697,6775,84,49,
32122,17678,6780,91,53,
32101,17687,6789,84,46,
32081,17681,6787,77,42,
32049,17677,6793,94,47,
32017,17663,6802,90,60,
31984,17660,6812,88,42,
31939,17643,6796,82,48,
31906,17649,6822,84,57,
31883,17640,6816,86,52,
31865,17640,6819,94,50,
31840,17630,6823,86,48,
31853,17632,6835,82,50,
31858,17654,6817,84,49,
31874,17639,6818,85,53,
31886,17644,6824,85,45,
31899,17647,6823,88,51,
31919,17642,6815,96,50,
31934,17657,6808,90,57,
31947,17651,6815,96,49,
31953,17660,6812,83,44,
31948,17662,6817,96,45,
31956,17666,6811,96,48,
31966,17674,6818,81,52,
31971,17667,6807,77,37,
31991,17666,6814,91,55,
32009,17673,6801,87,49,
32056,17683,6801,87,45,
32086,17692,6788,84,43,
32120,17694,6782,89,56,
32145,17696,6773,85,47,
32188,17709,6778,86,40,
32201,17709,6767,80,52,
32216,17713,6762,91,42,
32237,17715,6772,87,45,
32259,17723,6754,91,41,
32267,17713,6761,80,50,
32291,17725,6748,98,47,
32312,17728,6749,86,48,
32343,17742,6732,92,49,
32382,17733,6732,90,51,
32417,17741,6722,87,49,
32435,17759,6712,91,47,
32472,17748,6700,88,49,
32496,17778,6705,92,49,
32516,17772,6697,95,54,
32538,17772,6694,93,58,
32552,17781,6693,91,38,
32569,17799,6692,96,44,
32591,17799,6688,78,46,
32603,17807,6682,83,51,
32615,17815,6692,89,49,
32636,17832,6678,86,52,
32639,17841,6677,87,57,
32653,17840,6675,86,43,
32661,17847,6658,82,48,
32657,17857,6659,84,45,
32671,17855,6657,68,50,
32673,17860,6655,86,48,
32673,17855,6653,88,42,
32679,17857,6641,100,47,
32672,17848,6635,93,46,
32675,17845,6627,82,47,
32672,17846,6627,76,44,
32672,17847,6623,88,42,
32676,17843,6626,87,46,
32671,17842,6632,86,54,
32670,17846,6625,96,55,
32672,17833,6617,91,53,
32666,17833,6608,82,54,
32659,17828,6621,83,54,
32660,17827,6612,89,59,
32659,17813,6628,93,56,
32653,17828,6612,89,44,
32652,17811,6615,90,40,
32644,17805,6624,98,48,
32642,17817,6618,94,51,
32637,17823,6621,81,39,
32636,17811,6622,79,42,
32642,17801,6619,89,49,
32630,17798,6613,88,40,
32630,17788,6614,90,47,
32621,17791,6625,83,44,
32618,17788,6638,92,44,
32613,17777,6630,92,55,
32593,17767,6633,96,56,
32562,17761,6640,90,44,
32535,17756,6654,95,46,
32513,17741,6659,93,57,
32502,17744,6662,84,54,
32492,17752,6670,93,52,
32476,17750,6674,81,39,
32462,17742,6687,96,51,
32462,17739,6676,88,53,
32454,17735,6683,89,51,
32442,17731,6677,84,51,
32431,17736,6682,88,38,
32425,17733,6685,83,53,
32424,17737,6687,88,43,
32415,17724,6696,95,52,
32396,17724,6703,83,51,
32372,17725,6706,88,60,
32342,17713,6706,90,68,
32314,17715,6719,84,55,
32286,17708,6716,94,54,
32284,17705,6731,95,50,
32275,17696,6737,96,54,
32270,17704,6728,88,47,
32258,17692,6737,90,49,
32278,17695,6736,88,51,
32281,17697,6729,80,48,
32294,17699,6733,95,43,
32286,17702,6735,79,51,
32281,17697,6730,78,52,
32278,17693,6734,91,51,
32270,17704,6738,94,42,
32271,17695,6731,88,59,
32258,17693,6741,88,49,
32253,17686,6731,91,46,
32252,17692,6749,95,45,
32260,17690,6730,85,45,
32297,17696,6736,92,49,
32342,17707,6732,83,49,
32379,17714,6718,90,46,
32430,17722,6720,92,51,
32461,17736,6718,91,52,
32501,17751,6707,84,56,
32519,17758,6703,105,47,
32545,17764,6699,89,54,
32555,17752,6693,89,52,
32554,17755,6693,82,58,
32542,17757,6693,99,39,
32517,17755,6691,85,47,
32511,17742,6696,83,50,
32475,17730,6700,89,47,
32449,17728,6702,88,55,
32425,17724,6710,81,56,
32391,17706,6722,92,53,
32356,17700,6727,90,45,
32343,17712,6730,89,50,
32311,17708,6736,91,47,
32295,17692,6749,92,47,
32275,17696,6757,100,46,
32269,17698,6759,91,48,
32264,17698,6757,90,48,
32253,17699,6762,99,45,
32262,17700,6765,94,49,
32271,17692,6752,93,44,
32277,17698,6757,92,50,
32282,17696,6759,99,41,
32293,17702,6750,88,44,
32317,17708,6752,86,52,
32334,17707,6735,95,52,
32348,17718,6734,90,42,
32350,17713,6735,94,48,
32352,17723,6742,88,48,
32361,17708,6738,80,51,
32356,17706,6728,94,60,
32354,17716,6731,83,56,
32368,17721,6724,84,46,
32366,17720,6737,91,45,
32399,17720,6734,89,57,
32414,17728,6721,91,57,
32434,17727,6720,88,54,
32454,17739,6716,92,42,
32475,17752,6712,97,38,
32496,17756,6707,78,56,
32510,17754,6698,85,50,
32527,17756,6694,95,43,
32534,17760,6701,93,51,
32514,17762,6708,90,51,
32497,17745,6701,90,58,
32467,17739,6708,92,52,
32439,17731,6719,85,48,
32398,17723,6724,87,41,
32371,17717,6741,91,47,
32362,17726,6736,88,51,
32361,17721,6728,85,43,
32375,17720,6732,94,53,
32397,17739,6719,94,47,
32401,17729,6724,78,47,
32412,17739,6724,88,51,
32429,17735,6724,94,44,
32415,17732,6721,84,54,
32394,17731,6719,85,54,
32382,17728,6717,85,41,
32360,17713,6725,97,52,
32325,17717,6734,76,54,
32305,17711,6734,85,46,
32285,17700,6740,96,55,
32272,17700,6747,90,55,
32280,17702,6745,85,50,
32287,17707,6744,80,52,
32308,17711,6755,90,54,
32326,17714,6740,92,50,
32353,17710,6733,92,42,
32385,17724,6727,76,41,
32401,17726,6728,81,54,
32432,17729,6726,86,46,
32446,17743,6728,91,55,
32445,17743,6718,91,45,
32457,17738,6710,75,49,
32452,17741,6720,81,52,
32447,17731,6714,86,44,
32434,17735,6715,90,42,
32416,17730,6717,94,49,
32414,17733,6721,88,47,
32394,17722,6720,88,45,
32389,17720,6720,88,48,
32378,17713,6720,94,51,
32375,17719,6722,89,45,
32375,17717,6723,93,48,
32363,17710,6723,96,49,
32380,17715,6717,92,49,
32375,17716,6725,85,54,
32382,17717,6723,86,45,
32371,17704,6718,80,53,
32355,17708,6726,95,47,
32332,17704,6728,85,54,
32309,17697,6731,94,53,
32271,17691,6730,88,49,
32237,17684,6751,95,52,
32223,17687,6741,84,54,
32209,17669,6747,85,49,
32193,17677,6750,96,50,
32190,17683,6750,89,48,
32196,17688,6744,92,47,
32191,17690,6758,90,53,
32191,17686,6751,84,56,
32205,17692,6749,94,45,
32208,17686,6746,87,46,
32214,17697,6756,86,51,
32210,17694,6758,96,45,
32210,17691,6765,86,51,
32217,17693,6768,90,57,
32209,17705,6769,90,50,
32196,17701,6772,82,48,
32192,17685,6781,92,42,
32178,17710,6780,84,52,
32159,17698,6780,83,48,
32143,17689,6784,85,38,
32128,17686,6790,80,37,
32134,17686,6785,88,57,
32131,17683,6779,96,42,
32138,17684,6783,90,60,
32163,17687,6775,90,48,
32177,17678,6772,88,50,
32186,17692,6772,91,51,
32214,17702,6766,90,53,
32232,17696,6755,90,52,
32230,17694,6757,91,41,
32239,17702,6757,94,46,
32230,17683,6743,96,46,
32227,17692,6763,90,49,
32209,17691,6759,92,50,
32200,17684,6758,92,42,
32181,17689,6766,93,52,
32156,17687,6783,86,59,
32139,17680,6770,84,40,
32108,17674,6780,84,50,
32096,17665,6782,96,48,
32087,17666,6778,97,48,
32069,17656,6785,82,51,
32048,17653,6792,93,49,
32033,17654,6787,79,53,
32021,17650,6787,89,45,
31998,17655,6803,86,48,
31980,17643,6800,89,53,
31951,17638,6804,88,51,
31928,17632,6818,88,48,
31893,17633,6819,89,53,
31876,17627,6813,89,50,
31844,17625,6827,97,56,
31836,17617,6830,87,54,
31803,17616,6826,91,46,
31804,17595,6835,92,49,
31799,17611,6840,83,44,
31788,17619,6835,87,53,
31799,17613,6844,85,58,
31815,17604,6845,87,41,
31828,17626,6835,92,52,
31854,17627,6832,90,43,
31866,17626,6829,86,45,
31871,17630,6823,95,48,
31868,17628,6831,86,49,
31865,17626,6822,91,51,
31848,17618,6832,92,52,
31825,17612,6833,88,49,
31810,17609,6834,88,47,
31776,17604,6851,89,42,
31757,17599,6853,86,46,
31751,17597,6849,98,36,
31770,17595,6843,84,50,
31770,17612,6832,88,54,
31815,17609,6842,88,52,
31834,17608,6833,91,45,
31858,17631,6818,93,52,
31887,17630,6820,81,45,
31906,17638,6814,81,46,
31922,17651,6820,96,39,
31926,17633,6827,87,45,
31903,17633,6826,83,56,
31894,17633,6826,92,49,
31880,17627,6814,90,55,
31865,17614,6825,86,45,
31847,17623,6820,92,47,
31823,17613,6839,87,41,
31805,17612,6846,84,46,
31814,17607,6831,89,52,
31812,17618,6837,86,49,
31824,17620,6829,79,52,
31855,17629,6827,86,52,
31885,17639,6815,94,42,
31926,17633,6813,87,58,
31963,17658,6816,93,50,
31997,17659,6805,86,58,
32016,17652,6802,84,47,
32032,17665,6795,90,47,
32026,17659,6793,84,49,
32011,17656,6795,84,45,
31966,17650,6806,87,55,
31940,17636,6804,86,46,
31927,17639,6820,84,41,
31908,17639,6815,94,47,
31902,17644,6816,91,48,
31924,17642,6824,90,49,
31953,17660,6823,85,45,
31995,17665,6822,88,53,
32040,17674,6817,82,47,
32073,17683,6814,91,47,
32088,17695,6809,89,54,
32095,17688,6810,89,52,
32099,17694,6812,94,52,
32075,17688,6809,82,56,
32050,17681,6812,89,44,
32005,17665,6818,80,46,
31970,17663,6824,96,51,
31951,17655,6819,90,43,
31943,17656,6820,85,42,
31954,17645,6824,89,50,
31961,17654,6814,82,52,
31978,17660,6804,84,47,
32006,17655,6810,93,49,
32024,17668,6803,87,45,
32048,17668,6792,94,46,
32051,17678,6787,81,38,
32052,17673,6789,84,55,
32058,17672,6790,92,37,
32016,17671,6791,83,50,
31996,17662,6801,91,45,
31965,17655,6797,97,48,
31926,17647,6809,83,52,
31897,17633,6813,88,44,
31872,17624,6816,88,56,
31854,17628,6818,85,51,
31862,17625,6820,95,51,
31867,17633,6815,88,63,
31892,17633,6820,92,56,
31913,17637,6812,85,48,
31937,17646,6815,87,54,
31968,17646,6811,94,53,
31974,17668,6804,86,46,
31988,17668,6810,93,49,
32003,17662,6810,93,55,
32001,17660,6800,88,49,
32005,17663,6790,90,51,
32004,17657,6798,96,59,
32001,17661,6809,88,46,
31980,17655,6800,87,60,
31978,17656,6797,83,52,
31956,17652,6809,94,43,
31956,17652,6803,85,43,
31942,17643,6801,84,59,
31938,17646,6815,81,59,
31934,17636,6809,81,56,
31932,17643,6811,90,51,
31914,17635,6815,81,49,
31898,17625,6812,98,56,
31880,17625,6810,88,53,
31867,17626,6813,88,54,
31834,17615,6825,91,44,
31828,17607,6825,86,53,
31813,17598,6830,90,46,
31806,17605,6842,96,47,
31795,17602,6842,99,50,
31823,17601,6843,83,45,
31852,17612,6831,84,35,
31887,17627,6829,99,42,
31942,17632,6823,92,47,
31988,17650,6815,83,49,
32035,17661,6810,82,45,
32082,17671,6806,88,43,
32096,17673,6805,89,54,
32106,17677,6800,89,46,
32079,17667,6798,90,50,
32082,17680,6808,99,49,
32060,17668,6814,96,49,
32041,17679,6820,83,45,
32031,17666,6813,91,47,
32020,17673,6828,86,49,
32010,17663,6824,86,44,
32011,17654,6833,82,50,
32014,17661,6839,88,55,
32015,17679,6836,94,56,
32045,17668,6840,90,54,
32049,17673,6841,89,48,
32060,17678,6842,93,53,
32092,17696,6837,91,49,
32110,17692,6836,85,50,
32124,17705,6835,88,48,
32123,17705,6835,90,61,
32122,17713,6823,89,48,
32110,17709,6844,83,49,
32094,17711,6844,89,41,
32062,17705,6862,87,43,
32030,17700,6875,96,36,
31999,17697,6871,90,51,
31976,17701,6898,89,52,
31970,17694,6891,85,43,
31955,17702,6904,82,60,
31957,17700,6903,90,52,
31972,17705,6899,89,47,
31971,17698,6897,84,60,
31979,17693,6897,97,49,
32007,17722,6884,87,59,
32012,17706,6884,84,46,
32027,17703,6875,88,52,
32032,17713,6859,89,45,
32037,17710,6858,89,49,
32026,17686,6842,80,50,
32007,17687,6839,95,50,
31984,17676,6831,85,58,
31958,17665,6830,89,41,
31930,17664,6838,99,52,
31896,17656,6833,88,47,
31868,17642,6821,87,52,
31844,17635,6819,86,46,
31826,17627,6833,92,52,
31823,17632,6829,88,45,
31820,17638,6836,89,40,
31827,17639,6844,95,42,
31837,17647,6840,94,45,
31866,17656,6858,98,42,
31902,17669,6866,83,46,
31931,17675,6857,83,47,
31958,17681,6868,84,63,
31979,17692,6871,82,58,
31994,17703,6872,84,54,
32006,17703,6878,90,49,
31987,17700,6876,95,47,
31962,17698,6884,89,44,
31962,17699,6886,79,53,
31946,17696,6882,82,48,
31949,17703,6887,88,53,
31935,17693,6886,88,46,
31915,17681,6878,93,50,
31871,17674,6882,105,51,
31830,17668,6887,92,52,
31782,17661,6902,96,44,
31694,17650,6909,96,46,
31600,17630,6923,102,54,
31520,17599,6950,92,42,
31433,17584,6959,91,45,
31352,17556,6978,87,51,
31295,17558,6977,95,52,
31280,17548,6986,90,41,
31298,17549,6999,89,46,
31319,17556,6982,94,49,
31370,17559,6981,85,60,
31419,17573,6962,87,43,
31479,17584,6947,97,49,
31543,17599,6944,89,42,
31593,17622,6924,87,42,
31627,17624,6928,86,51,
31657,17625,6932,95,52,
31678,17633,6918,87,49,
31694,17621,6905,86,31,
31721,17631,6902,83,47,
31738,17631,6896,80,47,
31781,17639,6884,88,47,
31816,17646,6894,80,44,
31867,17655,6883,82,47,
31921,17668,6857,91,51,
31994,17674,6846,89,54,
32037,17688,6839,89,48,
32097,17699,6828,92,47,
32111,17690,6828,90,44,
32128,17708,6809,95,46,
32123,17699,6817,82,45,
32118,17702,6810,94,50,
32089,17688,6813,94,55,
32060,17677,6814,86,56,
32014,17678,6812,97,43,
31978,17669,6825,80,52,
31945,17654,6824,91,44,
31937,17655,6825,82,53,
31933,17652,6833,89,54,
31940,17651,6836,86,42,
31940,17665,6822,100,47,
31952,17664,6834,86,49,
31957,17669,6825,97,56,
31935,17668,6825,91,54,
31928,17653,6837,89,49,
31879,17647,6840,81,54,
31840,17653,6851,99,53,
31781,17636,6860,84,50,
31712,17625,6876,93,49,
31658,17617,6894,91,56,
31596,17597,6913,96,56,
31533,17596,6919,79,50,
31506,17591,6934,89,33,
31448,17579,6930,90,44,
31410,17568,6945,91,47,
31418,17565,6951,81,40,
31403,17560,6955,89,51,
31423,17574,6956,89,44,
31432,17571,6948,89,56,
31453,17570,6942,81,44,
31485,17582,6932,92,39,
31507,17589,6931,91,51,
31512,17592,6923,92,46,
31517,17596,6921,84,45,
31521,17581,6921,81,58,
31484,17591,6919,94,50,
31481,17579,6932,93,56,
31463,17573,6925,98,55,
31448,17579,6931,94,47,
31453,17576,6937,99,48,
31474,17581,6941,96,48,
31502,17591,6931,80,47,
31532,17588,6921,93,41,
31572,17607,6919,85,60,
31611,17606,6908,85,49,
31645,17628,6903,83,43,
31663,17622,6899,93,49,
31684,17622,6901,90,62,
31685,17622,6892,89,46,
31672,17622,6903,93,49,
31637,17625,6903,87,47,
31609,17611,6904,85,55,
31572,17610,6911,90,41,
31547,17595,6920,85,46,
31520,17587,6918,82,42,
31505,17590,6922,85,49,
31502,17586,6920,84,59,
31504,17599,6928,83,50,
31513,17596,6925,85,48,
31516,17595,6923,85,41,
31521,17592,6916,102,49,
31536,17602,6919,88,54,
31553,17593,6919,92,47,
31555,17602,6915,87,56,
31560,17608,6907,87,50,
31555,17597,6918,82,51,
31558,17593,6908,91,45,
31549,17592,6916,94,46,
31551,17600,6916,88,51,
31549,17597,6910,97,47,
31563,17604,6904,91,56,
31576,17611,6905,85,42,
31599,17601,6897,87,49,
31621,17617,6894,85,52,
31636,17616,6897,93,53,
31655,17615,6896,87,48,
31667,17622,6890,94,54,
31681,17620,6882,91,49,
31696,17625,6877,95,45,
31710,17631,6882,89,49,
31709,17634,6877,87,44,
31729,17624,6861,86,50,
31735,17623,6874,86,49,
31750,17630,6861,96,46,
31762,17634,6869,85,52,
31779,17636,6866,89,55,
31786,17646,6853,97,49,
31799,17638,6853,91,54,
31808,17638,6853,89,50,
31833,17645,6858,92,47,
31841,17640,6842,84,52,
31864,17651,6851,97,51,
31885,17666,6839,87,43,
31911,17667,6837,79,39,
31929,17650,6828,87,38,
31937,17666,6827,84,42,
31963,17662,6829,89,46,
31957,17666,6816,83,58,
31954,17673,6814,91,47,
31941,17659,6811,87,42,
31913,17668,6823,98,46,
31902,17656,6836,92,49,
31881,17656,6849,95,56,
31857,17643,6839,80,57,
31824,17643,6862,100,40,
31817,17644,6861,98,53,
31810,17646,6871,89,48,
31780,17633,6865,87,51,
31782,17640,6858,81,50,
31785,17647,6858,86,41,
31794,17637,6873,96,53,
31799,17642,6869,99,46,
31816,17637,6852,98,42,
31822,17645,6862,88,49,
31830,17650,6853,92,40,
31841,17658,6862,92,46,
31840,17657,6851,92,42,
31852,17665,6849,87,39,
31847,17656,6855,91,50,
31855,17650,6843,92,47,
31854,17653,6850,89,44,
31847,17644,6842,79,40,
31850,17664,6838,81,47,
31875,17657,6842,97,41,
31874,17665,6834,95,43,
31899,17659,6837,90,45,
31908,17664,6831,90,49,
31922,17672,6829,86,49,
31928,17663,6831,94,50,
31928,17666,6828,101,52,
31941,17664,6818,76,50,
31939,17665,6822,86,44,
31941,17665,6830,96,51,
31943,17665,6832,88,44,
31931,17669,6832,89,51,
31929,17678,6824,90,61,
31932,17668,6826,91,55,
31930,17664,6827,93,52,
31943,17663,6829,89,48,
31935,17666,6814,86,47,
31921,17668,6824,83,53,
31931,17663,6821,83,46,
31932,17664,6822,84,41,
31930,17667,6822,88,42,
31945,17662,6812,85,48,
31944,17669,6821,88,47,
31959,17669,6826,85,46,
31961,17667,6826,88,45,
31965,17667,6814,95,53,
31967,17673,6814,92,47,
31963,17675,6802,84,48,
31966,17663,6809,87,54,
31953,17658,6812,88,42,
31948,17668,6810,83,50,
31941,17666,6822,92,48,
31926,17664,6818,92,47,
31932,17664,6821,91,49,
31941,17662,6814,87,43,
31961,17671,6816,88,51,
31973,17673,6809,93,42,
31962,17677,6823,89,51,
31981,17673,6812,78,46,
31975,17672,6809,98,55,
31963,17667,6808,83,44,
31969,17660,6816,86,51,
31958,17662,6815,83,43,
31965,17665,6809,84,47,
31970,17662,6809,87,47,
31964,17668,6814,91,47,
31973,17664,6805,90,53,
31975,17667,6809,94,45,
31966,17669,6804,82,49,
31967,17663,6805,83,47,
31968,17669,6804,88,46,
31971,17673,6796,83,51,
31977,17661,6801,86,45,
31985,17675,6800,91,44,
31988,17667,6797,95,49,
31996,17681,6812,92,41,
32019,17674,6793,85,48,
32014,17665,6809,87,47,
32021,17682,6787,87,46,
32024,17672,6793,86,52,
32024,17680,6798,79,45,
32015,17675,6797,86,46,
32022,17676,6798,94,48,
32009,17673,6796,84,51,
32005,17670,6790,88,51,
32015,17680,6796,90,47,
32028,17673,6790,97,51,
32025,17684,6810,83,44,
32024,17683,6802,80,58,
32016,17683,6808,85,39,
32010,17687,6814,90,45,
31997,17684,6816,90,49,
31990,17672,6819,91,52,
31969,17674,6818,88,54,
31952,17678,6822,93,40,
31934,17667,6822,84,52,
31941,17672,6836,94,49,
31944,17662,6819,91,46,
31964,17668,6823,91,45,
31970,17678,6815,91,45,
31975,17672,6812,87,42,
31992,17681,6811,82,49,
32009,17687,6808,94,49,
31995,17675,6801,85,49,
32002,17680,6806,86,46,
31989,17684,6801,89,53,
32010,17680,6808,86,40,
31991,17671,6812,90,53,
31989,17668,6799,88,50,
31987,17678,6810,89,49,
31988,17673,6807,96,53,
31983,17676,6799,84,48,
31995,17673,6807,89,51,
31990,17677,6802,91,42,
31983,17669,6806,78,45,
32006,17688,6801,90,53,
32009,17684,6804,85,54,
32025,17681,6798,86,59,
32038,17692,6802,89,45,
32042,17686,6794,84,47,
32040,17689,6795,80,44,
32029,17689,6798,86,46,
32019,17680,6786,95,42,
32006,17677,6799,92,47,
32000,17674,6794,87,59,
32003,17674,6799,87,56,
32016,17686,6795,89,56,
32017,17682,6789,90,55,
32020,17680,6791,82,54,
32052,17691,6789,76,52,
32053,17687,6790,92,44,
32059,17686,6780,94,44,
32067,17682,6781,85,47,
32058,17694,6783,88,52,
32049,17690,6792,82,49,
32051,17684,6793,91,48,
32039,17675,6793,90,49,
32037,17685,6785,92,41,
32028,17682,6789,100,47,
32023,17667,6778,98,53,
32020,17684,6796,94,58,
32017,17676,6792,75,48,
32022,17681,6784,90,51,
32021,17680,6790,82,51,
32026,17675,6792,97,53,
32015,17670,6789,87,53,
32003,17667,6795,92,57,
32005,17668,6792,85,43,
32014,17675,6786,83,42,
32018,17687,6794,84,46,
32013,17678,6797,91,41,
32011,17670,6794,74,43,
32019,17681,6806,89,53,
32013,17671,6797,84,44,
32017,17680,6801,90,44,
32011,17677,6794,90,50,
32006,17672,6787,83,43,
31998,17671,6795,90,49,
31976,17654,6797,89,50,
31966,17665,6805,78,47,
31956,17658,6794,89,57,
31942,17656,6803,94,48,
31945,17654,6815,92,43,
31948,17667,6808,90,45,
31956,17655,6796,86,46,
31964,17663,6798,80,49,
31961,17658,6802,90,51,
31968,17665,6793,87,53,
31965,17661,6795,87,49,
31970,17663,6791,81,44,
31971,17660,6796,91,48,
31961,17657,6795,89,55,
31946,17662,6793,86,49,
31933,17655,6794,79,54,
31930,17650,6804,81,39,
31922,17650,6801,87,53,
31910,17651,6814,81,43,
31902,17647,6808,88,52,
31907,17649,6808,90,40,
31901,17643,6812,84,46,
31904,17655,6812,88,45,
31898,17646,6815,91,50,
31879,17656,6825,85,50,
31886,17649,6816,84,53,
31863,17641,6831,91,36,
31834,17655,6833,95,47,
31823,17643,6833,86,53,
31802,17643,6836,83,47,
31790,17629,6841,90,45,
31768,17632,6840,89,53,
31772,17628,6848,87,47,
31765,17624,6847,94,46,
31767,17627,6849,95,40,
31764,17620,6846,97,46,
31771,17623,6847,94,48,
31780,17631,6847,89,42,
31801,17630,6832,88,50,
31802,17629,6837,88,59,
31796,17631,6826,90,44,
31794,17637,6839,104,50,
31788,17626,6843,95,41,
31774,17633,6849,83,52,
31768,17626,6843,104,44,
31761,17624,6853,86,50,
31748,17621,6853,78,42,
31738,17616,6845,94,42,
31746,17619,6849,91,41,
31755,17629,6847,92,58,
31752,17617,6846,83,45,
31755,17628,6843,97,46,
31758,17639,6843,89,44,
31756,17626,6854,95,52,
31772,17625,6853,88,46,
31767,17627,6844,87,48,
31765,17637,6852,85,52,
31761,17622,6843,90,50,
31768,17631,6844,90,49,
31752,17615,6849,89,42,
31757,17620,6856,96,46,
31756,17626,6842,84,46,
31768,17623,6848,85,52,
31774,17625,6841,87,46,
31791,17633,6842,86,53,
31786,17624,6849,88,41,
31816,17634,6830,82,51,
31820,17641,6829,82,42,
31826,17645,6832,89,56,
31832,17648,6826,77,47,
31840,17648,6818,85,39,
31853,17648,6831,88,48,
31843,17648,6831,91,42,
31851,17642,6832,96,52,
31849,17643,6826,87,53,
31858,17655,6837,83,44,
31835,17651,6822,80,58,
31835,17645,6833,79,45,
31831,17640,6827,91,55,
31840,17645,6826,77,43,
31835,17654,6834,82,49,
31844,17655,6837,87,57,
31864,17657,6822,93,51,
31868,17664,6839,77,52,
31867,17659,6827,81,48,
31873,17649,6836,88,50,
31880,17654,6835,90,53,
31863,17646,6824,84,45,
31866,17656,6837,88,58,
31847,17648,6832,90,42,
31834,17642,6834,91,52,
31823,17635,6827,84,40,
31815,17636,6826,88,50,
31797,17638,6835,85,49,
31795,17635,6835,96,37,
31788,17634,6825,79,55,
31800,17637,6832,92,36,
31819,17640,6835,87,59,
31837,17635,6820,79,54,
31862,17641,6820,94,44,
31875,17657,6818,89,54,
31899,17656,6819,88,51,
31916,17665,6812,87,48,
31947,17676,6812,89,50,
31965,17674,6807,86,43,
31978,17664,6810,85,56,
31969,17666,6802,95,52,
31970,17681,6808,91,63,
31969,17674,6810,81,53,
31964,17661,6810,90,57,
31953,17668,6811,90,50,
31955,17654,6803,84,42,
31945,17671,6817,97,45,
31949,17659,6815,83,46,
31922,17658,6824,83,54,
31921,17665,6821,94,54,
31909,17673,6831,85,53,
31892,17659,6835,97,56,
31873,17659,6836,85,49,
31893,17656,6846,82,49,
31878,17658,6850,86,44,
31890,17656,6829,83,48,
31903,17652,6826,87,44,
31907,17662,6826,88,54,
31898,17654,6829,82,53,
31912,17667,6829,82,40,
31913,17661,6836,92,50,
31915,17662,6823,89,44,
31904,17660,6825,86,45,
31890,17659,6824,89,51,
31893,17659,6833,89,38,
31892,17657,6826,86,58,
31887,17652,6820,90,40,
31892,17652,6825,86,45,
31898,17667,6833,87,54,
31907,17660,6825,88,45,
31929,17662,6813,86,44,
31936,17665,6822,92,58,
31946,17662,6824,84,46,
31948,17675,6814,79,48,
31946,17673,6816,92,42,
31958,17671,6810,87,39,
31948,17667,6812,78,39,
31943,17661,6810,75,51,
31920,17668,6815,89,50,
31926,17668,6822,91,49,
31928,17660,6819,87,53,
31937,17659,6811,84,47,
31925,17654,6812,88,39,
31927,17656,6812,88,43,
31926,17663,6816,78,53,
31934,17665,6815,90,48,
31939,17662,6812,87,50,
31934,17664,6802,94,53,
31951,17666,6809,91,48,
31950,17677,6815,86,47,
31943,17664,6812,93,42,
31942,17671,6820,89,53,
31946,17666,6808,98,43,
31934,17660,6808,89,58,
31931,17653,6809,89,46,
31939,17666,6814,85,41,
31933,17668,6812,92,42,
31940,17670,6810,82,41,
31959,17666,6801,90,50,
31947,17666,6799,84,48,
31956,17663,6807,90,51,
31961,17669,6797,95,49,
31962,17671,6798,89,44,
31974,17664,6799,90,57,
31967,17661,6801,88,48,
31968,17681,6808,91,50,
31972,17686,6801,94,46,
31985,17664,6802,78,46,
31997,17682,6794,86,35,
31985,17676,6786,89,48,
32005,17679,6797,84,39,
32006,17672,6793,91,60,
31995,17690,6792,80,47,
32008,17666,6791,91,52,
32000,17668,6796,88,46,
32006,17665,6783,92,44,
32007,17675,6796,85,54,
32011,17668,6787,89,49,
32013,17678,6781,85,55,
32017,17680,6786,89,46,
32034,17667,6781,89,46,
32035,17672,6788,77,39,
32064,17679,6781,81,42,
32067,17681,6779,94,50,
32061,17681,6779,89,51,
32053,17679,6773,88,43,
32064,17686,6772,107,52,
32046,17678,6778,96,47,
32069,17683,6779,90,56,
32057,17693,6766,89,55,
32078,17681,6778,77,35,
32068,17685,6781,74,42,
32076,17688,6780,89,51,
32081,17685,6771,86,44,
32093,17689,6776,84,47,
32096,17699,6776,86,42,
32099,17692,6771,83,47,
32095,17684,6781,85,52,
32102,17684,6779,77,51,
32076,17682,6785,76,58,
32046,17680,6783,89,55,
32045,17694,6808,86,47,
32031,17684,6793,91,50,
32019,17691,6796,83,43,
31998,17681,6801,91,41,
31998,17682,6807,78,49,
31990,17681,6811,88,55,
31990,17674,6813,87,48,
31995,17670,6814,87,53,
32004,17672,6803,76,46,
32017,17679,6801,92,48,
32029,17683,6801,81,42,
32043,17686,6791,85,45,
32054,17687,6795,87,43,
32061,17687,6774,91,55,
32059,17690,6787,94,47,
32044,17686,6781,87,47,
32030,17676,6797,85,43,
32024,17680,6791,86,50,
32000,17672,6796,88,48,
31988,17685,6801,90,40,
31986,17679,6801,87,51,
31982,17665,6797,93,51,
31973,17675,6792,92,40,
31988,17674,6799,97,40,
31969,17666,6788,88,42,
31976,17666,6795,90,37,
31971,17666,6799,96,48,
31970,17655,6801,93,49,
31960,17669,6801,92,43,
31957,17672,6797,93,43,
31944,17658,6803,93,52,
31949,17655,6803,89,49,
31916,17654,6805,87,52,
31906,17649,6809,82,57,
31898,17649,6804,95,40,
31896,17646,6809,82,47,
31891,17648,6812,85,40,
31884,17650,6808,83,51,
31882,17647,6809,84,45,
31894,17647,6806,87,40,
31896,17644,6814,89,45,
31909,17661,6809,86,47,
31913,17652,6813,95,46,
31912,17655,6809,93,50,
31907,17655,6813,81,60,
31918,17648,6819,90,39,
31910,17649,6820,95,48,
31905,17646,6804,100,60,
31907,17652,6811,86,45,
31903,17643,6807,83,50,
31903,17656,6803,84,47,
31899,17649,6808,96,46,
31896,17651,6813,81,36,
31907,17644,6807,89,48,
31910,17643,6804,84,52,
31907,17643,6815,89,47,
31900,17643,6806,82,48,
31901,17640,6811,88,51,
31894,17644,6811,82,53,
31884,17637,6809,88,45,
31863,17635,6819,89,49,
31874,17632,6819,75,49,
31857,17640,6814,84,39,
31848,17621,6815,90,34,
31851,17627,6812,92,50,
31841,17630,6818,96,48,
31831,17631,6820,88,53,
31831,17630,6821,80,53,
31847,17626,6816,85,58,
31829,17627,6818,95,49,
31832,17634,6815,99,49,
31823,17620,6814,96,48,
31817,17628,6820,81,41,
31811,17629,6826,86,50,
31807,17620,6814,99,47,
31811,17625,6816,97,52,
31816,17615,6816,93,56,
31811,17617,6818,85,57,
31794,17618,6814,87,50,
31789,17633,6817,97,48,
31802,17616,6817,104,46,
31789,17623,6833,96,52,
31786,17625,6811,88,53,
31782,17611,6825,94,47,
31769,17610,6837,91,52,
31786,17622,6820,82,46,
31786,17612,6815,84,45,
31786,17603,6817,93,43,
31785,17611,6818,93,48,
31792,17626,6822,90,46,
31793,17602,6838,90,53,
31766,17625,6829,83,41,
31755,17614,6845,95,41,
31748,17617,6857,81,52,
31722,17611,6853,94,47,
31726,17617,6849,94,48,
31720,17615,6867,91,46,
31726,17612,6852,86,55,
31733,17618,6849,86,51,
31751,17621,6863,92,39,
31769,17620,6847,82,47,
31802,17623,6841,92,48,
31812,17627,6840,82,51,
31835,17636,6831,99,46,
31854,17641,6828,85,51,
31878,17639,6820,91,49,
31867,17640,6833,92,44,
31873,17644,6827,88,49,
31862,17638,6818,91,41,
31866,17648,6822,93,45,
31863,17647,6819,95,45,
31860,17654,6817,86,46,
31892,17646,6814,92,44,
31898,17635,6821,85,46,
31906,17645,6825,85,54,
31926,17654,6815,92,49,
31924,17655,6809,96,43,
31931,17650,6807,82,44,
31925,17652,6804,97,48,
31924,17651,6806,98,50,
31931,17650,6805,85,42,
31926,17669,6805,92,54,
31926,17652,6810,86,45,
31921,17654,6822,87,48,
31929,17649,6809,84,45,
31926,17658,6807,84,42,
31942,17659,6816,82,48,
31937,17650,6807,96,47,
31953,17649,6799,94,44,
31938,17657,6803,86,47,
31951,17662,6807,85,49,
31950,17665,6807,76,51,
31964,17664,6806,80,36,
31965,17665,6804,96,50,
31978,17659,6791,91,47,
31998,17673,6793,90,53,
31997,17669,6796,91,51,
32002,17675,6790,86,37,
32001,17667,6785,95,43,
32013,17667,6790,89,51,
32007,17665,6793,85,52,
32002,17674,6803,83,51,
32011,17666,6792,87,53,
32013,17676,6784,85,45,
32010,17668,6782,83,52,
32012,17675,6797,91,52,
32017,17661,6782,86,46,
32006,17666,6787,89,46,
32009,17673,6775,92,48,
32015,17676,6788,80,43,
32014,17674,6787,92,50,
32017,17672,6783,84,49,
32021,17679,6783,85,44,
32008,17666,6782,88,50,
32027,17666,6777,90,58,
32026,17670,6780,81,47,
32024,17665,6778,93,53,
32017,17674,6780,87,53,
32036,17666,6780,83,52,
32034,17673,6784,97,49,
32040,17670,6783,90,46,
32051,17671,6775,80,47,
32055,17673,6774,82,41,
32059,17677,6774,85,53,
32074,17680,6770,86,45,
32060,17678,6759,97,51,
32067,17683,6765,89,48,
32076,17678,6765,86,44,
32065,17678,6766,85,55,
32067,17673,6767,94,47,
32071,17689,6758,87,42,
32081,17680,6761,85,46,
32075,17673,6770,93,44,
32083,17685,6768,82,53,
32076,17681,6759,88,47,
32094,17684,6761,87,46,
32074,17683,6775,80,37,
32083,17693,6764,83,49,
32076,17685,6771,96,60,
32069,17687,6783,92,59,
32056,17689,6787,87,49,
32048,17679,6803,89,46,
32032,17677,6798,90,50,
32023,17681,6796,89,45,
32009,17677,6801,85,45,
32000,17673,6803,91,49,
31985,17675,6807,94,44,
31998,17681,6802,84,39,
31999,17682,6797,86,46,
32015,17678,6796,93,61,
32029,17672,6787,84,49,
32041,17672,6781,88,52,
32039,17680,6782,95,48,
32050,17684,6789,93,51,
32044,17685,6777,95,41,
32042,17688,6778,88,49,
32046,17676,6772,83,41,
32049,17664,6770,79,43,
32047,17680,6789,99,52,
32047,17678,6771,86,54,
32049,17683,6791,90,51,
32055,17688,6781,90,42,
32059,17685,6777,86,45,
32066,17682,6773,85,57,
32075,17678,6774,93,48,
32061,17674,6775,92,53,
32056,17675,6776,82,55,
32058,17676,6786,86,47,
32057,17678,6779,89,56,
32050,17683,6781,90,39,
32058,17677,6772,94,46,
32060,17679,6778,84,46,
32068,17678,6776,91,49,
32054,17675,6778,80,52,
32068,17678,6780,93,59,
32082,17677,6775,93,46,
32087,17694,6774,92,42,
32082,17692,6777,81,52,
32088,17684,6773,78,48,
32089,17684,6771,87,41,
32093,17696,6775,96,51,
32104,17690,6770,91,48,
32098,17686,6777,81,49,
32104,17681,6775,88,47,
32100,17687,6763,90,47,
32101,17692,6755,95,41,
32102,17694,6763,87,43,
32111,17685,6762,96,45,
32104,17680,6778,91,50,
32100,17675,6764,97,56,
32085,17682,6771,90,43,
32079,17679,6767,83,45,
32085,17688,6773,86,50,
32083,17680,6770,95,51,
32090,17674,6762,78,34,
32075,17672,6775,93,43,
32077,17681,6764,83,54,
32074,17675,6764,91,45,
32077,17673,6764,95,55,
32082,17681,6773,85,51,
32081,17687,6772,86,54,
32086,17680,6768,95,52,
32085,17680,6768,83,58,
32082,17689,6774,92,42,
32071,17681,6773,92,39,
32067,17671,6769,92,45,
32067,17677,6777,84,48,
32076,17677,6760,91,47,
32060,17669,6775,82,56,
32049,17679,6776,86,52,
32055,17670,6779,90,55,
32048,17676,6766,85,52,
32055,17667,6775,81,48,
32045,17670,6771,90,51,
32037,17664,6768,90,50,
32032,17658,6771,91,56,
32035,17677,6767,90,40,
32036,17667,6771,91,50,
32038,17665,6767,91,49,
32040,17662,6768,86,52,
32025,17663,6774,100,54,
32025,17672,6780,97,47,
32020,17656,6777,84,42,
32015,17670,6779,90,53,
31995,17666,6778,89,55,
31994,17657,6765,91,57,
31981,17662,6792,92,43,
31976,17651,6794,88,46,
31963,17654,6791,84,52,
31955,17652,6792,89,46,
31933,17646,6802,86,41,
31920,17660,6813,99,44,
31911,17645,6816,96,51,
31888,17652,6814,83,43,
31879,17651,6821,82,44,
31863,17646,6827,96,50,
31857,17635,6826,90,46,
31857,17647,6825,84,52,
31853,17637,6829,89,55,
31849,17644,6833,86,48,
31861,17644,6823,98,51,
31866,17651,6830,84,54,
31875,17642,6809,85,48,
31885,17639,6818,89,47,
31880,17631,6816,81,42,
31876,17634,6817,89,50,
31873,17636,6827,89,48,
31860,17632,6821,94,43,
31865,17635,6829,86,47,
31856,17634,6810,92,37,
31870,17637,6822,84,44,
31866,17634,6810,89,45,
31866,17640,6826,83,40,
31864,17637,6825,78,48,
31863,17645,6823,87,48,
31862,17641,6818,95,49,
31862,17626,6818,87,46,
31844,17638,6815,88,35,
31833,17628,6821,78,45,
31812,17623,6833,92,45,
31822,17627,6817,87,48,
31802,17627,6825,91,48,
31796,17623,6826,79,47,
31795,17621,6828,82,41,
31787,17612,6831,81,56,
31792,17628,6831,86,44,
31799,17626,6822,94,51,
31790,17631,6826,84,53,
31784,17615,6830,88,55,
31795,17626,6821,78,47,
31801,17624,6821,98,51,
31801,17622,6828,80,42,
31790,17628,6828,81,48,
31777,17619,6834,88,41,
31766,17624,6828,85,42,
31757,17620,6829,92,49,
31753,17613,6840,88,59,
31743,17614,6842,87,44,
31742,17608,6835,87,45,
31741,17616,6837,87,44,
31745,17609,6843,92,46,
31761,17621,6836,87,48,
31753,17616,6838,82,48,
31736,17606,6835,92,44,
31752,17609,6838,81,51,
31739,17624,6843,96,57,
31749,17614,6828,84,45,
31742,17599,6837,86,56,
31739,17609,6839,97,48,
31751,17618,6838,87,51,
31730,17607,6839,94,53,
31738,17612,6843,83,49,
31741,17602,6840,82,48,
31742,17622,6845,98,57,
31743,17611,6837,93,47,
31747,17618,6837,98,44,
31756,17620,6828,89,48,
31769,17616,6837,98,44,
31798,17630,6825,94,43,
31806,17626,6827,85,60,
31821,17626,6827,89,56,
31844,17637,6830,97,49,
31852,17628,6820,89,48,
31865,17633,6814,94,50,
31882,17640,6821,81,42,
31887,17645,6809,94,44,
31891,17642,6807,91,56,
31891,17650,6815,100,46,
31890,17654,6806,93,44,
31918,17646,6816,85,42,
31911,17647,6818,88,49,
31927,17656,6801,82,48,
31939,17652,6803,93,49,
31946,17654,6794,81,50,
31957,17669,6794,89,43,
31964,17654,6796,93,51,
31949,17665,6792,87,50,
31954,17652,6803,86,42,
31943,17666,6810,86,52,
31920,17655,6801,83,56,
31923,17655,6818,84,41,
31906,17643,6817,89,46,
31903,17651,6829,83,41,
31892,17656,6832,88,38,
31884,17650,6819,80,54,
31873,17652,6825,93,48,
31880,17647,6823,87,38,
31887,17650,6820,87,55,
31895,17665,6825,86,47,
31911,17651,6820,94,49,
31915,17661,6818,91,50,
31918,17664,6806,86,51,
31919,17649,6815,87,39,
31927,17656,6809,87,47,
31914,17658,6802,88,56,
31914,17655,6801,93,40,
31904,17652,6809,84,47,
31902,17662,6815,82,55,
31913,17652,6804,80,57,
31914,17660,6810,84,44,
31931,17657,6811,98,42,
31933,17657,6822,94,43,
31938,17657,6810,87,45,
31948,17656,6799,88,48,
31936,17653,6804,95,46,
31931,17661,6808,88,43,
31928,17658,6802,87,49,
31927,17652,6805,80,53,
31927,17656,6800,85,50,
31938,17655,6798,93,45,
31933,17657,6812,81,44,
31937,17661,6802,91,48,
31945,17664,6808,87,51,
31957,17652,6808,83,49,
31953,17664,6794,82,50,
31962,17649,6796,86,52,
31970,17662,6794,82,49,
31978,17659,6789,95,49,
31981,17662,6799,85,53,
31985,17668,6802,98,47,
31980,17671,6803,87,51,
31987,17664,6795,84,44,
31979,17666,6796,95,51,
31992,17663,6802,88,46,
31996,17666,6803,89,40,
31995,17656,6798,85,43,
31994,17663,6795,99,57,
32009,17672,6788,88,49,
32011,17667,6788,86,51,
32015,17672,6788,90,47,
32019,17671,6790,80,46,
32013,17670,6790,86,49,
32021,17676,6783,84,54,
32019,17674,6795,76,44,
32027,17677,6784,83,51,
32007,17674,6785,82,53,
32014,17670,6781,82,48,
32008,17672,6785,87,49,
32010,17671,6786,92,46,
32021,17674,6786,88,45,
32039,17681,6780,83,45,
32039,17681,6780,79,47,
32057,17676,6781,87,49,
32061,17678,6776,80,52,
32058,17685,6771,90,46,
32070,17682,6780,86,49,
32067,17685,6778,90,57,
32075,17677,6784,90,52,
32062,17679,6776,91,48,
32061,17681,6777,84,40,
32051,17675,6775,86,52,
32055,17664,6773,82,42,
32045,17673,6787,92,48,
32046,17673,6782,85,41,
32047,17680,6766,102,36,
32077,17674,6763,85,51,
32089,17675,6763,94,44,
32082,17684,6779,90,50,
32099,17686,6772,93,39,
32095,17690,6762,88,48,
32103,17686,6762,90,52,
32106,17686,6771,85,45,
32094,17695,6775,84,44,
32074,17672,6772,74,57,
32069,17671,6771,84,46,
32058,17682,6771,91,46,
32051,17681,6782,89,43,
32033,17667,6776,90,50,
32021,17678,6797,85,50,
32014,17686,6781,88,51,
32012,17681,6795,94,49,
31999,17679,6797,89,55,
31988,17676,6795,95,45,
31999,17680,6807,90,52,
31994,17677,6807,90,47,
31997,17665,6801,90,45,
31987,17673,6802,90,44,
31984,17675,6803,92,48,
31999,17671,6795,93,58,
32007,17681,6789,89,50,
32011,17673,6794,84,51,
32018,17688,6790,90,48,
32029,17684,6801,95,55,
32038,17680,6777,91,60,
32021,17681,6797,94,52,
32036,17670,6789,88,46,
32028,17686,6786,85,37,
32030,17678,6793,80,52,
32032,17681,6790,92,47,
32037,17683,6791,78,43,
32023,17676,6784,77,33,
32048,17688,6781,83,51,
32050,17682,6790,94,59,
32050,17680,6779,91,46,
32067,17682,6778,82,49,
32066,17693,6775,93,50,
32053,17672,6781,90,49,
32046,17679,6793,87,50,
32034,17679,6781,86,44,
32016,17675,6783,84,57,
32002,17662,6788,91,44,
31994,17667,6792,88,53,
31998,17668,6795,89,51,
32001,17669,6785,84,46,
32002,17668,6790,90,45,
32018,17670,6786,90,49,
32028,17670,6781,79,56,
32048,17670,6788,88,47,
32052,17680,6781,87,46,
32067,17687,6779,87,58,
32060,17684,6791,83,55,
32054,17693,6768,93,42,
32058,17688,6784,87,46,
32042,17689,6786,91,48,
32035,17678,6792,95,51,
32032,17668,6777,93,51,
32019,17667,6777,93,59,
32008,17670,6796,98,60,
32013,17674,6792,85,45,
32027,17677,6785,84,52,
32023,17663,6788,91,50,
32023,17671,6777,92,46,
32021,17663,6786,94,41,
32013,17670,6790,86,46,
32009,17669,6782,74,52,
31998,17660,6798,94,48,
31990,17664,6782,84,36,
32001,17671,6787,92,45,
31997,17664,6793,91,43,
32001,17669,6796,86,46,
31991,17666,6793,87,49,
31988,17665,6790,92,43,
31983,17670,6788,92,41,
31982,17666,6787,87,47,
31976,17665,6790,90,50,
31965,17651,6789,86,59,
31963,17664,6796,79,47,
31951,17659,6794,83,42,
31958,17661,6792,88,52,
31949,17659,6784,92,42,
31946,17656,6802,80,36,
31950,17652,6800,86,48,
31945,17660,6798,87,40,
31927,17650,6796,85,49,
31914,17660,6793,90,55,
31904,17643,6798,88,50,
31891,17647,6806,94,44,
31885,17637,6803,96,50,
31897,17640,6813,86,52,
31904,17653,6804,81,56,
31912,17646,6795,83,43,
31912,17639,6792,92,50,
31915,17653,6802,85,46,
31910,17644,6799,81,58,
31894,17640,6808,79,44,
31893,17638,6804,87,48,
31892,17636,6806,87,46,
31886,17640,6811,95,50,
31859,17635,6814,85,42,
31857,17636,6806,92,53,
31841,17637,6823,86,55,
31824,17624,6827,84,50,
31804,17632,6838,87,47,
31784,17636,6840,83,46,
31773,17612,6851,88,48,
31750,17618,6835,89,49,
31744,17617,6851,100,57,
31731,17614,6850,83,45,
31728,17611,6850,85,38,
31730,17621,6860,93,51,
31722,17622,6857,77,49,
31735,17628,6854,85,41,
31730,17614,6849,92,55,
31739,17626,6851,86,52,
31728,17618,6839,84,44,
31721,17608,6835,89,50,
31703,17603,6851,102,43,
31694,17612,6848,86,46,
31678,17598,6860,94,51,
31672,17606,6855,91,46,
31670,17602,6851,90,50,
31681,17592,6856,91,44,
31680,17603,6860,77,48,
31684,17602,6862,92,49,
31702,17602,6854,88,50,
31692,17602,6864,88,46,
31687,17601,6856,84,52,
31672,17604,6853,84,47,
31672,17598,6863,89,44,
31659,17591,6864,86,47,
31646,17588,6862,88,43,
31650,17599,6858,86,56,
31642,17590,6861,86,53,
31644,17593,6870,88,46,
31661,17587,6851,91,46,
31651,17599,6875,86,48,
31671,17595,6860,88,45,
31666,17602,6862,86,48,
31680,17600,6867,88,49,
31684,17600,6864,82,43,
31689,17609,6852,93,51,
31691,17606,6848,88,46,
31707,17602,6848,91,47,
31721,17611,6849,88,44,
31718,17599,6839,94,51,
31718,17606,6848,87,46,
31722,17614,6852,83,56,
31742,17612,6846,93,46,
31743,17621,6855,89,42,
31766,17623,6840,93,47,
31770,17621,6834,88,50,
31774,17634,6835,86,58,
31793,17626,6828,86,51,
31801,17619,6832,98,53,
31804,17629,6822,85,54,
31809,17619,6829,87,39,
31713,17615,6865,90,42,
31831,17614,6780,91,46,
31873,17663,6840,85,52,
31631,17592,6858,97,48,
31811,17635,6815,82,47,
31779,17629,6832,97,36,
31751,17608,6832,100,52,
31900,17651,6817,84,44,
31804,17641,6846,81,48,
31866,17642,6817,88,46,
31954,17666,6802,87,37,
31845,17632,6823,86,44,
31839,17638,6817,88,49,
31837,17636,6824,85,43,
31788,17624,6830,86,48,
31768,17631,6837,89,58,
31717,17614,6850,88,52,
31736,17608,6833,80,50,
31792,17632,6820,97,45,
31763,17620,6827,95,48,
31767,17624,6836,85,47,
31830,17624,6807,79,44,
31855,17623,6816,81,46,
31899,17650,6805,88,47,
31938,17645,6800,96,51,
32017,17669,6790,87,59,
32095,17679,6767,88,49,
32124,17677,6759,88,49,
32168,17691,6758,91,56,
32227,17708,6741,88,47,
32274,17716,6727,95,51,
32299,17717,6721,89,52,
32324,17729,6719,90,39,
32328,17743,6720,90,40,
32330,17737,6738,84,49,
32300,17735,6736,82,42,
32251,17731,6755,87,50,
32230,17722,6763,96,42,
32206,17708,6764,90,42,
32195,17715,6771,82,55,
32210,17717,6771,97,56,
32235,17718,6755,86,47,
32250,17734,6752,84,36,
32274,17727,6741,97,51,
32265,17720,6732,96,48,
32230,17706,6732,88,53,
31974,17644,6758,89,46,
32232,17697,6697,87,56,
31928,17646,6776,92,51,
31767,17605,6786,81,44,
31793,17617,6784,89,46,
31631,17568,6810,93,44,
31622,17567,6795,95,48,
31722,17601,6784,85,54,
31635,17567,6798,85,50,
31798,17600,6753,87,42,
31920,17619,6735,92,46,
31899,17615,6720,85,40,
31976,17622,6704,87,45,
32032,17637,6691,85,44,
32040,17623,6690,90,42,
32048,17638,6676,90,47,
32043,17626,6677,86,44,
32074,17643,6662,96,55,
32144,17649,6641,94,42,
32164,17646,6651,91,45,
32232,17654,6621,78,40,
32384,17682,6599,87,47,
32511,17702,6555,102,49,
32623,17733,6530,88,49,
32678,17763,6496,83,42,
32735,17799,6447,93,49,
32766,17822,6415,95,57,
32766,17843,6366,82,45,
32766,17857,6352,86,46,
32766,17860,6340,85,52,
32766,17864,6338,87,48,
32766,17840,6352,91,43,
32766,17826,6381,82,47,
32766,17816,6400,89,51,
32752,17784,6419,92,47,
32719,17770,6442,77,52,
32689,17753,6471,85,50,
32663,17738,6498,85,44,
32630,17737,6526,93,50,
32603,17709,6544,92,49,
32528,17703,6568,89,44,
32441,17678,6607,85,52,
32306,17658,6629,81,49,
32148,17625,6655,86,46,
31973,17609,6702,90,52,
31794,17580,6733,85,54,
31599,17540,6782,90,39,
31396,17507,6828,98,41,
31220,17471,6858,88,51,
31051,17442,6892,88,47,
30905,17419,6939,83,40,
30768,17392,6955,86,39,
30654,17376,6998,79,44,
30586,17363,7020,92,45,
30559,17361,7016,88,48,
30581,17366,7028,88,45,
30608,17374,7020,94,50,
30673,17401,7017,95,50,
30746,17426,7007,95,53,
30811,17436,7000,91,49,
30863,17453,6983,86,47,
30902,17461,6988,86,46,
30933,17477,6976,92,48,
30981,17476,6976,84,47,
30989,17472,6966,85,58,
31004,17479,6968,92,46,
31062,17487,6960,87,54,
31121,17504,6947,87,49,
31182,17519,6920,85,54,
31280,17523,6904,92,53,
31393,17546,6882,91,46,
31494,17562,6858,88,48,
31597,17589,6840,84,39,
31698,17605,6817,80,48,
31758,17619,6800,84,41,
31817,17629,6783,94,43,
31861,17624,6774,89,52,
31900,17642,6782,78,44,
31951,17647,6765,79,56,
32001,17654,6752,92,51,
32044,17663,6754,78,42,
32077,17664,6742,93,41,
32088,17661,6735,83,47,
32092,17668,6728,79,50,
32095,17666,6729,87,42,
32097,17660,6731,88,50,
32110,17669,6726,95,51,
32111,17652,6725,90,42,
32134,17659,6726,90,44,
32176,17670,6712,96,46,
32231,17668,6703,82,53,
32270,17684,6697,83,35,
32290,17683,6697,84,46,
32308,17683,6702,84,54,
32311,17688,6698,93,44,
32293,17687,6708,89,43,
32268,17678,6706,87,54,
32262,17676,6722,90,50,
32271,17687,6719,85,51,
32292,17696,6729,80,47,
32325,17703,6707,89,51,
32367,17716,6698,93,47,
32419,17710,6709,87,45,
32437,17724,6700,83,43,
32452,17726,6687,84,50,
32451,17720,6696,85,47,
32440,17726,6701,89,39,
32407,17710,6710,90,38,
32346,17710,6713,94,54,
32302,17692,6723,88,45,
32231,17681,6733,87,43,
32181,17669,6746,83,47,
32111,17659,6760,91,53,
32088,17655,6752,87,47,
32060,17650,6775,90,56,
32038,17646,6771,87,56,
32037,17650,6766,88,48,
32096,17660,6756,86,34,
32124,17671,6760,92,57,
32184,17676,6750,93,53,
32230,17683,6732,87,45,
32261,17698,6724,79,53,
32284,17698,6714,82,44,
32318,17706,6715,79,47,
32314,17699,6722,84,49,
32313,17704,6714,91,51,
32337,17702,6722,93,48,
32366,17720,6712,84,57,
32397,17723,6716,89,47,
32448,17742,6706,91,48,
32503,17752,6704,78,53,
32522,17760,6705,83,49,
32518,17769,6703,82,52,
32475,17762,6712,92,53,
32380,17733,6746,84,60,
32194,17698,6788,84,46,
31975,17665,6823,94,54,
31753,17627,6879,90,40,
31490,17571,6935,86,44,
31260,17536,7002,96,44,
31066,17477,7046,88,45,
30910,17469,7087,90,44,
30818,17456,7154,80,46,
30757,17469,7206,82,48,
30771,17471,7242,84,46,
30792,17493,7236,82,56,
30843,17516,7249,87,42,
30876,17533,7252,83,46,
30858,17523,7253,85,38,
30840,17524,7266,84,54,
30717,17495,7292,98,43,
30588,17475,7320,87,44,
30449,17441,7348,96,48,
30299,17403,7368,100,57,
30182,17382,7393,93,45,
30093,17356,7405,93,49,
30039,17350,7414,87,54,
30022,17343,7425,91,48,
30052,17343,7431,91,40,
30114,17370,7425,90,43,
30184,17393,7416,94,48,
30253,17415,7391,94,46,
30328,17420,7389,88,47,
30365,17446,7375,94,51,
30406,17450,7372,90,42,
30403,17447,7362,84,46,
30393,17445,7355,88,52,
30359,17419,7357,85,45,
30319,17422,7364,95,47,
30296,17399,7355,92,44,
30265,17395,7352,88,41,
30267,17395,7346,93,52,
30253,17377,7334,105,57,
30436,17442,7306,84,52,
30415,17421,7301,86,50,
30628,17472,7254,96,52,
30742,17502,7203,85,45,
30819,17509,7177,77,49,
30865,17512,7166,91,47,
30971,17538,7135,78,51,
30854,17512,7146,82,44,
30868,17496,7124,96,49,
30817,17487,7133,86,42,
30732,17454,7151,94,46,
30658,17437,7145,87,48,
30715,17448,7143,90,49,
30692,17444,7128,82,50,
30669,17440,7117,87,51,
30735,17440,7093,81,43,
30618,17408,7110,82,45,
30639,17413,7094,87,48,
30633,17411,7098,90,49,
30587,17397,7100,84,52,
30644,17411,7082,94,42,
30679,17418,7080,85,51,
30776,17433,7042,87,44,
30920,17476,7005,98,42,
31011,17477,6988,83,49,
31136,17510,6950,95,46,
31252,17535,6924,90,42,
31263,17534,6925,87,47,
31232,17525,6916,97,50,
31174,17513,6920,100,44,
31076,17491,6951,83,41,
30976,17459,6965,87,45,
30908,17452,6976,90,46,
30867,17427,6986,89,54,
30891,17440,6972,79,42,
30954,17468,6965,95,54,
31060,17475,6946,88,53,
31170,17505,6919,79,51,
31290,17545,6902,86,47,
31394,17559,6887,87,45,
31443,17561,6865,88,48,
31481,17569,6858,95,50,
31439,17552,6867,82,53,
31388,17545,6875,92,46,
31311,17519,6895,93,47,
31243,17513,6900,93,42,
31139,17491,6938,93,46,
31106,17488,6937,82,46,
31001,17462,6970,86,51,
30914,17436,6973,94,45,
30904,17449,6971,80,47,
30827,17430,6999,84,48,
30878,17446,6987,80,48,
30922,17446,6982,83,47,
30976,17462,6968,89,44,
31057,17481,6951,94,41,
31098,17484,6959,93,45,
31084,17495,6958,96,46,
31102,17499,6947,85,44,
31029,17478,6972,94,46,
30953,17463,6990,91,42,
30862,17438,7017,81,52,
30783,17419,7041,77,44,
30702,17407,7051,93,47,
30623,17397,7072,91,52,
30589,17379,7079,83,41,
30578,17382,7084,94,47,
30590,17389,7088,95,47,
30611,17409,7088,88,55,
30652,17409,7080,87,54,
30679,17427,7084,87,52,
30695,17423,7076,89,55,
30686,17424,7078,88,40,
30661,17424,7081,83,46,
30638,17416,7086,84,49,
30604,17402,7097,95,54,
30553,17386,7095,90,47,
30511,17375,7092,90,53,
30476,17369,7113,91,52,
30442,17365,7105,97,39,
30427,17345,7106,89,51,
30436,17358,7117,83,43,
30482,17368,7108,86,48,
30527,17381,7080,94,51,
30612,17406,7071,85,52,
30700,17419,7051,95,54,
30788,17437,7032,87,47,
30890,17450,7018,72,39,
30960,17480,6996,81,44,
31010,17493,6994,90,55,
31069,17504,6971,82,52,
31084,17503,6971,97,48,
31092,17510,6968,71,58,
31099,17509,6959,88,43,
31111,17508,6961,92,52,
31154,17515,6958,89,45,
31196,17528,6945,88,52,
31232,17527,6946,78,46,
31288,17550,6924,85,43,
31343,17555,6912,88,53,
31378,17564,6907,96,36,
31424,17566,6892,94,41,
31423,17574,6894,93,56,
31435,17572,6880,88,45,
31428,17575,6888,84,47,
31411,17572,6894,94,46,
31404,17574,6897,87,51,
31401,17571,6893,92,37,
31393,17570,6899,91,43,
31382,17565,6903,87,44,
31374,17566,6899,86,49,
31371,17566,6910,95,43,
31375,17565,6914,85,44,
31392,17565,6920,91,44,
31410,17576,6909,81,54,
31451,17585,6904,79,40,
31476,17588,6892,88,45,
31516,17593,6887,94,47,
31529,17603,6881,87,42,
31544,17610,6881,89,45,
31514,17604,6884,93,47,
31497,17602,6892,90,47,
31455,17585,6892,84,53,
31421,17575,6886,84,48,
31372,17583,6903,99,53,
31360,17566,6905,86,46,
31354,17564,6906,94,46,
31351,17568,6911,88,46,
31382,17585,6903,86,42,
31408,17580,6894,83,50,
31430,17590,6896,86,52,
31460,17590,6905,93,48,
31475,17590,6882,80,47,
31508,17597,6881,75,48,
31508,17607,6898,103,40,
31519,17613,6871,90,42,
31518,17604,6874,83,59,
31504,17604,6882,84,52,
31498,17608,6884,92,46,
31493,17607,6882,83,42,
31474,17607,6894,86,48,
31405,17584,6907,84,52,
31363,17588,6932,91,43,
31384,17591,6927,92,45,
31385,17603,6941,84,51,
31446,17603,6926,92,49,
31481,17614,6913,84,49,
31517,17620,6914,89,57,
31606,17643,6899,79,49,
31630,17657,6883,89,46,
31645,17651,6883,92,43,
31640,17650,6879,88,55,
31613,17633,6887,85,47,
31550,17613,6885,87,45,
31492,17611,6900,77,39,
31428,17598,6900,96,46,
31382,17585,6920,89,37,
31324,17575,6925,93,47,
31292,17572,6926,81,43,
31293,17561,6933,88,45,
31289,17569,6930,80,42,
31298,17570,6921,85,54,
31314,17565,6929,92,41,
31334,17572,6930,86,47,
31345,17571,6927,93,44,
31340,17571,6922,86,46,
31329,17568,6927,88,54,
31299,17572,6937,90,48,
31274,17558,6941,85,40,
31241,17562,6956,83,33,
31200,17542,6949,94,37,
31168,17528,6968,85,46,
31153,17533,6977,86,42,
31124,17531,6981,94,50,
31122,17522,6993,90,41,
31125,17536,6988,84,50,
31116,17541,6992,85,53,
31129,17537,6992,90,43,
31156,17543,6984,92,44,
31161,17556,6979,82,46,
31186,17548,6978,85,38,
31179,17554,6974,85,54,
31180,17544,6975,81,43,
31173,17546,6973,86,50,
31152,17538,6971,87,53,
31139,17531,6980,94,43,
31136,17531,6984,92,49,
31113,17522,6981,81,47,
31125,17526,6981,94,55,
31135,17518,6980,96,42,
31183,17538,6972,89,43,
31225,17546,6959,85,47,
31285,17549,6939,89,38,
31356,17575,6937,90,41,
31409,17578,6924,76,51,
31456,17586,6904,78,41,
31483,17594,6899,90,44,
31494,17593,6899,82,42,
31506,17586,6901,84,50,
31483,17600,6909,89,56,
31502,17581,6900,95,48,
31491,17598,6892,84,44,
31498,17592,6891,79,56,
31530,17597,6888,82,52,
31567,17603,6889,97,43,
31634,17616,6869,98,43,
31702,17637,6864,96,48,
31767,17637,6854,87,38,
31857,17668,6838,93,43,
31932,17685,6810,86,52,
32010,17686,6806,87,52,
32052,17705,6798,85,50,
32083,17719,6799,85,44,
32109,17710,6786,82,48,
32130,17716,6768,95,51,
32138,17729,6780,89,42,
32157,17720,6770,82,41,
32192,17734,6758,95,47,
32187,17729,6749,96,50,
32230,17740,6748,91,40,
32246,17734,6745,82,43,
32266,17726,6751,81,39,
32278,17741,6736,90,46,
32298,17735,6726,86,44,
32294,17739,6733,83,47,
32286,17746,6729,90,38,
32254,17729,6737,85,49,
32225,17724,6742,84,52,
32190,17722,6745,91,46,
32147,17694,6746,83,53,
32112,17694,6763,86,37,
32077,17685,6766,94,52,
32053,17669,6764,92,56,
32041,17672,6761,88,45,
32042,17658,6774,85,44,
32047,17666,6752,89,44,
32072,17671,6746,90,54,
32113,17682,6745,92,45,
32139,17677,6739,88,50,
32170,17694,6745,78,38,
32194,17692,6732,95,43,
32237,17705,6731,86,49,
32251,17718,6719,91,46,
32275,17705,6727,90,51,
32278,17711,6725,89,48,
32273,17708,6728,88,47,
32264,17714,6725,93,54,
32263,17718,6726,86,47,
32274,17721,6735,85,39,
32267,17726,6729,89,41,
32299,17719,6724,86,45,
32329,17726,6720,89,47,
32364,17746,6720,83,47,
32401,17753,6710,80,51,
32447,17748,6705,82,55,
32465,17765,6700,76,40,
32495,17772,6678,81,41,
32504,17782,6688,94,54,
32515,17771,6680,83,53,
32520,17789,6680,84,55,
32531,17772,6668,73,46,
32521,17782,6664,90,48,
32518,17765,6671,81,54,
32519,17763,6665,88,52,
32537,17770,6668,84,50,
32544,17774,6658,99,50,
32564,17787,6659,87,37,
32577,17786,6654,81,41,
32590,17786,6632,82,44,
32601,17801,6648,84,42,
32593,17799,6646,82,46,
32574,17791,6648,86,38,
32543,17776,6647,92,44,
32495,17762,6660,82,49,
32453,17756,6670,80,57,
32400,17747,6685,81,47,
32336,17726,6691,88,43,
32265,17724,6705,89,52,
32222,17713,6719,90,54,
32166,17701,6711,89,50,
32140,17695,6721,79,56,
32109,17691,6724,90,49,
32078,17679,6732,86,56,
32069,17683,6747,80,42,
32053,17685,6736,91,49,
32027,17670,6745,88,38,
32009,17676,6751,88,51,
31993,17671,6757,90,44,
31966,17672,6755,91,40,
31951,17666,6755,88,52,
31922,17663,6753,87,55,
31886,17656,6767,88,44,
31869,17652,6776,88,40,
31865,17660,6761,91,50,
31859,17638,6779,87,41,
31857,17653,6768,85,46,
31860,17645,6774,86,44,
31872,17660,6769,84,47,
31899,17659,6758,93,50,
31916,17657,6767,95,48,
31952,17671,6751,75,49,
31986,17676,6742,77,53,
31999,17679,6737,95,45,
32038,17692,6733,81,48,
32059,17680,6733,92,44,
32074,17680,6724,80,49,
32106,17696,6714,85,53,
32123,17687,6710,85,48,
32141,17700,6716,81,43,
32170,17707,6695,95,49,
32193,17706,6700,84,47,
32222,17712,6689,84,48,
32262,17724,6689,97,42,
32306,17728,6678,86,43,
32349,17727,6660,93,48,
32397,17744,6660,82,47,
32418,17748,6653,87,47,
32435,17749,6660,82,44,
32434,17762,6664,83,49,
32420,17745,6666,87,44,
32379,17741,6672,92,44,
32332,17718,6676,82,45,
32293,17722,6688,89,45,
32265,17700,6692,80,54,
32242,17700,6688,89,48,
32209,17700,6696,87,45,
32220,17695,6690,97,50,
32247,17710,6696,87,48,
32265,17705,6681,83,41,
32283,17710,6682,92,52,
32337,17724,6670,96,50,
32364,17725,6661,78,53,
32410,17736,6656,90,50,
32433,17739,6659,85,58,
32448,17744,6639,92,49,
32453,17744,6650,90,48,
32442,17739,6645,93,53,
32433,17739,6638,89,44,
32406,17723,6649,86,46,
32355,17728,6661,86,42,
32322,17706,6657,89,37,
32288,17699,6659,92,49,
32267,17701,6667,87,45,
32249,17700,6671,84,47,
32241,17696,6670,91,48,
32248,17692,6669,88,48,
32247,17709,6684,88,53,
32266,17694,6667,96,45,
32271,17703,6668,91,52,
32281,17699,6669,86,47,
32285,17707,6665,83,38,
32271,17701,6667,87,43,
32250,17694,6677,86,48,
32255,17704,6673,86,47,
32229,17684,6679,78,43,
32185,17688,6687,93,53,
32165,17681,6685,85,46,
32127,17663,6681,86,50,
32117,17679,6698,94,50,
32101,17673,6693,83,43,
32103,17674,6696,96,48,
32107,17667,6710,90,52,
32140,17677,6701,92,49,
32156,17692,6689,79,53,
32199,17697,6689,84,43,
32224,17690,6688,88,50,
32243,17703,6676,81,44,
32261,17706,6677,83,43,
32255,17700,6682,86,48,
32244,17709,6684,92,38,
32243,17697,6674,92,46,
32216,17693,6683,100,51,
32226,17689,6684,87,42,
32200,17697,6676,95,47,
32209,17688,6679,90,46,
32221,17692,6683,87,49,
32222,17699,6663,86,49,
32251,17697,6655,89,43,
32266,17698,6652,82,50,
32275,17707,6651,85,52,
32286,17711,6662,80,50,
32292,17711,6649,74,49,
32291,17713,6647,87,43,
32290,17709,6646,88,37,
32286,17709,6652,81,46,
32287,17709,6648,83,46,
32288,17706,6650,83,50,
32289,17712,6649,90,40,
32283,17711,6641,84,36,
32275,17709,6650,85,55,
32238,17699,6664,83,47,
32226,17691,6659,88,49,
32204,17693,6662,79,49,
32189,17685,6657,82,57,
32190,17692,6661,94,45,
32195,17694,6669,92,38,
32204,17695,6668,86,43,
32220,17701,6662,87,40,
32222,17707,6661,84,49,
32228,17705,6665,96,51,
32223,17701,6654,86,47,
32206,17702,6663,87,44,
32189,17702,6673,86,46,
32145,17689,6682,86,44,
32109,17685,6684,92,49,
32078,17682,6703,95,46,
32041,17683,6719,92,51,
32013,17676,6733,95,47,
31991,17677,6729,97,56,
31975,17680,6749,96,51,
31969,17677,6756,89,51,
31945,17678,6746,96,44,
31945,17677,6757,77,52,
31934,17675,6752,89,43,
31930,17673,6754,80,44,
31939,17675,6772,88,50,
31942,17669,6760,87,45,
31956,17671,6752,79,50,
31962,17674,6743,86,45,
31966,17669,6752,84,48,
31959,17685,6747,89,52,
31950,17665,6751,90,44,
31935,17679,6749,90,53,
31924,17667,6761,88,53,
31924,17654,6755,92,50,
31919,17651,6757,91,58,
31920,17661,6753,89,35,
31927,17650,6743,89,47,
31932,17665,6751,89,50,
31965,17670,6751,86,51,
31969,17666,6747,94,46,
31974,17680,6752,90,43,
31992,17674,6744,79,45,
31986,17669,6742,85,51,
31965,17675,6740,90,53,
31960,17674,6744,89,45,
31940,17673,6745,90,51,
31932,17662,6751,86,55,
31930,17662,6742,88,47,
31905,17666,6749,80,44,
31908,17666,6752,86,43,
31922,17657,6751,80,47,
31928,17663,6744,87,53,
31952,17672,6751,80,39,
31951,17677,6753,82,48,
31972,17677,6753,88,42,
32009,17691,6754,91,48,
32012,17703,6757,91,53,
32030,17713,6786,89,63,
32045,17707,6789,93,52,
32065,17722,6791,93,45,
32057,17726,6794,85,46,
32066,17728,6798,90,53,
32094,17733,6797,86,50,
32123,17738,6799,84,46,
32172,17762,6792,89,45,
32227,17764,6773,88,54,
32313,17777,6760,93,53,
32407,17787,6743,86,43,
32493,17812,6711,91,50,
32585,17839,6672,87,48,
32632,17848,6640,88,45,
32663,17879,6615,81,40,
32689,17887,6592,79,56,
32707,17901,6569,88,43,
32723,17906,6566,92,40,
32731,17910,6555,86,54,
32729,17901,6550,84,60,
32717,17892,6550,78,56,
32702,17886,6557,88,40,
32692,17870,6566,79,46,
32680,17868,6562,91,43,
32679,17855,6577,87,53,
32668,17850,6584,90,44,
32660,17847,6584,86,50,
32673,17857,6568,86,47,
32672,17848,6559,83,47,
32681,17858,6580,80,50,
32687,17872,6558,90,42,
32688,17871,6564,84,42,
32685,17854,6546,85,41,
32680,17840,6554,87,54,
32680,17863,6560,91,44,
32668,17847,6566,88,46,
32657,17846,6570,90,49,
32656,17831,6587,77,43,
32643,17840,6603,82,43,
32642,17837,6599,87,55,
32639,17831,6616,82,50,
32643,17843,6604,89,43,
32641,17839,6603,84,48,
32643,17842,6617,93,51,
32636,17844,6610,80,37,
32628,17839,6628,86,40,
32628,17842,6626,79,44,
32616,17824,6628,98,37,
32606,17824,6642,88,44,
32602,17815,6637,87,50,
32580,17818,6636,89,50,
32562,17806,6642,83,51,
32558,17805,6632,83,48,
32555,17807,6646,95,45,
32559,17797,6640,85,49,
32547,17804,6652,92,52,
32522,17797,6645,91,47,
32505,17792,6647,81,53,
32496,17787,6658,91,46,
32481,17780,6662,82,51,
32463,17782,6667,83,46,
32431,17772,6672,86,50,
32417,17772,6663,91,49,
32411,17764,6669,90,48,
32390,17755,6674,87,44,
32385,17761,6662,76,46,
32380,17761,6675,85,48,
32374,17758,6678,83,42,
32383,17762,6672,86,47,
32385,17758,6672,89,39,
32409,17767,6669,86,54,
32418,17765,6671,93,42,
32422,17759,6659,84,50,
32429,17774,6666,83,49,
32433,17767,6673,84,43,
32433,17758,6659,86,37,
32436,17771,6665,86,44,
32429,17768,6662,76,50,
32436,17770,6654,88,47,
32453,17769,6652,83,53,
32452,17773,6659,93,49,
32467,17773,6651,86,44,
32496,17775,6650,88,47,
32518,17784,6642,92,51,
32549,17793,6634,92,41,
32572,17801,6633,88,51,
32589,17803,6620,93,48,
32596,17813,6608,82,47,
32597,17806,6610,90,50,
32595,17794,6624,93,45,
32569,17808,6621,95,46,
32573,17798,6623,86,51,
32556,17793,6630,94,40,
32561,17798,6639,89,48,
32567,17794,6637,92,44,
32579,17800,6628,85,45,
32599,17810,6628,89,44,
32607,17804,6623,88,56,
32612,17811,6617,89,39,
32624,17810,6621,94,50,
32622,17815,6604,96,40,
32612,17815,6602,88,48,
32610,17808,6620,90,52,
32586,17796,6625,87,43,
32554,17795,6627,91,40,
32539,17795,6626,93,58,
32520,17771,6636,76,46,
32510,17776,6639,90,48,
32493,17780,6645,94,50,
32503,17783,6652,93,37,
32510,17783,6644,91,45,
32514,17785,6647,86,44,
32526,17788,6648,82,45,
32531,17794,6648,90,45,
32533,17799,6655,94,57,
32536,17789,6658,89,51,
32540,17791,6653,86,49,
32533,17791,6655,87,41,
32527,17794,6655,86,35,
32506,17795,6664,87,48,
32494,17790,6665,91,45,
32492,17789,6671,99,46,
32487,17782,6662,96,41,
32508,17801,6665,82,53,
32536,17798,6651,83,45,
32569,17801,6652,91,50,
32599,17811,6638,87,54,
32605,17812,6634,86,61,
32616,17823,6622,81,47,
32617,17834,6626,86,54,
32625,17827,6615,95,43,
32628,17825,6620,80,36,
32623,17823,6618,87,48,
32621,17813,6621,89,54,
32623,17818,6623,86,56,
32620,17822,6622,91,53,
32615,17813,6630,87,47,
32611,17811,6629,86,41,
32604,17808,6637,98,43,
32599,17795,6631,82,47,
32593,17809,6633,83,56,
32589,17805,6637,89,45,
32581,17798,6635,82,44,
32569,17797,6630,88,51,
32570,17796,6641,78,48,
32559,17794,6639,81,46,
32556,17793,6643,85,56,
32545,17797,6644,94,43,
32553,17798,6638,90,54,
32531,17782,6644,86,64,
32530,17793,6642,82,57,
32513,17790,6643,88,48,
32496,17790,6661,99,46,
32486,17772,6660,90,49,
32486,17773,6662,86,51,
32485,17781,6649,80,47,
32465,17774,6658,72,48,
32470,17771,6658,85,46,
32482,17778,6645,88,54,
32495,17770,6654,82,52,
32504,17778,6646,89,49,
32516,17779,6653,86,53,
32534,17788,6643,92,58,
32532,17782,6641,89,43,
32537,17789,6640,99,49,
32541,17792,6631,90,41,
32554,17799,6642,86,49,
32559,17786,6624,78,44,
32563,17782,6639,86,43,
32563,17799,6627,94,56,
32567,17800,6622,86,45,
32578,17788,6623,87,47,
32579,17798,6616,92,45,
32592,17795,6628,93,43,
32590,17799,6616,90,53,
32604,17797,6612,87,51,
32609,17797,6605,85,50,
32613,17801,6619,81,39,
32612,17809,6609,86,44,
32621,17808,6601,91,52,
32618,17809,6599,89,51,
32619,17816,6595,93,51,
32613,17798,6599,86,35,
32621,17804,6608,86,52,
32606,17809,6609,96,51,
32607,17814,6610,77,50,
32597,17812,6618,87,45,
32596,17798,6626,94,47,
32573,17800,6624,84,50,
32562,17793,6621,90,44,
32543,17795,6629,84,48,
32537,17784,6642,73,52,
32540,17790,6640,79,37,
32557,17789,6636,79,44,
32582,17799,6631,87,43,
32583,17802,6614,84,54,
32609,17801,6613,83,49,
32604,17802,6602,88,57,
32609,17804,6609,83,38,
32606,17793,6590,80,50,
32610,17792,6611,86,50,
32597,17800,6599,86,49,
32587,17783,6610,94,46,
32582,17792,6605,82,52,
32578,17798,6610,93,50,
32586,17797,6613,89,47,
32588,17798,6612,92,42,
32600,17798,6609,91,47,
32598,17797,6595,88,55,
32612,17795,6595,79,49,
32615,17797,6591,92,52,
32617,17799,6594,88,52,
32613,17801,6593,82,59,
32620,17803,6593,83,47,
32612,17802,6598,91,49,
32607,17792,6595,84,52,
32600,17792,6605,86,45,
32588,17790,6609,87,46,
32586,17780,6601,86,53,
32573,17789,6619,93,50,
32567,17790,6610,85,45,
32568,17789,6621,77,47,
32567,17788,6617,88,43,
32569,17779,6606,97,49,
32577,17784,6610,94,53,
32580,17801,6611,93,53,
32583,17781,6617,96,45,
32581,17785,6611,86,49,
32572,17797,6619,78,53,
32558,17783,6611,89,52,
32561,17785,6622,95,56,
32553,17788,6621,90,51,
32542,17778,6621,83,49,
32525,17773,6628,97,46,
32517,17777,6623,91,52,
32521,17773,6629,82,45,
32519,17771,6631,83,41,
32511,17769,6642,94,43,
32526,17773,6631,91,48,
32529,17776,6624,90,47,
32547,17786,6630,87,47,
32554,17784,6618,79,45,
32568,17783,6624,83,49,
32572,17790,6619,86,46,
32566,17787,6611,98,47,
32577,17787,6623,84,45,
32576,17784,6619,84,46,
32572,17788,6624,81,45,
32569,17785,6624,89,53,
32569,17777,6621,84,41,
32566,17776,6623,86,45,
32552,17787,6622,89,47,
32553,17775,6632,78,50,
32549,17777,6631,88,50,
32538,17781,6637,96,46,
32521,17777,6635,80,42,
32518,17781,6654,89,43,
32488,17774,6646,91,42,
32488,17777,6660,87,44,
32480,17777,6656,93,49,
32473,17774,6657,81,42,
32470,17768,6659,88,55,
32461,17767,6655,83,46,
32461,17765,6658,80,52,
32468,17772,6668,85,44,
32463,17766,6657,93,46,
32467,17764,6651,90,51,
32465,17756,6652,85,42,
32461,17758,6662,87,51,
32459,17755,6636,88,49,
32440,17755,6649,88,38,
32439,17743,6650,86,55,
32423,17752,6653,81,47,
32424,17742,6653,81,54,
32410,17752,6661,87,52,
32411,17745,6654,76,47,
32404,17741,6667,91,42,
32387,17749,6661,83,42,
32389,17750,6668,87,49,
32403,17743,6655,92,57,
32385,17731,6657,88,42,
32381,17744,6665,81,51,
32384,17741,6674,86,45,
32395,17732,6668,86,45,
32392,17748,6669,87,38,
32381,17738,6666,90,55,
32366,17739,6668,86,40,
32369,17740,6683,86,55,
32345,17733,6677,85,53,
32346,17732,6683,94,42,
32320,17742,6688,84,50,
32325,17728,6683,90,45,
32318,17727,6684,84,49,
32332,17724,6684,83,42,
32330,17739,6689,85,47,
32339,17738,6681,88,44,
32338,17736,6683,81,42,
32346,17733,6675,89,46,
32345,17741,6679,80,46,
32344,17735,6681,84,40,
32333,17730,6670,90,41,
32331,17735,6683,90,50,
32316,17734,6678,86,60,
32311,17720,6688,84,52,
32306,17723,6688,81,54,
32309,17736,6687,85,49,
32319,17726,6684,82,52,
32324,17730,6682,83,51,
32337,17729,6685,92,48,
32344,17730,6674,88,46,
32348,17740,6675,85,46,
32364,17737,6670,83,48,
32378,17745,6664,75,61,
32404,17742,6661,93,51,
32422,17751,6658,91,50,
32439,17753,6652,78,55,
32460,17753,6647,78,46,
32472,17759,6634,86,39,
32479,17751,6627,83,44,
32484,17759,6629,88,46,
32475,17756,6641,91,46,
32478,17763,6630,90,51,
32461,17755,6638,87,54,
32436,17756,6653,90,53,
32433,17757,6658,100,48,
32422,17751,6647,99,45,
32413,17748,6663,80,54,
32409,17758,6677,82,45,
32401,17751,6668,86,45,
32381,17747,6667,88,46,
32364,17758,6675,89,52,
32336,17744,6674,89,43,
32342,17747,6680,84,47,
32338,17743,6673,84,42,
32336,17735,6674,79,48,
32355,17746,6672,80,48,
32341,17735,6673,78,44,
32331,17737,6668,98,49,
32307,17739,6672,93,46,
32287,17733,6674,88,42,
32245,17720,6697,85,45,
32208,17720,6697,99,51,
32186,17714,6699,86,46,
32179,17708,6707,83,44,
32176,17701,6707,91,47,
32191,17702,6699,86,46,
32222,17712,6699,92,43,
32258,17715,6698,90,47,
32294,17728,6682,92,45,
32321,17736,6686,92,49,
32342,17742,6677,92,47,
32346,17744,6667,88,51,
32331,17739,6671,88,46,
32318,17745,6672,91,40,
32316,17736,6673,87,35,
32292,17746,6681,89,53,
32279,17728,6692,91,58,
32268,17738,6692,82,51,
32261,17723,6689,90,43,
32267,17740,6699,92,46,
32292,17734,6684,88,47,
32326,17736,6675,94,55,
32350,17747,6682,89,48,
32389,17754,6663,78,56,
32422,17757,6656,88,40,
32434,17762,6650,89,51,
32443,17761,6637,81,52,
32445,17761,6646,76,42,
32431,17752,6645,88,45,
32401,17750,6655,92,52,
32373,17740,6656,89,50,
32354,17735,6654,92,40,
32323,17723,6665,84,51,
32302,17722,6653,89,44,
32317,17723,6667,94,41,
32334,17744,6667,90,46,
32360,17745,6658,89,48,
32380,17751,6647,79,51,
32420,17754,6661,82,41,
32440,17767,6651,78,53,
32453,17764,6653,82,51,
32457,17765,6637,79,34,
32464,17768,6644,86,48,
32458,17765,6645,90,41,
32461,17764,6635,77,42,
32455,17763,6637,89,50,
32435,17755,6642,97,54,
32427,17757,6644,89,44,
32420,17747,6651,96,46,
32427,17755,6640,93,48,
32426,17756,6650,86,43,
32436,17763,6653,87,46,
32443,17761,6657,78,44,
32449,17759,6643,88,51,
32456,17766,6656,85,42,
32457,17759,6656,84,53,
32455,17764,6656,85,46,
32456,17773,6659,92,53,
32441,17770,6672,91,50,
32424,17773,6670,88,59,
32410,17768,6679,88,49,
32397,17757,6674,93,40,
32372,17747,6684,94,50,
32376,17756,6685,96,54,
32359,17755,6685,84,48,
32350,17755,6689,92,49,
32351,17748,6681,87,56,
32344,17753,6688,89,55,
32359,17748,6681,91,51,
32375,17750,6669,83,44,
32373,17748,6677,87,48,
32367,17757,6683,84,60,
32379,17756,6669,88,49,
32391,17756,6674,82,48,
32384,17740,6665,88,40,
32394,17747,6667,86,45,
32397,17757,6660,93,48,
32403,17758,6655,80,51,
32405,17759,6657,87,48,
32418,17742,6659,82,49,
32421,17757,6652,82,43,
32433,17759,6656,85,39,
32429,17755,6642,89,48,
32448,17767,6640,93,48,
32444,17762,6648,94,62,
32454,17769,6650,94,34,
32455,17769,6646,85,45,
32442,17771,6638,86,51,
32451,17760,6648,89,45,
32452,17760,6644,88,47,
32458,17763,6638,83,48,
32458,17774,6644,87,54,
32461,17770,6633,78,46,
32473,17778,6633,90,38,
32484,17770,6631,84,52,
32480,17770,6639,92,64,
32477,17786,6640,91,50,
32487,17773,6631,83,49,
32485,17785,6633,81,48,
32489,17764,6627,90,54,
32494,17771,6635,96,47,
32495,17770,6619,92,52,
32489,17774,6625,87,50,
32486,17779,6630,88,51,
32474,17780,6632,87,50,
32483,17776,6620,84,46,
32480,17764,6636,87,47,
32471,17771,6639,91,51,
32472,17766,6635,96,38,
32476,17768,6639,80,39,
32483,17768,6629,89,45,
32490,17783,6622,94,45,
32503,17770,6637,92,51,
32515,17779,6630,96,48,
32521,17774,6607,90,52,
32539,17780,6617,83,36,
32524,17777,6616,82,51,
32529,17776,6617,86,41,
32520,17783,6623,97,53,
32519,17787,6616,88,43,
32515,17779,6620,90,53,
32522,17782,6617,94,51,
32532,17776,6624,91,43,
32545,17787,6607,90,48,
32549,17786,6607,78,46,
32567,17778,6597,88,47,
32572,17790,6600,92,46,
32567,17795,6613,86,43,
32564,17794,6603,85,52,
32558,17787,6608,89,50,
32560,17782,6623,83,48,
32540,17792,6622,83,48,
32548,17793,6625,80,46,
32544,17791,6632,85,57,
32554,17788,6626,87,53,
32557,17785,6627,81,50,
32566,17799,6620,90,43,
32588,17799,6610,89,59,
32601,17803,6608,81,49,
32604,17810,6608,83,49,
32615,17807,6590,86,44,
32622,17808,6585,80,45,
32626,17816,6585,91,53,
32619,17806,6575,93,47,
32622,17815,6583,88,44,
32619,17809,6569,81,43,
32622,17812,6578,86,51,
32623,17808,6583,91,46,
32627,17820,6579,86,40,
32620,17808,6580,75,51,
32614,17793,6585,82,52,
32624,17819,6574,81,45,
32620,17825,6580,78,50,
32628,17813,6585,89,44,
32623,17807,6572,82,43,
32627,17810,6576,86,41,
32628,17822,6580,84,52,
32624,17812,6572,85,54,
32623,17807,6573,87,53,
32625,17801,6572,89,42,
32618,17805,6574,81,56,
32616,17808,6583,90,42,
32611,17802,6569,87,46,
32619,17797,6589,84,40,
32607,17800,6569,74,48,
32612,17806,6577,94,51,
32616,17791,6570,88,56,
32614,17800,6578,96,57,
32621,17814,6569,83,38,
32627,17810,6574,83,46,
32626,17808,6563,86,41,
32632,17794,6568,79,45,
32631,17805,6561,94,40,
32635,17802,6561,89,48,
32631,17810,6548,77,44,
32633,17810,6575,89,45,
32627,17812,6559,84,47,
32629,17806,6561,87,40,
32628,17809,6556,84,57,
32629,17801,6568,81,37,
32619,17805,6573,90,41,
32618,17802,6572,86,48,
32620,17811,6563,97,49,
32625,17811,6565,75,45,
32632,17810,6578,83,41,
32624,17801,6561,80,42,
32633,17808,6571,78,44,
32628,17808,6569,98,45,
32632,17817,6555,94,45,
32637,17811,6555,80,58,
32637,17810,6559,88,46,
32639,17816,6558,88,48,
32635,17808,6551,87,47,
32633,17801,6547,91,52,
32632,17803,6549,90,49,
32629,17812,6554,90,44,
32627,17805,6556,90,48,
32622,17802,6561,88,57,
32610,17798,6569,82,46,
32594,17800,6587,78,48,
32581,17788,6587,88,46,
32555,17784,6593,83,46,
32543,17774,6597,83,45,
32527,17784,6596,83,47,
32526,17778,6596,100,54,
32532,17771,6603,81,50,
32551,17781,6596,83,42,
32560,17790,6602,83,52,
32575,17788,6587,81,53,
32601,17794,6577,87,50,
32610,17801,6573,86,49,
32614,17787,6569,85,46,
32613,17786,6570,90,51,
32609,17798,6571,75,45,
32604,17784,6574,84,53,
32593,17783,6574,89,59,
32576,17778,6585,84,51,
32549,17785,6591,84,44,
32541,17772,6592,88,47,
32541,17774,6582,76,45,
32528,17775,6592,84,43,
32522,17779,6587,85,54,
32535,17780,6593,85,48,
32554,17788,6578,80,50,
32565,17781,6579,87,49,
32570,17772,6572,87,51,
32575,17779,6576,93,48,
32566,17787,6584,89,48,
32540,17781,6592,89,53,
32503,17777,6598,90,52,
32463,17757,6612,82,46,
32436,17758,6630,84,49,
32405,17740,6638,86,50,
32382,17739,6634,93,42,
32380,17743,6632,93,40,
32379,17742,6631,93,48,
32410,17750,6636,85,48,
32436,17754,6632,86,46,
32447,17752,6622,89,50,
32474,17762,6616,86,55,
32480,17761,6609,95,52,
32480,17760,6606,82,53,
32485,17769,6612,84,44,
32481,17757,6607,84,44,
32474,17762,6601,94,49,
32472,17754,6604,90,51,
32476,17753,6615,85,43,
32478,17757,6602,95,45,
32482,17751,6613,94,59,
32495,17762,6608,85,46,
32523,17758,6588,83,59,
32541,17766,6589,88,43,
32578,17782,6593,89,52,
32598,17778,6574,86,44,
32611,17797,6561,85,51,
32622,17796,6565,81,48,
32627,17805,6539,81,56,
32635,17793,6543,83,54,
32635,17801,6547,86,44,
32635,17808,6536,99,44,
32634,17792,6555,89,43,
32634,17797,6541,97,43,
32634,17805,6546,90,62,
32631,17790,6537,90,49,
32639,17800,6534,79,45,
32626,17798,6542,81,51,
32631,17791,6543,84,42,
32627,17787,6546,89,48,
32634,17802,6541,85,46,
32627,17798,6556,83,52,
32625,17801,6567,85,43,
32627,17797,6559,81,52,
32624,17801,6576,79,49,
32616,17799,6573,80,41,
32611,17793,6582,86,54,
32606,17796,6580,83,58,
32583,17791,6590,85,42,
32572,17783,6598,93,42,
32560,17771,6585,89,55,
32547,17776,6599,86,49,
32538,17766,6594,82,47,
32533,17779,6587,86,42,
32527,17773,6601,84,51,
32536,17775,6598,84,46,
32551,17773,6588,77,47,
32553,17770,6588,80,47,
32559,17769,6588,86,41,
32554,17775,6591,84,49,
32553,17764,6579,82,54,
32551,17775,6584,76,38,
32543,17770,6593,91,39,
32531,17759,6579,89,46,
32532,17763,6598,90,51,
32509,17760,6596,89,49,
32499,17766,6603,86,43,
32497,17763,6604,89,54,
32479,17758,6602,91,46,
32488,17753,6595,83,41,
32489,17761,6602,90,47,
32492,17768,6591,91,43,
32492,17761,6603,91,50,
32486,17774,6610,86,44,
32489,17762,6616,93,59,
32470,17752,6616,89,54,
32458,17763,6613,90,43,
32448,17750,6616,91,49,
32444,17747,6619,80,46,
32435,17754,6625,81,49,
32449,17752,6621,88,49,
32449,17759,6625,84,45,
32467,17750,6604,83,44,
32489,17758,6615,81,55,
32492,17760,6598,88,50,
32518,17759,6600,89,48,
32517,17760,6596,83,49,
32512,17758,6589,85,43,
32511,17763,6591,85,48,
32515,17765,6608,79,45,
32503,17759,6588,82,45,
32499,17764,6590,75,53,
32507,17744,6588,89,36,
32497,17754,6596,85,45,
32513,17752,6590,81,39,
32526,17763,6589,86,43,
32534,17770,6591,95,47,
32558,17766,6577,79,43,
32571,17769,6579,79,40,
32584,17779,6575,87,43,
32593,17776,6567,83,49,
32598,17782,6575,87,48,
32585,17783,6571,88,48,
32584,17776,6578,77,49,
32568,17767,6575,97,44,
32548,17759,6572,91,43,
32529,17762,6592,82,42,
32513,17757,6577,87,53,
32504,17757,6585,87,48,
32477,17741,6588,87,51,
32463,17737,6594,96,49,
32441,17750,6598,94,51,
32415,17738,6608,85,45,
32394,17720,6627,93,45,
32366,17734,6628,80,40,
32312,17719,6626,82,39,
32285,17708,6654,97,42,
32241,17699,6659,92,44,
32197,17694,6669,81,50,
32155,17699,6675,85,45,
32108,17684,6691,89,43,
32077,17682,6698,85,43,
32056,17669,6692,82,46,
32047,17674,6698,86,48,
32048,17671,6699,88,46,
32047,17668,6699,82,46,
32056,17660,6688,88,34,
32067,17678,6694,95,50,
32084,17670,6694,82,43,
32112,17669,6693,92,50,
32130,17665,6694,86,51,
32145,17686,6679,94,37,
32165,17688,6684,85,37,
32162,17688,6675,91,41,
32177,17681,6671,87,44,
32173,17689,6677,91,35,
32167,17680,6684,83,46,
32186,17684,6680,85,47,
32192,17695,6680,91,43,
32222,17700,6670,93,50,
32274,17711,6664,85,42,
32318,17722,6657,91,48,
32361,17731,6651,95,51,
32397,17730,6640,85,49,
32407,17726,6647,80,49,
32392,17742,6645,87,52,
32384,17720,6641,87,52,
32379,17725,6649,92,56,
32370,17725,6652,87,40,
32352,17721,6656,85,45,
32356,17728,6657,84,45,
32363,17726,6657,96,54,
32377,17727,6652,88,47,
32389,17723,6645,89,44,
32406,17723,6647,81,48,
32402,17720,6648,92,54,
32397,17718,6646,91,45,
32372,17717,6665,83,42,
32338,17716,6649,85,46,
32294,17706,6655,98,56,
32252,17689,6665,83,56,
32218,17688,6680,76,41,
32177,17676,6684,93,53,
32140,17676,6691,80,52,
32112,17677,6701,94,52,
32089,17662,6710,85,42,
32075,17660,6714,86,51,
32054,17669,6715,78,50,
32046,17668,6720,84,53,
32027,17654,6719,83,51,
31981,17655,6728,96,37,
31931,17648,6733,83,43,
31897,17629,6746,87,46,
31834,17632,6757,81,50,
31806,17615,6768,86,50,
31757,17609,6779,84,50,
31733,17592,6786,86,56,
31743,17603,6777,89,53,
31746,17605,6784,86,51,
31772,17612,6789,87,51,
31777,17621,6795,79,44,
31791,17622,6792,90,43,
31788,17627,6796,87,59,
31766,17614,6800,84,40,
31750,17609,6793,87,42,
31733,17615,6817,93,42,
31707,17598,6805,84,42,
31706,17605,6825,79,43,
31712,17608,6812,99,38,
31733,17597,6804,92,49,
31751,17613,6800,94,48,
31780,17615,6797,88,41,
31809,17611,6796,97,42,
31839,17613,6779,89,54,
31854,17625,6781,91,46,
31873,17625,6775,95,39,
31880,17639,6768,84,46,
31889,17628,6771,73,44,
