32766,5285,1337,81,90,
32766,5292,1358,71,79,
32766,5253,1348,64,98,
32766,5247,1353,78,110,
32766,5262,1347,86,93,
32766,5248,1349,71,72,
32766,5252,1333,53,88,
32766,5265,1324,50,113,
32766,5226,1346,76,75,
32766,5231,1342,74,92,
32766,5252,1303,60,60,
32766,5228,1349,115,89,
32766,5197,1311,74,88,
32766,5234,1350,74,97,
32766,5222,1327,95,104,
32766,5207,1325,81,80,
32766,5221,1325,75,87,
32766,5223,1337,71,65,
32766,5225,1327,67,85,
32766,5215,1347,92,76,
32766,5212,1356,80,96,
32766,5247,1327,88,90,
32766,5247,1321,35,145,
32766,5244,1339,90,84,
32766,5242,1346,91,87,
32766,5235,1322,51,103,
32766,5236,1356,70,140,
32766,5220,1337,80,87,
32766,5213,1327,88,90,
32766,5232,1350,85,98,
32766,5224,1341,76,72,
32766,5243,1338,87,86,
32766,5245,1338,78,88,
32766,5250,1334,104,95,
32766,5241,1326,69,83,
32766,5230,1334,98,85,
32766,5267,1326,84,100,
32766,5254,1331,88,77,
32766,5240,1348,72,125,
32766,5264,1337,62,106,
32766,5243,1330,43,65,
32766,5246,1345,106,70,
32766,5259,1345,68,92,
32766,5254,1344,76,89,
32766,5250,1347,79,90,
32766,5267,1345,79,92,
32766,5264,1328,88,76,
32766,5258,1339,74,92,
32766,5273,1354,82,88,
32766,5271,1339,58,104,
32766,5274,1346,99,101,
32766,5297,1342,88,114,
32766,5270,1362,72,74,
32766,5327,1335,87,89,
32766,5300,1355,59,83,
32766,5305,1355,61,113,
32766,5295,1340,87,69,
32766,5342,1341,40,58,
32766,5329,1346,88,92,
32766,5340,1358,74,89,
32766,5334,1334,73,71,
32766,5329,1360,63,76,
32766,5339,1340,78,95,
32766,5336,1350,63,89,
32766,5325,1352,73,105,
32766,5329,1351,68,96,
32766,5327,1371,64,84,
32766,5292,1343,113,93,
32766,5331,1332,86,85,
32766,5318,1347,76,76,
32766,5305,1335,84,111,
32766,5283,1352,129,94,
32766,5276,1322,63,110,
32766,5289,1336,73,77,
32766,5264,1333,67,95,
32766,5285,1339,67,103,
32766,5277,1343,94,97,
32766,5270,1339,58,81,
32766,5254,1349,68,96,
32766,5237,1340,60,92,
32766,5233,1340,100,71,
32766,5206,1316,88,90,
32766,5235,1331,73,58,
32766,5215,1350,87,100,
32766,5216,1342,81,125,
32766,5188,1333,59,77,
32766,5199,1317,76,81,
32766,5180,1361,92,113,
32766,5182,1328,87,98,
32766,5166,1333,69,79,
32766,5161,1302,76,85,
32766,5164,1326,64,90,
32766,5162,1326,60,96,
32766,5149,1317,84,85,
32766,5151,1334,79,83,
32766,5161,1325,70,99,
32766,5180,1323,64,86,
32766,5183,1304,68,79,
32766,5179,1306,88,87,
32766,5184,1322,69,97,
32766,5195,1326,85,108,
32766,5160,1347,55,62,
32766,5189,1366,74,84,
32766,5194,1321,71,81,
32766,5174,1340,86,83,
32766,5198,1346,67,106,
32766,5198,1333,80,90,
32766,5193,1316,74,107,
32766,5207,1337,60,102,
32766,5201,1334,79,85,
32766,5205,1327,88,92,
32766,5211,1320,90,66,
32766,5218,1332,84,120,
32766,5197,1345,106,85,
32766,5214,1303,73,94,
32766,5195,1342,85,64,
32766,5189,1331,73,100,
32766,5190,1334,46,71,
32766,5232,1329,64,95,
32766,5234,1332,78,88,
32766,5221,1333,68,86,
32766,5221,1342,76,83,
32766,5215,1334,70,80,
32766,5217,1347,78,84,
32766,5226,1330,115,90,
32766,5199,1335,94,115,
32766,5225,1345,91,74,
32766,5203,1343,76,98,
32766,5224,1334,94,83,
32766,5232,1329,91,72,
32766,5233,1327,91,90,
32766,5237,1366,77,132,
32766,5247,1334,96,67,
32766,5235,1354,97,98,
32766,5255,1342,71,80,
32766,5274,1355,54,90,
32766,5283,1349,62,81,
32766,5305,1342,84,95,
32766,5293,1356,63,87,
32766,5311,1350,80,116,
32766,5336,1346,82,89,
32766,5306,1314,88,66,
32766,5296,1359,72,84,
32766,5301,1386,58,71,
32766,5312,1348,92,75,
32766,5298,1351,92,80,
32766,5300,1317,62,49,
32766,5295,1350,96,54,
32766,5301,1356,89,98,
32766,5267,1334,64,83,
32766,5270,1345,83,98,
32766,5271,1339,80,87,
32766,5258,1349,73,96,
32766,5279,1336,89,72,
32766,5270,1346,82,89,
32766,5266,1345,59,94,
32766,5263,1341,70,88,
32766,5278,1337,53,87,
32766,5272,1339,81,111,
32766,5243,1381,69,81,
32766,5253,1364,108,73,
32766,5262,1304,15,89,
32766,5247,1360,88,93,
32766,5263,1351,98,110,
32766,5268,1345,90,89,
32766,5276,1353,85,86,
32766,5306,1341,96,69,
32766,5330,1350,88,93,
32766,5383,1348,77,95,
32766,5420,1358,65,89,
32766,5462,1370,94,88,
32766,5510,1373,82,64,
32766,5368,1375,35,84,
32766,5384,1380,85,109,
32766,5415,1371,86,43,
32766,5390,1372,88,77,
32766,5374,1338,78,94,
32766,5348,1367,106,76,
32766,5383,1377,85,68,
32766,5372,1353,66,87,
32766,5366,1348,68,104,
32766,5355,1360,66,107,
32766,5334,1367,72,99,
32766,5298,1364,72,92,
32766,5286,1354,86,86,
32766,5273,1350,71,100,
32766,5257,1330,110,108,
32766,5267,1333,71,77,
32766,5232,1334,48,128,
32766,5229,1345,83,90,
32766,5251,1336,96,78,
32766,5232,1364,53,94,
32766,5247,1352,83,104,
32766,5256,1345,87,71,
32766,5244,1343,76,77,
32766,5274,1346,66,85,
32766,5285,1348,66,102,
32766,5303,1343,58,101,
32766,5317,1360,56,85,
32766,5318,1356,65,92,
32766,5346,1356,84,72,
32766,5336,1336,77,100,
32766,5351,1357,69,94,
32766,5361,1369,74,115,
32766,5367,1349,90,83,
32766,5389,1350,73,67,
32766,5382,1366,150,94,
32766,5342,1348,78,92,
32766,5412,1330,80,52,
32766,5397,1353,93,80,
32766,5378,1351,83,79,
32766,5379,1376,85,108,
32766,5386,1371,73,91,
32766,5421,1366,81,80,
32766,5442,1373,83,83,
32766,5462,1362,96,87,
32766,5482,1384,73,96,
32766,5498,1380,65,66,
32766,5534,1351,78,90,
32766,5485,1390,73,120,
32766,5534,1398,72,73,
32766,5551,1382,90,75,
32766,5532,1354,50,70,
32766,5501,1399,58,116,
32766,5534,1368,74,76,
32766,5511,1383,83,90,
32766,5505,1358,82,112,
32766,5518,1382,66,64,
32766,5482,1391,50,88,
32766,5483,1381,74,101,
32766,5481,1365,80,105,
32766,5476,1364,94,93,
32766,5428,1375,73,99,
32766,5443,1352,112,76,
32766,5431,1366,97,106,
32766,5407,1356,74,66,
32766,5394,1382,51,102,
32766,5393,1368,61,86,
32766,5395,1373,60,112,
32766,5375,1371,90,68,
32766,5397,1354,85,73,
32766,5397,1360,105,69,
32766,5385,1368,55,108,
32766,5388,1364,56,94,
32766,5387,1368,61,78,
32766,5370,1368,79,76,
32766,5380,1353,70,89,
32766,5377,1360,113,94,
32766,5353,1371,88,77,
32766,5370,1367,70,88,
32766,5360,1348,56,59,
32766,5352,1348,76,95,
32766,5338,1367,89,65,
32766,5331,1359,110,51,
32766,5332,1345,38,102,
32766,5324,1346,71,80,
32766,5333,1342,81,103,
32766,5349,1352,69,97,
32766,5340,1348,59,84,
32766,5347,1349,78,82,
32766,5352,1356,72,102,
32766,5368,1350,76,81,
32766,5367,1346,103,84,
32766,5345,1363,85,67,
32766,5340,1371,46,78,
32766,5364,1354,85,70,
32766,5356,1346,69,87,
32766,5337,1384,85,104,
32766,5306,1352,83,47,
32766,5347,1344,72,91,
32766,5323,1351,50,98,
32766,5346,1350,72,82,
32766,5336,1346,79,97,
32766,5302,1343,72,110,
32766,5298,1369,68,97,
32766,5307,1346,95,100,
32766,5301,1345,74,85,
32766,5311,1340,63,104,
32766,5325,1338,76,92,
32766,5352,1348,81,121,
32766,5312,1360,100,76,
32766,5356,1361,55,80,
32766,5385,1348,100,130,
32766,5422,1359,59,106,
32766,5471,1350,88,109,
32766,5534,1379,66,99,
32766,5605,1380,63,97,
32766,5686,1397,52,93,
32766,5759,1394,76,94,
32766,5798,1412,59,82,
32766,5824,1436,64,71,
32766,5838,1428,76,99,
32766,5839,1407,75,110,
32766,5804,1451,64,63,
32766,5787,1403,94,90,
32766,5727,1410,87,61,
32766,5707,1411,90,109,
32766,5665,1387,65,129,
32766,5606,1388,112,77,
32766,5589,1394,73,81,
32766,5546,1384,91,79,
32766,5535,1384,71,94,
32766,5498,1379,68,87,
32766,5477,1367,78,96,
32766,5467,1383,80,94,
32766,5459,1362,80,84,
32766,5459,1350,89,78,
32766,5440,1362,72,73,
32766,5441,1351,51,101,
32766,5445,1386,46,110,
32766,5434,1375,61,101,
32766,5466,1353,74,70,
32766,5494,1383,77,87,
32766,5511,1360,101,71,
32766,5527,1357,73,69,
32766,5518,1381,73,82,
32766,5496,1363,65,112,
32766,5481,1356,101,85,
32766,5503,1364,71,93,
32766,5463,1360,58,113,
32766,5457,1369,86,88,
32766,5440,1360,83,67,
32766,5426,1357,87,84,
32766,5395,1388,32,108,
32766,5428,1345,119,75,
32766,5407,1369,126,78,
32766,5412,1356,77,87,
32766,5368,1371,114,101,
32766,5377,1338,103,75,
32766,5379,1345,119,71,
32766,5384,1359,86,89,
32766,5388,1343,78,95,
32766,5369,1346,72,100,
32766,5352,1366,87,67,
32766,5360,1342,72,71,
32766,5314,1336,62,108,
32766,5331,1338,70,101,
32766,5296,1357,61,115,
32766,5310,1375,48,107,
32766,5315,1382,53,58,
32766,5279,1365,81,104,
32766,5306,1325,80,129,
32766,5291,1343,29,73,
32766,5264,1363,99,71,
32766,5279,1369,52,102,
32766,5271,1359,88,81,
32766,5255,1345,73,109,
32766,5240,1346,50,90,
32766,5257,1341,79,71,
32766,5245,1356,89,91,
32766,5255,1336,56,65,
32766,5259,1355,82,96,
32766,5252,1345,71,79,
32766,5258,1333,100,53,
32766,5272,1315,112,66,
32766,5263,1328,74,81,
32766,5236,1337,88,37,
32766,5262,1330,59,110,
32766,5250,1308,51,89,
32766,5260,1349,106,79,
32766,5256,1343,75,75,
32766,5234,1347,60,80,
32766,5258,1328,54,77,
32766,5227,1346,65,92,
32766,5196,1334,57,101,
32766,5200,1347,86,78,
32766,5209,1337,83,82,
32766,5199,1328,88,93,
32766,5215,1337,80,78,
32766,5175,1358,40,75,
32766,5184,1354,99,82,
32766,5189,1337,97,92,
32766,5197,1332,54,86,
32766,5184,1364,62,40,
32766,5181,1371,37,109,
32766,5185,1345,62,125,
32766,5199,1340,96,98,
32766,5189,1345,67,81,
32766,5194,1341,91,63,
32766,5182,1355,102,87,
32766,5166,1356,62,110,
32766,5181,1361,49,99,
32766,5171,1340,93,83,
32766,5143,1340,118,59,
32766,5171,1346,89,92,
32766,5153,1370,91,86,
32766,5131,1367,93,94,
32766,5139,1353,72,85,
32766,5131,1370,82,93,
32766,5134,1368,117,54,
32766,5163,1350,57,100,
32766,5149,1341,87,85,
32766,5157,1334,45,110,
32766,5140,1364,96,76,
32766,5149,1351,78,78,
32766,5156,1352,59,85,
32766,5132,1354,76,82,
32766,5164,1358,73,89,
32766,5141,1356,75,103,
32766,5186,1364,123,61,
32766,5174,1344,85,79,
32766,5194,1332,66,107,
32766,5170,1366,64,89,
32766,5156,1362,100,61,
32766,5186,1339,78,75,
32766,5214,1328,83,60,
32766,5216,1360,55,81,
32766,5210,1356,95,80,
32766,5230,1365,91,79,
32766,5221,1371,56,88,
32766,5245,1379,61,110,
32766,5246,1364,88,80,
32766,5238,1372,77,85,
32766,5240,1357,81,94,
32766,5229,1368,103,113,
32766,5264,1362,61,68,
32766,5264,1357,52,93,
32766,5266,1362,49,93,
32766,5227,1367,57,95,
32766,5269,1363,25,138,
32766,5268,1377,90,119,
32766,5267,1364,70,101,
32766,5251,1364,47,94,
32766,5283,1371,79,86,
32766,5269,1363,46,91,
32766,5275,1368,96,86,
32766,5269,1377,79,71,
32766,5286,1377,92,68,
32766,5283,1381,75,55,
32766,5315,1371,74,49,
32766,5277,1365,54,126,
32766,5293,1386,93,76,
32766,5286,1363,72,95,
32766,5281,1331,73,48,
32766,5254,1384,88,84,
32766,5274,1357,84,100,
32766,5280,1351,87,88,
32766,5275,1350,82,88,
32766,5256,1370,74,74,
32766,5211,1352,75,107,
32766,5222,1355,70,92,
32766,5217,1352,76,84,
32766,5207,1357,62,91,
32766,5196,1353,72,109,
32766,5212,1360,77,82,
32766,5185,1352,56,111,
32766,5205,1372,114,92,
32766,5227,1347,48,75,
32766,5247,1360,49,94,
32766,5226,1373,52,93,
32766,5251,1352,55,82,
32766,5251,1361,70,94,
32766,5246,1354,67,99,
32766,5244,1355,54,88,
32766,5267,1365,53,80,
32766,5256,1360,86,63,
32766,5262,1349,79,83,
32766,5254,1343,70,94,
32766,5265,1348,91,64,
32766,5234,1391,100,38,
32766,5250,1358,94,68,
32766,5219,1361,84,102,
32766,5247,1353,100,69,
32766,5260,1352,41,118,
32766,5274,1379,73,103,
32766,5278,1339,48,92,
32766,5274,1371,99,118,
32766,5297,1366,93,62,
32766,5305,1376,83,82,
32766,5312,1371,70,87,
32766,5326,1369,69,84,
32766,5322,1375,62,68,
32766,5312,1352,65,82,
32766,5312,1369,77,89,
32766,5304,1344,60,78,
32766,5304,1356,54,110,
32766,5307,1339,71,50,
32766,5296,1385,64,99,
32766,5307,1368,54,95,
32766,5320,1343,63,80,
32766,5309,1353,79,64,
32766,5311,1380,48,97,
32766,5316,1360,72,79,
32766,5332,1353,55,86,
32766,5309,1373,64,98,
32766,5329,1354,100,77,
32766,5304,1357,62,86,
32766,5305,1358,72,52,
32766,5307,1406,79,76,
32766,5312,1378,34,69,
32766,5313,1357,48,88,
32766,5309,1350,70,99,
32766,5301,1365,98,68,
32766,5298,1362,81,97,
32766,5345,1388,64,135,
32766,5296,1361,89,107,
32766,5344,1369,99,79,
32766,5306,1373,73,69,
32766,5323,1374,75,71,
32766,5306,1362,81,81,
32766,5301,1361,61,72,
32766,5307,1367,75,81,
32766,5303,1366,79,85,
32766,5298,1345,61,67,
32766,5302,1361,105,85,
32766,5294,1358,79,66,
32766,5264,1379,89,63,
32766,5307,1359,37,49,
32766,5295,1347,60,80,
32766,5289,1384,122,98,
32766,5287,1369,113,62,
32766,5291,1356,55,88,
32766,5287,1352,70,94,
32766,5295,1353,95,81,
32766,5276,1364,79,80,
32766,5284,1362,99,96,
32766,5293,1338,89,98,
32766,5269,1390,76,69,
32766,5295,1362,73,76,
32766,5304,1349,78,92,
32766,5282,1364,117,46,
32766,5308,1373,67,46,
32766,5296,1371,93,68,
32766,5299,1356,67,93,
32766,5270,1368,79,124,
32766,5290,1367,78,84,
32766,5278,1370,82,73,
32766,5287,1365,73,79,
32766,5284,1369,62,91,
32766,5269,1348,77,57,
32766,5293,1362,77,84,
32766,5276,1364,72,85,
32766,5270,1374,86,105,
32766,5269,1375,82,72,
32766,5267,1372,71,82,
32766,5273,1365,76,78,
32766,5282,1378,67,73,
32766,5266,1371,83,93,
32766,5292,1350,67,75,
32766,5281,1362,81,87,
32766,5300,1334,68,76,
32766,5300,1321,62,80,
32766,5279,1363,74,74,
32766,5275,1357,81,86,
32766,5292,1372,77,85,
32766,5285,1373,75,67,
32766,5296,1356,81,98,
32766,5287,1357,57,80,
32766,5300,1366,64,72,
32766,5307,1374,73,90,
32766,5301,1375,78,68,
32766,5285,1383,69,95,
32766,5300,1373,27,104,
32766,5313,1348,56,99,
32766,5306,1385,90,71,
32766,5284,1364,48,103,
32766,5294,1360,68,108,
32766,5272,1377,79,89,
32766,5269,1350,74,83,
32766,5269,1367,93,76,
32766,5271,1357,64,82,
32766,5270,1364,68,70,
32766,5262,1359,62,77,
32766,5272,1351,65,55,
32766,5288,1345,72,96,
32766,5206,1375,68,60,
32766,5251,1347,117,61,
32766,5233,1336,69,86,
32766,5245,1360,68,92,
32766,5246,1351,69,87,
32766,5248,1327,14,102,
32766,5222,1379,79,65,
32766,5247,1373,54,93,
32766,5241,1348,68,73,
32766,5255,1348,73,77,
32766,5253,1366,45,73,
32766,5268,1365,85,85,
32766,5274,1351,65,93,
32766,5280,1350,86,81,
32766,5275,1358,76,74,
32766,5287,1352,74,108,
32766,5278,1362,97,73,
32766,5294,1367,84,93,
32766,5311,1359,78,58,
32766,5283,1368,54,90,
32766,5319,1380,85,115,
32766,5294,1372,62,97,
32766,5292,1369,78,79,
32766,5283,1364,83,82,
32766,5291,1349,88,71,
32766,5259,1354,85,103,
32766,5264,1356,77,107,
32766,5283,1357,65,80,
32766,5281,1363,67,68,
32766,5286,1353,60,64,
32766,5259,1391,74,95,
32766,5280,1367,78,67,
32766,5245,1387,61,92,
32766,5290,1353,71,88,
32766,5275,1388,117,44,
32766,5286,1353,41,100,
32766,5286,1363,35,134,
32766,5302,1356,65,91,
32766,5279,1369,77,74,
32766,5283,1379,73,91,
32766,5301,1348,98,64,
32766,5277,1382,65,54,
32766,5301,1354,83,99,
32766,5306,1367,58,109,
32766,5308,1358,69,81,
32766,5318,1365,100,79,
32766,5299,1362,83,77,
32766,5315,1361,97,79,
32766,5308,1368,42,94,
32766,5310,1359,85,78,
32766,5290,1381,108,88,
32766,5282,1368,30,70,
32766,5317,1353,61,111,
32766,5319,1364,73,69,
32766,5320,1369,76,89,
32766,5309,1370,66,80,
32766,5311,1361,72,90,
32766,5304,1367,62,76,
32766,5311,1367,83,95,
32766,5305,1359,68,99,
32766,5314,1359,70,100,
32766,5305,1369,69,96,
32766,5316,1373,38,102,
32766,5320,1352,108,59,
32766,5338,1351,76,96,
32766,5332,1384,67,100,
32766,5358,1355,55,85,
32766,5356,1352,66,104,
32766,5356,1382,52,60,
32766,5366,1355,73,87,
32766,5365,1375,52,75,
32766,5351,1372,70,84,
32766,5365,1372,49,100,
32766,5389,1360,71,66,
32766,5388,1378,58,87,
32766,5409,1383,78,99,
32766,5390,1399,78,61,
32766,5389,1385,72,48,
32766,5413,1366,87,100,
32766,5415,1355,56,85,
32766,5436,1369,54,92,
32766,5395,1400,67,90,
32766,5408,1381,79,48,
32766,5417,1371,74,85,
32766,5414,1380,87,101,
32766,5413,1383,105,56,
32766,5413,1375,64,84,
32766,5436,1373,62,85,
32766,5432,1376,66,101,
32766,5453,1371,98,96,
32766,5459,1386,59,46,
32766,5453,1385,102,100,
32766,5438,1383,53,112,
32766,5480,1382,57,61,
32766,5473,1393,89,76,
32766,5488,1390,62,91,
32766,5507,1392,74,125,
32766,5529,1409,60,103,
32766,5496,1387,59,95,
32766,5520,1393,79,82,
32766,5534,1391,79,84,
32766,5527,1405,78,98,
32766,5537,1385,71,77,
32766,5557,1390,99,80,
32766,5552,1390,57,84,
32766,5554,1405,72,79,
32766,5564,1407,83,87,
32766,5562,1375,86,82,
32766,5574,1417,53,100,
32766,5583,1392,81,84,
32766,5608,1380,76,92,
32766,5586,1449,95,77,
32766,5610,1383,106,85,
32766,5622,1405,65,90,
32766,5605,1410,78,80,
32766,5594,1403,93,75,
32766,5574,1406,62,80,
32766,5594,1416,70,77,
32766,5594,1392,74,75,
32766,5595,1399,68,95,
32766,5576,1415,87,97,
32766,5577,1406,97,47,
32766,5541,1387,86,78,
32766,5536,1369,87,81,
32766,5516,1417,65,76,
32766,5495,1385,106,79,
32766,5478,1364,69,77,
32766,5449,1401,70,91,
32766,5456,1385,50,68,
32766,5437,1386,92,88,
32766,5437,1372,92,80,
32766,5422,1397,42,76,
32766,5424,1378,60,103,
32766,5411,1382,63,83,
32766,5431,1369,89,63,
32766,5400,1367,85,98,
32766,5414,1390,77,116,
32766,5445,1367,116,78,
32766,5416,1374,88,63,
32766,5434,1348,93,61,
32766,5414,1392,71,78,
32766,5372,1385,38,95,
32766,5390,1372,68,104,
32766,5416,1372,59,67,
32766,5411,1365,85,80,
32766,5402,1375,89,99,
32766,5376,1403,71,89,
32766,5375,1377,61,90,
32766,5378,1367,69,87,
32766,5366,1373,59,86,
32766,5391,1378,60,104,
32766,5394,1361,88,77,
32766,5394,1377,69,89,
32766,5399,1361,91,60,
32766,5379,1348,58,83,
32766,5380,1379,64,93,
32766,5351,1397,121,61,
32766,5380,1386,91,99,
32766,5376,1370,76,127,
32766,5366,1360,91,71,
32766,5376,1382,38,87,
32766,5366,1376,89,70,
32766,5354,1382,74,103,
32766,5364,1377,84,86,
32766,5348,1381,70,72,
32766,5370,1370,66,93,
32766,5351,1362,62,73,
32766,5391,1385,79,65,
32766,5312,1406,108,86,
32766,5327,1368,75,90,
32766,5358,1388,117,60,
32766,5343,1373,81,66,
32766,5313,1353,86,5,
32766,5331,1356,49,31,
32766,5351,1363,85,72,
32766,5347,1367,78,76,
32766,5359,1376,65,70,
32766,5362,1386,77,97,
32766,5354,1357,81,76,
32766,5366,1368,56,84,
32766,5362,1362,79,82,
32766,5387,1350,76,78,
32766,5361,1390,71,59,
32766,5360,1346,66,96,
32766,5376,1380,66,59,
32766,5363,1394,39,121,
32766,5385,1387,85,92,
32766,5378,1374,38,99,
32766,5368,1338,44,70,
32766,5348,1366,73,96,
32766,5367,1363,79,91,
32766,5381,1362,75,69,
32766,5373,1380,81,80,
32766,5356,1378,71,67,
32766,5360,1371,81,88,
32766,5371,1377,97,72,
32766,5364,1368,75,69,
32766,5353,1369,84,100,
32766,5381,1373,82,83,
32766,5375,1369,52,109,
32766,5398,1369,77,88,
32766,5384,1378,98,89,
32766,5384,1378,82,117,
32766,5367,1379,71,73,
32766,5345,1360,69,65,
32766,5344,1371,74,68,
32766,5373,1384,80,77,
32766,5356,1362,61,110,
32766,5369,1368,95,80,
32766,5361,1376,79,82,
32766,5370,1357,84,86,
32766,5368,1381,78,61,
32766,5351,1356,69,77,
32766,5354,1381,66,111,
32766,5342,1399,68,100,
32766,5353,1352,100,63,
32766,5359,1378,52,67,
32766,5350,1392,91,77,
32766,5362,1399,81,136,
32766,5372,1338,70,71,
32766,5368,1366,67,84,
32766,5358,1368,78,96,
32766,5368,1370,104,69,
32766,5335,1362,79,96,
32766,5342,1379,54,75,
32766,5349,1358,82,74,
32766,5329,1364,82,84,
32766,5333,1370,57,75,
32766,5323,1358,63,128,
32766,5356,1341,88,53,
32766,5347,1354,104,64,
32766,5355,1347,83,67,
32766,5347,1351,101,72,
32766,5328,1361,76,99,
32766,5315,1356,112,83,
32766,5332,1368,78,102,
32766,5329,1372,75,94,
32766,5333,1351,86,97,
32766,5332,1370,69,67,
32766,5345,1363,75,80,
32766,5345,1363,41,111,
32766,5330,1371,72,92,
32766,5342,1381,76,76,
32766,5341,1370,71,116,
32766,5342,1365,74,64,
32766,5363,1363,59,116,
32766,5373,1366,79,86,
32766,5334,1329,64,61,
32766,5383,1356,39,104,
32766,5328,1367,100,87,
32766,5342,1358,76,105,
32766,5355,1368,67,105,
32766,5358,1364,70,80,
32766,5355,1368,95,87,
32766,5360,1367,70,78,
32766,5352,1383,90,82,
32766,5348,1357,75,84,
32766,5361,1355,73,86,
32766,5339,1351,106,105,
32766,5355,1356,56,132,
32766,5357,1369,35,88,
32766,5340,1351,64,82,
32766,5344,1388,109,99,
32766,5351,1381,92,85,
32766,5355,1368,50,104,
32766,5349,1369,97,78,
32766,5349,1378,85,80,
32766,5356,1344,72,77,
32766,5328,1379,82,90,
32766,5337,1365,72,80,
32766,5322,1361,78,74,
32766,5325,1371,60,106,
32766,5337,1370,92,73,
32766,5349,1337,117,79,
32766,5346,1342,46,66,
32766,5341,1350,90,72,
32766,5335,1380,99,63,
32766,5324,1380,117,99,
32766,5360,1336,32,68,
32766,5312,1374,47,91,
32766,5348,1363,88,81,
32766,5338,1369,69,88,
32766,5341,1359,68,99,
32766,5344,1361,82,83,
32766,5325,1357,72,79,
32766,5340,1366,73,96,
32766,5340,1369,55,76,
32766,5326,1362,76,67,
32766,5337,1366,110,90,
32766,5327,1364,73,69,
32766,5325,1357,69,77,
32766,5303,1365,76,113,
32766,5343,1360,77,81,
32766,5328,1350,26,101,
32766,5301,1409,99,99,
32766,5340,1356,57,75,
32766,5322,1358,74,82,
32766,5340,1373,102,93,
32766,5324,1362,72,105,
32766,5321,1354,62,98,
32766,5330,1372,86,74,
32766,5317,1364,82,77,
32766,5331,1358,65,89,
32766,5333,1378,54,79,
32766,5310,1354,115,92,
32766,5340,1380,74,89,
32766,5320,1372,97,89,
32766,5327,1372,99,64,
32766,5316,1365,115,32,
32766,5340,1349,100,106,
32766,5310,1346,81,92,
32766,5334,1363,87,107,
32766,5314,1362,93,93,
32766,5329,1358,58,103,
32766,5325,1384,73,94,
32766,5323,1343,87,80,
32766,5324,1365,73,88,
32766,5339,1340,79,107,
32766,5314,1371,95,80,
32766,5321,1356,87,98,
32766,5311,1386,89,69,
32766,5320,1403,112,56,
32766,5323,1365,66,108,
32766,5316,1373,49,127,
32766,5328,1378,99,102,
32766,5349,1362,84,87,
32766,5345,1376,77,115,
32766,5324,1360,72,105,
32766,5314,1367,94,78,
32766,5333,1359,75,69,
32766,5312,1353,62,91,
32766,5315,1369,100,100,
32766,5325,1380,55,81,
32766,5322,1352,73,81,
32766,5334,1363,75,113,
32766,5302,1331,115,105,
32766,5302,1378,28,86,
32766,5322,1344,66,104,
32766,5314,1347,93,84,
32766,5327,1349,75,73,
32766,5328,1349,49,76,
32766,5321,1358,91,91,
32766,5303,1359,64,85,
32766,5308,1344,60,108,
32766,5304,1348,82,92,
32766,5316,1353,76,66,
32766,5313,1358,66,106,
32766,5300,1357,94,81,
32766,5302,1350,71,78,
32766,5312,1360,80,80,
32766,5309,1358,80,102,
32766,5303,1391,33,123,
32766,5311,1356,105,69,
32766,5320,1371,61,79,
32766,5296,1391,68,91,
32766,5310,1383,94,104,
32766,5293,1361,58,80,
32766,5321,1360,92,87,
32766,5317,1366,84,75,
32766,5332,1365,75,98,
32766,5309,1361,78,86,
32766,5329,1367,94,88,
32766,5311,1351,55,75,
32766,5327,1351,66,77,
32766,5302,1364,96,94,
32766,5312,1371,38,91,
32766,5311,1384,103,116,
32766,5316,1371,94,106,
32766,5296,1354,92,64,
32766,5318,1329,91,47,
32766,5292,1355,65,44,
32766,5295,1353,67,65,
32766,5319,1338,85,81,
32766,5319,1362,56,92,
32766,5308,1375,102,64,
32766,5328,1349,65,83,
32766,5311,1367,78,78,
32766,5313,1363,70,99,
32766,5327,1350,92,77,
32766,5320,1362,68,73,
32766,5316,1356,43,84,
32766,5314,1377,58,96,
32766,5329,1373,44,62,
32766,5315,1341,24,79,
32766,5345,1349,84,84,
32766,5350,1363,34,119,
32766,5341,1375,102,90,
32766,5324,1369,94,79,
32766,5328,1354,62,87,
32766,5312,1376,78,87,
32766,5324,1356,111,67,
32766,5326,1372,89,84,
32766,5324,1354,84,113,
32766,5332,1353,77,82,
32766,5321,1332,70,94,
32766,5326,1340,99,85,
32766,5321,1383,85,64,
32766,5323,1349,51,103,
32766,5305,1347,62,95,
32766,5348,1359,73,94,
32766,5325,1357,63,84,
32766,5322,1344,127,73,
32766,5337,1374,77,74,
32766,5332,1358,75,85,
32766,5315,1361,59,101,
32766,5321,1362,81,86,
32766,5327,1366,76,99,
32766,5326,1362,74,89,
32766,5337,1379,68,92,
32766,5317,1369,55,77,
32766,5348,1378,95,65,
32766,5308,1365,72,95,
32766,5330,1364,62,80,
32766,5319,1382,77,95,
32766,5334,1357,66,70,
32766,5319,1359,93,58,
32766,5312,1379,63,92,
32766,5332,1362,94,67,
32766,5326,1368,79,99,
32766,5331,1354,55,110,
32766,5331,1376,78,83,
32766,5330,1352,87,99,
32766,5320,1360,73,69,
32766,5327,1366,60,105,
32766,5323,1373,87,82,
32766,5333,1373,53,105,
32766,5320,1351,68,127,
32766,5321,1387,66,58,
32766,5318,1364,74,71,
32766,5326,1372,113,81,
32766,5335,1358,65,98,
32766,5342,1348,64,88,
32766,5364,1349,75,107,
32766,5330,1365,66,75,
32766,5325,1354,77,81,
32766,5323,1364,74,88,
32766,5337,1365,62,93,
32766,5332,1359,84,65,
32766,5326,1348,68,83,
32766,5337,1363,71,100,
32766,5325,1365,88,66,
32766,5337,1368,55,106,
32766,5356,1356,93,87,
32766,5348,1371,53,90,
32766,5341,1359,93,84,
32766,5324,1361,84,106,
32766,5329,1340,102,56,
32766,5341,1368,70,62,
32766,5319,1350,62,77,
32766,5329,1352,84,69,
32766,5332,1355,96,79,
32766,5334,1376,87,82,
32766,5321,1360,68,93,
32766,5350,1359,84,87,
32766,5344,1356,94,82,
32766,5334,1377,69,110,
32766,5332,1372,83,77,
32766,5334,1352,71,71,
32766,5323,1362,55,112,
32766,5359,1352,51,106,
32766,5340,1352,79,67,
32766,5374,1388,59,104,
32766,5337,1368,84,98,
32766,5355,1353,82,82,
32766,5339,1360,85,65,
32766,5352,1390,91,81,
32766,5349,1352,46,102,
32766,5358,1368,83,66,
32766,5367,1371,76,86,
32766,5369,1375,90,93,
32766,5373,1360,62,72,
32766,5369,1379,102,61,
32766,5355,1393,19,84,
32766,5348,1369,89,77,
32766,5358,1366,87,82,
32766,5368,1377,81,78,
32766,5340,1393,80,92,
32766,5367,1392,82,95,
32766,5349,1363,76,109,
32766,5368,1364,59,78,
32766,5350,1354,86,89,
32766,5354,1367,64,85,
32766,5361,1359,89,78,
32766,5376,1375,66,105,
32766,5368,1372,58,85,
32766,5367,1375,60,78,
32766,5344,1382,85,75,
32766,5370,1380,80,103,
32766,5357,1398,59,108,
32766,5391,1360,98,35,
32766,5369,1360,130,96,
32766,5400,1356,57,89,
32766,5399,1382,64,67,
32766,5387,1350,88,87,
32766,5386,1385,84,82,
32766,5386,1375,95,70,
32766,5375,1373,74,80,
32766,5368,1371,65,104,
32766,5379,1379,62,89,
32766,5370,1369,70,73,
32766,5380,1358,70,77,
32766,5405,1369,77,78,
32766,5396,1400,60,94,
32766,5381,1374,85,90,
32766,5395,1373,78,99,
32766,5405,1367,66,66,
32766,5366,1366,56,49,
32766,5405,1369,68,95,
32766,5407,1355,94,63,
32766,5398,1368,81,70,
32766,5388,1370,73,99,
32766,5395,1374,76,93,
32766,5395,1386,67,74,
32766,5386,1375,83,105,
32766,5389,1370,94,78,
32766,5394,1378,76,78,
32766,5406,1340,87,69,
32766,5401,1371,105,100,
32766,5409,1385,54,51,
32766,5361,1380,61,103,
32766,5405,1375,91,74,
32766,5419,1352,114,83,
32766,5414,1351,71,72,
32766,5403,1379,122,38,
32766,5407,1362,71,90,
32766,5406,1383,86,80,
32766,5409,1364,61,79,
32766,5386,1366,100,93,
32766,5406,1379,64,84,
32766,5390,1361,66,104,
32766,5409,1361,99,87,
32766,5394,1390,90,88,
32766,5378,1379,67,91,
32766,5387,1368,127,57,
32766,5369,1368,68,68,
32766,5404,1392,73,116,
32766,5385,1385,105,104,
32766,5382,1369,97,42,
32766,5389,1381,89,128,
32766,5385,1373,71,109,
32766,5380,1373,83,84,
32766,5390,1380,87,80,
32766,5373,1367,56,91,
32766,5389,1361,56,93,
32766,5372,1382,83,87,
32766,5385,1359,70,70,
32766,5378,1369,75,84,
32766,5393,1370,63,77,
32766,5360,1368,66,78,
32766,5347,1378,79,99,
32766,5362,1368,78,110,
32766,5383,1375,113,89,
32766,5351,1378,63,85,
32766,5383,1384,97,95,
32766,5350,1365,91,98,
32766,5374,1365,94,90,
32766,5351,1361,72,95,
32766,5367,1362,68,74,
32766,5347,1371,75,95,
32766,5363,1383,82,81,
32766,5366,1361,80,68,
32766,5352,1368,72,112,
32766,5354,1374,97,58,
32766,5357,1358,95,75,
32766,5357,1397,105,77,
32766,5370,1389,72,96,
32766,5374,1374,87,93,
32766,5354,1361,71,84,
32766,5345,1374,102,62,
32766,5362,1378,95,98,
32766,5355,1380,78,74,
32766,5364,1374,80,83,
32766,5366,1367,69,79,
32766,5364,1367,83,88,
32766,5346,1368,76,73,
32766,5361,1371,84,89,
32766,5363,1373,79,108,
32766,5363,1356,73,96,
32766,5363,1389,76,63,
32766,5357,1370,38,103,
32766,5372,1348,48,71,
32766,5349,1357,93,60,
32766,5377,1356,64,103,
32766,5359,1382,21,77,
32766,5380,1350,67,89,
32766,5361,1363,79,74,
32766,5376,1361,68,93,
32766,5372,1364,62,99,
32766,5367,1364,83,116,
32766,5363,1350,79,103,
32766,5376,1381,73,84,
32766,5376,1372,53,106,
32766,5378,1371,90,85,
32766,5366,1392,54,61,
32766,5344,1396,43,88,
32766,5381,1376,116,49,
32766,5389,1376,80,90,
32766,5361,1353,34,110,
32766,5386,1380,62,121,
32766,5375,1369,107,82,
32766,5363,1360,69,80,
32766,5373,1379,63,98,
32766,5375,1364,75,79,
32766,5380,1374,66,112,
32766,5387,1371,83,75,
32766,5369,1362,62,88,
32766,5368,1364,94,83,
32766,5367,1361,74,94,
32766,5372,1374,79,93,
32766,5372,1340,94,108,
32766,5384,1352,91,99,
32766,5374,1363,51,97,
32766,5374,1373,64,67,
32766,5349,1382,84,80,
32766,5393,1386,71,75,
32766,5366,1365,62,76,
32766,5384,1374,68,94,
32766,5364,1361,74,99,
32766,5372,1362,86,75,
32766,5362,1363,83,80,
32766,5367,1367,56,96,
32766,5360,1365,64,97,
32766,5345,1354,97,84,
32766,5346,1354,64,113,
32766,5372,1357,49,99,
32766,5366,1371,87,40,
32766,5357,1359,62,61,
32766,5356,1351,103,74,
32766,5354,1353,0,70,
32766,5356,1380,80,117,
32766,5331,1374,67,93,
32766,5348,1366,74,85,
32766,5339,1371,74,90,
32766,5341,1357,93,84,
32766,5355,1364,71,58,
32766,5353,1379,69,76,
32766,5332,1368,51,87,
32766,5341,1375,69,83,
32766,5336,1381,61,83,
32766,5349,1364,112,67,
32766,5351,1337,68,98,
32766,5335,1356,77,112,
32766,5343,1355,76,74,
32766,5329,1372,62,103,
32766,5343,1388,86,96,
32766,5314,1371,86,117,
32766,5343,1360,80,66,
32766,5346,1359,70,84,
32766,5346,1382,54,61,
32766,5331,1376,80,67,
32766,5328,1363,75,91,
32766,5331,1345,66,76,
32766,5345,1371,88,86,
32766,5364,1365,76,71,
32766,5362,1361,88,94,
32766,5360,1357,74,79,
32766,5330,1364,43,111,
32766,5325,1368,95,81,
32766,5344,1342,73,78,
32766,5353,1391,100,78,
32766,5325,1381,64,95,
32766,5335,1366,72,96,
32766,5343,1360,80,70,
32766,5344,1365,60,82,
32766,5343,1376,54,64,
32766,5342,1354,58,90,
32766,5343,1364,83,70,
32766,5342,1359,48,61,
32766,5361,1352,79,61,
32766,5351,1362,72,85,
32766,5321,1377,95,58,
32766,5339,1379,49,76,
32766,5358,1364,77,85,
32766,5355,1362,95,46,
32766,5344,1348,78,78,
32766,5371,1386,66,91,
32766,5349,1385,67,71,
32766,5352,1363,71,90,
32766,5359,1370,70,71,
32766,5350,1371,54,97,
32766,5346,1379,62,94,
32766,5365,1360,106,78,
32766,5357,1376,80,85,
32766,5339,1387,89,63,
32766,5365,1370,78,89,
32766,5357,1384,108,51,
32766,5379,1378,91,47,
32766,5355,1379,79,109,
32766,5347,1361,38,138,
32766,5372,1370,83,87,
32766,5338,1367,95,56,
32766,5361,1344,52,82,
32766,5356,1374,83,92,
32766,5355,1374,75,89,
32766,5349,1362,65,86,
32766,5376,1371,93,67,
32766,5365,1362,61,91,
32766,5363,1364,70,94,
32766,5347,1380,82,88,
32766,5345,1360,95,68,
32766,5343,1362,55,94,
32766,5344,1378,28,83,
32766,5337,1377,99,90,
32766,5358,1362,86,76,
32766,5366,1377,92,85,
32766,5372,1361,75,89,
32766,5332,1367,77,114,
32766,5335,1359,62,105,
32766,5368,1387,76,77,
32766,5366,1367,67,88,
32766,5369,1387,80,71,
32766,5377,1366,66,77,
32766,5349,1376,74,104,
32766,5374,1365,50,81,
32766,5382,1371,100,77,
32766,5378,1382,60,61,
32766,5364,1369,92,63,
32766,5350,1368,74,89,
32766,5366,1392,107,58,
32766,5395,1344,93,51,
32766,5363,1392,87,66,
32766,5392,1383,65,108,
32766,5372,1376,75,77,
32766,5373,1366,69,101,
32766,5391,1379,101,69,
32766,5381,1370,49,86,
32766,5402,1375,61,100,
32766,5394,1371,69,72,
32766,5385,1362,72,60,
32766,5398,1389,80,75,
32766,5379,1382,60,70,
32766,5410,1358,99,75,
32766,5399,1351,95,66,
32766,5404,1368,79,96,
32766,5424,1380,98,99,
32766,5401,1370,109,73,
32766,5371,1385,80,100,
32766,5401,1365,78,79,
32766,5428,1375,55,91,
32766,5397,1389,68,68,
32766,5401,1389,75,80,
32766,5411,1377,86,76,
32766,5396,1365,87,90,
32766,5414,1380,86,80,
32766,5412,1371,77,73,
32766,5422,1364,115,69,
32766,5426,1335,42,82,
32766,5386,1398,89,69,
32766,5412,1355,63,101,
32766,5412,1374,81,59,
32766,5418,1374,34,95,
32766,5392,1364,111,86,
32766,5394,1375,51,99,
32766,5392,1381,56,80,
32766,5391,1376,69,89,
32766,5393,1373,73,91,
32766,5389,1366,93,87,
32766,5382,1366,81,77,
32766,5396,1383,80,77,
32766,5392,1383,70,101,
32766,5401,1379,111,83,
32766,5386,1387,82,93,
32766,5395,1396,103,44,
32766,5387,1372,98,44,
32766,5410,1359,42,109,
32766,5414,1352,68,54,
32766,5396,1373,76,103,
32766,5383,1365,71,63,
32766,5377,1383,96,68,
32766,5361,1374,88,76,
32766,5387,1357,88,92,
32766,5373,1369,79,103,
32766,5374,1365,61,108,
32766,5378,1362,67,80,
32766,5378,1363,82,95,
32766,5383,1355,59,84,
32766,5360,1383,109,95,
32766,5360,1344,103,64,
32766,5383,1349,83,97,
32766,5382,1367,68,105,
32766,5363,1384,83,91,
32766,5383,1386,40,117,
32766,5390,1343,80,84,
32766,5372,1379,84,100,
32766,5364,1377,71,83,
32766,5372,1374,64,74,
32766,5353,1369,85,77,
32766,5357,1379,77,95,
32766,5374,1376,97,90,
32766,5372,1364,84,92,
32766,5377,1367,70,69,
32766,5360,1361,55,77,
32766,5353,1364,83,110,
32766,5395,1360,87,71,
32766,5381,1351,53,106,
32766,5367,1372,72,82,
32766,5359,1403,52,136,
32766,5354,1373,81,55,
32766,5368,1371,100,95,
32766,5364,1375,100,84,
32766,5362,1376,60,79,
32766,5360,1379,63,93,
32766,5365,1380,56,89,
32766,5355,1371,82,82,
32766,5360,1367,75,79,
32766,5372,1362,77,93,
32766,5361,1368,60,98,
32766,5336,1405,77,123,
32766,5379,1369,77,90,
32766,5378,1372,43,105,
32766,5366,1377,78,96,
32766,5336,1395,84,94,
32766,5375,1341,48,73,
32766,5382,1374,85,94,
32766,5353,1363,87,87,
32766,5354,1372,77,101,
32766,5359,1372,81,90,
32766,5349,1358,67,87,
32766,5360,1351,73,90,
32766,5338,1384,61,93,
32766,5355,1352,65,95,
32766,5363,1389,83,52,
32766,5369,1370,51,76,
32766,5350,1386,89,27,
32766,5366,1357,67,85,
32766,5341,1365,105,40,
32766,5302,1357,38,87,
32766,5369,1389,51,105,
32766,5366,1373,97,77,
32766,5357,1376,79,97,
32766,5363,1371,88,71,
32766,5369,1370,74,85,
32766,5335,1389,73,88,
32766,5346,1367,78,92,
32766,5358,1379,85,99,
32766,5344,1354,99,100,
32766,5346,1366,75,97,
32766,5344,1373,78,75,
32766,5320,1351,12,113,
32766,5329,1369,85,70,
32766,5336,1356,61,73,
32766,5322,1391,84,89,
32766,5320,1354,69,95,
32766,5339,1352,65,84,
32766,5341,1372,93,66,
32766,5344,1369,68,83,
32766,5338,1374,68,94,
32766,5342,1361,74,72,
32766,5367,1365,79,72,
32766,5347,1367,77,88,
32766,5346,1371,83,80,
32766,5335,1375,68,100,
32766,5334,1370,7,115,
32766,5341,1363,96,26,
32766,5327,1387,89,54,
32766,5339,1362,110,75,
32766,5355,1398,79,127,
32766,5342,1371,66,125,
32766,5345,1365,68,110,
32766,5346,1360,60,95,
32766,5338,1376,81,71,
32766,5344,1373,79,87,
32766,5346,1362,67,92,
32766,5339,1370,61,87,
32766,5331,1372,72,85,
32766,5348,1362,97,69,
32766,5350,1351,82,81,
32766,5358,1359,76,76,
32766,5341,1392,46,83,
32766,5353,1373,78,66,
32766,5358,1373,75,95,
32766,5342,1412,121,110,
32766,5325,1388,46,92,
32766,5345,1373,89,81,
32766,5342,1360,67,122,
32766,5355,1365,86,86,
32766,5344,1370,71,88,
32766,5363,1354,67,103,
32766,5347,1353,70,66,
32766,5358,1367,91,87,
32766,5351,1367,63,97,
32766,5356,1374,78,81,
32766,5346,1377,113,59,
32766,5358,1387,39,92,
32766,5347,1396,85,34,
32766,5358,1375,86,105,
32766,5355,1358,44,92,
32766,5369,1382,83,108,
32766,5380,1385,112,61,
32766,5374,1374,53,100,
32766,5383,1375,103,75,
32766,5360,1370,81,76,
32766,5367,1374,72,84,
32766,5345,1376,66,69,
32766,5359,1367,87,76,
32766,5368,1370,64,90,
32766,5378,1371,74,100,
32766,5347,1357,66,105,
32766,5369,1385,63,106,
32766,5334,1399,69,101,
32766,5366,1362,75,114,
32766,5350,1371,79,90,
32766,5359,1378,70,76,
32766,5336,1354,71,58,
32766,5362,1396,82,85,
32766,5365,1357,83,89,
32766,5353,1354,105,64,
32766,5353,1383,74,78,
32766,5370,1377,74,76,
32766,5362,1382,65,70,
32766,5348,1366,57,105,
32766,5357,1383,78,66,
32766,5369,1379,66,80,
32766,5326,1375,79,81,
32766,5339,1368,72,110,
32766,5356,1357,104,46,
32766,5344,1362,72,64,
32766,5357,1356,87,107,
32766,5371,1376,118,83,
32766,5325,1366,84,95,
32766,5358,1378,44,80,
32766,5352,1371,89,86,
32766,5357,1360,71,79,
32766,5347,1365,89,97,
32766,5344,1377,50,90,
32766,5358,1375,84,95,
32766,5333,1380,91,85,
32766,5350,1369,62,71,
32766,5367,1371,87,117,
32766,5337,1413,42,93,
32766,5389,1344,46,117,
32766,5331,1394,62,96,
32766,5350,1381,83,61,
32766,5337,1380,56,114,
32766,5363,1377,95,72,
32766,5360,1372,79,65,
32766,5367,1368,87,100,
32766,5359,1368,104,75,
32766,5365,1367,67,93,
32766,5364,1378,73,98,
32766,5383,1361,71,78,
32766,5374,1366,68,59,
32766,5364,1360,71,79,
32766,5364,1354,73,105,
32766,5371,1360,76,102,
32766,5367,1380,85,83,
32766,5357,1371,76,78,
32766,5356,1361,97,81,
32766,5367,1329,39,34,
32766,5382,1363,92,97,
32766,5354,1373,97,58,
32766,5369,1378,88,88,
32766,5359,1364,82,81,
32766,5380,1363,70,83,
32766,5376,1374,78,75,
32766,5385,1388,65,73,
32766,5375,1373,81,80,
32766,5367,1380,55,68,
32766,5370,1387,99,79,
32766,5415,1370,94,94,
32766,5402,1366,125,47,
32766,5382,1386,59,80,
32766,5407,1374,71,93,
32766,5403,1359,88,69,
32766,5387,1370,41,73,
32766,5386,1391,81,52,
32766,5377,1401,71,78,
32766,5383,1378,56,61,
32766,5395,1382,87,78,
32766,5396,1369,92,91,
32766,5383,1366,80,89,
32766,5390,1365,67,78,
32766,5401,1387,66,85,
32766,5398,1365,73,108,
32766,5405,1376,90,93,
32766,5418,1374,52,121,
32766,5425,1385,61,105,
32766,5402,1357,57,84,
32766,5420,1377,62,86,
32766,5397,1355,56,68,
32766,5386,1392,91,48,
32766,5407,1376,101,88,
32766,5399,1387,61,88,
32766,5405,1389,77,92,
32766,5414,1396,68,78,
32766,5400,1384,105,80,
32766,5405,1373,74,96,
32766,5401,1373,81,88,
32766,5409,1386,77,84,
32766,5413,1376,52,41,
32766,5407,1358,83,78,
32766,5420,1357,97,78,
32766,5383,1375,90,93,
32766,5380,1364,55,85,
32766,5429,1358,109,104,
32766,5409,1397,75,117,
32766,5393,1372,70,68,
32766,5391,1374,83,68,
32766,5386,1373,80,110,
32766,5370,1380,64,74,
32766,5389,1370,76,103,
32766,5396,1369,66,61,
32766,5386,1359,75,98,
32766,5383,1392,89,73,
32766,5397,1368,72,99,
32766,5393,1388,20,91,
32766,5347,1386,78,81,
32766,5375,1392,76,79,
32766,5353,1386,99,89,
32766,5383,1364,94,59,
32766,5376,1395,70,114,
32766,5392,1369,89,106,
32766,5369,1359,58,82,
32766,5365,1367,77,88,
32766,5369,1373,79,103,
32766,5362,1385,93,83,
32766,5362,1383,97,85,
32766,5355,1368,79,89,
32766,5355,1367,68,83,
32766,5353,1383,64,98,
32766,5335,1381,77,88,
32766,5353,1377,104,66,
32766,5366,1383,102,79,
32766,5360,1386,103,93,
32766,5364,1376,92,75,
32766,5366,1382,75,46,
32766,5331,1394,74,82,
32766,5354,1374,65,86,
32766,5357,1366,69,88,
32766,5356,1376,55,78,
32766,5344,1369,65,81,
32766,5356,1359,70,100,
32766,5348,1386,69,82,
32766,5367,1385,60,72,
32766,5358,1367,75,80,
32766,5347,1373,96,87,
32766,5361,1396,69,10,
32766,5357,1380,74,98,
32766,5375,1356,61,90,
32766,5346,1396,76,83,
32766,5354,1355,51,97,
32766,5356,1390,102,98,
32766,5339,1380,69,76,
32766,5354,1376,84,75,
32766,5356,1378,54,76,
32766,5358,1373,94,90,
32766,5370,1352,60,80,
32766,5348,1363,85,75,
32766,5364,1374,92,87,
32766,5354,1378,76,79,
32766,5360,1384,68,69,
32766,5349,1371,95,86,
32766,5383,1361,53,86,
32766,5343,1393,49,86,
32766,5353,1383,63,87,
32766,5342,1381,59,87,
32766,5368,1352,74,71,
32766,5364,1364,78,97,
32766,5361,1382,57,87,
32766,5369,1380,69,74,
32766,5352,1366,97,80,
32766,5361,1349,64,91,
32766,5365,1366,80,74,
32766,5351,1374,87,78,
32766,5355,1359,82,79,
32766,5344,1351,83,99,
32766,5342,1372,52,97,
32766,5357,1383,43,105,
32766,5340,1376,81,88,
32766,5343,1366,50,92,
32766,5354,1371,49,104,
32766,5337,1361,67,57,
32766,5359,1384,69,107,
32766,5335,1386,77,104,
32766,5343,1386,73,73,
32766,5347,1356,82,82,
32766,5336,1367,83,80,
32766,5335,1359,59,99,
32766,5339,1365,71,75,
32766,5363,1385,89,74,
32766,5355,1373,74,90,
32766,5350,1370,73,113,
32766,5348,1372,102,60,
32766,5372,1394,71,75,
32766,5364,1368,74,52,
32766,5366,1382,96,64,
32766,5321,1383,70,92,
32766,5350,1335,102,31,
32766,5354,1370,75,90,
32766,5338,1378,68,91,
32766,5353,1380,85,88,
32766,5362,1372,70,87,
32766,5338,1355,84,75,
32766,5350,1381,59,87,
32766,5355,1363,91,83,
32766,5338,1373,53,87,
32766,5347,1378,82,78,
32766,5355,1366,59,96,
32766,5342,1415,50,108,
32766,5377,1376,57,103,
32766,5367,1375,94,93,
32766,5384,1357,90,81,
32766,5377,1372,82,69,
32766,5364,1397,96,100,
32766,5360,1371,64,94,
32766,5365,1371,84,78,
32766,5348,1386,67,97,
32766,5372,1342,77,99,
32766,5368,1370,84,80,
32766,5343,1385,85,82,
32766,5355,1378,76,87,
32766,5367,1369,56,109,
32766,5375,1365,71,114,
32766,5394,1340,74,79,
32766,5361,1367,82,95,
32766,5372,1384,69,61,
32766,5366,1360,41,105,
32766,5370,1371,96,77,
32766,5347,1386,105,93,
32766,5372,1377,90,95,
32766,5382,1376,76,72,
32766,5367,1364,73,83,
32766,5365,1364,76,93,
32766,5358,1362,69,90,
32766,5372,1369,71,113,
32766,5362,1350,55,85,
32766,5385,1384,36,96,
32766,5360,1384,81,76,
32766,5364,1376,54,103,
32766,5365,1372,59,91,
32766,5367,1389,81,64,
32766,5357,1390,84,78,
32766,5360,1359,93,58,
32766,5403,1343,48,110,
32766,5373,1363,66,89,
32766,5355,1364,61,88,
32766,5377,1370,94,68,
32766,5366,1350,77,98,
32766,5355,1378,88,87,
32766,5360,1375,77,97,
32766,5350,1362,78,88,
32766,5355,1381,70,79,
32766,5356,1396,41,79,
32766,5346,1395,96,46,
32766,5371,1368,52,64,
32766,5334,1391,99,24,
32766,5357,1377,102,57,
32766,5355,1390,105,75,
32766,5346,1366,78,59,
32766,5345,1389,76,67,
32766,5338,1379,75,90,
32766,5336,1379,70,82,
32766,5343,1372,68,89,
32766,5340,1378,55,84,
32766,5342,1359,71,89,
32766,5341,1377,63,91,
32766,5351,1368,64,72,
32766,5370,1365,86,78,
32766,5333,1371,84,93,
32766,5356,1348,107,86,
32766,5342,1378,67,73,
32766,5336,1387,64,102,
32766,5353,1364,113,42,
32766,5365,1401,95,95,
32766,5351,1378,79,116,
32766,5338,1360,90,89,
32766,5359,1367,56,77,
32766,5363,1373,75,89,
32766,5360,1365,91,98,
32766,5362,1361,90,73,
32766,5347,1369,70,79,
32766,5371,1377,93,89,
32766,5372,1357,97,68,
32766,5357,1359,73,111,
32766,5380,1344,52,131,
32766,5336,1366,74,102,
32766,5355,1366,83,74,
32766,5377,1356,69,102,
32766,5348,1394,115,85,
32766,5367,1364,57,80,
32766,5365,1370,101,81,
32766,5373,1364,70,79,
32766,5356,1362,66,88,
32766,5361,1374,91,99,
32766,5356,1366,71,84,
32766,5355,1378,75,65,
32766,5372,1366,89,83,
32766,5359,1370,66,72,
32766,5383,1378,116,56,
32766,5389,1376,37,96,
32766,5348,1414,75,65,
32766,5368,1375,81,63,
32766,5357,1357,93,66,
32766,5385,1374,46,141,
32766,5364,1335,45,92,
32766,5354,1379,93,104,
32766,5377,1375,70,83,
32766,5368,1379,57,86,
32766,5371,1378,94,71,
32766,5356,1370,65,65,
32766,5376,1383,100,68,
32766,5369,1363,95,98,
32766,5370,1384,82,63,
32766,5358,1381,72,108,
32766,5339,1387,43,60,
32766,5376,1400,66,91,
32766,5368,1380,112,29,
32766,5388,1365,80,103,
32766,5364,1385,92,74,
32766,5395,1350,75,64,
32766,5380,1389,85,83,
32766,5385,1369,81,89,
32766,5379,1392,91,67,
32766,5393,1382,73,86,
32766,5366,1379,86,90,
32766,5372,1391,76,99,
32766,5368,1385,71,85,
32766,5395,1387,76,80,
32766,5378,1384,73,79,
32766,5399,1388,82,70,
32766,5398,1378,85,97,
32766,5398,1374,86,61,
32766,5369,1373,80,60,
32766,5374,1350,67,81,
32766,5377,1404,123,86,
32766,5360,1352,58,56,
32766,5382,1371,81,86,
32766,5365,1376,76,86,
32766,5388,1372,74,87,
32766,5382,1392,66,59,
32766,5378,1367,91,57,
32766,5374,1373,74,78,
32766,5381,1373,92,87,
32766,5385,1375,69,78,
32766,5388,1371,99,82,
32766,5390,1367,71,56,
32766,5408,1385,17,91,
32766,5379,1384,56,91,
32766,5385,1367,68,82,
32766,5418,1397,97,59,
32766,5377,1379,63,69,
32766,5397,1378,97,110,
32766,5401,1356,82,87,
32766,5397,1375,79,111,
32766,5390,1378,92,78,
32766,5397,1380,55,78,
32766,5399,1372,62,79,
32766,5414,1382,65,89,
32766,5411,1382,84,70,
32766,5413,1364,83,66,
32766,5398,1389,50,61,
32766,5406,1390,87,51,
32766,5422,1397,59,96,
32766,5401,1364,85,79,
32766,5434,1397,79,65,
32766,5420,1380,80,107,
32766,5432,1364,56,80,
32766,5415,1391,88,90,
32766,5418,1377,75,91,
32766,5416,1382,83,93,
32766,5414,1389,96,91,
32766,5437,1382,71,84,
32766,5413,1374,78,90,
32766,5417,1370,73,84,
32766,5410,1379,93,82,
32766,5408,1391,79,99,
32766,5437,1354,100,110,
32766,5398,1410,65,111,
32766,5427,1384,51,106,
32766,5425,1389,53,99,
32766,5440,1370,90,104,
32766,5421,1380,57,84,
32766,5415,1366,59,68,
32766,5412,1373,71,89,
32766,5411,1379,76,81,
32766,5409,1371,52,87,
32766,5415,1372,84,84,
32766,5408,1386,77,72,
32766,5405,1362,63,85,
32766,5410,1399,65,69,
32766,5403,1376,57,101,
32766,5406,1378,95,98,
32766,5399,1381,100,115,
32766,5406,1350,110,58,
32766,5413,1380,79,68,
32766,5409,1382,27,113,
32766,5420,1367,60,91,
32766,5394,1393,82,58,
32766,5403,1380,72,100,
32766,5395,1373,91,93,
32766,5404,1367,91,77,
32766,5393,1375,70,73,
32766,5388,1388,86,66,
32766,5392,1372,78,110,
32766,5394,1379,87,74,
32766,5384,1366,65,108,
32766,5379,1396,66,87,
32766,5391,1380,98,106,
32766,5395,1392,47,102,
32766,5396,1363,41,98,
32766,5377,1376,76,81,
32766,5378,1366,83,113,
32766,5384,1386,72,68,
32766,5363,1388,69,84,
32766,5382,1372,76,82,
32766,5392,1385,84,89,
32766,5384,1369,77,86,
32766,5384,1393,72,87,
32766,5378,1388,57,76,
32766,5389,1382,64,71,
32766,5400,1380,57,77,
32766,5376,1374,73,75,
32766,5388,1359,95,84,
32766,5366,1406,55,109,
32766,5352,1367,67,62,
32766,5353,1380,84,91,
32766,5375,1391,103,102,
32766,5349,1388,100,63,
32766,5383,1369,112,85,
32766,5368,1374,77,83,
32766,5363,1383,85,74,
32766,5363,1370,80,80,
32766,5367,1388,59,93,
32766,5358,1371,74,92,
32766,5360,1357,81,82,
32766,5356,1369,62,77,
32766,5363,1372,68,110,
32766,5339,1386,75,102,
32766,5360,1371,73,90,
32766,5380,1377,108,105,
32766,5366,1368,63,88,
32766,5357,1378,62,49,
32766,5368,1354,94,51,
32766,5381,1384,44,73,
32766,5375,1391,84,99,
32766,5353,1370,54,86,
32766,5371,1375,66,84,
32766,5354,1372,69,95,
32766,5357,1357,87,85,
32766,5353,1354,56,86,
32766,5356,1385,68,82,
32766,5354,1374,95,92,
32766,5349,1365,72,100,
32766,5349,1368,83,69,
32766,5358,1389,84,113,
32766,5371,1377,59,70,
32766,5365,1383,103,99,
32766,5351,1388,58,57,
32766,5362,1374,77,87,
32766,5357,1385,76,91,
32766,5375,1368,74,100,
32766,5364,1376,67,92,
32766,5353,1393,67,95,
32766,5369,1362,65,78,
32766,5363,1380,82,76,
32766,5375,1370,79,83,
32766,5364,1379,81,77,
32766,5368,1369,85,77,
32766,5364,1374,35,65,
32766,5361,1392,123,38,
32766,5371,1381,26,104,
32766,5362,1382,99,78,
32766,5365,1356,79,68,
32766,5368,1357,98,80,
32766,5361,1376,90,91,
32766,5384,1380,96,81,
32766,5359,1374,77,60,
32766,5366,1377,83,79,
32766,5365,1377,78,95,
32766,5383,1385,74,65,
32766,5362,1377,74,89,
32766,5367,1377,79,76,
32766,5367,1381,92,82,
32766,5361,1365,89,59,
32766,5368,1388,88,61,
32766,5366,1404,86,70,
32766,5388,1373,57,91,
32766,5363,1367,100,73,
32766,5370,1384,124,61,
32766,5357,1383,71,88,
32766,5349,1380,88,70,
32766,5361,1386,82,95,
32766,5369,1382,80,80,
32766,5359,1372,73,82,
32766,5357,1383,75,73,
32766,5361,1365,80,92,
32766,5376,1380,67,79,
32766,5357,1382,88,67,
32766,5355,1383,77,144,
32766,5368,1399,46,77,
32766,5382,1345,76,97,
32766,5366,1361,68,58,
32766,5365,1352,54,76,
32766,5359,1371,94,101,
32766,5342,1369,78,54,
32766,5361,1366,82,96,
32766,5358,1372,72,98,
32766,5362,1384,59,88,
32766,5361,1381,73,96,
32766,5357,1374,92,64,
32766,5344,1376,63,82,
32766,5339,1380,72,79,
32766,5361,1376,67,90,
32766,5344,1370,94,99,
32766,5348,1382,91,74,
32766,5369,1376,51,75,
32766,5361,1339,82,81,
32766,5375,1356,64,93,
32766,5373,1379,78,117,
32766,5393,1351,61,69,
32766,5339,1390,85,65,
32766,5360,1380,81,95,
32766,5355,1373,76,79,
32766,5354,1375,68,74,
32766,5355,1368,85,85,
32766,5357,1379,93,84,
32766,5363,1370,73,88,
32766,5358,1379,90,69,
32766,5351,1374,76,92,
32766,5355,1391,56,78,
32766,5354,1352,113,94,
32766,5345,1372,101,51,
32766,5354,1387,101,88,
32766,5362,1348,88,53,
32766,5361,1384,68,81,
32766,5375,1376,43,80,
32766,5372,1382,73,108,
32766,5371,1357,91,95,
32766,5351,1364,81,99,
32766,5370,1383,56,73,
32766,5356,1389,75,107,
32766,5372,1384,86,65,
32766,5360,1376,60,75,
32766,5365,1365,77,73,
32766,5362,1373,90,88,
32766,5330,1387,100,80,
32766,5394,1387,65,93,
32766,5369,1348,68,74,
32766,5356,1378,74,88,
32766,5385,1367,61,120,
32766,5360,1377,61,103,
32766,5320,1365,91,77,
32766,5358,1389,86,101,
32766,5369,1369,79,116,
32766,5356,1381,74,96,
32766,5344,1370,76,117,
32766,5358,1379,58,75,
32766,5344,1381,85,95,
32766,5343,1372,84,82,
32766,5360,1382,73,62,
32766,5335,1367,73,90,
32766,5364,1397,77,70,
32766,5393,1357,46,78,
32766,5356,1373,91,69,
32766,5370,1386,103,62,
32766,5321,1404,98,71,
32766,5358,1375,50,102,
32766,5337,1370,58,94,
32766,5365,1379,53,94,
32766,5359,1376,70,72,
32766,5356,1373,91,75,
32766,5367,1365,75,83,
32766,5357,1374,68,83,
32766,5360,1379,73,91,
32766,5365,1383,64,77,
32766,5373,1382,80,79,
32766,5346,1405,60,100,
32766,5358,1381,83,75,
32766,5386,1352,83,52,
32766,5347,1384,105,81,
32766,5363,1369,87,81,
32766,5347,1410,93,117,
32766,5355,1384,48,112,
32766,5356,1374,75,72,
32766,5356,1384,58,105,
32766,5341,1372,78,81,
32766,5344,1371,85,70,
32766,5359,1363,70,95,
32766,5352,1378,55,69,
32766,5360,1362,66,81,
32766,5345,1403,83,73,
32766,5324,1376,78,54,
32766,5360,1354,76,101,
32766,5378,1347,73,68,
32766,5365,1375,88,90,
32766,5350,1403,93,69,
32766,5361,1403,104,80,
32766,5330,1392,118,50,
32766,5354,1381,83,58,
32766,5356,1387,96,64,
32766,5378,1375,94,84,
32766,5368,1375,102,76,
32766,5358,1368,65,83,
32766,5355,1399,72,97,
32766,5364,1379,54,100,
32766,5363,1383,79,54,
32766,5366,1376,102,63,
32766,5358,1381,76,97,
32766,5352,1377,85,80,
32766,5349,1397,93,91,
32766,5366,1380,97,96,
32766,5385,1418,72,124,
32766,5361,1376,130,75,
32766,5373,1377,70,105,
32766,5358,1384,75,102,
32766,5365,1380,87,68,
32766,5378,1391,76,81,
32766,5383,1374,82,64,
32766,5376,1372,94,78,
32766,5367,1391,73,76,
32766,5382,1379,85,74,
32766,5381,1383,79,56,
32766,5401,1363,70,68,
32766,5398,1385,58,110,
32766,5413,1354,90,67,
32766,5379,1384,79,81,
32766,5386,1390,39,100,
32766,5399,1378,72,92,
32766,5372,1385,101,66,
32766,5406,1387,86,86,
32766,5409,1369,98,87,
32766,5389,1374,99,76,
32766,5396,1368,66,88,
32766,5379,1389,65,79,
32766,5387,1366,72,82,
32766,5403,1381,85,106,
32766,5400,1368,92,73,
32766,5406,1361,99,78,
32766,5397,1394,60,87,
32766,5417,1372,84,101,
32766,5401,1383,87,81,
32766,5386,1379,68,97,
32766,5423,1381,57,116,
32766,5391,1371,78,76,
32766,5413,1382,88,58,
32766,5412,1375,83,90,
32766,5418,1385,81,71,
32766,5423,1376,57,77,
32766,5419,1380,81,69,
32766,5412,1373,85,72,
32766,5408,1401,61,86,
32766,5403,1387,60,76,
32766,5388,1413,53,112,
32766,5411,1397,72,53,
32766,5393,1405,94,81,
32766,5428,1386,97,56,
32766,5392,1373,84,59,
32766,5392,1365,27,95,
32766,5384,1405,113,110,
32766,5391,1401,62,78,
32766,5398,1381,57,74,
32766,5402,1386,81,65,
32766,5389,1372,64,105,
32766,5407,1401,65,80,
32766,5402,1368,99,89,
32766,5399,1385,79,79,
32766,5392,1379,78,80,
32766,5384,1406,53,109,
32766,5349,1419,35,104,
32766,5366,1399,92,56,
32766,5387,1389,103,109,
32766,5382,1388,96,94,
32766,5361,1394,38,124,
32766,5373,1374,98,83,
32766,5391,1388,78,92,
32766,5388,1366,68,66,
32766,5382,1355,73,76,
32766,5381,1374,68,90,
32766,5374,1378,62,99,
32766,5376,1396,80,85,
32766,5373,1383,85,61,
32766,5372,1375,84,96,
32766,5383,1372,78,110,
32766,5389,1356,133,64,
32766,5398,1396,89,39,
32766,5390,1360,47,95,
32766,5367,1369,78,58,
32766,5366,1377,72,54,
32766,5367,1367,79,46,
32766,5404,1351,77,66,
32766,5377,1370,71,116,
32766,5361,1375,59,107,
32766,5377,1384,73,81,
32766,5374,1380,70,86,
32766,5365,1387,80,71,
32766,5363,1381,77,83,
32766,5374,1387,98,89,
32766,5364,1382,96,87,
32766,5339,1373,76,61,
32766,5361,1366,76,102,
32766,5344,1381,92,101,
32766,5376,1403,66,113,
32766,5355,1394,86,72,
32766,5368,1382,49,98,
32766,5354,1380,105,103,
32766,5389,1366,59,67,
32766,5370,1369,92,76,
32766,5363,1374,85,82,
32766,5379,1380,90,76,
32766,5356,1375,69,82,
32766,5381,1377,60,75,
32766,5379,1407,96,67,
32766,5374,1368,101,89,
32766,5358,1377,81,89,
32766,5341,1417,32,69,
32766,5369,1379,72,87,
32766,5373,1424,70,64,
32766,5378,1389,83,103,
32766,5366,1362,69,53,
32766,5349,1406,93,84,
32766,5349,1379,89,49,
32766,5379,1376,79,88,
32766,5355,1387,60,69,
32766,5355,1391,69,95,
32766,5363,1374,76,96,
32766,5358,1373,73,93,
32766,5370,1368,84,78,
32766,5365,1372,52,70,
32766,5373,1378,77,56,
32766,5355,1370,109,45,
32766,5391,1344,53,73,
32766,5376,1373,95,102,
32766,5350,1388,57,80,
32766,5355,1385,93,89,
32766,5333,1362,85,68,
32766,5334,1367,47,59,
32766,5374,1367,86,95,
32766,5364,1383,87,82,
32766,5361,1379,92,88,
32766,5373,1390,58,86,
32766,5370,1374,75,78,
32766,5346,1376,85,80,
32766,5362,1378,89,77,
32766,5361,1379,84,91,
32766,5359,1390,66,91,
32766,5355,1372,113,77,
32766,5339,1401,45,70,
32766,5356,1376,77,93,
32766,5326,1408,102,58,
32766,5376,1379,59,76,
32766,5338,1378,100,93,
32766,5363,1354,101,63,
32766,5347,1370,87,77,
32766,5351,1368,99,78,
32766,5344,1387,82,68,
32766,5344,1382,56,86,
32766,5360,1370,86,78,
32766,5349,1379,96,90,
32766,5364,1371,86,77,
32766,5354,1391,40,98,
32766,5356,1367,38,95,
32766,5365,1360,73,95,
32766,5344,1374,89,99,
32766,5343,1357,89,60,
32766,5362,1361,66,28,
32766,5345,1398,113,72,
32766,5349,1374,42,97,
32766,5361,1375,68,86,
32766,5346,1374,80,75,
32766,5350,1378,67,85,
32766,5348,1387,91,67,
32766,5355,1384,63,84,
32766,5359,1371,59,78,
32766,5369,1387,89,93,
32766,5350,1363,93,81,
32766,5345,1367,110,72,
32766,5410,1374,55,54,
32766,5361,1384,84,66,
32766,5361,1384,78,62,
32766,5377,1355,44,95,
32766,5378,1359,82,85,
32766,5365,1378,92,72,
32766,5376,1376,48,108,
32766,5360,1361,72,73,
32766,5367,1389,80,79,
32766,5374,1378,78,66,
32766,5368,1387,56,76,
32766,5394,1391,75,90,
32766,5362,1378,66,79,
32766,5372,1377,57,65,
32766,5374,1391,71,76,
32766,5389,1386,63,80,
32766,5351,1378,77,117,
32766,5372,1398,86,83,
32766,5372,1389,64,80,
32766,5373,1377,66,55,
32766,5355,1380,49,100,
32766,5343,1378,34,87,
32766,5375,1381,80,62,
32766,5377,1394,85,77,
32766,5361,1389,61,89,
32766,5379,1391,64,96,
32766,5364,1387,74,75,
32766,5387,1377,88,89,
32766,5354,1380,79,73,
32766,5382,1385,70,91,
32766,5383,1385,81,55,
32766,5365,1354,102,77,
32766,5348,1382,108,99,
32766,5375,1403,66,78,
32766,5369,1372,73,105,
32766,5350,1373,86,41,
32766,5394,1403,93,101,
32766,5368,1382,79,58,
32766,5387,1370,81,87,
32766,5366,1390,93,73,
32766,5360,1396,62,73,
32766,5376,1406,75,74,
32766,5375,1383,83,96,
32766,5381,1387,100,95,
32766,5377,1372,86,60,
32766,5368,1412,68,64,
32766,5340,1372,61,134,
32766,5341,1375,88,81,
32766,5368,1379,83,105,
32766,5388,1398,79,90,
32766,5327,1400,78,102,
32766,5359,1377,58,68,
32766,5366,1373,41,56,
32766,5365,1380,105,85,
32766,5373,1374,92,68,
32766,5359,1372,80,75,
32766,5350,1391,76,107,
32766,5381,1386,88,85,
32766,5371,1375,69,69,
32766,5365,1390,77,89,
32766,5362,1413,101,72,
32766,5350,1371,79,121,
32766,5380,1350,46,50,
32766,5351,1394,73,80,
32766,5375,1385,94,60,
32766,5377,1371,44,82,
32766,5372,1381,130,62,
32766,5366,1375,77,89,
32766,5382,1393,95,96,
32766,5385,1376,76,75,
32766,5366,1393,67,76,
32766,5379,1382,77,98,
32766,5367,1364,81,90,
32766,5390,1396,83,78,
32766,5382,1375,67,101,
32766,5385,1399,64,62,
32766,5377,1380,29,77,
32766,5385,1375,58,90,
32766,5395,1369,69,91,
32766,5378,1398,93,47,
32766,5392,1387,87,93,
32766,5375,1351,76,77,
32766,5412,1394,70,64,
32766,5393,1388,87,67,
32766,5372,1384,84,78,
32766,5387,1389,85,80,
32766,5371,1381,58,92,
32766,5401,1386,94,80,
32766,5388,1375,66,75,
32766,5401,1378,78,89,
32766,5379,1390,77,111,
32766,5391,1377,84,83,
32766,5393,1427,49,50,
32766,5407,1371,74,51,
32766,5382,1387,74,79,
32766,5403,1375,82,81,
32766,5441,1348,93,72,
32766,5409,1421,104,102,
32766,5399,1391,50,95,
32766,5416,1384,56,96,
32766,5390,1383,74,92,
32766,5394,1380,66,85,
32766,5396,1391,65,90,
32766,5396,1371,97,78,
32766,5406,1378,83,65,
32766,5405,1385,91,68,
32766,5408,1391,52,104,
32766,5434,1352,75,112,
32766,5418,1384,127,61,
32766,5425,1402,70,103,
32766,5431,1383,112,59,
32766,5415,1402,68,68,
32766,5439,1382,66,99,
32766,5436,1398,102,116,
32766,5420,1389,71,99,
32766,5408,1381,62,89,
32766,5413,1385,75,63,
32766,5409,1403,67,77,
32766,5418,1390,74,88,
32766,5416,1399,62,80,
32766,5426,1375,68,77,
32766,5395,1386,96,62,
32766,5423,1380,33,66,
32766,5406,1390,59,103,
32766,5428,1414,65,65,
32766,5427,1375,93,66,
32766,5422,1392,95,85,
32766,5423,1385,105,98,
32766,5455,1383,58,110,
32766,5408,1407,67,73,
32766,5399,1384,66,86,
32766,5412,1386,87,84,
32766,5391,1389,62,92,
32766,5407,1387,68,91,
32766,5392,1383,63,91,
32766,5403,1406,61,89,
32766,5399,1394,67,80,
32766,5413,1423,69,82,
32766,5406,1368,102,89,
32766,5405,1393,96,48,
32766,5388,1392,49,85,
32766,5401,1359,36,74,
32766,5360,1394,107,98,
32766,5375,1333,38,49,
32766,5387,1372,40,111,
32766,5383,1385,98,90,
32766,5391,1386,82,90,
32766,5382,1398,82,79,
32766,5376,1387,84,78,
32766,5396,1381,86,84,
32766,5362,1384,69,101,
32766,5378,1382,87,79,
32766,5377,1398,65,99,
32766,5377,1384,118,40,
32766,5345,1393,90,96,
32766,5373,1368,59,100,
32766,5378,1393,69,82,
32766,5383,1369,73,109,
32766,5369,1399,79,60,
32766,5408,1384,42,107,
32766,5361,1375,72,86,
32766,5367,1394,77,92,
32766,5366,1372,68,80,
32766,5377,1379,85,88,
32766,5380,1378,72,94,
32766,5374,1388,79,98,
32766,5368,1386,85,69,
32766,5357,1386,84,101,
32766,5360,1387,83,87,
32766,5356,1389,61,109,
32766,5405,1375,59,76,
32766,5372,1386,56,67,
32766,5385,1383,55,75,
32766,5359,1399,86,69,
32766,5382,1358,92,67,
32766,5387,1390,87,116,
32766,5379,1378,72,79,
32766,5373,1377,74,106,
32766,5376,1384,70,79,
32766,5385,1373,78,67,
32766,5380,1384,64,94,
32766,5383,1367,68,78,
32766,5386,1391,72,107,
32766,5389,1373,96,70,
32766,5384,1409,60,97,
32766,5360,1368,90,89,
32766,5378,1401,102,95,
32766,5384,1389,65,101,
32766,5400,1369,102,69,
32766,5362,1407,80,91,
32766,5414,1387,92,107,
32766,5382,1381,72,90,
32766,5386,1391,75,92,
32766,5403,1400,63,90,
32766,5384,1384,77,71,
32766,5398,1378,51,109,
32766,5390,1400,55,90,
32766,5387,1386,59,85,
32766,5388,1389,78,86,
32766,5384,1366,67,90,
32766,5380,1397,57,110,
32766,5384,1391,46,112,
32766,5378,1356,69,76,
32766,5379,1376,71,87,
32766,5383,1404,54,133,
32766,5381,1386,49,69,
32766,5378,1400,50,106,
32766,5384,1375,72,67,
32766,5392,1391,72,82,
32766,5379,1390,93,90,
32766,5380,1383,79,88,
32766,5359,1391,73,93,
32766,5374,1382,86,81,
32766,5376,1366,88,99,
32766,5373,1386,100,84,
32766,5373,1384,29,103,
32766,5345,1406,80,79,
32766,5381,1383,73,99,
32766,5381,1381,60,94,
32766,5379,1397,93,98,
32766,5368,1364,39,42,
32766,5394,1385,89,73,
32766,5368,1388,72,108,
32766,5384,1377,68,107,
32766,5368,1379,65,76,
32766,5385,1397,85,62,
32766,5380,1378,72,61,
32766,5387,1386,83,102,
32766,5379,1380,84,83,
32766,5368,1405,104,92,
32766,5363,1380,67,99,
32766,5374,1375,118,81,
32766,5403,1375,37,72,
32766,5394,1372,78,66,
32766,5367,1366,76,80,
32766,5376,1395,95,90,
32766,5381,1417,86,76,
32766,5386,1407,78,80,
32766,5415,1366,75,75,
32766,5394,1389,65,72,
32766,5406,1394,78,66,
32766,5394,1397,84,90,
32766,5406,1389,45,92,
32766,5411,1403,93,78,
32766,5400,1394,101,80,
32766,5400,1411,68,71,
32766,5413,1396,90,76,
32766,5394,1409,39,101,
32766,5406,1392,87,74,
32766,5418,1416,85,102,
32766,5435,1384,75,52,
32766,5416,1416,104,90,
32766,5438,1407,75,70,
32766,5436,1390,59,78,
32766,5428,1382,71,80,
32766,5421,1400,93,85,
32766,5434,1397,68,87,
32766,5436,1381,68,91,
32766,5422,1383,92,85,
32766,5436,1393,96,73,
32766,5416,1376,75,102,
32766,5444,1411,65,65,
32766,5439,1372,109,95,
32766,5455,1385,90,77,
32766,5453,1395,95,86,
32766,5463,1422,108,80,
32766,5474,1401,43,99,
32766,5490,1391,82,104,
32766,5454,1393,68,72,
32766,5458,1400,86,86,
32766,5456,1388,69,69,
32766,5455,1380,68,98,
32766,5439,1412,63,100,
32766,5447,1401,65,80,
32766,5434,1391,73,88,
32766,5447,1374,83,86,
32766,5434,1409,84,91,
32766,5422,1375,28,103,
32766,5444,1408,90,57,
32766,5440,1397,74,63,
32766,5415,1402,90,72,
32766,5409,1394,115,51,
32766,5430,1422,83,86,
32766,5422,1393,98,85,
32766,5426,1384,94,91,
32766,5426,1391,90,76,
32766,5412,1402,80,72,
32766,5424,1392,67,57,
32766,5405,1391,96,86,
32766,5406,1391,66,94,
32766,5412,1366,87,74,
32766,5401,1368,99,92,
32766,5404,1380,84,99,
32766,5398,1408,68,85,
32766,5387,1393,67,88,
32766,5373,1406,99,81,
32766,5370,1376,103,19,
32766,5411,1366,39,112,
32766,5382,1386,57,82,
32766,5389,1397,65,89,
32766,5400,1387,66,90,
32766,5396,1399,70,94,
32766,5411,1388,67,80,
32766,5404,1399,89,81,
32766,5425,1415,80,97,
32766,5436,1390,79,70,
32766,5411,1395,76,75,
32766,5457,1422,52,62,
32766,5461,1382,139,71,
32766,5455,1390,101,67,
32766,5433,1405,58,110,
32766,5438,1421,107,120,
32766,5455,1383,64,67,
32766,5450,1372,79,99,
32766,5442,1415,77,97,
32766,5436,1389,75,81,
32766,5461,1393,74,81,
32766,5446,1388,79,79,
32766,5456,1382,83,100,
32766,5466,1409,93,88,
32766,5435,1401,63,84,
32766,5427,1401,82,67,
32766,5432,1387,65,91,
32766,5468,1381,52,85,
32766,5436,1412,86,72,
32766,5440,1400,100,94,
32766,5423,1380,64,69,
32766,5448,1403,89,83,
32766,5425,1390,73,55,
32766,5446,1403,84,85,
32766,5435,1407,82,79,
32766,5443,1401,60,88,
32766,5447,1388,71,91,
32766,5428,1402,83,62,
32766,5447,1406,65,86,
32766,5431,1398,83,83,
32766,5430,1399,85,92,
32766,5438,1412,29,118,
32766,5462,1394,28,89,
32766,5440,1379,76,87,
32766,5447,1408,60,80,
32766,5440,1409,97,91,
32766,5433,1391,79,71,
32766,5415,1409,92,69,
32766,5481,1404,65,70,
32766,5453,1411,97,64,
32766,5464,1406,80,78,
32766,5467,1408,93,81,
32766,5462,1402,71,94,
32766,5453,1391,96,79,
32766,5477,1389,73,105,
32766,5458,1410,78,81,
32766,5466,1406,87,94,
32766,5472,1408,108,49,
32766,5441,1431,73,58,
32766,5450,1409,80,66,
32766,5457,1407,73,95,
32766,5488,1384,49,87,
32766,5490,1379,13,124,
32766,5485,1377,76,99,
32766,5450,1395,58,78,
32766,5447,1403,94,77,
32766,5464,1403,86,72,
32766,5461,1393,104,65,
32766,5464,1398,85,72,
32766,5449,1411,71,89,
32766,5450,1386,87,96,
32766,5475,1387,67,86,
32766,5464,1390,81,71,
32766,5469,1429,54,67,
32766,5458,1381,85,78,
32766,5454,1396,58,90,
32766,5461,1410,80,94,
32766,5444,1389,83,69,
32766,5459,1378,96,61,
32766,5443,1399,63,94,
32766,5458,1394,81,92,
32766,5457,1389,80,79,
32766,5443,1401,86,70,
32766,5456,1397,90,88,
32766,5447,1397,72,83,
32766,5472,1381,76,91,
32766,5465,1416,75,83,
32766,5460,1398,87,91,
32766,5500,1404,37,64,
32766,5457,1399,65,71,
32766,5468,1411,81,73,
32766,5467,1407,69,79,
32766,5470,1422,44,103,
32766,5455,1437,57,118,
32766,5450,1408,89,74,
32766,5474,1403,66,89,
32766,5476,1391,80,71,
32766,5472,1382,94,86,
32766,5466,1403,84,78,
32766,5476,1391,92,74,
32766,5462,1397,71,79,
32766,5454,1415,79,87,
32766,5475,1407,100,70,
32766,5462,1407,66,82,
32766,5466,1422,71,84,
32766,5471,1417,120,28,
32766,5466,1389,81,58,
32766,5486,1390,58,84,
32766,5462,1393,76,97,
32766,5455,1395,79,67,
32766,5469,1388,62,81,
32766,5446,1403,92,90,
32766,5451,1397,95,89,
32766,5458,1399,60,86,
32766,5438,1389,70,80,
32766,5446,1402,72,79,
32766,5435,1405,61,103,
32766,5466,1398,89,76,
32766,5453,1392,80,80,
32766,5457,1384,50,124,
32766,5471,1389,95,73,
32766,5429,1411,75,106,
32766,5451,1384,70,116,
32766,5476,1373,85,89,
32766,5424,1392,76,117,
32766,5444,1388,63,96,
32766,5437,1399,49,88,
32766,5441,1394,89,71,
32766,5446,1407,69,77,
32766,5440,1410,64,61,
32766,5449,1399,78,72,
32766,5426,1397,53,84,
32766,5425,1398,62,99,
32766,5432,1386,78,63,
32766,5428,1397,80,106,
32766,5444,1403,80,69,
32766,5411,1390,80,103,
32766,5423,1403,76,69,
32766,5418,1419,46,87,
32766,5395,1417,95,77,
32766,5416,1389,81,84,
32766,5416,1391,76,81,
32766,5411,1395,78,104,
32766,5402,1393,72,87,
32766,5406,1387,77,84,
32766,5407,1392,62,99,
32766,5411,1380,88,86,
32766,5421,1382,79,101,
32766,5398,1396,81,104,
32766,5395,1368,102,107,
32766,5398,1371,49,107,
32766,5390,1372,49,115,
32766,5380,1379,77,50,
32766,5387,1406,95,86,
32766,5366,1384,76,87,
32766,5374,1394,95,61,
32766,5373,1383,89,88,
32766,5371,1398,64,94,
32766,5365,1397,82,82,
32766,5368,1386,87,80,
32766,5348,1389,94,81,
32766,5380,1375,72,89,
32766,5351,1387,85,79,
32766,5351,1391,93,97,
32766,5352,1378,71,80,
32766,5353,1395,86,108,
32766,5354,1368,96,45,
32766,5366,1390,92,78,
32766,5369,1365,61,47,
32766,5330,1403,95,93,
32766,5383,1374,77,54,
32766,5368,1391,79,51,
32766,5358,1381,68,104,
32766,5338,1409,61,71,
32766,5344,1398,69,76,
32766,5367,1390,92,86,
32766,5368,1393,62,99,
32766,5350,1398,82,86,
32766,5343,1391,79,81,
32766,5341,1391,43,73,
32766,5362,1374,42,86,
32766,5378,1370,79,57,
32766,5341,1377,92,67,
32766,5339,1389,59,89,
32766,5344,1384,66,51,
32766,5341,1380,87,102,
32766,5370,1402,71,93,
32766,5338,1375,94,90,
32766,5332,1385,84,80,
32766,5324,1392,73,90,
32766,5328,1385,78,88,
32766,5319,1369,78,83,
32766,5350,1383,92,88,
32766,5328,1400,81,73,
32766,5341,1393,70,86,
32766,5354,1366,111,59,
32766,5328,1374,92,36,
32766,5345,1399,67,66,
32766,5321,1382,91,110,
32766,5324,1382,85,91,
32766,5315,1346,69,60,
32766,5344,1379,37,97,
32766,5329,1394,62,104,
32766,5339,1374,67,101,
32766,5329,1372,77,92,
32766,5333,1393,76,83,
32766,5322,1383,63,68,
32766,5337,1385,74,78,
32766,5325,1393,76,89,
32766,5337,1394,93,74,
32766,5323,1366,59,72,
32766,5334,1371,4,88,
32766,5329,1402,104,59,
32766,5318,1383,68,88,
32766,5298,1412,79,63,
32766,5340,1341,48,52,
32766,5346,1383,80,124,
32766,5324,1381,77,95,
32766,5330,1369,78,85,
32766,5316,1387,74,87,
32766,5321,1368,54,78,
32766,5330,1384,96,85,
32766,5315,1390,67,86,
32766,5333,1373,106,81,
32766,5338,1385,67,82,
32766,5340,1377,72,86,
32766,5320,1384,61,125,
32766,5330,1365,114,26,
32766,5296,1400,76,93,
32766,5327,1385,73,89,
32766,5298,1383,69,22,
32766,5341,1357,64,109,
32766,5305,1372,68,79,
32766,5302,1384,89,78,
32766,5317,1384,61,90,
32766,5314,1365,75,93,
32766,5304,1370,86,88,
32766,5309,1383,82,82,
32766,5307,1379,97,85,
32766,5310,1377,58,91,
32766,5295,1378,89,78,
32766,5307,1369,54,97,
32766,5321,1416,55,86,
32766,5330,1383,78,63,
32766,5336,1372,37,100,
32766,5311,1376,83,77,
32766,5319,1357,35,37,
32766,5344,1355,93,95,
32766,5332,1383,63,77,
32766,5321,1375,61,84,
32766,5320,1375,71,61,
32766,5317,1376,64,91,
32766,5323,1374,81,78,
32766,5311,1383,75,76,
32766,5322,1376,86,86,
32766,5312,1392,77,65,
32766,5322,1382,86,95,
32766,5327,1371,72,80,
32766,5318,1364,83,75,
32766,5295,1403,78,73,
32766,5319,1366,50,80,
32766,5354,1382,97,127,
32766,5323,1374,81,87,
32766,5311,1377,65,106,
32766,5310,1386,76,76,
32766,5310,1357,95,82,
32766,5312,1371,87,77,
32766,5321,1385,64,69,
32766,5317,1380,98,89,
32766,5311,1384,79,70,
32766,5320,1379,84,99,
32766,5330,1370,85,82,
32766,5332,1400,93,111,
32766,5298,1359,99,105,
32766,5323,1388,114,80,
32766,5305,1387,59,88,
32766,5309,1394,106,88,
32766,5320,1361,96,6,
32766,5311,1367,122,70,
32766,5324,1388,87,96,
32766,5321,1390,86,77,
32766,5305,1401,73,77,
32766,5322,1378,69,82,
32766,5323,1391,91,77,
32766,5324,1382,72,85,
32766,5322,1385,58,70,
32766,5330,1371,110,89,
32766,5330,1391,25,78,
32766,5348,1374,102,76,
32766,5330,1396,104,92,
32766,5324,1381,84,79,
32766,5338,1356,92,50,
32766,5324,1409,114,113,
32766,5286,1369,61,37,
32766,5321,1407,66,83,
32766,5326,1369,39,94,
32766,5323,1383,100,73,
32766,5314,1383,88,65,
32766,5328,1392,60,79,
32766,5326,1384,102,91,
32766,5320,1393,59,109,
32766,5332,1360,91,78,
32766,5314,1372,96,102,
32766,5344,1377,95,28,
32766,5312,1407,72,102,
32766,5316,1383,102,80,
32766,5304,1396,96,83,
32766,5313,1382,148,77,
32766,5327,1379,64,79,
32766,5322,1377,77,77,
32766,5332,1382,67,96,
32766,5337,1393,55,102,
32766,5346,1376,80,111,
32766,5320,1381,69,72,
32766,5338,1383,91,77,
32766,5330,1390,75,92,
32766,5323,1373,82,65,
32766,5320,1373,85,66,
32766,5293,1415,69,136,
32766,5316,1352,104,46,
32766,5310,1392,81,81,
32766,5334,1361,57,67,
32766,5339,1395,98,107,
32766,5331,1362,47,70,
32766,5316,1369,76,46,
32766,5340,1364,80,92,
32766,5333,1373,80,81,
32766,5339,1381,73,74,
32766,5334,1378,73,83,
32766,5330,1395,87,82,
32766,5337,1384,72,85,
32766,5341,1387,84,96,
32766,5309,1383,59,87,
32766,5304,1376,68,89,
32766,5327,1402,131,75,
32766,5324,1386,81,88,
32766,5309,1387,109,63,
32766,5318,1385,43,103,
32766,5371,1404,42,103,
32766,5308,1376,130,32,
32766,5343,1380,79,71,
32766,5337,1373,79,95,
32766,5349,1396,77,82,
32766,5340,1381,78,89,
32766,5335,1371,101,85,
32766,5348,1383,71,75,
32766,5330,1398,58,90,
32766,5343,1381,50,71,
32766,5337,1380,71,97,
32766,5355,1371,111,88,
32766,5344,1398,59,104,
32766,5325,1396,75,106,
32766,5330,1390,89,99,
32766,5393,1364,62,126,
32766,5335,1360,72,63,
32766,5338,1383,69,57,
32766,5361,1394,68,66,
32766,5339,1387,92,68,
32766,5365,1369,95,68,
32766,5347,1382,102,76,
32766,5351,1369,71,69,
32766,5366,1381,89,101,
32766,5344,1386,82,91,
32766,5321,1408,87,60,
32766,5368,1393,73,102,
32766,5366,1381,51,91,
32766,5349,1377,82,85,
32766,5344,1400,59,101,
32766,5393,1386,108,110,
32766,5336,1389,51,88,
32766,5368,1356,65,98,
32766,5365,1389,85,80,
32766,5372,1397,91,81,
32766,5358,1377,75,94,
32766,5355,1405,64,95,
32766,5368,1401,82,79,
32766,5376,1375,69,85,
32766,5357,1405,68,69,
32766,5341,1380,68,113,
32766,5337,1398,79,73,
32766,5365,1406,23,73,
32766,5358,1392,65,71,
32766,5352,1392,60,72,
32766,5331,1404,92,55,
32766,5370,1373,87,83,
32766,5328,1394,108,92,
32766,5381,1386,59,97,
32766,5359,1381,74,56,
32766,5367,1386,80,69,
32766,5355,1387,87,83,
32766,5345,1383,69,77,
32766,5352,1385,69,69,
32766,5368,1392,84,66,
32766,5331,1372,82,82,
32766,5333,1424,81,62,
32766,5313,1399,127,79,
32766,5355,1389,57,78,
32766,5333,1395,71,83,
32766,5343,1390,49,91,
32766,5340,1409,43,85,
32766,5347,1395,94,63,
32766,5370,1389,102,64,
32766,5350,1390,81,74,
32766,5353,1390,73,84,
32766,5362,1394,81,98,
32766,5360,1388,79,94,
32766,5366,1392,98,88,
32766,5368,1391,84,81,
32766,5371,1401,77,63,
32766,5380,1405,102,72,
32766,5349,1401,105,107,
32766,5338,1412,71,68,
32766,5378,1391,78,54,
32766,5373,1391,96,52,
32766,5407,1382,52,128,
32766,5385,1416,97,63,
32766,5367,1371,99,85,
32766,5383,1390,76,89,
32766,5365,1387,74,89,
32766,5381,1398,75,78,
32766,5384,1400,58,89,
32766,5373,1378,60,78,
32766,5372,1389,53,73,
32766,5385,1395,78,77,
32766,5391,1358,86,83,
32766,5354,1403,78,74,
32766,5379,1398,71,81,
32766,5386,1380,104,68,
32766,5396,1404,83,79,
32766,5404,1377,45,99,
32766,5372,1393,79,104,
32766,5369,1399,62,88,
32766,5399,1395,64,92,
32766,5388,1382,75,75,
32766,5383,1389,77,83,
32766,5375,1406,83,64,
32766,5371,1389,89,86,
32766,5382,1383,63,88,
32766,5377,1398,58,63,
32766,5363,1395,72,87,
32766,5399,1370,80,77,
32766,5380,1399,53,67,
32766,5374,1390,84,56,
32766,5390,1381,38,90,
32766,5403,1389,103,85,
32766,5361,1409,33,97,
32766,5397,1391,117,42,
32766,5379,1386,81,101,
32766,5384,1399,81,88,
32766,5385,1399,72,91,
32766,5392,1406,78,77,
32766,5376,1396,83,107,
32766,5376,1393,82,70,
32766,5392,1396,94,90,
32766,5406,1378,84,93,
32766,5386,1405,77,65,
32766,5382,1398,100,74,
32766,5405,1381,81,63,
32766,5389,1406,78,122,
32766,5399,1397,87,67,
32766,5374,1384,120,55,
32766,5400,1384,88,136,
32766,5397,1355,96,81,
32766,5401,1400,86,91,
32766,5417,1403,73,77,
32766,5408,1382,64,85,
32766,5401,1394,93,92,
32766,5417,1382,75,80,
32766,5411,1392,86,81,
32766,5408,1390,92,79,
32766,5405,1380,80,85,
32766,5403,1410,78,25,
32766,5403,1411,78,83,
32766,5395,1401,111,93,
32766,5416,1397,95,104,
32766,5407,1431,94,95,
32766,5419,1425,120,98,
32766,5399,1406,89,105,
32766,5425,1395,82,67,
32766,5426,1401,85,81,
32766,5420,1400,65,68,
32766,5422,1397,69,99,
32766,5410,1398,60,95,
32766,5415,1402,55,72,
32766,5415,1398,74,77,
32766,5412,1395,70,91,
32766,5428,1403,63,63,
32766,5421,1401,63,90,
32766,5456,1390,83,90,
32766,5424,1397,101,91,
32766,5405,1420,86,65,
32766,5436,1405,95,71,
32766,5445,1413,118,115,
32766,5438,1398,78,89,
32766,5426,1407,61,97,
32766,5449,1406,93,82,
32766,5431,1408,104,73,
32766,5422,1399,85,75,
32766,5439,1399,75,107,
32766,5436,1394,79,95,
32766,5439,1421,101,66,
32766,5423,1402,55,85,
32766,5455,1380,81,88,
32766,5433,1418,106,67,
32766,5427,1417,72,96,
32766,5419,1403,72,73,
32766,5439,1381,76,82,
32766,5446,1367,72,73,
32766,5435,1404,93,103,
32766,5440,1395,90,84,
32766,5429,1385,64,60,
32766,5417,1400,72,77,
32766,5410,1402,62,89,
32766,5409,1401,83,75,
32766,5420,1397,75,97,
32766,5403,1397,89,99,
32766,5376,1404,61,106,
32766,5397,1423,46,86,
32766,5415,1375,96,77,
32766,5388,1376,50,78,
32766,5402,1384,58,60,
32766,5410,1411,100,113,
32766,5431,1382,53,115,
32766,5370,1377,99,82,
32766,5384,1404,68,86,
32766,5376,1393,71,79,
32766,5375,1401,83,70,
32766,5384,1383,96,95,
32766,5394,1393,74,93,
32766,5392,1389,79,84,
32766,5393,1399,97,81,
32766,5384,1406,58,89,
32766,5382,1397,89,91,
32766,5361,1409,92,75,
32766,5395,1392,97,64,
32766,5388,1376,77,97,
32766,5387,1387,0,86,
32766,5383,1419,68,75,
32766,5387,1407,64,97,
32766,5392,1394,73,94,
32766,5385,1392,74,89,
32766,5372,1405,76,78,
32766,5389,1387,82,73,
32766,5370,1396,68,69,
32766,5361,1390,81,74,
32766,5366,1395,76,79,
32766,5352,1390,46,122,
32766,5387,1395,66,64,
32766,5367,1379,91,113,
32766,5372,1374,50,122,
32766,5374,1368,70,108,
32766,5344,1391,54,75,
32766,5383,1367,47,99,
32766,5354,1389,71,70,
32766,5350,1379,82,93,
32766,5378,1398,87,109,
32766,5371,1401,72,87,
32766,5356,1400,65,75,
32766,5370,1377,65,64,
32766,5378,1388,74,79,
32766,5386,1396,87,94,
32766,5372,1391,63,86,
32766,5368,1404,82,92,
32766,5379,1396,90,60,
32766,5367,1388,81,95,
32766,5395,1378,99,64,
32766,5384,1396,67,86,
32766,5382,1405,75,112,
32766,5375,1413,70,72,
32766,5373,1402,84,67,
32766,5390,1382,74,72,
32766,5374,1385,74,97,
32766,5388,1402,82,76,
32766,5390,1378,95,84,
32766,5376,1401,52,79,
32766,5390,1394,65,89,
32766,5380,1382,45,82,
32766,5362,1384,41,84,
32766,5379,1402,101,77,
32766,5385,1423,62,92,
32766,5365,1397,103,93,
32766,5365,1393,76,73,
32766,5368,1362,81,49,
32766,5388,1381,85,104,
32766,5378,1383,69,91,
32766,5370,1393,80,80,
32766,5387,1393,75,80,
32766,5394,1394,80,94,
32766,5378,1407,94,86,
32766,5382,1385,57,108,
32766,5392,1393,75,84,
32766,5408,1398,76,79,
32766,5396,1410,44,100,
32766,5366,1407,70,88,
32766,5398,1389,84,95,
32766,5396,1383,96,73,
32766,5374,1404,66,91,
32766,5375,1407,75,90,
32766,5406,1397,61,121,
32766,5378,1398,57,72,
32766,5373,1427,97,88,
32766,5394,1390,86,80,
32766,5393,1391,53,106,
32766,5383,1404,96,78,
32766,5374,1391,50,87,
32766,5392,1384,96,97,
32766,5390,1394,65,81,
32766,5390,1401,58,89,
32766,5370,1405,70,114,
32766,5398,1362,111,61,
32766,5384,1399,62,89,
32766,5373,1385,98,44,
32766,5354,1387,59,80,
32766,5368,1380,64,96,
32766,5369,1391,93,54,
32766,5368,1379,89,85,
32766,5377,1397,97,75,
32766,5381,1382,79,78,
32766,5367,1405,77,57,
32766,5379,1409,70,81,
32766,5363,1407,75,89,
32766,5371,1380,89,84,
32766,5358,1399,51,110,
32766,5391,1388,82,102,
32766,5360,1395,95,73,
32766,5374,1415,62,62,
32766,5353,1395,112,92,
32766,5376,1394,65,76,
32766,5363,1421,88,76,
32766,5356,1400,91,95,
32766,5346,1372,73,113,
32766,5373,1402,81,63,
32766,5369,1392,79,85,
32766,5351,1387,72,71,
32766,5369,1384,75,75,
32766,5373,1406,64,82,
32766,5366,1377,86,73,
32766,5368,1387,98,75,
32766,5363,1382,74,91,
32766,5361,1383,72,43,
32766,5377,1388,78,64,
32766,5378,1395,96,79,
32766,5368,1405,77,83,
32766,5404,1389,36,103,
32766,5392,1406,84,77,
32766,5393,1419,73,135,
32766,5373,1398,58,81,
32766,5390,1390,65,70,
32766,5382,1399,85,79,
32766,5385,1397,73,90,
32766,5372,1398,69,81,
32766,5362,1405,86,65,
32766,5375,1387,74,85,
32766,5378,1386,97,96,
32766,5374,1411,66,84,
32766,5350,1412,103,84,
32766,5390,1378,62,67,
32766,5373,1391,69,71,
32766,5351,1399,103,48,
32766,5374,1412,122,63,
32766,5364,1396,66,65,
32766,5356,1412,83,93,
32766,5372,1396,83,95,
32766,5383,1382,82,66,
32766,5387,1387,92,92,
32766,5379,1396,76,102,
32766,5377,1413,71,73,
32766,5382,1397,96,86,
32766,5377,1410,96,79,
32766,5389,1398,61,96,
32766,5383,1403,91,95,
32766,5367,1430,81,105,
32766,5406,1388,73,69,
32766,5386,1399,68,94,
32766,5365,1394,70,76,
32766,5386,1389,64,103,
32766,5404,1405,80,96,
32766,5398,1411,80,99,
32766,5396,1402,84,84,
32766,5400,1396,79,84,
32766,5407,1396,76,84,
32766,5401,1405,86,75,
32766,5403,1391,53,74,
32766,5386,1413,63,98,
32766,5375,1416,92,75,
32766,5376,1385,23,133,
32766,5382,1439,75,84,
32766,5421,1399,94,69,
32766,5400,1385,73,97,
32766,5405,1384,55,73,
32766,5411,1397,58,73,
32766,5395,1387,70,105,
32766,5388,1411,72,96,
32766,5410,1397,91,90,
32766,5411,1387,58,93,
32766,5397,1396,98,95,
32766,5400,1395,92,73,
32766,5415,1411,70,68,
32766,5408,1413,77,72,
32766,5430,1361,143,85,
32766,5402,1408,116,88,
32766,5375,1418,86,66,
32766,5422,1382,108,84,
32766,5395,1413,69,89,
32766,5417,1380,90,33,
32766,5407,1386,58,85,
32766,5401,1380,94,62,
32766,5410,1403,78,79,
32766,5394,1397,57,104,
32766,5404,1398,72,62,
32766,5390,1392,86,93,
32766,5413,1407,75,63,
32766,5416,1387,77,88,
32766,5410,1400,78,88,
32766,5412,1424,60,92,
32766,5403,1381,65,109,
32766,5395,1427,17,82,
32766,5407,1402,79,82,
32766,5406,1398,58,73,
32766,5421,1401,95,117,
32766,5424,1430,77,78,
32766,5408,1395,75,131,
32766,5422,1400,76,80,
32766,5414,1404,70,79,
32766,5421,1416,75,76,
32766,5409,1402,46,67,
32766,5426,1401,86,61,
32766,5400,1403,87,82,
32766,5403,1391,81,66,
32766,5399,1411,105,85,
32766,5403,1387,95,55,
32766,5390,1411,57,101,
32766,5430,1389,94,86,
32766,5411,1384,56,79,
32766,5419,1382,62,86,
32766,5423,1391,102,57,
32766,5418,1364,57,73,
32766,5412,1401,53,73,
32766,5404,1393,71,72,
32766,5401,1396,78,87,
32766,5398,1416,64,104,
32766,5390,1402,63,95,
32766,5398,1409,74,69,
32766,5395,1406,50,72,
32766,5415,1394,66,65,
32766,5402,1419,50,54,
32766,5381,1412,58,87,
32766,5423,1389,48,49,
32766,5417,1408,88,73,
32766,5416,1391,85,105,
32766,5390,1385,88,64,
32766,5431,1375,28,85,
32766,5403,1405,87,50,
32766,5404,1406,80,78,
32766,5405,1407,91,70,
32766,5412,1405,70,74,
32766,5410,1406,78,77,
32766,5418,1396,101,86,
32766,5417,1419,78,91,
32766,5413,1388,77,87,
32766,5419,1399,44,119,
32766,5418,1404,85,89,
32766,5437,1414,96,76,
32766,5412,1407,75,102,
32766,5432,1406,89,78,
32766,5419,1413,88,88,
32766,5406,1407,118,88,
32766,5414,1421,84,74,
32766,5422,1411,64,99,
32766,5416,1402,76,85,
32766,5420,1403,90,78,
32766,5420,1401,85,111,
32766,5423,1411,54,87,
32766,5429,1407,64,88,
32766,5438,1416,81,78,
32766,5421,1411,65,71,
32766,5430,1412,76,95,
32766,5402,1432,86,75,
32766,5443,1416,62,91,
32766,5416,1403,71,69,
32766,5460,1392,68,98,
32766,5433,1435,68,91,
32766,5444,1394,72,82,
32766,5441,1404,91,77,
32766,5425,1390,71,88,
32766,5445,1391,81,85,
32766,5417,1401,96,82,
32766,5438,1409,65,76,
32766,5424,1411,78,101,
32766,5427,1427,76,68,
32766,5430,1409,83,85,
32766,5422,1398,63,82,
32766,5437,1388,54,80,
32766,5418,1410,83,76,
32766,5452,1412,69,67,
32766,5451,1394,78,86,
32766,5455,1440,159,75,
32766,5435,1379,68,80,
32766,5455,1415,61,89,
32766,5439,1402,64,78,
32766,5448,1405,96,68,
32766,5441,1407,88,77,
32766,5457,1401,64,63,
32766,5447,1399,77,93,
32766,5454,1394,62,93,
32766,5458,1424,63,70,
32766,5482,1425,33,88,
32766,5441,1419,110,99,
32766,5462,1424,67,62,
32766,5457,1410,61,90,
32766,5444,1403,73,98,
32766,5455,1452,135,120,
32766,5456,1385,48,74,
32766,5443,1412,97,109,
32766,5435,1433,87,104,
32766,5442,1415,63,79,
32766,5435,1407,65,80,
32766,5449,1400,86,71,
32766,5442,1411,83,75,
32766,5456,1398,74,95,
32766,5449,1408,49,87,
32766,5442,1425,79,92,
32766,5457,1413,59,43,
32766,5458,1420,46,109,
32766,5476,1413,44,89,
32766,5438,1412,84,80,
32766,5447,1425,115,90,
32766,5450,1434,74,98,
32766,5445,1403,61,89,
32766,5436,1404,60,97,
32766,5437,1403,75,88,
32766,5433,1389,95,84,
32766,5459,1415,74,68,
32766,5451,1411,67,94,
32766,5449,1403,63,101,
32766,5438,1404,78,100,
32766,5442,1427,30,94,
32766,5422,1442,46,75,
32766,5439,1422,82,75,
32766,5454,1397,66,83,
32766,5437,1409,63,108,
32766,5441,1408,65,80,
32766,5468,1404,47,134,
32766,5423,1419,115,110,
32766,5437,1405,85,73,
32766,5440,1402,81,73,
32766,5433,1408,70,75,
32766,5439,1418,53,65,
32766,5435,1415,64,75,
32766,5430,1414,70,99,
32766,5418,1405,61,79,
32766,5442,1407,104,107,
32766,5416,1368,76,135,
32766,5424,1402,74,78,
32766,5420,1415,91,75,
32766,5410,1413,64,60,
32766,5399,1400,103,29,
32766,5419,1407,39,91,
32766,5435,1422,90,90,
32766,5424,1393,76,91,
32766,5420,1408,81,89,
32766,5438,1417,65,77,
32766,5444,1393,85,82,
32766,5439,1420,66,57,
32766,5405,1402,72,95,
32766,5426,1392,85,98,
32766,5416,1396,60,85,
32766,5413,1413,74,93,
32766,5385,1432,27,99,
32766,5396,1416,105,64,
32766,5401,1418,82,75,
32766,5415,1432,97,84,
32766,5409,1410,105,46,
32766,5412,1400,57,93,
32766,5425,1396,54,73,
32766,5398,1408,53,99,
32766,5403,1387,72,86,
32766,5436,1409,100,88,
32766,5423,1403,74,71,
32766,5424,1397,69,75,
32766,5422,1398,62,101,
32766,5414,1405,54,73,
32766,5405,1437,84,52,
32766,5397,1400,81,45,
32766,5434,1390,80,106,
32766,5434,1410,72,72,
32766,5418,1404,79,91,
32766,5428,1388,90,67,
32766,5442,1370,49,45,
32766,5411,1395,61,103,
32766,5421,1402,63,65,
32766,5420,1394,94,97,
32766,5421,1403,76,91,
32766,5422,1419,84,100,
32766,5440,1400,97,72,
32766,5423,1411,77,97,
32766,5429,1404,65,86,
32766,5416,1402,96,83,
32766,5421,1400,103,54,
32766,5405,1425,30,110,
32766,5444,1399,62,73,
32766,5423,1414,78,72,
32766,5442,1398,48,95,
32766,5451,1415,32,92,
32766,5452,1388,83,65,
32766,5447,1406,76,83,
32766,5430,1401,79,76,
32766,5436,1416,58,82,
32766,5440,1420,81,83,
32766,5440,1404,80,101,
32766,5445,1417,88,68,
32766,5423,1413,90,92,
32766,5420,1395,76,54,
32766,5437,1411,67,78,
32766,5441,1383,59,71,
32766,5419,1412,62,47,
32766,5424,1398,78,80,
32766,5414,1417,71,78,
32766,5418,1399,36,37,
32766,5430,1417,89,101,
32766,5421,1400,80,91,
32766,5421,1401,58,82,
32766,5433,1401,70,94,
32766,5415,1393,84,106,
32766,5442,1406,82,46,
32766,5452,1418,70,58,
32766,5440,1415,84,92,
32766,5433,1424,46,54,
32766,5425,1414,89,84,
32766,5411,1420,89,39,
32766,5448,1393,102,59,
32766,5448,1394,80,64,
32766,5421,1413,59,109,
32766,5447,1453,51,113,
32766,5418,1434,82,88,
32766,5438,1406,75,91,
32766,5443,1395,91,67,
32766,5425,1398,85,71,
32766,5421,1404,100,96,
32766,5438,1411,88,78,
32766,5439,1412,80,70,
32766,5438,1413,96,89,
32766,5435,1414,54,70,
32766,5417,1392,41,56,
32766,5420,1392,59,88,
32766,5437,1402,53,74,
32766,5422,1416,88,107,
32766,5422,1427,81,113,
32766,5417,1420,64,97,
32766,5441,1375,62,53,
32766,5404,1408,74,97,
32766,5405,1390,80,100,
32766,5435,1412,65,85,
32766,5429,1404,65,91,
32766,5432,1393,76,90,
32766,5429,1390,58,90,
32766,5422,1406,74,83,
32766,5417,1394,60,84,
32766,5410,1390,73,74,
32766,5408,1392,46,125,
32766,5432,1402,104,43,
32766,5437,1412,85,87,
32766,5436,1414,64,100,
32766,5410,1407,47,73,
32766,5408,1408,68,46,
32766,5434,1396,34,86,
32766,5424,1413,103,76,
32766,5428,1404,71,91,
32766,5416,1410,60,111,
32766,5419,1408,71,80,
32766,5439,1420,84,79,
32766,5426,1405,69,88,
32766,5421,1419,76,100,
32766,5449,1394,108,66,
32766,5420,1403,132,57,
32766,5435,1420,62,98,
32766,5419,1428,119,46,
32766,5405,1415,83,61,
32766,5400,1396,96,46,
32766,5408,1417,57,77,
32766,5444,1395,58,105,
32766,5431,1425,78,73,
32766,5429,1410,76,93,
32766,5429,1405,77,78,
32766,5421,1410,81,85,
32766,5421,1400,62,97,
32766,5445,1400,89,88,
32766,5418,1415,80,89,
32766,5436,1428,59,86,
32766,5462,1360,70,97,
32766,5458,1390,134,101,
32766,5453,1402,83,59,
32766,5431,1417,63,92,
32766,5434,1401,19,89,
32766,5442,1395,57,63,
32766,5461,1391,89,69,
32766,5439,1410,66,81,
32766,5434,1409,58,78,
32766,5451,1403,104,103,
32766,5429,1415,62,82,
32766,5461,1410,79,93,
32766,5449,1408,54,104,
32766,5443,1417,101,68,
32766,5449,1401,71,100,
32766,5467,1396,61,133,
32766,5477,1407,60,56,
32766,5479,1422,71,73,
32766,5452,1420,93,74,
32766,5452,1408,39,88,
32766,5472,1405,56,57,
32766,5456,1403,87,118,
32766,5443,1398,51,80,
32766,5466,1404,62,83,
32766,5453,1416,91,84,
32766,5467,1426,81,90,
32766,5462,1412,76,91,
32766,5456,1406,82,77,
32766,5470,1419,60,87,
32766,5450,1408,88,94,
32766,5456,1414,53,89,
32766,5459,1433,98,88,
32766,5491,1410,116,49,
32766,5470,1414,87,108,
32766,5460,1420,84,72,
32766,5429,1449,106,83,
32766,5475,1409,75,76,
32766,5473,1398,87,95,
32766,5444,1402,81,63,
32766,5457,1415,74,66,
32766,5454,1414,80,91,
32766,5449,1413,79,66,
32766,5452,1432,87,80,
32766,5467,1418,108,81,
32766,5464,1407,75,73,
32766,5476,1394,70,63,
32766,5480,1413,53,84,
32766,5462,1430,67,116,
32766,5475,1435,60,87,
32766,5466,1406,75,76,
32766,5478,1424,44,89,
32766,5496,1384,72,77,
32766,5457,1386,66,70,
32766,5463,1410,91,81,
32766,5467,1417,70,101,
32766,5463,1432,81,87,
32766,5467,1412,85,83,
32766,5484,1414,80,84,
32766,5474,1422,79,62,
32766,5462,1424,88,71,
32766,5473,1429,81,62,
32766,5470,1415,76,70,
32766,5473,1389,94,66,
32766,5487,1407,89,93,
32766,5452,1426,116,100,
32766,5457,1440,76,83,
32766,5468,1400,82,46,
32766,5465,1404,90,97,
32766,5450,1416,71,101,
32766,5469,1391,64,97,
32766,5467,1404,91,82,
32766,5460,1403,75,96,
32766,5458,1431,72,67,
32766,5452,1415,83,79,
32766,5469,1424,80,94,
32766,5442,1386,99,93,
32766,5455,1400,77,106,
32766,5479,1412,84,71,
32766,5451,1409,117,44,
32766,5458,1426,92,87,
32766,5471,1422,82,92,
32766,5441,1385,73,78,
32766,5459,1406,47,106,
32766,5437,1411,83,60,
32766,5444,1399,88,92,
32766,5456,1400,84,77,
32766,5438,1403,85,80,
32766,5446,1417,70,81,
32766,5449,1415,72,77,
32766,5442,1414,83,88,
32766,5459,1416,75,74,
32766,5447,1383,63,113,
32766,5436,1435,98,64,
32766,5448,1402,59,66,
32766,5439,1404,75,67,
32766,5444,1417,52,96,
32766,5432,1413,93,55,
32766,5450,1404,71,93,
32766,5442,1418,76,88,
32766,5444,1402,83,96,
32766,5445,1415,88,85,
32766,5440,1410,53,81,
32766,5455,1409,74,73,
32766,5446,1411,67,73,
32766,5449,1414,91,103,
32766,5431,1407,65,92,
32766,5452,1419,90,77,
32766,5460,1411,105,78,
32766,5456,1416,77,87,
32766,5446,1415,79,79,
32766,5459,1392,86,77,
32766,5436,1399,105,69,
32766,5405,1438,78,112,
32766,5413,1415,94,56,
32766,5436,1417,85,78,
32766,5430,1419,93,76,
32766,5431,1400,58,75,
32766,5435,1399,66,88,
32766,5419,1409,70,83,
32766,5430,1398,84,67,
32766,5435,1407,79,51,
32766,5428,1402,72,96,
32766,5452,1403,116,61,
32766,5446,1396,103,82,
32766,5424,1404,87,70,
32766,5431,1397,49,87,
32766,5398,1418,15,59,
32766,5428,1385,34,41,
32766,5443,1416,74,64,
32766,5435,1426,114,70,
32766,5437,1397,102,91,
32766,5436,1401,78,94,
32766,5441,1414,50,62,
32766,5436,1411,88,95,
32766,5429,1411,89,103,
32766,5419,1414,57,82,
32766,5392,1409,90,56,
32766,5429,1415,64,95,
32766,5415,1415,132,100,
32766,5433,1403,79,68,
32766,5421,1375,68,78,
32766,5410,1404,67,93,
32766,5436,1382,65,77,
32766,5410,1412,42,120,
32766,5429,1410,91,80,
32766,5430,1414,91,72,
32766,5430,1402,72,75,
32766,5439,1402,86,77,
32766,5418,1424,85,70,
32766,5427,1406,74,79,
32766,5426,1401,71,98,
32766,5399,1414,60,93,
32766,5424,1415,74,97,
32766,5444,1430,73,82,
32766,5406,1406,74,68,
32766,5424,1408,79,89,
32766,5449,1418,107,99,
32766,5444,1430,108,108,
32766,5447,1429,88,129,
32766,5443,1388,92,83,
32766,5427,1409,57,77,
32766,5427,1425,79,85,
32766,5446,1410,76,94,
32766,5430,1405,59,77,
32766,5437,1408,66,90,
32766,5438,1409,66,77,
32766,5442,1397,101,62,
32766,5437,1434,59,67,
32766,5452,1371,82,55,
32766,5439,1414,28,85,
32766,5434,1403,81,104,
32766,5411,1413,67,124,
32766,5444,1406,66,65,
32766,5443,1430,82,63,
32766,5434,1397,96,81,
32766,5449,1412,89,94,
32766,5437,1397,69,93,
32766,5444,1407,69,104,
32766,5433,1413,69,82,
32766,5439,1416,60,81,
32766,5444,1403,53,106,
32766,5430,1406,70,99,
32766,5445,1391,73,69,
32766,5443,1398,60,74,
32766,5406,1408,99,89,
32766,5449,1397,66,88,
32766,5428,1408,87,109,
32766,5446,1427,102,114,
32766,5413,1410,67,66,
32766,5428,1411,101,109,
32766,5429,1407,83,80,
32766,5426,1396,94,63,
32766,5411,1417,68,84,
32766,5421,1417,62,97,
32766,5405,1412,76,79,
32766,5425,1412,74,89,
32766,5427,1414,76,93,
32766,5414,1414,46,104,
32766,5400,1437,50,74,
32766,5423,1384,89,80,
32766,5414,1410,102,61,
32766,5386,1423,91,72,
32766,5384,1436,81,53,
32766,5408,1406,61,98,
32766,5419,1408,91,79,
32766,5431,1403,93,80,
32766,5407,1414,78,91,
32766,5420,1402,84,86,
32766,5408,1408,61,99,
32766,5421,1407,86,74,
32766,5432,1407,79,59,
32766,5416,1416,102,75,
32766,5433,1416,104,53,
32766,5426,1425,33,105,
32766,5418,1408,48,96,
32766,5429,1431,101,75,
32766,5424,1414,67,91,
32766,5416,1434,103,38,
32766,5424,1399,83,93,
32766,5422,1418,61,86,
32766,5414,1414,78,78,
32766,5430,1403,81,72,
32766,5421,1413,68,93,
32766,5418,1403,92,85,
32766,5432,1385,69,78,
32766,5430,1407,82,97,
32766,5423,1411,70,103,
32766,5416,1392,77,108,
32766,5448,1401,65,86,
32766,5424,1415,84,65,
32766,5409,1398,84,75,
32766,5414,1410,107,82,
32766,5417,1366,92,17,
32766,5419,1385,68,67,
32766,5417,1418,68,61,
32766,5425,1411,54,72,
32766,5425,1393,74,80,
32766,5405,1409,68,80,
32766,5430,1398,85,81,
32766,5428,1390,66,93,
32766,5432,1415,89,73,
32766,5419,1409,79,63,
32766,5428,1403,104,95,
32766,5437,1395,67,104,
32766,5449,1401,89,111,
32766,5392,1423,79,111,
32766,5418,1408,98,71,
32766,5425,1381,28,124,
32766,5446,1367,17,84,
32766,5401,1423,79,98,
32766,5419,1408,69,82,
32766,5421,1405,69,89,
32766,5423,1409,71,104,
32766,5435,1412,82,78,
32766,5430,1394,89,95,
32766,5427,1421,68,84,
32766,5428,1419,63,96,
32766,5413,1413,98,79,
32766,5447,1415,77,89,
32766,5442,1377,53,91,
32766,5420,1404,106,84,
32766,5438,1420,94,96,
32766,5427,1410,45,65,
32766,5423,1413,85,95,
32766,5385,1410,95,82,
32766,5421,1404,79,61,
32766,5417,1407,67,85,
32766,5394,1419,88,72,
32766,5398,1415,63,76,
32766,5406,1397,56,84,
32766,5402,1426,76,71,
32766,5391,1407,65,97,
32766,5403,1412,81,93,
32766,5405,1420,77,87,
32766,5409,1399,119,74,
32766,5416,1400,72,64,
32766,5426,1395,49,78,
32766,5411,1407,66,49,
32766,5412,1416,74,100,
32766,5413,1416,117,94,
32766,5409,1405,108,60,
32766,5419,1405,59,76,
32766,5412,1404,70,74,
32766,5419,1399,86,103,
32766,5402,1414,59,79,
32766,5409,1403,75,89,
32766,5407,1416,74,86,
32766,5420,1401,89,69,
32766,5430,1399,76,66,
32766,5413,1417,88,91,
32766,5417,1393,68,123,
32766,5441,1416,78,77,
32766,5432,1387,31,105,
32766,5419,1409,80,56,
32766,5420,1420,57,63,
32766,5396,1415,76,66,
32766,5416,1406,74,73,
32766,5412,1404,87,79,
32766,5414,1398,96,97,
32766,5386,1404,58,84,
32766,5417,1414,83,78,
32766,5408,1409,75,94,
32766,5433,1412,94,64,
32766,5404,1410,38,120,
32766,5436,1399,61,66,
32766,5406,1419,96,108,
32766,5421,1402,86,79,
32766,5396,1410,63,87,
32766,5430,1404,57,115,
32766,5448,1410,104,89,
32766,5435,1422,83,94,
32766,5420,1418,89,73,
32766,5443,1423,106,101,
32766,5432,1411,85,68,
32766,5445,1400,83,93,
32766,5436,1410,64,73,
32766,5431,1396,73,86,
32766,5427,1422,65,64,
32766,5429,1403,56,63,
32766,5442,1429,95,105,
32766,5419,1413,88,74,
32766,5443,1403,73,61,
32766,5417,1402,54,68,
32766,5378,1420,85,72,
32766,5437,1403,78,76,
32766,5446,1385,62,70,
32766,5453,1398,70,75,
32766,5460,1402,68,82,
32766,5437,1408,86,78,
32766,5436,1410,87,81,
32766,5454,1409,81,92,
32766,5441,1405,64,79,
32766,5443,1414,69,83,
32766,5441,1412,77,108,
32766,5450,1401,81,88,
32766,5456,1382,98,100,
32766,5435,1399,93,88,
32766,5459,1404,85,75,
32766,5418,1404,71,61,
32766,5430,1404,80,77,
32766,5418,1414,67,108,
32766,5415,1403,66,76,
32766,5440,1416,79,74,
32766,5443,1411,78,92,
32766,5426,1423,75,90,
32766,5435,1405,97,69,
32766,5447,1406,57,87,
32766,5445,1403,68,93,
32766,5433,1410,76,46,
32766,5446,1396,91,99,
32766,5448,1421,60,95,
32766,5424,1415,82,91,
32766,5429,1409,98,75,
32766,5440,1408,58,104,
32766,5427,1426,124,54,
32766,5423,1409,72,72,
32766,5426,1411,58,75,
32766,5441,1416,57,68,
32766,5450,1408,59,94,
32766,5432,1418,64,72,
32766,5436,1411,80,97,
32766,5432,1421,80,99,
32766,5435,1405,82,85,
32766,5432,1434,82,76,
32766,5451,1398,94,95,
32766,5413,1412,75,106,
32766,5436,1423,109,43,
32766,5429,1396,87,40,
32766,5453,1388,63,62,
32766,5462,1379,37,72,
32766,5448,1403,73,85,
32766,5428,1427,75,75,
32766,5430,1413,43,90,
32766,5450,1425,73,75,
32766,5441,1408,85,80,
32766,5442,1397,82,74,
32766,5457,1404,76,76,
32766,5441,1414,73,84,
32766,5432,1398,97,72,
32766,5438,1417,91,72,
32766,5478,1420,52,90,
32766,5453,1391,54,74,
32766,5438,1403,54,78,
32766,5421,1411,113,68,
32766,5448,1373,28,75,
32766,5443,1394,59,39,
32766,5438,1400,107,87,
32766,5455,1386,66,71,
32766,5451,1413,91,77,
32766,5421,1404,64,89,
32766,5448,1414,85,70,
32766,5459,1403,76,82,
32766,5469,1416,75,68,
32766,5464,1421,77,70,
32766,5427,1434,50,123,
32766,5445,1399,104,62,
32766,5430,1430,105,55,
32766,5438,1400,43,74,
32766,5448,1390,81,69,
32766,5445,1406,72,72,
32766,5473,1403,76,107,
32766,5451,1440,93,98,
32766,5466,1419,94,82,
32766,5463,1399,81,104,
32766,5450,1430,89,78,
32766,5468,1412,72,76,
32766,5457,1432,65,74,
32766,5446,1415,66,95,
32766,5458,1419,91,88,
32766,5458,1408,112,92,
32766,5454,1419,69,107,
32766,5460,1440,62,71,
32766,5449,1412,67,64,
32766,5453,1432,74,87,
32766,5448,1445,57,123,
32766,5454,1410,99,59,
32766,5459,1402,65,101,
32766,5450,1408,85,97,
32766,5453,1420,91,75,
32766,5461,1423,67,86,
32766,5455,1407,81,71,
32766,5470,1422,95,85,
32766,5454,1410,64,91,
32766,5453,1409,70,94,
32766,5459,1418,91,72,
32766,5477,1396,93,78,
32766,5478,1390,129,49,
32766,5458,1409,107,84,
32766,5474,1411,62,43,
32766,5452,1412,87,80,
32766,5438,1432,65,131,
32766,5443,1417,114,71,
32766,5447,1419,88,72,
32766,5445,1419,92,63,
32766,5469,1415,72,90,
32766,5463,1417,91,74,
32766,5452,1404,61,90,
32766,5467,1400,87,100,
32766,5469,1414,83,85,
32766,5466,1410,35,103,
32766,5473,1411,74,86,
32766,5443,1416,63,142,
32766,5450,1421,77,85,
32766,5473,1409,77,83,
32766,5452,1412,50,74,
32766,5454,1456,90,91,
32766,5463,1418,87,89,
32766,5460,1411,76,65,
32766,5466,1425,59,96,
32766,5464,1417,86,85,
32766,5467,1408,91,80,
32766,5474,1428,62,76,
32766,5476,1417,84,87,
32766,5479,1409,82,69,
32766,5458,1399,97,96,
32766,5471,1397,91,92,
32766,5448,1435,72,50,
32766,5495,1402,60,121,
32766,5477,1418,85,60,
32766,5474,1413,50,101,
32766,5467,1423,94,57,
32766,5466,1422,106,67,
32766,5495,1418,94,76,
32766,5469,1409,56,77,
32766,5466,1415,75,82,
32766,5465,1416,87,83,
32766,5467,1418,92,81,
32766,5458,1409,72,76,
32766,5460,1411,55,78,
32766,5470,1408,63,79,
32766,5446,1414,83,71,
32766,5438,1410,120,66,
32766,5480,1390,61,91,
32766,5453,1406,78,110,
32766,5448,1426,67,97,
32766,5467,1461,70,121,
32766,5443,1421,88,85,
32766,5467,1419,66,101,
32766,5473,1410,65,110,
32766,5455,1409,89,66,
32766,5457,1404,88,110,
32766,5474,1411,79,84,
32766,5464,1415,68,65,
32766,5457,1414,83,76,
32766,5464,1405,84,101,
32766,5488,1414,70,74,
32766,5468,1417,56,91,
32766,5489,1405,53,99,
32766,5494,1414,85,46,
32766,5463,1398,91,84,
32766,5459,1419,36,101,
32766,5471,1424,66,89,
32766,5480,1400,79,104,
32766,5482,1415,98,74,
32766,5466,1411,72,62,
32766,5460,1428,71,68,
32766,5461,1421,93,60,
32766,5477,1421,80,77,
32766,5474,1426,54,86,
32766,5457,1413,87,87,
32766,5480,1419,56,63,
32766,5458,1391,64,81,
32766,5461,1400,46,118,
32766,5473,1402,84,64,
32766,5461,1423,87,104,
32766,5481,1414,17,94,
32766,5452,1416,65,60,
32766,5441,1395,97,97,
32766,5462,1402,77,72,
32766,5454,1406,84,82,
32766,5470,1405,87,77,
32766,5454,1403,101,90,
32766,5451,1422,83,75,
32766,5457,1395,73,69,
32766,5454,1402,86,88,
32766,5446,1409,56,77,
32766,5484,1393,61,103,
32766,5461,1382,120,63,
32766,5455,1397,86,54,
32766,5464,1403,88,102,
32766,5474,1395,127,55,
32766,5422,1420,73,63,
32766,5474,1398,62,119,
32766,5446,1399,82,89,
32766,5451,1413,81,88,
32766,5444,1435,87,95,
32766,5449,1399,93,104,
32766,5440,1436,77,54,
32766,5437,1404,73,106,
32766,5443,1423,72,85,
32766,5439,1400,85,69,
32766,5482,1415,63,68,
32766,5438,1408,98,84,
32766,5442,1406,103,58,
32766,5440,1411,69,69,
32766,5447,1409,52,46,
32766,5434,1413,49,81,
32766,5463,1414,109,95,
32766,5450,1400,85,101,
32766,5438,1394,72,89,
32766,5447,1398,79,59,
32766,5445,1408,83,79,
32766,5441,1405,74,60,
32766,5439,1411,95,83,
32766,5431,1414,78,79,
32766,5423,1400,51,81,
32766,5440,1385,101,81,
32766,5430,1388,93,72,
32766,5447,1392,70,83,
32766,5441,1407,59,68,
32766,5423,1392,75,76,
32766,5403,1410,97,41,
32766,5401,1402,76,72,
32766,5422,1382,79,87,
32766,5419,1416,61,67,
32766,5436,1397,65,87,
32766,5422,1415,70,84,
32766,5411,1399,89,78,
32766,5444,1403,60,75,
32766,5421,1408,86,78,
32766,5431,1400,69,75,
32766,5427,1422,26,100,
32766,5466,1387,110,83,
32766,5419,1402,81,74,
32766,5444,1403,76,72,
32766,5436,1414,67,97,
32766,5418,1451,105,135,
32766,5425,1396,93,49,
32766,5443,1415,85,88,
32766,5424,1415,60,87,
32766,5446,1421,77,98,
32766,5432,1415,98,85,
32766,5444,1409,83,86,
32766,5447,1394,72,73,
32766,5460,1396,88,61,
32766,5440,1418,88,99,
32766,5427,1412,86,60,
32766,5408,1422,96,69,
32766,5426,1413,86,86,
32766,5435,1408,42,112,
32766,5423,1410,64,101,
32766,5428,1407,70,110,
32766,5422,1410,100,79,
32766,5422,1408,80,89,
32766,5436,1410,83,84,
32766,5419,1421,59,70,
32766,5435,1420,75,60,
32766,5428,1423,78,72,
32766,5433,1403,57,88,
32766,5409,1415,99,70,
32766,5429,1414,50,73,
32766,5419,1423,70,88,
32766,5439,1393,62,76,
32766,5423,1408,95,73,
32766,5412,1405,66,102,
32766,5402,1426,85,93,
32766,5443,1406,109,51,
32766,5392,1389,32,53,
32766,5412,1429,72,100,
32766,5423,1422,64,81,
32766,5418,1393,53,111,
32766,5414,1406,83,80,
32766,5407,1399,79,57,
32766,5415,1401,81,83,
32766,5414,1411,88,73,
32766,5417,1411,91,81,
32766,5417,1393,70,102,
32766,5408,1418,66,98,
32766,5397,1399,79,76,
32766,5425,1396,44,88,
32766,5401,1400,74,62,
32766,5400,1390,61,100,
32766,5419,1383,84,66,
32766,5406,1394,84,83,
32766,5433,1411,76,81,
32766,5416,1406,76,55,
32766,5412,1417,89,96,
32766,5433,1405,87,58,
32766,5427,1408,56,67,
32766,5422,1409,68,86,
32766,5422,1405,78,91,
32766,5413,1402,127,97,
32766,5423,1383,72,82,
32766,5437,1423,66,37,
32766,5432,1420,54,78,
32766,5399,1437,57,79,
32766,5407,1418,111,81,
32766,5406,1439,95,127,
32766,5403,1410,77,92,
32766,5403,1393,97,85,
32766,5405,1417,71,76,
32766,5398,1405,91,69,
32766,5408,1422,101,67,
32766,5423,1409,72,87,
32766,5419,1404,73,106,
32766,5428,1411,91,84,
32766,5431,1413,52,91,
32766,5438,1408,86,63,
32766,5436,1431,73,103,
32766,5451,1421,55,50,
32766,5431,1410,59,94,
32766,5447,1365,61,110,
32766,5442,1396,45,103,
32766,5422,1420,58,92,
32766,5455,1408,83,66,
32766,5444,1404,67,102,
32766,5446,1394,81,84,
32766,5425,1413,69,92,
32766,5446,1398,81,90,
32766,5452,1404,64,78,
32766,5438,1405,82,88,
32766,5426,1421,112,104,
32766,5452,1430,95,59,
32766,5426,1385,82,89,
32766,5444,1391,96,66,
32766,5446,1422,99,96,
32766,5445,1387,82,62,
32766,5423,1447,110,99,
32766,5474,1415,106,93,
32766,5430,1406,57,115,
32766,5427,1398,64,83,
32766,5421,1412,80,95,
32766,5412,1394,84,87,
32766,5411,1409,78,94,
32766,5402,1408,82,75,
32766,5394,1391,91,101,
32766,5390,1412,60,62,
32766,5394,1399,118,60,
32766,5411,1425,64,52,
32766,5391,1384,49,81,
32766,5370,1399,101,80,
32766,5383,1409,76,82,
32766,5376,1406,66,97,
32766,5359,1392,125,78,
32766,5351,1402,65,64,
32766,5353,1391,61,72,
32766,5338,1418,54,84,
32766,5357,1401,72,78,
32766,5339,1400,76,80,
32766,5345,1397,58,89,
32766,5364,1406,82,79,
32766,5338,1409,77,77,
32766,5307,1417,68,95,
32766,5314,1395,44,103,
32766,5329,1367,96,97,
32766,5326,1412,109,48,
32766,5337,1412,56,96,
32766,5307,1383,75,98,
32766,5340,1366,50,88,
32766,5311,1412,65,69,
32766,5333,1400,86,59,
32766,5318,1398,91,70,
32766,5308,1404,95,90,
32766,5304,1402,68,97,
32766,5316,1380,68,81,
32766,5323,1383,92,71,
32766,5317,1391,105,77,
32766,5318,1390,77,91,
32766,5315,1388,44,70,
32766,5310,1414,48,96,
32766,5279,1402,81,76,
32766,5307,1387,36,81,
32766,5338,1371,50,98,
32766,5306,1390,51,82,
32766,5305,1396,65,67,
32766,5297,1387,46,86,
32766,5302,1388,67,74,
32766,5300,1390,79,99,
32766,5297,1385,91,83,
32766,5291,1391,74,65,
32766,5306,1405,89,65,
32766,5297,1387,85,92,
32766,5322,1417,80,66,
32766,5278,1392,72,94,
32766,5295,1389,51,78,
32766,5288,1378,96,57,
32766,5270,1382,77,64,
32766,5293,1382,86,68,
32766,5312,1405,74,64,
32766,5283,1390,84,69,
32766,5286,1377,71,76,
32766,5288,1386,75,75,
32766,5280,1390,76,77,
32766,5292,1404,60,58,
32766,5266,1381,74,76,
32766,5277,1380,74,57,
32766,5265,1378,91,72,
32766,5262,1386,76,68,
32766,5273,1397,109,44,
32766,5247,1395,48,90,
32766,5253,1411,62,96,
32766,5278,1388,48,51,
32766,5235,1378,71,56,
32766,5247,1397,33,102,
32766,5247,1382,86,88,
32766,5251,1372,70,73,
32766,5250,1389,74,93,
32766,5236,1395,77,80,
32766,5234,1380,62,91,
32766,5234,1354,73,85,
32766,5243,1380,72,96,
32766,5239,1389,67,57,
32766,5232,1378,80,64,
32766,5255,1384,75,30,
32766,5246,1388,97,66,
32766,5225,1379,43,116,
32766,5247,1366,76,57,
32766,5220,1366,76,57,
32766,5238,1342,51,59,
32766,5232,1381,76,59,
32766,5228,1376,69,78,
32766,5229,1375,64,63,
32766,5231,1361,91,75,
32766,5232,1385,80,91,
32766,5232,1371,68,68,
32766,5208,1390,81,71,
32766,5232,1367,49,79,
32766,5206,1369,56,111,
32766,5209,1390,79,79,
32766,5224,1418,86,73,
32766,5200,1380,60,106,
32766,5234,1363,66,110,
32766,5211,1364,83,47,
32766,5228,1340,77,77,
32766,5203,1346,84,66,
32766,5206,1384,79,103,
32766,5219,1373,76,89,
32766,5229,1368,52,78,
32766,5241,1376,67,76,
32766,5230,1377,85,80,
32766,5214,1377,58,85,
32766,5223,1368,80,85,
32766,5217,1351,88,91,
32766,5224,1357,70,83,
32766,5244,1359,75,54,
32766,5250,1357,68,67,
32766,5227,1388,90,75,
32766,5210,1361,115,106,
32766,5199,1371,76,50,
32766,5213,1352,80,55,
32766,5223,1363,85,95,
32766,5240,1382,74,79,
32766,5239,1377,66,95,
32766,5224,1371,70,77,
32766,5224,1362,75,90,
32766,5220,1377,75,90,
32766,5236,1354,79,99,
32766,5217,1366,68,66,
32766,5247,1338,88,67,
32766,5245,1346,53,39,
32766,5273,1360,37,77,
32766,5241,1357,57,97,
32766,5227,1397,79,124,
32766,5238,1379,128,67,
32766,5228,1374,129,80,
32766,5228,1391,73,91,
32766,5238,1397,82,85,
32766,5236,1368,94,90,
32766,5246,1367,80,60,
32766,5239,1380,57,69,
32766,5239,1366,81,92,
32766,5236,1373,77,82,
32766,5238,1363,38,67,
32766,5237,1415,28,41,
32766,5237,1399,65,77,
32766,5222,1395,37,101,
32766,5229,1390,82,83,
32766,5222,1378,98,95,
32766,5232,1387,110,84,
32766,5227,1397,67,131,
32766,5235,1367,81,57,
32766,5242,1382,59,76,
32766,5225,1375,80,87,
32766,5230,1372,87,93,
32766,5228,1378,66,103,
32766,5237,1370,71,82,
32766,5251,1360,92,71,
32766,5241,1381,89,78,
32766,5224,1383,59,91,
32766,5240,1359,85,60,
32766,5251,1351,113,114,
32766,5240,1390,82,91,
32766,5237,1382,72,67,
32766,5232,1372,79,66,
32766,5254,1375,44,99,
32766,5248,1385,87,90,
32766,5240,1367,73,87,
32766,5251,1374,66,110,
32766,5239,1359,85,95,
32766,5247,1376,93,83,
32766,5260,1386,75,75,
32766,5237,1379,71,66,
32766,5259,1383,64,98,
32766,5228,1367,69,98,
32766,5236,1358,75,65,
32766,5274,1371,67,56,
32766,5237,1369,106,78,
32766,5240,1386,65,118,
32766,5249,1350,29,59,
32766,5256,1386,48,105,
32766,5244,1391,99,122,
32766,5235,1368,81,77,
32766,5262,1370,81,68,
32766,5242,1383,100,77,
32766,5249,1375,61,78,
32766,5244,1381,76,93,
32766,5242,1363,83,65,
32766,5234,1394,89,80,
32766,5261,1392,74,60,
32766,5255,1376,54,128,
32766,5238,1394,48,52,
32766,5249,1402,69,82,
32766,5270,1353,101,74,
32766,5235,1347,109,59,
32766,5227,1341,82,35,
32766,5219,1363,66,71,
32766,5259,1369,73,81,
32766,5275,1376,68,70,
32766,5262,1361,81,82,
32766,5282,1374,75,77,
32766,5246,1365,63,75,
32766,5250,1384,62,77,
32766,5262,1366,68,78,
32766,5261,1394,64,66,
32766,5228,1416,47,97,
32766,5260,1394,71,116,
32766,5255,1389,116,60,
32766,5269,1372,101,96,
32766,5263,1370,40,81,
32766,5243,1372,95,60,
32766,5253,1398,95,88,
32766,5240,1379,88,104,
32766,5272,1374,71,97,
32766,5269,1366,89,91,
32766,5266,1383,65,62,
32766,5263,1374,70,77,
32766,5260,1369,57,86,
32766,5257,1377,74,79,
32766,5262,1389,42,71,
32766,5223,1393,63,104,
32766,5261,1399,50,80,
32766,5266,1383,55,115,
32766,5249,1394,80,100,
32766,5270,1367,49,90,
32766,5261,1384,63,89,
32766,5265,1375,120,86,
32766,5253,1380,80,87,
32766,5245,1365,95,71,
32766,5259,1373,55,80,
32766,5255,1380,94,73,
32766,5255,1383,87,72,
32766,5250,1395,68,71,
32766,5259,1362,65,59,
32766,5230,1376,46,82,
32766,5273,1372,113,45,
32766,5279,1375,90,89,
32766,5275,1358,71,79,
32766,5253,1379,90,72,
32766,5251,1359,44,72,
32766,5238,1368,94,70,
32766,5232,1376,72,107,
32766,5251,1382,66,73,
32766,5246,1394,86,85,
32766,5251,1377,73,67,
32766,5251,1367,78,84,
32766,5258,1379,82,104,
32766,5261,1371,68,81,
32766,5257,1372,90,97,
32766,5247,1374,111,85,
32766,5248,1381,85,88,
32766,5240,1382,66,102,
32766,5250,1402,55,101,
32766,5243,1362,55,73,
32766,5248,1402,91,75,
32766,5247,1396,126,70,
32766,5254,1354,71,97,
32766,5245,1377,85,105,
32766,5247,1377,73,85,
32766,5271,1378,94,75,
32766,5248,1379,62,105,
32766,5252,1379,74,93,
32766,5266,1376,103,78,
32766,5247,1375,89,85,
32766,5256,1375,35,78,
32766,5219,1396,87,55,
32766,5257,1376,82,78,
32766,5230,1365,47,70,
32766,5251,1368,87,79,
32766,5244,1363,45,104,
32766,5255,1368,19,91,
32766,5243,1390,64,118,
32766,5255,1384,66,84,
32766,5242,1377,100,79,
32766,5254,1389,68,77,
32766,5236,1375,94,72,
32766,5251,1368,81,94,
32766,5256,1381,50,88,
32766,5247,1380,63,83,
32766,5252,1373,85,92,
32766,5230,1358,38,82,
32766,5268,1369,59,98,
32766,5253,1351,68,111,
32766,5250,1362,105,34,
32766,5248,1394,94,95,
32766,5270,1387,104,122,
32766,5245,1365,67,76,
32766,5265,1377,56,58,
32766,5263,1373,55,63,
32766,5240,1400,47,97,
32766,5251,1389,59,69,
32766,5258,1368,60,64,
32766,5254,1372,77,81,
32766,5251,1383,66,61,
32766,5257,1387,55,73,
32766,5259,1351,80,89,
32766,5270,1368,69,36,
32766,5278,1355,44,62,
32766,5269,1375,69,89,
32766,5259,1395,44,79,
32766,5219,1362,57,40,
32766,5246,1375,72,106,
32766,5261,1380,80,64,
32766,5240,1383,74,79,
32766,5251,1356,66,69,
32766,5257,1377,82,61,
32766,5247,1370,70,90,
32766,5244,1368,85,73,
32766,5258,1382,65,73,
32766,5243,1374,64,89,
32766,5270,1363,107,80,
32766,5262,1395,79,66,
32766,5267,1349,124,57,
32766,5286,1367,72,59,
32766,5253,1372,61,76,
32766,5233,1363,54,82,
32766,5238,1369,62,93,
32766,5247,1390,95,51,
32766,5279,1373,72,74,
32766,5254,1366,86,91,
32766,5253,1393,64,76,
32766,5267,1390,65,102,
32766,5251,1365,96,83,
32766,5249,1379,78,63,
32766,5248,1358,65,101,
32766,5263,1367,94,52,
32766,5247,1391,101,98,
32766,5243,1374,118,66,
32766,5255,1378,52,61,
32766,5250,1368,79,69,
32766,5264,1371,75,64,
32766,5256,1366,109,72,
32766,5240,1383,65,79,
32766,5258,1386,57,72,
32766,5258,1374,98,85,
32766,5259,1383,68,79,
32766,5265,1378,100,72,
32766,5237,1372,55,73,
32766,5265,1379,52,74,
32766,5262,1367,39,55,
32766,5279,1320,105,71,
32766,5268,1357,108,67,
32766,5250,1372,51,80,
32766,5260,1404,15,94,
32766,5254,1375,77,76,
32766,5236,1382,55,94,
32766,5210,1387,70,57,
32766,5257,1348,68,64,
32766,5254,1362,73,69,
32766,5227,1367,76,91,
32766,5245,1369,91,77,
32766,5256,1381,69,93,
32766,5268,1375,52,87,
32766,5265,1367,61,73,
32766,5247,1382,79,53,
32766,5261,1398,90,77,
32766,5243,1361,73,88,
32766,5242,1399,85,59,
32766,5251,1367,95,55,
32766,5249,1371,76,70,
32766,5242,1357,44,104,
32766,5246,1393,108,94,
32766,5243,1358,96,55,
32766,5236,1379,69,99,
32766,5250,1366,75,71,
32766,5243,1387,72,88,
32766,5252,1392,62,63,
32766,5265,1366,85,78,
32766,5249,1378,91,75,
32766,5239,1366,96,75,
32766,5273,1361,122,54,
32766,5253,1379,44,67,
32766,5239,1396,15,103,
32766,5239,1391,125,43,
32766,5266,1357,71,79,
32766,5258,1364,71,65,
32766,5295,1385,81,110,
32766,5274,1388,96,97,
32766,5254,1379,64,72,
32766,5249,1367,84,78,
32766,5242,1380,74,91,
32766,5255,1365,83,72,
32766,5249,1367,89,84,
32766,5256,1382,77,64,
32766,5248,1383,63,79,
32766,5258,1372,115,105,
32766,5244,1361,51,72,
32766,5233,1369,89,61,
32766,5254,1374,79,61,
32766,5225,1384,80,95,
32766,5276,1369,101,85,
32766,5272,1396,98,97,
32766,5263,1363,71,99,
32766,5258,1392,80,92,
32766,5252,1378,67,84,
32766,5251,1375,98,69,
32766,5243,1369,64,82,
32766,5254,1380,69,78,
32766,5261,1388,83,85,
32766,5264,1378,61,81,
32766,5229,1376,82,96,
32766,5259,1386,42,90,
32766,5270,1379,42,62,
32766,5249,1362,63,75,
32766,5253,1371,72,86,
32766,5261,1407,91,56,
32766,5281,1373,96,113,
32766,5269,1378,103,80,
32766,5246,1376,49,73,
32766,5269,1372,84,66,
32766,5274,1370,88,79,
32766,5271,1367,57,86,
32766,5273,1370,75,68,
32766,5268,1384,76,88,
32766,5244,1387,71,92,
32766,5277,1361,104,57,
32766,5273,1361,89,56,
32766,5263,1373,93,57,
32766,5275,1385,73,68,
32766,5271,1368,79,63,
32766,5284,1347,59,71,
32766,5247,1400,88,75,
32766,5270,1356,89,78,
32766,5275,1375,68,81,
32766,5268,1370,74,88,
32766,5270,1386,76,82,
32766,5256,1379,76,99,
32766,5273,1387,63,73,
32766,5269,1364,97,84,
32766,5262,1369,62,97,
32766,5289,1392,61,73,
32766,5282,1388,78,43,
32766,5295,1368,101,70,
32766,5292,1370,92,74,
32766,5281,1378,60,67,
32766,5274,1380,131,86,
32766,5274,1353,65,57,
32766,5272,1358,76,35,
32766,5283,1381,90,89,
32766,5278,1380,99,69,
32766,5269,1371,76,103,
32766,5271,1366,93,89,
32766,5300,1372,74,78,
32766,5268,1384,62,88,
32766,5280,1367,97,65,
32766,5279,1376,63,79,
32766,5272,1411,62,77,
32766,5266,1394,81,67,
32766,5251,1402,50,58,
32766,5289,1389,85,67,
32766,5268,1384,68,73,
32766,5281,1392,60,122,
32766,5259,1393,116,55,
32766,5284,1392,60,81,
32766,5285,1369,76,88,
32766,5275,1375,71,68,
32766,5288,1367,74,88,
32766,5275,1383,85,83,
32766,5296,1387,51,79,
32766,5274,1372,82,77,
32766,5295,1380,95,83,
32766,5286,1375,45,69,
32766,5283,1393,33,74,
32766,5295,1407,60,60,
32766,5265,1382,94,58,
32766,5307,1389,101,66,
32766,5293,1383,38,95,
32766,5315,1366,71,72,
32766,5287,1403,66,64,
32766,5287,1386,59,88,
32766,5296,1403,75,81,
32766,5299,1383,77,66,
32766,5302,1384,75,75,
32766,5309,1393,65,90,
32766,5289,1382,78,69,
32766,5292,1385,53,62,
32766,5284,1400,63,78,
32766,5319,1356,88,78,
32766,5292,1367,108,68,
32766,5286,1391,69,81,
32766,5288,1371,61,87,
32766,5284,1403,70,104,
32766,5307,1391,36,105,
32766,5324,1387,69,100,
32766,5297,1378,80,67,
32766,5302,1385,58,92,
32766,5302,1395,75,59,
32766,5294,1397,63,70,
32766,5296,1382,75,74,
32766,5304,1387,92,58,
32766,5302,1381,87,85,
32766,5300,1383,26,79,
32766,5324,1362,116,59,
32766,5317,1370,79,67,
32766,5320,1408,51,91,
32766,5307,1371,86,67,
32766,5326,1402,52,105,
32766,5305,1406,69,59,
32766,5322,1393,80,82,
32766,5322,1399,59,74,
32766,5326,1392,82,54,
32766,5333,1389,50,113,
32766,5320,1385,82,58,
32766,5321,1396,73,75,
32766,5333,1389,71,76,
32766,5318,1388,66,66,
32766,5319,1380,94,60,
32766,5293,1376,56,100,
32766,5305,1383,72,60,
32766,5312,1389,78,87,
32766,5330,1376,88,59,
32766,5324,1384,79,74,
32766,5331,1358,45,84,
32766,5324,1386,54,89,
32766,5316,1395,82,71,
32766,5322,1379,95,74,
32766,5335,1386,89,55,
32766,5323,1379,86,89,
32766,5331,1397,58,86,
32766,5310,1390,64,85,
32766,5338,1376,91,61,
32766,5312,1382,89,57,
32766,5310,1358,67,84,
32766,5327,1380,88,63,
32766,5325,1394,86,71,
32766,5305,1394,85,53,
32766,5316,1378,53,84,
32766,5283,1368,82,47,
32766,5289,1383,84,78,
32766,5275,1374,75,68,
32766,5278,1389,58,81,
32766,5285,1396,61,79,
32766,5291,1363,72,94,
32766,5268,1396,74,87,
32766,5276,1369,75,100,
32766,5282,1369,81,68,
32766,5262,1383,82,88,
32766,5268,1347,89,92,
32766,5276,1373,83,61,
32766,5264,1363,100,86,
32766,5231,1360,61,74,
32766,5258,1352,69,104,
32766,5244,1352,76,75,
32766,5229,1385,76,51,
32766,5259,1391,75,66,
32766,5272,1378,75,91,
32766,5266,1380,85,61,
32766,5284,1387,84,93,
32766,5284,1392,82,65,
32766,5301,1409,103,61,
32766,5301,1409,76,67,
32766,5307,1401,78,85,
32766,5319,1398,74,74,
32766,5326,1421,55,73,
32766,5306,1402,57,97,
32766,5328,1381,81,71,
32766,5326,1410,59,66,
32766,5348,1399,37,93,
32766,5350,1423,85,57,
32766,5332,1421,91,40,
32766,5355,1423,72,83,
32766,5367,1421,71,69,
32766,5362,1419,79,84,
32766,5345,1418,83,72,
32766,5354,1424,88,74,
32766,5370,1414,82,77,
32766,5346,1405,80,80,
32766,5362,1400,83,94,
32766,5373,1403,94,68,
32766,5331,1413,78,75,
32766,5366,1410,96,88,
32766,5334,1423,73,102,
32766,5335,1419,76,62,
32766,5329,1420,62,81,
32766,5335,1414,92,105,
32766,5327,1418,84,88,
32766,5319,1413,85,69,
32766,5334,1408,66,99,
32766,5327,1407,70,61,
32766,5318,1407,64,76,
32766,5313,1424,60,78,
32766,5308,1418,91,64,
32766,5328,1409,80,65,
32766,5320,1422,76,44,
32766,5320,1441,54,91,
32766,5306,1439,100,121,
32766,5321,1425,88,88,
32766,5342,1418,70,111,
32766,5301,1418,68,37,
32766,5310,1418,65,94,
32766,5308,1420,77,68,
32766,5336,1413,49,75,
32766,5322,1403,91,76,
32766,5288,1420,64,72,
32766,5301,1409,84,87,
32766,5294,1399,72,87,
32766,5287,1427,93,77,
32766,5295,1389,71,77,
32766,5303,1386,66,49,
32766,5265,1407,98,46,
32766,5305,1393,76,52,
32766,5290,1420,74,82,
32766,5303,1399,33,98,
32766,5317,1434,107,83,
32766,5337,1399,70,131,
32766,5307,1400,87,89,
32766,5297,1404,98,75,
32766,5303,1433,79,75,
32766,5301,1421,60,100,
32766,5303,1396,81,86,
32766,5301,1419,78,66,
32766,5301,1423,74,81,
32766,5269,1424,67,61,
32766,5284,1422,95,88,
32766,5283,1416,64,97,
32766,5287,1398,72,53,
32766,5287,1410,70,92,
32766,5283,1399,23,81,
32766,5281,1428,54,31,
32766,5286,1401,49,82,
32766,5330,1423,70,68,
32766,5341,1423,90,93,
32766,5337,1416,62,82,
32766,5320,1416,73,75,
32766,5345,1421,89,54,
32766,5328,1431,75,106,
32766,5336,1436,74,83,
32766,5335,1413,95,51,
32766,5346,1469,27,40,
32766,5338,1427,90,77,
32766,5355,1458,110,93,
32766,5355,1416,114,56,
32766,5349,1412,12,79,
32766,5356,1428,54,63,
32766,5354,1425,47,99,
32766,5346,1439,66,68,
32766,5341,1417,98,78,
32766,5354,1414,69,95,
32766,5329,1434,67,100,
32766,5338,1420,88,67,
32766,5333,1440,74,89,
32766,5332,1434,82,72,
32766,5321,1421,70,113,
32766,5328,1414,92,81,
32766,5331,1427,81,41,
32766,5373,1386,87,75,
32766,5326,1432,34,101,
32766,5307,1414,63,86,
32766,5315,1401,72,55,
32766,5328,1428,67,87,
32766,5331,1432,50,90,
32766,5341,1436,38,53,
32766,5336,1441,51,81,
32766,5333,1430,78,53,
32766,5330,1435,75,76,
32766,5325,1418,77,81,
32766,5319,1406,89,71,
32766,5314,1420,88,68,
32766,5316,1398,28,106,
32766,5324,1402,92,82,
32766,5317,1409,52,70,
32766,5322,1461,75,69,
32766,5312,1438,69,78,
32766,5319,1414,80,72,
32766,5345,1442,71,93,
32766,5327,1424,70,71,
32766,5332,1436,88,75,
32766,5325,1423,60,88,
32766,5321,1431,70,92,
32766,5312,1429,82,67,
32766,5314,1427,73,50,
32766,5307,1420,76,79,
32766,5324,1427,55,91,
32766,5323,1393,58,94,
32766,5325,1441,86,76,
32766,5356,1386,72,91,
32766,5311,1413,95,83,
32766,5313,1429,105,53,
32766,5304,1456,108,61,
32766,5290,1402,97,48,
32766,5304,1395,47,73,
32766,5299,1416,64,91,
32766,5318,1417,75,69,
32766,5312,1424,84,62,
32766,5310,1412,68,45,
32766,5299,1419,86,75,
32766,5311,1417,68,84,
32766,5305,1400,57,84,
32766,5311,1430,36,65,
32766,5338,1378,61,68,
32766,5297,1427,103,84,
32766,5297,1415,98,60,
32766,5310,1412,95,64,
32766,5297,1404,41,73,
32766,5299,1426,68,100,
32766,5297,1391,66,83,
32766,5292,1412,58,64,
32766,5287,1420,76,66,
32766,5278,1413,78,65,
32766,5267,1405,65,88,
32766,5280,1421,58,63,
32766,5294,1414,78,87,
32766,5293,1414,101,68,
32766,5301,1428,41,92,
32766,5292,1417,93,106,
32766,5335,1400,64,107,
32766,5281,1406,94,47,
32766,5297,1419,82,92,
32766,5278,1421,92,94,
32766,5302,1403,98,116,
32766,5302,1414,73,35,
32766,5301,1412,83,77,
32766,5295,1428,68,104,
32766,5306,1424,51,77,
32766,5297,1412,76,77,
32766,5313,1418,71,87,
32766,5312,1412,77,87,
32766,5293,1421,63,85,
32766,5308,1433,70,52,
32766,5307,1438,99,72,
32766,5269,1415,44,105,
32766,5305,1416,100,116,
32766,5299,1397,84,66,
32766,5287,1404,27,105,
32766,5290,1400,113,54,
32766,5293,1426,83,95,
32766,5305,1414,46,70,
32766,5316,1403,55,79,
32766,5289,1405,55,80,
32766,5302,1400,65,83,
32766,5305,1403,81,64,
32766,5301,1399,85,85,
32766,5311,1415,64,88,
32766,5305,1395,41,62,
32766,5301,1414,81,72,
32766,5281,1409,68,82,
32766,5282,1439,65,83,
32766,5301,1405,94,48,
32766,5300,1423,67,78,
32766,5292,1415,60,130,
32766,5275,1423,74,91,
32766,5307,1434,75,74,
32766,5311,1438,70,102,
32766,5298,1409,67,96,
32766,5301,1419,92,59,
32766,5313,1389,75,69,
32766,5292,1428,77,76,
32766,5299,1410,83,84,
32766,5302,1419,53,83,
32766,5292,1438,85,58,
32766,5292,1418,93,100,
32766,5292,1434,94,57,
32766,5305,1425,68,53,
32766,5311,1432,49,96,
32766,5294,1413,10,97,
32766,5306,1418,97,43,
32766,5298,1416,71,68,
32766,5299,1409,92,88,
32766,5288,1414,85,94,
32766,5295,1418,103,64,
32766,5295,1429,74,66,
32766,5294,1414,69,106,
32766,5315,1413,68,87,
32766,5309,1420,78,92,
32766,5331,1406,63,59,
32766,5334,1421,81,39,
32766,5285,1392,95,53,
32766,5311,1410,65,75,
32766,5313,1402,67,73,
32766,5326,1403,110,63,
32766,5327,1426,75,99,
32766,5321,1410,61,63,
32766,5327,1420,74,74,
32766,5298,1424,69,82,
32766,5310,1418,72,104,
32766,5305,1435,74,102,
32766,5305,1422,98,90,
32766,5323,1389,85,79,
32766,5293,1434,80,88,
32766,5302,1417,149,30,
32766,5285,1424,76,79,
32766,5278,1421,88,68,
32766,5295,1411,54,76,
32766,5265,1412,100,83,
32766,5302,1370,19,99,
32766,5291,1397,89,66,
32766,5288,1403,82,94,
32766,5292,1393,63,80,
32766,5288,1418,73,81,
32766,5294,1403,93,94,
32766,5290,1407,69,96,
32766,5291,1415,58,67,
32766,5283,1396,75,99,
32766,5302,1406,69,88,
32766,5306,1401,40,126,
32766,5287,1399,71,49,
32766,5291,1405,36,74,
32766,5323,1408,72,108,
32766,5313,1391,117,42,
32766,5291,1403,19,80,
32766,5306,1406,62,92,
32766,5301,1411,87,95,
32766,5321,1416,92,54,
32766,5324,1431,86,85,
32766,5318,1421,80,58,
32766,5313,1414,80,83,
32766,5322,1410,72,72,
32766,5322,1417,74,75,
32766,5334,1429,70,101,
32766,5329,1397,41,97,
32766,5324,1433,52,108,
32766,5345,1423,77,76,
32766,5341,1417,51,44,
32766,5329,1432,67,104,
32766,5324,1438,131,61,
32766,5354,1426,82,79,
32766,5342,1413,89,99,
32766,5318,1420,80,85,
32766,5320,1410,81,84,
32766,5317,1434,62,81,
32766,5323,1421,72,90,
32766,5286,1405,89,93,
32766,5315,1431,73,81,
32766,5296,1431,91,83,
32766,5281,1427,84,99,
32766,5319,1422,53,57,
32766,5351,1389,83,36,
32766,5313,1429,84,78,
32766,5302,1430,39,96,
32766,5317,1432,36,126,
32766,5270,1436,42,101,
32766,5293,1397,90,72,
32766,5286,1427,81,77,
32766,5279,1415,101,73,
32766,5271,1392,73,71,
32766,5274,1413,68,69,
32766,5293,1419,70,59,
32766,5290,1401,84,83,
32766,5292,1413,63,59,
32766,5297,1405,92,81,
32766,5248,1400,51,81,
32766,5251,1418,84,75,
32766,5257,1428,67,72,
32766,5274,1413,78,78,
32766,5312,1398,65,108,
32766,5292,1404,53,63,
32766,5287,1425,100,63,
32766,5282,1407,73,101,
32766,5264,1424,94,80,
32766,5292,1410,66,94,
32766,5295,1424,72,82,
32766,5298,1416,74,67,
32766,5305,1401,86,78,
32766,5313,1417,98,98,
32766,5322,1417,58,101,
32766,5292,1423,87,63,
32766,5313,1428,93,77,
32766,5335,1408,103,70,
32766,5317,1419,73,45,
32766,5304,1465,103,98,
32766,5324,1434,64,95,
32766,5306,1443,100,66,
32766,5320,1415,66,98,
32766,5329,1406,62,79,
32766,5322,1409,87,71,
32766,5320,1421,79,89,
32766,5300,1414,95,72,
32766,5293,1405,79,75,
32766,5300,1432,94,89,
32766,5286,1412,59,80,
32766,5293,1387,76,85,
32766,5288,1432,104,106,
32766,5292,1382,70,97,
32766,5288,1425,55,96,
32766,5307,1456,65,111,
32766,5325,1430,61,99,
32766,5261,1431,112,44,
32766,5306,1421,60,87,
32766,5282,1438,84,88,
32766,5293,1422,94,76,
32766,5301,1446,73,78,
32766,5301,1429,71,60,
32766,5299,1421,77,106,
32766,5306,1408,71,95,
32766,5310,1439,68,74,
32766,5326,1393,72,110,
32766,5318,1425,60,70,
32766,5317,1459,52,80,
32766,5337,1424,67,75,
32766,5304,1431,47,68,
32766,5325,1458,51,118,
32766,5291,1462,84,61,
32766,5311,1430,58,66,
32766,5335,1425,62,83,
32766,5320,1420,76,88,
32766,5320,1434,68,77,
32766,5325,1430,68,58,
32766,5318,1425,87,89,
32766,5330,1421,63,74,
32766,5335,1449,63,63,
32766,5319,1410,77,117,
32766,5300,1426,74,51,
32766,5302,1440,25,83,
32766,5313,1427,75,89,
32766,5315,1442,5,89,
32766,5350,1408,50,97,
32766,5305,1429,74,88,
32766,5303,1413,88,88,
32766,5297,1418,98,98,
32766,5286,1420,72,72,
32766,5304,1426,61,85,
32766,5297,1443,67,85,
32766,5316,1419,97,84,
32766,5302,1429,75,72,
32766,5291,1428,60,80,
32766,5317,1461,67,40,
32766,5305,1413,92,70,
32766,5254,1410,86,59,
32766,5294,1426,79,44,
32766,5302,1417,56,66,
32766,5280,1446,69,70,
32766,5272,1410,30,62,
32766,5291,1426,76,50,
32766,5299,1427,72,67,
32766,5321,1434,76,65,
32766,5323,1416,49,82,
32766,5314,1421,80,83,
32766,5301,1428,82,56,
32766,5325,1420,75,73,
32766,5336,1431,85,91,
32766,5330,1437,52,66,
32766,5294,1440,86,85,
32766,5322,1429,67,93,
32766,5299,1423,81,75,
32766,5312,1441,90,66,
32766,5324,1455,75,81,
32766,5314,1438,96,40,
32766,5313,1425,73,65,
32766,5317,1419,124,41,
32766,5310,1443,81,84,
32766,5301,1415,78,88,
32766,5319,1416,75,85,
32766,5298,1440,102,67,
32766,5302,1441,68,94,
32766,5310,1437,76,68,
32766,5301,1408,87,76,
32766,5320,1424,115,49,
32766,5295,1433,42,94,
32766,5303,1417,85,97,
32766,5283,1419,94,68,
32766,5298,1425,57,36,
32766,5316,1429,69,95,
32766,5275,1449,99,77,
32766,5304,1425,81,80,
32766,5294,1426,91,75,
32766,5293,1430,83,78,
32766,5304,1423,73,95,
32766,5309,1429,67,86,
32766,5312,1411,98,80,
32766,5291,1416,89,85,
32766,5301,1413,71,81,
32766,5297,1415,60,98,
32766,5293,1461,45,47,
32766,5295,1415,108,80,
32766,5295,1423,73,79,
32766,5308,1443,96,71,
32766,5283,1436,72,123,
32766,5305,1399,80,61,
32766,5293,1426,62,52,
32766,5294,1429,71,91,
32766,5273,1436,96,62,
32766,5287,1411,83,102,
32766,5298,1415,72,58,
32766,5300,1423,58,85,
32766,5300,1428,72,82,
32766,5300,1423,75,91,
32766,5306,1436,29,79,
32766,5295,1420,131,75,
32766,5300,1429,58,137,
32766,5298,1434,97,71,
32766,5315,1409,79,81,
32766,5318,1427,75,48,
32766,5312,1409,45,70,
32766,5320,1447,65,78,
32766,5317,1435,59,73,
32766,5315,1432,77,91,
32766,5338,1411,66,87,
32766,5333,1441,65,74,
32766,5334,1426,73,90,
32766,5334,1432,84,65,
32766,5338,1429,81,77,
32766,5334,1440,63,58,
32766,5330,1406,73,96,
32766,5326,1427,76,69,
32766,5355,1438,54,69,
32766,5381,1428,74,120,
32766,5381,1425,94,86,
32766,5342,1456,84,88,
32766,5378,1443,90,87,
32766,5365,1451,89,77,
32766,5369,1446,88,100,
32766,5382,1429,92,89,
32766,5396,1447,67,73,
32766,5386,1451,87,90,
32766,5395,1436,67,69,
32766,5405,1449,76,64,
32766,5404,1484,68,59,
32766,5416,1447,50,99,
32766,5397,1458,43,100,
32766,5436,1461,53,88,
32766,5458,1444,63,99,
32766,5479,1481,44,98,
32766,5484,1458,80,92,
32766,5497,1470,66,88,
32766,5526,1473,86,104,
32766,5541,1473,81,73,
32766,5577,1470,83,72,
32766,5576,1459,65,113,
32766,5612,1466,75,93,
32766,5659,1488,60,79,
32766,5716,1496,69,75,
32766,5761,1449,101,84,
32766,5778,1527,76,88,
32766,5902,1511,48,97,
32766,5984,1516,51,61,
32766,6034,1537,116,82,
32766,6131,1525,84,98,
32766,6159,1544,87,78,
32766,6071,1544,82,58,
32766,6051,1536,105,93,
32766,6027,1529,73,81,
32766,6017,1512,100,97,
32766,6022,1528,81,80,
32766,5975,1530,81,87,
32766,5962,1515,74,74,
32766,5927,1493,81,93,
32766,5924,1522,78,55,
32766,5889,1514,54,86,
32766,5884,1518,84,90,
32766,5863,1492,79,63,
32766,5821,1479,65,94,
32766,5809,1495,37,113,
32766,5805,1466,22,77,
32766,5751,1495,69,87,
32766,5743,1488,85,81,
32766,5712,1476,109,105,
32766,5736,1471,73,101,
32766,5729,1481,65,91,
32766,5730,1471,89,89,
32766,5705,1469,89,60,
32766,5702,1462,78,80,
32766,5706,1455,104,102,
32766,5718,1467,91,82,
32766,5701,1481,100,118,
32766,5719,1466,78,81,
32766,5721,1466,72,69,
32766,5725,1472,106,62,
32766,5727,1490,58,120,
32766,5760,1468,64,93,
32766,5770,1488,70,71,
32766,5772,1490,71,97,
32766,5752,1503,72,92,
32766,5751,1476,75,81,
32766,5741,1459,60,91,
32766,5758,1474,95,69,
32766,5756,1478,73,61,
32766,5750,1474,97,70,
32766,5759,1456,93,68,
32766,5729,1497,79,63,
32766,5796,1484,63,81,
32766,5799,1488,54,89,
32766,5822,1498,97,52,
32766,5841,1505,92,84,
32766,5852,1473,74,70,
32766,5886,1486,74,94,
32766,5902,1509,62,84,
32766,5941,1501,48,76,
32766,5940,1511,79,105,
32766,5979,1513,72,102,
32766,5977,1524,82,72,
32766,6005,1516,76,74,
32766,6022,1499,60,58,
32766,6046,1524,77,86,
32766,6029,1520,59,101,
32766,6037,1528,50,81,
32766,6047,1503,78,85,
32766,6063,1518,53,83,
32766,6055,1524,78,79,
32766,6088,1533,106,83,
32766,6077,1513,81,89,
32766,6104,1513,69,78,
32766,6115,1532,81,80,
32766,6108,1528,59,82,
32766,6116,1515,60,92,
32766,6103,1528,76,95,
32766,6119,1511,66,81,
32766,6115,1540,89,96,
32766,6113,1510,76,85,
32766,6108,1561,36,69,
32766,6126,1512,65,104,
32766,6106,1533,56,99,
32766,6124,1491,69,74,
32766,6097,1516,100,66,
32766,6121,1541,35,93,
32766,6117,1519,66,79,
32766,6106,1532,79,86,
32766,6119,1516,76,77,
32766,6112,1512,62,75,
32766,6135,1512,69,66,
32766,6131,1512,85,79,
32766,6113,1523,76,90,
32766,6143,1504,95,66,
32766,6118,1548,78,85,
32766,6114,1540,70,116,
32766,6153,1516,81,52,
32766,6158,1513,56,94,
32766,6132,1521,70,79,
32766,6119,1510,99,74,
32766,6094,1521,60,66,
32766,6105,1526,77,75,
32766,6143,1527,88,77,
32766,6127,1522,53,91,
32766,6127,1516,83,108,
32766,6112,1523,69,63,
32766,6112,1521,87,72,
32766,6115,1532,73,93,
32766,6126,1516,83,69,
32766,6111,1538,57,104,
32766,6096,1548,63,104,
32766,6091,1518,76,119,
32766,6089,1527,54,76,
32766,6102,1527,55,68,
32766,6071,1529,98,89,
32766,6092,1535,71,68,
32766,6079,1517,61,106,
32766,6054,1527,75,77,
32766,6067,1537,88,83,
32766,6054,1511,65,85,
32766,6039,1521,59,93,
32766,6049,1534,76,81,
32766,6061,1510,67,87,
32766,6044,1522,72,90,
32766,6047,1513,17,93,
32766,6053,1540,41,80,
32766,6043,1503,60,106,
32766,6029,1527,77,97,
32766,6023,1497,48,69,
32766,6027,1501,22,112,
32766,6031,1497,119,81,
32766,6011,1505,79,67,
32766,6008,1498,77,86,
32766,6013,1505,55,77,
32766,6008,1513,75,87,
32766,6012,1512,81,68,
32766,6019,1508,84,82,
32766,6005,1510,48,99,
32766,5990,1503,79,74,
32766,6015,1509,51,79,
32766,6035,1536,28,100,
32766,6093,1506,99,68,
32766,6102,1509,81,66,
32766,6112,1520,68,102,
32766,6187,1493,69,52,
32766,6224,1537,81,92,
32766,6308,1527,71,84,
32766,6371,1553,59,83,
32766,6485,1553,62,75,
32766,6631,1573,85,82,
32766,6803,1603,66,97,
32766,6907,1606,66,85,
32766,7006,1620,80,100,
32766,7073,1637,73,103,
32766,7180,1648,72,90,
32766,7291,1680,70,81,
32766,7410,1680,59,71,
32766,7548,1716,63,86,
32766,7678,1696,87,71,
32766,7780,1722,59,82,
32766,7799,1731,98,75,
32766,7824,1736,51,77,
32766,7777,1747,64,106,
32766,7722,1730,72,89,
32766,7640,1714,78,80,
32766,7559,1734,90,92,
32766,7448,1694,69,94,
32766,7357,1689,65,107,
32766,7240,1677,79,85,
32766,7124,1664,53,75,
32766,7034,1669,68,67,
32766,6942,1631,60,99,
32766,6862,1609,106,70,
32766,6765,1611,88,97,
32766,6706,1599,119,34,
32766,6627,1610,108,88,
32766,6619,1596,56,96,
32766,6530,1570,71,112,
32766,6472,1589,89,100,
32766,6428,1576,58,80,
32766,6416,1566,59,104,
32766,6381,1555,73,92,
32766,6354,1569,67,84,
32766,6328,1572,49,88,
32766,6307,1547,81,91,
32766,6304,1563,38,72,
32766,6298,1536,101,100,
32766,6264,1543,55,108,
32766,6205,1543,69,112,
32766,6181,1559,81,103,
32766,6163,1506,19,94,
32766,6128,1518,51,78,
32766,6120,1531,62,113,
32766,6070,1523,74,96,
32766,6066,1540,69,67,
32766,6075,1536,60,57,
32766,6084,1525,86,83,
32766,6089,1521,75,81,
32766,6112,1536,69,74,
32766,6102,1539,81,85,
32766,6103,1502,59,55,
32766,6114,1499,93,102,
32766,6109,1547,39,109,
32766,6118,1539,93,94,
32766,6142,1523,91,92,
32766,6129,1520,66,89,
32766,6105,1543,71,61,
32766,6140,1519,37,96,
32766,6151,1540,89,93,
32766,6150,1538,71,98,
32766,6138,1526,62,92,
32766,6141,1529,59,82,
32766,6145,1531,88,91,
32766,6162,1531,80,69,
32766,6172,1540,64,83,
32766,6193,1535,90,96,
32766,6252,1554,34,75,
32766,6264,1548,63,118,
32766,6304,1551,75,78,
32766,6357,1568,65,99,
32766,6403,1594,94,70,
32766,6483,1574,48,99,
32766,6553,1614,66,103,
32766,6593,1599,70,104,
32766,6655,1597,105,83,
32766,6695,1604,71,96,
32766,6731,1603,79,79,
32766,6739,1615,80,89,
32766,6722,1589,74,87,
32766,6702,1586,95,88,
32766,6665,1594,79,76,
32766,6647,1580,73,61,
32766,6593,1556,62,94,
32766,6565,1583,107,108,
32766,6523,1578,81,73,
32766,6488,1559,45,95,
32766,6462,1587,86,72,
32766,6429,1590,64,95,
32766,6410,1545,86,73,
32766,6373,1563,89,85,
32766,6331,1537,81,82,
32766,6266,1564,69,88,
32766,6245,1540,62,86,
32766,6201,1530,65,85,
32766,6173,1529,74,74,
32766,6145,1518,72,89,
32766,6125,1539,49,72,
32766,6116,1523,42,76,
32766,6071,1522,108,99,
32766,6059,1520,78,88,
32766,6061,1539,82,87,
32766,6087,1491,74,49,
32766,6013,1500,53,86,
32766,6031,1502,73,71,
32766,6045,1513,55,99,
32766,6031,1521,87,95,
32766,6048,1531,71,75,
32766,6029,1514,80,82,
32766,6043,1518,89,79,
32766,6028,1522,67,84,
32766,6015,1515,90,87,
32766,6022,1494,87,98,
32766,6053,1487,62,133,
32766,6037,1526,77,61,
32766,6040,1523,28,106,
32766,6036,1510,49,71,
32766,6017,1536,105,83,
32766,6030,1537,67,100,
32766,6009,1530,94,92,
32766,6022,1531,74,64,
32766,6028,1526,87,66,
32766,6029,1523,57,96,
32766,6031,1523,65,76,
32766,6015,1530,75,100,
32766,6037,1538,67,79,
32766,6046,1519,89,85,
32766,6042,1531,54,78,
32766,6054,1522,85,89,
32766,6049,1524,107,51,
32766,6056,1517,80,102,
32766,6083,1525,74,110,
32766,6070,1529,28,52,
32766,6059,1552,85,62,
32766,6068,1518,101,83,
32766,6096,1537,52,78,
32766,6121,1535,85,92,
32766,6127,1537,90,71,
32766,6138,1530,73,98,
32766,6145,1543,53,87,
32766,6158,1535,75,89,
32766,6209,1537,50,102,
32766,6195,1538,60,84,
32766,6201,1564,72,95,
32766,6236,1537,62,110,
32766,6217,1525,58,104,
32766,6213,1543,72,80,
32766,6240,1544,66,80,
32766,6204,1557,61,89,
32766,6224,1563,75,110,
32766,6258,1534,73,82,
32766,6269,1560,75,75,
32766,6258,1542,56,82,
32766,6281,1569,65,87,
32766,6305,1550,87,78,
32766,6340,1582,89,85,
32766,6339,1567,85,73,
32766,6351,1566,78,108,
32766,6366,1567,92,78,
32766,6373,1571,79,62,
32766,6375,1584,53,60,
32766,6407,1539,76,79,
32766,6407,1556,90,75,
32766,6446,1561,82,76,
32766,6454,1565,80,75,
32766,6476,1564,71,123,
32766,6448,1552,93,71,
32766,6485,1572,68,79,
32766,6467,1567,57,89,
32766,6500,1564,103,82,
32766,6509,1572,86,82,
32766,6523,1575,60,89,
32766,6528,1553,84,72,
32766,6551,1582,67,125,
32766,6581,1581,76,100,
32766,6569,1598,65,79,
32766,6604,1587,55,87,
32766,6640,1561,43,65,
32766,6656,1611,67,100,
32766,6617,1584,88,64,
32766,6639,1598,91,97,
32766,6640,1579,67,61,
32766,6642,1600,53,75,
32766,6665,1597,73,111,
32766,6654,1597,77,92,
32766,6662,1596,83,71,
32766,6675,1580,75,82,
32766,6690,1606,71,101,
32766,6670,1604,96,79,
32766,6710,1599,92,98,
32766,6731,1609,70,88,
32766,6754,1618,81,110,
32766,6752,1590,44,81,
32766,6746,1634,76,91,
32766,6793,1603,44,87,
32766,6790,1604,121,62,
32766,6800,1614,63,88,
32766,6772,1609,92,71,
32766,6779,1612,83,83,
32766,6760,1626,92,104,
32766,6757,1628,63,95,
32766,6742,1601,81,71,
32766,6700,1603,74,84,
32766,6657,1604,93,100,
32766,6634,1603,87,66,
32766,6613,1581,58,122,
32766,6590,1597,80,105,
32766,6518,1594,61,93,
32766,6505,1570,60,110,
32766,6485,1594,77,92,
32766,6456,1585,63,116,
32766,6445,1573,66,74,
32766,6402,1589,68,85,
32766,6373,1571,92,87,
32766,6365,1576,73,82,
32766,6343,1567,72,83,
32766,6305,1575,71,79,
32766,6301,1558,77,72,
32766,6291,1562,60,81,
32766,6294,1547,92,97,
32766,6298,1576,69,95,
32766,6349,1550,38,83,
32766,6347,1584,86,97,
32766,6362,1558,55,101,
32766,6371,1542,93,63,
32766,6409,1572,95,92,
32766,6413,1574,88,60,
32766,6457,1587,59,70,
32766,6518,1588,67,89,
32766,6563,1582,69,78,
32766,6634,1597,51,86,
32766,6641,1590,75,76,
32766,6659,1604,74,99,
32766,6706,1605,66,85,
32766,6743,1592,107,83,
32766,6798,1618,81,85,
32766,6858,1611,27,130,
32766,6884,1609,51,96,
32766,6942,1608,74,93,
32766,6969,1634,92,74,
32766,7021,1615,67,65,
32766,7123,1665,89,79,
32766,7195,1655,73,101,
32766,7244,1655,78,88,
32766,7326,1671,75,103,
32766,7417,1675,71,100,
32766,7513,1705,74,113,
32766,7630,1716,76,98,
32766,7722,1718,88,93,
32766,7847,1752,67,86,
32766,7925,1776,82,64,
32766,7975,1788,101,87,
32766,8073,1775,91,86,
32766,8208,1831,67,102,
32766,8302,1817,113,60,
32766,8410,1870,68,109,
32766,8507,1860,70,91,
32766,8555,1890,59,77,
32766,8569,1917,68,98,
32766,8570,1934,72,103,
32766,8554,1932,115,103,
32766,8533,1922,86,87,
32766,8518,1918,63,98,
32766,8469,1927,109,78,
32766,8442,1931,109,109,
32766,8423,1914,71,103,
32766,8403,1917,67,106,
32766,8389,1899,63,110,
32766,8376,1914,74,98,
32766,8352,1890,73,89,
32766,8339,1892,103,99,
32766,8312,1893,68,92,
32766,8309,1890,88,89,
32766,8331,1889,101,97,
32766,8342,1915,73,92,
32766,8325,1899,56,93,
32766,8278,1892,85,105,
32766,8284,1889,67,110,
32766,8266,1863,85,70,
32766,8274,1871,58,93,
32766,8213,1865,92,120,
32766,8211,1872,79,94,
32766,8185,1853,98,99,
32766,8174,1849,78,96,
32766,8150,1879,69,123,
32766,8137,1881,80,132,
32766,8111,1850,93,105,
32766,8078,1857,103,98,
32766,8049,1825,85,96,
32766,8031,1835,85,97,
32766,7975,1854,78,101,
32766,7954,1824,72,76,
32766,7926,1814,91,123,
32766,7904,1804,79,82,
32766,7863,1800,119,114,
32766,7832,1758,83,93,
32766,7796,1806,79,116,
32766,7793,1760,80,103,
32766,7776,1770,95,91,
32766,7725,1785,90,83,
32766,7697,1760,74,76,
32766,7652,1764,47,95,
32766,7638,1766,81,73,
32766,7610,1742,97,83,
32766,7604,1741,71,102,
32766,7585,1741,103,73,
32766,7570,1734,83,99,
32766,7540,1779,99,94,
32766,7502,1737,85,91,
32766,7462,1716,107,102,
32766,7430,1715,63,107,
32766,7381,1707,97,58,
32766,7310,1697,78,90,
32766,7263,1698,64,92,
32766,7240,1692,51,88,
32766,7222,1683,59,112,
32766,7215,1685,138,55,
32766,7223,1691,81,70,
32766,7227,1681,92,102,
32766,7237,1684,86,87,
32766,7242,1667,81,97,
32766,7211,1675,75,99,
32766,7192,1673,64,88,
32766,7181,1681,63,102,
32766,7162,1669,82,92,
32766,7183,1658,82,91,
32766,7185,1689,56,100,
32766,7263,1635,72,93,
32766,7305,1692,90,74,
32766,7331,1696,90,89,
32766,7388,1702,53,101,
32766,7410,1709,101,85,
32766,7489,1710,39,130,
32766,7549,1715,55,96,
32766,7616,1736,84,100,
32766,7669,1752,73,126,
32766,7724,1757,79,88,
32766,7757,1765,83,92,
32766,7819,1748,40,82,
32766,7812,1765,101,93,
32766,7831,1773,73,81,
32766,7824,1740,58,103,
32766,7805,1772,76,104,
32766,7814,1777,87,92,
32766,7808,1750,74,97,
32766,7838,1753,65,97,
32766,7869,1783,83,111,
32766,7854,1760,53,91,
32766,7862,1780,84,105,
32766,7826,1777,81,79,
32766,7851,1740,63,76,
32766,7843,1765,69,110,
32766,7856,1773,99,111,
32766,7824,1750,75,86,
32766,7829,1780,95,88,
32766,7795,1770,100,92,
32766,7773,1737,88,96,
32766,7708,1764,81,73,
32766,7695,1747,58,121,
32766,7695,1758,39,109,
32766,7678,1744,54,86,
32766,7657,1743,59,92,
32766,7636,1739,90,85,
32766,7620,1732,76,91,
32766,7635,1749,69,112,
32766,7580,1754,123,60,
32766,7591,1749,89,102,
32766,7571,1743,79,82,
32766,7550,1733,68,93,
32766,7535,1736,78,103,
32766,7537,1733,84,81,
32766,7524,1733,99,94,
32766,7518,1731,74,113,
32766,7522,1743,78,67,
32766,7499,1722,77,90,
32766,7509,1700,58,76,
32766,7502,1740,76,128,
32766,7519,1698,70,87,
32766,7473,1749,101,94,
32766,7484,1742,58,116,
32766,7484,1721,55,104,
32766,7480,1721,57,102,
32766,7471,1727,54,120,
32766,7444,1725,51,108,
32766,7423,1719,59,90,
32766,7394,1715,102,90,
32766,7334,1699,86,92,
32766,7318,1694,50,74,
32766,7270,1687,92,86,
32766,7192,1678,54,112,
32766,7159,1672,62,105,
32766,7116,1680,107,125,
32766,7080,1670,70,103,
32766,7039,1665,45,71,
32766,7027,1665,76,91,
32766,6982,1638,89,81,
32766,6948,1632,82,79,
32766,6893,1635,78,85,
32766,6875,1647,87,84,
32766,6839,1622,88,100,
32766,6827,1616,63,91,
32766,6808,1623,85,89,
32766,6820,1613,70,76,
32766,6845,1607,74,95,
32766,6836,1632,116,86,
32766,6837,1643,105,77,
32766,6861,1629,76,93,
32766,6862,1622,69,69,
32766,6845,1641,63,110,
32766,6892,1629,82,89,
32766,6894,1626,43,89,
32766,6908,1619,77,89,
32766,6906,1628,83,79,
32766,6934,1624,70,83,
32766,6904,1632,72,75,
32766,6920,1637,78,98,
32766,6908,1637,59,100,
32766,6923,1618,62,72,
32766,6929,1618,104,72,
32766,6919,1638,67,121,
32766,6915,1630,103,72,
32766,6900,1613,91,108,
32766,6874,1647,84,93,
32766,6898,1640,97,100,
32766,6910,1646,64,82,
32766,6895,1644,91,68,
32766,6919,1643,78,99,
32766,6913,1616,75,78,
32766,6910,1621,74,102,
32766,6930,1619,47,95,
32766,6916,1625,77,114,
32766,6910,1648,73,96,
32766,6921,1618,65,96,
32766,6917,1629,56,80,
32766,6907,1637,63,60,
32766,6926,1637,96,85,
32766,6943,1642,86,95,
32766,6922,1639,85,77,
32766,6923,1598,45,94,
32766,6945,1638,103,63,
32766,6942,1613,93,74,
32766,6930,1635,92,85,
32766,6936,1641,64,102,
32766,6922,1628,82,104,
32766,6920,1624,62,85,
32766,6908,1616,87,100,
32766,6882,1624,66,95,
32766,6896,1614,75,89,
32766,6882,1631,24,95,
32766,6886,1623,65,79,
32766,6885,1626,82,84,
32766,6874,1640,58,111,
32766,6899,1600,87,95,
32766,6877,1628,63,30,
32766,6899,1626,61,94,
32766,6869,1602,75,79,
32766,6858,1603,51,91,
32766,6841,1610,59,94,
32766,6826,1616,62,81,
32766,6857,1622,70,70,
32766,6837,1614,69,88,
32766,6835,1601,75,94,
32766,6839,1624,84,101,
32766,6837,1608,100,75,
32766,6843,1617,69,108,
32766,6857,1595,65,139,
32766,6863,1620,103,89,
32766,6834,1604,63,87,
32766,6837,1599,80,77,
32766,6820,1604,30,92,
32766,6822,1614,91,84,
32766,6842,1622,65,106,
32766,6837,1621,94,81,
32766,6846,1615,71,105,
32766,6838,1614,81,94,
32766,6853,1627,85,60,
32766,6831,1611,71,96,
32766,6806,1616,75,82,
32766,6828,1601,82,92,
32766,6831,1604,53,110,
32766,6819,1614,62,69,
32766,6817,1602,53,97,
32766,6817,1600,87,72,
32766,6811,1612,63,89,
32766,6787,1645,90,137,
32766,6848,1595,75,125,
32766,6823,1608,72,91,
32766,6798,1609,60,88,
32766,6802,1607,49,79,
32766,6815,1613,80,83,
32766,6788,1609,59,71,
32766,6798,1618,55,97,
32766,6788,1601,52,95,
32766,6780,1619,67,90,
32766,6796,1601,107,91,
32766,6763,1595,89,66,
32766,6767,1610,86,69,
32766,6775,1625,71,93,
32766,6788,1583,59,70,
32766,6786,1631,76,63,
32766,6785,1606,76,80,
32766,6780,1608,63,105,
32766,6771,1606,76,89,
32766,6785,1598,79,79,
32766,6774,1599,69,85,
32766,6791,1607,78,78,
32766,6782,1596,87,81,
32766,6790,1600,57,85,
32766,6774,1611,73,88,
32766,6765,1622,70,56,
32766,6742,1618,80,105,
32766,6782,1605,79,78,
32766,6754,1608,87,83,
32766,6778,1610,80,92,
32766,6775,1627,75,109,
32766,6788,1591,97,79,
32766,6798,1608,60,100,
32766,6784,1608,67,108,
32766,6793,1607,65,99,
32766,6777,1611,89,73,
32766,6786,1607,80,73,
32766,6792,1595,83,119,
32766,6778,1609,57,82,
32766,6785,1598,72,73,
32766,6763,1609,62,85,
32766,6791,1603,58,91,
32766,6780,1612,67,84,
32766,6798,1589,74,93,
32766,6818,1617,91,103,
32766,6792,1620,93,104,
32766,6803,1608,68,82,
32766,6800,1605,92,77,
32766,6784,1601,73,99,
32766,6795,1622,76,85,
32766,6787,1604,72,91,
32766,6780,1597,60,90,
32766,6779,1594,68,82,
32766,6754,1618,70,96,
32766,6749,1611,90,81,
32766,6763,1603,63,88,
32766,6752,1621,54,89,
32766,6790,1575,50,110,
32766,6755,1571,27,112,
32766,6764,1596,61,96,
32766,6734,1612,85,82,
32766,6740,1602,51,91,
32766,6735,1604,61,95,
32766,6740,1595,82,86,
32766,6743,1611,84,95,
32766,6743,1596,75,78,
32766,6735,1612,76,73,
32766,6748,1608,85,82,
32766,6716,1601,61,87,
32766,6719,1584,73,96,
32766,6733,1585,88,72,
32766,6734,1579,66,79,
32766,6715,1601,70,88,
32766,6732,1584,74,100,
32766,6753,1592,104,106,
32766,6748,1588,81,81,
32766,6746,1610,52,79,
32766,6754,1574,63,43,
32766,6754,1590,87,66,
32766,6761,1605,68,113,
32766,6770,1608,74,72,
32766,6752,1603,68,83,
32766,6756,1595,84,104,
32766,6751,1615,87,87,
32766,6753,1610,58,95,
32766,6754,1623,99,82,
32766,6745,1602,73,82,
32766,6768,1619,80,79,
32766,6730,1600,77,82,
32766,6746,1612,75,62,
32766,6750,1597,114,68,
32766,6745,1617,77,81,
32766,6737,1633,64,94,
32766,6731,1613,107,85,
32766,6739,1600,82,77,
32766,6749,1607,76,88,
32766,6739,1583,80,75,
32766,6743,1604,48,80,
32766,6727,1610,91,80,
32766,6724,1590,81,102,
32766,6730,1598,97,73,
32766,6726,1619,77,82,
32766,6727,1599,89,96,
32766,6716,1575,84,68,
32766,6701,1565,98,78,
32766,6720,1604,69,117,
32766,6686,1586,79,113,
32766,6688,1587,48,63,
32766,6681,1579,82,84,
32766,6681,1577,99,108,
32766,6664,1611,90,93,
32766,6667,1593,77,105,
32766,6646,1594,63,89,
32766,6658,1589,83,80,
32766,6638,1598,81,90,
32766,6637,1595,79,92,
32766,6625,1597,71,92,
32766,6616,1590,120,105,
32766,6603,1588,33,95,
32766,6622,1598,90,109,
32766,6627,1578,86,60,
32766,6608,1608,117,87,
32766,6607,1592,126,88,
32766,6589,1601,118,71,
32766,6593,1563,43,90,
32766,6592,1584,87,70,
32766,6598,1582,69,71,
32766,6578,1603,81,72,
32766,6580,1575,75,69,
32766,6566,1596,67,83,
32766,6562,1572,72,80,
32766,6560,1578,87,80,
32766,6534,1592,79,82,
32766,6537,1588,89,109,
32766,6539,1553,94,71,
32766,6516,1570,98,87,
32766,6521,1570,67,80,
32766,6509,1593,65,103,
32766,6516,1551,116,60,
32766,6506,1588,80,78,
32766,6532,1576,35,100,
32766,6504,1586,69,91,
32766,6516,1568,55,83,
32766,6509,1570,85,85,
32766,6512,1597,60,69,
32766,6503,1571,69,70,
32766,6494,1568,87,72,
32766,6461,1572,71,84,
32766,6492,1585,68,73,
32766,6488,1578,78,76,
32766,6482,1580,79,110,
32766,6463,1556,78,83,
32766,6456,1583,51,65,
32766,6453,1578,29,102,
32766,6430,1571,84,60,
32766,6451,1559,95,93,
32766,6437,1577,78,92,
32766,6431,1565,82,88,
32766,6432,1575,83,103,
32766,6426,1565,66,84,
32766,6406,1569,97,90,
32766,6415,1583,59,98,
32766,6403,1573,61,89,
32766,6400,1555,51,69,
32766,6412,1555,86,85,
32766,6415,1547,59,52,
32766,6419,1549,91,102,
32766,6401,1551,82,90,
32766,6398,1571,46,80,
32766,6398,1564,78,91,
32766,6407,1569,77,90,
32766,6406,1566,88,80,
32766,6390,1569,70,101,
32766,6399,1561,80,85,
