0,0,22311,419,32766,
0,0,22312,420,32766,
0,0,22301,421,32766,
0,0,22300,415,32766,
0,0,22301,420,32766,
0,0,22318,414,32766,
0,0,22338,437,32766,
0,0,22405,431,32766,
0,0,22445,437,32766,
0,0,22491,442,32766,
0,0,22540,433,32766,
0,0,22592,437,32766,
0,0,22628,433,32766,
0,0,22657,418,32766,
0,0,22719,416,32766,
0,0,22714,412,32766,
0,0,22692,416,32766,
0,0,22623,401,32766,
0,0,22542,389,32766,
0,0,22442,377,32766,
0,0,22349,377,32766,
0,0,22256,378,32766,
0,0,22186,370,32766,
0,0,22104,363,32766,
0,0,22033,371,32766,
0,0,21904,345,32766,
0,0,21768,339,32766,
0,0,21665,349,32766,
0,0,21517,326,32766,
0,0,21372,334,32766,
0,0,21257,339,32766,
0,0,21137,342,32766,
0,0,20966,335,32766,
0,0,20820,327,32766,
0,0,20113,356,32766,
0,0,19795,325,32766,
0,0,19448,340,32766,
0,0,19172,287,32766,
0,0,19196,301,32766,
0,0,19238,294,32766,
0,0,19234,289,32766,
0,0,19337,285,32766,
0,0,19336,287,32766,
0,0,19344,281,32766,
0,0,19325,269,32766,
0,0,19311,293,32766,
0,0,19298,298,32766,
0,0,19345,297,32766,
0,0,19380,319,32766,
0,0,19391,314,32766,
0,0,19433,316,32766,
0,0,19475,299,32766,
0,0,19521,314,32766,
0,0,19569,307,32766,
0,0,19601,316,32766,
0,0,19669,328,32766,
0,0,19707,338,32766,
0,0,19741,334,32766,
0,0,19769,336,32766,
0,0,19800,333,32766,
0,0,19806,314,32766,
0,0,19838,332,32766,
0,0,19900,328,32766,
0,0,19961,321,32766,
0,0,20030,319,32766,
0,0,20102,304,32766,
0,0,20146,320,32766,
0,0,20200,310,32766,
0,0,20217,301,32766,
0,0,20244,311,32766,
0,0,20243,301,32766,
0,0,20254,310,32766,
0,0,20262,314,32766,
0,0,20263,314,32766,
0,0,20265,316,32766,
0,0,20261,314,32766,
0,0,20267,324,32766,
0,0,20257,320,32766,
0,0,20218,312,32766,
0,0,20175,324,32766,
0,0,20122,305,32766,
0,0,20058,304,32766,
0,0,20025,306,32766,
0,0,19995,304,32766,
0,0,19981,281,32766,
0,0,19976,283,32766,
0,0,19942,281,32766,
0,0,19917,288,32766,
0,0,19892,285,32766,
0,0,19894,286,32766,
0,0,19849,289,32766,
0,0,19863,293,32766,
0,0,19846,278,32766,
0,0,19838,270,32766,
0,0,19826,271,32766,
0,0,19823,294,32766,
0,0,19779,273,32766,
0,0,19742,276,32766,
0,0,19732,267,32766,
0,0,19690,275,32766,
0,0,19672,273,32766,
0,0,19644,272,32766,
0,0,19608,264,32766,
0,0,19570,267,32766,
0,0,19521,269,32766,
0,0,19462,291,32766,
0,0,19380,270,32766,
0,0,19271,263,32766,
0,0,19157,265,32766,
0,0,19025,285,32766,
0,0,18889,253,32766,
0,0,18698,256,32766,
0,0,18717,249,32766,
0,0,18643,243,32766,
0,0,18575,234,32766,
0,0,18641,245,32766,
0,0,18658,235,32766,
0,0,18738,215,32766,
0,0,18759,221,32766,
0,0,18863,219,32766,
0,0,18930,221,32766,
0,0,19019,222,32766,
0,0,19054,236,32766,
0,0,19121,222,32766,
0,0,19176,249,32766,
0,0,19203,235,32766,
0,0,19222,233,32766,
0,0,19222,247,32766,
0,0,19235,247,32766,
0,0,19236,253,32766,
0,0,19263,248,32766,
0,0,19247,271,32766,
0,0,19267,268,32766,
0,0,19238,264,32766,
0,0,19242,272,32766,
0,0,19224,270,32766,
0,0,19207,291,32766,
0,0,19205,281,32766,
0,0,19205,277,32766,
0,0,19212,286,32766,
0,0,19204,279,32766,
0,0,19206,281,32766,
0,0,19209,301,32766,
0,0,19250,300,32766,
0,0,19240,291,32766,
0,0,19248,297,32766,
0,0,19260,306,32766,
0,0,19277,299,32766,
0,0,19299,304,32766,
0,0,19303,302,32766,
0,0,19328,287,32766,
0,0,19365,331,32766,
0,0,19374,311,32766,
0,0,19398,302,32766,
0,0,19440,304,32766,
0,0,19474,297,32766,
0,0,19479,294,32766,
0,0,19513,300,32766,
0,0,19538,298,32766,
0,0,19570,288,32766,
0,0,19585,297,32766,
0,0,19602,278,32766,
0,0,19608,281,32766,
0,0,19613,268,32766,
0,0,19639,261,32766,
0,0,19627,283,32766,
0,0,19639,276,32766,
0,0,19642,273,32766,
0,0,19643,277,32766,
0,0,19653,271,32766,
0,0,19637,259,32766,
0,0,19643,265,32766,
0,0,19657,279,32766,
0,0,19663,248,32766,
0,0,19668,263,32766,
0,0,19690,267,32766,
0,0,19686,271,32766,
0,0,19692,259,32766,
0,0,19704,272,32766,
0,0,19705,257,32766,
0,0,19730,251,32766,
0,0,19741,270,32766,
0,0,19767,267,32766,
0,0,19781,268,32766,
0,0,19786,260,32766,
0,0,19823,267,32766,
0,0,19843,265,32766,
0,0,19853,267,32766,
0,0,19877,264,32766,
0,0,19891,267,32766,
0,0,19885,261,32766,
0,0,19917,271,32766,
0,0,19937,266,32766,
0,0,19922,269,32766,
0,0,19931,300,32766,
0,0,19969,287,32766,
0,0,19958,294,32766,
0,0,19968,276,32766,
0,0,19940,253,32766,
0,0,19936,263,32766,
0,0,19940,281,32766,
0,0,19926,265,32766,
0,0,19923,271,32766,
0,0,19903,274,32766,
0,0,19893,272,32766,
0,0,19892,264,32766,
0,0,19876,270,32766,
0,0,19898,267,32766,
0,0,19901,271,32766,
0,0,19911,248,32766,
0,0,19947,256,32766,
0,0,19982,252,32766,
0,0,20011,247,32766,
0,0,20050,237,32766,
0,0,20059,252,32766,
0,0,20083,259,32766,
0,0,20092,249,32766,
0,0,20134,241,32766,
0,0,20156,241,32766,
0,0,20168,238,32766,
0,0,20195,254,32766,
0,0,20224,247,32766,
0,0,20245,239,32766,
0,0,20269,240,32766,
0,0,20301,225,32766,
0,0,20344,221,32766,
0,0,20396,227,32766,
0,0,20436,217,32766,
0,0,20469,229,32766,
0,0,20504,222,32766,
0,0,20491,222,32766,
0,0,20467,228,32766,
0,0,20454,223,32766,
0,0,20407,218,32766,
0,0,20390,225,32766,
0,0,20353,217,32766,
0,0,20345,218,32766,
0,0,20337,221,32766,
0,0,20320,227,32766,
0,0,20287,202,32766,
0,0,20265,235,32766,
0,0,20238,220,32766,
0,0,20211,225,32766,
0,0,20180,225,32766,
0,0,20162,227,32766,
0,0,20122,247,32766,
0,0,20069,241,32766,
0,0,20035,253,32766,
0,0,20000,248,32766,
0,0,19955,237,32766,
0,0,19914,253,32766,
0,0,19914,262,32766,
0,0,19927,249,32766,
0,0,19937,248,32766,
0,0,19950,259,32766,
0,0,19987,269,32766,
0,0,19990,265,32766,
0,0,20028,237,32766,
0,0,20046,258,32766,
0,0,20070,264,32766,
0,0,20062,241,32766,
0,0,20058,244,32766,
0,0,20066,252,32766,
0,0,20068,265,32766,
0,0,20092,254,32766,
0,0,20087,260,32766,
0,0,20102,269,32766,
0,0,20116,268,32766,
0,0,20119,267,32766,
0,0,20136,274,32766,
0,0,20152,273,32766,
0,0,20165,262,32766,
0,0,20171,245,32766,
0,0,20190,277,32766,
0,0,20192,269,32766,
0,0,20220,262,32766,
0,0,20230,256,32766,
0,0,20247,257,32766,
0,0,20270,263,32766,
0,0,20262,262,32766,
0,0,20290,270,32766,
0,0,20296,266,32766,
0,0,20309,268,32766,
0,0,20306,277,32766,
0,0,20312,258,32766,
0,0,20307,274,32766,
0,0,20309,258,32766,
0,0,20306,268,32766,
0,0,20289,262,32766,
0,0,20307,257,32766,
0,0,20331,269,32766,
0,0,20334,261,32766,
0,0,20317,268,32766,
0,0,20330,269,32766,
0,0,20352,245,32766,
0,0,20354,262,32766,
0,0,20364,267,32766,
0,0,20354,237,32766,
0,0,20369,264,32766,
0,0,20369,254,32766,
0,0,20387,271,32766,
0,0,20383,259,32766,
0,0,20392,261,32766,
0,0,20416,256,32766,
0,0,20411,254,32766,
0,0,20417,265,32766,
0,0,20412,250,32766,
0,0,20450,254,32766,
0,0,20419,250,32766,
0,0,20431,257,32766,
0,0,20452,252,32766,
0,0,20457,258,32766,
0,0,20445,267,32766,
0,0,20458,272,32766,
0,0,20446,255,32766,
0,0,20447,269,32766,
0,0,20442,259,32766,
0,0,20432,260,32766,
0,0,20443,254,32766,
0,0,20403,264,32766,
0,0,20392,257,32766,
0,0,20367,256,32766,
0,0,20331,251,32766,
0,0,20330,254,32766,
0,0,20326,253,32766,
0,0,20297,249,32766,
0,0,20270,249,32766,
0,0,20236,257,32766,
0,0,20209,256,32766,
0,0,20164,262,32766,
0,0,20128,264,32766,
0,0,20081,261,32766,
0,0,20030,274,32766,
0,0,19993,255,32766,
0,0,19951,242,32766,
0,0,19926,250,32766,
0,0,19892,266,32766,
0,0,19871,263,32766,
0,0,19849,266,32766,
0,0,19840,277,32766,
0,0,19816,266,32766,
0,0,19780,266,32766,
0,0,19772,286,32766,
0,0,19763,260,32766,
0,0,19748,254,32766,
0,0,19727,255,32766,
0,0,19708,267,32766,
0,0,19692,235,32766,
0,0,19718,254,32766,
0,0,19703,248,32766,
0,0,19712,272,32766,
0,0,19705,255,32766,
0,0,19704,263,32766,
0,0,19692,264,32766,
0,0,19667,265,32766,
0,0,19667,270,32766,
0,0,19668,280,32766,
0,0,19664,271,32766,
0,0,19670,274,32766,
0,0,19673,265,32766,
0,0,19657,257,32766,
0,0,19682,267,32766,
0,0,19667,283,32766,
0,0,19655,263,32766,
0,0,19646,269,32766,
0,0,19652,276,32766,
0,0,19639,260,32766,
0,0,19607,286,32766,
0,0,19599,270,32766,
0,0,19594,272,32766,
0,0,19581,268,32766,
0,0,19593,280,32766,
0,0,19567,293,32766,
0,0,19570,301,32766,
0,0,19561,282,32766,
0,0,19568,266,32766,
0,0,19595,288,32766,
0,0,19619,312,32766,
0,0,19641,299,32766,
0,0,19666,282,32766,
0,0,19691,284,32766,
0,0,19733,282,32766,
0,0,19750,287,32766,
0,0,19767,280,32766,
0,0,19790,288,32766,
0,0,19809,276,32766,
0,0,19832,286,32766,
0,0,19867,257,32766,
0,0,19898,252,32766,
0,0,19913,273,32766,
0,0,19943,263,32766,
0,0,19947,293,32766,
0,0,19968,266,32766,
0,0,20005,259,32766,
0,0,20037,259,32766,
0,0,20054,252,32766,
0,0,20076,262,32766,
0,0,20082,262,32766,
0,0,20094,270,32766,
0,0,20108,252,32766,
0,0,20116,263,32766,
0,0,20137,267,32766,
0,0,20149,275,32766,
0,0,20138,271,32766,
0,0,20151,262,32766,
0,0,20162,251,32766,
0,0,20156,280,32766,
0,0,20145,279,32766,
0,0,20160,256,32766,
0,0,20164,268,32766,
0,0,20166,261,32766,
0,0,20168,253,32766,
0,0,20169,260,32766,
0,0,20190,258,32766,
0,0,20201,264,32766,
0,0,20208,260,32766,
0,0,20235,237,32766,
0,0,20242,274,32766,
0,0,20247,266,32766,
0,0,20266,255,32766,
0,0,20276,257,32766,
0,0,20278,270,32766,
0,0,20298,262,32766,
0,0,20296,253,32766,
0,0,20309,247,32766,
0,0,20307,256,32766,
0,0,20339,263,32766,
0,0,20327,256,32766,
0,0,20336,252,32766,
0,0,20350,257,32766,
0,0,20363,244,32766,
0,0,20358,281,32766,
0,0,20369,262,32766,
0,0,20364,259,32766,
0,0,20349,269,32766,
0,0,20368,257,32766,
0,0,20354,280,32766,
0,0,20367,258,32766,
0,0,20373,258,32766,
0,0,20355,260,32766,
0,0,20349,266,32766,
0,0,20349,267,32766,
0,0,20363,266,32766,
0,0,20341,264,32766,
0,0,20329,274,32766,
0,0,20339,259,32766,
0,0,20321,287,32766,
0,0,20315,293,32766,
0,0,20307,279,32766,
0,0,20306,287,32766,
0,0,20287,279,32766,
0,0,20297,290,32766,
0,0,20271,277,32766,
0,0,20270,274,32766,
0,0,20285,285,32766,
0,0,20292,280,32766,
0,0,20298,273,32766,
0,0,20333,282,32766,
0,0,20321,283,32766,
0,0,20320,267,32766,
0,0,20321,281,32766,
0,0,20286,275,32766,
0,0,20300,296,32766,
0,0,20308,272,32766,
0,0,20321,281,32766,
0,0,20347,303,32766,
0,0,20363,286,32766,
0,0,20353,287,32766,
0,0,20361,286,32766,
0,0,20357,281,32766,
0,0,20351,283,32766,
0,0,20332,295,32766,
0,0,20336,284,32766,
0,0,20324,285,32766,
0,0,20326,283,32766,
0,0,20323,269,32766,
0,0,20328,281,32766,
0,0,20316,284,32766,
0,0,20317,294,32766,
0,0,20316,283,32766,
0,0,20312,298,32766,
0,0,20303,294,32766,
0,0,20313,286,32766,
0,0,20291,293,32766,
0,0,20291,271,32766,
0,0,20295,287,32766,
0,0,20318,287,32766,
0,0,20309,288,32766,
0,0,20319,278,32766,
0,0,20302,285,32766,
0,0,20326,281,32766,
0,0,20331,282,32766,
0,0,20325,291,32766,
0,0,20338,292,32766,
0,0,20326,285,32766,
0,0,20354,284,32766,
0,0,20348,286,32766,
0,0,20367,288,32766,
0,0,20377,281,32766,
0,0,20389,292,32766,
0,0,20396,290,32766,
0,0,20406,282,32766,
0,0,20374,290,32766,
0,0,20388,274,32766,
0,0,20403,282,32766,
0,0,20389,289,32766,
0,0,20386,284,32766,
0,0,20381,287,32766,
0,0,20381,284,32766,
0,0,20380,274,32766,
0,0,20389,292,32766,
0,0,20390,282,32766,
0,0,20373,283,32766,
0,0,20370,285,32766,
0,0,20388,272,32766,
0,0,20360,281,32766,
0,0,20368,291,32766,
0,0,20353,287,32766,
0,0,20371,290,32766,
0,0,20405,273,32766,
0,0,20375,283,32766,
0,0,20383,282,32766,
0,0,20382,295,32766,
0,0,20381,276,32766,
0,0,20386,290,32766,
0,0,20384,285,32766,
0,0,20406,294,32766,
0,0,20397,283,32766,
0,0,20434,290,32766,
0,0,20416,285,32766,
0,0,20429,276,32766,
0,0,20432,292,32766,
0,0,20429,283,32766,
0,0,20459,281,32766,
0,0,20468,268,32766,
0,0,20458,292,32766,
0,0,20453,289,32766,
0,0,20462,285,32766,
0,0,20453,283,32766,
0,0,20456,284,32766,
0,0,20458,297,32766,
0,0,20451,291,32766,
0,0,20478,294,32766,
0,0,20450,289,32766,
0,0,20450,291,32766,
0,0,20450,280,32766,
0,0,20433,275,32766,
0,0,20436,291,32766,
0,0,20422,297,32766,
0,0,20400,279,32766,
0,0,20405,291,32766,
0,0,20403,267,32766,
0,0,20406,287,32766,
0,0,20395,293,32766,
0,0,20400,286,32766,
0,0,20399,291,32766,
0,0,20394,281,32766,
0,0,20407,294,32766,
0,0,20408,292,32766,
0,0,20397,297,32766,
0,0,20413,285,32766,
0,0,20417,286,32766,
0,0,20415,293,32766,
0,0,20401,283,32766,
0,0,20407,274,32766,
0,0,20422,280,32766,
0,0,20430,283,32766,
0,0,20435,282,32766,
0,0,20446,287,32766,
0,0,20437,290,32766,
0,0,20423,275,32766,
0,0,20437,280,32766,
0,0,20456,289,32766,
0,0,20456,285,32766,
0,0,20450,279,32766,
0,0,20464,298,32766,
0,0,20439,279,32766,
0,0,20449,288,32766,
0,0,20448,301,32766,
0,0,20471,270,32766,
0,0,20447,285,32766,
0,0,20429,283,32766,
0,0,20416,283,32766,
0,0,20410,296,32766,
0,0,20404,298,32766,
0,0,20395,277,32766,
0,0,20396,288,32766,
0,0,20382,283,32766,
0,0,20391,286,32766,
0,0,20375,296,32766,
0,0,20369,281,32766,
0,0,20370,299,32766,
0,0,20364,292,32766,
0,0,20376,307,32766,
0,0,20361,284,32766,
0,0,20393,269,32766,
0,0,20416,283,32766,
0,0,20427,280,32766,
0,0,20446,290,32766,
0,0,20450,287,32766,
0,0,20443,296,32766,
0,0,20448,288,32766,
0,0,20444,304,32766,
0,0,20443,287,32766,
0,0,20414,291,32766,
0,0,20432,286,32766,
0,0,20424,299,32766,
0,0,20424,299,32766,
0,0,20439,295,32766,
0,0,20430,299,32766,
0,0,20434,279,32766,
0,0,20452,305,32766,
0,0,20463,289,32766,
0,0,20475,279,32766,
0,0,20475,276,32766,
0,0,20454,302,32766,
0,0,20462,304,32766,
0,0,20455,285,32766,
0,0,20446,281,32766,
0,0,20436,288,32766,
0,0,20437,304,32766,
0,0,20431,290,32766,
0,0,20459,289,32766,
0,0,20464,299,32766,
0,0,20468,295,32766,
0,0,20471,285,32766,
0,0,20455,282,32766,
0,0,20449,291,32766,
0,0,20465,294,32766,
0,0,20475,289,32766,
0,0,20466,293,32766,
0,0,20470,290,32766,
0,0,20495,290,32766,
0,0,20468,284,32766,
0,0,20485,279,32766,
0,0,20491,282,32766,
0,0,20500,286,32766,
0,0,20508,287,32766,
0,0,20515,295,32766,
0,0,20501,269,32766,
0,0,20501,279,32766,
0,0,20509,293,32766,
0,0,20512,279,32766,
0,0,20500,292,32766,
0,0,20508,292,32766,
0,0,20516,305,32766,
0,0,20523,289,32766,
0,0,20525,284,32766,
0,0,20520,280,32766,
0,0,20505,290,32766,
0,0,20526,273,32766,
0,0,20512,267,32766,
0,0,20522,285,32766,
0,0,20489,282,32766,
0,0,20493,284,32766,
0,0,20485,293,32766,
0,0,20489,292,32766,
0,0,20472,286,32766,
0,0,20465,301,32766,
0,0,20469,284,32766,
0,0,20455,268,32766,
0,0,20453,284,32766,
0,0,20454,298,32766,
0,0,20445,274,32766,
0,0,20463,284,32766,
0,0,20505,280,32766,
0,0,20518,277,32766,
0,0,20521,283,32766,
0,0,20519,285,32766,
0,0,20554,279,32766,
0,0,20533,291,32766,
0,0,20538,293,32766,
0,0,20544,275,32766,
0,0,20524,277,32766,
0,0,20524,267,32766,
0,0,20533,283,32766,
0,0,20521,283,32766,
0,0,20529,281,32766,
0,0,20523,282,32766,
0,0,20525,287,32766,
0,0,20534,284,32766,
0,0,20553,285,32766,
0,0,20577,282,32766,
0,0,20557,288,32766,
0,0,20546,277,32766,
0,0,20544,284,32766,
0,0,20528,281,32766,
0,0,20520,273,32766,
0,0,20516,292,32766,
0,0,20501,300,32766,
0,0,20511,284,32766,
0,0,20501,288,32766,
0,0,20501,268,32766,
0,0,20501,275,32766,
0,0,20524,294,32766,
0,0,20501,291,32766,
0,0,20513,291,32766,
0,0,20519,284,32766,
0,0,20504,285,32766,
0,0,20497,278,32766,
0,0,20514,283,32766,
0,0,20514,281,32766,
0,0,20510,286,32766,
0,0,20518,280,32766,
0,0,20521,292,32766,
0,0,20528,290,32766,
0,0,20523,274,32766,
0,0,20524,283,32766,
0,0,20511,290,32766,
0,0,20517,277,32766,
0,0,20529,292,32766,
0,0,20508,281,32766,
0,0,20513,277,32766,
0,0,20525,272,32766,
0,0,20539,273,32766,
0,0,20531,277,32766,
0,0,20532,299,32766,
0,0,20525,294,32766,
0,0,20528,281,32766,
0,0,20525,291,32766,
0,0,20515,299,32766,
0,0,20525,298,32766,
0,0,20507,284,32766,
0,0,20519,295,32766,
0,0,20453,297,32766,
0,0,20457,287,32766,
0,0,20528,280,32766,
0,0,20533,286,32766,
0,0,20550,277,32766,
0,0,20540,286,32766,
0,0,20556,270,32766,
0,0,20550,285,32766,
0,0,20532,285,32766,
0,0,20524,276,32766,
0,0,20509,278,32766,
0,0,20495,290,32766,
0,0,20486,276,32766,
0,0,20470,301,32766,
0,0,20463,295,32766,
0,0,20454,287,32766,
0,0,20470,283,32766,
0,0,20480,297,32766,
0,0,20519,288,32766,
0,0,20524,282,32766,
0,0,20516,281,32766,
0,0,20515,283,32766,
0,0,20506,275,32766,
0,0,20498,287,32766,
0,0,20513,259,32766,
0,0,20487,287,32766,
0,0,20478,279,32766,
0,0,20482,290,32766,
0,0,20480,300,32766,
0,0,20505,295,32766,
0,0,20502,286,32766,
0,0,20508,281,32766,
0,0,20508,278,32766,
0,0,20475,288,32766,
0,0,20509,285,32766,
0,0,20503,283,32766,
0,0,20494,285,32766,
0,0,20501,292,32766,
0,0,20502,295,32766,
0,0,20506,274,32766,
0,0,20518,288,32766,
0,0,20510,287,32766,
0,0,20523,306,32766,
0,0,20517,288,32766,
0,0,20496,284,32766,
0,0,20501,299,32766,
0,0,20506,282,32766,
0,0,20491,289,32766,
0,0,20514,280,32766,
0,0,20516,283,32766,
0,0,20500,280,32766,
0,0,20510,286,32766,
0,0,20506,284,32766,
0,0,20515,296,32766,
0,0,20522,289,32766,
0,0,20493,284,32766,
0,0,20497,281,32766,
0,0,20486,296,32766,
0,0,20516,293,32766,
0,0,20477,290,32766,
0,0,20482,284,32766,
0,0,20495,274,32766,
0,0,20474,278,32766,
0,0,20499,275,32766,
0,0,20483,283,32766,
0,0,20489,285,32766,
0,0,20487,286,32766,
0,0,20488,291,32766,
0,0,20488,294,32766,
0,0,20487,284,32766,
0,0,20491,283,32766,
0,0,20478,273,32766,
0,0,20517,281,32766,
0,0,20490,285,32766,
0,0,20497,269,32766,
0,0,20476,287,32766,
0,0,20486,283,32766,
0,0,20492,278,32766,
0,0,20480,292,32766,
0,0,20489,290,32766,
0,0,20492,281,32766,
0,0,20493,272,32766,
0,0,20483,282,32766,
0,0,20497,278,32766,
0,0,20495,302,32766,
0,0,20487,285,32766,
0,0,20466,285,32766,
0,0,20480,283,32766,
0,0,20470,290,32766,
0,0,20498,272,32766,
0,0,20472,279,32766,
0,0,20473,275,32766,
0,0,20468,284,32766,
0,0,20481,270,32766,
0,0,20475,291,32766,
0,0,20458,297,32766,
0,0,20445,279,32766,
0,0,20448,290,32766,
0,0,20444,278,32766,
0,0,20440,278,32766,
0,0,20425,286,32766,
0,0,20439,273,32766,
0,0,20417,283,32766,
0,0,20416,282,32766,
0,0,20409,296,32766,
0,0,20399,276,32766,
0,0,20385,288,32766,
0,0,20387,275,32766,
0,0,20363,293,32766,
0,0,20356,296,32766,
0,0,20347,289,32766,
0,0,20344,290,32766,
0,0,20330,277,32766,
0,0,20309,274,32766,
0,0,20300,294,32766,
0,0,20292,279,32766,
0,0,20270,280,32766,
0,0,20293,296,32766,
0,0,20298,287,32766,
0,0,20283,282,32766,
0,0,20278,279,32766,
0,0,20275,293,32766,
0,0,20275,292,32766,
0,0,20280,297,32766,
0,0,20278,288,32766,
0,0,20297,286,32766,
0,0,20307,290,32766,
0,0,20308,278,32766,
0,0,20323,279,32766,
0,0,20335,299,32766,
0,0,20328,288,32766,
0,0,20335,289,32766,
0,0,20337,289,32766,
0,0,20328,285,32766,
0,0,20351,281,32766,
0,0,20347,277,32766,
0,0,20347,274,32766,
0,0,20383,284,32766,
0,0,20346,283,32766,
0,0,20352,276,32766,
0,0,20351,273,32766,
0,0,20355,281,32766,
0,0,20348,305,32766,
0,0,20350,267,32766,
0,0,20350,288,32766,
0,0,20334,287,32766,
0,0,20339,280,32766,
0,0,20329,275,32766,
0,0,20318,280,32766,
0,0,20312,282,32766,
0,0,20322,272,32766,
0,0,20318,276,32766,
0,0,20333,302,32766,
0,0,20322,261,32766,
0,0,20324,288,32766,
0,0,20326,275,32766,
0,0,20334,297,32766,
0,0,20324,275,32766,
0,0,20308,263,32766,
0,0,20331,286,32766,
0,0,20326,281,32766,
0,0,20328,275,32766,
0,0,20304,283,32766,
0,0,20310,291,32766,
0,0,20330,281,32766,
0,0,20327,285,32766,
0,0,20324,295,32766,
0,0,20360,295,32766,
0,0,20350,289,32766,
0,0,20347,297,32766,
0,0,20372,285,32766,
0,0,20385,287,32766,
0,0,20391,278,32766,
0,0,20395,283,32766,
0,0,20386,289,32766,
0,0,20392,289,32766,
0,0,20375,285,32766,
0,0,20387,283,32766,
0,0,20382,289,32766,
0,0,20383,283,32766,
0,0,20386,285,32766,
0,0,20386,286,32766,
0,0,20383,294,32766,
0,0,20385,286,32766,
0,0,20391,292,32766,
0,0,20388,288,32766,
0,0,20392,297,32766,
0,0,20364,281,32766,
0,0,20377,294,32766,
0,0,20379,291,32766,
0,0,20390,289,32766,
0,0,20383,300,32766,
0,0,20382,301,32766,
0,0,20376,298,32766,
0,0,20360,295,32766,
0,0,20356,304,32766,
0,0,20340,304,32766,
0,0,20328,318,32766,
0,0,20328,286,32766,
0,0,20309,301,32766,
0,0,20294,298,32766,
0,0,20273,310,32766,
0,0,20275,290,32766,
0,0,20286,301,32766,
0,0,20253,306,32766,
0,0,20240,308,32766,
0,0,20249,316,32766,
0,0,20238,299,32766,
0,0,20260,299,32766,
0,0,20246,307,32766,
0,0,20243,303,32766,
0,0,20239,286,32766,
0,0,20228,289,32766,
0,0,20231,299,32766,
0,0,20237,300,32766,
0,0,20248,298,32766,
0,0,20239,314,32766,
0,0,20263,293,32766,
0,0,20262,285,32766,
0,0,20274,295,32766,
0,0,20286,307,32766,
0,0,20299,307,32766,
0,0,20313,297,32766,
0,0,20329,293,32766,
0,0,20338,291,32766,
0,0,20340,301,32766,
0,0,20361,283,32766,
0,0,20366,294,32766,
0,0,20359,296,32766,
0,0,20376,309,32766,
0,0,20367,296,32766,
0,0,20386,291,32766,
0,0,20381,290,32766,
0,0,20382,290,32766,
0,0,20379,290,32766,
0,0,20388,283,32766,
0,0,20370,295,32766,
0,0,20374,287,32766,
0,0,20343,289,32766,
0,0,20348,284,32766,
0,0,20341,288,32766,
0,0,20320,277,32766,
0,0,20307,292,32766,
0,0,20294,298,32766,
0,0,20295,296,32766,
0,0,20299,286,32766,
0,0,20289,301,32766,
0,0,20292,293,32766,
0,0,20292,292,32766,
0,0,20299,286,32766,
0,0,20299,288,32766,
0,0,20312,295,32766,
0,0,20334,292,32766,
0,0,20319,296,32766,
0,0,20332,292,32766,
0,0,20324,299,32766,
0,0,20339,286,32766,
0,0,20346,298,32766,
0,0,20356,287,32766,
0,0,20352,294,32766,
0,0,20371,290,32766,
0,0,20363,282,32766,
0,0,20376,273,32766,
0,0,20383,279,32766,
0,0,20379,281,32766,
0,0,20383,301,32766,
0,0,20386,286,32766,
0,0,20387,290,32766,
0,0,20375,288,32766,
0,0,20387,291,32766,
0,0,20366,304,32766,
0,0,20355,291,32766,
0,0,20355,298,32766,
0,0,20352,281,32766,
0,0,20324,297,32766,
0,0,20320,294,32766,
0,0,20316,285,32766,
0,0,20300,276,32766,
0,0,20284,278,32766,
0,0,20295,293,32766,
0,0,20276,286,32766,
0,0,20266,291,32766,
0,0,20248,290,32766,
0,0,20253,296,32766,
0,0,20245,278,32766,
0,0,20244,285,32766,
0,0,20228,285,32766,
0,0,20243,295,32766,
0,0,20242,294,32766,
0,0,20243,287,32766,
0,0,20251,290,32766,
0,0,20261,287,32766,
0,0,20264,300,32766,
0,0,20270,295,32766,
0,0,20261,304,32766,
0,0,20277,294,32766,
0,0,20273,295,32766,
0,0,20297,307,32766,
0,0,20305,291,32766,
0,0,20303,293,32766,
0,0,20310,295,32766,
0,0,20332,295,32766,
0,0,20304,289,32766,
0,0,20306,292,32766,
0,0,20303,288,32766,
0,0,20295,286,32766,
0,0,20278,281,32766,
0,0,20295,296,32766,
0,0,20281,284,32766,
0,0,20280,288,32766,
0,0,20273,283,32766,
0,0,20266,296,32766,
0,0,20260,292,32766,
0,0,20239,284,32766,
0,0,20250,291,32766,
0,0,20239,285,32766,
0,0,20220,294,32766,
0,0,20236,302,32766,
0,0,20240,303,32766,
0,0,20233,303,32766,
0,0,20230,285,32766,
0,0,20238,282,32766,
0,0,20234,284,32766,
0,0,20246,298,32766,
0,0,20233,305,32766,
0,0,20246,281,32766,
0,0,20254,278,32766,
0,0,20245,289,32766,
0,0,20245,298,32766,
0,0,20252,294,32766,
0,0,20259,300,32766,
0,0,20266,284,32766,
0,0,20261,300,32766,
0,0,20275,298,32766,
0,0,20265,294,32766,
0,0,20271,295,32766,
0,0,20264,292,32766,
0,0,20269,285,32766,
0,0,20264,284,32766,
0,0,20270,289,32766,
0,0,20261,288,32766,
0,0,20260,289,32766,
0,0,20248,292,32766,
0,0,20245,296,32766,
0,0,20244,291,32766,
0,0,20238,281,32766,
0,0,20237,298,32766,
0,0,20231,284,32766,
0,0,20225,296,32766,
0,0,20225,288,32766,
0,0,20221,278,32766,
0,0,20223,281,32766,
0,0,20228,301,32766,
0,0,20214,297,32766,
0,0,20223,287,32766,
0,0,20218,295,32766,
0,0,20219,300,32766,
0,0,20207,294,32766,
0,0,20225,300,32766,
0,0,20231,291,32766,
0,0,20241,296,32766,
0,0,20231,288,32766,
0,0,20233,289,32766,
0,0,20234,293,32766,
0,0,20232,279,32766,
0,0,20241,278,32766,
0,0,20245,311,32766,
0,0,20229,265,32766,
0,0,20239,300,32766,
0,0,20238,285,32766,
0,0,20233,293,32766,
0,0,20238,289,32766,
0,0,20236,289,32766,
0,0,20228,293,32766,
0,0,20228,300,32766,
0,0,20210,291,32766,
0,0,20227,304,32766,
0,0,20223,285,32766,
0,0,20223,295,32766,
0,0,20232,299,32766,
0,0,20222,310,32766,
0,0,20212,292,32766,
0,0,20229,297,32766,
0,0,20211,289,32766,
0,0,20218,286,32766,
0,0,20201,284,32766,
0,0,20210,294,32766,
0,0,20218,287,32766,
0,0,20232,289,32766,
0,0,20225,287,32766,
0,0,20226,287,32766,
0,0,20230,294,32766,
0,0,20220,306,32766,
0,0,20235,298,32766,
0,0,20237,300,32766,
0,0,20256,294,32766,
0,0,20239,295,32766,
0,0,20251,283,32766,
0,0,20248,298,32766,
0,0,20257,299,32766,
0,0,20250,295,32766,
0,0,20245,284,32766,
0,0,20248,291,32766,
0,0,20245,301,32766,
0,0,20250,296,32766,
0,0,20246,275,32766,
0,0,20243,280,32766,
0,0,20247,299,32766,
0,0,20237,294,32766,
0,0,20239,288,32766,
0,0,20235,288,32766,
0,0,20214,285,32766,
0,0,20222,292,32766,
0,0,20225,288,32766,
0,0,20216,300,32766,
0,0,20213,305,32766,
0,0,20200,296,32766,
0,0,20200,291,32766,
0,0,20216,289,32766,
0,0,20211,299,32766,
0,0,20235,288,32766,
0,0,20222,280,32766,
0,0,20222,298,32766,
0,0,20225,303,32766,
0,0,20217,300,32766,
0,0,20222,294,32766,
0,0,20229,298,32766,
0,0,20234,300,32766,
0,0,20228,288,32766,
0,0,20221,300,32766,
0,0,20238,285,32766,
0,0,20248,295,32766,
0,0,20228,299,32766,
0,0,20249,295,32766,
0,0,20247,295,32766,
0,0,20225,299,32766,
0,0,20242,296,32766,
0,0,20246,301,32766,
0,0,20244,281,32766,
0,0,20231,308,32766,
0,0,20238,310,32766,
0,0,20234,300,32766,
0,0,20230,294,32766,
0,0,20228,295,32766,
0,0,20236,303,32766,
0,0,20223,284,32766,
0,0,20216,298,32766,
0,0,20234,292,32766,
0,0,20217,295,32766,
0,0,20215,289,32766,
0,0,20210,297,32766,
0,0,20218,291,32766,
0,0,20211,290,32766,
0,0,20208,296,32766,
0,0,20220,288,32766,
0,0,20214,291,32766,
0,0,20208,292,32766,
0,0,20224,297,32766,
0,0,20217,296,32766,
0,0,20230,292,32766,
0,0,20232,291,32766,
0,0,20227,294,32766,
0,0,20242,301,32766,
0,0,20236,300,32766,
0,0,20235,299,32766,
0,0,20237,295,32766,
0,0,20247,293,32766,
0,0,20240,287,32766,
0,0,20242,312,32766,
0,0,20249,310,32766,
0,0,20244,289,32766,
0,0,20239,282,32766,
0,0,20248,288,32766,
0,0,20248,293,32766,
0,0,20242,284,32766,
0,0,20251,297,32766,
0,0,20249,297,32766,
0,0,20250,292,32766,
0,0,20248,292,32766,
0,0,20231,287,32766,
0,0,20245,290,32766,
0,0,20237,297,32766,
0,0,20253,309,32766,
0,0,20253,292,32766,
0,0,20254,307,32766,
0,0,20253,281,32766,
0,0,20245,295,32766,
0,0,20263,287,32766,
0,0,20243,299,32766,
0,0,20266,296,32766,
0,0,20251,295,32766,
0,0,20269,297,32766,
0,0,20257,297,32766,
0,0,20266,288,32766,
0,0,20267,298,32766,
0,0,20278,286,32766,
0,0,20261,273,32766,
0,0,20278,301,32766,
0,0,20277,290,32766,
0,0,20279,290,32766,
0,0,20294,284,32766,
0,0,20272,306,32766,
0,0,20281,288,32766,
0,0,20275,288,32766,
0,0,20285,287,32766,
0,0,20275,289,32766,
0,0,20272,287,32766,
0,0,20287,294,32766,
0,0,20281,291,32766,
0,0,20276,281,32766,
0,0,20261,278,32766,
0,0,20273,295,32766,
0,0,20288,303,32766,
0,0,20269,272,32766,
0,0,20281,295,32766,
0,0,20271,286,32766,
0,0,20278,291,32766,
0,0,20277,290,32766,
0,0,20277,283,32766,
0,0,20269,273,32766,
0,0,20263,294,32766,
0,0,20284,291,32766,
0,0,20275,295,32766,
0,0,20266,287,32766,
0,0,20276,286,32766,
0,0,20270,309,32766,
0,0,20279,291,32766,
0,0,20278,281,32766,
0,0,20273,294,32766,
0,0,20276,277,32766,
0,0,20289,296,32766,
0,0,20278,279,32766,
0,0,20278,286,32766,
0,0,20278,295,32766,
0,0,20276,284,32766,
0,0,20282,285,32766,
0,0,20276,291,32766,
0,0,20281,286,32766,
0,0,20261,295,32766,
0,0,20274,295,32766,
0,0,20283,282,32766,
0,0,20287,281,32766,
0,0,20273,293,32766,
0,0,20284,284,32766,
0,0,20270,305,32766,
0,0,20283,271,32766,
0,0,20275,288,32766,
0,0,20285,286,32766,
0,0,20280,302,32766,
0,0,20285,297,32766,
0,0,20278,288,32766,
0,0,20266,294,32766,
0,0,20283,285,32766,
0,0,20280,290,32766,
0,0,20283,290,32766,
0,0,20262,289,32766,
0,0,20264,296,32766,
0,0,20263,300,32766,
0,0,20261,297,32766,
0,0,20257,296,32766,
0,0,20275,297,32766,
0,0,20265,297,32766,
0,0,20256,293,32766,
0,0,20263,284,32766,
0,0,20255,286,32766,
0,0,20242,290,32766,
0,0,20252,286,32766,
0,0,20258,293,32766,
0,0,20260,296,32766,
0,0,20265,286,32766,
0,0,20255,297,32766,
0,0,20253,284,32766,
0,0,20256,293,32766,
0,0,20251,291,32766,
0,0,20255,283,32766,
0,0,20254,286,32766,
0,0,20240,295,32766,
0,0,20256,283,32766,
0,0,20244,299,32766,
0,0,20243,279,32766,
0,0,20259,289,32766,
0,0,20256,279,32766,
0,0,20246,280,32766,
0,0,20262,292,32766,
0,0,20258,278,32766,
0,0,20240,289,32766,
0,0,20245,300,32766,
0,0,20255,304,32766,
0,0,20242,314,32766,
0,0,20251,298,32766,
0,0,20268,295,32766,
0,0,20250,288,32766,
0,0,20261,298,32766,
0,0,20261,282,32766,
0,0,20262,289,32766,
0,0,20245,278,32766,
0,0,20256,295,32766,
0,0,20256,289,32766,
0,0,20274,294,32766,
0,0,20252,299,32766,
0,0,20269,279,32766,
0,0,20263,279,32766,
0,0,20266,283,32766,
0,0,20275,283,32766,
0,0,20264,300,32766,
0,0,20266,301,32766,
0,0,20261,289,32766,
0,0,20278,285,32766,
0,0,20271,287,32766,
0,0,20275,289,32766,
0,0,20275,285,32766,
0,0,20280,278,32766,
0,0,20269,282,32766,
0,0,20285,266,32766,
0,0,20267,292,32766,
0,0,20260,304,32766,
0,0,20256,268,32766,
0,0,20252,283,32766,
0,0,20251,290,32766,
0,0,20245,280,32766,
0,0,20270,285,32766,
0,0,20258,275,32766,
0,0,20245,286,32766,
0,0,20264,288,32766,
0,0,20255,281,32766,
0,0,20256,293,32766,
0,0,20262,284,32766,
0,0,20255,281,32766,
0,0,20274,287,32766,
0,0,20276,293,32766,
0,0,20271,291,32766,
0,0,20274,283,32766,
0,0,20276,292,32766,
0,0,20279,273,32766,
0,0,20277,291,32766,
0,0,20282,299,32766,
0,0,20279,284,32766,
0,0,20280,291,32766,
0,0,20286,283,32766,
0,0,20300,274,32766,
0,0,20277,280,32766,
0,0,20272,280,32766,
0,0,20254,285,32766,
0,0,20249,275,32766,
0,0,20249,265,32766,
0,0,20237,266,32766,
0,0,20221,274,32766,
0,0,20212,272,32766,
0,0,20188,265,32766,
0,0,20155,251,32766,
0,0,20104,269,32766,
0,0,20076,251,32766,
0,0,20040,264,32766,
0,0,20017,268,32766,
0,0,19984,250,32766,
0,0,19990,253,32766,
0,0,19943,250,32766,
0,0,19931,255,32766,
0,0,19892,260,32766,
0,0,19884,254,32766,
0,0,19872,241,32766,
0,0,19850,252,32766,
0,0,19855,250,32766,
0,0,19868,246,32766,
0,0,19878,260,32766,
0,0,19884,264,32766,
0,0,19902,258,32766,
0,0,19926,271,32766,
0,0,19928,265,32766,
0,0,19933,264,32766,
0,0,19921,263,32766,
0,0,19932,249,32766,
0,0,19931,257,32766,
0,0,19946,282,32766,
0,0,19943,269,32766,
0,0,19945,266,32766,
0,0,19973,271,32766,
0,0,19977,259,32766,
0,0,19990,270,32766,
0,0,19969,257,32766,
0,0,19980,269,32766,
0,0,19962,263,32766,
0,0,19975,274,32766,
0,0,19964,274,32766,
0,0,19972,273,32766,
0,0,19971,269,32766,
0,0,19963,259,32766,
0,0,19967,258,32766,
0,0,19968,258,32766,
0,0,19956,266,32766,
0,0,19951,271,32766,
0,0,19947,272,32766,
0,0,19949,270,32766,
0,0,19942,261,32766,
0,0,19939,285,32766,
0,0,19949,284,32766,
0,0,19954,263,32766,
0,0,19950,288,32766,
0,0,19948,271,32766,
0,0,19953,278,32766,
0,0,19943,273,32766,
0,0,19950,273,32766,
0,0,19953,277,32766,
0,0,19964,243,32766,
0,0,19957,268,32766,
0,0,19966,254,32766,
0,0,19971,264,32766,
0,0,19959,263,32766,
0,0,19977,265,32766,
0,0,19983,264,32766,
0,0,19956,276,32766,
0,0,19949,274,32766,
0,0,19953,267,32766,
0,0,19964,263,32766,
0,0,19952,259,32766,
0,0,19952,260,32766,
0,0,19947,263,32766,
0,0,19941,272,32766,
0,0,19935,234,32766,
0,0,19935,270,32766,
0,0,19939,240,32766,
0,0,19936,263,32766,
0,0,19944,259,32766,
0,0,19955,256,32766,
0,0,19968,253,32766,
0,0,19964,246,32766,
0,0,19987,260,32766,
0,0,19981,248,32766,
0,0,19991,248,32766,
0,0,19999,237,32766,
0,0,20009,244,32766,
0,0,20022,242,32766,
0,0,20032,241,32766,
0,0,20034,250,32766,
0,0,20068,251,32766,
0,0,20075,250,32766,
0,0,20062,238,32766,
0,0,20096,247,32766,
0,0,20090,258,32766,
0,0,20126,227,32766,
0,0,20107,241,32766,
0,0,20108,235,32766,
0,0,20096,248,32766,
0,0,20103,246,32766,
0,0,20112,246,32766,
0,0,20103,247,32766,
0,0,20097,249,32766,
0,0,20095,255,32766,
0,0,20094,240,32766,
0,0,20088,229,32766,
0,0,20094,231,32766,
0,0,20091,221,32766,
0,0,20095,267,32766,
0,0,20119,253,32766,
0,0,20132,248,32766,
0,0,20131,246,32766,
0,0,20141,246,32766,
0,0,20131,254,32766,
0,0,20125,268,32766,
0,0,20132,269,32766,
0,0,20167,270,32766,
0,0,20191,268,32766,
0,0,20197,256,32766,
0,0,20230,282,32766,
0,0,20239,260,32766,
0,0,20233,269,32766,
0,0,20230,286,32766,
0,0,20224,278,32766,
0,0,20234,270,32766,
0,0,20248,266,32766,
0,0,20227,274,32766,
0,0,20265,282,32766,
0,0,20294,284,32766,
0,0,20299,284,32766,
0,0,20341,268,32766,
0,0,20340,287,32766,
0,0,20337,275,32766,
0,0,20325,278,32766,
0,0,20313,280,32766,
0,0,20315,277,32766,
0,0,20314,279,32766,
0,0,20319,274,32766,
0,0,20322,274,32766,
0,0,20338,265,32766,
0,0,20330,280,32766,
0,0,20314,275,32766,
0,0,20319,270,32766,
0,0,20304,265,32766,
0,0,20298,268,32766,
0,0,20292,276,32766,
0,0,20294,270,32766,
0,0,20280,276,32766,
0,0,20287,277,32766,
0,0,20309,280,32766,
0,0,20311,291,32766,
0,0,20305,268,32766,
0,0,20300,267,32766,
0,0,20298,240,32766,
0,0,20277,283,32766,
0,0,20293,276,32766,
0,0,20276,274,32766,
0,0,20272,281,32766,
0,0,20296,272,32766,
0,0,20280,273,32766,
0,0,20289,264,32766,
0,0,20295,287,32766,
0,0,20300,281,32766,
0,0,20275,277,32766,
0,0,20290,267,32766,
0,0,20287,243,32766,
0,0,20274,259,32766,
0,0,20263,266,32766,
0,0,20283,283,32766,
0,0,20284,260,32766,
0,0,20273,277,32766,
0,0,20269,272,32766,
0,0,20266,273,32766,
0,0,20275,266,32766,
0,0,20263,262,32766,
0,0,20265,269,32766,
0,0,20267,270,32766,
0,0,20253,247,32766,
0,0,20235,261,32766,
0,0,20258,249,32766,
0,0,20257,279,32766,
0,0,20253,267,32766,
0,0,20266,259,32766,
0,0,20258,247,32766,
0,0,20244,279,32766,
0,0,20252,256,32766,
0,0,20254,252,32766,
0,0,20245,266,32766,
0,0,20226,244,32766,
0,0,20224,257,32766,
0,0,20215,271,32766,
0,0,20211,267,32766,
0,0,20185,285,32766,
0,0,20172,281,32766,
0,0,20178,280,32766,
0,0,20175,277,32766,
0,0,20157,264,32766,
0,0,20144,270,32766,
0,0,20132,280,32766,
0,0,20139,263,32766,
0,0,20142,274,32766,
0,0,20151,283,32766,
0,0,20147,262,32766,
0,0,20161,282,32766,
0,0,20179,268,32766,
0,0,20186,279,32766,
0,0,20196,270,32766,
0,0,20196,280,32766,
0,0,20189,273,32766,
0,0,20197,272,32766,
0,0,20209,262,32766,
0,0,20217,277,32766,
0,0,20226,281,32766,
0,0,20250,270,32766,
0,0,20262,281,32766,
0,0,20243,278,32766,
0,0,20228,268,32766,
0,0,20207,277,32766,
0,0,20175,260,32766,
0,0,20192,261,32766,
0,0,20167,261,32766,
0,0,20165,268,32766,
0,0,20157,267,32766,
0,0,20166,266,32766,
0,0,20162,270,32766,
0,0,20152,258,32766,
0,0,20151,272,32766,
0,0,20141,276,32766,
0,0,20127,291,32766,
0,0,20128,262,32766,
0,0,20146,254,32766,
0,0,20149,258,32766,
0,0,20157,270,32766,
0,0,20185,263,32766,
0,0,20194,262,32766,
0,0,20213,256,32766,
0,0,20222,272,32766,
0,0,20243,253,32766,
0,0,20240,257,32766,
0,0,20258,259,32766,
0,0,20277,260,32766,
0,0,20276,255,32766,
0,0,20294,263,32766,
0,0,20314,262,32766,
0,0,20321,259,32766,
0,0,20328,258,32766,
0,0,20330,245,32766,
0,0,20335,268,32766,
0,0,20324,258,32766,
0,0,20320,266,32766,
0,0,20315,266,32766,
0,0,20305,257,32766,
0,0,20316,274,32766,
0,0,20306,274,32766,
0,0,20312,279,32766,
0,0,20296,253,32766,
0,0,20305,260,32766,
0,0,20294,262,32766,
0,0,20291,276,32766,
0,0,20301,262,32766,
0,0,20283,252,32766,
0,0,20300,268,32766,
0,0,20297,258,32766,
0,0,20284,256,32766,
0,0,20316,268,32766,
0,0,20311,257,32766,
0,0,20315,246,32766,
0,0,20325,265,32766,
0,0,20335,249,32766,
0,0,20349,258,32766,
0,0,20347,233,32766,
0,0,20367,258,32766,
0,0,20383,269,32766,
0,0,20374,252,32766,
0,0,20395,252,32766,
0,0,20401,266,32766,
0,0,20406,245,32766,
0,0,20402,243,32766,
0,0,20393,258,32766,
0,0,20402,247,32766,
0,0,20386,260,32766,
0,0,20384,269,32766,
0,0,20354,274,32766,
0,0,20359,254,32766,
0,0,20348,273,32766,
0,0,20337,263,32766,
0,0,20314,266,32766,
0,0,20324,286,32766,
0,0,20329,244,32766,
0,0,20329,278,32766,
0,0,20332,258,32766,
0,0,20310,273,32766,
0,0,20305,268,32766,
0,0,20308,268,32766,
0,0,20310,261,32766,
0,0,20303,270,32766,
0,0,20304,270,32766,
0,0,20331,257,32766,
0,0,20326,279,32766,
0,0,20345,266,32766,
0,0,20366,269,32766,
0,0,20376,268,32766,
0,0,20371,264,32766,
0,0,20378,258,32766,
0,0,20370,262,32766,
0,0,20377,266,32766,
0,0,20380,263,32766,
0,0,20383,271,32766,
0,0,20410,262,32766,
0,0,20430,263,32766,
0,0,20405,254,32766,
0,0,20420,256,32766,
0,0,20428,273,32766,
0,0,20409,265,32766,
0,0,20409,272,32766,
0,0,20410,267,32766,
0,0,20418,267,32766,
0,0,20423,264,32766,
0,0,20422,259,32766,
0,0,20423,254,32766,
0,0,20414,273,32766,
0,0,20412,251,32766,
0,0,20413,285,32766,
0,0,20411,255,32766,
0,0,20396,266,32766,
0,0,20387,265,32766,
0,0,20387,262,32766,
0,0,20405,252,32766,
0,0,20411,257,32766,
0,0,20420,259,32766,
0,0,20433,281,32766,
0,0,20425,261,32766,
0,0,20441,265,32766,
0,0,20448,268,32766,
0,0,20450,254,32766,
0,0,20459,265,32766,
0,0,20459,276,32766,
0,0,20472,265,32766,
0,0,20486,269,32766,
0,0,20484,254,32766,
0,0,20484,260,32766,
0,0,20486,264,32766,
0,0,20462,254,32766,
0,0,20479,261,32766,
0,0,20468,272,32766,
0,0,20464,251,32766,
0,0,20457,269,32766,
0,0,20451,264,32766,
0,0,20428,249,32766,
0,0,20432,256,32766,
0,0,20446,257,32766,
0,0,20426,248,32766,
0,0,20409,255,32766,
0,0,20408,264,32766,
0,0,20402,263,32766,
0,0,20407,264,32766,
0,0,20405,260,32766,
0,0,20402,254,32766,
0,0,20404,269,32766,
0,0,20410,256,32766,
0,0,20408,264,32766,
0,0,20403,251,32766,
0,0,20409,260,32766,
0,0,20402,252,32766,
0,0,20430,252,32766,
0,0,20433,270,32766,
0,0,20423,248,32766,
0,0,20419,261,32766,
0,0,20427,251,32766,
0,0,20429,266,32766,
0,0,20426,267,32766,
0,0,20436,263,32766,
0,0,20423,263,32766,
0,0,20434,261,32766,
0,0,20418,262,32766,
0,0,20431,266,32766,
0,0,20406,271,32766,
0,0,20400,261,32766,
0,0,20396,273,32766,
0,0,20380,266,32766,
0,0,20381,264,32766,
0,0,20368,258,32766,
0,0,20369,270,32766,
0,0,20366,265,32766,
0,0,20340,270,32766,
0,0,20336,285,32766,
0,0,20351,273,32766,
0,0,20350,273,32766,
0,0,20313,280,32766,
0,0,20310,287,32766,
0,0,20328,268,32766,
0,0,20310,271,32766,
0,0,20316,277,32766,
0,0,20298,302,32766,
0,0,20322,272,32766,
0,0,20330,280,32766,
0,0,20311,274,32766,
0,0,20319,281,32766,
0,0,20310,265,32766,
0,0,20318,286,32766,
0,0,20333,291,32766,
0,0,20317,290,32766,
0,0,20320,288,32766,
0,0,20305,292,32766,
0,0,20302,268,32766,
0,0,20303,274,32766,
0,0,20300,286,32766,
0,0,20294,259,32766,
0,0,20292,260,32766,
0,0,20297,283,32766,
0,0,20279,289,32766,
0,0,20272,287,32766,
0,0,20261,278,32766,
0,0,20279,278,32766,
0,0,20274,288,32766,
0,0,20265,290,32766,
0,0,20275,277,32766,
0,0,20260,287,32766,
0,0,20258,291,32766,
0,0,20252,294,32766,
0,0,20246,298,32766,
0,0,20251,272,32766,
0,0,20239,285,32766,
0,0,20229,277,32766,
0,0,20245,280,32766,
0,0,20257,300,32766,
0,0,20253,297,32766,
0,0,20226,293,32766,
0,0,20240,291,32766,
0,0,20229,302,32766,
0,0,20216,277,32766,
0,0,20226,307,32766,
0,0,20214,287,32766,
0,0,20202,289,32766,
0,0,20182,306,32766,
0,0,20179,292,32766,
0,0,20163,280,32766,
0,0,20159,292,32766,
0,0,20163,292,32766,
0,0,20174,293,32766,
0,0,20164,300,32766,
0,0,20185,291,32766,
0,0,20186,285,32766,
0,0,20174,293,32766,
0,0,20184,292,32766,
0,0,20205,289,32766,
0,0,20177,288,32766,
0,0,20192,282,32766,
0,0,20189,299,32766,
0,0,20195,283,32766,
0,0,20191,294,32766,
0,0,20195,303,32766,
0,0,20206,290,32766,
0,0,20175,300,32766,
0,0,20174,278,32766,
0,0,20180,283,32766,
0,0,20187,282,32766,
0,0,20166,268,32766,
0,0,20167,284,32766,
0,0,20155,279,32766,
0,0,20164,290,32766,
0,0,20180,287,32766,
0,0,20137,272,32766,
0,0,20139,274,32766,
0,0,20141,285,32766,
0,0,20142,291,32766,
0,0,20162,291,32766,
0,0,20159,297,32766,
0,0,20160,286,32766,
0,0,20166,279,32766,
0,0,20184,290,32766,
0,0,20188,277,32766,
0,0,20190,287,32766,
0,0,20190,269,32766,
0,0,20211,271,32766,
0,0,20223,283,32766,
0,0,20205,294,32766,
0,0,20213,287,32766,
0,0,20231,264,32766,
0,0,20232,275,32766,
0,0,20251,266,32766,
0,0,20252,280,32766,
0,0,20256,278,32766,
0,0,20264,274,32766,
0,0,20251,284,32766,
0,0,20276,272,32766,
0,0,20279,283,32766,
0,0,20290,280,32766,
0,0,20275,272,32766,
0,0,20292,290,32766,
0,0,20304,275,32766,
0,0,20277,268,32766,
0,0,20305,284,32766,
0,0,20315,279,32766,
0,0,20324,275,32766,
0,0,20331,287,32766,
0,0,20334,281,32766,
0,0,20340,286,32766,
0,0,20341,279,32766,
0,0,20326,278,32766,
0,0,20356,272,32766,
0,0,20337,290,32766,
0,0,20338,290,32766,
0,0,20354,282,32766,
0,0,20357,293,32766,
0,0,20377,275,32766,
0,0,20364,279,32766,
0,0,20368,270,32766,
0,0,20383,277,32766,
0,0,20373,272,32766,
0,0,20386,271,32766,
0,0,20389,271,32766,
0,0,20389,267,32766,
0,0,20406,268,32766,
0,0,20395,283,32766,
0,0,20421,270,32766,
0,0,20420,277,32766,
0,0,20422,267,32766,
0,0,20431,261,32766,
0,0,20445,271,32766,
0,0,20452,271,32766,
0,0,20438,263,32766,
0,0,20450,277,32766,
0,0,20449,269,32766,
0,0,20442,273,32766,
0,0,20443,270,32766,
0,0,20416,276,32766,
0,0,20400,265,32766,
0,0,20408,277,32766,
0,0,20404,272,32766,
0,0,20406,285,32766,
0,0,20412,283,32766,
0,0,20419,271,32766,
0,0,20434,261,32766,
0,0,20408,277,32766,
0,0,20394,269,32766,
0,0,20410,265,32766,
0,0,20412,286,32766,
0,0,20417,287,32766,
0,0,20418,280,32766,
0,0,20429,284,32766,
0,0,20432,283,32766,
0,0,20447,289,32766,
0,0,20469,279,32766,
0,0,20464,285,32766,
0,0,20464,269,32766,
0,0,20464,281,32766,
0,0,20465,289,32766,
0,0,20472,270,32766,
0,0,20466,283,32766,
0,0,20464,284,32766,
0,0,20500,281,32766,
0,0,20508,280,32766,
0,0,20514,282,32766,
0,0,20511,283,32766,
0,0,20513,270,32766,
0,0,20517,265,32766,
0,0,20513,269,32766,
0,0,20521,276,32766,
0,0,20518,283,32766,
0,0,20543,264,32766,
0,0,20552,277,32766,
0,0,20544,276,32766,
0,0,20557,281,32766,
0,0,20548,270,32766,
0,0,20542,297,32766,
0,0,20559,275,32766,
0,0,20532,285,32766,
0,0,20552,271,32766,
0,0,20554,277,32766,
0,0,20534,278,32766,
0,0,20554,273,32766,
0,0,20562,275,32766,
0,0,20558,287,32766,
0,0,20557,277,32766,
0,0,20558,266,32766,
0,0,20544,277,32766,
0,0,20542,269,32766,
0,0,20553,276,32766,
0,0,20556,272,32766,
0,0,20561,272,32766,
0,0,20555,270,32766,
0,0,20554,263,32766,
0,0,20544,252,32766,
0,0,20552,276,32766,
0,0,20537,275,32766,
0,0,20537,253,32766,
0,0,20535,264,32766,
0,0,20532,266,32766,
0,0,20527,263,32766,
0,0,20531,273,32766,
0,0,20544,284,32766,
0,0,20532,279,32766,
0,0,20532,269,32766,
0,0,20540,269,32766,
0,0,20543,280,32766,
0,0,20535,274,32766,
0,0,20550,261,32766,
0,0,20534,259,32766,
0,0,20531,281,32766,
0,0,20528,265,32766,
0,0,20531,262,32766,
0,0,20546,267,32766,
0,0,20529,262,32766,
0,0,20532,275,32766,
0,0,20515,280,32766,
0,0,20518,274,32766,
0,0,20510,267,32766,
0,0,20516,269,32766,
0,0,20513,263,32766,
0,0,20505,277,32766,
0,0,20503,272,32766,
0,0,20496,275,32766,
0,0,20489,275,32766,
0,0,20480,286,32766,
0,0,20483,276,32766,
0,0,20482,262,32766,
0,0,20485,257,32766,
0,0,20487,269,32766,
0,0,20493,274,32766,
0,0,20485,278,32766,
0,0,20496,264,32766,
0,0,20477,265,32766,
0,0,20497,267,32766,
0,0,20497,285,32766,
0,0,20499,271,32766,
0,0,20519,289,32766,
0,0,20533,278,32766,
0,0,20538,286,32766,
0,0,20547,305,32766,
0,0,20541,306,32766,
0,0,20551,315,32766,
0,0,20541,308,32766,
0,0,20539,301,32766,
0,0,20546,316,32766,
0,0,20531,313,32766,
0,0,20525,303,32766,
0,0,20533,302,32766,
0,0,20530,299,32766,
0,0,20529,294,32766,
0,0,20520,299,32766,
0,0,20511,298,32766,
0,0,20514,265,32766,
0,0,20544,270,32766,
0,0,20553,296,32766,
0,0,20536,284,32766,
0,0,20525,287,32766,
0,0,20533,292,32766,
0,0,20522,289,32766,
0,0,20525,297,32766,
0,0,20534,312,32766,
0,0,20558,295,32766,
0,0,20570,301,32766,
0,0,20588,323,32766,
0,0,20593,316,32766,
0,0,20583,312,32766,
0,0,20576,310,32766,
0,0,20602,306,32766,
0,0,20619,295,32766,
0,0,20641,313,32766,
0,0,20663,308,32766,
0,0,20687,313,32766,
0,0,20696,302,32766,
0,0,20722,319,32766,
0,0,20750,315,32766,
0,0,20755,308,32766,
0,0,20753,305,32766,
0,0,20726,319,32766,
0,0,20714,322,32766,
0,0,20715,313,32766,
0,0,20718,316,32766,
0,0,20710,329,32766,
0,0,20706,301,32766,
0,0,20698,313,32766,
0,0,20687,311,32766,
0,0,20670,322,32766,
0,0,20657,319,32766,
0,0,20636,309,32766,
0,0,20618,307,32766,
0,0,20616,300,32766,
0,0,20608,302,32766,
0,0,20618,308,32766,
0,0,20615,302,32766,
0,0,20622,295,32766,
0,0,20634,305,32766,
0,0,20628,300,32766,
0,0,20646,308,32766,
0,0,20655,299,32766,
0,0,20661,289,32766,
0,0,20668,288,32766,
0,0,20693,293,32766,
0,0,20711,291,32766,
0,0,20705,298,32766,
0,0,20735,281,32766,
0,0,20735,300,32766,
0,0,20728,289,32766,
0,0,20744,283,32766,
0,0,20753,287,32766,
0,0,20747,287,32766,
0,0,20739,276,32766,
0,0,20718,275,32766,
0,0,20727,288,32766,
0,0,20729,260,32766,
0,0,20727,265,32766,
0,0,20712,264,32766,
0,0,20694,260,32766,
0,0,20693,268,32766,
0,0,20668,252,32766,
0,0,20673,262,32766,
0,0,20655,276,32766,
0,0,20645,258,32766,
0,0,20649,274,32766,
0,0,20646,268,32766,
0,0,20646,267,32766,
0,0,20648,278,32766,
0,0,20665,279,32766,
0,0,20658,272,32766,
0,0,20641,281,32766,
0,0,20648,283,32766,
0,0,20646,278,32766,
0,0,20636,270,32766,
0,0,20645,275,32766,
0,0,20632,281,32766,
0,0,20622,272,32766,
0,0,20604,264,32766,
0,0,20613,269,32766,
0,0,20599,248,32766,
0,0,20625,266,32766,
0,0,20606,269,32766,
0,0,20635,263,32766,
0,0,20657,261,32766,
0,0,20652,274,32766,
0,0,20657,270,32766,
0,0,20707,262,32766,
0,0,20725,265,32766,
0,0,20707,260,32766,
0,0,20708,238,32766,
0,0,20715,250,32766,
0,0,20711,270,32766,
0,0,20693,263,32766,
0,0,20696,261,32766,
0,0,20684,265,32766,
0,0,20697,253,32766,
0,0,20714,267,32766,
0,0,20740,272,32766,
0,0,20757,272,32766,
0,0,20763,260,32766,
0,0,20755,285,32766,
0,0,20753,281,32766,
0,0,20740,263,32766,
0,0,20726,266,32766,
0,0,20735,253,32766,
0,0,20716,257,32766,
0,0,20741,264,32766,
0,0,20740,268,32766,
0,0,20762,276,32766,
0,0,20782,285,32766,
0,0,20779,274,32766,
0,0,20789,278,32766,
0,0,20798,259,32766,
0,0,20762,291,32766,
0,0,20776,267,32766,
0,0,20780,275,32766,
0,0,20767,274,32766,
0,0,20770,267,32766,
0,0,20783,270,32766,
0,0,20778,267,32766,
0,0,20782,273,32766,
0,0,20760,266,32766,
0,0,20752,270,32766,
0,0,20756,271,32766,
0,0,20745,275,32766,
0,0,20727,278,32766,
0,0,20726,270,32766,
0,0,20708,258,32766,
0,0,20730,263,32766,
0,0,20726,257,32766,
0,0,20731,260,32766,
0,0,20744,259,32766,
0,0,20740,260,32766,
0,0,20737,256,32766,
0,0,20748,253,32766,
0,0,20703,264,32766,
0,0,20719,255,32766,
0,0,20741,252,32766,
0,0,20756,245,32766,
0,0,20728,249,32766,
0,0,20717,256,32766,
0,0,20719,254,32766,
0,0,20718,263,32766,
0,0,20716,272,32766,
0,0,20747,272,32766,
0,0,20765,258,32766,
0,0,20758,261,32766,
0,0,20766,255,32766,
0,0,20763,244,32766,
0,0,20779,256,32766,
0,0,20743,233,32766,
0,0,20747,255,32766,
0,0,20726,251,32766,
0,0,20711,252,32766,
0,0,20730,256,32766,
0,0,20757,244,32766,
0,0,20767,248,32766,
0,0,20789,245,32766,
0,0,20810,233,32766,
0,0,20808,256,32766,
0,0,20804,248,32766,
0,0,20772,247,32766,
0,0,20762,237,32766,
0,0,20791,254,32766,
0,0,20788,256,32766,
0,0,20788,251,32766,
0,0,20794,261,32766,
0,0,20790,245,32766,
0,0,20777,264,32766,
0,0,20774,250,32766,
0,0,20789,253,32766,
0,0,20804,258,32766,
0,0,20783,262,32766,
0,0,20797,264,32766,
0,0,20770,281,32766,
0,0,20754,263,32766,
0,0,20748,262,32766,
0,0,20750,250,32766,
0,0,20758,274,32766,
0,0,20751,264,32766,
0,0,20742,253,32766,
0,0,20747,261,32766,
0,0,20756,271,32766,
0,0,20746,263,32766,
0,0,20758,278,32766,
0,0,20754,263,32766,
0,0,20734,272,32766,
0,0,20717,283,32766,
0,0,20724,282,32766,
0,0,20714,273,32766,
0,0,20723,264,32766,
0,0,20722,280,32766,
0,0,20713,276,32766,
0,0,20700,296,32766,
0,0,20710,274,32766,
0,0,20699,276,32766,
0,0,20673,270,32766,
0,0,20690,276,32766,
0,0,20671,274,32766,
0,0,20662,278,32766,
0,0,20658,272,32766,
0,0,20651,279,32766,
0,0,20660,288,32766,
0,0,20652,277,32766,
0,0,20648,273,32766,
0,0,20654,275,32766,
0,0,20630,283,32766,
0,0,20617,255,32766,
0,0,20608,263,32766,
0,0,20594,273,32766,
0,0,20596,270,32766,
0,0,20602,268,32766,
0,0,20592,267,32766,
0,0,20576,273,32766,
0,0,20599,270,32766,
0,0,20575,261,32766,
0,0,20583,276,32766,
0,0,20575,270,32766,
0,0,20576,261,32766,
0,0,20577,276,32766,
0,0,20574,267,32766,
0,0,20578,268,32766,
0,0,20580,270,32766,
0,0,20589,252,32766,
0,0,20568,270,32766,
0,0,20578,266,32766,
0,0,20586,268,32766,
0,0,20599,256,32766,
0,0,20608,259,32766,
0,0,20607,260,32766,
0,0,20597,269,32766,
0,0,20608,266,32766,
0,0,20609,260,32766,
0,0,20625,247,32766,
0,0,20616,254,32766,
0,0,20613,263,32766,
0,0,20627,262,32766,
0,0,20626,269,32766,
0,0,20617,267,32766,
0,0,20621,259,32766,
0,0,20628,258,32766,
0,0,20624,268,32766,
0,0,20618,264,32766,
0,0,20624,261,32766,
0,0,20615,257,32766,
0,0,20614,273,32766,
0,0,20618,257,32766,
0,0,20626,256,32766,
0,0,20609,262,32766,
0,0,20613,255,32766,
0,0,20610,261,32766,
0,0,20606,265,32766,
0,0,20607,248,32766,
0,0,20599,272,32766,
0,0,20617,259,32766,
0,0,20595,275,32766,
0,0,20601,259,32766,
0,0,20573,251,32766,
0,0,20572,268,32766,
0,0,20620,273,32766,
0,0,20582,255,32766,
0,0,20584,255,32766,
0,0,20568,272,32766,
0,0,20573,255,32766,
0,0,20577,283,32766,
0,0,20577,268,32766,
0,0,20578,264,32766,
0,0,20581,266,32766,
0,0,20587,271,32766,
0,0,20589,267,32766,
0,0,20587,261,32766,
0,0,20573,253,32766,
0,0,20580,264,32766,
0,0,20565,246,32766,
0,0,20573,263,32766,
0,0,20568,262,32766,
0,0,20575,261,32766,
0,0,20589,253,32766,
0,0,20577,256,32766,
0,0,20586,261,32766,
0,0,20576,258,32766,
0,0,20580,255,32766,
0,0,20582,262,32766,
0,0,20579,261,32766,
0,0,20574,268,32766,
0,0,20587,270,32766,
0,0,20585,264,32766,
0,0,20606,256,32766,
0,0,20578,263,32766,
0,0,20585,256,32766,
0,0,20590,255,32766,
0,0,20589,262,32766,
0,0,20584,254,32766,
0,0,20572,259,32766,
0,0,20582,268,32766,
0,0,20582,254,32766,
0,0,20577,280,32766,
0,0,20569,259,32766,
0,0,20572,276,32766,
0,0,20561,277,32766,
0,0,20567,274,32766,
0,0,20561,265,32766,
0,0,20558,252,32766,
0,0,20546,274,32766,
0,0,20554,262,32766,
0,0,20564,271,32766,
0,0,20557,253,32766,
0,0,20556,272,32766,
0,0,20557,277,32766,
0,0,20570,264,32766,
0,0,20573,272,32766,
0,0,20559,283,32766,
0,0,20565,266,32766,
0,0,20565,262,32766,
0,0,20574,271,32766,
0,0,20574,273,32766,
0,0,20587,268,32766,
0,0,20584,253,32766,
0,0,20571,246,32766,
0,0,20601,264,32766,
0,0,20578,256,32766,
0,0,20584,266,32766,
0,0,20579,271,32766,
0,0,20582,271,32766,
0,0,20594,265,32766,
0,0,20596,252,32766,
0,0,20591,273,32766,
0,0,20600,264,32766,
0,0,20594,282,32766,
0,0,20574,248,32766,
0,0,20587,272,32766,
0,0,20581,273,32766,
0,0,20596,270,32766,
0,0,20594,269,32766,
0,0,20589,263,32766,
0,0,20579,262,32766,
0,0,20589,260,32766,
0,0,20596,252,32766,
0,0,20577,275,32766,
0,0,20584,248,32766,
0,0,20582,256,32766,
0,0,20581,276,32766,
0,0,20582,241,32766,
0,0,20588,272,32766,
0,0,20595,253,32766,
0,0,20592,252,32766,
0,0,20592,265,32766,
0,0,20590,272,32766,
0,0,20603,258,32766,
0,0,20620,255,32766,
0,0,20608,263,32766,
0,0,20604,265,32766,
0,0,20612,258,32766,
0,0,20621,268,32766,
0,0,20622,268,32766,
0,0,20617,255,32766,
0,0,20623,260,32766,
0,0,20633,269,32766,
0,0,20625,271,32766,
0,0,20617,252,32766,
0,0,20616,263,32766,
0,0,20620,272,32766,
0,0,20618,266,32766,
0,0,20608,269,32766,
0,0,20632,256,32766,
0,0,20622,261,32766,
0,0,20614,257,32766,
0,0,20608,262,32766,
0,0,20618,270,32766,
0,0,20609,250,32766,
0,0,20608,259,32766,
0,0,20612,257,32766,
0,0,20604,263,32766,
0,0,20606,267,32766,
0,0,20600,248,32766,
0,0,20608,261,32766,
0,0,20596,260,32766,
0,0,20604,257,32766,
0,0,20611,264,32766,
0,0,20603,253,32766,
0,0,20608,264,32766,
0,0,20606,268,32766,
0,0,20627,266,32766,
0,0,20624,256,32766,
0,0,20603,297,32766,
0,0,20616,256,32766,
0,0,20607,256,32766,
0,0,20617,264,32766,
0,0,20610,277,32766,
0,0,20601,279,32766,
0,0,20595,258,32766,
0,0,20615,272,32766,
0,0,20596,257,32766,
0,0,20606,277,32766,
0,0,20612,273,32766,
0,0,20605,264,32766,
0,0,20599,247,32766,
0,0,20613,253,32766,
0,0,20593,251,32766,
0,0,20607,270,32766,
0,0,20605,277,32766,
0,0,20590,248,32766,
0,0,20603,280,32766,
0,0,20589,256,32766,
0,0,20606,271,32766,
0,0,20597,267,32766,
0,0,20593,268,32766,
0,0,20600,259,32766,
0,0,20602,252,32766,
0,0,20587,268,32766,
0,0,20589,262,32766,
0,0,20595,261,32766,
0,0,20587,257,32766,
0,0,20591,246,32766,
0,0,20599,265,32766,
0,0,20598,255,32766,
0,0,20600,260,32766,
0,0,20587,251,32766,
0,0,20589,287,32766,
0,0,20601,262,32766,
0,0,20587,260,32766,
0,0,20582,271,32766,
0,0,20605,261,32766,
0,0,20580,271,32766,
0,0,20599,263,32766,
0,0,20598,254,32766,
0,0,20603,265,32766,
0,0,20594,266,32766,
0,0,20594,299,32766,
0,0,20592,254,32766,
0,0,20601,251,32766,
0,0,20597,264,32766,
0,0,20602,258,32766,
0,0,20601,266,32766,
0,0,20619,261,32766,
0,0,20599,260,32766,
0,0,20620,254,32766,
0,0,20606,268,32766,
0,0,20599,264,32766,
0,0,20597,273,32766,
0,0,20596,264,32766,
0,0,20594,256,32766,
0,0,20593,266,32766,
0,0,20597,270,32766,
0,0,20590,263,32766,
0,0,20584,266,32766,
0,0,20598,269,32766,
0,0,20595,261,32766,
0,0,20590,267,32766,
0,0,20586,245,32766,
0,0,20584,259,32766,
0,0,20590,256,32766,
0,0,20600,253,32766,
0,0,20596,264,32766,
0,0,20588,263,32766,
0,0,20600,268,32766,
0,0,20604,269,32766,
0,0,20584,273,32766,
0,0,20602,258,32766,
0,0,20620,247,32766,
0,0,20607,277,32766,
0,0,20607,265,32766,
0,0,20610,279,32766,
0,0,20615,286,32766,
0,0,20620,256,32766,
0,0,20623,264,32766,
0,0,20619,263,32766,
0,0,20628,274,32766,
0,0,20613,256,32766,
0,0,20621,259,32766,
0,0,20614,265,32766,
0,0,20619,252,32766,
0,0,20621,246,32766,
0,0,20607,257,32766,
0,0,20617,251,32766,
0,0,20611,272,32766,
0,0,20613,260,32766,
0,0,20603,261,32766,
0,0,20605,241,32766,
0,0,20604,282,32766,
0,0,20597,253,32766,
0,0,20610,264,32766,
0,0,20608,259,32766,
0,0,20594,264,32766,
0,0,20594,264,32766,
0,0,20602,264,32766,
0,0,20604,267,32766,
0,0,20577,267,32766,
0,0,20603,272,32766,
0,0,20597,265,32766,
0,0,20595,274,32766,
0,0,20600,266,32766,
0,0,20602,257,32766,
0,0,20605,267,32766,
0,0,20590,270,32766,
0,0,20593,263,32766,
0,0,20624,267,32766,
0,0,20610,263,32766,
0,0,20592,271,32766,
0,0,20606,271,32766,
0,0,20612,267,32766,
0,0,20616,253,32766,
0,0,20597,258,32766,
0,0,20620,269,32766,
0,0,20614,240,32766,
0,0,20615,267,32766,
0,0,20604,253,32766,
0,0,20617,266,32766,
0,0,20624,272,32766,
0,0,20607,265,32766,
0,0,20617,268,32766,
0,0,20609,265,32766,
0,0,20608,263,32766,
0,0,20612,266,32766,
0,0,20605,261,32766,
0,0,20619,270,32766,
0,0,20612,253,32766,
0,0,20621,259,32766,
0,0,20602,272,32766,
0,0,20598,281,32766,
0,0,20605,253,32766,
0,0,20599,246,32766,
0,0,20594,256,32766,
0,0,20585,266,32766,
0,0,20604,272,32766,
0,0,20592,259,32766,
0,0,20610,264,32766,
0,0,20591,258,32766,
0,0,20586,252,32766,
0,0,20597,269,32766,
0,0,20597,264,32766,
0,0,20595,272,32766,
0,0,20597,252,32766,
0,0,20600,254,32766,
0,0,20599,254,32766,
0,0,20593,254,32766,
0,0,20601,256,32766,
0,0,20598,267,32766,
0,0,20595,269,32766,
0,0,20600,249,32766,
0,0,20597,253,32766,
0,0,20607,257,32766,
0,0,20590,256,32766,
0,0,20612,262,32766,
0,0,20605,255,32766,
0,0,20612,258,32766,
0,0,20604,257,32766,
0,0,20606,259,32766,
0,0,20605,254,32766,
0,0,20610,264,32766,
0,0,20612,267,32766,
0,0,20601,261,32766,
0,0,20609,266,32766,
0,0,20603,254,32766,
0,0,20619,254,32766,
0,0,20617,267,32766,
0,0,20620,258,32766,
0,0,20615,259,32766,
0,0,20619,258,32766,
0,0,20597,268,32766,
0,0,20601,274,32766,
0,0,20599,265,32766,
0,0,20595,259,32766,
0,0,20606,249,32766,
0,0,20604,278,32766,
0,0,20594,246,32766,
0,0,20600,247,32766,
0,0,20596,279,32766,
0,0,20612,273,32766,
0,0,20593,250,32766,
0,0,20613,262,32766,
0,0,20588,267,32766,
0,0,20592,262,32766,
0,0,20591,251,32766,
0,0,20586,260,32766,
0,0,20604,266,32766,
0,0,20595,270,32766,
0,0,20611,260,32766,
0,0,20594,247,32766,
0,0,20601,291,32766,
0,0,20608,267,32766,
0,0,20610,266,32766,
0,0,20601,264,32766,
0,0,20598,247,32766,
0,0,20604,253,32766,
0,0,20619,261,32766,
0,0,20604,263,32766,
0,0,20607,263,32766,
0,0,20598,256,32766,
0,0,20612,262,32766,
0,0,20599,266,32766,
0,0,20616,262,32766,
0,0,20615,259,32766,
0,0,20615,261,32766,
0,0,20615,278,32766,
0,0,20605,271,32766,
0,0,20603,267,32766,
0,0,20596,249,32766,
0,0,20613,271,32766,
0,0,20596,253,32766,
0,0,20610,270,32766,
0,0,20611,254,32766,
0,0,20597,258,32766,
0,0,20608,261,32766,
0,0,20610,274,32766,
0,0,20601,264,32766,
0,0,20618,265,32766,
0,0,20606,266,32766,
0,0,20597,244,32766,
0,0,20608,266,32766,
0,0,20594,264,32766,
0,0,20608,249,32766,
0,0,20601,249,32766,
0,0,20598,266,32766,
0,0,20598,246,32766,
0,0,20593,266,32766,
0,0,20591,263,32766,
0,0,20601,271,32766,
0,0,20590,259,32766,
0,0,20605,268,32766,
0,0,20601,261,32766,
0,0,20593,264,32766,
0,0,20621,271,32766,
0,0,20597,258,32766,
0,0,20612,256,32766,
0,0,20607,280,32766,
0,0,20610,246,32766,
0,0,20600,250,32766,
0,0,20583,269,32766,
0,0,20603,257,32766,
0,0,20599,259,32766,
0,0,20602,268,32766,
0,0,20605,254,32766,
0,0,20623,265,32766,
0,0,20627,245,32766,
0,0,20590,254,32766,
0,0,20600,253,32766,
0,0,20618,253,32766,
0,0,20603,269,32766,
0,0,20604,263,32766,
0,0,20601,278,32766,
0,0,20608,254,32766,
0,0,20612,279,32766,
0,0,20605,261,32766,
0,0,20600,253,32766,
0,0,20596,254,32766,
0,0,20608,242,32766,
0,0,20613,263,32766,
0,0,20613,266,32766,
0,0,20596,256,32766,
0,0,20609,271,32766,
0,0,20606,256,32766,
0,0,20602,254,32766,
0,0,20604,269,32766,
0,0,20594,246,32766,
0,0,20600,268,32766,
0,0,20611,271,32766,
0,0,20600,278,32766,
0,0,20600,262,32766,
0,0,20598,262,32766,
0,0,20598,257,32766,
0,0,20599,253,32766,
0,0,20589,243,32766,
0,0,20587,272,32766,
0,0,20595,254,32766,
0,0,20591,256,32766,
0,0,20587,257,32766,
0,0,20588,261,32766,
0,0,20594,271,32766,
0,0,20584,254,32766,
0,0,20585,247,32766,
0,0,20595,244,32766,
0,0,20592,275,32766,
0,0,20601,261,32766,
0,0,20601,266,32766,
0,0,20596,262,32766,
0,0,20585,257,32766,
0,0,20598,259,32766,
0,0,20607,253,32766,
0,0,20598,271,32766,
0,0,20604,262,32766,
0,0,20609,280,32766,
0,0,20636,263,32766,
0,0,20613,264,32766,
0,0,20606,265,32766,
0,0,20609,255,32766,
0,0,20609,262,32766,
0,0,20620,249,32766,
0,0,20628,244,32766,
0,0,20623,270,32766,
0,0,20618,262,32766,
0,0,20622,257,32766,
0,0,20608,260,32766,
0,0,20623,266,32766,
0,0,20616,263,32766,
0,0,20610,262,32766,
0,0,20604,268,32766,
0,0,20599,243,32766,
0,0,20604,257,32766,
0,0,20605,270,32766,
0,0,20604,272,32766,
0,0,20592,250,32766,
0,0,20596,262,32766,
0,0,20600,250,32766,
0,0,20598,237,32766,
0,0,20593,272,32766,
0,0,20589,260,32766,
0,0,20584,249,32766,
0,0,20580,263,32766,
0,0,20600,268,32766,
0,0,20583,273,32766,
0,0,20596,272,32766,
0,0,20619,242,32766,
0,0,20599,268,32766,
0,0,20602,282,32766,
0,0,20604,260,32766,
0,0,20601,254,32766,
0,0,20602,280,32766,
0,0,20606,259,32766,
0,0,20607,274,32766,
0,0,20599,260,32766,
0,0,20614,263,32766,
0,0,20608,261,32766,
0,0,20603,266,32766,
0,0,20590,247,32766,
0,0,20610,253,32766,
0,0,20631,256,32766,
0,0,20625,267,32766,
0,0,20611,273,32766,
0,0,20601,261,32766,
0,0,20603,258,32766,
0,0,20600,262,32766,
0,0,20601,261,32766,
0,0,20601,258,32766,
0,0,20591,261,32766,
0,0,20593,259,32766,
0,0,20578,252,32766,
0,0,20586,262,32766,
0,0,20591,258,32766,
0,0,20582,254,32766,
0,0,20590,271,32766,
0,0,20584,259,32766,
0,0,20581,263,32766,
0,0,20577,287,32766,
0,0,20589,260,32766,
0,0,20591,246,32766,
0,0,20572,250,32766,
0,0,20577,246,32766,
0,0,20576,250,32766,
0,0,20593,277,32766,
0,0,20584,262,32766,
0,0,20591,258,32766,
0,0,20585,260,32766,
0,0,20602,267,32766,
0,0,20598,274,32766,
0,0,20611,259,32766,
0,0,20582,243,32766,
0,0,20597,238,32766,
0,0,20608,257,32766,
0,0,20617,263,32766,
0,0,20615,266,32766,
0,0,20606,271,32766,
0,0,20621,257,32766,
0,0,20605,242,32766,
0,0,20612,255,32766,
0,0,20625,266,32766,
0,0,20600,261,32766,
0,0,20624,269,32766,
0,0,20599,270,32766,
0,0,20618,264,32766,
0,0,20600,261,32766,
0,0,20593,253,32766,
0,0,20594,281,32766,
0,0,20593,256,32766,
0,0,20590,258,32766,
0,0,20597,277,32766,
0,0,20589,248,32766,
0,0,20579,254,32766,
0,0,20581,259,32766,
0,0,20597,251,32766,
0,0,20579,264,32766,
0,0,20570,257,32766,
0,0,20580,256,32766,
0,0,20598,258,32766,
0,0,20575,269,32766,
0,0,20590,264,32766,
0,0,20581,260,32766,
0,0,20588,257,32766,
0,0,20599,268,32766,
0,0,20603,272,32766,
0,0,20596,261,32766,
0,0,20617,273,32766,
0,0,20603,264,32766,
0,0,20608,268,32766,
0,0,20603,252,32766,
0,0,20592,253,32766,
0,0,20613,263,32766,
0,0,20613,253,32766,
0,0,20612,255,32766,
0,0,20603,262,32766,
0,0,20607,252,32766,
0,0,20621,257,32766,
0,0,20629,261,32766,
0,0,20609,249,32766,
0,0,20625,260,32766,
0,0,20619,261,32766,
0,0,20621,257,32766,
0,0,20620,262,32766,
0,0,20627,260,32766,
0,0,20621,248,32766,
0,0,20627,265,32766,
0,0,20622,235,32766,
0,0,20633,248,32766,
0,0,20625,253,32766,
0,0,20631,250,32766,
0,0,20619,251,32766,
0,0,20629,243,32766,
0,0,20624,257,32766,
0,0,20627,266,32766,
0,0,20624,247,32766,
0,0,20619,246,32766,
0,0,20612,250,32766,
0,0,20616,240,32766,
0,0,20609,249,32766,
0,0,20610,248,32766,
0,0,20613,244,32766,
0,0,20612,255,32766,
0,0,20624,245,32766,
0,0,20607,249,32766,
0,0,20631,245,32766,
0,0,20641,253,32766,
0,0,20634,243,32766,
0,0,20648,256,32766,
0,0,20632,254,32766,
0,0,20634,253,32766,
0,0,20649,248,32766,
0,0,20642,233,32766,
0,0,20636,236,32766,
0,0,20642,256,32766,
0,0,20650,242,32766,
0,0,20637,242,32766,
0,0,20636,240,32766,
0,0,20633,242,32766,
0,0,20623,245,32766,
0,0,20633,257,32766,
0,0,20637,248,32766,
0,0,20636,243,32766,
0,0,20628,254,32766,
0,0,20618,256,32766,
0,0,20623,252,32766,
0,0,20626,244,32766,
0,0,20617,237,32766,
0,0,20614,257,32766,
0,0,20622,251,32766,
0,0,20610,257,32766,
0,0,20628,228,32766,
0,0,20617,254,32766,
0,0,20619,253,32766,
0,0,20607,247,32766,
0,0,20610,254,32766,
0,0,20615,251,32766,
0,0,20611,262,32766,
0,0,20621,240,32766,
0,0,20631,246,32766,
0,0,20631,245,32766,
0,0,20628,257,32766,
0,0,20632,266,32766,
0,0,20621,226,32766,
0,0,20604,247,32766,
0,0,20622,245,32766,
0,0,20626,253,32766,
0,0,20632,260,32766,
0,0,20619,247,32766,
0,0,20614,243,32766,
0,0,20621,252,32766,
0,0,20594,245,32766,
0,0,20602,245,32766,
0,0,20590,258,32766,
0,0,20593,243,32766,
0,0,20588,237,32766,
0,0,20582,252,32766,
0,0,20574,264,32766,
0,0,20576,260,32766,
0,0,20586,240,32766,
0,0,20581,243,32766,
0,0,20579,253,32766,
0,0,20586,245,32766,
0,0,20584,260,32766,
0,0,20582,262,32766,
0,0,20572,245,32766,
0,0,20578,246,32766,
0,0,20597,259,32766,
0,0,20586,252,32766,
0,0,20583,261,32766,
0,0,20591,255,32766,
0,0,20578,244,32766,
0,0,20589,254,32766,
0,0,20595,251,32766,
0,0,20594,264,32766,
0,0,20594,248,32766,
0,0,20602,259,32766,
0,0,20594,261,32766,
0,0,20597,255,32766,
0,0,20592,258,32766,
0,0,20600,255,32766,
0,0,20595,244,32766,
0,0,20605,255,32766,
0,0,20597,255,32766,
0,0,20601,247,32766,
0,0,20605,257,32766,
0,0,20598,252,32766,
0,0,20588,256,32766,
0,0,20588,251,32766,
0,0,20574,254,32766,
0,0,20594,254,32766,
0,0,20600,241,32766,
0,0,20597,267,32766,
0,0,20595,247,32766,
0,0,20595,260,32766,
0,0,20581,257,32766,
0,0,20590,250,32766,
0,0,20590,256,32766,
0,0,20598,268,32766,
0,0,20579,233,32766,
0,0,20583,255,32766,
0,0,20585,247,32766,
0,0,20590,247,32766,
0,0,20589,235,32766,
0,0,20590,263,32766,
0,0,20572,251,32766,
0,0,20590,247,32766,
0,0,20584,264,32766,
0,0,20581,258,32766,
0,0,20573,247,32766,
0,0,20581,241,32766,
0,0,20583,254,32766,
0,0,20564,254,32766,
0,0,20578,253,32766,
0,0,20563,259,32766,
0,0,20545,248,32766,
0,0,20548,262,32766,
0,0,20548,258,32766,
0,0,20549,283,32766,
0,0,20535,250,32766,
0,0,20525,261,32766,
0,0,20524,256,32766,
0,0,20511,252,32766,
0,0,20511,256,32766,
0,0,20522,250,32766,
0,0,20521,246,32766,
0,0,20512,262,32766,
0,0,20525,264,32766,
0,0,20501,260,32766,
0,0,20520,265,32766,
0,0,20509,258,32766,
0,0,20512,253,32766,
0,0,20504,244,32766,
0,0,20508,263,32766,
0,0,20511,273,32766,
0,0,20501,266,32766,
0,0,20493,272,32766,
0,0,20501,258,32766,
0,0,20499,257,32766,
0,0,20511,269,32766,
0,0,20516,252,32766,
0,0,20518,252,32766,
0,0,20502,255,32766,
0,0,20521,242,32766,
0,0,20520,284,32766,
0,0,20515,265,32766,
0,0,20525,261,32766,
0,0,20518,267,32766,
0,0,20532,262,32766,
0,0,20555,267,32766,
0,0,20550,256,32766,
0,0,20554,261,32766,
0,0,20541,269,32766,
0,0,20553,261,32766,
0,0,20569,252,32766,
0,0,20547,255,32766,
0,0,20567,251,32766,
0,0,20564,276,32766,
0,0,20561,254,32766,
0,0,20561,267,32766,
0,0,20559,249,32766,
0,0,20564,248,32766,
0,0,20548,274,32766,
0,0,20556,263,32766,
0,0,20544,261,32766,
0,0,20547,250,32766,
0,0,20540,263,32766,
0,0,20549,261,32766,
0,0,20543,272,32766,
0,0,20538,261,32766,
0,0,20543,269,32766,
0,0,20540,255,32766,
0,0,20560,261,32766,
0,0,20531,267,32766,
0,0,20542,258,32766,
0,0,20547,268,32766,
0,0,20540,261,32766,
0,0,20552,262,32766,
0,0,20542,257,32766,
0,0,20539,250,32766,
0,0,20537,257,32766,
0,0,20566,266,32766,
0,0,20551,254,32766,
0,0,20538,254,32766,
0,0,20553,267,32766,
0,0,20555,258,32766,
0,0,20548,259,32766,
0,0,20561,239,32766,
0,0,20568,245,32766,
0,0,20556,263,32766,
0,0,20561,245,32766,
0,0,20552,277,32766,
0,0,20558,274,32766,
0,0,20566,263,32766,
0,0,20547,261,32766,
0,0,20545,266,32766,
0,0,20559,274,32766,
0,0,20544,261,32766,
0,0,20540,261,32766,
0,0,20530,267,32766,
0,0,20548,261,32766,
0,0,20550,251,32766,
0,0,20534,273,32766,
0,0,20547,257,32766,
0,0,20545,259,32766,
0,0,20519,236,32766,
0,0,20527,246,32766,
0,0,20522,266,32766,
0,0,20524,253,32766,
0,0,20534,262,32766,
0,0,20547,269,32766,
0,0,20539,263,32766,
0,0,20534,263,32766,
0,0,20540,264,32766,
0,0,20528,264,32766,
0,0,20539,264,32766,
0,0,20528,256,32766,
0,0,20563,271,32766,
0,0,20528,256,32766,
0,0,20531,283,32766,
0,0,20550,250,32766,
0,0,20540,256,32766,
0,0,20542,254,32766,
0,0,20546,252,32766,
0,0,20538,259,32766,
0,0,20551,266,32766,
0,0,20538,273,32766,
0,0,20528,264,32766,
0,0,20548,255,32766,
0,0,20536,266,32766,
0,0,20553,257,32766,
0,0,20537,269,32766,
0,0,20529,282,32766,
0,0,20543,271,32766,
0,0,20534,257,32766,
0,0,20539,266,32766,
0,0,20535,252,32766,
0,0,20542,255,32766,
0,0,20541,282,32766,
0,0,20537,267,32766,
0,0,20541,263,32766,
0,0,20530,254,32766,
0,0,20531,259,32766,
0,0,20526,254,32766,
0,0,20542,277,32766,
0,0,20536,258,32766,
0,0,20546,252,32766,
0,0,20554,261,32766,
0,0,20554,259,32766,
0,0,20563,277,32766,
0,0,20552,268,32766,
0,0,20557,252,32766,
0,0,20558,260,32766,
0,0,20573,241,32766,
0,0,20568,263,32766,
0,0,20580,260,32766,
0,0,20589,251,32766,
0,0,20593,265,32766,
0,0,20575,262,32766,
0,0,20585,252,32766,
0,0,20589,249,32766,
0,0,20588,255,32766,
0,0,20609,262,32766,
0,0,20595,258,32766,
0,0,20591,253,32766,
0,0,20594,275,32766,
0,0,20592,271,32766,
0,0,20584,244,32766,
0,0,20587,254,32766,
0,0,20594,271,32766,
0,0,20600,261,32766,
0,0,20594,255,32766,
0,0,20589,264,32766,
0,0,20573,259,32766,
0,0,20576,261,32766,
0,0,20590,245,32766,
0,0,20583,258,32766,
0,0,20590,253,32766,
0,0,20579,282,32766,
0,0,20582,246,32766,
0,0,20587,241,32766,
0,0,20585,252,32766,
0,0,20591,257,32766,
0,0,20595,263,32766,
0,0,20586,262,32766,
0,0,20591,249,32766,
0,0,20599,264,32766,
0,0,20610,255,32766,
0,0,20620,271,32766,
0,0,20594,257,32766,
0,0,20603,268,32766,
0,0,20609,255,32766,
0,0,20633,263,32766,
0,0,20608,236,32766,
0,0,20599,280,32766,
0,0,20599,269,32766,
0,0,20619,247,32766,
0,0,20616,251,32766,
0,0,20620,289,32766,
0,0,20608,260,32766,
0,0,20607,257,32766,
0,0,20609,256,32766,
0,0,20597,255,32766,
0,0,20604,277,32766,
0,0,20600,260,32766,
0,0,20598,255,32766,
0,0,20609,268,32766,
0,0,20607,240,32766,
0,0,20611,265,32766,
0,0,20599,279,32766,
0,0,20595,253,32766,
0,0,20592,270,32766,
0,0,20609,272,32766,
0,0,20602,242,32766,
0,0,20585,255,32766,
0,0,20596,261,32766,
0,0,20598,271,32766,
0,0,20598,257,32766,
0,0,20604,256,32766,
0,0,20602,259,32766,
0,0,20613,252,32766,
0,0,20599,264,32766,
0,0,20611,259,32766,
0,0,20612,265,32766,
0,0,20614,259,32766,
0,0,20608,264,32766,
0,0,20613,249,32766,
0,0,20626,257,32766,
0,0,20630,243,32766,
0,0,20631,262,32766,
0,0,20637,261,32766,
0,0,20633,268,32766,
0,0,20626,266,32766,
0,0,20648,255,32766,
0,0,20618,250,32766,
0,0,20648,245,32766,
0,0,20642,258,32766,
0,0,20647,259,32766,
0,0,20633,257,32766,
0,0,20650,254,32766,
0,0,20643,246,32766,
0,0,20637,265,32766,
0,0,20648,266,32766,
0,0,20631,253,32766,
0,0,20623,261,32766,
0,0,20638,248,32766,
0,0,20625,267,32766,
0,0,20619,260,32766,
0,0,20625,250,32766,
0,0,20622,254,32766,
0,0,20622,253,32766,
0,0,20634,255,32766,
0,0,20628,260,32766,
0,0,20632,250,32766,
0,0,20630,236,32766,
0,0,20627,260,32766,
0,0,20638,262,32766,
0,0,20635,264,32766,
0,0,20628,254,32766,
0,0,20643,256,32766,
0,0,20656,267,32766,
0,0,20670,260,32766,
0,0,20656,255,32766,
0,0,20648,243,32766,
0,0,20674,251,32766,
0,0,20655,259,32766,
0,0,20674,249,32766,
0,0,20664,259,32766,
0,0,20672,254,32766,
0,0,20676,262,32766,
0,0,20678,250,32766,
0,0,20668,250,32766,
0,0,20674,257,32766,
0,0,20673,257,32766,
0,0,20673,257,32766,
0,0,20665,270,32766,
0,0,20651,252,32766,
0,0,20652,262,32766,
0,0,20650,253,32766,
0,0,20663,265,32766,
0,0,20657,262,32766,
0,0,20656,261,32766,
0,0,20668,242,32766,
0,0,20662,253,32766,
0,0,20656,238,32766,
0,0,20650,258,32766,
0,0,20650,258,32766,
0,0,20647,250,32766,
0,0,20649,263,32766,
0,0,20629,259,32766,
0,0,20655,244,32766,
0,0,20658,255,32766,
0,0,20661,252,32766,
0,0,20669,243,32766,
0,0,20679,253,32766,
0,0,20669,250,32766,
0,0,20671,247,32766,
0,0,20648,242,32766,
0,0,20663,256,32766,
0,0,20684,257,32766,
0,0,20673,243,32766,
0,0,20673,255,32766,
0,0,20684,267,32766,
0,0,20699,261,32766,
0,0,20683,248,32766,
0,0,20680,263,32766,
0,0,20694,237,32766,
0,0,20688,242,32766,
0,0,20692,244,32766,
0,0,20696,253,32766,
0,0,20690,247,32766,
0,0,20684,244,32766,
0,0,20682,255,32766,
0,0,20676,258,32766,
0,0,20675,225,32766,
0,0,20680,237,32766,
0,0,20676,252,32766,
0,0,20681,243,32766,
0,0,20677,253,32766,
0,0,20680,261,32766,
0,0,20662,256,32766,
0,0,20658,262,32766,
0,0,20672,257,32766,
0,0,20682,255,32766,
0,0,20663,246,32766,
0,0,20665,269,32766,
0,0,20678,264,32766,
0,0,20683,228,32766,
0,0,20674,249,32766,
0,0,20673,258,32766,
0,0,20684,257,32766,
0,0,20665,256,32766,
0,0,20677,242,32766,
0,0,20680,242,32766,
0,0,20674,243,32766,
0,0,20683,249,32766,
0,0,20679,244,32766,
0,0,20675,260,32766,
0,0,20680,250,32766,
0,0,20681,240,32766,
0,0,20687,246,32766,
0,0,20690,258,32766,
0,0,20666,248,32766,
0,0,20681,235,32766,
0,0,20690,240,32766,
0,0,20688,255,32766,
0,0,20683,258,32766,
0,0,20688,268,32766,
0,0,20677,257,32766,
0,0,20684,253,32766,
0,0,20693,249,32766,
0,0,20681,246,32766,
0,0,20687,246,32766,
0,0,20679,256,32766,
0,0,20694,244,32766,
0,0,20682,248,32766,
0,0,20669,240,32766,
0,0,20695,249,32766,
0,0,20670,263,32766,
0,0,20685,278,32766,
0,0,20663,256,32766,
0,0,20671,238,32766,
0,0,20674,264,32766,
0,0,20689,240,32766,
0,0,20663,241,32766,
0,0,20672,254,32766,
0,0,20681,253,32766,
0,0,20667,249,32766,
0,0,20675,250,32766,
0,0,20688,256,32766,
0,0,20685,255,32766,
0,0,20694,248,32766,
0,0,20704,249,32766,
0,0,20708,257,32766,
0,0,20704,253,32766,
0,0,20704,251,32766,
0,0,20719,257,32766,
0,0,20706,276,32766,
0,0,20710,224,32766,
0,0,20717,254,32766,
0,0,20727,265,32766,
0,0,20721,256,32766,
0,0,20715,259,32766,
0,0,20723,250,32766,
0,0,20726,240,32766,
0,0,20708,252,32766,
0,0,20713,252,32766,
0,0,20693,246,32766,
0,0,20701,248,32766,
0,0,20685,259,32766,
0,0,20689,255,32766,
0,0,20706,257,32766,
0,0,20704,261,32766,
0,0,20699,238,32766,
0,0,20713,274,32766,
0,0,20711,257,32766,
0,0,20700,264,32766,
0,0,20715,255,32766,
0,0,20718,243,32766,
0,0,20710,260,32766,
0,0,20701,235,32766,
0,0,20712,267,32766,
0,0,20681,259,32766,
0,0,20702,256,32766,
0,0,20689,264,32766,
0,0,20687,245,32766,
0,0,20693,262,32766,
0,0,20696,236,32766,
0,0,20692,237,32766,
0,0,20687,250,32766,
0,0,20683,257,32766,
0,0,20666,253,32766,
0,0,20677,253,32766,
0,0,20686,252,32766,
0,0,20691,241,32766,
0,0,20691,262,32766,
0,0,20698,237,32766,
0,0,20722,262,32766,
0,0,20713,271,32766,
0,0,20706,254,32766,
0,0,20715,251,32766,
0,0,20696,256,32766,
0,0,20715,258,32766,
0,0,20691,240,32766,
0,0,20713,263,32766,
0,0,20723,251,32766,
0,0,20714,258,32766,
0,0,20745,253,32766,
0,0,20740,251,32766,
0,0,20728,252,32766,
0,0,20738,252,32766,
0,0,20718,253,32766,
0,0,20723,243,32766,
0,0,20733,229,32766,
0,0,20733,250,32766,
0,0,20736,253,32766,
0,0,20712,240,32766,
0,0,20716,255,32766,
0,0,20741,260,32766,
0,0,20738,264,32766,
0,0,20722,272,32766,
0,0,20711,263,32766,
0,0,20689,256,32766,
0,0,20698,258,32766,
0,0,20711,266,32766,
0,0,20698,263,32766,
0,0,20679,244,32766,
0,0,20673,276,32766,
0,0,20686,257,32766,
0,0,20672,279,32766,
0,0,20673,254,32766,
0,0,20643,253,32766,
0,0,20655,295,32766,
0,0,20650,241,32766,
0,0,20627,265,32766,
0,0,20634,247,32766,
0,0,20636,261,32766,
0,0,20655,266,32766,
0,0,20649,256,32766,
0,0,20646,258,32766,
0,0,20641,255,32766,
0,0,20658,253,32766,
0,0,20660,249,32766,
0,0,20644,257,32766,
0,0,20642,262,32766,
0,0,20646,251,32766,
0,0,20651,261,32766,
0,0,20651,262,32766,
0,0,20647,260,32766,
0,0,20639,258,32766,
0,0,20634,260,32766,
0,0,20631,264,32766,
0,0,20623,250,32766,
0,0,20612,267,32766,
0,0,20602,257,32766,
0,0,20620,272,32766,
0,0,20607,258,32766,
0,0,20619,259,32766,
0,0,20616,258,32766,
0,0,20609,260,32766,
0,0,20612,260,32766,
0,0,20606,265,32766,
0,0,20603,249,32766,
0,0,20629,264,32766,
0,0,20618,252,32766,
0,0,20613,263,32766,
0,0,20616,265,32766,
0,0,20600,261,32766,
0,0,20628,264,32766,
0,0,20624,263,32766,
0,0,20619,266,32766,
0,0,20618,255,32766,
0,0,20619,251,32766,
0,0,20615,248,32766,
0,0,20618,267,32766,
0,0,20621,258,32766,
0,0,20616,253,32766,
0,0,20625,279,32766,
0,0,20620,264,32766,
0,0,20631,261,32766,
0,0,20627,265,32766,
0,0,20627,265,32766,
0,0,20622,269,32766,
0,0,20611,280,32766,
0,0,20626,248,32766,
0,0,20619,262,32766,
0,0,20627,264,32766,
0,0,20610,251,32766,
0,0,20617,245,32766,
0,0,20615,257,32766,
0,0,20604,257,32766,
0,0,20608,260,32766,
0,0,20606,262,32766,
0,0,20613,281,32766,
0,0,20613,264,32766,
0,0,20612,263,32766,
0,0,20605,266,32766,
0,0,20615,270,32766,
0,0,20626,259,32766,
0,0,20620,262,32766,
0,0,20630,260,32766,
0,0,20619,269,32766,
0,0,20637,255,32766,
0,0,20639,257,32766,
0,0,20638,272,32766,
0,0,20640,286,32766,
0,0,20627,260,32766,
0,0,20642,270,32766,
0,0,20635,268,32766,
0,0,20655,260,32766,
0,0,20652,272,32766,
0,0,20671,264,32766,
0,0,20674,266,32766,
0,0,20664,267,32766,
0,0,20681,256,32766,
0,0,20673,261,32766,
0,0,20671,267,32766,
0,0,20658,256,32766,
0,0,20676,258,32766,
0,0,20672,279,32766,
0,0,20674,266,32766,
0,0,20676,264,32766,
0,0,20680,253,32766,
0,0,20667,263,32766,
0,0,20671,260,32766,
0,0,20683,256,32766,
0,0,20670,268,32766,
0,0,20664,268,32766,
0,0,20675,262,32766,
0,0,20686,273,32766,
0,0,20683,265,32766,
0,0,20683,270,32766,
0,0,20673,254,32766,
0,0,20677,258,32766,
0,0,20685,265,32766,
0,0,20682,264,32766,
0,0,20678,241,32766,
0,0,20693,279,32766,
0,0,20701,256,32766,
0,0,20690,267,32766,
0,0,20691,267,32766,
0,0,20702,253,32766,
0,0,20686,273,32766,
0,0,20692,273,32766,
0,0,20702,262,32766,
0,0,20707,257,32766,
0,0,20683,267,32766,
0,0,20695,254,32766,
0,0,20689,273,32766,
0,0,20711,269,32766,
0,0,20704,269,32766,
0,0,20704,283,32766,
0,0,20705,271,32766,
0,0,20703,280,32766,
0,0,20697,259,32766,
0,0,20715,257,32766,
0,0,20699,270,32766,
0,0,20715,269,32766,
0,0,20696,277,32766,
0,0,20691,259,32766,
0,0,20697,264,32766,
0,0,20688,266,32766,
0,0,20701,254,32766,
0,0,20692,277,32766,
0,0,20690,268,32766,
0,0,20688,265,32766,
0,0,20670,269,32766,
0,0,20672,271,32766,
0,0,20670,263,32766,
0,0,20666,272,32766,
0,0,20674,267,32766,
0,0,20651,277,32766,
0,0,20639,272,32766,
0,0,20679,261,32766,
0,0,20660,265,32766,
0,0,20672,266,32766,
0,0,20663,281,32766,
0,0,20655,264,32766,
0,0,20673,252,32766,
0,0,20662,262,32766,
0,0,20654,265,32766,
0,0,20663,266,32766,
0,0,20672,271,32766,
0,0,20675,271,32766,
0,0,20668,268,32766,
0,0,20669,264,32766,
0,0,20659,273,32766,
0,0,20668,264,32766,
0,0,20656,265,32766,
0,0,20671,256,32766,
0,0,20654,273,32766,
0,0,20656,281,32766,
0,0,20650,253,32766,
0,0,20656,268,32766,
0,0,20640,267,32766,
0,0,20640,262,32766,
0,0,20627,264,32766,
0,0,20644,276,32766,
0,0,20636,254,32766,
0,0,20627,262,32766,
0,0,20610,259,32766,
0,0,20632,260,32766,
0,0,20631,260,32766,
0,0,20616,263,32766,
0,0,20615,270,32766,
0,0,20605,255,32766,
0,0,20598,246,32766,
0,0,20602,252,32766,
0,0,20598,243,32766,
0,0,20600,266,32766,
0,0,20609,258,32766,
0,0,20612,286,32766,
0,0,20594,268,32766,
0,0,20604,268,32766,
0,0,20614,267,32766,
0,0,20620,260,32766,
0,0,20608,269,32766,
0,0,20615,246,32766,
0,0,20597,261,32766,
0,0,20609,256,32766,
0,0,20618,249,32766,
0,0,20605,262,32766,
0,0,20621,255,32766,
0,0,20632,266,32766,
0,0,20610,246,32766,
0,0,20621,255,32766,
0,0,20613,278,32766,
0,0,20622,245,32766,
0,0,20622,279,32766,
0,0,20611,248,32766,
0,0,20615,267,32766,
0,0,20616,251,32766,
0,0,20611,258,32766,
0,0,20620,260,32766,
0,0,20615,265,32766,
0,0,20615,264,32766,
0,0,20626,243,32766,
0,0,20614,250,32766,
0,0,20608,244,32766,
0,0,20610,244,32766,
0,0,20594,261,32766,
0,0,20596,245,32766,
0,0,20577,254,32766,
0,0,20548,239,32766,
0,0,20504,244,32766,
0,0,20459,251,32766,
0,0,20413,236,32766,
0,0,20335,237,32766,
0,0,20332,219,32766,
0,0,20308,225,32766,
0,0,20316,224,32766,
0,0,20329,215,32766,
0,0,20334,209,32766,
0,0,20342,213,32766,
0,0,20317,218,32766,
0,0,20323,211,32766,
0,0,20325,184,32766,
0,0,20320,203,32766,
0,0,20309,196,32766,
0,0,20298,210,32766,
0,0,20301,197,32766,
0,0,20295,212,32766,
0,0,20287,207,32766,
0,0,20300,193,32766,
0,0,20292,202,32766,
0,0,20270,196,32766,
0,0,20284,198,32766,
0,0,20265,192,32766,
0,0,20258,229,32766,
0,0,20271,197,32766,
0,0,20282,211,32766,
0,0,20291,191,32766,
0,0,20298,224,32766,
0,0,20327,211,32766,
0,0,20334,204,32766,
0,0,20346,200,32766,
0,0,20365,219,32766,
0,0,20365,217,32766,
0,0,20383,216,32766,
0,0,20394,222,32766,
0,0,20396,219,32766,
0,0,20427,191,32766,
0,0,20421,222,32766,
0,0,20440,198,32766,
0,0,20436,208,32766,
0,0,20438,234,32766,
0,0,20426,227,32766,
0,0,20412,227,32766,
0,0,20411,236,32766,
0,0,20412,242,32766,
0,0,20408,236,32766,
0,0,20411,234,32766,
0,0,20429,238,32766,
0,0,20410,252,32766,
0,0,20411,261,32766,
0,0,20400,266,32766,
0,0,20384,257,32766,
0,0,20389,241,32766,
0,0,20384,239,32766,
0,0,20372,256,32766,
0,0,20356,276,32766,
0,0,20337,241,32766,
0,0,20339,256,32766,
0,0,20337,253,32766,
0,0,20351,246,32766,
0,0,20335,240,32766,
0,0,20355,262,32766,
0,0,20340,241,32766,
0,0,20350,254,32766,
0,0,20352,250,32766,
0,0,20354,248,32766,
0,0,20345,236,32766,
0,0,20371,247,32766,
0,0,20384,242,32766,
0,0,20399,245,32766,
0,0,20411,244,32766,
0,0,20415,250,32766,
0,0,20433,262,32766,
0,0,20431,236,32766,
0,0,20454,251,32766,
0,0,20466,247,32766,
0,0,20447,246,32766,
0,0,20465,251,32766,
0,0,20486,257,32766,
0,0,20496,257,32766,
0,0,20519,253,32766,
0,0,20536,248,32766,
0,0,20525,238,32766,
0,0,20544,246,32766,
0,0,20547,251,32766,
0,0,20547,245,32766,
0,0,20547,226,32766,
0,0,20539,251,32766,
0,0,20548,254,32766,
0,0,20535,263,32766,
0,0,20540,262,32766,
0,0,20534,255,32766,
0,0,20534,248,32766,
0,0,20509,246,32766,
0,0,20515,245,32766,
0,0,20525,262,32766,
0,0,20535,258,32766,
0,0,20531,243,32766,
0,0,20525,245,32766,
0,0,20528,258,32766,
0,0,20522,267,32766,
0,0,20546,270,32766,
0,0,20558,247,32766,
0,0,20565,272,32766,
0,0,20591,269,32766,
0,0,20580,262,32766,
0,0,20589,268,32766,
0,0,20598,256,32766,
0,0,20591,262,32766,
0,0,20587,260,32766,
0,0,20576,257,32766,
0,0,20577,263,32766,
0,0,20577,249,32766,
0,0,20588,263,32766,
0,0,20608,264,32766,
0,0,20613,247,32766,
0,0,20635,270,32766,
0,0,20637,278,32766,
0,0,20645,262,32766,
0,0,20649,262,32766,
0,0,20639,262,32766,
0,0,20662,262,32766,
0,0,20654,268,32766,
0,0,20662,262,32766,
0,0,20676,274,32766,
0,0,20695,256,32766,
0,0,20686,265,32766,
0,0,20694,270,32766,
0,0,20688,263,32766,
0,0,20685,261,32766,
0,0,20686,271,32766,
0,0,20677,259,32766,
0,0,20698,258,32766,
0,0,20691,271,32766,
0,0,20715,260,32766,
0,0,20698,256,32766,
0,0,20725,268,32766,
0,0,20698,261,32766,
0,0,20713,261,32766,
0,0,20709,258,32766,
0,0,20702,267,32766,
0,0,20699,260,32766,
0,0,20688,272,32766,
0,0,20709,287,32766,
0,0,20703,274,32766,
0,0,20695,251,32766,
0,0,20696,257,32766,
0,0,20722,282,32766,
0,0,20713,263,32766,
0,0,20725,265,32766,
0,0,20718,258,32766,
0,0,20720,260,32766,
0,0,20730,263,32766,
0,0,20727,276,32766,
0,0,20731,260,32766,
0,0,20712,250,32766,
0,0,20728,256,32766,
0,0,20733,262,32766,
0,0,20726,273,32766,
0,0,20729,273,32766,
0,0,20735,249,32766,
0,0,20729,279,32766,
0,0,20732,275,32766,
0,0,20730,268,32766,
0,0,20728,269,32766,
0,0,20731,270,32766,
0,0,20741,266,32766,
0,0,20749,265,32766,
0,0,20729,262,32766,
0,0,20723,264,32766,
0,0,20717,258,32766,
0,0,20718,259,32766,
0,0,20715,266,32766,
0,0,20713,258,32766,
0,0,20710,255,32766,
0,0,20713,255,32766,
0,0,20712,276,32766,
0,0,20695,267,32766,
0,0,20702,268,32766,
0,0,20713,260,32766,
0,0,20708,276,32766,
0,0,20685,250,32766,
0,0,20714,278,32766,
0,0,20701,266,32766,
0,0,20706,273,32766,
0,0,20717,262,32766,
0,0,20708,251,32766,
0,0,20699,285,32766,
0,0,20717,273,32766,
0,0,20717,248,32766,
0,0,20714,276,32766,
0,0,20717,263,32766,
0,0,20715,272,32766,
0,0,20703,274,32766,
0,0,20725,276,32766,
0,0,20698,281,32766,
0,0,20731,274,32766,
0,0,20706,264,32766,
0,0,20710,274,32766,
0,0,20704,271,32766,
0,0,20692,269,32766,
0,0,20695,290,32766,
0,0,20710,284,32766,
0,0,20706,257,32766,
0,0,20697,267,32766,
0,0,20699,252,32766,
0,0,20698,273,32766,
0,0,20694,276,32766,
0,0,20698,280,32766,
0,0,20673,250,32766,
0,0,20692,263,32766,
0,0,20698,265,32766,
0,0,20679,268,32766,
0,0,20686,265,32766,
0,0,20684,271,32766,
0,0,20683,269,32766,
0,0,20694,258,32766,
0,0,20689,279,32766,
0,0,20689,274,32766,
0,0,20689,276,32766,
0,0,20696,259,32766,
0,0,20694,258,32766,
0,0,20695,266,32766,
0,0,20709,266,32766,
0,0,20713,265,32766,
0,0,20719,268,32766,
0,0,20692,282,32766,
0,0,20722,258,32766,
0,0,20713,273,32766,
0,0,20699,283,32766,
0,0,20700,274,32766,
0,0,20719,255,32766,
0,0,20709,252,32766,
0,0,20718,261,32766,
0,0,20704,274,32766,
0,0,20700,282,32766,
0,0,20708,264,32766,
0,0,20705,261,32766,
0,0,20706,265,32766,
0,0,20709,261,32766,
0,0,20713,260,32766,
0,0,20707,265,32766,
0,0,20706,265,32766,
0,0,20705,266,32766,
0,0,20709,271,32766,
0,0,20698,271,32766,
0,0,20705,260,32766,
0,0,20705,271,32766,
0,0,20712,259,32766,
0,0,20707,264,32766,
0,0,20712,289,32766,
0,0,20695,251,32766,
0,0,20709,264,32766,
0,0,20718,261,32766,
0,0,20727,271,32766,
0,0,20708,274,32766,
0,0,20708,270,32766,
0,0,20713,271,32766,
0,0,20712,262,32766,
0,0,20725,283,32766,
0,0,20710,283,32766,
0,0,20714,259,32766,
0,0,20720,280,32766,
0,0,20718,266,32766,
0,0,20715,251,32766,
0,0,20690,266,32766,
0,0,20720,282,32766,
0,0,20703,273,32766,
0,0,20717,266,32766,
0,0,20702,273,32766,
0,0,20704,273,32766,
0,0,20703,272,32766,
0,0,20716,276,32766,
0,0,20709,270,32766,
0,0,20698,284,32766,
0,0,20692,270,32766,
0,0,20697,254,32766,
0,0,20694,285,32766,
0,0,20695,269,32766,
0,0,20684,275,32766,
0,0,20688,254,32766,
0,0,20700,271,32766,
0,0,20701,269,32766,
0,0,20694,262,32766,
0,0,20686,267,32766,
0,0,20689,276,32766,
0,0,20679,266,32766,
0,0,20682,273,32766,
0,0,20695,259,32766,
0,0,20685,271,32766,
0,0,20678,270,32766,
0,0,20689,254,32766,
0,0,20689,281,32766,
0,0,20704,276,32766,
0,0,20710,264,32766,
0,0,20714,264,32766,
0,0,20701,288,32766,
0,0,20711,258,32766,
0,0,20701,273,32766,
0,0,20720,274,32766,
0,0,20698,276,32766,
0,0,20705,263,32766,
0,0,20722,264,32766,
0,0,20725,252,32766,
0,0,20719,278,32766,
0,0,20722,253,32766,
0,0,20701,248,32766,
0,0,20701,291,32766,
0,0,20694,270,32766,
0,0,20699,263,32766,
0,0,20697,269,32766,
0,0,20696,267,32766,
0,0,20694,272,32766,
0,0,20684,269,32766,
0,0,20691,264,32766,
0,0,20699,266,32766,
0,0,20701,266,32766,
0,0,20680,259,32766,
0,0,20681,273,32766,
0,0,20662,279,32766,
0,0,20679,274,32766,
0,0,20654,245,32766,
0,0,20691,260,32766,
0,0,20675,272,32766,
0,0,20671,274,32766,
0,0,20670,248,32766,
0,0,20684,278,32766,
0,0,20694,269,32766,
0,0,20681,261,32766,
0,0,20682,265,32766,
0,0,20688,266,32766,
0,0,20694,276,32766,
0,0,20697,271,32766,
0,0,20704,281,32766,
0,0,20705,271,32766,
0,0,20695,268,32766,
0,0,20705,278,32766,
0,0,20697,274,32766,
0,0,20689,257,32766,
0,0,20699,269,32766,
0,0,20683,271,32766,
0,0,20682,272,32766,
0,0,20697,262,32766,
0,0,20682,272,32766,
0,0,20672,266,32766,
0,0,20668,264,32766,
0,0,20667,274,32766,
0,0,20662,279,32766,
0,0,20671,279,32766,
0,0,20661,253,32766,
0,0,20648,258,32766,
0,0,20670,282,32766,
0,0,20667,278,32766,
0,0,20664,279,32766,
0,0,20653,260,32766,
0,0,20652,281,32766,
0,0,20653,262,32766,
0,0,20664,266,32766,
0,0,20677,269,32766,
0,0,20665,268,32766,
0,0,20678,267,32766,
0,0,20688,269,32766,
0,0,20673,259,32766,
0,0,20684,284,32766,
0,0,20686,273,32766,
0,0,20680,292,32766,
0,0,20686,261,32766,
0,0,20681,264,32766,
0,0,20695,259,32766,
0,0,20684,251,32766,
0,0,20693,288,32766,
0,0,20685,274,32766,
0,0,20691,262,32766,
0,0,20690,261,32766,
0,0,20680,262,32766,
0,0,20681,272,32766,
0,0,20665,276,32766,
0,0,20672,274,32766,
0,0,20678,261,32766,
0,0,20660,271,32766,
0,0,20663,267,32766,
0,0,20652,278,32766,
0,0,20664,270,32766,
0,0,20671,257,32766,
0,0,20668,276,32766,
0,0,20674,263,32766,
0,0,20682,277,32766,
0,0,20662,270,32766,
0,0,20685,272,32766,
0,0,20699,260,32766,
0,0,20678,281,32766,
0,0,20673,278,32766,
0,0,20689,269,32766,
0,0,20696,274,32766,
0,0,20685,285,32766,
0,0,20703,287,32766,
0,0,20697,281,32766,
0,0,20687,264,32766,
0,0,20691,275,32766,
0,0,20691,260,32766,
0,0,20686,270,32766,
0,0,20694,282,32766,
0,0,20688,269,32766,
0,0,20693,272,32766,
0,0,20688,275,32766,
0,0,20690,283,32766,
0,0,20690,263,32766,
0,0,20684,275,32766,
0,0,20671,276,32766,
0,0,20674,279,32766,
0,0,20695,275,32766,
0,0,20673,280,32766,
0,0,20669,272,32766,
0,0,20675,263,32766,
0,0,20676,267,32766,
0,0,20690,276,32766,
0,0,20683,269,32766,
0,0,20680,261,32766,
0,0,20674,264,32766,
0,0,20665,269,32766,
0,0,20688,266,32766,
0,0,20692,278,32766,
0,0,20695,266,32766,
0,0,20683,262,32766,
0,0,20704,266,32766,
0,0,20706,267,32766,
0,0,20718,275,32766,
0,0,20733,272,32766,
0,0,20737,287,32766,
0,0,20737,277,32766,
0,0,20748,271,32766,
0,0,20749,268,32766,
0,0,20739,263,32766,
0,0,20742,263,32766,
0,0,20747,273,32766,
0,0,20728,273,32766,
0,0,20748,270,32766,
0,0,20746,268,32766,
0,0,20740,267,32766,
0,0,20723,277,32766,
0,0,20725,284,32766,
0,0,20727,266,32766,
0,0,20716,263,32766,
0,0,20713,291,32766,
0,0,20718,247,32766,
0,0,20738,267,32766,
0,0,20713,256,32766,
0,0,20723,260,32766,
0,0,20723,273,32766,
0,0,20739,267,32766,
0,0,20741,259,32766,
0,0,20733,269,32766,
0,0,20737,270,32766,
0,0,20733,255,32766,
0,0,20754,268,32766,
0,0,20752,272,32766,
0,0,20761,254,32766,
0,0,20761,263,32766,
0,0,20768,273,32766,
0,0,20773,261,32766,
0,0,20779,277,32766,
0,0,20773,271,32766,
0,0,20767,261,32766,
0,0,20780,270,32766,
0,0,20786,270,32766,
0,0,20767,262,32766,
0,0,20791,271,32766,
0,0,20774,265,32766,
0,0,20773,284,32766,
0,0,20780,266,32766,
0,0,20765,259,32766,
0,0,20772,256,32766,
0,0,20773,273,32766,
0,0,20762,263,32766,
0,0,20745,266,32766,
0,0,20747,256,32766,
0,0,20741,275,32766,
0,0,20748,258,32766,
0,0,20738,264,32766,
0,0,20741,263,32766,
0,0,20729,272,32766,
0,0,20733,256,32766,
0,0,20735,257,32766,
0,0,20727,265,32766,
0,0,20726,275,32766,
0,0,20738,252,32766,
0,0,20735,287,32766,
0,0,20754,266,32766,
0,0,20751,272,32766,
0,0,20761,266,32766,
0,0,20758,277,32766,
0,0,20775,267,32766,
0,0,20784,270,32766,
0,0,20786,267,32766,
0,0,20787,268,32766,
0,0,20801,269,32766,
0,0,20816,268,32766,
0,0,20802,262,32766,
0,0,20801,255,32766,
0,0,20809,268,32766,
0,0,20832,274,32766,
0,0,20824,268,32766,
0,0,20825,273,32766,
0,0,20834,278,32766,
0,0,20819,259,32766,
0,0,20823,257,32766,
0,0,20814,264,32766,
0,0,20809,271,32766,
0,0,20808,269,32766,
0,0,20793,257,32766,
0,0,20777,273,32766,
0,0,20775,265,32766,
0,0,20752,252,32766,
0,0,20762,278,32766,
0,0,20746,273,32766,
0,0,20735,266,32766,
0,0,20724,271,32766,
0,0,20714,260,32766,
0,0,20712,266,32766,
0,0,20700,295,32766,
0,0,20708,274,32766,
0,0,20690,270,32766,
0,0,20686,268,32766,
0,0,20709,262,32766,
0,0,20704,259,32766,
0,0,20713,258,32766,
0,0,20713,269,32766,
0,0,20719,270,32766,
0,0,20721,256,32766,
0,0,20731,285,32766,
0,0,20736,245,32766,
0,0,20748,271,32766,
0,0,20756,252,32766,
0,0,20766,254,32766,
0,0,20774,265,32766,
0,0,20792,270,32766,
0,0,20782,276,32766,
0,0,20800,262,32766,
0,0,20792,263,32766,
0,0,20804,267,32766,
0,0,20808,284,32766,
0,0,20793,260,32766,
0,0,20792,270,32766,
0,0,20788,285,32766,
0,0,20791,279,32766,
0,0,20779,271,32766,
0,0,20773,280,32766,
0,0,20762,256,32766,
0,0,20760,267,32766,
0,0,20744,256,32766,
0,0,20752,263,32766,
0,0,20743,258,32766,
0,0,20712,267,32766,
0,0,20721,276,32766,
0,0,20700,259,32766,
0,0,20706,267,32766,
0,0,20705,257,32766,
0,0,20695,272,32766,
0,0,20689,269,32766,
0,0,20691,280,32766,
0,0,20682,286,32766,
0,0,20683,262,32766,
0,0,20692,262,32766,
0,0,20699,279,32766,
0,0,20700,250,32766,
0,0,20709,262,32766,
0,0,20719,271,32766,
0,0,20698,270,32766,
0,0,20720,265,32766,
0,0,20731,267,32766,
0,0,20743,277,32766,
0,0,20745,256,32766,
0,0,20765,257,32766,
0,0,20769,272,32766,
0,0,20767,281,32766,
0,0,20775,267,32766,
0,0,20773,276,32766,
0,0,20782,266,32766,
0,0,20769,259,32766,
0,0,20778,292,32766,
0,0,20783,272,32766,
0,0,20763,265,32766,
0,0,20768,270,32766,
0,0,20778,264,32766,
0,0,20764,270,32766,
0,0,20753,272,32766,
0,0,20756,266,32766,
0,0,20748,279,32766,
0,0,20740,252,32766,
0,0,20723,274,32766,
0,0,20709,257,32766,
0,0,20701,281,32766,
0,0,20707,275,32766,
0,0,20697,268,32766,
0,0,20684,261,32766,
0,0,20686,286,32766,
0,0,20686,262,32766,
0,0,20689,274,32766,
0,0,20685,283,32766,
0,0,20687,276,32766,
0,0,20695,270,32766,
0,0,20698,269,32766,
0,0,20710,271,32766,
0,0,20708,276,32766,
0,0,20707,246,32766,
0,0,20709,254,32766,
0,0,20710,273,32766,
0,0,20735,265,32766,
0,0,20740,260,32766,
0,0,20743,263,32766,
0,0,20747,271,32766,
0,0,20744,273,32766,
0,0,20773,275,32766,
0,0,20776,282,32766,
0,0,20750,266,32766,
0,0,20755,258,32766,
0,0,20755,273,32766,
0,0,20756,268,32766,
0,0,20757,263,32766,
0,0,20746,267,32766,
0,0,20740,254,32766,
0,0,20736,283,32766,
0,0,20741,278,32766,
0,0,20735,269,32766,
0,0,20727,281,32766,
0,0,20713,263,32766,
0,0,20721,264,32766,
0,0,20715,267,32766,
0,0,20715,267,32766,
0,0,20699,275,32766,
0,0,20705,251,32766,
0,0,20708,259,32766,
0,0,20688,276,32766,
0,0,20702,266,32766,
0,0,20717,288,32766,
0,0,20726,265,32766,
0,0,20730,265,32766,
0,0,20747,269,32766,
0,0,20749,259,32766,
0,0,20773,266,32766,
0,0,20773,259,32766,
0,0,20783,271,32766,
0,0,20814,257,32766,
0,0,20834,270,32766,
0,0,20822,267,32766,
0,0,20858,260,32766,
0,0,20865,258,32766,
0,0,20864,270,32766,
0,0,20860,264,32766,
0,0,20870,268,32766,
0,0,20872,263,32766,
0,0,20879,247,32766,
0,0,20869,263,32766,
0,0,20883,276,32766,
0,0,20874,264,32766,
0,0,20877,259,32766,
0,0,20889,274,32766,
0,0,20882,264,32766,
0,0,20878,260,32766,
0,0,20870,261,32766,
0,0,20870,263,32766,
0,0,20874,265,32766,
0,0,20870,257,32766,
0,0,20866,280,32766,
0,0,20853,259,32766,
0,0,20846,274,32766,
0,0,20844,272,32766,
0,0,20850,249,32766,
0,0,20822,270,32766,
0,0,20833,257,32766,
0,0,20819,275,32766,
0,0,20805,264,32766,
0,0,20809,263,32766,
0,0,20795,257,32766,
0,0,20796,268,32766,
0,0,20792,265,32766,
0,0,20775,267,32766,
0,0,20768,258,32766,
0,0,20780,264,32766,
0,0,20769,271,32766,
0,0,20752,260,32766,
0,0,20760,246,32766,
0,0,20748,258,32766,
0,0,20755,268,32766,
0,0,20737,260,32766,
0,0,20752,257,32766,
0,0,20724,266,32766,
0,0,20735,261,32766,
0,0,20737,271,32766,
0,0,20717,254,32766,
0,0,20712,266,32766,
0,0,20707,257,32766,
0,0,20703,254,32766,
0,0,20694,260,32766,
0,0,20703,261,32766,
0,0,20687,263,32766,
0,0,20696,262,32766,
0,0,20691,250,32766,
0,0,20691,256,32766,
0,0,20693,264,32766,
0,0,20704,269,32766,
0,0,20685,258,32766,
0,0,20683,262,32766,
0,0,20691,261,32766,
0,0,20665,254,32766,
0,0,20677,254,32766,
0,0,20679,256,32766,
0,0,20672,252,32766,
0,0,20675,270,32766,
0,0,20696,267,32766,
0,0,20685,255,32766,
0,0,20693,263,32766,
0,0,20682,260,32766,
0,0,20679,256,32766,
0,0,20700,272,32766,
0,0,20716,264,32766,
0,0,20700,263,32766,
0,0,20702,262,32766,
0,0,20719,266,32766,
0,0,20721,253,32766,
0,0,20728,270,32766,
0,0,20738,270,32766,
0,0,20743,268,32766,
0,0,20737,257,32766,
0,0,20740,261,32766,
0,0,20754,260,32766,
0,0,20748,262,32766,
0,0,20744,249,32766,
0,0,20753,277,32766,
0,0,20743,252,32766,
0,0,20748,268,32766,
0,0,20734,257,32766,
0,0,20732,265,32766,
0,0,20706,266,32766,
0,0,20720,260,32766,
0,0,20707,261,32766,
0,0,20691,271,32766,
0,0,20691,257,32766,
0,0,20692,266,32766,
0,0,20689,260,32766,
0,0,20688,268,32766,
0,0,20684,269,32766,
0,0,20695,261,32766,
0,0,20702,266,32766,
0,0,20690,271,32766,
0,0,20700,260,32766,
0,0,20692,259,32766,
0,0,20695,264,32766,
0,0,20711,266,32766,
0,0,20708,264,32766,
0,0,20698,274,32766,
0,0,20735,268,32766,
0,0,20705,265,32766,
0,0,20714,276,32766,
0,0,20698,264,32766,
0,0,20708,269,32766,
0,0,20703,255,32766,
0,0,20715,261,32766,
0,0,20720,267,32766,
0,0,20709,265,32766,
0,0,20718,267,32766,
0,0,20721,260,32766,
0,0,20709,264,32766,
0,0,20711,261,32766,
0,0,20717,258,32766,
0,0,20709,264,32766,
0,0,20724,262,32766,
0,0,20717,257,32766,
0,0,20722,254,32766,
0,0,20727,257,32766,
0,0,20729,275,32766,
0,0,20723,239,32766,
0,0,20732,274,32766,
0,0,20739,250,32766,
0,0,20740,271,32766,
0,0,20749,271,32766,
0,0,20752,268,32766,
0,0,20761,270,32766,
0,0,20772,267,32766,
0,0,20759,257,32766,
0,0,20763,266,32766,
0,0,20796,259,32766,
0,0,20774,260,32766,
0,0,20778,259,32766,
0,0,20778,252,32766,
0,0,20780,253,32766,
0,0,20785,252,32766,
0,0,20789,270,32766,
0,0,20778,250,32766,
0,0,20780,264,32766,
0,0,20766,264,32766,
0,0,20753,270,32766,
0,0,20766,249,32766,
0,0,20764,259,32766,
0,0,20756,249,32766,
0,0,20750,275,32766,
0,0,20755,291,32766,
0,0,20742,270,32766,
0,0,20755,252,32766,
0,0,20743,257,32766,
0,0,20741,254,32766,
0,0,20740,255,32766,
0,0,20738,281,32766,
0,0,20745,255,32766,
0,0,20748,257,32766,
0,0,20737,258,32766,
0,0,20749,248,32766,
0,0,20739,256,32766,
0,0,20755,254,32766,
0,0,20763,253,32766,
0,0,20757,273,32766,
0,0,20774,269,32766,
0,0,20783,265,32766,
0,0,20763,244,32766,
0,0,20778,253,32766,
0,0,20783,261,32766,
0,0,20779,257,32766,
0,0,20776,265,32766,
0,0,20791,258,32766,
0,0,20791,264,32766,
0,0,20787,263,32766,
0,0,20802,266,32766,
0,0,20788,258,32766,
0,0,20771,267,32766,
0,0,20773,264,32766,
0,0,20777,249,32766,
0,0,20765,266,32766,
0,0,20761,274,32766,
0,0,20752,264,32766,
0,0,20738,267,32766,
0,0,20740,274,32766,
0,0,20732,257,32766,
0,0,20743,253,32766,
0,0,20716,268,32766,
0,0,20722,260,32766,
0,0,20709,256,32766,
0,0,20704,257,32766,
0,0,20695,254,32766,
0,0,20709,273,32766,
0,0,20705,265,32766,
0,0,20714,254,32766,
0,0,20710,270,32766,
0,0,20713,270,32766,
0,0,20717,269,32766,
0,0,20717,265,32766,
0,0,20732,264,32766,
0,0,20737,273,32766,
0,0,20742,272,32766,
0,0,20748,266,32766,
0,0,20751,268,32766,
0,0,20759,260,32766,
0,0,20745,266,32766,
0,0,20758,264,32766,
0,0,20759,262,32766,
0,0,20765,265,32766,
0,0,20762,251,32766,
0,0,20759,249,32766,
0,0,20751,270,32766,
0,0,20765,269,32766,
0,0,20739,279,32766,
0,0,20734,287,32766,
0,0,20723,252,32766,
0,0,20720,258,32766,
0,0,20722,257,32766,
0,0,20711,259,32766,
0,0,20701,259,32766,
0,0,20726,265,32766,
0,0,20707,263,32766,
0,0,20725,256,32766,
0,0,20721,266,32766,
0,0,20725,286,32766,
0,0,20713,271,32766,
0,0,20709,239,32766,
0,0,20710,272,32766,
0,0,20693,271,32766,
0,0,20679,257,32766,
0,0,20678,259,32766,
0,0,20674,261,32766,
0,0,20702,266,32766,
0,0,20711,261,32766,
0,0,20739,261,32766,
0,0,20761,268,32766,
0,0,20785,254,32766,
0,0,20798,266,32766,
0,0,20816,263,32766,
0,0,20866,251,32766,
0,0,20865,270,32766,
0,0,20896,276,32766,
0,0,20902,266,32766,
0,0,20906,277,32766,
0,0,20900,274,32766,
0,0,20910,277,32766,
0,0,20916,270,32766,
0,0,20903,266,32766,
0,0,20897,256,32766,
0,0,20889,268,32766,
0,0,20885,268,32766,
0,0,20879,263,32766,
0,0,20859,249,32766,
0,0,20828,271,32766,
0,0,20838,267,32766,
0,0,20808,262,32766,
0,0,20793,255,32766,
0,0,20767,259,32766,
0,0,20746,271,32766,
0,0,20739,245,32766,
0,0,20730,268,32766,
0,0,20725,266,32766,
0,0,20717,250,32766,
0,0,20731,266,32766,
0,0,20732,264,32766,
0,0,20728,252,32766,
0,0,20739,259,32766,
0,0,20743,259,32766,
0,0,20738,257,32766,
0,0,20748,242,32766,
0,0,20743,271,32766,
0,0,20759,273,32766,
0,0,20761,265,32766,
0,0,20782,249,32766,
0,0,20789,248,32766,
0,0,20809,254,32766,
0,0,20808,263,32766,
0,0,20816,260,32766,
0,0,20818,260,32766,
0,0,20831,269,32766,
0,0,20840,269,32766,
0,0,20832,252,32766,
0,0,20838,258,32766,
0,0,20840,256,32766,
0,0,20832,266,32766,
0,0,20837,256,32766,
0,0,20838,271,32766,
0,0,20829,264,32766,
0,0,20814,265,32766,
0,0,20808,261,32766,
0,0,20793,277,32766,
0,0,20778,274,32766,
0,0,20775,258,32766,
0,0,20765,259,32766,
0,0,20756,264,32766,
0,0,20761,253,32766,
0,0,20740,255,32766,
0,0,20730,265,32766,
0,0,20701,254,32766,
0,0,20707,255,32766,
0,0,20705,278,32766,
0,0,20684,262,32766,
0,0,20676,258,32766,
0,0,20681,266,32766,
0,0,20676,258,32766,
0,0,20657,266,32766,
0,0,20660,268,32766,
0,0,20661,263,32766,
0,0,20664,268,32766,
0,0,20668,248,32766,
0,0,20661,263,32766,
0,0,20676,258,32766,
0,0,20670,269,32766,
0,0,20676,271,32766,
0,0,20683,248,32766,
0,0,20696,248,32766,
0,0,20697,256,32766,
0,0,20694,264,32766,
0,0,20698,248,32766,
0,0,20701,246,32766,
0,0,20723,267,32766,
0,0,20725,262,32766,
0,0,20718,257,32766,
0,0,20724,268,32766,
0,0,20734,262,32766,
0,0,20735,279,32766,
0,0,20751,258,32766,
0,0,20737,260,32766,
0,0,20733,261,32766,
0,0,20736,255,32766,
0,0,20732,263,32766,
0,0,20722,261,32766,
0,0,20725,254,32766,
0,0,20722,239,32766,
0,0,20713,262,32766,
0,0,20719,265,32766,
0,0,20726,268,32766,
0,0,20734,251,32766,
0,0,20715,263,32766,
0,0,20705,247,32766,
0,0,20708,254,32766,
0,0,20704,261,32766,
0,0,20706,281,32766,
0,0,20699,272,32766,
0,0,20695,288,32766,
0,0,20692,263,32766,
0,0,20690,259,32766,
0,0,20692,257,32766,
0,0,20694,264,32766,
0,0,20713,262,32766,
0,0,20693,251,32766,
0,0,20688,253,32766,
0,0,20693,259,32766,
0,0,20696,264,32766,
0,0,20686,266,32766,
0,0,20705,253,32766,
0,0,20706,265,32766,
0,0,20712,272,32766,
0,0,20711,264,32766,
0,0,20724,263,32766,
0,0,20725,274,32766,
0,0,20727,250,32766,
0,0,20725,267,32766,
0,0,20735,263,32766,
0,0,20739,259,32766,
0,0,20719,260,32766,
0,0,20740,263,32766,
0,0,20752,254,32766,
0,0,20731,264,32766,
0,0,20744,251,32766,
0,0,20732,267,32766,
0,0,20741,261,32766,
0,0,20744,249,32766,
0,0,20728,260,32766,
0,0,20736,269,32766,
0,0,20729,267,32766,
0,0,20720,267,32766,
0,0,20716,256,32766,
0,0,20718,248,32766,
0,0,20709,260,32766,
0,0,20705,260,32766,
0,0,20691,261,32766,
0,0,20694,262,32766,
0,0,20695,248,32766,
0,0,20682,263,32766,
0,0,20670,249,32766,
0,0,20666,256,32766,
0,0,20646,251,32766,
0,0,20650,277,32766,
0,0,20636,243,32766,
0,0,20629,265,32766,
0,0,20645,261,32766,
0,0,20641,253,32766,
0,0,20631,249,32766,
0,0,20643,255,32766,
0,0,20634,258,32766,
0,0,20629,254,32766,
0,0,20646,257,32766,
0,0,20656,270,32766,
0,0,20657,257,32766,
0,0,20650,261,32766,
0,0,20662,257,32766,
0,0,20677,242,32766,
0,0,20683,268,32766,
0,0,20687,248,32766,
0,0,20688,257,32766,
0,0,20688,267,32766,
0,0,20697,278,32766,
0,0,20695,249,32766,
0,0,20708,241,32766,
0,0,20693,263,32766,
0,0,20706,257,32766,
0,0,20702,269,32766,
0,0,20702,260,32766,
0,0,20696,267,32766,
0,0,20682,251,32766,
0,0,20670,255,32766,
0,0,20664,268,32766,
0,0,20653,239,32766,
0,0,20654,273,32766,
0,0,20653,259,32766,
0,0,20649,260,32766,
0,0,20636,255,32766,
0,0,20630,269,32766,
0,0,20627,239,32766,
0,0,20634,261,32766,
0,0,20614,262,32766,
0,0,20614,263,32766,
0,0,20627,258,32766,
0,0,20614,261,32766,
0,0,20615,255,32766,
0,0,20619,263,32766,
0,0,20613,263,32766,
0,0,20610,269,32766,
0,0,20613,250,32766,
0,0,20609,262,32766,
0,0,20616,253,32766,
0,0,20637,266,32766,
0,0,20637,265,32766,
0,0,20645,263,32766,
0,0,20645,260,32766,
0,0,20655,246,32766,
0,0,20651,259,32766,
0,0,20652,263,32766,
0,0,20667,268,32766,
0,0,20671,266,32766,
0,0,20659,261,32766,
0,0,20671,257,32766,
0,0,20644,263,32766,
0,0,20644,253,32766,
0,0,20628,254,32766,
0,0,20628,252,32766,
0,0,20624,240,32766,
0,0,20616,266,32766,
0,0,20599,258,32766,
0,0,20585,263,32766,
0,0,20586,249,32766,
0,0,20564,256,32766,
0,0,20578,251,32766,
0,0,20572,258,32766,
0,0,20572,265,32766,
0,0,20584,255,32766,
0,0,20575,249,32766,
0,0,20578,255,32766,
0,0,20577,266,32766,
0,0,20595,258,32766,
0,0,20593,268,32766,
0,0,20600,262,32766,
0,0,20614,243,32766,
0,0,20615,257,32766,
0,0,20617,252,32766,
0,0,20637,257,32766,
0,0,20641,255,32766,
0,0,20637,270,32766,
0,0,20643,263,32766,
0,0,20656,249,32766,
0,0,20654,256,32766,
0,0,20671,270,32766,
0,0,20672,269,32766,
0,0,20658,241,32766,
0,0,20652,258,32766,
0,0,20653,266,32766,
0,0,20645,248,32766,
0,0,20638,271,32766,
0,0,20642,256,32766,
0,0,20638,262,32766,
0,0,20626,252,32766,
0,0,20624,265,32766,
0,0,20611,269,32766,
0,0,20619,256,32766,
0,0,20608,252,32766,
0,0,20612,256,32766,
0,0,20590,253,32766,
0,0,20597,252,32766,
0,0,20604,265,32766,
0,0,20599,247,32766,
0,0,20605,272,32766,
0,0,20613,264,32766,
0,0,20596,265,32766,
0,0,20601,265,32766,
0,0,20616,251,32766,
0,0,20608,253,32766,
0,0,20603,249,32766,
0,0,20598,253,32766,
0,0,20617,270,32766,
0,0,20630,252,32766,
0,0,20627,273,32766,
0,0,20647,257,32766,
0,0,20642,259,32766,
0,0,20644,267,32766,
0,0,20640,246,32766,
0,0,20646,251,32766,
0,0,20644,266,32766,
0,0,20636,260,32766,
0,0,20644,257,32766,
0,0,20663,263,32766,
0,0,20651,256,32766,
0,0,20639,256,32766,
0,0,20656,253,32766,
0,0,20662,249,32766,
0,0,20651,251,32766,
0,0,20643,259,32766,
0,0,20650,264,32766,
0,0,20638,260,32766,
0,0,20638,260,32766,
0,0,20634,259,32766,
0,0,20615,248,32766,
0,0,20638,246,32766,
0,0,20609,255,32766,
0,0,20636,258,32766,
0,0,20621,255,32766,
0,0,20612,262,32766,
0,0,20617,268,32766,
0,0,20606,283,32766,
0,0,20621,269,32766,
0,0,20627,261,32766,
0,0,20638,254,32766,
0,0,20635,250,32766,
0,0,20632,268,32766,
0,0,20638,269,32766,
0,0,20648,275,32766,
0,0,20652,266,32766,
0,0,20652,257,32766,
0,0,20667,260,32766,
0,0,20675,260,32766,
0,0,20688,259,32766,
0,0,20709,257,32766,
0,0,20693,261,32766,
0,0,20699,271,32766,
0,0,20700,256,32766,
0,0,20701,266,32766,
0,0,20701,250,32766,
0,0,20705,258,32766,
0,0,20692,258,32766,
0,0,20687,269,32766,
0,0,20677,261,32766,
0,0,20679,271,32766,
0,0,20693,257,32766,
0,0,20679,261,32766,
0,0,20673,266,32766,
0,0,20687,270,32766,
0,0,20678,259,32766,
0,0,20679,266,32766,
0,0,20676,265,32766,
0,0,20687,256,32766,
0,0,20706,265,32766,
0,0,20713,266,32766,
0,0,20729,260,32766,
0,0,20736,247,32766,
0,0,20746,271,32766,
0,0,20755,268,32766,
0,0,20753,254,32766,
0,0,20771,250,32766,
0,0,20773,251,32766,
0,0,20791,262,32766,
0,0,20794,261,32766,
0,0,20801,260,32766,
0,0,20816,260,32766,
0,0,20801,266,32766,
0,0,20813,267,32766,
0,0,20826,271,32766,
0,0,20812,267,32766,
0,0,20817,275,32766,
0,0,20812,271,32766,
0,0,20803,268,32766,
0,0,20791,265,32766,
0,0,20798,263,32766,
0,0,20794,264,32766,
0,0,20788,262,32766,
0,0,20789,270,32766,
0,0,20780,265,32766,
0,0,20793,266,32766,
0,0,20797,268,32766,
0,0,20790,275,32766,
0,0,20794,273,32766,
0,0,20795,276,32766,
0,0,20799,257,32766,
0,0,20805,253,32766,
0,0,20800,272,32766,
0,0,20818,264,32766,
0,0,20827,268,32766,
0,0,20817,273,32766,
0,0,20823,274,32766,
0,0,20821,272,32766,
0,0,20811,253,32766,
0,0,20817,266,32766,
0,0,20841,277,32766,
0,0,20828,259,32766,
0,0,20827,272,32766,
0,0,20839,275,32766,
0,0,20835,280,32766,
0,0,20826,249,32766,
0,0,20817,277,32766,
0,0,20816,263,32766,
0,0,20795,269,32766,
0,0,20810,276,32766,
0,0,20785,262,32766,
0,0,20794,265,32766,
0,0,20798,268,32766,
0,0,20792,269,32766,
0,0,20806,271,32766,
0,0,20794,265,32766,
0,0,20805,262,32766,
0,0,20803,264,32766,
0,0,20797,258,32766,
0,0,20799,274,32766,
0,0,20798,258,32766,
0,0,20781,290,32766,
0,0,20796,267,32766,
0,0,20783,245,32766,
0,0,20779,232,32766,
0,0,20764,265,32766,
0,0,20776,271,32766,
0,0,20760,274,32766,
0,0,20762,262,32766,
0,0,20757,268,32766,
0,0,20764,261,32766,
0,0,20739,275,32766,
0,0,20743,270,32766,
0,0,20738,268,32766,
0,0,20743,271,32766,
0,0,20744,273,32766,
0,0,20736,253,32766,
0,0,20737,266,32766,
0,0,20745,253,32766,
0,0,20736,253,32766,
0,0,20744,282,32766,
0,0,20726,264,32766,
0,0,20728,270,32766,
0,0,20723,260,32766,
0,0,20725,274,32766,
0,0,20716,273,32766,
0,0,20731,276,32766,
0,0,20723,269,32766,
0,0,20723,258,32766,
0,0,20717,274,32766,
0,0,20711,276,32766,
0,0,20707,268,32766,
0,0,20694,265,32766,
0,0,20697,273,32766,
0,0,20695,262,32766,
0,0,20681,269,32766,
0,0,20690,257,32766,
0,0,20699,274,32766,
0,0,20699,272,32766,
0,0,20692,258,32766,
0,0,20700,265,32766,
0,0,20686,264,32766,
0,0,20697,275,32766,
0,0,20707,257,32766,
0,0,20704,254,32766,
0,0,20706,275,32766,
0,0,20713,274,32766,
0,0,20718,273,32766,
0,0,20712,255,32766,
0,0,20724,283,32766,
0,0,20742,257,32766,
0,0,20733,277,32766,
0,0,20742,270,32766,
0,0,20759,275,32766,
0,0,20755,259,32766,
0,0,20750,258,32766,
0,0,20749,274,32766,
0,0,20748,274,32766,
0,0,20754,269,32766,
0,0,20707,261,32766,
0,0,20722,250,32766,
0,0,20707,270,32766,
0,0,20680,261,32766,
0,0,20682,249,32766,
0,0,20664,265,32766,
0,0,20661,272,32766,
0,0,20645,268,32766,
0,0,20640,263,32766,
0,0,20650,259,32766,
0,0,20642,262,32766,
0,0,20636,263,32766,
0,0,20647,270,32766,
0,0,20637,255,32766,
0,0,20649,260,32766,
0,0,20638,291,32766,
0,0,20651,265,32766,
0,0,20651,254,32766,
0,0,20656,262,32766,
0,0,20675,257,32766,
0,0,20692,269,32766,
0,0,20691,268,32766,
0,0,20701,255,32766,
0,0,20699,251,32766,
0,0,20704,262,32766,
0,0,20702,267,32766,
0,0,20714,265,32766,
0,0,20720,259,32766,
0,0,20726,257,32766,
0,0,20727,251,32766,
0,0,20720,265,32766,
0,0,20715,266,32766,
0,0,20717,257,32766,
0,0,20706,266,32766,
0,0,20700,245,32766,
0,0,20690,266,32766,
0,0,20668,259,32766,
0,0,20665,259,32766,
0,0,20652,269,32766,
0,0,20627,264,32766,
0,0,20620,250,32766,
0,0,20619,260,32766,
0,0,20608,248,32766,
0,0,20593,254,32766,
0,0,20598,246,32766,
0,0,20570,267,32766,
0,0,20572,278,32766,
0,0,20560,270,32766,
0,0,20567,271,32766,
0,0,20558,259,32766,
0,0,20550,252,32766,
0,0,20561,269,32766,
0,0,20574,243,32766,
0,0,20596,261,32766,
0,0,20607,257,32766,
0,0,20616,259,32766,
0,0,20617,272,32766,
0,0,20629,261,32766,
0,0,20629,286,32766,
0,0,20645,283,32766,
0,0,20656,260,32766,
0,0,20657,248,32766,
0,0,20664,264,32766,
0,0,20682,254,32766,
0,0,20687,239,32766,
0,0,20681,269,32766,
0,0,20692,260,32766,
0,0,20687,261,32766,
0,0,20690,251,32766,
0,0,20708,260,32766,
0,0,20681,257,32766,
0,0,20663,271,32766,
0,0,20665,273,32766,
0,0,20641,242,32766,
0,0,20641,275,32766,
0,0,20625,246,32766,
0,0,20622,259,32766,
0,0,20601,256,32766,
0,0,20598,276,32766,
0,0,20587,263,32766,
0,0,20566,252,32766,
0,0,20559,256,32766,
0,0,20570,256,32766,
0,0,20550,267,32766,
0,0,20548,271,32766,
0,0,20556,272,32766,
0,0,20542,262,32766,
0,0,20546,254,32766,
0,0,20524,255,32766,
0,0,20551,249,32766,
0,0,20544,262,32766,
0,0,20545,255,32766,
0,0,20557,265,32766,
0,0,20567,241,32766,
0,0,20551,260,32766,
0,0,20571,252,32766,
0,0,20576,274,32766,
0,0,20615,262,32766,
0,0,20599,266,32766,
0,0,20616,259,32766,
0,0,20616,269,32766,
0,0,20626,278,32766,
0,0,20649,254,32766,
0,0,20643,255,32766,
0,0,20655,264,32766,
0,0,20662,259,32766,
0,0,20663,250,32766,
0,0,20661,267,32766,
0,0,20659,258,32766,
0,0,20660,284,32766,
0,0,20657,261,32766,
0,0,20649,261,32766,
0,0,20642,261,32766,
0,0,20643,267,32766,
0,0,20629,271,32766,
0,0,20637,277,32766,
0,0,20637,258,32766,
0,0,20609,246,32766,
0,0,20602,275,32766,
0,0,20603,250,32766,
0,0,20600,272,32766,
0,0,20597,271,32766,
0,0,20580,273,32766,
0,0,20561,260,32766,
0,0,20595,263,32766,
0,0,20571,254,32766,
0,0,20569,269,32766,
0,0,20570,263,32766,
0,0,20557,265,32766,
0,0,20564,262,32766,
0,0,20549,271,32766,
0,0,20562,272,32766,
0,0,20548,260,32766,
0,0,20570,265,32766,
0,0,20556,266,32766,
0,0,20566,283,32766,
0,0,20566,280,32766,
0,0,20575,276,32766,
0,0,20579,288,32766,
0,0,20596,267,32766,
0,0,20607,262,32766,
0,0,20599,259,32766,
0,0,20609,270,32766,
0,0,20617,272,32766,
0,0,20616,271,32766,
0,0,20623,268,32766,
0,0,20628,270,32766,
0,0,20647,282,32766,
0,0,20626,270,32766,
0,0,20623,251,32766,
0,0,20630,260,32766,
0,0,20637,253,32766,
0,0,20611,274,32766,
0,0,20617,257,32766,
0,0,20625,264,32766,
0,0,20611,277,32766,
0,0,20607,275,32766,
0,0,20591,261,32766,
0,0,20590,274,32766,
0,0,20552,275,32766,
0,0,20557,255,32766,
0,0,20561,260,32766,
0,0,20538,275,32766,
0,0,20543,266,32766,
0,0,20538,252,32766,
0,0,20522,281,32766,
0,0,20525,272,32766,
0,0,20527,288,32766,
0,0,20513,279,32766,
0,0,20527,281,32766,
0,0,20515,277,32766,
0,0,20521,269,32766,
0,0,20528,276,32766,
0,0,20530,270,32766,
0,0,20528,266,32766,
0,0,20518,264,32766,
0,0,20542,268,32766,
0,0,20531,255,32766,
0,0,20564,271,32766,
0,0,20561,274,32766,
0,0,20556,253,32766,
0,0,20562,259,32766,
0,0,20579,284,32766,
0,0,20576,281,32766,
0,0,20576,268,32766,
0,0,20578,257,32766,
0,0,20591,269,32766,
0,0,20597,265,32766,
0,0,20584,269,32766,
0,0,20572,258,32766,
0,0,20578,267,32766,
0,0,20573,264,32766,
0,0,20565,265,32766,
0,0,20560,257,32766,
0,0,20550,281,32766,
0,0,20541,256,32766,
0,0,20540,270,32766,
0,0,20532,278,32766,
0,0,20516,261,32766,
0,0,20510,268,32766,
0,0,20510,262,32766,
0,0,20498,267,32766,
0,0,20502,267,32766,
0,0,20510,267,32766,
0,0,20503,264,32766,
0,0,20502,271,32766,
0,0,20498,274,32766,
0,0,20486,260,32766,
0,0,20488,269,32766,
0,0,20499,260,32766,
0,0,20504,253,32766,
0,0,20514,277,32766,
0,0,20514,232,32766,
0,0,20516,282,32766,
0,0,20514,268,32766,
0,0,20529,272,32766,
0,0,20526,257,32766,
0,0,20519,256,32766,
0,0,20527,259,32766,
0,0,20539,264,32766,
0,0,20548,256,32766,
0,0,20555,264,32766,
0,0,20544,266,32766,
0,0,20555,263,32766,
0,0,20542,268,32766,
0,0,20556,269,32766,
0,0,20560,280,32766,
0,0,20549,250,32766,
0,0,20567,263,32766,
0,0,20542,265,32766,
0,0,20537,261,32766,
0,0,20533,265,32766,
0,0,20531,265,32766,
0,0,20518,266,32766,
0,0,20511,261,32766,
0,0,20512,270,32766,
0,0,20498,272,32766,
0,0,20503,270,32766,
0,0,20484,252,32766,
0,0,20479,268,32766,
0,0,20476,266,32766,
0,0,20480,267,32766,
0,0,20479,256,32766,
0,0,20484,261,32766,
0,0,20471,267,32766,
0,0,20469,261,32766,
0,0,20471,263,32766,
0,0,20483,259,32766,
0,0,20471,261,32766,
0,0,20487,269,32766,
0,0,20495,260,32766,
0,0,20496,246,32766,
0,0,20499,270,32766,
0,0,20499,256,32766,
0,0,20522,273,32766,
0,0,20510,267,32766,
0,0,20512,284,32766,
0,0,20519,258,32766,
0,0,20521,274,32766,
0,0,20512,251,32766,
0,0,20523,266,32766,
0,0,20539,270,32766,
0,0,20528,261,32766,
0,0,20529,253,32766,
0,0,20518,261,32766,
0,0,20530,268,32766,
0,0,20504,255,32766,
0,0,20515,273,32766,
0,0,20515,246,32766,
0,0,20509,273,32766,
0,0,20508,272,32766,
0,0,20506,289,32766,
0,0,20493,259,32766,
0,0,20487,259,32766,
0,0,20509,268,32766,
0,0,20488,274,32766,
0,0,20485,269,32766,
0,0,20493,275,32766,
0,0,20484,259,32766,
0,0,20472,269,32766,
0,0,20471,284,32766,
0,0,20472,272,32766,
0,0,20476,273,32766,
0,0,20478,255,32766,
0,0,20481,260,32766,
0,0,20472,260,32766,
0,0,20466,277,32766,
0,0,20484,273,32766,
0,0,20464,268,32766,
0,0,20467,270,32766,
0,0,20475,264,32766,
0,0,20468,257,32766,
0,0,20501,273,32766,
0,0,20498,280,32766,
0,0,20503,248,32766,
0,0,20495,269,32766,
0,0,20481,274,32766,
0,0,20504,274,32766,
0,0,20503,287,32766,
0,0,20508,254,32766,
0,0,20519,276,32766,
0,0,20502,270,32766,
0,0,20510,274,32766,
0,0,20509,262,32766,
0,0,20521,272,32766,
0,0,20521,269,32766,
0,0,20516,263,32766,
0,0,20520,269,32766,
0,0,20503,259,32766,
0,0,20512,267,32766,
0,0,20496,260,32766,
0,0,20486,238,32766,
0,0,20499,254,32766,
0,0,20488,253,32766,
0,0,20484,261,32766,
0,0,20484,270,32766,
0,0,20480,271,32766,
0,0,20477,265,32766,
0,0,20472,269,32766,
0,0,20466,263,32766,
0,0,20469,271,32766,
0,0,20467,253,32766,
0,0,20459,265,32766,
0,0,20461,260,32766,
0,0,20467,275,32766,
0,0,20490,263,32766,
0,0,20486,252,32766,
0,0,20486,269,32766,
0,0,20489,258,32766,
0,0,20501,271,32766,
0,0,20500,258,32766,
0,0,20502,252,32766,
0,0,20508,263,32766,
0,0,20513,250,32766,
0,0,20507,260,32766,
0,0,20511,268,32766,
0,0,20532,266,32766,
0,0,20543,276,32766,
0,0,20532,256,32766,
0,0,20537,265,32766,
0,0,20544,267,32766,
0,0,20525,268,32766,
0,0,20530,264,32766,
0,0,20529,272,32766,
0,0,20533,266,32766,
0,0,20539,280,32766,
0,0,20520,256,32766,
0,0,20497,276,32766,
0,0,20512,269,32766,
0,0,20512,270,32766,
0,0,20504,263,32766,
0,0,20510,259,32766,
0,0,20509,267,32766,
0,0,20494,265,32766,
0,0,20476,271,32766,
0,0,20497,258,32766,
0,0,20480,273,32766,
0,0,20488,252,32766,
0,0,20487,257,32766,
0,0,20476,266,32766,
0,0,20475,266,32766,
0,0,20474,270,32766,
0,0,20479,249,32766,
0,0,20483,263,32766,
0,0,20490,268,32766,
0,0,20490,270,32766,
0,0,20481,256,32766,
0,0,20493,258,32766,
0,0,20503,256,32766,
0,0,20504,273,32766,
0,0,20511,272,32766,
0,0,20516,260,32766,
0,0,20520,250,32766,
0,0,20526,248,32766,
0,0,20537,281,32766,
0,0,20538,272,32766,
0,0,20532,255,32766,
0,0,20538,248,32766,
0,0,20529,267,32766,
0,0,20524,276,32766,
0,0,20520,270,32766,
0,0,20542,275,32766,
0,0,20543,264,32766,
0,0,20528,262,32766,
0,0,20539,253,32766,
0,0,20508,258,32766,
0,0,20518,258,32766,
0,0,20520,254,32766,
0,0,20520,254,32766,
0,0,20517,259,32766,
0,0,20510,265,32766,
0,0,20506,269,32766,
0,0,20514,283,32766,
0,0,20503,267,32766,
0,0,20501,259,32766,
0,0,20506,267,32766,
0,0,20503,267,32766,
0,0,20517,269,32766,
0,0,20504,269,32766,
0,0,20505,256,32766,
0,0,20491,251,32766,
0,0,20497,260,32766,
0,0,20513,270,32766,
0,0,20494,244,32766,
0,0,20496,266,32766,
0,0,20495,276,32766,
0,0,20509,281,32766,
0,0,20513,260,32766,
0,0,20522,259,32766,
0,0,20513,264,32766,
0,0,20532,264,32766,
0,0,20514,271,32766,
0,0,20536,276,32766,
0,0,20532,254,32766,
0,0,20534,262,32766,
0,0,20541,287,32766,
0,0,20531,272,32766,
0,0,20523,277,32766,
0,0,20536,264,32766,
0,0,20536,264,32766,
0,0,20529,247,32766,
0,0,20521,265,32766,
0,0,20525,261,32766,
0,0,20521,266,32766,
0,0,20528,272,32766,
0,0,20503,260,32766,
0,0,20506,251,32766,
0,0,20517,265,32766,
0,0,20500,272,32766,
0,0,20487,258,32766,
0,0,20501,249,32766,
0,0,20479,277,32766,
0,0,20486,284,32766,
0,0,20505,264,32766,
0,0,20494,277,32766,
0,0,20495,267,32766,
0,0,20486,263,32766,
0,0,20484,274,32766,
0,0,20479,272,32766,
0,0,20503,256,32766,
0,0,20504,271,32766,
0,0,20492,257,32766,
0,0,20494,270,32766,
0,0,20499,268,32766,
0,0,20494,269,32766,
0,0,20499,286,32766,
0,0,20507,249,32766,
0,0,20522,269,32766,
0,0,20520,255,32766,
0,0,20513,269,32766,
0,0,20518,267,32766,
0,0,20534,260,32766,
0,0,20519,269,32766,
0,0,20513,268,32766,
0,0,20507,254,32766,
0,0,20505,274,32766,
0,0,20511,265,32766,
0,0,20503,263,32766,
0,0,20503,256,32766,
0,0,20497,254,32766,
0,0,20503,244,32766,
0,0,20501,259,32766,
0,0,20495,275,32766,
0,0,20495,258,32766,
0,0,20481,268,32766,
0,0,20477,255,32766,
0,0,20486,263,32766,
0,0,20462,263,32766,
0,0,20476,273,32766,
0,0,20471,277,32766,
0,0,20459,268,32766,
0,0,20465,269,32766,
0,0,20468,257,32766,
0,0,20460,259,32766,
0,0,20479,268,32766,
0,0,20476,254,32766,
0,0,20459,257,32766,
0,0,20484,273,32766,
0,0,20483,269,32766,
0,0,20494,263,32766,
0,0,20485,255,32766,
0,0,20482,249,32766,
0,0,20506,265,32766,
0,0,20493,262,32766,
0,0,20497,269,32766,
0,0,20493,267,32766,
0,0,20511,255,32766,
0,0,20512,262,32766,
0,0,20502,270,32766,
0,0,20495,268,32766,
0,0,20508,262,32766,
0,0,20507,254,32766,
0,0,20512,268,32766,
0,0,20512,267,32766,
0,0,20511,267,32766,
0,0,20504,256,32766,
0,0,20497,264,32766,
0,0,20483,261,32766,
0,0,20483,258,32766,
0,0,20481,252,32766,
0,0,20493,265,32766,
0,0,20491,269,32766,
0,0,20480,269,32766,
0,0,20461,254,32766,
0,0,20451,273,32766,
0,0,20466,266,32766,
0,0,20461,265,32766,
0,0,20465,264,32766,
0,0,20455,269,32766,
0,0,20458,269,32766,
0,0,20442,264,32766,
0,0,20454,262,32766,
0,0,20466,265,32766,
0,0,20446,265,32766,
0,0,20460,271,32766,
0,0,20466,269,32766,
0,0,20455,270,32766,
0,0,20464,269,32766,
0,0,20457,256,32766,
0,0,20483,261,32766,
0,0,20473,283,32766,
0,0,20492,271,32766,
0,0,20483,253,32766,
0,0,20499,262,32766,
0,0,20488,265,32766,
0,0,20488,268,32766,
0,0,20481,264,32766,
0,0,20486,266,32766,
0,0,20517,262,32766,
0,0,20486,265,32766,
0,0,20499,270,32766,
0,0,20493,270,32766,
0,0,20479,260,32766,
0,0,20493,252,32766,
0,0,20481,268,32766,
0,0,20480,286,32766,
0,0,20477,268,32766,
0,0,20470,273,32766,
0,0,20468,257,32766,
0,0,20478,262,32766,
0,0,20460,270,32766,
0,0,20456,267,32766,
0,0,20473,273,32766,
0,0,20446,268,32766,
0,0,20465,258,32766,
0,0,20485,257,32766,
0,0,20479,255,32766,
0,0,20472,263,32766,
0,0,20472,255,32766,
0,0,20489,268,32766,
0,0,20469,265,32766,
0,0,20474,257,32766,
0,0,20469,273,32766,
0,0,20461,277,32766,
0,0,20471,254,32766,
0,0,20486,261,32766,
0,0,20471,260,32766,
0,0,20474,263,32766,
0,0,20481,251,32766,
0,0,20472,259,32766,
0,0,20485,268,32766,
0,0,20466,263,32766,
0,0,20475,261,32766,
0,0,20463,261,32766,
0,0,20461,256,32766,
0,0,20463,253,32766,
0,0,20466,266,32766,
0,0,20456,261,32766,
0,0,20453,257,32766,
0,0,20442,277,32766,
0,0,20442,251,32766,
0,0,20449,261,32766,
0,0,20442,262,32766,
0,0,20446,262,32766,
0,0,20436,258,32766,
0,0,20430,265,32766,
0,0,20437,276,32766,
0,0,20441,255,32766,
0,0,20456,262,32766,
0,0,20440,246,32766,
0,0,20448,275,32766,
0,0,20451,264,32766,
0,0,20454,258,32766,
0,0,20465,255,32766,
0,0,20470,266,32766,
0,0,20466,276,32766,
0,0,20456,274,32766,
0,0,20475,267,32766,
0,0,20479,260,32766,
0,0,20476,261,32766,
0,0,20506,269,32766,
0,0,20488,268,32766,
0,0,20490,267,32766,
0,0,20482,270,32766,
0,0,20474,264,32766,
0,0,20490,264,32766,
0,0,20481,265,32766,
0,0,20492,268,32766,
0,0,20467,280,32766,
0,0,20454,271,32766,
0,0,20471,265,32766,
0,0,20465,263,32766,
0,0,20439,260,32766,
0,0,20432,269,32766,
0,0,20442,270,32766,
0,0,20436,266,32766,
0,0,20413,265,32766,
0,0,20416,265,32766,
0,0,20422,265,32766,
0,0,20413,251,32766,
0,0,20420,273,32766,
0,0,20414,264,32766,
0,0,20412,264,32766,
0,0,20421,260,32766,
0,0,20415,253,32766,
0,0,20439,264,32766,
0,0,20437,265,32766,
0,0,20436,270,32766,
0,0,20456,261,32766,
0,0,20456,260,32766,
0,0,20468,256,32766,
0,0,20471,266,32766,
0,0,20491,273,32766,
0,0,20517,266,32766,
0,0,20507,281,32766,
0,0,20524,252,32766,
0,0,20528,262,32766,
0,0,20536,265,32766,
0,0,20541,248,32766,
0,0,20551,255,32766,
0,0,20545,261,32766,
0,0,20532,261,32766,
0,0,20539,265,32766,
0,0,20527,255,32766,
0,0,20533,261,32766,
0,0,20526,264,32766,
0,0,20518,257,32766,
0,0,20503,265,32766,
0,0,20473,263,32766,
0,0,20478,272,32766,
0,0,20468,260,32766,
0,0,20467,257,32766,
0,0,20457,273,32766,
0,0,20442,282,32766,
0,0,20474,262,32766,
0,0,20429,264,32766,
0,0,20431,257,32766,
0,0,20425,261,32766,
0,0,20425,247,32766,
0,0,20445,262,32766,
0,0,20416,255,32766,
0,0,20411,261,32766,
0,0,20417,268,32766,
0,0,20434,263,32766,
0,0,20424,246,32766,
0,0,20440,264,32766,
0,0,20454,260,32766,
0,0,20461,257,32766,
0,0,20455,291,32766,
0,0,20466,275,32766,
0,0,20479,272,32766,
0,0,20468,273,32766,
0,0,20498,258,32766,
0,0,20524,257,32766,
0,0,20516,270,32766,
0,0,20518,266,32766,
0,0,20523,269,32766,
0,0,20536,275,32766,
0,0,20524,262,32766,
0,0,20521,265,32766,
0,0,20527,268,32766,
0,0,20523,258,32766,
0,0,20529,265,32766,
0,0,20526,289,32766,
0,0,20511,258,32766,
0,0,20506,269,32766,
0,0,20491,257,32766,
0,0,20498,265,32766,
0,0,20474,259,32766,
0,0,20469,258,32766,
0,0,20462,277,32766,
0,0,20459,262,32766,
0,0,20467,260,32766,
0,0,20446,258,32766,
0,0,20437,265,32766,
0,0,20438,258,32766,
0,0,20425,262,32766,
0,0,20418,263,32766,
0,0,20426,264,32766,
0,0,20413,254,32766,
0,0,20418,268,32766,
0,0,20433,259,32766,
0,0,20429,266,32766,
0,0,20461,259,32766,
0,0,20459,266,32766,
0,0,20462,266,32766,
0,0,20469,270,32766,
0,0,20484,270,32766,
0,0,20468,269,32766,
0,0,20481,248,32766,
0,0,20485,258,32766,
0,0,20491,249,32766,
0,0,20479,267,32766,
0,0,20494,240,32766,
0,0,20502,248,32766,
0,0,20511,263,32766,
0,0,20515,267,32766,
0,0,20504,268,32766,
0,0,20519,256,32766,
0,0,20515,269,32766,
0,0,20512,266,32766,
0,0,20505,253,32766,
0,0,20490,261,32766,
0,0,20509,264,32766,
0,0,20498,275,32766,
0,0,20496,274,32766,
0,0,20486,261,32766,
0,0,20495,256,32766,
0,0,20477,263,32766,
0,0,20482,270,32766,
0,0,20455,261,32766,
0,0,20459,264,32766,
0,0,20451,269,32766,
0,0,20457,276,32766,
0,0,20448,268,32766,
0,0,20452,266,32766,
0,0,20453,260,32766,
0,0,20455,255,32766,
0,0,20451,265,32766,
0,0,20446,283,32766,
0,0,20450,269,32766,
0,0,20463,249,32766,
0,0,20457,263,32766,
0,0,20451,257,32766,
0,0,20462,268,32766,
0,0,20463,266,32766,
0,0,20481,270,32766,
0,0,20484,264,32766,
0,0,20503,262,32766,
0,0,20492,260,32766,
0,0,20496,261,32766,
0,0,20488,261,32766,
0,0,20491,261,32766,
0,0,20494,259,32766,
0,0,20485,278,32766,
0,0,20494,263,32766,
0,0,20505,262,32766,
0,0,20503,262,32766,
0,0,20502,265,32766,
0,0,20489,273,32766,
0,0,20481,265,32766,
0,0,20485,271,32766,
0,0,20474,263,32766,
0,0,20497,256,32766,
0,0,20487,262,32766,
0,0,20467,278,32766,
0,0,20479,259,32766,
0,0,20480,277,32766,
0,0,20463,256,32766,
0,0,20458,283,32766,
0,0,20455,251,32766,
0,0,20457,277,32766,
0,0,20462,268,32766,
0,0,20456,288,32766,
0,0,20455,272,32766,
0,0,20460,274,32766,
0,0,20455,257,32766,
0,0,20467,267,32766,
0,0,20463,271,32766,
0,0,20475,262,32766,
0,0,20488,266,32766,
0,0,20491,275,32766,
0,0,20489,268,32766,
0,0,20494,263,32766,
0,0,20479,282,32766,
0,0,20489,275,32766,
0,0,20495,268,32766,
0,0,20501,276,32766,
0,0,20512,264,32766,
0,0,20512,278,32766,
0,0,20512,275,32766,
0,0,20521,263,32766,
0,0,20523,256,32766,
0,0,20515,265,32766,
0,0,20500,252,32766,
0,0,20501,257,32766,
0,0,20515,269,32766,
0,0,20508,259,32766,
0,0,20501,282,32766,
0,0,20505,274,32766,
0,0,20497,255,32766,
0,0,20489,260,32766,
0,0,20490,263,32766,
0,0,20475,261,32766,
0,0,20476,263,32766,
0,0,20477,262,32766,
0,0,20468,266,32766,
0,0,20462,272,32766,
0,0,20481,260,32766,
0,0,20465,264,32766,
0,0,20469,267,32766,
0,0,20470,273,32766,
0,0,20461,261,32766,
0,0,20471,270,32766,
0,0,20463,248,32766,
0,0,20467,264,32766,
0,0,20462,268,32766,
0,0,20464,257,32766,
0,0,20482,263,32766,
0,0,20473,266,32766,
0,0,20483,258,32766,
0,0,20490,265,32766,
0,0,20497,273,32766,
0,0,20493,251,32766,
0,0,20499,256,32766,
0,0,20493,269,32766,
0,0,20490,277,32766,
0,0,20494,263,32766,
0,0,20510,254,32766,
0,0,20509,272,32766,
0,0,20510,272,32766,
0,0,20502,255,32766,
0,0,20504,244,32766,
0,0,20503,258,32766,
0,0,20501,253,32766,
0,0,20504,261,32766,
0,0,20504,248,32766,
0,0,20503,265,32766,
0,0,20490,269,32766,
0,0,20491,259,32766,
0,0,20483,263,32766,
0,0,20467,263,32766,
0,0,20480,277,32766,
0,0,20477,269,32766,
0,0,20488,260,32766,
0,0,20485,254,32766,
0,0,20474,279,32766,
0,0,20476,265,32766,
0,0,20486,263,32766,
0,0,20467,258,32766,
0,0,20485,261,32766,
0,0,20495,253,32766,
0,0,20475,259,32766,
0,0,20490,270,32766,
0,0,20476,265,32766,
0,0,20489,257,32766,
0,0,20471,253,32766,
0,0,20501,268,32766,
0,0,20492,254,32766,
0,0,20514,252,32766,
0,0,20504,266,32766,
0,0,20515,268,32766,
0,0,20526,268,32766,
0,0,20509,268,32766,
0,0,20518,259,32766,
0,0,20536,266,32766,
0,0,20532,270,32766,
0,0,20526,268,32766,
0,0,20519,279,32766,
0,0,20535,269,32766,
0,0,20525,265,32766,
0,0,20519,278,32766,
0,0,20528,251,32766,
0,0,20521,256,32766,
0,0,20513,267,32766,
0,0,20512,271,32766,
0,0,20502,261,32766,
0,0,20503,266,32766,
0,0,20495,266,32766,
0,0,20503,262,32766,
0,0,20511,267,32766,
0,0,20512,272,32766,
0,0,20508,263,32766,
0,0,20513,279,32766,
0,0,20499,265,32766,
0,0,20486,269,32766,
0,0,20497,249,32766,
0,0,20496,270,32766,
0,0,20511,258,32766,
0,0,20503,265,32766,
0,0,20521,265,32766,
0,0,20526,260,32766,
0,0,20527,245,32766,
0,0,20525,263,32766,
0,0,20523,258,32766,
0,0,20543,264,32766,
0,0,20529,263,32766,
0,0,20560,274,32766,
0,0,20542,264,32766,
0,0,20545,270,32766,
0,0,20545,267,32766,
0,0,20542,274,32766,
0,0,20529,265,32766,
0,0,20549,266,32766,
0,0,20535,262,32766,
0,0,20541,267,32766,
0,0,20547,255,32766,
0,0,20530,254,32766,
0,0,20524,263,32766,
0,0,20523,270,32766,
0,0,20528,262,32766,
0,0,20525,254,32766,
0,0,20531,267,32766,
0,0,20518,273,32766,
0,0,20520,256,32766,
0,0,20505,260,32766,
0,0,20511,256,32766,
0,0,20500,268,32766,
0,0,20516,250,32766,
0,0,20502,264,32766,
0,0,20502,259,32766,
0,0,20516,259,32766,
0,0,20505,274,32766,
0,0,20512,272,32766,
0,0,20506,270,32766,
0,0,20499,260,32766,
0,0,20510,268,32766,
0,0,20523,275,32766,
0,0,20528,265,32766,
0,0,20520,264,32766,
0,0,20533,270,32766,
0,0,20511,271,32766,
0,0,20522,283,32766,
0,0,20537,263,32766,
0,0,20534,274,32766,
0,0,20531,254,32766,
0,0,20539,269,32766,
0,0,20534,267,32766,
0,0,20538,266,32766,
0,0,20533,258,32766,
0,0,20535,267,32766,
0,0,20524,250,32766,
0,0,20541,261,32766,
0,0,20544,261,32766,
0,0,20523,257,32766,
0,0,20535,250,32766,
0,0,20511,256,32766,
0,0,20512,266,32766,
0,0,20515,250,32766,
0,0,20503,263,32766,
0,0,20512,268,32766,
0,0,20495,270,32766,
0,0,20486,278,32766,
0,0,20500,266,32766,
0,0,20494,258,32766,
0,0,20506,254,32766,
0,0,20499,264,32766,
0,0,20499,271,32766,
0,0,20509,253,32766,
0,0,20513,253,32766,
0,0,20502,261,32766,
0,0,20523,255,32766,
0,0,20526,259,32766,
0,0,20530,275,32766,
0,0,20525,271,32766,
0,0,20535,278,32766,
0,0,20539,255,32766,
0,0,20529,250,32766,
0,0,20542,255,32766,
0,0,20572,275,32766,
0,0,20549,260,32766,
0,0,20549,262,32766,
0,0,20538,267,32766,
0,0,20554,268,32766,
0,0,20556,258,32766,
0,0,20559,276,32766,
0,0,20546,254,32766,
0,0,20556,244,32766,
0,0,20547,269,32766,
0,0,20542,258,32766,
0,0,20536,276,32766,
0,0,20533,259,32766,
0,0,20528,257,32766,
0,0,20527,262,32766,
0,0,20531,260,32766,
0,0,20523,255,32766,
0,0,20517,261,32766,
0,0,20490,266,32766,
0,0,20519,258,32766,
0,0,20491,272,32766,
0,0,20489,260,32766,
0,0,20497,258,32766,
0,0,20499,255,32766,
0,0,20499,252,32766,
0,0,20487,279,32766,
0,0,20487,266,32766,
0,0,20498,250,32766,
0,0,20512,249,32766,
0,0,20504,269,32766,
0,0,20515,254,32766,
0,0,20502,260,32766,
0,0,20513,258,32766,
0,0,20507,256,32766,
0,0,20521,270,32766,
0,0,20530,264,32766,
0,0,20518,277,32766,
0,0,20549,254,32766,
0,0,20550,261,32766,
0,0,20554,258,32766,
0,0,20569,259,32766,
0,0,20561,265,32766,
0,0,20551,251,32766,
0,0,20566,255,32766,
0,0,20553,263,32766,
0,0,20545,265,32766,
0,0,20549,263,32766,
0,0,20550,254,32766,
0,0,20552,264,32766,
0,0,20558,269,32766,
0,0,20530,269,32766,
0,0,20550,259,32766,
0,0,20539,269,32766,
0,0,20538,259,32766,
0,0,20522,261,32766,
0,0,20517,276,32766,
0,0,20515,265,32766,
0,0,20502,257,32766,
0,0,20508,262,32766,
0,0,20502,268,32766,
0,0,20491,272,32766,
0,0,20497,248,32766,
0,0,20480,256,32766,
0,0,20502,261,32766,
0,0,20502,275,32766,
0,0,20490,250,32766,
0,0,20500,256,32766,
0,0,20502,265,32766,
0,0,20500,260,32766,
0,0,20506,253,32766,
0,0,20509,265,32766,
0,0,20512,257,32766,
0,0,20532,241,32766,
0,0,20533,257,32766,
0,0,20535,266,32766,
0,0,20539,258,32766,
0,0,20532,262,32766,
0,0,20548,267,32766,
0,0,20553,261,32766,
0,0,20548,264,32766,
0,0,20541,256,32766,
0,0,20546,241,32766,
0,0,20557,267,32766,
0,0,20561,244,32766,
0,0,20555,259,32766,
0,0,20554,273,32766,
0,0,20557,257,32766,
0,0,20561,271,32766,
0,0,20544,272,32766,
0,0,20541,263,32766,
0,0,20551,252,32766,
0,0,20529,268,32766,
0,0,20533,265,32766,
0,0,20527,266,32766,
0,0,20517,260,32766,
0,0,20517,265,32766,
0,0,20519,254,32766,
0,0,20514,258,32766,
0,0,20505,259,32766,
0,0,20495,268,32766,
0,0,20485,258,32766,
0,0,20495,257,32766,
0,0,20481,278,32766,
0,0,20491,271,32766,
0,0,20496,260,32766,
0,0,20478,257,32766,
