32766,7380,2393,91,65,
32766,7381,2384,70,71,
32766,7388,2417,50,87,
32766,7381,2411,92,54,
32766,7387,2391,51,80,
32766,7368,2410,58,61,
32766,7383,2390,102,34,
32766,7384,2405,79,79,
32766,7374,2402,67,87,
32766,7394,2391,38,60,
32766,7374,2404,77,50,
32766,7378,2404,66,79,
32766,7373,2400,78,77,
32766,7374,2408,79,99,
32766,7382,2397,76,52,
32766,7392,2406,78,54,
32766,7380,2400,97,66,
32766,7368,2416,113,54,
32766,7400,2377,80,74,
32766,7407,2395,77,55,
32766,7357,2389,73,69,
32766,7369,2402,67,89,
32766,7371,2399,107,64,
32766,7385,2399,59,59,
32766,7388,2396,74,85,
32766,7369,2385,52,59,
32766,7369,2392,96,67,
32766,7379,2403,89,52,
32766,7391,2399,80,74,
32766,7397,2410,84,58,
32766,7385,2392,72,79,
32766,7369,2410,84,62,
32766,7394,2401,103,38,
32766,7388,2368,78,65,
32766,7366,2388,83,85,
32766,7399,2389,85,84,
32766,7398,2425,77,85,
32766,7361,2413,144,61,
32766,7354,2410,81,38,
32766,7374,2402,61,83,
32766,7367,2414,61,59,
32766,7382,2400,75,83,
32766,7392,2383,75,74,
32766,7393,2387,76,47,
32766,7385,2397,73,57,
32766,7388,2396,90,66,
32766,7378,2403,65,54,
32766,7384,2407,84,46,
32766,7381,2394,86,60,
32766,7401,2422,115,53,
32766,7392,2394,59,65,
32766,7382,2416,89,68,
32766,7392,2389,46,72,
32766,7367,2383,79,40,
32766,7392,2401,83,60,
32766,7384,2423,60,79,
32766,7382,2416,52,57,
32766,7381,2413,75,63,
32766,7382,2392,80,79,
32766,7387,2411,73,59,
32766,7387,2409,72,68,
32766,7372,2402,73,59,
32766,7383,2385,62,84,
32766,7394,2375,46,94,
32766,7369,2377,107,74,
32766,7408,2386,53,89,
32766,7378,2363,55,46,
32766,7360,2387,70,15,
32766,7398,2414,68,92,
32766,7384,2404,84,76,
32766,7389,2398,83,86,
32766,7373,2408,72,61,
32766,7373,2402,84,54,
32766,7372,2401,83,69,
32766,7379,2389,75,61,
32766,7360,2401,56,85,
32766,7369,2391,70,82,
32766,7378,2402,50,82,
32766,7388,2384,46,59,
32766,7333,2393,53,97,
32766,7390,2385,65,95,
32766,7362,2389,67,64,
32766,7344,2397,86,55,
32766,7346,2391,54,76,
32766,7344,2411,40,75,
32766,7367,2388,83,60,
32766,7358,2382,99,81,
32766,7350,2388,63,97,
32766,7358,2399,78,69,
32766,7369,2394,66,68,
32766,7356,2402,60,50,
32766,7373,2391,85,57,
32766,7361,2402,84,36,
32766,7350,2405,88,46,
32766,7348,2400,67,50,
32766,7371,2346,54,76,
32766,7359,2387,61,75,
32766,7342,2393,69,85,
32766,7373,2376,38,116,
32766,7360,2377,83,77,
32766,7351,2377,86,76,
32766,7346,2375,94,57,
32766,7354,2393,63,72,
32766,7334,2400,68,56,
32766,7337,2388,76,57,
32766,7354,2382,79,70,
32766,7331,2379,71,84,
32766,7327,2371,46,79,
32766,7342,2365,57,106,
32766,7335,2374,40,107,
32766,7306,2387,70,46,
32766,7324,2399,77,67,
32766,7322,2386,57,82,
32766,7309,2386,76,54,
32766,7326,2385,92,64,
32766,7320,2397,90,61,
32766,7339,2389,73,56,
32766,7324,2389,79,73,
32766,7344,2377,57,84,
32766,7347,2396,61,49,
32766,7346,2378,78,85,
32766,7340,2402,90,84,
32766,7350,2389,97,66,
32766,7314,2416,97,51,
32766,7353,2392,73,72,
32766,7352,2378,51,64,
32766,7330,2405,81,52,
32766,7338,2394,74,121,
32766,7326,2369,42,34,
32766,7337,2400,65,71,
32766,7342,2383,73,75,
32766,7344,2391,68,54,
32766,7360,2364,52,59,
32766,7342,2387,71,89,
32766,7343,2409,65,72,
32766,7325,2379,48,71,
32766,7336,2383,73,62,
32766,7356,2382,78,82,
32766,7334,2384,72,76,
32766,7374,2368,69,85,
32766,7322,2415,94,34,
32766,7344,2412,68,69,
32766,7349,2411,56,93,
32766,7322,2406,100,64,
32766,7348,2380,77,81,
32766,7341,2391,65,86,
32766,7337,2393,87,70,
32766,7328,2393,60,89,
32766,7336,2382,99,59,
32766,7331,2384,69,60,
32766,7327,2384,80,70,
32766,7343,2377,60,77,
32766,7342,2385,62,42,
32766,7320,2380,63,51,
32766,7318,2394,98,43,
32766,7342,2365,96,65,
32766,7323,2398,78,64,
32766,7346,2377,70,73,
32766,7316,2388,119,32,
32766,7324,2381,42,89,
32766,7337,2411,58,60,
32766,7346,2386,62,89,
32766,7331,2361,73,48,
32766,7337,2382,74,70,
32766,7353,2381,66,63,
32766,7328,2399,63,79,
32766,7329,2389,88,76,
32766,7337,2390,74,73,
32766,7340,2380,79,71,
32766,7332,2389,98,46,
32766,7345,2402,53,104,
32766,7349,2376,59,80,
32766,7350,2390,78,67,
32766,7322,2406,96,93,
32766,7320,2379,82,72,
32766,7334,2355,61,81,
32766,7332,2397,80,65,
32766,7339,2387,81,49,
32766,7324,2385,82,77,
32766,7332,2379,68,57,
32766,7332,2388,86,60,
32766,7328,2384,80,78,
32766,7324,2373,48,64,
32766,7335,2367,36,93,
32766,7319,2394,50,68,
32766,7319,2391,99,79,
32766,7337,2381,77,45,
32766,7331,2359,76,69,
32766,7313,2398,63,92,
32766,7323,2416,45,130,
32766,7335,2368,62,47,
32766,7323,2388,69,63,
32766,7333,2387,66,70,
32766,7333,2384,71,78,
32766,7326,2390,93,68,
32766,7333,2390,71,50,
32766,7324,2389,78,67,
32766,7323,2374,45,80,
32766,7325,2377,62,79,
32766,7334,2365,74,36,
32766,7321,2394,55,48,
32766,7303,2406,62,60,
32766,7329,2375,77,60,
32766,7308,2405,99,77,
32766,7333,2407,73,124,
32766,7343,2363,47,56,
32766,7317,2386,70,67,
32766,7318,2389,82,77,
32766,7330,2372,88,71,
32766,7325,2403,89,43,
32766,7341,2377,79,44,
32766,7328,2393,79,76,
32766,7327,2378,64,77,
32766,7329,2404,101,66,
32766,7344,2379,72,50,
32766,7327,2398,79,48,
32766,7344,2369,79,61,
32766,7341,2372,73,84,
32766,7360,2393,84,77,
32766,7314,2372,85,4,
32766,7322,2387,75,85,
32766,7345,2388,67,73,
32766,7332,2383,77,63,
32766,7336,2381,80,72,
32766,7334,2379,89,52,
32766,7347,2388,71,71,
32766,7332,2374,86,61,
32766,7319,2394,38,81,
32766,7329,2367,90,77,
32766,7338,2378,86,43,
32766,7346,2370,68,51,
32766,7333,2395,93,116,
32766,7332,2383,34,91,
32766,7338,2399,45,53,
32766,7338,2404,75,85,
32766,7331,2365,83,73,
32766,7326,2391,79,54,
32766,7336,2382,61,49,
32766,7337,2387,58,50,
32766,7326,2393,94,64,
32766,7338,2394,72,59,
32766,7325,2383,73,80,
32766,7334,2388,81,90,
32766,7322,2400,81,67,
32766,7335,2412,79,60,
32766,7319,2394,68,96,
32766,7334,2375,61,52,
32766,7339,2370,95,58,
32766,7349,2399,84,98,
32766,7315,2358,68,45,
32766,7327,2360,94,90,
32766,7309,2393,58,65,
32766,7348,2379,62,58,
32766,7325,2375,77,64,
32766,7331,2384,62,57,
32766,7313,2388,67,52,
32766,7325,2370,75,62,
32766,7338,2388,66,53,
32766,7319,2383,81,91,
32766,7336,2391,41,117,
32766,7316,2384,79,98,
32766,7318,2393,78,46,
32766,7333,2385,70,90,
32766,7339,2372,30,73,
32766,7351,2374,69,86,
32766,7310,2412,92,49,
32766,7323,2392,87,63,
32766,7312,2390,63,67,
32766,7329,2379,60,67,
32766,7325,2390,68,69,
32766,7346,2387,75,71,
32766,7321,2391,69,86,
32766,7337,2393,65,56,
32766,7334,2387,87,61,
32766,7334,2367,94,56,
32766,7341,2372,89,45,
32766,7346,2407,44,73,
32766,7341,2391,52,71,
32766,7340,2394,61,46,
32766,7336,2419,90,68,
32766,7354,2382,98,78,
32766,7348,2369,85,65,
32766,7348,2391,83,59,
32766,7347,2393,64,64,
32766,7353,2387,84,67,
32766,7354,2390,89,82,
32766,7353,2397,68,63,
32766,7349,2398,55,57,
32766,7370,2388,91,35,
32766,7352,2409,59,74,
32766,7363,2409,60,40,
32766,7355,2410,67,124,
32766,7377,2401,53,46,
32766,7392,2362,34,46,
32766,7381,2407,54,94,
32766,7367,2436,100,51,
32766,7377,2412,62,71,
32766,7387,2397,76,67,
32766,7375,2403,66,76,
32766,7385,2397,54,69,
32766,7369,2403,72,88,
32766,7371,2409,65,70,
32766,7386,2397,52,89,
32766,7369,2406,53,76,
32766,7393,2398,69,56,
32766,7396,2401,91,19,
32766,7372,2425,46,115,
32766,7410,2423,71,79,
32766,7407,2389,99,46,
32766,7372,2435,64,97,
32766,7364,2421,86,66,
32766,7379,2405,80,79,
32766,7392,2419,58,71,
32766,7392,2403,63,77,
32766,7395,2396,72,52,
32766,7385,2422,75,63,
32766,7385,2412,73,75,
32766,7393,2399,82,71,
32766,7388,2394,101,81,
32766,7396,2414,93,56,
32766,7415,2417,103,59,
32766,7393,2426,96,59,
32766,7385,2394,73,104,
32766,7388,2403,61,39,
32766,7429,2393,68,53,
32766,7379,2421,84,57,
32766,7364,2392,70,22,
32766,7397,2396,67,72,
32766,7380,2407,86,75,
32766,7378,2417,62,59,
32766,7393,2394,58,98,
32766,7383,2409,74,73,
32766,7394,2408,58,81,
32766,7375,2404,74,73,
32766,7396,2413,88,62,
32766,7394,2392,95,59,
32766,7381,2386,89,72,
32766,7391,2397,65,84,
32766,7385,2395,55,94,
32766,7385,2380,80,20,
32766,7381,2399,52,107,
32766,7378,2387,74,67,
32766,7378,2413,92,58,
32766,7371,2395,83,46,
32766,7383,2394,97,75,
32766,7373,2409,81,83,
32766,7373,2395,67,69,
32766,7366,2389,71,81,
32766,7371,2420,69,67,
32766,7399,2393,71,63,
32766,7353,2391,72,83,
32766,7377,2405,58,45,
32766,7365,2414,65,67,
32766,7373,2393,93,50,
32766,7362,2400,70,111,
32766,7378,2402,74,54,
32766,7344,2413,82,27,
32766,7346,2405,76,91,
32766,7359,2396,95,47,
32766,7361,2398,65,52,
32766,7353,2390,78,69,
32766,7354,2387,79,65,
32766,7341,2391,81,70,
32766,7351,2398,83,80,
32766,7357,2369,93,72,
32766,7350,2376,50,71,
32766,7344,2403,71,85,
32766,7343,2392,75,25,
32766,7346,2396,72,40,
32766,7332,2396,88,64,
32766,7379,2399,96,105,
32766,7316,2367,49,77,
32766,7321,2396,72,60,
32766,7342,2397,83,91,
32766,7334,2388,70,67,
32766,7341,2387,80,70,
32766,7345,2372,93,85,
32766,7348,2395,76,83,
32766,7365,2379,67,69,
32766,7330,2394,88,67,
32766,7342,2402,101,94,
32766,7345,2387,127,44,
32766,7340,2390,76,76,
32766,7342,2397,67,62,
32766,7324,2416,86,75,
32766,7353,2399,87,68,
32766,7362,2401,59,64,
32766,7350,2387,68,60,
32766,7339,2395,84,63,
32766,7343,2387,85,82,
32766,7351,2393,62,68,
32766,7330,2392,89,94,
32766,7341,2391,67,47,
32766,7355,2377,60,67,
32766,7333,2394,81,85,
32766,7339,2382,86,76,
32766,7345,2378,67,66,
32766,7333,2386,74,75,
32766,7353,2395,78,66,
32766,7369,2387,112,68,
32766,7322,2406,96,81,
32766,7353,2371,46,68,
32766,7341,2383,92,70,
32766,7354,2383,91,68,
32766,7341,2385,62,71,
32766,7350,2393,64,62,
32766,7346,2395,75,56,
32766,7331,2387,73,61,
32766,7367,2402,56,64,
32766,7346,2390,60,54,
32766,7367,2423,68,41,
32766,7352,2397,106,0,
32766,7360,2393,72,70,
32766,7345,2413,86,69,
32766,7360,2390,116,73,
32766,7325,2367,106,34,
32766,7355,2419,59,61,
32766,7352,2390,101,80,
32766,7377,2408,84,74,
32766,7370,2400,79,64,
32766,7374,2400,68,66,
32766,7371,2404,66,60,
32766,7364,2381,78,70,
32766,7388,2391,83,75,
32766,7379,2400,85,69,
32766,7386,2373,76,66,
32766,7345,2402,71,94,
32766,7381,2416,80,76,
32766,7386,2400,83,45,
32766,7370,2439,88,55,
32766,7364,2399,100,24,
32766,7363,2404,78,44,
32766,7383,2415,85,59,
32766,7365,2401,64,81,
32766,7382,2413,76,60,
32766,7382,2403,71,69,
32766,7368,2389,63,58,
32766,7371,2394,84,72,
32766,7363,2396,75,62,
32766,7377,2406,73,63,
32766,7355,2370,102,66,
32766,7371,2390,68,65,
32766,7362,2395,56,70,
32766,7362,2385,90,48,
32766,7374,2374,97,63,
32766,7375,2390,55,53,
32766,7381,2397,56,54,
32766,7374,2400,71,54,
32766,7371,2407,80,80,
32766,7367,2401,72,86,
32766,7386,2397,72,59,
32766,7370,2400,86,74,
32766,7372,2405,82,62,
32766,7378,2393,99,72,
32766,7384,2384,74,65,
32766,7374,2379,77,119,
32766,7371,2426,85,74,
32766,7358,2411,64,72,
32766,7350,2434,78,84,
32766,7380,2418,95,58,
32766,7362,2411,20,56,
32766,7391,2411,54,136,
32766,7393,2415,65,64,
32766,7387,2390,78,57,
32766,7393,2407,73,66,
32766,7382,2399,85,72,
32766,7364,2421,51,86,
32766,7383,2416,69,86,
32766,7391,2412,70,63,
32766,7399,2400,82,83,
32766,7389,2419,70,102,
32766,7390,2415,41,70,
32766,7357,2423,57,96,
32766,7387,2407,85,80,
32766,7398,2415,77,77,
32766,7386,2417,111,57,
32766,7423,2401,44,75,
32766,7408,2414,62,67,
32766,7387,2385,75,59,
32766,7385,2411,59,65,
32766,7377,2388,74,66,
32766,7387,2412,73,88,
32766,7383,2400,79,78,
32766,7377,2398,71,85,
32766,7401,2396,90,56,
32766,7386,2413,82,38,
32766,7396,2412,63,52,
32766,7381,2405,103,25,
32766,7376,2382,53,73,
32766,7387,2416,85,67,
32766,7380,2390,104,49,
32766,7395,2375,75,67,
32766,7379,2410,68,46,
32766,7383,2399,53,63,
32766,7394,2392,80,69,
32766,7404,2404,86,63,
32766,7380,2408,70,69,
32766,7392,2391,82,62,
32766,7366,2419,57,49,
32766,7401,2398,69,84,
32766,7386,2400,69,102,
32766,7374,2414,41,96,
32766,7379,2391,75,116,
32766,7380,2374,90,93,
32766,7368,2401,78,76,
32766,7378,2387,26,46,
32766,7398,2416,71,113,
32766,7384,2406,50,71,
32766,7382,2393,81,62,
32766,7379,2395,59,104,
32766,7390,2391,50,65,
32766,7390,2390,56,56,
32766,7367,2411,60,79,
32766,7389,2396,83,67,
32766,7367,2405,82,70,
32766,7388,2386,59,45,
32766,7373,2385,74,78,
32766,7394,2398,101,40,
32766,7370,2397,60,60,
32766,7378,2394,54,89,
32766,7395,2409,105,58,
32766,7368,2422,85,66,
32766,7362,2397,53,55,
32766,7379,2401,62,60,
32766,7366,2402,95,52,
32766,7380,2402,94,63,
32766,7387,2394,62,66,
32766,7368,2399,86,58,
32766,7371,2405,97,86,
32766,7367,2405,54,56,
32766,7390,2412,59,77,
32766,7377,2435,75,30,
32766,7378,2400,86,39,
32766,7373,2419,105,49,
32766,7381,2412,62,80,
32766,7384,2426,100,72,
32766,7376,2401,79,60,
32766,7355,2384,54,78,
32766,7375,2380,88,71,
32766,7361,2396,56,70,
32766,7366,2409,81,70,
32766,7373,2384,80,65,
32766,7364,2393,87,63,
32766,7374,2384,68,80,
32766,7372,2388,61,63,
32766,7369,2406,55,84,
32766,7388,2390,102,50,
32766,7391,2414,85,63,
32766,7422,2392,79,39,
32766,7384,2381,53,44,
32766,7376,2415,53,73,
32766,7418,2395,64,114,
32766,7384,2370,55,30,
32766,7378,2402,97,75,
32766,7397,2407,63,77,
32766,7382,2404,83,67,
32766,7382,2404,65,58,
32766,7393,2402,72,79,
32766,7388,2393,82,85,
32766,7396,2400,60,64,
32766,7406,2394,56,95,
32766,7393,2416,75,70,
32766,7406,2431,76,52,
32766,7413,2398,90,59,
32766,7405,2398,81,42,
32766,7401,2426,89,67,
32766,7423,2412,22,76,
32766,7424,2429,64,58,
32766,7411,2402,74,64,
32766,7414,2397,62,64,
32766,7405,2410,65,76,
32766,7404,2412,94,64,
32766,7427,2417,80,79,
32766,7415,2405,68,67,
32766,7414,2412,73,85,
32766,7417,2406,51,82,
32766,7413,2414,93,70,
32766,7418,2398,95,93,
32766,7396,2400,47,99,
32766,7421,2407,82,99,
32766,7411,2425,100,57,
32766,7403,2413,71,44,
32766,7417,2421,92,52,
32766,7412,2416,67,70,
32766,7428,2412,71,82,
32766,7414,2417,71,69,
32766,7428,2400,76,92,
32766,7394,2424,76,65,
32766,7423,2401,90,81,
32766,7424,2416,83,62,
32766,7408,2414,67,64,
32766,7401,2413,81,44,
32766,7417,2399,41,109,
32766,7384,2423,123,46,
32766,7410,2405,62,98,
32766,7404,2446,101,101,
32766,7418,2385,76,60,
32766,7410,2416,45,78,
32766,7408,2400,78,63,
32766,7416,2408,36,89,
32766,7410,2400,55,61,
32766,7411,2402,69,65,
32766,7417,2409,84,82,
32766,7404,2412,77,58,
32766,7398,2408,91,80,
32766,7415,2406,84,57,
32766,7403,2406,102,74,
32766,7400,2429,80,64,
32766,7368,2408,62,53,
32766,7398,2418,106,87,
32766,7406,2409,75,67,
32766,7392,2401,81,80,
32766,7408,2394,51,64,
32766,7406,2398,96,71,
32766,7404,2397,68,70,
32766,7402,2401,67,61,
32766,7400,2394,80,71,
32766,7392,2405,52,73,
32766,7390,2407,75,67,
32766,7418,2393,64,68,
32766,7394,2408,87,71,
32766,7373,2409,44,107,
32766,7428,2434,69,52,
32766,7411,2420,69,58,
32766,7401,2405,88,81,
32766,7397,2394,58,93,
32766,7393,2417,92,79,
32766,7426,2415,67,84,
32766,7387,2400,81,50,
32766,7405,2387,77,66,
32766,7403,2411,66,67,
32766,7397,2413,75,83,
32766,7402,2422,70,78,
32766,7401,2410,53,41,
32766,7409,2409,58,79,
32766,7405,2410,78,69,
32766,7430,2400,60,58,
32766,7420,2423,64,49,
32766,7394,2415,47,111,
32766,7427,2384,54,88,
32766,7426,2421,55,86,
32766,7403,2414,108,98,
32766,7411,2394,67,74,
32766,7420,2400,82,50,
32766,7401,2408,81,73,
32766,7412,2422,71,77,
32766,7410,2409,64,63,
32766,7412,2410,91,81,
32766,7412,2415,83,74,
32766,7397,2416,81,95,
32766,7421,2406,49,58,
32766,7394,2383,106,57,
32766,7420,2398,86,47,
32766,7420,2385,76,92,
32766,7396,2387,64,51,
32766,7389,2396,88,49,
32766,7401,2395,36,93,
32766,7415,2406,105,84,
32766,7383,2415,48,73,
32766,7396,2407,75,93,
32766,7390,2403,73,62,
32766,7392,2390,57,62,
32766,7400,2385,82,83,
32766,7387,2410,84,73,
32766,7399,2404,74,89,
32766,7389,2399,60,62,
32766,7385,2409,72,40,
32766,7396,2392,50,67,
32766,7366,2397,66,109,
32766,7393,2401,74,95,
32766,7394,2406,96,71,
32766,7407,2394,95,83,
32766,7390,2407,42,60,
32766,7402,2405,79,95,
32766,7374,2384,54,73,
32766,7370,2400,76,51,
32766,7388,2397,83,74,
32766,7388,2396,85,61,
32766,7377,2394,72,66,
32766,7386,2400,77,82,
32766,7383,2405,76,82,
32766,7373,2382,64,97,
32766,7406,2377,70,80,
32766,7373,2414,78,83,
32766,7387,2399,106,57,
32766,7383,2392,93,68,
32766,7377,2412,101,62,
32766,7369,2358,58,48,
32766,7352,2389,64,69,
32766,7384,2393,75,90,
32766,7384,2408,66,72,
32766,7383,2399,81,92,
32766,7377,2383,79,81,
32766,7359,2389,86,71,
32766,7381,2388,77,58,
32766,7377,2399,85,40,
32766,7392,2389,89,39,
32766,7389,2385,51,76,
32766,7369,2397,80,80,
32766,7359,2387,78,74,
32766,7376,2370,49,75,
32766,7365,2411,82,70,
32766,7374,2404,42,50,
32766,7382,2396,72,76,
32766,7372,2397,56,74,
32766,7369,2413,61,74,
32766,7375,2394,68,71,
32766,7390,2405,70,77,
32766,7371,2390,73,65,
32766,7377,2402,68,74,
32766,7368,2382,79,68,
32766,7360,2396,116,59,
32766,7389,2419,86,64,
32766,7386,2373,63,121,
32766,7376,2380,67,71,
32766,7378,2398,75,53,
32766,7379,2410,45,113,
32766,7399,2422,90,94,
32766,7373,2380,81,63,
32766,7370,2393,76,73,
32766,7358,2405,60,70,
32766,7386,2394,86,51,
32766,7369,2401,74,69,
32766,7370,2386,81,68,
32766,7371,2407,72,78,
32766,7366,2408,91,63,
32766,7358,2399,59,89,
32766,7362,2407,75,36,
32766,7379,2390,113,68,
32766,7364,2400,85,75,
32766,7369,2400,85,63,
32766,7371,2377,76,61,
32766,7372,2384,60,54,
32766,7356,2413,92,75,
32766,7372,2394,62,61,
32766,7376,2399,67,55,
32766,7373,2391,77,59,
32766,7386,2395,84,54,
32766,7372,2401,86,71,
32766,7383,2390,70,57,
32766,7385,2387,74,55,
32766,7398,2403,104,41,
32766,7395,2400,60,46,
32766,7388,2410,106,87,
32766,7405,2387,77,68,
32766,7389,2388,75,50,
32766,7401,2420,88,81,
32766,7368,2379,63,37,
32766,7357,2404,94,56,
32766,7377,2404,74,49,
32766,7393,2393,76,63,
32766,7379,2392,77,87,
32766,7385,2395,88,79,
32766,7379,2388,85,61,
32766,7389,2385,100,60,
32766,7388,2403,80,73,
32766,7394,2392,101,60,
32766,7409,2398,80,51,
32766,7387,2414,62,84,
32766,7386,2392,69,61,
32766,7382,2400,89,40,
32766,7399,2384,67,51,
32766,7397,2406,81,48,
32766,7372,2409,99,78,
32766,7378,2412,74,64,
32766,7399,2395,86,87,
32766,7390,2403,70,58,
32766,7384,2405,80,65,
32766,7383,2401,71,76,
32766,7402,2398,74,62,
32766,7398,2405,93,72,
32766,7380,2387,71,58,
32766,7378,2411,100,46,
32766,7393,2378,49,38,
32766,7399,2412,86,41,
32766,7394,2398,92,47,
32766,7388,2392,44,90,
32766,7397,2372,54,82,
32766,7390,2394,86,79,
32766,7382,2387,63,46,
32766,7395,2399,76,76,
32766,7386,2396,78,68,
32766,7372,2393,85,62,
32766,7381,2380,63,66,
32766,7389,2407,74,70,
32766,7374,2419,72,55,
32766,7386,2404,38,85,
32766,7373,2405,44,39,
32766,7377,2402,59,87,
32766,7361,2382,63,62,
32766,7364,2390,85,59,
32766,7372,2406,73,93,
32766,7404,2382,84,51,
32766,7378,2394,78,80,
32766,7369,2394,83,65,
32766,7369,2402,72,58,
32766,7390,2395,64,58,
32766,7368,2397,107,68,
32766,7371,2410,90,61,
32766,7381,2401,82,64,
32766,7389,2386,88,61,
32766,7355,2393,74,80,
32766,7373,2384,126,50,
32766,7379,2385,47,46,
32766,7361,2401,60,86,
32766,7385,2401,90,75,
32766,7379,2364,67,81,
32766,7392,2385,82,58,
32766,7370,2392,84,46,
32766,7379,2397,83,62,
32766,7382,2392,60,60,
32766,7380,2399,82,75,
32766,7381,2397,84,50,
32766,7377,2388,94,74,
32766,7357,2400,69,58,
32766,7380,2392,99,51,
32766,7356,2392,57,55,
32766,7369,2387,54,65,
32766,7366,2397,72,70,
32766,7373,2394,77,34,
32766,7357,2382,71,71,
32766,7355,2386,70,46,
32766,7372,2411,49,88,
32766,7374,2393,81,100,
32766,7372,2389,74,92,
32766,7380,2389,68,79,
32766,7369,2383,77,64,
32766,7380,2389,73,69,
32766,7371,2389,64,60,
32766,7375,2399,72,59,
32766,7389,2403,91,85,
32766,7367,2390,73,47,
32766,7371,2389,71,63,
32766,7373,2406,107,62,
32766,7395,2426,43,83,
32766,7379,2384,82,74,
32766,7403,2398,72,74,
32766,7400,2423,115,88,
32766,7397,2398,56,66,
32766,7402,2380,96,94,
32766,7388,2394,61,70,
32766,7385,2388,85,52,
32766,7384,2404,59,64,
32766,7387,2399,90,52,
32766,7392,2404,52,76,
32766,7389,2383,90,57,
32766,7382,2371,85,65,
32766,7384,2390,32,84,
32766,7415,2362,79,89,
32766,7390,2406,121,17,
32766,7389,2403,55,83,
32766,7362,2429,111,75,
32766,7399,2380,48,76,
32766,7397,2411,73,62,
32766,7393,2405,80,71,
32766,7393,2399,72,60,
32766,7401,2404,72,67,
32766,7389,2392,69,68,
32766,7373,2388,81,79,
32766,7392,2388,66,69,
32766,7372,2401,83,87,
32766,7394,2406,76,100,
32766,7384,2401,95,55,
32766,7403,2399,53,49,
32766,7387,2402,81,68,
32766,7393,2404,72,51,
32766,7397,2380,60,50,
32766,7395,2429,84,115,
32766,7410,2389,79,88,
32766,7399,2399,75,48,
32766,7387,2410,69,85,
32766,7398,2404,92,64,
32766,7386,2382,87,67,
32766,7393,2416,69,60,
32766,7390,2394,62,75,
32766,7391,2401,71,74,
32766,7399,2412,71,76,
32766,7375,2393,135,81,
32766,7422,2402,16,90,
32766,7382,2387,92,70,
32766,7389,2412,65,76,
32766,7394,2402,110,53,
32766,7391,2402,82,96,
32766,7393,2385,43,52,
32766,7386,2399,80,62,
32766,7386,2392,66,72,
32766,7408,2408,95,33,
32766,7407,2385,96,75,
32766,7396,2401,57,71,
32766,7399,2418,72,72,
32766,7394,2409,70,61,
32766,7379,2410,82,42,
32766,7366,2420,94,107,
32766,7408,2426,85,60,
32766,7394,2382,75,46,
32766,7390,2394,76,59,
32766,7375,2392,90,46,
32766,7392,2399,55,59,
32766,7390,2400,50,43,
32766,7396,2409,81,40,
32766,7374,2411,73,52,
32766,7376,2396,78,81,
32766,7371,2399,60,70,
32766,7398,2396,86,67,
32766,7402,2405,82,54,
32766,7393,2400,74,78,
32766,7402,2413,83,70,
32766,7393,2416,76,63,
32766,7408,2403,94,44,
32766,7412,2398,71,55,
32766,7386,2404,96,45,
32766,7385,2414,74,64,
32766,7413,2380,53,109,
32766,7396,2383,84,51,
32766,7405,2407,73,59,
32766,7388,2382,79,65,
32766,7396,2404,80,60,
32766,7382,2404,53,68,
32766,7398,2400,62,71,
32766,7388,2405,61,57,
32766,7388,2399,76,61,
32766,7372,2392,127,87,
32766,7369,2396,92,71,
32766,7380,2392,62,25,
32766,7400,2409,75,56,
32766,7365,2405,84,73,
32766,7373,2415,99,92,
32766,7364,2392,77,86,
32766,7372,2399,44,71,
32766,7353,2382,86,59,
32766,7382,2386,70,80,
32766,7357,2387,64,53,
32766,7371,2386,82,67,
32766,7376,2390,67,49,
32766,7373,2387,78,76,
32766,7365,2396,65,56,
32766,7375,2388,75,70,
32766,7378,2355,86,37,
32766,7371,2380,52,92,
32766,7346,2397,55,51,
32766,7373,2374,75,86,
32766,7353,2391,79,70,
32766,7363,2373,79,69,
32766,7346,2368,85,83,
32766,7332,2385,76,52,
32766,7358,2389,74,74,
32766,7328,2382,55,90,
32766,7345,2382,63,55,
32766,7340,2384,70,66,
32766,7331,2398,51,47,
32766,7340,2361,82,68,
32766,7345,2386,68,58,
32766,7328,2380,64,87,
32766,7375,2380,103,45,
32766,7347,2386,86,54,
32766,7350,2406,91,58,
32766,7348,2394,62,86,
32766,7339,2367,92,48,
32766,7343,2390,91,77,
32766,7369,2369,55,78,
32766,7351,2387,72,65,
32766,7366,2395,68,69,
32766,7355,2374,77,73,
32766,7369,2385,74,56,
32766,7346,2384,83,59,
32766,7362,2396,65,55,
32766,7377,2379,61,72,
32766,7386,2393,102,41,
32766,7369,2386,49,67,
32766,7353,2393,78,79,
32766,7376,2395,61,66,
32766,7385,2405,66,77,
32766,7391,2377,22,100,
32766,7373,2382,67,55,
32766,7385,2399,77,70,
32766,7385,2393,62,43,
32766,7385,2406,72,88,
32766,7382,2408,76,68,
32766,7381,2415,88,85,
32766,7395,2381,84,75,
32766,7410,2399,88,83,
32766,7405,2377,101,80,
32766,7410,2394,65,80,
32766,7400,2410,90,69,
32766,7426,2407,67,42,
32766,7408,2398,65,47,
32766,7433,2407,51,94,
32766,7423,2417,106,25,
32766,7408,2422,68,39,
32766,7410,2419,89,65,
32766,7411,2407,65,93,
32766,7418,2420,69,74,
32766,7431,2406,65,54,
32766,7437,2408,65,56,
32766,7432,2407,73,49,
32766,7421,2417,84,74,
32766,7411,2414,104,69,
32766,7442,2392,47,86,
32766,7433,2423,82,55,
32766,7406,2416,101,93,
32766,7427,2409,72,67,
32766,7452,2411,81,68,
32766,7415,2435,124,65,
32766,7419,2411,90,50,
32766,7436,2423,63,72,
32766,7432,2424,87,68,
32766,7425,2423,58,81,
32766,7418,2429,95,57,
32766,7441,2419,82,90,
32766,7439,2404,77,89,
32766,7429,2417,82,57,
32766,7428,2402,92,82,
32766,7437,2401,105,47,
32766,7442,2419,82,82,
32766,7461,2409,125,30,
32766,7433,2417,65,69,
32766,7435,2439,51,128,
32766,7451,2388,56,29,
32766,7435,2442,86,41,
32766,7455,2434,85,54,
32766,7449,2412,49,77,
32766,7455,2407,78,66,
32766,7432,2407,74,77,
32766,7452,2418,70,57,
32766,7431,2426,82,49,
32766,7440,2410,87,80,
32766,7445,2418,78,89,
32766,7445,2426,90,44,
32766,7445,2424,53,71,
32766,7445,2403,86,58,
32766,7456,2415,66,98,
32766,7460,2452,111,89,
32766,7447,2423,75,84,
32766,7430,2422,44,101,
32766,7441,2412,76,71,
32766,7450,2435,71,74,
32766,7447,2416,81,67,
32766,7440,2401,53,79,
32766,7431,2421,80,62,
32766,7443,2420,78,79,
32766,7432,2427,67,77,
32766,7445,2405,64,72,
32766,7467,2411,71,31,
32766,7470,2416,89,59,
32766,7435,2403,89,74,
32766,7437,2415,70,57,
32766,7425,2413,57,72,
32766,7451,2431,86,70,
32766,7466,2400,13,55,
32766,7432,2409,80,62,
32766,7427,2410,83,63,
32766,7442,2419,79,59,
32766,7444,2411,58,73,
32766,7459,2426,70,78,
32766,7444,2425,68,62,
32766,7425,2413,72,80,
32766,7456,2413,65,72,
32766,7447,2421,77,77,
32766,7453,2414,103,62,
32766,7450,2416,61,90,
32766,7443,2414,69,61,
32766,7455,2399,26,81,
32766,7479,2372,20,59,
32766,7434,2430,93,51,
32766,7439,2439,65,70,
32766,7441,2418,67,73,
32766,7463,2416,64,81,
32766,7465,2424,81,55,
32766,7448,2406,103,60,
32766,7462,2420,58,59,
32766,7454,2417,78,75,
32766,7451,2422,58,79,
32766,7447,2426,44,104,
32766,7446,2447,73,130,
32766,7460,2436,47,76,
32766,7443,2412,73,75,
32766,7452,2399,50,52,
32766,7454,2427,36,89,
32766,7475,2414,83,96,
32766,7431,2429,69,69,
32766,7462,2409,52,67,
32766,7453,2423,96,50,
32766,7459,2426,91,57,
32766,7442,2412,69,85,
32766,7453,2420,100,65,
32766,7458,2409,84,66,
32766,7460,2419,64,49,
32766,7464,2381,63,101,
32766,7443,2420,72,108,
32766,7468,2439,60,58,
32766,7472,2411,76,84,
32766,7422,2452,82,76,
32766,7430,2419,101,49,
32766,7464,2411,90,42,
32766,7436,2418,77,68,
32766,7445,2418,81,56,
32766,7453,2417,72,81,
32766,7437,2404,65,71,
32766,7450,2414,66,51,
32766,7443,2433,82,69,
32766,7449,2422,76,55,
32766,7474,2397,82,87,
32766,7460,2385,106,40,
32766,7450,2404,92,56,
32766,7461,2435,53,99,
32766,7457,2420,65,84,
32766,7417,2423,88,61,
32766,7417,2417,65,65,
32766,7456,2421,90,50,
32766,7433,2410,87,82,
32766,7444,2420,97,86,
32766,7448,2422,62,83,
32766,7442,2407,72,87,
32766,7435,2413,57,69,
32766,7455,2400,87,61,
32766,7424,2406,86,70,
32766,7417,2405,75,48,
32766,7438,2417,50,77,
32766,7439,2424,65,64,
32766,7425,2395,97,84,
32766,7452,2413,72,63,
32766,7437,2397,80,77,
32766,7442,2428,92,107,
32766,7393,2412,111,25,
32766,7431,2403,60,44,
32766,7437,2404,75,56,
32766,7416,2421,75,51,
32766,7439,2405,70,48,
32766,7414,2419,83,59,
32766,7439,2416,45,67,
32766,7412,2409,86,93,
32766,7428,2411,97,67,
32766,7426,2413,87,30,
32766,7386,2421,98,74,
32766,7425,2402,50,77,
32766,7413,2405,70,54,
32766,7400,2421,94,33,
32766,7420,2375,79,46,
32766,7411,2403,73,71,
32766,7415,2420,68,86,
32766,7421,2406,79,53,
32766,7422,2410,77,61,
32766,7427,2403,68,68,
32766,7435,2422,97,69,
32766,7428,2399,74,78,
32766,7424,2414,63,58,
32766,7446,2410,53,51,
32766,7430,2401,88,36,
32766,7409,2421,68,58,
32766,7449,2431,75,45,
32766,7421,2407,65,47,
32766,7439,2407,86,56,
32766,7415,2408,34,76,
32766,7424,2421,32,96,
32766,7433,2406,78,57,
32766,7433,2414,91,69,
32766,7438,2399,75,32,
32766,7445,2421,69,64,
32766,7435,2417,56,81,
32766,7440,2406,84,68,
32766,7452,2408,58,45,
32766,7443,2420,44,79,
32766,7443,2407,63,69,
32766,7446,2386,97,86,
32766,7452,2415,101,69,
32766,7447,2421,70,80,
32766,7447,2434,85,81,
32766,7445,2439,118,108,
32766,7438,2406,59,66,
32766,7445,2406,89,60,
32766,7446,2412,75,62,
32766,7468,2420,69,69,
32766,7442,2420,74,66,
32766,7452,2423,80,72,
32766,7449,2420,56,67,
32766,7448,2407,84,80,
32766,7443,2413,69,58,
32766,7426,2417,86,43,
32766,7454,2401,115,52,
32766,7429,2423,84,88,
32766,7443,2411,66,68,
32766,7459,2413,48,89,
32766,7426,2408,72,80,
32766,7410,2411,65,82,
32766,7422,2415,86,111,
32766,7426,2427,69,83,
32766,7428,2417,74,60,
32766,7420,2401,67,59,
32766,7424,2409,67,87,
32766,7408,2404,82,76,
32766,7436,2407,87,70,
32766,7426,2419,97,55,
32766,7432,2424,81,47,
32766,7428,2383,60,100,
32766,7421,2390,81,42,
32766,7422,2399,86,31,
32766,7422,2403,46,82,
32766,7425,2425,46,46,
32766,7426,2424,110,75,
32766,7410,2408,65,87,
32766,7430,2407,86,55,
32766,7433,2396,79,64,
32766,7422,2404,71,63,
32766,7421,2397,89,67,
32766,7433,2402,74,75,
32766,7418,2407,61,71,
32766,7429,2419,95,64,
32766,7421,2454,43,102,
32766,7440,2391,78,104,
32766,7414,2447,115,52,
32766,7456,2387,77,63,
32766,7440,2404,76,74,
32766,7456,2402,70,50,
32766,7436,2435,101,75,
32766,7443,2421,84,57,
32766,7442,2410,75,57,
32766,7434,2424,52,79,
32766,7426,2408,76,75,
32766,7442,2413,94,66,
32766,7436,2407,89,62,
32766,7442,2396,65,85,
32766,7453,2400,86,78,
32766,7471,2387,98,75,
32766,7432,2421,32,113,
32766,7446,2402,82,83,
32766,7436,2417,69,63,
32766,7443,2426,103,45,
32766,7451,2398,19,70,
32766,7456,2393,91,103,
32766,7448,2406,89,63,
32766,7465,2419,61,80,
32766,7444,2409,97,70,
32766,7456,2429,99,64,
32766,7460,2417,96,46,
32766,7449,2403,72,70,
32766,7458,2419,83,74,
32766,7459,2395,58,75,
32766,7442,2402,84,62,
32766,7424,2411,59,60,
32766,7434,2420,58,81,
32766,7443,2399,74,62,
32766,7434,2402,61,76,
32766,7450,2450,81,122,
32766,7442,2401,83,43,
32766,7435,2405,77,61,
32766,7435,2410,76,63,
32766,7445,2397,78,44,
32766,7435,2421,66,73,
32766,7447,2406,86,41,
32766,7425,2419,73,74,
32766,7446,2409,77,53,
32766,7436,2427,70,59,
32766,7413,2391,84,78,
32766,7425,2419,65,51,
32766,7423,2389,77,66,
32766,7428,2407,97,75,
32766,7434,2425,82,75,
32766,7457,2375,93,49,
32766,7403,2434,80,85,
32766,7432,2402,76,72,
32766,7418,2416,53,80,
32766,7423,2407,78,83,
32766,7436,2414,91,78,
32766,7427,2418,65,61,
32766,7432,2415,75,78,
32766,7413,2408,63,59,
32766,7428,2408,38,52,
32766,7420,2388,52,55,
32766,7432,2428,67,71,
32766,7418,2409,108,81,
32766,7411,2423,81,83,
32766,7414,2402,68,89,
32766,7403,2404,59,40,
32766,7419,2416,60,91,
32766,7435,2402,74,56,
32766,7440,2406,92,77,
32766,7435,2425,83,66,
32766,7413,2403,78,43,
32766,7431,2409,94,75,
32766,7416,2416,64,76,
32766,7420,2408,72,58,
32766,7427,2402,52,67,
32766,7422,2410,72,94,
32766,7421,2421,47,71,
32766,7436,2415,85,25,
32766,7448,2417,86,56,
32766,7464,2402,99,61,
32766,7416,2414,96,71,
32766,7429,2394,62,58,
32766,7411,2414,85,86,
32766,7424,2409,69,49,
32766,7428,2414,74,54,
32766,7435,2419,66,49,
32766,7434,2414,89,78,
32766,7441,2413,77,66,
32766,7445,2421,73,56,
32766,7454,2440,75,70,
32766,7453,2432,104,84,
32766,7436,2425,67,106,
32766,7434,2403,72,82,
32766,7456,2418,106,69,
32766,7440,2420,124,62,
32766,7436,2404,99,37,
32766,7456,2408,54,92,
32766,7465,2409,98,61,
32766,7440,2419,61,59,
32766,7443,2425,72,88,
32766,7445,2426,69,98,
32766,7432,2407,86,73,
32766,7450,2402,70,77,
32766,7446,2404,73,60,
32766,7433,2416,88,65,
32766,7442,2409,81,62,
32766,7435,2405,97,29,
32766,7442,2415,80,68,
32766,7450,2414,70,97,
32766,7447,2427,67,60,
32766,7468,2400,88,33,
32766,7460,2421,70,84,
32766,7449,2426,67,54,
32766,7445,2412,70,65,
32766,7438,2421,55,72,
32766,7444,2411,68,76,
32766,7428,2415,87,67,
32766,7435,2417,72,70,
32766,7433,2412,72,70,
32766,7426,2403,54,60,
32766,7451,2401,87,48,
32766,7445,2383,91,69,
32766,7438,2424,64,71,
32766,7442,2429,83,73,
32766,7433,2418,94,49,
32766,7447,2406,65,93,
32766,7443,2399,91,76,
32766,7425,2431,89,57,
32766,7428,2409,69,66,
32766,7425,2414,68,78,
32766,7430,2413,84,70,
32766,7415,2417,65,62,
32766,7439,2414,92,70,
32766,7435,2406,79,73,
32766,7452,2403,91,90,
32766,7451,2406,82,51,
32766,7416,2405,76,65,
32766,7440,2409,88,43,
32766,7399,2435,81,90,
32766,7437,2424,104,52,
32766,7433,2401,50,69,
32766,7410,2396,59,52,
32766,7449,2410,68,97,
32766,7438,2413,81,67,
32766,7446,2411,56,52,
32766,7436,2424,65,52,
32766,7437,2414,67,73,
32766,7445,2428,65,63,
32766,7441,2417,81,77,
32766,7475,2412,42,77,
32766,7426,2439,83,49,
32766,7454,2422,48,69,
32766,7444,2410,110,109,
32766,7440,2419,93,69,
32766,7474,2411,82,67,
32766,7437,2407,59,59,
32766,7456,2408,59,86,
32766,7465,2421,75,52,
32766,7441,2420,81,71,
32766,7451,2437,80,68,
32766,7445,2412,58,75,
32766,7456,2416,69,80,
32766,7441,2413,64,61,
32766,7442,2417,93,69,
32766,7446,2414,82,58,
32766,7474,2406,72,69,
32766,7456,2419,77,56,
32766,7436,2420,61,71,
32766,7466,2425,61,105,
32766,7465,2404,31,85,
32766,7442,2382,56,43,
32766,7425,2425,108,85,
32766,7471,2424,65,76,
32766,7437,2408,89,73,
32766,7439,2423,87,50,
32766,7462,2426,106,63,
32766,7462,2418,72,68,
32766,7446,2411,79,59,
32766,7452,2411,67,60,
32766,7460,2411,80,42,
32766,7417,2421,67,67,
32766,7455,2429,79,38,
32766,7462,2376,74,50,
32766,7446,2405,76,47,
32766,7460,2400,58,56,
32766,7441,2441,85,89,
32766,7448,2422,90,23,
32766,7447,2429,54,91,
32766,7447,2416,71,72,
32766,7474,2426,79,63,
32766,7468,2445,77,61,
32766,7453,2425,70,47,
32766,7460,2425,56,65,
32766,7467,2432,60,78,
32766,7475,2424,70,35,
32766,7489,2409,63,75,
32766,7472,2421,56,73,
32766,7459,2433,83,106,
32766,7482,2414,63,67,
32766,7456,2414,94,53,
32766,7447,2413,65,26,
32766,7482,2407,60,93,
32766,7480,2438,58,61,
32766,7470,2424,85,78,
32766,7450,2440,83,49,
32766,7466,2418,54,81,
32766,7476,2424,71,69,
32766,7479,2431,63,52,
32766,7485,2417,85,87,
32766,7490,2426,63,59,
32766,7460,2423,45,67,
32766,7490,2406,117,71,
32766,7483,2418,62,62,
32766,7465,2447,78,85,
32766,7482,2451,66,65,
32766,7455,2438,99,79,
32766,7454,2422,78,57,
32766,7476,2432,43,64,
32766,7493,2434,63,83,
32766,7484,2429,60,64,
32766,7476,2441,62,67,
32766,7481,2422,87,66,
32766,7473,2435,69,79,
32766,7489,2431,82,61,
32766,7483,2419,90,69,
32766,7473,2425,104,59,
32766,7467,2418,104,52,
32766,7455,2417,93,28,
32766,7484,2411,35,109,
32766,7462,2430,64,80,
32766,7475,2417,32,76,
32766,7489,2398,64,94,
32766,7473,2420,67,38,
32766,7467,2418,75,59,
32766,7463,2414,61,67,
32766,7463,2431,67,75,
32766,7465,2420,72,62,
32766,7468,2420,85,68,
32766,7467,2417,80,74,
32766,7466,2418,85,86,
32766,7472,2437,68,92,
32766,7455,2411,72,59,
32766,7447,2444,37,48,
32766,7468,2413,70,46,
32766,7444,2419,76,52,
32766,7461,2409,74,60,
32766,7475,2373,51,48,
32766,7452,2439,62,84,
32766,7455,2428,65,85,
32766,7456,2412,97,66,
32766,7447,2422,75,75,
32766,7455,2411,72,46,
32766,7460,2420,73,77,
32766,7458,2426,78,70,
32766,7440,2400,87,111,
32766,7432,2399,73,69,
32766,7454,2422,88,26,
32766,7457,2415,143,62,
32766,7455,2396,64,88,
32766,7450,2407,94,24,
32766,7472,2420,103,62,
32766,7453,2427,58,61,
32766,7437,2423,88,91,
32766,7455,2425,54,69,
32766,7467,2412,77,57,
32766,7461,2410,88,72,
32766,7447,2404,70,78,
32766,7451,2403,79,77,
32766,7452,2428,66,73,
32766,7452,2424,95,32,
32766,7442,2413,96,47,
32766,7437,2400,59,69,
32766,7459,2420,71,85,
32766,7469,2406,82,41,
32766,7463,2411,89,47,
32766,7437,2426,99,58,
32766,7464,2435,76,106,
32766,7450,2403,65,66,
32766,7444,2420,85,54,
32766,7453,2410,75,77,
32766,7454,2415,85,92,
32766,7449,2415,68,91,
32766,7444,2414,75,67,
32766,7460,2426,82,63,
32766,7467,2414,69,73,
32766,7466,2412,71,37,
32766,7461,2417,43,78,
32766,7436,2445,77,63,
32766,7454,2422,67,60,
32766,7466,2427,82,67,
32766,7466,2432,78,116,
32766,7464,2428,93,73,
32766,7471,2419,78,30,
32766,7474,2414,69,67,
32766,7464,2432,59,61,
32766,7470,2419,68,72,
32766,7486,2426,79,70,
32766,7496,2422,75,62,
32766,7480,2425,70,65,
32766,7491,2428,65,56,
32766,7476,2409,75,53,
32766,7491,2430,70,93,
32766,7473,2428,82,80,
32766,7454,2439,88,71,
32766,7486,2440,109,68,
32766,7478,2448,84,85,
32766,7489,2424,93,123,
32766,7478,2416,94,55,
32766,7460,2427,58,65,
32766,7475,2426,88,52,
32766,7480,2417,72,76,
32766,7466,2415,72,75,
32766,7455,2419,90,72,
32766,7465,2411,75,66,
32766,7463,2433,56,81,
32766,7477,2439,55,113,
32766,7482,2406,78,47,
32766,7471,2426,62,82,
32766,7454,2422,74,56,
32766,7454,2417,88,73,
32766,7470,2423,63,110,
32766,7464,2404,108,95,
32766,7443,2422,74,51,
32766,7481,2424,70,75,
32766,7452,2419,79,81,
32766,7475,2414,69,71,
32766,7452,2425,84,72,
32766,7472,2414,79,80,
32766,7468,2427,73,80,
32766,7474,2431,75,67,
32766,7469,2418,71,50,
32766,7472,2440,81,67,
32766,7468,2400,97,76,
32766,7466,2417,79,40,
32766,7457,2409,94,76,
32766,7469,2419,100,26,
32766,7461,2423,82,48,
32766,7459,2422,77,97,
32766,7474,2424,93,53,
32766,7467,2410,59,60,
32766,7477,2415,62,43,
32766,7462,2415,58,71,
32766,7480,2424,70,74,
32766,7467,2418,70,68,
32766,7453,2419,76,68,
32766,7476,2415,48,77,
32766,7477,2446,62,66,
32766,7459,2420,63,85,
32766,7456,2424,69,72,
32766,7451,2436,103,83,
32766,7451,2414,66,78,
32766,7465,2391,50,84,
32766,7459,2421,65,87,
32766,7464,2422,72,56,
32766,7464,2435,80,41,
32766,7477,2427,76,74,
32766,7470,2426,72,82,
32766,7484,2417,86,67,
32766,7466,2432,79,73,
32766,7467,2429,66,94,
32766,7496,2437,103,53,
32766,7486,2414,100,42,
32766,7483,2418,106,57,
32766,7468,2447,74,84,
32766,7474,2424,111,64,
32766,7481,2436,52,80,
32766,7513,2449,69,77,
32766,7507,2446,82,58,
32766,7487,2423,79,63,
32766,7507,2434,48,83,
32766,7494,2417,75,73,
32766,7494,2428,71,67,
32766,7475,2421,79,60,
32766,7488,2432,77,65,
32766,7493,2427,50,70,
32766,7492,2440,62,62,
32766,7460,2419,109,57,
32766,7478,2417,105,71,
32766,7473,2422,84,53,
32766,7460,2415,88,56,
32766,7482,2409,66,58,
32766,7476,2455,39,108,
32766,7474,2421,94,58,
32766,7463,2408,69,64,
32766,7473,2427,78,61,
32766,7462,2426,52,59,
32766,7476,2426,65,83,
32766,7464,2430,88,75,
32766,7480,2422,71,72,
32766,7482,2436,75,58,
32766,7461,2426,90,79,
32766,7482,2435,91,45,
32766,7473,2392,72,36,
32766,7449,2440,79,52,
32766,7476,2402,96,58,
32766,7503,2407,34,86,
32766,7483,2422,98,72,
32766,7469,2420,72,68,
32766,7467,2421,64,66,
32766,7466,2430,79,72,
32766,7459,2435,69,79,
32766,7454,2415,78,56,
32766,7451,2417,77,68,
32766,7460,2430,79,79,
32766,7453,2451,65,88,
32766,7468,2422,95,67,
32766,7474,2422,109,55,
32766,7500,2416,60,74,
32766,7473,2427,71,54,
32766,7464,2400,56,18,
32766,7465,2392,89,61,
32766,7464,2420,62,45,
32766,7466,2437,70,62,
32766,7475,2432,89,69,
32766,7480,2425,94,47,
32766,7472,2420,72,83,
32766,7468,2422,89,58,
32766,7457,2411,83,58,
32766,7454,2417,77,59,
32766,7462,2412,67,55,
32766,7471,2434,98,23,
32766,7471,2430,35,59,
32766,7491,2414,114,84,
32766,7479,2417,58,86,
32766,7479,2435,65,67,
32766,7469,2403,96,0,
32766,7488,2416,47,45,
32766,7501,2440,70,107,
32766,7499,2436,77,64,
32766,7492,2435,86,57,
32766,7480,2422,77,65,
32766,7499,2435,72,65,
32766,7511,2440,85,66,
32766,7505,2435,77,79,
32766,7510,2437,66,66,
32766,7474,2436,115,47,
32766,7507,2405,87,46,
32766,7496,2441,85,44,
32766,7500,2441,77,83,
32766,7515,2403,60,71,
32766,7491,2423,41,85,
32766,7508,2408,84,109,
32766,7499,2438,80,73,
32766,7479,2436,61,65,
32766,7487,2429,83,75,
32766,7502,2428,85,54,
32766,7507,2420,58,65,
32766,7494,2426,83,67,
32766,7489,2433,92,64,
32766,7480,2417,66,73,
32766,7491,2422,99,44,
32766,7512,2413,63,95,
32766,7485,2449,103,36,
32766,7503,2416,71,71,
32766,7505,2405,56,56,
32766,7493,2451,116,74,
32766,7495,2450,97,97,
32766,7473,2440,69,52,
32766,7478,2407,61,70,
32766,7486,2423,52,58,
32766,7490,2413,73,48,
32766,7490,2435,90,56,
32766,7485,2431,71,66,
32766,7479,2419,83,68,
32766,7490,2432,103,42,
32766,7497,2432,99,90,
32766,7510,2436,108,31,
32766,7480,2436,67,72,
32766,7480,2413,55,59,
32766,7489,2417,43,94,
32766,7463,2463,85,98,
32766,7454,2429,90,70,
32766,7483,2443,76,68,
32766,7476,2432,78,58,
32766,7499,2416,84,53,
32766,7491,2425,82,56,
32766,7480,2413,77,94,
32766,7468,2418,81,54,
32766,7481,2424,89,67,
32766,7473,2421,93,77,
32766,7481,2458,54,54,
32766,7453,2444,110,72,
32766,7506,2411,54,48,
32766,7501,2419,103,53,
32766,7478,2426,90,76,
32766,7480,2444,61,46,
32766,7483,2435,89,47,
32766,7488,2427,73,71,
32766,7487,2439,82,64,
32766,7484,2430,80,59,
32766,7501,2429,85,74,
32766,7483,2441,67,69,
32766,7503,2432,86,71,
32766,7504,2436,63,72,
32766,7495,2428,64,80,
32766,7485,2417,103,86,
32766,7514,2441,70,63,
32766,7495,2421,88,62,
32766,7474,2436,71,62,
32766,7467,2445,80,43,
32766,7461,2420,104,86,
32766,7452,2417,68,63,
32766,7483,2425,87,78,
32766,7483,2427,92,47,
32766,7468,2431,65,66,
32766,7476,2430,78,69,
32766,7494,2432,81,86,
32766,7478,2425,69,64,
32766,7483,2427,78,62,
32766,7473,2409,89,61,
32766,7463,2432,68,75,
32766,7464,2411,73,77,
32766,7479,2421,60,69,
32766,7472,2426,86,88,
32766,7464,2414,99,67,
32766,7464,2416,116,38,
32766,7476,2394,60,79,
32766,7471,2432,75,44,
32766,7481,2424,64,91,
32766,7478,2441,87,73,
32766,7481,2429,78,73,
32766,7468,2426,62,72,
32766,7484,2427,74,56,
32766,7464,2428,61,81,
32766,7486,2432,74,74,
32766,7474,2444,47,72,
32766,7481,2440,94,50,
32766,7501,2428,71,70,
32766,7489,2436,92,46,
32766,7501,2449,133,82,
32766,7498,2430,89,52,
32766,7497,2435,88,74,
32766,7487,2420,90,88,
32766,7503,2428,85,60,
32766,7492,2431,88,67,
32766,7503,2450,71,77,
32766,7484,2432,79,59,
32766,7488,2426,87,79,
32766,7495,2444,66,62,
32766,7500,2423,61,54,
32766,7511,2438,95,44,
32766,7471,2450,89,61,
32766,7484,2447,126,43,
32766,7505,2437,92,56,
32766,7496,2449,73,81,
32766,7527,2430,66,90,
32766,7520,2468,100,48,
32766,7507,2436,45,100,
32766,7497,2441,69,68,
32766,7509,2443,77,64,
32766,7505,2437,75,53,
32766,7517,2450,70,74,
32766,7513,2430,94,82,
32766,7520,2449,64,81,
32766,7518,2461,100,52,
32766,7515,2429,56,72,
32766,7515,2440,60,82,
32766,7505,2473,128,44,
32766,7519,2444,45,46,
32766,7498,2478,34,61,
32766,7535,2437,82,95,
32766,7519,2455,57,78,
32766,7530,2425,82,64,
32766,7521,2437,61,84,
32766,7507,2449,72,57,
32766,7517,2431,77,48,
32766,7507,2442,86,73,
32766,7508,2444,95,48,
32766,7512,2430,60,52,
32766,7511,2441,56,101,
32766,7505,2430,86,43,
32766,7497,2422,54,96,
32766,7496,2407,114,53,
32766,7497,2445,91,72,
32766,7511,2405,74,53,
32766,7502,2420,42,70,
32766,7515,2436,53,43,
32766,7490,2435,64,78,
32766,7496,2431,75,63,
32766,7497,2427,65,75,
32766,7489,2448,78,57,
32766,7504,2451,64,55,
32766,7483,2438,78,65,
32766,7490,2425,73,71,
32766,7498,2430,72,41,
32766,7506,2433,100,72,
32766,7493,2434,89,64,
32766,7481,2449,44,58,
32766,7471,2440,63,42,
32766,7487,2441,75,53,
32766,7508,2430,53,114,
32766,7470,2437,86,81,
32766,7493,2425,76,62,
32766,7485,2424,67,84,
32766,7496,2419,102,77,
32766,7508,2431,80,76,
32766,7491,2425,73,57,
32766,7499,2420,69,41,
32766,7484,2431,81,51,
32766,7469,2430,88,64,
32766,7493,2412,120,44,
32766,7451,2425,69,78,
32766,7497,2414,83,66,
32766,7466,2433,85,84,
32766,7496,2431,85,69,
32766,7446,2422,39,43,
32766,7496,2405,79,91,
32766,7498,2420,46,80,
32766,7489,2431,75,72,
32766,7483,2436,63,50,
32766,7468,2439,91,57,
32766,7488,2437,85,67,
32766,7478,2425,76,81,
32766,7476,2428,91,74,
32766,7497,2440,87,58,
32766,7496,2425,44,91,
32766,7459,2441,69,69,
32766,7497,2430,88,39,
32766,7483,2437,63,80,
32766,7483,2439,60,61,
32766,7499,2432,59,35,
32766,7502,2443,65,88,
32766,7489,2420,74,61,
32766,7493,2450,73,75,
32766,7487,2418,61,81,
32766,7491,2426,79,77,
32766,7480,2433,72,55,
32766,7491,2438,73,56,
32766,7478,2414,84,43,
32766,7490,2436,57,71,
32766,7466,2419,48,125,
32766,7506,2431,81,54,
32766,7474,2435,84,22,
32766,7481,2445,87,66,
32766,7488,2424,95,63,
32766,7451,2434,98,64,
32766,7483,2406,88,64,
32766,7491,2430,69,63,
32766,7492,2427,67,83,
32766,7496,2427,83,71,
32766,7475,2428,88,93,
32766,7493,2417,72,73,
32766,7487,2425,71,73,
32766,7482,2429,96,56,
32766,7504,2432,70,50,
32766,7449,2439,48,73,
32766,7504,2411,74,64,
32766,7461,2457,73,80,
32766,7469,2432,55,73,
32766,7492,2419,92,83,
32766,7511,2428,77,55,
32766,7491,2451,82,81,
32766,7490,2436,72,88,
32766,7483,2428,75,69,
32766,7475,2412,75,78,
32766,7473,2424,66,71,
32766,7489,2427,68,92,
32766,7504,2424,68,56,
32766,7496,2432,77,82,
32766,7494,2417,92,47,
32766,7450,2421,105,95,
32766,7480,2426,103,72,
32766,7493,2425,36,82,
32766,7493,2433,105,70,
32766,7475,2414,96,34,
32766,7469,2400,47,32,
32766,7487,2408,76,47,
32766,7474,2417,70,77,
32766,7472,2423,81,68,
32766,7483,2441,76,63,
32766,7476,2434,92,59,
32766,7461,2434,62,61,
32766,7469,2424,72,71,
32766,7469,2418,67,58,
32766,7481,2427,65,80,
32766,7463,2425,77,65,
32766,7462,2444,101,66,
32766,7472,2414,56,95,
32766,7459,2411,59,88,
32766,7469,2433,63,52,
32766,7481,2400,68,38,
32766,7462,2432,84,89,
32766,7457,2411,90,79,
32766,7473,2427,79,75,
32766,7466,2442,82,87,
32766,7470,2420,66,60,
32766,7475,2414,69,66,
32766,7471,2423,79,61,
32766,7459,2422,63,83,
32766,7457,2400,77,66,
32766,7471,2423,69,62,
32766,7491,2419,71,44,
32766,7485,2422,50,78,
32766,7475,2409,64,69,
32766,7471,2451,92,73,
32766,7473,2429,103,48,
32766,7463,2428,116,89,
32766,7466,2439,76,58,
32766,7460,2433,76,79,
32766,7461,2438,82,69,
32766,7461,2422,83,52,
32766,7455,2435,63,66,
32766,7482,2432,77,69,
32766,7460,2412,67,74,
32766,7435,2421,83,69,
32766,7457,2422,60,66,
32766,7471,2408,81,64,
32766,7440,2448,87,62,
32766,7458,2416,68,85,
32766,7456,2407,108,36,
32766,7457,2414,41,48,
32766,7464,2418,61,61,
32766,7468,2420,87,56,
32766,7467,2405,72,46,
32766,7466,2415,63,65,
32766,7462,2406,67,61,
32766,7474,2416,78,72,
32766,7470,2421,76,71,
32766,7467,2428,47,89,
32766,7452,2422,61,72,
32766,7452,2431,53,80,
32766,7462,2431,78,49,
32766,7485,2389,67,82,
32766,7461,2417,98,66,
32766,7460,2418,55,96,
32766,7494,2407,37,91,
32766,7456,2441,79,61,
32766,7440,2426,86,72,
32766,7458,2433,88,61,
32766,7461,2428,56,69,
32766,7471,2410,71,81,
32766,7461,2439,99,70,
32766,7468,2416,70,68,
32766,7468,2411,103,76,
32766,7467,2432,27,57,
32766,7469,2397,30,133,
32766,7443,2425,47,62,
32766,7468,2426,103,72,
32766,7462,2408,47,67,
32766,7442,2427,79,51,
32766,7469,2384,72,32,
32766,7460,2422,75,78,
32766,7470,2418,76,78,
32766,7456,2422,66,63,
32766,7467,2413,83,93,
32766,7449,2407,78,57,
32766,7463,2417,64,73,
32766,7448,2417,52,60,
32766,7449,2425,86,50,
32766,7434,2425,82,75,
32766,7433,2417,57,57,
32766,7464,2419,68,98,
32766,7476,2409,86,47,
32766,7457,2424,94,47,
32766,7431,2394,60,95,
32766,7455,2393,85,29,
32766,7463,2415,76,71,
32766,7458,2414,57,79,
32766,7456,2405,61,81,
32766,7446,2430,83,63,
32766,7447,2426,76,54,
32766,7444,2425,76,79,
32766,7462,2428,80,60,
32766,7454,2422,77,69,
32766,7445,2406,84,64,
32766,7454,2421,83,109,
32766,7471,2410,126,0,
32766,7441,2420,61,73,
32766,7435,2429,95,82,
32766,7463,2416,92,75,
32766,7468,2434,104,86,
32766,7447,2426,89,84,
32766,7468,2419,86,55,
32766,7450,2419,77,61,
32766,7456,2428,80,68,
32766,7465,2419,50,54,
32766,7452,2417,69,85,
32766,7446,2412,77,76,
32766,7457,2417,69,57,
32766,7449,2411,79,71,
32766,7436,2426,64,76,
32766,7435,2409,67,110,
32766,7467,2402,80,70,
32766,7443,2419,56,61,
32766,7436,2413,73,34,
32766,7441,2393,62,31,
32766,7442,2423,50,98,
32766,7464,2424,79,82,
32766,7452,2424,82,68,
32766,7451,2420,80,58,
32766,7449,2426,76,64,
32766,7427,2399,79,85,
32766,7436,2427,77,60,
32766,7453,2423,89,68,
32766,7441,2404,80,99,
32766,7445,2413,59,71,
32766,7461,2427,106,45,
32766,7460,2403,61,37,
32766,7430,2440,77,57,
32766,7456,2402,36,84,
32766,7442,2439,64,89,
32766,7439,2405,72,68,
32766,7439,2404,58,71,
32766,7457,2413,79,73,
32766,7455,2414,70,75,
32766,7457,2429,61,55,
32766,7457,2416,86,68,
32766,7458,2428,69,67,
32766,7469,2431,56,78,
32766,7464,2411,95,74,
32766,7460,2437,84,63,
32766,7439,2429,62,56,
32766,7449,2406,62,62,
32766,7446,2420,37,67,
32766,7468,2411,76,57,
32766,7476,2421,60,113,
32766,7461,2419,69,71,
32766,7448,2421,101,66,
32766,7454,2421,75,73,
32766,7449,2424,78,61,
32766,7462,2420,67,53,
32766,7467,2430,65,67,
32766,7450,2427,66,77,
32766,7446,2424,53,62,
32766,7451,2429,77,58,
32766,7474,2414,10,129,
32766,7439,2449,101,73,
32766,7434,2408,70,70,
32766,7450,2411,55,69,
32766,7462,2419,77,69,
32766,7447,2431,55,141,
32766,7442,2419,73,46,
32766,7461,2442,86,74,
32766,7445,2428,83,69,
32766,7450,2415,76,39,
32766,7447,2410,64,82,
32766,7446,2411,92,67,
32766,7461,2426,85,70,
32766,7453,2426,86,96,
32766,7439,2411,81,70,
32766,7475,2404,62,91,
32766,7440,2425,70,50,
32766,7445,2419,98,67,
32766,7429,2388,54,60,
32766,7441,2413,103,35,
32766,7459,2398,60,77,
32766,7440,2408,73,48,
32766,7451,2414,91,75,
32766,7446,2420,70,79,
32766,7448,2426,82,85,
32766,7442,2432,88,79,
32766,7446,2421,89,69,
32766,7452,2422,80,61,
32766,7442,2433,65,39,
32766,7467,2440,72,41,
32766,7468,2408,73,46,
32766,7441,2435,75,54,
32766,7445,2402,75,65,
32766,7441,2410,51,79,
32766,7455,2385,88,39,
32766,7429,2422,56,77,
32766,7451,2418,80,82,
32766,7453,2408,59,93,
32766,7452,2426,75,60,
32766,7449,2416,81,71,
32766,7441,2413,73,65,
32766,7437,2419,76,84,
32766,7431,2416,74,70,
32766,7446,2410,45,53,
32766,7446,2379,65,92,
32766,7429,2433,42,64,
32766,7455,2389,87,60,
32766,7438,2418,84,46,
32766,7436,2413,36,60,
32766,7444,2400,51,56,
32766,7416,2400,107,36,
32766,7455,2401,65,58,
32766,7429,2407,70,76,
32766,7448,2408,68,81,
32766,7447,2412,83,58,
32766,7439,2390,88,87,
32766,7446,2421,81,59,
32766,7437,2429,83,80,
32766,7445,2410,56,94,
32766,7431,2420,49,57,
32766,7423,2402,81,63,
32766,7428,2413,101,62,
32766,7440,2411,70,58,
32766,7424,2413,62,74,
32766,7412,2414,83,61,
32766,7441,2392,77,30,
32766,7436,2411,67,96,
32766,7446,2405,99,84,
32766,7440,2413,69,59,
32766,7435,2406,77,52,
32766,7433,2407,56,66,
32766,7449,2388,84,88,
32766,7434,2394,94,62,
32766,7445,2417,79,82,
32766,7444,2409,69,59,
32766,7427,2414,83,100,
32766,7452,2381,84,31,
32766,7433,2426,83,61,
32766,7459,2419,60,72,
32766,7442,2412,89,100,
32766,7454,2397,73,74,
32766,7432,2417,69,51,
32766,7451,2408,80,41,
32766,7458,2403,81,58,
32766,7434,2412,73,57,
32766,7449,2415,62,57,
32766,7447,2416,76,69,
32766,7443,2422,67,75,
32766,7444,2413,75,64,
32766,7452,2408,63,106,
32766,7439,2418,106,63,
32766,7451,2426,95,83,
32766,7447,2404,85,50,
32766,7448,2379,39,51,
32766,7454,2397,83,77,
32766,7438,2398,26,75,
32766,7449,2394,75,61,
32766,7446,2427,78,74,
32766,7436,2419,75,86,
32766,7439,2416,69,71,
32766,7440,2408,70,85,
32766,7444,2405,88,73,
32766,7429,2408,77,68,
32766,7443,2409,73,55,
32766,7443,2397,69,47,
32766,7462,2406,80,76,
32766,7417,2406,92,33,
32766,7427,2423,70,93,
32766,7451,2405,34,76,
32766,7438,2388,87,26,
32766,7425,2443,66,87,
32766,7437,2387,50,74,
32766,7426,2407,63,65,
32766,7428,2419,83,81,
32766,7430,2419,82,76,
32766,7436,2414,71,72,
32766,7431,2423,84,56,
32766,7442,2392,60,69,
32766,7437,2404,27,65,
32766,7450,2432,62,62,
32766,7429,2430,104,69,
32766,7435,2408,84,58,
32766,7440,2412,74,53,
32766,7416,2413,33,77,
32766,7419,2408,32,53,
32766,7443,2401,54,28,
32766,7430,2421,81,63,
32766,7425,2406,80,63,
32766,7433,2415,86,83,
32766,7435,2411,70,42,
32766,7435,2381,81,75,
32766,7449,2428,55,50,
32766,7420,2410,94,81,
32766,7413,2410,52,72,
32766,7445,2410,85,91,
32766,7397,2440,123,71,
32766,7445,2392,64,71,
32766,7422,2418,113,53,
32766,7428,2417,79,83,
32766,7439,2421,55,65,
32766,7425,2405,64,65,
32766,7434,2410,74,71,
32766,7425,2422,73,79,
32766,7429,2416,79,64,
32766,7427,2410,71,60,
32766,7439,2419,51,59,
32766,7431,2416,75,65,
32766,7421,2410,63,75,
32766,7433,2384,77,49,
32766,7415,2413,88,64,
32766,7415,2428,91,62,
32766,7429,2406,71,48,
32766,7446,2414,92,62,
32766,7445,2403,69,63,
32766,7416,2398,73,33,
32766,7440,2400,71,70,
32766,7423,2416,66,66,
32766,7457,2405,74,66,
32766,7435,2404,96,55,
32766,7428,2414,85,67,
32766,7422,2412,71,72,
32766,7413,2404,80,63,
32766,7427,2414,72,65,
32766,7421,2405,60,60,
32766,7432,2433,75,39,
32766,7445,2410,29,106,
32766,7438,2425,104,42,
32766,7432,2409,97,76,
32766,7422,2411,82,100,
32766,7424,2418,85,36,
32766,7391,2420,76,59,
32766,7436,2399,85,37,
32766,7439,2409,77,78,
32766,7422,2417,78,85,
32766,7432,2411,71,72,
32766,7427,2388,77,65,
32766,7434,2396,70,47,
32766,7421,2416,75,74,
32766,7411,2416,102,36,
32766,7446,2399,92,66,
32766,7422,2426,14,111,
32766,7435,2404,74,76,
32766,7424,2423,100,74,
32766,7403,2438,99,45,
32766,7425,2425,97,70,
32766,7407,2399,75,65,
32766,7433,2403,73,71,
32766,7413,2412,73,79,
32766,7422,2416,65,74,
32766,7419,2409,86,74,
32766,7411,2417,87,63,
32766,7424,2409,72,48,
32766,7423,2401,80,43,
32766,7425,2401,78,74,
32766,7431,2424,84,54,
32766,7439,2402,47,88,
32766,7410,2422,54,77,
32766,7424,2415,72,38,
32766,7434,2439,70,110,
32766,7439,2406,84,58,
32766,7435,2438,74,75,
32766,7424,2402,76,55,
32766,7414,2412,68,64,
32766,7423,2413,71,74,
32766,7412,2412,79,69,
32766,7423,2410,75,80,
32766,7426,2403,86,68,
32766,7419,2408,90,72,
32766,7447,2403,115,70,
32766,7431,2405,79,46,
32766,7433,2407,51,51,
32766,7429,2415,42,71,
32766,7412,2411,92,37,
32766,7423,2409,113,103,
32766,7450,2404,78,71,
32766,7431,2410,78,81,
32766,7434,2408,77,75,
32766,7427,2399,81,78,
32766,7435,2400,80,79,
32766,7425,2401,91,62,
32766,7432,2410,53,67,
32766,7429,2414,86,58,
32766,7433,2398,98,66,
32766,7431,2396,44,95,
32766,7424,2403,71,43,
32766,7433,2429,78,79,
32766,7441,2386,50,88,
32766,7440,2404,85,70,
32766,7423,2434,116,76,
32766,7433,2402,118,44,
32766,7398,2398,57,86,
32766,7403,2419,84,79,
32766,7430,2402,55,58,
32766,7437,2417,50,92,
32766,7416,2401,79,71,
32766,7413,2417,57,43,
32766,7430,2402,79,69,
32766,7418,2416,54,78,
32766,7438,2409,90,68,
32766,7422,2404,122,63,
32766,7388,2435,99,86,
32766,7421,2387,120,48,
32766,7433,2408,62,98,
32766,7410,2411,47,71,
32766,7394,2406,110,19,
32766,7428,2407,47,59,
32766,7416,2407,80,79,
32766,7450,2412,75,70,
32766,7420,2396,98,72,
32766,7427,2415,33,80,
32766,7412,2428,84,69,
32766,7412,2399,82,61,
32766,7433,2410,68,59,
32766,7412,2396,90,67,
32766,7422,2415,42,71,
32766,7429,2404,70,66,
32766,7400,2419,106,51,
32766,7430,2425,62,100,
32766,7430,2399,72,80,
32766,7402,2409,72,39,
32766,7408,2407,92,32,
32766,7412,2412,86,81,
32766,7408,2405,82,68,
32766,7423,2406,64,70,
32766,7425,2412,67,80,
32766,7418,2403,99,78,
32766,7415,2399,60,70,
32766,7417,2417,94,69,
32766,7408,2402,64,97,
32766,7404,2415,67,53,
32766,7387,2408,85,79,
32766,7421,2400,80,55,
32766,7427,2408,77,81,
32766,7411,2389,54,57,
32766,7422,2393,67,80,
32766,7417,2414,87,65,
32766,7422,2416,79,63,
32766,7413,2397,86,62,
32766,7428,2412,73,76,
32766,7423,2398,64,80,
32766,7417,2405,71,74,
32766,7424,2394,83,73,
32766,7421,2410,68,81,
32766,7396,2409,84,92,
32766,7407,2443,74,55,
32766,7436,2412,33,58,
32766,7439,2406,70,89,
32766,7427,2417,66,44,
32766,7417,2400,51,56,
32766,7428,2402,86,73,
32766,7411,2402,93,63,
32766,7429,2406,64,74,
32766,7426,2419,60,83,
32766,7437,2404,78,73,
32766,7423,2392,73,56,
32766,7426,2414,77,63,
32766,7410,2411,86,49,
32766,7432,2399,86,81,
32766,7426,2414,81,77,
32766,7437,2402,61,74,
32766,7448,2418,85,20,
32766,7439,2408,47,95,
32766,7441,2401,74,56,
32766,7417,2406,57,77,
32766,7433,2399,95,48,
32766,7433,2417,88,68,
32766,7431,2410,89,68,
32766,7438,2404,79,89,
32766,7436,2412,95,77,
32766,7432,2398,72,62,
32766,7441,2407,88,70,
32766,7431,2407,96,78,
32766,7442,2414,72,60,
32766,7444,2415,51,76,
32766,7455,2419,65,82,
32766,7434,2388,100,53,
32766,7426,2407,58,53,
32766,7428,2391,68,90,
32766,7466,2420,82,90,
32766,7456,2386,65,76,
32766,7445,2422,91,80,
32766,7424,2411,81,67,
32766,7427,2413,87,75,
32766,7428,2406,56,69,
32766,7430,2410,71,75,
32766,7425,2399,84,81,
32766,7427,2413,72,53,
32766,7434,2409,72,59,
32766,7457,2417,101,29,
32766,7462,2387,98,70,
32766,7428,2404,76,55,
32766,7422,2406,79,52,
32766,7424,2414,63,67,
32766,7425,2399,31,60,
32766,7428,2405,60,54,
32766,7417,2408,80,88,
32766,7411,2408,86,54,
32766,7418,2422,91,57,
32766,7416,2396,71,79,
32766,7416,2410,86,73,
32766,7430,2418,67,46,
32766,7412,2401,73,66,
32766,7423,2399,78,64,
32766,7411,2409,79,63,
32766,7453,2414,102,70,
32766,7420,2404,53,40,
32766,7422,2419,65,72,
32766,7418,2399,56,63,
32766,7436,2421,52,85,
32766,7441,2383,90,71,
32766,7404,2417,81,75,
32766,7426,2401,72,69,
32766,7426,2399,70,61,
32766,7416,2415,78,77,
32766,7419,2407,63,59,
32766,7439,2414,92,66,
32766,7416,2420,84,76,
32766,7433,2392,64,70,
32766,7420,2408,115,64,
32766,7430,2379,64,64,
32766,7419,2417,80,82,
32766,7428,2381,90,55,
32766,7423,2387,82,72,
32766,7422,2423,69,99,
32766,7411,2426,71,52,
32766,7415,2407,90,72,
32766,7421,2413,87,73,
32766,7419,2394,57,80,
32766,7424,2408,90,52,
32766,7421,2419,87,89,
32766,7418,2413,51,64,
32766,7419,2409,81,84,
32766,7429,2403,79,74,
32766,7420,2424,77,76,
32766,7416,2415,87,76,
32766,7436,2418,37,71,
32766,7442,2414,58,69,
32766,7447,2403,59,76,
32766,7407,2397,56,64,
32766,7429,2397,96,41,
32766,7411,2402,70,49,
32766,7421,2403,80,48,
32766,7429,2418,53,72,
32766,7419,2418,71,51,
32766,7434,2406,84,51,
32766,7416,2415,80,62,
32766,7427,2409,80,76,
32766,7425,2415,107,64,
32766,7440,2412,50,51,
32766,7442,2416,104,95,
32766,7420,2451,46,59,
32766,7437,2425,71,42,
32766,7446,2403,80,42,
32766,7452,2396,78,8,
32766,7435,2406,90,67,
32766,7428,2418,61,65,
32766,7422,2409,80,78,
32766,7438,2415,90,69,
32766,7447,2409,83,60,
32766,7438,2412,96,62,
32766,7437,2400,80,65,
32766,7456,2401,63,80,
32766,7430,2412,71,86,
32766,7443,2416,63,98,
32766,7462,2403,68,44,
32766,7465,2413,89,55,
32766,7438,2422,77,69,
32766,7433,2413,99,58,
32766,7469,2411,80,96,
32766,7457,2405,91,48,
32766,7451,2424,75,73,
32766,7452,2418,93,74,
32766,7449,2402,67,76,
32766,7452,2413,73,59,
32766,7436,2425,68,68,
32766,7433,2422,80,50,
32766,7437,2412,62,83,
32766,7447,2416,60,73,
32766,7431,2420,67,82,
32766,7437,2405,61,98,
32766,7422,2430,75,28,
32766,7433,2409,72,74,
32766,7455,2407,63,53,
32766,7478,2406,45,61,
32766,7468,2423,57,104,
32766,7441,2395,96,67,
32766,7445,2423,80,74,
32766,7455,2417,89,76,
32766,7437,2419,51,65,
32766,7449,2418,78,77,
32766,7453,2411,99,79,
32766,7453,2419,84,85,
32766,7442,2414,74,60,
32766,7460,2418,88,107,
32766,7448,2422,71,59,
32766,7483,2422,87,64,
32766,7457,2407,64,65,
32766,7471,2375,65,39,
32766,7441,2411,97,48,
32766,7438,2391,66,85,
32766,7448,2421,62,59,
32766,7433,2409,71,59,
32766,7443,2409,80,64,
32766,7436,2412,68,64,
32766,7435,2415,75,70,
32766,7429,2410,69,82,
32766,7445,2397,84,65,
32766,7450,2416,76,60,
32766,7423,2397,86,35,
32766,7438,2408,86,25,
32766,7432,2391,96,77,
32766,7421,2407,85,74,
32766,7416,2423,62,97,
32766,7446,2410,104,74,
32766,7448,2429,87,79,
32766,7442,2407,87,56,
32766,7430,2409,77,68,
32766,7421,2420,64,64,
32766,7419,2402,86,75,
32766,7428,2398,86,51,
32766,7439,2408,65,77,
32766,7427,2422,57,71,
32766,7423,2421,68,68,
32766,7426,2411,66,75,
32766,7418,2397,96,90,
32766,7466,2392,98,102,
32766,7428,2405,76,50,
32766,7439,2421,83,34,
32766,7421,2412,78,40,
32766,7466,2408,92,56,
32766,7426,2400,82,55,
32766,7421,2405,86,58,
32766,7432,2413,64,83,
32766,7456,2411,74,72,
32766,7430,2418,68,48,
32766,7438,2396,89,66,
32766,7441,2402,52,69,
32766,7441,2401,140,60,
32766,7460,2419,88,58,
32766,7455,2421,72,77,
32766,7433,2414,85,71,
32766,7425,2406,43,96,
32766,7451,2395,65,54,
32766,7426,2387,55,23,
32766,7425,2408,77,65,
32766,7439,2404,75,79,
32766,7454,2399,88,59,
32766,7433,2405,84,61,
32766,7436,2401,87,63,
32766,7442,2408,93,65,
32766,7447,2416,94,49,
32766,7451,2402,68,56,
32766,7432,2405,40,65,
32766,7483,2388,59,55,
32766,7451,2405,44,99,
32766,7449,2423,123,34,
32766,7447,2423,93,61,
32766,7443,2419,78,62,
32766,7471,2407,64,68,
32766,7443,2418,101,30,
32766,7443,2406,68,54,
32766,7451,2407,74,54,
32766,7459,2408,85,70,
32766,7454,2422,71,58,
32766,7458,2401,74,83,
32766,7445,2409,83,67,
32766,7470,2415,78,47,
32766,7434,2408,59,104,
32766,7454,2421,90,40,
32766,7445,2420,95,26,
32766,7432,2415,106,70,
32766,7452,2410,55,72,
32766,7435,2389,69,37,
32766,7444,2427,118,33,
32766,7444,2411,79,57,
32766,7448,2412,67,60,
32766,7459,2417,88,60,
32766,7447,2395,72,73,
32766,7445,2412,82,76,
32766,7460,2415,82,39,
32766,7453,2400,85,76,
32766,7445,2416,65,81,
32766,7429,2432,82,75,
32766,7469,2410,14,108,
32766,7462,2419,64,72,
32766,7439,2405,88,52,
32766,7461,2408,58,96,
32766,7437,2405,49,89,
32766,7452,2416,86,79,
32766,7455,2405,82,61,
32766,7443,2413,80,73,
32766,7448,2414,98,88,
32766,7452,2413,81,74,
32766,7443,2403,93,67,
32766,7438,2388,77,94,
32766,7457,2422,86,88,
32766,7459,2415,69,51,
32766,7444,2409,67,66,
32766,7490,2403,115,59,
32766,7460,2386,77,85,
32766,7450,2422,85,45,
32766,7477,2415,68,79,
32766,7468,2427,89,111,
32766,7452,2414,56,79,
32766,7462,2425,54,76,
32766,7456,2413,73,69,
32766,7458,2425,66,63,
32766,7440,2424,73,77,
32766,7458,2415,61,54,
32766,7450,2396,74,78,
32766,7445,2413,64,72,
32766,7438,2405,78,56,
32766,7440,2429,64,59,
32766,7453,2408,89,57,
32766,7438,2382,113,70,
32766,7438,2409,56,78,
32766,7447,2404,66,52,
32766,7454,2395,73,59,
32766,7448,2411,53,76,
32766,7422,2409,68,40,
32766,7447,2418,61,60,
32766,7445,2396,96,48,
32766,7452,2407,76,55,
32766,7451,2403,60,53,
32766,7436,2423,90,65,
32766,7437,2407,94,85,
32766,7443,2395,63,57,
32766,7446,2395,94,89,
32766,7448,2409,105,56,
32766,7454,2413,78,60,
32766,7441,2402,79,66,
32766,7446,2421,97,76,
32766,7454,2407,61,43,
32766,7442,2418,110,62,
32766,7458,2399,77,32,
32766,7455,2422,80,63,
32766,7458,2400,81,49,
32766,7452,2407,74,73,
32766,7459,2406,65,67,
32766,7468,2422,89,64,
32766,7458,2408,68,67,
32766,7457,2437,82,70,
32766,7467,2414,96,77,
32766,7467,2393,74,58,
32766,7484,2430,44,69,
32766,7464,2417,83,73,
32766,7464,2419,97,43,
32766,7454,2403,102,60,
32766,7455,2420,51,52,
32766,7443,2421,96,47,
32766,7452,2418,73,72,
32766,7458,2420,84,69,
32766,7471,2423,53,71,
32766,7484,2415,69,41,
32766,7476,2410,67,86,
32766,7464,2400,95,49,
32766,7456,2423,82,75,
32766,7466,2420,66,71,
32766,7454,2437,78,47,
32766,7454,2439,85,75,
32766,7463,2415,147,0,
32766,7470,2407,67,68,
32766,7452,2414,56,86,
32766,7460,2407,92,22,
32766,7444,2405,64,68,
32766,7464,2416,57,72,
32766,7460,2400,81,66,
32766,7456,2428,86,64,
32766,7454,2413,78,59,
32766,7446,2413,64,51,
32766,7456,2404,95,79,
32766,7455,2412,89,95,
32766,7448,2418,99,65,
32766,7453,2390,73,55,
32766,7447,2408,43,106,
32766,7493,2396,70,76,
32766,7445,2399,86,63,
32766,7436,2416,82,98,
32766,7469,2411,101,96,
32766,7448,2402,68,94,
32766,7438,2415,74,64,
32766,7444,2407,80,53,
32766,7435,2419,78,48,
32766,7443,2418,66,84,
32766,7448,2407,83,58,
32766,7452,2413,75,74,
32766,7448,2416,71,67,
32766,7441,2414,83,46,
32766,7445,2420,62,73,
32766,7458,2415,45,87,
32766,7441,2404,81,84,
32766,7447,2405,80,60,
32766,7432,2386,66,37,
32766,7429,2420,49,70,
32766,7429,2396,59,63,
32766,7439,2402,99,74,
32766,7443,2423,74,71,
32766,7442,2421,76,61,
32766,7441,2407,64,76,
32766,7452,2410,72,75,
32766,7454,2405,63,82,
32766,7462,2406,69,66,
32766,7453,2399,61,44,
32766,7458,2408,112,21,
32766,7470,2400,52,92,
32766,7438,2413,104,83,
32766,7436,2408,87,67,
32766,7430,2438,77,68,
32766,7447,2371,60,44,
32766,7427,2405,59,87,
32766,7446,2410,73,92,
32766,7444,2419,88,92,
32766,7445,2408,87,46,
32766,7453,2400,84,55,
32766,7441,2424,64,69,
32766,7451,2423,68,70,
32766,7447,2408,76,50,
32766,7432,2397,104,86,
32766,7442,2446,38,94,
32766,7438,2405,53,85,
32766,7459,2391,93,64,
32766,7466,2399,73,54,
32766,7453,2425,39,94,
32766,7469,2406,84,83,
32766,7456,2428,82,103,
32766,7455,2405,68,42,
32766,7449,2405,75,78,
32766,7443,2405,71,68,
32766,7443,2423,71,68,
32766,7435,2401,75,69,
32766,7436,2407,90,76,
32766,7424,2404,69,68,
32766,7453,2410,83,55,
32766,7434,2419,82,76,
32766,7443,2425,87,72,
32766,7433,2421,64,72,
32766,7446,2399,62,65,
32766,7438,2408,89,61,
32766,7429,2425,82,105,
32766,7432,2416,90,102,
32766,7441,2412,59,60,
32766,7439,2408,76,60,
32766,7437,2420,55,73,
32766,7425,2401,81,75,
32766,7432,2398,69,57,
32766,7429,2407,57,82,
32766,7446,2390,82,62,
32766,7437,2410,92,55,
32766,7420,2430,79,38,
32766,7417,2408,80,54,
32766,7429,2395,69,90,
32766,7451,2383,90,67,
32766,7434,2428,83,92,
32766,7435,2405,75,85,
32766,7434,2430,85,73,
32766,7444,2410,91,48,
32766,7421,2407,53,64,
32766,7460,2412,78,52,
32766,7441,2413,65,50,
32766,7440,2408,66,73,
32766,7434,2404,75,56,
32766,7427,2406,75,64,
32766,7433,2367,87,96,
32766,7439,2416,101,55,
32766,7457,2398,82,30,
32766,7442,2421,78,64,
32766,7478,2402,77,45,
32766,7442,2411,100,81,
32766,7425,2422,79,56,
32766,7431,2403,53,100,
32766,7435,2407,84,65,
32766,7435,2404,64,91,
32766,7463,2402,64,52,
32766,7448,2405,73,82,
32766,7450,2408,66,59,
32766,7442,2411,80,71,
32766,7437,2409,80,90,
32766,7464,2399,72,68,
32766,7435,2407,105,65,
32766,7450,2406,50,86,
32766,7440,2407,67,81,
32766,7448,2416,54,86,
32766,7443,2421,76,112,
32766,7464,2409,101,80,
32766,7465,2401,91,76,
32766,7464,2404,79,57,
32766,7454,2420,59,80,
32766,7459,2401,68,73,
32766,7454,2406,57,78,
32766,7463,2424,85,64,
32766,7447,2408,79,72,
32766,7459,2410,90,45,
32766,7465,2405,69,63,
32766,7462,2407,72,86,
32766,7471,2433,77,65,
32766,7466,2430,80,61,
32766,7452,2402,79,65,
32766,7438,2416,57,46,
32766,7436,2415,74,78,
32766,7473,2406,77,64,
32766,7451,2412,64,65,
32766,7470,2416,81,80,
32766,7464,2414,99,49,
32766,7468,2406,76,75,
32766,7470,2411,79,76,
32766,7463,2394,67,62,
32766,7480,2409,70,75,
32766,7469,2422,76,49,
32766,7455,2430,74,60,
32766,7459,2426,42,68,
32766,7457,2428,88,40,
32766,7463,2410,64,63,
32766,7457,2430,107,72,
32766,7443,2426,96,91,
32766,7447,2413,79,51,
32766,7465,2397,97,65,
32766,7450,2419,82,76,
32766,7461,2405,94,65,
32766,7467,2412,72,69,
32766,7453,2419,81,70,
32766,7453,2417,74,84,
32766,7472,2407,75,65,
32766,7457,2394,84,71,
32766,7470,2412,85,51,
32766,7474,2392,71,66,
32766,7448,2430,84,93,
32766,7457,2397,60,90,
32766,7442,2391,92,41,
32766,7477,2390,57,1,
32766,7432,2423,64,70,
32766,7456,2411,74,42,
32766,7444,2413,71,68,
32766,7457,2407,79,74,
32766,7453,2402,84,75,
32766,7469,2407,83,33,
32766,7456,2406,84,51,
32766,7423,2419,71,71,
32766,7446,2413,78,98,
32766,7445,2398,95,46,
32766,7446,2404,81,16,
32766,7428,2417,63,60,
32766,7444,2399,81,46,
32766,7438,2394,49,64,
32766,7451,2401,89,75,
32766,7425,2416,60,69,
32766,7454,2400,82,65,
32766,7447,2405,71,70,
32766,7438,2406,73,59,
32766,7428,2421,69,72,
32766,7432,2397,81,72,
32766,7439,2409,85,79,
32766,7452,2409,71,66,
32766,7449,2411,106,56,
32766,7442,2379,109,68,
32766,7456,2375,79,49,
32766,7447,2403,93,77,
32766,7435,2397,64,43,
32766,7456,2377,68,93,
32766,7408,2428,99,62,
32766,7449,2390,112,58,
32766,7455,2405,83,58,
32766,7451,2406,80,66,
32766,7428,2410,90,50,
32766,7451,2413,91,57,
32766,7461,2420,67,75,
32766,7426,2399,78,78,
32766,7433,2399,74,82,
32766,7415,2405,96,77,
32766,7441,2398,131,38,
32766,7437,2413,85,43,
32766,7457,2394,89,26,
32766,7459,2420,64,65,
32766,7459,2404,75,55,
32766,7438,2403,65,53,
32766,7441,2384,103,42,
32766,7459,2403,87,66,
32766,7468,2412,51,63,
32766,7459,2408,77,60,
32766,7453,2421,82,71,
32766,7425,2397,91,78,
32766,7464,2405,52,72,
32766,7447,2406,88,73,
32766,7433,2428,59,51,
32766,7492,2414,71,62,
32766,7444,2413,27,83,
32766,7463,2419,81,87,
32766,7466,2401,54,70,
32766,7431,2414,96,39,
32766,7425,2420,83,48,
32766,7460,2410,80,76,
32766,7448,2404,67,68,
32766,7461,2397,72,63,
32766,7468,2418,71,67,
32766,7463,2426,69,67,
32766,7463,2421,72,60,
32766,7469,2413,72,57,
32766,7450,2413,62,78,
32766,7468,2432,84,54,
32766,7461,2400,72,55,
32766,7480,2389,66,50,
32766,7443,2397,47,104,
32766,7451,2404,68,62,
32766,7470,2406,64,46,
32766,7460,2406,92,65,
32766,7456,2415,82,66,
32766,7469,2398,78,77,
32766,7457,2401,87,73,
32766,7449,2416,74,75,
32766,7451,2409,81,53,
32766,7454,2405,70,49,
32766,7451,2428,88,65,
32766,7446,2413,78,47,
32766,7448,2414,86,70,
32766,7458,2424,49,81,
32766,7468,2413,73,49,
32766,7491,2416,85,45,
32766,7433,2418,67,56,
32766,7437,2399,81,85,
32766,7444,2430,94,77,
32766,7461,2398,55,52,
32766,7451,2408,63,63,
32766,7452,2408,51,84,
32766,7440,2414,76,64,
32766,7450,2400,62,77,
32766,7467,2409,83,50,
32766,7440,2415,64,79,
32766,7448,2416,74,75,
32766,7441,2410,66,89,
32766,7437,2406,54,91,
32766,7451,2402,88,52,
32766,7438,2434,57,73,
32766,7447,2409,64,70,
32766,7434,2411,79,49,
32766,7437,2429,51,98,
32766,7429,2405,103,73,
32766,7449,2403,68,69,
32766,7433,2407,77,70,
32766,7466,2420,65,60,
32766,7441,2416,80,76,
32766,7442,2409,67,84,
32766,7461,2428,85,74,
32766,7472,2397,85,71,
32766,7462,2402,73,80,
32766,7463,2409,110,45,
32766,7464,2404,82,113,
32766,7485,2407,90,87,
32766,7468,2396,89,59,
32766,7464,2402,99,62,
32766,7473,2419,74,66,
32766,7457,2414,53,72,
32766,7471,2401,91,66,
32766,7457,2423,85,88,
32766,7456,2412,87,65,
32766,7446,2417,71,57,
32766,7457,2408,54,45,
32766,7453,2412,56,52,
32766,7473,2402,88,47,
32766,7466,2405,89,65,
32766,7443,2425,69,70,
32766,7455,2424,51,67,
32766,7431,2406,87,59,
32766,7425,2404,79,61,
32766,7444,2393,98,51,
32766,7419,2428,122,96,
32766,7448,2421,77,60,
32766,7465,2395,80,68,
32766,7441,2393,72,92,
32766,7443,2406,80,64,
32766,7430,2410,57,59,
32766,7453,2384,70,67,
32766,7454,2403,63,65,
32766,7445,2415,81,47,
32766,7456,2421,79,61,
32766,7424,2411,72,69,
32766,7450,2417,79,64,
32766,7462,2404,72,94,
32766,7452,2398,82,38,
32766,7454,2396,95,38,
32766,7412,2434,109,26,
32766,7441,2396,89,63,
32766,7445,2420,60,52,
32766,7437,2404,65,83,
32766,7444,2406,85,44,
32766,7441,2400,69,64,
32766,7428,2401,45,55,
32766,7441,2420,74,61,
32766,7446,2402,83,72,
32766,7448,2416,57,58,
32766,7463,2376,42,80,
32766,7418,2420,97,82,
32766,7443,2410,49,47,
32766,7449,2415,66,63,
32766,7432,2400,60,34,
32766,7446,2414,74,55,
32766,7448,2392,82,62,
32766,7442,2398,81,60,
32766,7443,2425,106,53,
32766,7428,2415,68,63,
32766,7438,2407,61,72,
32766,7443,2415,70,69,
32766,7433,2396,94,72,
32766,7443,2410,87,56,
32766,7433,2412,87,54,
32766,7439,2401,79,60,
32766,7413,2402,101,60,
32766,7450,2375,80,52,
32766,7426,2407,85,73,
32766,7436,2415,58,96,
32766,7418,2407,47,21,
32766,7447,2391,53,53,
32766,7435,2388,55,55,
32766,7445,2400,77,73,
32766,7442,2417,75,65,
32766,7437,2402,63,66,
32766,7451,2414,64,81,
32766,7446,2403,78,65,
32766,7446,2402,87,59,
32766,7452,2417,64,44,
32766,7450,2438,62,75,
32766,7433,2409,80,77,
32766,7441,2388,71,62,
32766,7464,2412,95,69,
32766,7442,2390,49,83,
32766,7438,2420,60,59,
32766,7427,2399,94,70,
32766,7451,2398,66,69,
32766,7442,2404,75,63,
32766,7432,2410,96,66,
32766,7443,2405,90,59,
32766,7441,2411,79,71,
32766,7427,2410,69,51,
32766,7441,2411,71,61,
32766,7432,2387,87,80,
32766,7429,2432,69,74,
32766,7462,2419,117,34,
32766,7432,2409,85,88,
32766,7428,2415,85,71,
32766,7450,2405,96,58,
32766,7448,2381,32,79,
32766,7462,2419,85,88,
32766,7452,2395,81,73,
32766,7432,2402,79,90,
32766,7436,2387,73,64,
32766,7424,2403,71,80,
32766,7432,2403,89,83,
32766,7435,2397,107,61,
32766,7430,2394,82,59,
32766,7450,2429,72,54,
32766,7446,2401,53,74,
32766,7422,2403,66,70,
32766,7432,2411,114,65,
32766,7432,2416,81,27,
32766,7445,2391,105,63,
32766,7409,2410,96,38,
32766,7465,2407,72,132,
32766,7431,2405,83,75,
32766,7433,2419,75,76,
32766,7419,2404,75,66,
32766,7431,2397,85,59,
32766,7427,2399,79,70,
32766,7418,2406,63,80,
32766,7421,2398,68,81,
32766,7420,2400,77,68,
32766,7428,2413,67,84,
32766,7416,2380,74,108,
32766,7425,2400,85,100,
32766,7433,2398,57,47,
32766,7431,2410,90,69,
32766,7455,2376,65,80,
32766,7434,2404,99,64,
32766,7428,2395,86,88,
32766,7420,2390,58,58,
32766,7446,2396,74,76,
32766,7420,2396,75,65,
32766,7419,2398,55,63,
32766,7425,2394,73,47,
32766,7440,2400,78,78,
32766,7439,2400,50,91,
32766,7430,2426,71,88,
32766,7423,2380,74,57,
32766,7444,2406,74,61,
32766,7405,2407,74,40,
32766,7436,2405,72,78,
32766,7452,2398,97,76,
32766,7425,2387,75,55,
32766,7401,2395,88,55,
32766,7430,2411,83,65,
32766,7440,2399,84,58,
32766,7416,2394,65,72,
32766,7432,2393,79,65,
32766,7449,2419,57,77,
32766,7419,2397,65,71,
32766,7433,2427,72,57,
32766,7424,2386,101,78,
32766,7401,2446,80,70,
32766,7448,2396,81,46,
32766,7433,2391,56,89,
32766,7433,2412,76,67,
32766,7440,2397,65,87,
32766,7447,2393,77,38,
32766,7433,2416,68,60,
32766,7434,2392,84,77,
32766,7444,2394,71,81,
32766,7436,2393,73,88,
32766,7415,2398,105,86,
32766,7446,2407,62,64,
32766,7434,2403,86,66,
32766,7443,2398,84,60,
32766,7428,2404,102,67,
32766,7422,2413,57,82,
32766,7439,2396,68,55,
32766,7435,2388,80,40,
32766,7429,2408,65,83,
32766,7434,2388,37,74,
32766,7399,2391,74,42,
32766,7416,2379,108,51,
32766,7433,2398,76,65,
32766,7435,2404,68,67,
32766,7441,2407,58,85,
32766,7439,2421,51,69,
32766,7445,2409,102,63,
32766,7432,2391,84,88,
32766,7430,2390,95,78,
32766,7429,2400,33,58,
32766,7427,2415,44,57,
32766,7450,2383,73,77,
32766,7432,2423,103,67,
32766,7440,2394,66,57,
32766,7427,2391,90,14,
32766,7428,2420,60,98,
32766,7433,2397,87,79,
32766,7433,2398,55,77,
32766,7432,2397,51,68,
32766,7441,2402,74,84,
32766,7438,2407,59,62,
32766,7432,2402,76,69,
32766,7444,2408,71,71,
32766,7431,2405,106,68,
32766,7440,2395,98,51,
32766,7424,2431,39,80,
32766,7467,2379,101,66,
32766,7440,2407,59,78,
32766,7433,2418,69,93,
32766,7453,2388,69,47,
32766,7464,2391,36,103,
32766,7454,2402,57,66,
32766,7442,2393,62,73,
32766,7454,2402,89,79,
32766,7431,2407,79,65,
32766,7444,2383,91,74,
32766,7427,2413,63,68,
32766,7441,2396,82,66,
32766,7445,2399,97,69,
32766,7450,2418,109,58,
32766,7446,2383,63,47,
32766,7432,2396,108,28,
32766,7436,2399,81,41,
32766,7408,2420,57,74,
32766,7429,2402,70,89,
32766,7452,2426,108,125,
32766,7437,2417,102,72,
32766,7426,2416,70,82,
32766,7442,2412,72,62,
32766,7452,2416,68,61,
32766,7446,2403,57,68,
32766,7446,2399,53,68,
32766,7438,2400,70,71,
32766,7446,2400,72,63,
32766,7446,2413,101,72,
32766,7438,2402,86,86,
32766,7455,2380,71,82,
32766,7414,2382,76,73,
32766,7440,2390,57,91,
32766,7442,2374,32,74,
32766,7437,2419,84,108,
32766,7431,2405,79,47,
32766,7444,2409,91,41,
32766,7441,2399,78,65,
32766,7451,2388,72,73,
32766,7447,2395,81,76,
32766,7455,2402,68,69,
32766,7447,2419,72,90,
32766,7453,2416,77,57,
32766,7462,2396,102,60,
32766,7443,2386,84,74,
32766,7436,2404,113,68,
32766,7431,2393,70,102,
32766,7460,2392,64,52,
32766,7445,2417,58,82,
32766,7462,2436,83,115,
32766,7434,2406,103,66,
32766,7445,2411,77,70,
32766,7450,2398,79,60,
32766,7447,2410,90,48,
32766,7452,2393,77,63,
32766,7444,2418,61,75,
32766,7440,2400,69,67,
32766,7450,2409,67,68,
32766,7439,2399,98,70,
32766,7464,2383,63,49,
32766,7451,2398,89,80,
32766,7471,2402,90,39,
32766,7442,2397,81,33,
32766,7449,2426,111,57,
32766,7441,2400,99,59,
32766,7455,2403,67,60,
32766,7429,2399,81,67,
32766,7449,2399,86,66,
32766,7442,2398,63,78,
32766,7444,2393,69,63,
32766,7433,2399,70,72,
32766,7443,2417,75,62,
32766,7445,2407,54,69,
32766,7442,2398,76,73,
32766,7441,2419,94,44,
32766,7446,2383,55,67,
32766,7453,2416,67,85,
32766,7457,2413,84,49,
32766,7426,2393,99,53,
32766,7441,2414,47,78,
32766,7448,2387,99,82,
32766,7446,2407,80,51,
32766,7452,2402,58,72,
32766,7444,2425,58,67,
32766,7440,2403,69,76,
32766,7444,2404,77,46,
32766,7438,2393,92,64,
32766,7446,2397,65,57,
32766,7440,2412,80,92,
32766,7451,2414,58,63,
32766,7454,2402,67,114,
32766,7452,2408,27,57,
32766,7443,2410,58,81,
32766,7462,2409,47,96,
32766,7445,2454,108,79,
32766,7464,2392,70,88,
32766,7462,2426,92,49,
32766,7468,2401,69,64,
32766,7453,2401,88,67,
32766,7467,2409,84,70,
32766,7452,2418,61,53,
32766,7454,2416,73,82,
32766,7466,2417,75,58,
32766,7465,2409,81,47,
32766,7462,2415,100,80,
32766,7475,2418,64,49,
32766,7490,2410,104,89,
32766,7473,2403,62,77,
32766,7470,2397,82,23,
32766,7475,2417,60,94,
32766,7475,2406,105,82,
32766,7456,2406,59,88,
32766,7475,2413,81,65,
32766,7489,2413,54,76,
32766,7478,2401,87,78,
32766,7490,2410,80,45,
32766,7478,2418,70,61,
32766,7476,2411,72,80,
32766,7467,2427,59,75,
32766,7485,2414,24,78,
32766,7483,2394,68,52,
32766,7493,2385,52,69,
32766,7477,2446,109,58,
32766,7483,2404,75,70,
32766,7465,2423,86,34,
32766,7459,2426,64,63,
32766,7493,2406,82,65,
32766,7459,2413,64,68,
32766,7464,2403,90,24,
32766,7469,2410,70,53,
32766,7466,2405,87,72,
32766,7464,2410,95,88,
32766,7460,2411,92,75,
32766,7452,2410,57,75,
32766,7470,2427,87,97,
32766,7485,2429,81,55,
32766,7465,2411,91,92,
32766,7463,2403,69,55,
32766,7489,2385,77,73,
32766,7464,2392,67,62,
32766,7450,2398,74,72,
32766,7456,2403,69,44,
32766,7446,2413,79,83,
32766,7457,2411,62,70,
32766,7469,2416,80,61,
32766,7450,2403,72,84,
32766,7446,2408,69,66,
32766,7448,2412,81,72,
32766,7462,2398,66,59,
32766,7458,2411,64,53,
32766,7465,2407,67,55,
32766,7475,2393,91,66,
32766,7443,2405,57,53,
32766,7460,2413,100,70,
32766,7469,2416,78,112,
32766,7472,2416,77,91,
32766,7484,2426,61,74,
32766,7452,2409,88,82,
32766,7469,2406,78,75,
32766,7463,2407,74,62,
32766,7467,2409,84,43,
32766,7465,2410,85,56,
32766,7453,2402,63,59,
32766,7447,2408,69,66,
32766,7463,2412,76,48,
32766,7435,2409,70,68,
32766,7435,2417,74,54,
32766,7451,2395,62,69,
32766,7479,2383,55,68,
32766,7468,2405,50,48,
32766,7478,2408,67,91,
32766,7462,2392,69,70,
32766,7460,2413,71,73,
32766,7464,2399,69,73,
32766,7469,2398,82,90,
32766,7462,2413,97,73,
32766,7469,2415,85,77,
32766,7461,2422,80,68,
32766,7447,2410,84,67,
32766,7460,2404,90,50,
32766,7446,2437,45,87,
32766,7448,2389,69,72,
32766,7498,2404,40,87,
32766,7454,2414,89,72,
32766,7456,2422,90,51,
32766,7442,2412,39,58,
32766,7463,2401,105,50,
32766,7466,2415,76,53,
32766,7473,2410,59,75,
32766,7480,2411,66,69,
32766,7449,2412,68,75,
32766,7465,2415,84,74,
32766,7463,2405,82,77,
32766,7455,2413,77,68,
32766,7472,2419,59,58,
32766,7437,2392,77,93,
32766,7472,2377,69,63,
32766,7463,2402,55,62,
32766,7460,2422,56,57,
32766,7468,2424,90,63,
32766,7454,2430,67,98,
32766,7457,2455,66,80,
32766,7462,2411,67,68,
32766,7455,2411,78,51,
32766,7464,2415,63,78,
32766,7451,2413,72,76,
32766,7455,2397,69,74,
32766,7453,2398,76,81,
32766,7470,2427,62,62,
32766,7440,2420,83,74,
32766,7445,2385,76,88,
32766,7440,2422,78,84,
32766,7456,2398,80,106,
32766,7467,2411,69,89,
32766,7469,2394,55,77,
32766,7458,2412,71,81,
32766,7463,2416,80,53,
32766,7462,2415,79,69,
32766,7468,2405,75,79,
32766,7449,2406,58,72,
32766,7456,2418,73,63,
32766,7453,2405,53,51,
32766,7464,2415,64,67,
32766,7457,2410,82,78,
32766,7474,2410,68,62,
32766,7438,2431,78,48,
32766,7474,2398,28,92,
32766,7463,2418,77,87,
32766,7465,2413,73,92,
32766,7442,2419,89,52,
32766,7463,2382,70,47,
32766,7433,2423,107,67,
32766,7445,2394,68,86,
32766,7472,2404,73,56,
32766,7458,2416,78,61,
32766,7467,2403,56,61,
32766,7453,2408,54,63,
32766,7461,2416,64,69,
32766,7475,2404,72,64,
32766,7457,2413,52,74,
32766,7455,2411,66,77,
32766,7497,2409,68,69,
32766,7462,2422,66,74,
32766,7473,2390,62,59,
32766,7453,2401,59,55,
32766,7436,2440,87,69,
32766,7445,2429,57,68,
32766,7461,2403,91,55,
32766,7463,2404,62,78,
32766,7460,2405,72,59,
32766,7467,2411,57,55,
32766,7460,2415,65,66,
32766,7465,2409,67,81,
32766,7469,2408,61,54,
32766,7456,2415,92,74,
32766,7453,2393,65,68,
32766,7467,2426,36,90,
32766,7454,2424,93,44,
32766,7474,2405,95,56,
32766,7468,2419,72,79,
32766,7462,2418,68,97,
32766,7479,2413,79,86,
32766,7461,2404,81,74,
32766,7465,2406,74,68,
32766,7468,2401,62,73,
32766,7456,2400,79,66,
32766,7473,2417,84,76,
32766,7459,2415,89,68,
32766,7475,2398,86,60,
32766,7471,2425,78,77,
32766,7462,2406,113,96,
32766,7479,2428,63,72,
32766,7480,2416,116,60,
32766,7463,2423,58,70,
32766,7474,2420,71,77,
32766,7466,2429,108,108,
32766,7476,2433,77,71,
32766,7470,2402,93,63,
32766,7457,2412,73,58,
32766,7478,2412,72,68,
32766,7479,2413,101,79,
32766,7472,2409,92,55,
32766,7476,2409,81,49,
32766,7488,2383,87,81,
32766,7478,2426,40,68,
32766,7486,2415,49,58,
32766,7489,2413,92,33,
32766,7488,2418,72,81,
32766,7477,2416,73,68,
32766,7485,2405,75,50,
32766,7499,2412,68,40,
32766,7470,2393,80,36,
32766,7470,2412,89,65,
32766,7488,2408,75,67,
32766,7485,2405,60,73,
32766,7474,2414,74,81,
32766,7487,2405,83,79,
32766,7488,2406,61,74,
32766,7485,2421,76,74,
32766,7493,2402,66,90,
32766,7476,2425,65,71,
32766,7486,2411,104,70,
32766,7500,2432,57,87,
32766,7445,2421,84,60,
32766,7478,2425,86,72,
32766,7497,2417,82,81,
32766,7472,2410,85,16,
32766,7463,2414,74,75,
32766,7481,2415,83,71,
32766,7484,2408,60,48,
32766,7480,2402,78,69,
32766,7475,2415,71,86,
32766,7483,2421,80,79,
32766,7476,2424,75,73,
32766,7478,2413,80,82,
32766,7480,2424,71,55,
32766,7501,2396,65,75,
32766,7502,2387,56,129,
32766,7470,2419,88,80,
32766,7483,2399,71,72,
32766,7470,2376,60,46,
32766,7474,2390,79,42,
32766,7462,2425,83,72,
32766,7484,2413,70,43,
32766,7456,2417,95,54,
32766,7480,2406,70,69,
32766,7469,2413,76,64,
32766,7479,2409,74,86,
32766,7474,2405,74,51,
32766,7469,2424,81,77,
32766,7456,2420,90,48,
32766,7475,2399,84,76,
32766,7465,2414,94,70,
32766,7497,2401,69,53,
32766,7470,2424,100,61,
32766,7473,2427,80,50,
32766,7488,2380,110,56,
32766,7470,2414,54,104,
32766,7470,2419,77,67,
32766,7476,2416,61,64,
32766,7481,2410,90,72,
32766,7469,2408,46,78,
32766,7476,2421,77,61,
32766,7473,2403,71,77,
32766,7467,2411,89,66,
32766,7469,2389,82,47,
32766,7444,2408,46,64,
32766,7502,2398,59,48,
32766,7470,2444,90,60,
32766,7475,2418,78,62,
32766,7472,2393,84,52,
32766,7484,2421,102,98,
32766,7478,2417,62,92,
32766,7480,2419,114,55,
32766,7480,2416,54,77,
32766,7455,2408,53,73,
32766,7475,2410,86,55,
32766,7489,2413,93,46,
32766,7474,2409,72,67,
32766,7478,2401,66,66,
32766,7471,2431,62,78,
32766,7480,2401,92,56,
32766,7490,2377,81,44,
32766,7476,2401,90,45,
32766,7489,2412,90,95,
32766,7489,2419,117,65,
32766,7500,2416,71,98,
32766,7511,2404,80,112,
32766,7504,2411,77,44,
32766,7471,2424,74,65,
32766,7491,2425,85,64,
32766,7474,2423,69,67,
32766,7467,2412,94,65,
32766,7476,2428,80,65,
32766,7480,2413,87,79,
32766,7484,2388,90,66,
32766,7467,2413,106,56,
32766,7500,2418,38,85,
32766,7477,2418,107,57,
32766,7483,2397,62,70,
32766,7476,2412,50,36,
32766,7504,2396,85,57,
32766,7494,2400,72,72,
32766,7484,2430,93,75,
32766,7487,2430,71,61,
32766,7477,2420,65,69,
32766,7489,2404,61,91,
32766,7481,2413,89,60,
32766,7489,2419,81,86,
32766,7487,2405,70,74,
32766,7476,2426,60,83,
32766,7497,2398,52,63,
32766,7488,2402,46,90,
32766,7482,2431,95,44,
32766,7489,2416,51,42,
32766,7476,2416,115,57,
32766,7492,2412,97,59,
32766,7485,2424,63,61,
32766,7468,2441,70,82,
32766,7477,2423,80,64,
32766,7496,2408,85,38,
32766,7474,2417,74,59,
32766,7486,2417,63,64,
32766,7482,2417,98,61,
32766,7486,2417,93,73,
32766,7496,2415,89,65,
32766,7480,2415,63,62,
32766,7483,2419,24,80,
32766,7472,2407,56,88,
32766,7472,2412,77,63,
32766,7478,2424,85,90,
32766,7467,2418,69,65,
32766,7476,2406,76,79,
32766,7481,2419,69,77,
32766,7479,2415,71,83,
32766,7482,2420,71,70,
32766,7483,2416,72,71,
32766,7485,2418,84,83,
32766,7480,2427,67,76,
32766,7470,2427,75,74,
32766,7475,2409,103,71,
32766,7476,2419,48,46,
32766,7452,2414,106,28,
32766,7484,2405,63,75,
32766,7485,2422,78,87,
32766,7478,2418,60,55,
32766,7481,2388,61,51,
32766,7477,2425,71,66,
32766,7467,2400,75,53,
32766,7467,2414,67,62,
32766,7463,2405,73,72,
32766,7491,2420,63,74,
32766,7484,2419,67,76,
32766,7474,2414,77,79,
32766,7490,2418,62,74,
32766,7482,2413,98,89,
32766,7485,2417,114,29,
32766,7489,2427,76,81,
32766,7498,2398,85,76,
32766,7470,2445,60,67,
32766,7484,2417,75,97,
32766,7468,2414,53,82,
32766,7514,2418,85,95,
32766,7490,2423,69,57,
32766,7471,2417,75,71,
32766,7489,2422,77,80,
32766,7480,2424,70,78,
32766,7491,2415,86,76,
32766,7488,2405,62,67,
32766,7498,2411,78,70,
32766,7490,2415,71,66,
32766,7510,2427,67,27,
32766,7493,2408,65,82,
32766,7510,2406,60,68,
32766,7487,2402,114,65,
32766,7472,2416,69,72,
32766,7492,2424,87,83,
32766,7481,2402,81,58,
32766,7487,2419,60,88,
32766,7493,2430,84,69,
32766,7488,2429,99,84,
32766,7482,2424,67,60,
32766,7491,2421,88,60,
32766,7486,2417,83,94,
32766,7489,2425,64,50,
32766,7483,2408,95,64,
32766,7474,2415,65,84,
32766,7460,2416,67,87,
32766,7489,2436,84,86,
32766,7487,2403,91,52,
32766,7492,2426,87,65,
32766,7493,2403,96,59,
32766,7487,2419,95,118,
32766,7495,2394,84,32,
32766,7472,2433,87,70,
32766,7499,2423,83,65,
32766,7477,2415,58,90,
32766,7481,2421,70,67,
32766,7495,2426,87,44,
32766,7496,2411,59,66,
32766,7480,2426,60,57,
32766,7480,2421,77,92,
32766,7491,2408,72,34,
32766,7477,2409,49,42,
32766,7504,2434,66,106,
32766,7488,2409,54,90,
32766,7497,2409,121,60,
32766,7490,2404,56,89,
32766,7502,2426,84,89,
32766,7479,2409,90,76,
32766,7494,2413,88,81,
32766,7476,2411,76,80,
32766,7479,2418,64,74,
32766,7489,2412,72,66,
32766,7486,2414,82,80,
32766,7484,2402,76,85,
32766,7497,2417,96,78,
32766,7494,2413,78,69,
32766,7493,2408,90,74,
32766,7503,2452,72,66,
32766,7503,2405,60,72,
32766,7501,2417,76,86,
32766,7500,2412,45,87,
32766,7482,2419,85,54,
32766,7494,2415,75,53,
32766,7499,2419,75,82,
32766,7486,2421,72,71,
32766,7489,2413,83,60,
32766,7484,2411,91,61,
32766,7482,2418,84,83,
32766,7496,2407,92,41,
32766,7497,2423,84,67,
32766,7511,2416,46,82,
32766,7518,2395,24,76,
32766,7492,2411,83,78,
32766,7493,2413,79,68,
32766,7485,2419,61,59,
32766,7481,2404,142,71,
32766,7499,2403,94,82,
32766,7484,2421,72,68,
32766,7484,2419,97,49,
32766,7475,2420,84,76,
32766,7485,2410,64,81,
32766,7505,2417,74,89,
32766,7498,2422,100,37,
32766,7493,2416,95,81,
32766,7503,2409,87,44,
32766,7515,2425,63,60,
32766,7531,2409,75,36,
32766,7511,2406,88,75,
32766,7483,2410,76,60,
32766,7510,2426,58,64,
32766,7493,2429,77,73,
32766,7503,2452,103,89,
32766,7499,2414,75,75,
32766,7485,2415,87,69,
32766,7475,2398,62,54,
32766,7499,2433,72,76,
32766,7493,2425,58,71,
32766,7494,2418,95,76,
32766,7486,2409,70,64,
32766,7493,2428,81,57,
32766,7489,2400,89,54,
32766,7488,2413,58,39,
32766,7502,2431,90,88,
32766,7500,2423,69,65,
32766,7505,2410,49,85,
32766,7477,2406,58,59,
32766,7503,2424,68,52,
32766,7510,2419,69,74,
32766,7485,2415,68,67,
32766,7495,2422,76,48,
32766,7500,2420,64,74,
32766,7483,2423,85,79,
32766,7503,2412,85,72,
32766,7496,2419,86,49,
32766,7481,2414,108,56,
32766,7505,2429,61,50,
32766,7500,2415,96,33,
32766,7488,2410,51,85,
32766,7501,2411,56,96,
32766,7518,2408,70,62,
32766,7514,2429,88,64,
32766,7520,2398,84,69,
32766,7507,2432,99,63,
32766,7498,2441,76,71,
32766,7519,2428,71,67,
32766,7496,2419,55,61,
32766,7503,2421,64,67,
32766,7506,2429,78,59,
32766,7511,2412,60,75,
32766,7492,2408,71,65,
32766,7512,2409,85,84,
32766,7517,2412,74,73,
32766,7494,2422,66,73,
32766,7512,2417,91,86,
32766,7507,2415,80,70,
32766,7481,2414,63,70,
32766,7490,2417,78,66,
32766,7497,2404,74,80,
32766,7513,2437,80,51,
32766,7494,2424,70,68,
32766,7501,2409,67,97,
32766,7503,2417,75,63,
32766,7503,2416,62,87,
32766,7503,2412,86,74,
32766,7517,2413,100,66,
32766,7496,2420,107,92,
32766,7508,2436,93,82,
32766,7488,2419,40,104,
32766,7499,2422,97,50,
32766,7507,2409,51,71,
32766,7489,2457,89,70,
32766,7515,2443,102,75,
32766,7506,2424,67,82,
32766,7489,2409,83,81,
32766,7494,2412,69,71,
32766,7503,2425,78,64,
32766,7484,2425,55,68,
32766,7493,2428,67,49,
32766,7490,2406,78,77,
32766,7506,2402,83,60,
32766,7526,2427,84,52,
32766,7499,2412,101,29,
32766,7497,2428,70,75,
32766,7496,2411,90,63,
32766,7495,2388,88,55,
32766,7464,2411,84,56,
32766,7485,2421,93,79,
32766,7487,2407,68,80,
32766,7480,2414,83,62,
32766,7471,2424,76,89,
32766,7497,2423,82,65,
32766,7473,2405,67,93,
32766,7487,2401,81,79,
32766,7472,2413,78,79,
32766,7483,2412,70,77,
32766,7480,2440,66,61,
32766,7486,2428,69,76,
32766,7505,2415,70,67,
32766,7469,2414,113,56,
32766,7498,2403,104,33,
32766,7487,2429,101,68,
32766,7503,2403,101,72,
32766,7485,2401,80,80,
32766,7482,2422,82,53,
32766,7498,2419,91,72,
32766,7508,2430,71,53,
32766,7496,2416,72,55,
32766,7498,2424,54,83,
32766,7485,2412,63,80,
32766,7499,2419,63,66,
32766,7493,2443,95,36,
32766,7493,2401,83,79,
32766,7522,2410,48,87,
32766,7508,2411,59,84,
32766,7498,2422,56,80,
32766,7508,2416,32,109,
32766,7468,2416,52,13,
32766,7490,2426,56,35,
32766,7491,2431,68,47,
32766,7506,2412,69,62,
32766,7478,2424,71,87,
32766,7487,2417,73,63,
32766,7494,2427,77,91,
32766,7491,2416,61,81,
32766,7498,2411,88,88,
32766,7482,2442,51,64,
32766,7497,2439,66,40,
32766,7513,2393,83,50,
32766,7504,2391,86,85,
32766,7499,2403,87,48,
32766,7501,2420,68,29,
32766,7499,2406,53,75,
32766,7478,2411,70,71,
32766,7488,2409,72,70,
32766,7497,2392,88,65,
32766,7500,2421,69,71,
32766,7483,2414,91,54,
32766,7470,2426,77,73,
32766,7492,2407,60,72,
32766,7493,2423,104,57,
32766,7485,2429,94,61,
32766,7490,2437,24,65,
32766,7502,2419,47,73,
32766,7502,2422,120,33,
32766,7489,2421,93,59,
32766,7493,2433,46,81,
32766,7449,2409,50,44,
32766,7504,2419,60,41,
32766,7490,2417,82,61,
32766,7480,2404,77,49,
32766,7467,2425,78,65,
32766,7475,2422,50,93,
32766,7478,2410,68,61,
32766,7492,2408,70,56,
32766,7504,2425,98,70,
32766,7478,2407,82,95,
32766,7492,2435,91,47,
32766,7473,2439,103,73,
32766,7505,2394,66,43,
32766,7473,2419,76,75,
32766,7512,2400,34,94,
32766,7488,2384,84,58,
32766,7480,2404,89,83,
32766,7482,2417,67,85,
32766,7499,2413,68,50,
32766,7484,2416,87,78,
32766,7508,2405,90,79,
32766,7488,2411,64,64,
32766,7490,2424,84,65,
32766,7493,2425,92,48,
32766,7489,2423,71,55,
32766,7470,2414,83,59,
32766,7502,2408,40,101,
32766,7470,2425,82,75,
32766,7477,2422,82,51,
32766,7488,2398,89,51,
32766,7504,2412,57,57,
32766,7510,2393,70,59,
32766,7480,2423,73,78,
32766,7488,2412,73,68,
32766,7479,2421,84,57,
32766,7499,2420,64,68,
32766,7506,2420,71,65,
32766,7491,2418,88,47,
32766,7501,2426,47,68,
32766,7505,2404,65,67,
32766,7485,2399,37,91,
32766,7476,2425,65,73,
32766,7502,2391,108,47,
32766,7491,2418,83,78,
32766,7476,2417,83,72,
32766,7479,2432,141,47,
32766,7473,2432,114,8,
32766,7492,2418,82,66,
32766,7479,2411,72,81,
32766,7492,2417,68,54,
32766,7490,2407,84,74,
32766,7482,2406,76,83,
32766,7498,2424,97,36,
32766,7486,2426,79,71,
32766,7495,2418,61,49,
32766,7509,2397,83,72,
32766,7490,2402,53,48,
32766,7500,2395,102,42,
32766,7512,2394,73,71,
32766,7492,2416,81,46,
32766,7500,2429,86,88,
32766,7475,2413,74,51,
32766,7493,2416,68,84,
32766,7489,2415,86,53,
32766,7493,2413,71,54,
32766,7494,2421,80,55,
32766,7495,2402,67,70,
32766,7489,2414,74,60,
32766,7493,2417,83,55,
32766,7478,2402,65,65,
32766,7470,2415,45,68,
32766,7468,2423,53,93,
32766,7483,2423,67,36,
32766,7486,2418,97,35,
32766,7474,2420,74,72,
32766,7486,2398,73,54,
32766,7499,2414,60,70,
32766,7469,2414,67,54,
32766,7480,2414,94,63,
32766,7482,2428,90,55,
32766,7479,2408,87,64,
32766,7488,2409,68,60,
32766,7483,2408,75,53,
32766,7471,2434,52,46,
32766,7503,2426,82,84,
32766,7493,2407,113,35,
32766,7494,2409,68,61,
32766,7483,2428,105,73,
32766,7483,2408,89,57,
32766,7494,2421,53,54,
32766,7481,2431,143,65,
32766,7506,2433,84,99,
32766,7501,2409,68,84,
32766,7505,2416,85,85,
32766,7503,2422,76,63,
32766,7507,2407,72,74,
32766,7486,2420,58,51,
32766,7492,2419,85,83,
32766,7498,2412,73,74,
32766,7500,2427,69,81,
32766,7524,2420,46,80,
32766,7487,2427,41,96,
32766,7494,2402,86,63,
32766,7503,2416,58,79,
32766,7481,2430,91,39,
32766,7487,2416,87,40,
32766,7515,2394,38,87,
32766,7503,2415,69,72,
32766,7498,2433,71,77,
32766,7506,2425,95,59,
32766,7505,2420,79,63,
32766,7505,2431,75,64,
32766,7503,2418,68,72,
32766,7485,2424,55,75,
32766,7488,2423,77,58,
32766,7495,2414,74,81,
32766,7466,2418,74,50,
32766,7468,2425,63,95,
32766,7520,2398,98,10,
32766,7498,2426,85,62,
32766,7500,2397,115,39,
32766,7498,2398,75,71,
32766,7503,2412,47,76,
32766,7524,2424,81,59,
32766,7502,2415,73,74,
32766,7507,2419,64,71,
32766,7485,2404,78,63,
32766,7499,2422,60,57,
32766,7498,2424,69,65,
32766,7508,2421,72,71,
32766,7502,2432,54,49,
32766,7510,2384,74,94,
32766,7514,2412,91,26,
32766,7507,2391,56,61,
32766,7501,2417,59,86,
32766,7491,2407,69,79,
32766,7494,2417,88,51,
32766,7498,2436,83,37,
32766,7504,2397,90,69,
32766,7501,2436,76,92,
32766,7505,2423,66,85,
32766,7489,2413,84,34,
32766,7504,2413,68,65,
32766,7496,2426,63,73,
32766,7483,2415,81,62,
32766,7494,2417,82,77,
32766,7485,2410,114,102,
32766,7499,2418,93,84,
32766,7499,2404,103,34,
32766,7489,2418,75,61,
32766,7493,2404,109,54,
32766,7481,2398,73,41,
32766,7455,2424,73,57,
32766,7515,2410,76,42,
32766,7492,2423,66,68,
32766,7493,2401,66,55,
32766,7510,2420,79,72,
32766,7488,2405,84,101,
32766,7504,2412,90,102,
32766,7477,2418,85,80,
32766,7505,2411,85,76,
32766,7499,2398,56,103,
32766,7508,2403,43,100,
32766,7515,2412,93,59,
32766,7506,2426,56,73,
32766,7479,2428,70,34,
32766,7489,2432,118,58,
32766,7482,2428,65,69,
32766,7522,2431,83,66,
32766,7491,2406,67,74,
32766,7504,2417,70,81,
32766,7495,2409,71,59,
32766,7496,2409,70,73,
32766,7486,2418,77,57,
32766,7493,2403,83,55,
32766,7498,2432,64,65,
32766,7511,2416,84,80,
32766,7525,2419,80,84,
32766,7508,2430,32,51,
32766,7503,2433,69,59,
32766,7476,2430,88,63,
32766,7512,2407,89,99,
32766,7536,2424,56,116,
32766,7503,2425,45,90,
32766,7494,2412,90,78,
32766,7498,2412,90,59,
32766,7495,2406,70,62,
32766,7490,2408,76,56,
32766,7485,2418,53,59,
32766,7487,2408,63,52,
32766,7508,2422,82,56,
32766,7499,2421,68,102,
32766,7467,2426,87,77,
32766,7495,2411,81,43,
32766,7488,2410,101,55,
32766,7494,2406,80,75,
32766,7474,2409,50,59,
32766,7465,2400,114,38,
32766,7505,2402,83,51,
32766,7487,2410,80,59,
32766,7500,2409,77,72,
32766,7486,2403,84,40,
32766,7493,2408,77,58,
32766,7483,2418,78,66,
32766,7482,2403,74,52,
32766,7506,2404,78,55,
32766,7503,2421,78,61,
32766,7479,2423,80,56,
32766,7497,2403,64,80,
32766,7513,2403,58,87,
32766,7484,2405,86,37,
32766,7467,2416,31,54,
32766,7491,2408,81,45,
32766,7484,2426,93,42,
32766,7488,2407,76,74,
32766,7494,2412,69,61,
32766,7502,2414,86,51,
32766,7487,2410,73,80,
32766,7480,2428,79,62,
32766,7476,2411,78,81,
32766,7490,2419,58,68,
32766,7487,2416,79,68,
32766,7497,2436,77,60,
32766,7486,2428,67,64,
32766,7494,2413,84,69,
32766,7491,2420,78,50,
32766,7513,2406,92,62,
32766,7525,2406,78,68,
32766,7501,2431,84,80,
32766,7485,2411,80,56,
32766,7485,2403,77,57,
32766,7484,2402,73,47,
32766,7488,2405,59,81,
32766,7489,2414,91,68,
32766,7489,2415,75,73,
32766,7498,2401,68,68,
32766,7498,2401,67,102,
32766,7509,2410,83,53,
32766,7475,2429,72,32,
32766,7478,2414,81,95,
32766,7491,2413,77,67,
32766,7514,2405,93,77,
32766,7491,2453,108,88,
32766,7488,2415,56,91,
32766,7498,2423,80,65,
32766,7479,2424,61,67,
32766,7489,2402,80,86,
32766,7488,2422,79,76,
32766,7493,2421,74,72,
32766,7486,2417,74,66,
32766,7498,2398,64,62,
32766,7505,2413,71,45,
32766,7489,2384,102,83,
32766,7493,2388,68,75,
32766,7487,2434,49,105,
32766,7476,2405,78,49,
32766,7505,2407,79,37,
32766,7462,2408,58,42,
32766,7485,2394,68,91,
32766,7498,2413,77,41,
32766,7475,2411,75,35,
32766,7496,2402,75,72,
32766,7471,2410,68,77,
32766,7471,2410,59,50,
32766,7484,2417,89,52,
32766,7490,2402,63,75,
32766,7484,2406,63,104,
32766,7518,2402,92,44,
32766,7515,2384,45,54,
32766,7507,2405,71,69,
32766,7512,2407,72,39,
32766,7489,2396,37,91,
32766,7500,2379,56,44,
32766,7494,2424,68,83,
32766,7503,2407,62,75,
32766,7499,2409,105,63,
32766,7485,2411,86,64,
32766,7490,2401,55,69,
32766,7481,2403,83,77,
32766,7489,2408,70,79,
32766,7484,2415,74,69,
32766,7499,2412,48,41,
32766,7482,2424,88,81,
32766,7478,2432,100,69,
32766,7520,2413,73,123,
32766,7491,2393,72,75,
32766,7491,2405,48,95,
32766,7475,2427,80,49,
32766,7497,2442,68,75,
32766,7490,2411,88,60,
32766,7488,2410,86,58,
32766,7475,2421,90,62,
32766,7486,2416,85,79,
32766,7488,2408,71,56,
32766,7487,2405,95,43,
32766,7487,2402,99,65,
32766,7499,2405,78,75,
32766,7494,2407,44,69,
32766,7471,2415,64,82,
32766,7465,2409,62,93,
32766,7494,2388,67,74,
32766,7480,2413,111,69,
32766,7508,2425,129,79,
32766,7503,2417,64,75,
32766,7503,2424,93,89,
32766,7488,2415,75,72,
32766,7500,2402,58,58,
32766,7481,2402,75,68,
32766,7483,2413,72,80,
32766,7473,2410,80,66,
32766,7488,2402,63,79,
32766,7479,2420,64,64,
32766,7484,2428,55,66,
32766,7508,2410,90,52,
32766,7497,2407,32,81,
32766,7481,2410,85,62,
32766,7487,2401,46,80,
32766,7477,2395,65,46,
32766,7503,2404,16,75,
32766,7490,2387,60,67,
32766,7486,2404,64,73,
32766,7488,2413,87,68,
32766,7479,2423,66,69,
32766,7482,2406,75,67,
32766,7488,2411,88,59,
32766,7488,2411,88,56,
32766,7488,2413,88,76,
32766,7464,2435,64,75,
32766,7494,2397,49,74,
32766,7480,2399,117,49,
32766,7462,2411,56,69,
32766,7491,2420,56,87,
32766,7484,2428,83,64,
32766,7468,2391,67,38,
32766,7472,2396,100,37,
32766,7478,2411,67,72,
32766,7471,2412,72,55,
32766,7478,2411,69,81,
32766,7482,2411,108,68,
32766,7481,2400,87,47,
32766,7491,2423,61,54,
32766,7493,2404,71,67,
32766,7470,2428,102,68,
32766,7463,2429,74,32,
32766,7477,2433,88,49,
32766,7491,2391,60,105,
32766,7479,2412,81,52,
32766,7482,2403,50,33,
32766,7476,2407,68,65,
32766,7469,2426,89,74,
32766,7484,2413,75,75,
32766,7491,2419,62,76,
32766,7474,2410,85,57,
32766,7486,2407,70,50,
32766,7478,2390,70,89,
32766,7508,2416,56,57,
32766,7496,2406,66,85,
32766,7491,2404,73,70,
32766,7467,2402,97,87,
32766,7467,2428,47,57,
32766,7485,2422,50,76,
32766,7491,2417,79,82,
32766,7491,2416,77,68,
32766,7490,2420,92,44,
32766,7461,2426,68,112,
32766,7491,2401,96,34,
32766,7476,2409,55,45,
32766,7475,2401,60,81,
32766,7489,2398,88,84,
32766,7475,2400,75,75,
32766,7484,2415,69,82,
32766,7493,2419,71,62,
32766,7486,2400,65,66,
32766,7499,2427,90,73,
32766,7490,2408,95,81,
32766,7475,2410,76,42,
32766,7486,2416,78,75,
32766,7473,2420,60,60,
32766,7509,2402,76,60,
32766,7474,2407,78,63,
32766,7475,2418,56,82,
32766,7490,2407,81,63,
32766,7483,2404,87,74,
32766,7469,2405,69,62,
32766,7477,2414,87,75,
32766,7476,2405,73,80,
32766,7471,2417,93,61,
32766,7477,2419,84,79,
32766,7482,2406,70,85,
32766,7468,2398,113,81,
32766,7480,2410,72,42,
32766,7471,2416,86,88,
32766,7459,2414,80,83,
32766,7460,2416,136,21,
32766,7481,2426,94,79,
32766,7466,2403,83,48,
32766,7469,2401,77,73,
32766,7469,2413,72,73,
32766,7461,2407,70,75,
32766,7477,2403,70,85,
32766,7467,2414,66,83,
32766,7484,2402,80,61,
32766,7478,2419,79,76,
32766,7475,2396,100,59,
32766,7461,2405,71,91,
32766,7477,2433,91,51,
32766,7463,2419,65,72,
32766,7480,2403,83,49,
32766,7474,2394,72,63,
32766,7474,2399,85,63,
32766,7477,2419,75,38,
32766,7478,2404,75,79,
32766,7466,2414,71,65,
32766,7486,2404,54,91,
32766,7469,2421,73,83,
32766,7481,2410,80,74,
32766,7472,2403,87,82,
32766,7482,2413,72,62,
32766,7484,2399,76,58,
32766,7492,2443,35,101,
32766,7503,2413,87,69,
32766,7468,2418,96,52,
32766,7485,2400,73,72,
32766,7480,2410,109,57,
32766,7480,2441,115,91,
32766,7477,2402,65,89,
32766,7489,2417,61,47,
32766,7497,2416,73,89,
32766,7465,2416,87,71,
32766,7479,2399,78,85,
32766,7472,2415,91,72,
32766,7487,2399,76,87,
32766,7489,2395,72,63,
32766,7501,2424,78,44,
32766,7484,2423,56,63,
32766,7477,2412,64,60,
32766,7495,2395,108,59,
32766,7483,2415,73,76,
32766,7482,2427,65,68,
32766,7464,2395,56,64,
32766,7490,2401,80,84,
32766,7469,2421,66,62,
32766,7488,2412,61,65,
32766,7470,2405,78,74,
32766,7485,2409,77,67,
32766,7474,2404,61,72,
32766,7495,2411,74,76,
32766,7483,2409,75,79,
32766,7502,2412,83,34,
32766,7491,2406,118,44,
32766,7491,2384,90,83,
32766,7487,2399,98,59,
32766,7474,2426,112,61,
32766,7486,2399,56,64,
32766,7493,2423,90,92,
32766,7471,2432,72,78,
32766,7479,2408,87,60,
32766,7481,2397,82,48,
32766,7481,2415,70,66,
32766,7484,2408,70,77,
32766,7490,2422,79,60,
32766,7482,2412,76,61,
32766,7502,2412,65,70,
32766,7499,2398,91,67,
32766,7472,2415,78,63,
32766,7457,2411,96,71,
32766,7474,2414,81,98,
32766,7480,2410,104,52,
32766,7467,2404,79,51,
32766,7453,2422,82,35,
32766,7462,2399,39,83,
32766,7481,2407,71,86,
32766,7483,2409,82,84,
32766,7483,2406,72,80,
32766,7484,2413,85,101,
32766,7484,2402,63,37,
32766,7483,2412,67,67,
32766,7486,2404,44,74,
32766,7489,2393,79,77,
32766,7497,2389,85,77,
32766,7464,2392,58,79,
32766,7500,2386,100,56,
32766,7467,2418,70,50,
32766,7481,2422,85,66,
32766,7462,2394,102,49,
32766,7478,2400,115,57,
32766,7495,2415,78,66,
32766,7487,2414,77,73,
32766,7491,2406,69,57,
32766,7493,2399,71,58,
32766,7467,2413,76,58,
32766,7484,2405,72,75,
32766,7470,2413,84,65,
32766,7472,2409,60,75,
32766,7466,2451,50,51,
32766,7514,2398,110,31,
32766,7492,2402,58,57,
32766,7464,2424,78,104,
32766,7479,2414,80,67,
32766,7464,2419,75,115,
32766,7481,2428,106,93,
32766,7475,2415,69,60,
32766,7484,2401,70,90,
32766,7495,2413,93,66,
32766,7468,2410,77,82,
32766,7478,2416,65,84,
32766,7470,2418,79,70,
32766,7480,2406,85,82,
32766,7476,2401,74,69,
32766,7481,2405,82,75,
32766,7480,2432,105,79,
32766,7481,2429,85,58,
32766,7460,2406,44,95,
32766,7491,2404,78,60,
32766,7478,2383,68,54,
32766,7478,2390,43,48,
32766,7483,2382,43,51,
32766,7482,2398,72,70,
32766,7490,2406,46,84,
32766,7482,2416,89,78,
32766,7501,2416,82,69,
32766,7494,2404,92,49,
32766,7492,2405,56,86,
32766,7479,2405,62,77,
32766,7503,2437,63,49,
32766,7481,2397,92,49,
32766,7479,2432,77,61,
32766,7488,2432,72,78,
32766,7489,2427,59,67,
32766,7481,2440,99,70,
32766,7488,2428,100,79,
32766,7497,2422,65,80,
32766,7490,2408,61,91,
32766,7497,2412,74,57,
32766,7491,2399,85,65,
32766,7487,2417,72,74,
32766,7494,2415,79,57,
32766,7490,2409,74,63,
32766,7488,2414,79,82,
32766,7490,2416,58,94,
32766,7485,2422,69,51,
32766,7491,2421,77,58,
32766,7487,2385,72,43,
32766,7486,2419,76,79,
32766,7499,2415,63,51,
32766,7477,2414,93,48,
32766,7475,2418,57,81,
32766,7478,2398,87,83,
32766,7477,2423,94,53,
32766,7488,2422,74,63,
32766,7497,2409,87,85,
32766,7482,2419,85,70,
32766,7499,2418,76,63,
32766,7494,2426,65,53,
32766,7504,2414,49,63,
32766,7493,2424,66,51,
32766,7510,2388,65,79,
32766,7476,2405,78,38,
32766,7498,2413,70,92,
32766,7501,2404,66,45,
32766,7508,2410,80,95,
32766,7529,2398,84,47,
32766,7489,2402,78,70,
32766,7499,2409,84,76,
32766,7499,2411,90,78,
32766,7500,2412,60,72,
32766,7496,2415,58,80,
32766,7489,2413,61,62,
32766,7507,2407,68,79,
32766,7505,2408,47,62,
32766,7509,2407,90,35,
32766,7497,2397,142,49,
32766,7505,2384,63,99,
32766,7475,2412,97,59,
32766,7470,2419,97,90,
32766,7494,2400,94,46,
32766,7489,2399,60,107,
32766,7499,2409,79,54,
32766,7504,2411,79,72,
32766,7481,2420,90,81,
32766,7489,2408,91,33,
32766,7500,2418,61,59,
32766,7498,2399,80,85,
32766,7483,2414,79,75,
32766,7486,2398,100,54,
32766,7482,2421,59,93,
32766,7502,2408,68,80,
32766,7472,2425,73,37,
32766,7485,2420,71,81,
32766,7490,2414,72,66,
32766,7504,2440,89,93,
32766,7482,2410,125,79,
32766,7507,2408,71,62,
32766,7477,2398,69,53,
32766,7492,2402,74,80,
32766,7490,2407,86,69,
32766,7484,2416,85,66,
32766,7483,2399,93,72,
32766,7479,2415,77,44,
32766,7490,2405,55,66,
32766,7484,2410,85,97,
32766,7485,2416,15,53,
32766,7483,2411,90,40,
32766,7466,2413,89,41,
32766,7483,2420,112,78,
32766,7497,2390,67,47,
32766,7483,2406,100,60,
32766,7494,2396,65,70,
32766,7475,2414,65,54,
32766,7484,2425,108,74,
32766,7488,2413,80,38,
32766,7484,2403,58,55,
32766,7481,2407,72,61,
32766,7497,2406,81,76,
32766,7472,2410,65,70,
32766,7487,2421,66,68,
32766,7493,2425,90,55,
32766,7498,2412,75,60,
32766,7507,2406,66,93,
32766,7476,2418,71,73,
32766,7486,2381,117,36,
32766,7485,2403,62,43,
32766,7525,2403,61,66,
32766,7477,2416,63,73,
32766,7474,2415,54,64,
32766,7479,2403,57,73,
32766,7468,2400,83,82,
32766,7479,2420,48,69,
32766,7487,2392,73,56,
32766,7479,2417,67,67,
32766,7484,2405,101,65,
32766,7501,2406,123,36,
32766,7490,2391,83,71,
32766,7507,2416,77,75,
32766,7488,2402,61,57,
32766,7469,2398,85,95,
32766,7489,2429,110,35,
32766,7484,2411,95,39,
32766,7493,2406,71,78,
32766,7472,2399,69,54,
32766,7499,2406,88,62,
32766,7472,2402,73,81,
32766,7485,2416,76,79,
32766,7502,2407,71,77,
32766,7494,2411,63,76,
32766,7489,2389,60,82,
32766,7498,2389,64,87,
32766,7472,2414,67,56,
32766,7493,2390,100,35,
32766,7474,2394,96,58,
32766,7476,2410,108,59,
32766,7492,2385,76,60,
32766,7486,2408,68,95,
32766,7471,2409,85,58,
32766,7488,2414,80,93,
32766,7506,2394,102,49,
32766,7479,2404,102,50,
32766,7486,2401,78,63,
32766,7478,2400,76,59,
32766,7472,2400,84,78,
32766,7453,2409,50,57,
32766,7460,2422,97,51,
32766,7482,2386,89,97,
32766,7467,2417,90,56,
32766,7457,2396,68,46,
32766,7478,2404,85,31,
32766,7482,2394,71,44,
32766,7459,2393,56,31,
32766,7456,2413,58,64,
32766,7476,2419,86,70,
32766,7483,2406,83,65,
32766,7479,2379,82,86,
32766,7469,2399,74,80,
32766,7452,2402,77,87,
32766,7466,2412,80,58,
32766,7486,2406,73,81,
32766,7472,2398,77,87,
32766,7470,2426,60,115,
32766,7443,2415,86,71,
32766,7474,2381,82,37,
32766,7481,2395,53,91,
32766,7472,2409,129,34,
32766,7467,2381,63,40,
32766,7481,2409,63,79,
32766,7470,2405,78,58,
32766,7457,2400,75,66,
32766,7482,2398,85,56,
32766,7472,2417,72,58,
32766,7467,2413,85,55,
32766,7468,2410,73,56,
32766,7470,2395,89,70,
32766,7477,2396,69,89,
32766,7495,2391,48,83,
32766,7467,2420,57,87,
32766,7475,2413,95,63,
32766,7472,2410,89,93,
32766,7464,2416,64,64,
32766,7489,2399,46,50,
32766,7484,2402,79,61,
32766,7485,2418,74,84,
32766,7481,2407,77,61,
32766,7479,2413,65,82,
32766,7477,2414,73,85,
32766,7490,2411,81,55,
32766,7484,2412,77,67,
32766,7497,2405,87,54,
32766,7469,2434,69,68,
32766,7479,2397,65,55,
32766,7489,2416,76,40,
32766,7489,2429,77,119,
32766,7478,2410,50,59,
32766,7493,2405,111,9,
32766,7474,2415,103,53,
32766,7496,2402,47,51,
32766,7483,2402,68,78,
32766,7477,2412,73,69,
32766,7495,2406,80,56,
32766,7499,2400,71,75,
32766,7474,2403,86,62,
32766,7493,2417,76,58,
32766,7493,2392,97,68,
32766,7478,2396,100,60,
32766,7486,2413,75,65,
32766,7502,2415,86,70,
32766,7483,2385,70,89,
32766,7493,2399,72,60,
32766,7488,2403,60,59,
32766,7456,2381,56,36,
32766,7464,2406,54,15,
32766,7494,2413,75,61,
32766,7474,2412,72,50,
32766,7494,2406,61,84,
32766,7474,2411,95,57,
32766,7483,2404,97,62,
32766,7469,2417,91,52,
32766,7471,2415,83,61,
32766,7472,2396,76,98,
32766,7478,2415,73,68,
32766,7483,2382,95,69,
32766,7491,2405,86,82,
32766,7479,2418,70,89,
32766,7478,2413,81,82,
32766,7473,2435,52,103,
32766,7474,2419,70,53,
32766,7485,2411,79,67,
32766,7471,2411,67,80,
32766,7465,2404,59,66,
32766,7478,2406,75,52,
32766,7485,2403,78,80,
32766,7483,2406,96,48,
32766,7485,2396,69,65,
32766,7483,2393,76,87,
32766,7500,2406,83,82,
32766,7504,2394,73,77,
32766,7524,2368,81,76,
32766,7502,2409,85,67,
32766,7475,2418,58,97,
32766,7465,2455,91,57,
32766,7492,2413,90,102,
32766,7479,2412,81,103,
32766,7473,2411,62,79,
32766,7507,2410,80,52,
32766,7487,2417,73,72,
32766,7489,2414,58,80,
32766,7495,2396,93,58,
32766,7492,2413,76,64,
32766,7496,2411,82,81,
32766,7484,2424,85,65,
32766,7531,2415,76,50,
32766,7533,2387,95,70,
32766,7483,2427,87,90,
32766,7488,2406,105,60,
32766,7490,2393,91,62,
32766,7512,2420,83,48,
32766,7515,2428,81,102,
32766,7506,2416,77,66,
32766,7491,2410,88,82,
32766,7499,2412,66,63,
32766,7500,2418,93,55,
32766,7496,2401,89,68,
32766,7514,2417,60,50,
32766,7511,2423,67,77,
32766,7508,2408,69,71,
32766,7505,2386,69,33,
32766,7511,2401,62,101,
32766,7501,2413,73,89,
32766,7509,2414,106,58,
32766,7515,2416,53,99,
32766,7549,2400,84,94,
32766,7501,2407,72,33,
32766,7489,2429,78,69,
32766,7514,2426,69,69,
32766,7499,2415,74,51,
32766,7507,2422,80,56,
32766,7498,2413,79,73,
32766,7486,2404,90,80,
32766,7489,2436,84,53,
32766,7514,2415,85,20,
32766,7481,2403,65,97,
32766,7487,2409,67,65,
32766,7516,2420,90,52,
32766,7497,2429,74,54,
32766,7492,2429,61,97,
32766,7482,2428,57,38,
32766,7484,2391,42,83,
32766,7488,2409,71,86,
32766,7503,2405,63,53,
32766,7495,2416,60,60,
32766,7498,2406,54,68,
32766,7493,2401,74,94,
32766,7492,2393,55,73,
32766,7511,2395,62,72,
32766,7506,2407,58,66,
32766,7495,2409,69,54,
32766,7506,2385,62,67,
32766,7508,2382,93,76,
32766,7486,2421,70,64,
32766,7505,2439,78,92,
32766,7519,2392,88,94,
32766,7502,2400,73,50,
32766,7495,2415,78,66,
32766,7507,2420,65,54,
32766,7493,2415,75,84,
32766,7504,2419,59,84,
32766,7494,2419,70,57,
32766,7481,2421,78,65,
32766,7498,2403,70,72,
32766,7526,2402,89,43,
32766,7509,2403,76,74,
32766,7500,2395,68,80,
32766,7487,2421,74,94,
32766,7503,2395,74,64,
32766,7488,2421,121,75,
32766,7490,2390,49,59,
32766,7497,2419,72,66,
32766,7483,2421,81,90,
32766,7475,2403,70,45,
32766,7513,2394,74,74,
32766,7499,2409,73,63,
32766,7494,2417,46,43,
32766,7493,2413,73,70,
32766,7501,2390,80,64,
32766,7488,2418,64,65,
32766,7505,2397,51,50,
32766,7493,2417,86,91,
32766,7494,2427,57,65,
32766,7492,2397,99,72,
32766,7499,2404,67,67,
32766,7486,2412,115,64,
32766,7491,2401,50,88,
32766,7495,2384,64,86,
32766,7488,2398,72,54,
32766,7496,2408,80,59,
32766,7480,2423,70,59,
32766,7486,2420,81,62,
32766,7486,2405,95,65,
32766,7481,2419,64,72,
32766,7473,2398,84,74,
32766,7480,2427,71,86,
32766,7464,2409,73,64,
32766,7490,2395,64,57,
32766,7491,2415,65,85,
32766,7479,2407,67,72,
32766,7480,2413,67,78,
32766,7485,2380,36,62,
32766,7463,2395,76,76,
32766,7481,2392,68,67,
32766,7479,2404,72,62,
32766,7479,2411,65,58,
32766,7472,2402,66,85,
32766,7478,2407,84,83,
32766,7477,2405,84,64,
32766,7488,2409,85,74,
32766,7474,2405,72,60,
32766,7483,2407,75,33,
32766,7485,2389,86,44,
32766,7490,2420,63,74,
32766,7488,2407,54,31,
32766,7490,2423,74,95,
32766,7519,2401,58,95,
32766,7484,2406,74,95,
32766,7490,2404,73,58,
32766,7491,2415,84,60,
32766,7486,2404,63,72,
32766,7487,2402,84,70,
32766,7480,2407,75,55,
32766,7472,2403,77,59,
32766,7477,2414,89,55,
32766,7483,2406,90,67,
32766,7473,2405,56,74,
32766,7483,2396,86,82,
32766,7486,2404,70,54,
32766,7465,2429,93,59,
32766,7478,2411,58,59,
32766,7459,2442,62,93,
32766,7479,2433,62,60,
32766,7497,2396,74,78,
32766,7487,2401,64,63,
32766,7487,2399,88,66,
32766,7482,2412,79,63,
32766,7488,2418,73,52,
32766,7500,2418,51,53,
32766,7494,2402,78,86,
32766,7510,2403,72,64,
32766,7500,2416,51,83,
32766,7482,2402,94,62,
32766,7501,2394,58,67,
32766,7503,2426,73,73,
32766,7510,2408,52,78,
32766,7526,2394,65,75,
32766,7499,2411,99,103,
32766,7475,2425,61,81,
32766,7494,2421,90,65,
32766,7492,2406,76,56,
32766,7506,2401,84,69,
32766,7496,2411,80,50,
32766,7504,2417,67,60,
32766,7502,2424,70,75,
32766,7495,2401,68,81,
32766,7491,2408,52,89,
32766,7490,2387,83,79,
32766,7493,2417,76,67,
32766,7489,2416,69,66,
32766,7500,2401,58,79,
32766,7489,2425,110,93,
32766,7482,2421,75,52,
32766,7505,2411,62,53,
32766,7489,2406,88,48,
32766,7501,2397,47,63,
32766,7492,2410,99,67,
32766,7484,2406,82,66,
32766,7494,2399,82,53,
32766,7476,2408,88,59,
32766,7490,2413,77,87,
32766,7487,2409,85,58,
32766,7469,2416,112,66,
32766,7492,2418,88,62,
32766,7472,2384,58,86,
32766,7472,2405,79,64,
32766,7485,2391,70,50,
32766,7496,2411,81,77,
32766,7494,2419,87,72,
32766,7474,2409,103,82,
32766,7478,2404,65,86,
32766,7490,2397,72,69,
32766,7479,2402,89,86,
32766,7477,2403,59,58,
32766,7477,2400,67,69,
32766,7480,2412,60,65,
32766,7483,2409,46,58,
32766,7479,2399,69,85,
32766,7482,2399,61,67,
32766,7469,2423,68,77,
32766,7460,2388,90,39,
32766,7441,2407,87,33,
32766,7431,2412,98,61,
32766,7472,2394,90,66,
32766,7484,2395,89,69,
32766,7470,2405,66,71,
32766,7486,2401,66,85,
32766,7464,2395,79,52,
32766,7464,2400,87,51,
32766,7464,2403,66,64,
32766,7463,2384,65,80,
32766,7472,2397,71,61,
32766,7492,2387,93,71,
32766,7481,2401,96,77,
32766,7499,2420,73,43,
32766,7457,2401,71,99,
32766,7481,2410,57,76,
32766,7489,2397,53,63,
32766,7461,2404,88,62,
32766,7466,2405,42,30,
32766,7492,2411,82,73,
32766,7479,2390,65,73,
32766,7468,2398,64,76,
32766,7483,2408,83,62,
32766,7472,2412,82,63,
32766,7477,2396,75,66,
32766,7469,2408,76,52,
32766,7491,2395,84,86,
32766,7501,2389,94,20,
32766,7495,2414,31,51,
32766,7495,2412,63,91,
32766,7496,2410,68,41,
32766,7479,2417,61,55,
32766,7503,2386,60,90,
32766,7504,2417,60,103,
32766,7496,2405,65,75,
32766,7486,2410,92,60,
32766,7479,2404,73,82,
32766,7495,2405,74,54,
32766,7484,2418,74,66,
32766,7481,2398,88,79,
32766,7505,2393,84,75,
32766,7495,2399,83,64,
32766,7478,2404,69,40,
32766,7497,2393,57,40,
32766,7509,2393,42,70,
32766,7493,2409,68,59,
32766,7497,2408,91,89,
32766,7469,2417,71,66,
32766,7503,2414,63,67,
32766,7470,2419,67,79,
32766,7495,2401,57,51,
32766,7487,2398,100,57,
32766,7483,2389,77,73,
32766,7485,2417,93,57,
32766,7478,2407,83,68,
32766,7496,2390,77,71,
32766,7479,2398,82,60,
32766,7491,2422,64,76,
32766,7489,2408,70,71,
32766,7495,2389,113,28,
32766,7494,2406,72,56,
32766,7468,2418,77,61,
32766,7496,2403,80,87,
32766,7486,2402,98,60,
32766,7463,2379,99,43,
32766,7473,2385,56,83,
32766,7465,2412,86,59,
32766,7484,2391,73,86,
32766,7487,2406,87,59,
32766,7486,2395,72,61,
32766,7469,2409,67,60,
32766,7470,2413,70,66,
32766,7481,2403,43,94,
32766,7466,2397,54,68,
32766,7474,2418,103,100,
32766,7489,2404,88,39,
32766,7475,2423,76,78,
32766,7464,2413,71,75,
32766,7491,2412,105,75,
32766,7481,2413,79,62,
32766,7491,2397,75,63,
32766,7489,2383,79,72,
32766,7491,2391,59,68,
32766,7472,2396,77,103,
32766,7479,2394,66,82,
32766,7492,2410,100,77,
32766,7477,2405,72,57,
32766,7480,2395,78,99,
32766,7471,2382,41,139,
32766,7476,2429,51,85,
32766,7505,2406,87,69,
32766,7483,2417,79,88,
32766,7474,2389,61,54,
32766,7483,2416,101,49,
32766,7486,2395,85,66,
32766,7467,2401,87,65,
32766,7475,2412,76,70,
32766,7491,2392,71,71,
32766,7478,2403,80,67,
32766,7471,2398,82,80,
32766,7479,2413,72,65,
32766,7460,2402,108,64,
32766,7486,2392,71,65,
32766,7481,2394,63,107,
32766,7464,2408,66,106,
32766,7507,2377,109,54,
32766,7488,2401,68,57,
32766,7474,2418,66,87,
32766,7479,2401,98,62,
32766,7462,2410,37,60,
32766,7488,2401,63,69,
32766,7490,2410,69,62,
32766,7477,2398,80,81,
32766,7482,2410,67,77,
32766,7497,2413,63,64,
32766,7485,2395,90,64,
32766,7473,2405,79,59,
32766,7484,2400,55,53,
32766,7492,2402,87,58,
32766,7477,2393,94,118,
32766,7484,2391,96,55,
32766,7490,2406,81,63,
32766,7488,2408,112,64,
32766,7484,2396,92,57,
32766,7477,2401,60,84,
32766,7491,2401,81,57,
32766,7490,2399,62,62,
32766,7492,2397,83,78,
32766,7476,2401,86,79,
32766,7484,2396,67,66,
32766,7495,2407,56,76,
32766,7479,2398,109,78,
32766,7482,2403,74,84,
32766,7480,2388,94,57,
32766,7487,2372,64,78,
32766,7492,2391,67,59,
32766,7459,2402,84,55,
32766,7462,2427,63,66,
32766,7472,2405,105,55,
32766,7477,2394,90,87,
32766,7495,2417,57,91,
32766,7476,2405,66,56,
32766,7477,2394,84,54,
32766,7481,2396,90,67,
32766,7476,2393,81,64,
32766,7477,2398,80,62,
32766,7496,2411,78,52,
32766,7481,2406,68,72,
32766,7473,2398,70,66,
32766,7487,2399,71,78,
32766,7465,2398,73,68,
32766,7493,2411,38,94,
32766,7453,2425,63,90,
32766,7484,2392,38,77,
32766,7432,2417,85,25,
32766,7459,2384,43,81,
32766,7484,2393,61,64,
32766,7475,2410,88,74,
32766,7481,2395,73,96,
32766,7479,2403,56,71,
32766,7468,2392,64,97,
32766,7469,2409,71,77,
32766,7463,2410,86,63,
32766,7481,2412,70,58,
32766,7478,2393,86,43,
32766,7464,2425,58,70,
32766,7488,2406,34,98,
32766,7457,2392,82,53,
32766,7480,2428,93,76,
32766,7497,2397,102,38,
32766,7470,2400,92,36,
32766,7486,2396,74,56,
32766,7487,2405,61,88,
32766,7475,2414,61,63,
32766,7488,2393,59,53,
32766,7490,2405,76,78,
32766,7480,2403,92,67,
32766,7463,2397,73,85,
32766,7478,2390,70,68,
32766,7487,2424,53,53,
32766,7488,2413,91,53,
32766,7481,2404,78,47,
32766,7484,2427,44,82,
32766,7491,2415,95,56,
32766,7498,2414,42,87,
32766,7521,2382,89,31,
32766,7464,2420,90,94,
32766,7479,2412,82,55,
32766,7517,2397,69,73,
32766,7497,2404,67,69,
32766,7486,2403,94,85,
32766,7505,2398,70,58,
32766,7489,2411,68,87,
32766,7497,2404,60,67,
32766,7492,2408,90,68,
32766,7490,2402,79,58,
32766,7505,2381,47,72,
32766,7474,2415,29,110,
32766,7467,2393,81,58,
32766,7482,2389,79,59,
32766,7496,2415,108,63,
32766,7502,2412,89,72,
32766,7471,2411,97,81,
32766,7487,2399,64,72,
32766,7506,2402,74,57,
32766,7484,2401,89,91,
32766,7495,2420,70,51,
32766,7485,2391,73,77,
32766,7495,2403,59,71,
32766,7501,2411,81,65,
32766,7490,2411,87,35,
32766,7487,2426,94,77,
32766,7496,2384,91,67,
32766,7467,2417,111,57,
32766,7494,2394,110,42,
32766,7512,2385,68,68,
32766,7480,2413,73,70,
32766,7468,2419,95,35,
32766,7472,2393,76,72,
32766,7479,2397,77,65,
32766,7489,2394,76,65,
32766,7477,2400,51,64,
32766,7467,2395,84,68,
32766,7480,2401,73,55,
32766,7474,2392,86,57,
32766,7478,2417,86,88,
32766,7482,2386,61,44,
32766,7462,2392,63,59,
32766,7488,2391,95,55,
32766,7488,2407,103,56,
32766,7465,2383,120,66,
32766,7480,2397,93,106,
32766,7473,2382,74,53,
32766,7484,2401,65,48,
32766,7465,2394,89,65,
32766,7467,2383,78,72,
32766,7477,2384,105,59,
32766,7475,2389,76,92,
32766,7469,2397,60,84,
32766,7463,2399,89,87,
32766,7457,2398,99,77,
32766,7479,2388,65,70,
32766,7444,2421,87,96,
32766,7476,2401,81,20,
32766,7469,2394,107,49,
32766,7478,2404,89,99,
32766,7460,2396,75,81,
32766,7487,2394,115,40,
32766,7480,2405,80,64,
32766,7455,2413,64,59,
32766,7482,2396,83,82,
32766,7480,2406,76,72,
32766,7482,2390,59,66,
32766,7459,2398,78,61,
32766,7476,2394,89,72,
32766,7488,2399,94,64,
32766,7464,2393,92,99,
32766,7473,2416,76,77,
32766,7475,2399,61,43,
32766,7461,2387,81,69,
32766,7471,2394,101,33,
32766,7468,2425,86,95,
32766,7462,2427,117,60,
32766,7451,2400,64,86,
32766,7469,2396,65,94,
32766,7472,2403,81,50,
32766,7476,2417,61,71,
32766,7463,2400,76,61,
32766,7466,2386,75,58,
32766,7468,2395,80,80,
32766,7475,2417,72,81,
32766,7457,2399,64,59,
32766,7470,2387,74,46,
32766,7474,2381,86,64,
32766,7474,2390,47,106,
32766,7483,2386,86,60,
32766,7478,2392,107,66,
32766,7456,2379,60,39,
32766,7452,2405,88,70,
32766,7476,2391,78,48,
32766,7473,2382,79,39,
32766,7483,2391,88,60,
32766,7454,2406,78,71,
32766,7468,2396,71,75,
32766,7472,2396,67,78,
32766,7478,2386,80,59,
32766,7472,2423,99,59,
32766,7462,2399,59,64,
32766,7467,2395,50,47,
32766,7473,2391,89,61,
32766,7476,2400,57,64,
32766,7498,2403,36,72,
32766,7487,2386,68,31,
32766,7486,2408,98,79,
32766,7509,2398,70,83,
32766,7477,2414,84,64,
32766,7477,2387,78,63,
32766,7475,2405,83,63,
32766,7472,2388,64,57,
32766,7498,2403,64,78,
32766,7473,2399,77,46,
32766,7468,2395,73,63,
32766,7475,2387,97,64,
32766,7480,2371,82,86,
32766,7467,2409,103,68,
32766,7477,2400,87,82,
32766,7486,2380,56,48,
32766,7474,2402,98,38,
32766,7461,2388,43,58,
32766,7472,2414,60,129,
32766,7493,2392,79,67,
32766,7475,2393,71,62,
32766,7464,2412,85,56,
32766,7493,2389,68,79,
32766,7475,2407,63,65,
32766,7490,2410,79,70,
32766,7481,2407,84,48,
32766,7489,2415,57,70,
32766,7474,2406,87,93,
32766,7476,2394,83,38,
32766,7503,2394,82,57,
32766,7480,2384,86,91,
32766,7492,2404,77,90,
32766,7476,2414,127,71,
32766,7497,2389,49,79,
32766,7488,2408,68,61,
32766,7489,2391,80,67,
32766,7494,2405,65,68,
32766,7484,2405,78,70,
32766,7473,2405,79,72,
32766,7500,2391,85,50,
32766,7498,2386,78,52,
32766,7484,2399,93,65,
32766,7478,2391,85,60,
32766,7497,2422,65,107,
32766,7470,2424,80,58,
32766,7502,2410,66,94,
32766,7499,2407,74,93,
32766,7490,2423,33,131,
32766,7505,2395,74,92,
32766,7502,2390,89,74,
32766,7496,2399,107,59,
32766,7479,2409,74,62,
32766,7505,2400,79,68,
32766,7493,2399,70,79,
32766,7492,2409,73,55,
32766,7485,2403,94,74,
32766,7505,2397,111,70,
32766,7492,2396,82,37,
32766,7496,2428,63,47,
32766,7497,2407,79,83,
32766,7479,2384,55,78,
32766,7492,2408,62,49,
32766,7476,2429,110,83,
32766,7469,2386,61,15,
32766,7485,2402,83,36,
32766,7478,2420,93,76,
32766,7477,2408,49,69,
32766,7485,2394,91,64,
32766,7480,2399,63,84,
32766,7487,2402,59,68,
32766,7484,2396,62,65,
32766,7471,2388,70,71,
32766,7499,2377,41,88,
32766,7497,2413,80,44,
32766,7503,2380,73,84,
32766,7487,2387,56,47,
32766,7484,2404,58,68,
32766,7467,2389,89,42,
32766,7503,2410,71,100,
32766,7462,2400,79,69,
32766,7472,2409,78,51,
32766,7488,2395,78,72,
32766,7467,2407,71,63,
32766,7471,2400,68,70,
32766,7498,2405,65,60,
32766,7491,2399,68,64,
32766,7484,2406,75,84,
32766,7474,2405,55,103,
32766,7474,2398,68,66,
32766,7507,2386,62,62,
32766,7446,2421,45,65,
32766,7480,2403,84,85,
32766,7493,2412,44,99,
32766,7472,2414,46,73,
32766,7486,2380,61,57,
32766,7482,2404,45,53,
32766,7499,2401,60,63,
32766,7480,2392,76,58,
32766,7462,2395,54,68,
32766,7481,2401,68,75,
32766,7474,2399,76,62,
32766,7484,2400,70,51,
32766,7474,2390,79,58,
32766,7501,2383,68,69,
32766,7493,2417,58,60,
32766,7467,2422,87,63,
32766,7471,2398,99,56,
32766,7493,2384,72,93,
32766,7481,2405,64,86,
32766,7456,2429,94,86,
32766,7473,2411,81,81,
32766,7478,2396,75,49,
32766,7474,2388,84,59,
32766,7486,2409,56,40,
32766,7471,2385,84,71,
32766,7480,2396,49,58,
32766,7491,2402,74,75,
32766,7491,2393,59,70,
32766,7473,2378,75,87,
32766,7494,2392,104,22,
32766,7476,2394,74,102,
32766,7494,2387,89,64,
32766,7508,2406,54,79,
32766,7511,2403,76,93,
32766,7477,2397,78,45,
32766,7491,2393,77,69,
32766,7485,2399,93,76,
32766,7481,2400,76,73,
32766,7497,2407,105,68,
32766,7486,2394,89,73,
32766,7490,2396,77,76,
32766,7497,2400,87,57,
32766,7503,2395,90,67,
32766,7486,2400,71,59,
32766,7491,2383,84,100,
32766,7464,2404,35,104,
32766,7488,2410,105,60,
32766,7484,2393,80,46,
32766,7494,2391,80,85,
32766,7485,2393,75,23,
32766,7522,2413,91,57,
32766,7487,2409,105,58,
32766,7475,2403,69,75,
32766,7485,2406,73,74,
32766,7501,2399,109,52,
32766,7499,2416,69,91,
32766,7491,2406,71,64,
32766,7512,2407,57,61,
32766,7499,2395,91,72,
32766,7509,2390,35,55,
32766,7506,2413,83,44,
32766,7529,2377,51,84,
32766,7485,2400,88,65,
32766,7524,2410,81,51,
32766,7510,2389,79,68,
32766,7508,2391,75,77,
32766,7515,2411,76,61,
32766,7498,2407,78,69,
32766,7487,2402,77,67,
32766,7478,2414,47,71,
32766,7494,2396,74,62,
32766,7501,2415,84,65,
32766,7491,2401,75,85,
32766,7505,2415,72,87,
32766,7498,2399,86,50,
32766,7493,2410,57,78,
32766,7487,2398,93,56,
32766,7505,2409,57,70,
32766,7486,2397,63,62,
32766,7473,2417,43,56,
32766,7506,2372,49,35,
32766,7493,2408,51,107,
32766,7503,2407,75,77,
32766,7486,2402,74,52,
32766,7496,2417,75,83,
32766,7494,2408,79,62,
32766,7489,2403,73,68,
32766,7495,2393,72,74,
32766,7488,2408,83,58,
32766,7485,2406,61,49,
32766,7514,2407,112,66,
32766,7501,2419,110,74,
32766,7492,2422,63,81,
32766,7506,2391,86,46,
32766,7480,2446,46,99,
32766,7482,2409,102,35,
32766,7519,2392,90,80,
32766,7487,2401,58,91,
32766,7485,2403,78,71,
32766,7515,2395,90,79,
32766,7519,2404,79,69,
32766,7503,2417,79,65,
32766,7504,2402,63,74,
32766,7514,2420,63,83,
32766,7503,2403,71,78,
32766,7484,2398,86,53,
32766,7482,2391,55,62,
32766,7496,2370,87,70,
32766,7503,2398,81,84,
32766,7504,2417,86,90,
32766,7515,2409,70,86,
32766,7518,2415,66,69,
32766,7507,2418,75,71,
32766,7501,2389,64,70,
32766,7504,2410,71,75,
32766,7495,2396,84,70,
32766,7510,2409,81,61,
32766,7509,2397,76,75,
32766,7508,2403,94,87,
32766,7507,2411,52,83,
32766,7524,2418,67,72,
32766,7503,2411,92,85,
32766,7522,2429,82,46,
32766,7521,2383,57,133,
32766,7516,2418,80,91,
32766,7519,2401,76,81,
32766,7518,2390,70,69,
32766,7499,2421,105,68,
32766,7507,2412,71,94,
32766,7497,2409,93,57,
32766,7498,2399,91,65,
32766,7500,2414,72,68,
32766,7496,2396,81,42,
32766,7491,2402,89,63,
32766,7483,2395,82,57,
32766,7490,2397,73,76,
32766,7497,2394,42,101,
32766,7501,2413,44,55,
32766,7477,2392,99,56,
32766,7462,2409,113,61,
32766,7474,2419,123,78,
32766,7502,2413,56,130,
32766,7446,2405,71,81,
32766,7487,2391,95,61,
32766,7481,2385,88,75,
32766,7490,2399,74,55,
32766,7468,2380,58,61,
32766,7473,2375,73,69,
32766,7473,2402,61,60,
32766,7477,2394,76,75,
32766,7460,2387,72,43,
32766,7442,2380,57,65,
32766,7447,2412,58,53,
32766,7449,2391,67,61,
32766,7436,2412,82,69,
32766,7466,2387,84,61,
32766,7437,2412,71,65,
32766,7450,2365,120,16,
32766,7471,2389,65,45,
32766,7448,2385,77,73,
32766,7454,2390,80,91,
32766,7448,2372,54,79,
32766,7473,2387,81,56,
32766,7454,2385,71,60,
32766,7454,2400,74,63,
32766,7461,2387,94,58,
32766,7437,2372,69,85,
32766,7477,2358,34,95,
32766,7470,2380,59,58,
32766,7458,2393,89,36,
32766,7470,2385,76,74,
32766,7435,2393,43,103,
32766,7471,2394,62,83,
32766,7469,2381,72,61,
32766,7436,2386,67,83,
32766,7460,2380,75,45,
32766,7466,2383,99,55,
32766,7468,2399,61,67,
32766,7461,2397,100,67,
32766,7458,2379,84,73,
32766,7475,2379,81,61,
32766,7478,2387,76,53,
32766,7479,2369,86,67,
32766,7471,2417,64,56,
32766,7480,2390,73,100,
32766,7492,2375,55,62,
32766,7487,2408,95,47,
32766,7464,2400,96,50,
32766,7483,2406,66,64,
32766,7485,2396,72,61,
32766,7483,2392,86,68,
32766,7484,2403,84,80,
32766,7475,2387,71,96,
32766,7495,2388,75,74,
32766,7477,2390,91,75,
32766,7481,2410,81,67,
32766,7488,2399,88,94,
32766,7503,2397,72,61,
32766,7464,2418,79,27,
32766,7496,2421,76,79,
32766,7495,2390,88,71,
32766,7481,2399,71,77,
32766,7486,2385,76,74,
32766,7501,2407,61,59,
32766,7496,2420,71,78,
32766,7494,2379,79,77,
32766,7482,2410,81,83,
32766,7506,2410,55,68,
32766,7491,2388,67,70,
32766,7484,2401,70,54,
32766,7497,2395,73,68,
32766,7487,2404,74,73,
32766,7517,2401,59,77,
32766,7496,2441,68,95,
32766,7476,2404,55,93,
32766,7508,2370,80,39,
32766,7497,2417,81,93,
32766,7495,2429,98,51,
32766,7498,2391,93,73,
32766,7483,2370,78,32,
32766,7500,2408,85,38,
32766,7506,2392,79,74,
32766,7495,2400,78,52,
32766,7489,2399,78,79,
32766,7481,2406,86,48,
32766,7505,2396,55,63,
32766,7479,2401,68,70,
32766,7485,2421,89,69,
32766,7483,2409,95,54,
32766,7490,2399,64,85,
32766,7494,2385,78,91,
32766,7472,2395,87,75,
32766,7487,2407,65,84,
32766,7485,2406,113,45,
32766,7475,2409,76,22,
32766,7483,2399,71,66,
32766,7480,2402,55,66,
32766,7498,2410,64,53,
32766,7493,2394,77,77,
32766,7494,2405,56,56,
32766,7490,2389,71,61,
32766,7484,2396,73,87,
32766,7483,2398,61,68,
32766,7486,2404,57,53,
32766,7491,2395,68,52,
32766,7463,2395,78,101,
32766,7480,2403,63,77,
32766,7480,2396,80,44,
32766,7473,2400,113,64,
32766,7475,2384,52,12,
32766,7470,2396,70,83,
32766,7486,2402,63,56,
32766,7498,2399,76,57,
32766,7487,2387,57,86,
32766,7488,2409,76,46,
32766,7499,2390,87,59,
32766,7499,2400,81,74,
32766,7496,2400,69,75,
32766,7523,2394,59,63,
32766,7487,2423,19,107,
32766,7495,2377,61,90,
32766,7514,2363,80,68,
32766,7490,2396,50,77,
32766,7509,2405,48,105,
32766,7491,2417,95,66,
32766,7523,2388,67,58,
32766,7499,2404,72,94,
32766,7495,2404,83,59,
32766,7493,2418,85,71,
32766,7496,2394,69,64,
32766,7505,2390,70,57,
32766,7479,2393,84,79,
32766,7477,2405,78,78,
32766,7507,2392,61,49,
32766,7497,2407,75,38,
32766,7483,2422,46,83,
32766,7514,2383,79,76,
32766,7502,2414,66,60,
32766,7517,2428,63,85,
32766,7518,2391,121,71,
32766,7485,2396,99,83,
32766,7486,2391,60,75,
32766,7502,2410,84,67,
32766,7485,2404,85,67,
32766,7495,2409,74,52,
32766,7515,2406,53,63,
32766,7494,2411,59,91,
32766,7508,2397,87,64,
32766,7498,2402,71,78,
32766,7501,2392,86,87,
32766,7518,2374,75,24,
32766,7511,2406,103,61,
32766,7495,2408,68,61,
32766,7512,2399,96,40,
32766,7507,2413,68,82,
32766,7513,2391,59,78,
32766,7531,2406,81,47,
32766,7503,2399,66,81,
32766,7500,2391,76,65,
32766,7494,2404,76,77,
32766,7506,2396,63,81,
32766,7498,2398,94,67,
32766,7505,2399,88,67,
32766,7499,2394,54,66,
32766,7519,2399,59,88,
32766,7504,2400,44,60,
32766,7496,2400,57,45,
32766,7509,2399,99,83,
32766,7514,2405,69,86,
32766,7506,2400,106,43,
32766,7519,2400,82,95,
32766,7530,2392,84,71,
32766,7501,2392,79,49,
32766,7508,2403,80,67,
32766,7512,2400,62,74,
32766,7498,2399,74,98,
32766,7515,2406,73,71,
32766,7496,2411,81,64,
32766,7525,2402,71,42,
32766,7511,2389,93,63,
32766,7517,2417,70,73,
32766,7535,2393,103,64,
32766,7493,2391,45,76,
32766,7541,2403,58,79,
32766,7516,2375,55,78,
32766,7511,2385,39,74,
32766,7518,2374,45,34,
32766,7488,2396,83,89,
32766,7504,2406,71,71,
32766,7501,2409,69,66,
32766,7490,2402,57,85,
32766,7509,2407,79,77,
32766,7518,2402,56,79,
32766,7505,2418,81,89,
32766,7516,2407,47,81,
32766,7500,2393,80,75,
32766,7514,2380,98,49,
32766,7505,2419,72,57,
32766,7492,2395,91,62,
32766,7517,2421,87,76,
32766,7532,2412,80,99,
32766,7512,2395,86,38,
32766,7532,2375,96,39,
32766,7513,2401,74,75,
32766,7507,2405,75,76,
32766,7503,2408,95,61,
32766,7517,2403,68,76,
32766,7493,2395,66,89,
32766,7507,2400,69,66,
32766,7516,2413,79,62,
32766,7503,2403,79,52,
32766,7524,2387,87,80,
32766,7514,2417,84,61,
32766,7509,2409,63,37,
32766,7515,2406,75,56,
32766,7490,2403,75,75,
32766,7499,2395,85,83,
32766,7496,2413,95,23,
32766,7510,2403,56,51,
32766,7496,2403,81,71,
32766,7514,2405,62,67,
32766,7487,2411,56,89,
32766,7507,2401,80,60,
32766,7507,2393,66,57,
32766,7506,2416,86,85,
32766,7503,2384,69,63,
32766,7479,2383,94,60,
32766,7471,2424,51,90,
32766,7514,2398,65,60,
32766,7504,2426,51,80,
32766,7503,2385,16,96,
32766,7502,2372,48,59,
32766,7502,2437,19,101,
32766,7515,2402,108,17,
32766,7498,2407,74,67,
32766,7493,2388,65,68,
32766,7508,2408,85,56,
32766,7494,2382,70,52,
32766,7492,2398,87,82,
32766,7489,2395,78,76,
32766,7505,2405,59,70,
32766,7504,2425,67,63,
32766,7486,2435,31,52,
32766,7491,2404,102,39,
32766,7497,2396,35,67,
32766,7477,2396,70,79,
32766,7480,2380,67,88,
32766,7483,2395,71,55,
32766,7482,2404,91,19,
32766,7495,2400,90,46,
32766,7500,2399,75,69,
32766,7499,2396,62,66,
32766,7486,2403,81,63,
32766,7493,2401,77,81,
32766,7482,2407,56,74,
32766,7491,2407,77,66,
32766,7495,2392,72,76,
32766,7494,2405,101,26,
32766,7516,2393,84,71,
32766,7489,2411,91,38,
32766,7514,2383,74,100,
32766,7505,2402,61,75,
32766,7501,2395,106,57,
32766,7494,2387,79,59,
32766,7487,2399,81,57,
32766,7482,2394,71,90,
32766,7501,2382,79,55,
32766,7501,2398,60,74,
32766,7505,2410,77,69,
32766,7507,2392,74,65,
32766,7485,2425,87,55,
32766,7506,2405,65,53,
32766,7491,2428,94,39,
32766,7511,2403,28,75,
32766,7508,2417,96,60,
32766,7488,2387,100,82,
32766,7509,2380,76,73,
32766,7470,2406,78,44,
32766,7492,2386,34,67,
32766,7509,2394,87,55,
32766,7498,2387,82,51,
32766,7503,2399,62,82,
32766,7487,2400,66,88,
32766,7498,2410,85,74,
32766,7512,2413,62,63,
32766,7508,2394,56,76,
32766,7501,2412,51,62,
32766,7502,2397,65,55,
32766,7496,2432,85,60,
32766,7478,2421,73,66,
32766,7520,2386,102,11,
32766,7507,2406,69,53,
32766,7475,2411,74,68,
32766,7516,2391,76,80,
32766,7498,2392,97,61,
32766,7507,2400,76,48,
32766,7517,2419,65,66,
32766,7518,2384,84,78,
32766,7489,2393,86,74,
32766,7519,2394,88,52,
32766,7499,2416,85,65,
32766,7501,2416,63,70,
32766,7510,2391,69,83,
32766,7513,2398,113,53,
32766,7490,2397,109,67,
32766,7518,2400,80,65,
32766,7493,2416,94,71,
32766,7514,2410,71,73,
32766,7474,2415,81,60,
32766,7472,2404,62,43,
32766,7511,2385,76,75,
32766,7507,2398,92,85,
32766,7502,2404,78,59,
32766,7514,2406,70,75,
32766,7528,2392,81,67,
32766,7509,2396,83,71,
32766,7503,2401,69,85,
32766,7509,2392,104,47,
32766,7531,2398,109,81,
32766,7517,2400,68,51,
32766,7511,2412,68,104,
32766,7515,2402,90,48,
32766,7524,2412,51,48,
32766,7503,2403,84,46,
32766,7518,2416,60,80,
32766,7509,2413,82,65,
32766,7519,2408,97,60,
32766,7504,2396,73,87,
32766,7521,2405,86,58,
32766,7516,2399,95,64,
32766,7493,2401,64,68,
32766,7533,2404,83,52,
32766,7494,2411,67,79,
32766,7514,2399,70,97,
32766,7495,2403,39,74,
32766,7497,2403,62,61,
32766,7520,2388,86,96,
32766,7520,2385,63,64,
32766,7514,2399,74,63,
32766,7512,2406,70,98,
32766,7517,2406,112,42,
32766,7515,2396,79,103,
32766,7510,2409,90,77,
32766,7499,2406,67,85,
32766,7504,2392,75,70,
32766,7509,2407,75,55,
32766,7507,2412,75,76,
32766,7503,2405,61,68,
32766,7503,2391,102,62,
32766,7510,2400,75,89,
32766,7536,2409,71,120,
32766,7509,2409,83,47,
32766,7519,2408,70,56,
32766,7495,2390,53,89,
32766,7484,2424,79,53,
32766,7502,2403,78,35,
32766,7500,2407,56,42,
32766,7503,2407,74,67,
32766,7513,2401,89,64,
32766,7493,2392,78,71,
32766,7499,2403,66,77,
32766,7509,2396,74,73,
32766,7508,2397,86,63,
32766,7512,2400,61,91,
32766,7499,2399,63,78,
32766,7537,2400,39,72,
32766,7495,2396,54,88,
32766,7496,2411,64,82,
32766,7504,2406,64,91,
32766,7516,2396,61,94,
32766,7526,2426,77,103,
32766,7516,2383,60,105,
32766,7505,2411,84,61,
32766,7507,2403,59,70,
32766,7511,2410,72,62,
32766,7514,2403,57,79,
32766,7513,2405,66,71,
32766,7501,2419,87,50,
32766,7519,2394,87,74,
32766,7500,2412,84,76,
32766,7514,2395,56,73,
32766,7521,2425,99,37,
32766,7510,2400,92,90,
32766,7523,2408,87,48,
32766,7497,2406,95,32,
32766,7501,2420,67,98,
32766,7528,2404,76,43,
32766,7526,2402,70,58,
32766,7519,2393,73,38,
32766,7505,2415,92,42,
32766,7510,2416,87,68,
32766,7508,2402,71,74,
32766,7497,2406,61,71,
32766,7510,2412,86,84,
32766,7499,2405,71,68,
32766,7490,2397,82,91,
32766,7525,2410,75,61,
32766,7521,2387,59,83,
32766,7525,2395,79,42,
32766,7497,2391,102,66,
32766,7479,2403,78,24,
32766,7510,2395,50,97,
32766,7528,2387,42,62,
32766,7499,2404,80,65,
32766,7518,2408,68,59,
32766,7504,2404,79,57,
32766,7511,2401,63,37,
32766,7512,2393,76,78,
32766,7505,2396,76,72,
32766,7513,2403,87,61,
32766,7489,2399,44,82,
32766,7490,2412,58,49,
32766,7482,2428,68,93,
32766,7504,2390,75,61,
32766,7501,2417,77,60,
32766,7491,2428,87,78,
32766,7493,2413,104,17,
32766,7471,2394,74,29,
32766,7501,2394,58,69,
32766,7497,2402,77,56,
32766,7492,2413,83,68,
32766,7484,2410,71,82,
32766,7510,2409,85,67,
32766,7501,2408,63,78,
32766,7484,2396,95,75,
32766,7498,2398,99,47,
32766,7502,2402,112,49,
32766,7523,2408,125,48,
32766,7512,2391,52,119,
32766,7486,2399,71,57,
32766,7487,2401,137,42,
32766,7513,2381,48,89,
32766,7462,2390,87,64,
32766,7489,2404,80,56,
32766,7489,2404,70,72,
32766,7511,2387,67,92,
32766,7501,2402,59,59,
32766,7490,2393,77,75,
32766,7495,2394,76,66,
32766,7507,2401,72,61,
32766,7500,2386,92,82,
32766,7491,2407,70,46,
32766,7524,2392,34,68,
32766,7510,2392,48,60,
32766,7498,2391,85,79,
32766,7474,2415,83,45,
32766,7505,2384,55,68,
32766,7501,2397,94,59,
32766,7503,2402,61,80,
32766,7504,2405,80,49,
32766,7511,2400,79,101,
32766,7500,2416,66,44,
32766,7511,2395,79,56,
32766,7507,2404,70,50,
32766,7508,2410,88,68,
32766,7510,2403,53,67,
32766,7511,2420,44,35,
32766,7511,2402,60,94,
32766,7518,2402,112,32,
32766,7505,2416,105,58,
32766,7528,2385,63,65,
32766,7514,2410,105,24,
32766,7528,2397,104,74,
32766,7497,2407,76,43,
32766,7506,2397,71,62,
32766,7508,2407,85,70,
32766,7503,2384,81,55,
32766,7494,2421,80,73,
32766,7490,2404,64,61,
32766,7498,2406,59,65,
32766,7500,2393,70,64,
32766,7518,2408,84,71,
32766,7510,2403,64,48,
32766,7502,2387,78,60,
32766,7493,2419,38,115,
32766,7486,2406,84,51,
32766,7501,2407,53,42,
32766,7480,2414,112,56,
32766,7492,2394,61,99,
32766,7487,2392,67,85,
32766,7505,2397,42,71,
32766,7508,2410,68,76,
32766,7513,2413,70,82,
32766,7502,2408,85,78,
32766,7500,2415,68,75,
32766,7522,2410,89,60,
32766,7516,2390,67,44,
32766,7487,2405,57,72,
32766,7510,2413,68,69,
32766,7528,2395,69,66,
32766,7492,2413,82,35,
32766,7497,2421,76,53,
32766,7495,2411,68,31,
32766,7521,2425,101,105,
32766,7528,2391,93,63,
32766,7519,2421,65,73,
32766,7514,2390,74,83,
32766,7511,2403,70,61,
32766,7513,2404,54,61,
32766,7519,2413,84,68,
32766,7510,2404,74,65,
32766,7518,2405,68,76,
32766,7508,2407,71,82,
32766,7509,2379,71,90,
32766,7534,2371,104,27,
32766,7496,2429,94,81,
32766,7519,2410,76,58,
32766,7502,2379,27,106,
32766,7523,2409,84,87,
32766,7515,2393,53,49,
32766,7507,2406,84,71,
32766,7521,2421,78,57,
32766,7528,2403,83,68,
32766,7517,2403,84,57,
32766,7526,2407,68,68,
32766,7524,2398,53,77,
32766,7509,2402,79,76,
32766,7512,2399,72,86,
32766,7531,2389,99,64,
32766,7519,2388,103,51,
32766,7530,2387,84,59,
32766,7533,2437,95,67,
32766,7516,2430,81,98,
32766,7509,2409,61,91,
32766,7506,2423,92,52,
32766,7519,2417,56,57,
32766,7508,2412,88,59,
32766,7517,2390,85,62,
32766,7526,2410,76,84,
32766,7515,2412,79,61,
32766,7508,2412,61,75,
32766,7532,2417,78,56,
32766,7529,2405,88,74,
32766,7524,2393,118,43,
32766,7523,2365,73,94,
32766,7491,2398,72,55,
32766,7544,2392,93,45,
32766,7509,2416,55,59,
32766,7508,2415,88,113,
32766,7520,2393,74,75,
32766,7507,2408,92,79,
32766,7513,2404,69,58,
32766,7514,2415,75,68,
32766,7507,2410,76,55,
32766,7510,2402,70,77,
32766,7524,2390,75,79,
32766,7502,2388,64,84,
32766,7521,2393,54,69,
32766,7522,2385,71,89,
32766,7523,2412,91,73,
32766,7511,2405,82,67,
32766,7489,2398,67,78,
32766,7506,2402,82,67,
32766,7498,2400,80,39,
32766,7503,2404,98,25,
32766,7504,2387,48,22,
32766,7492,2394,52,68,
32766,7502,2394,80,82,
32766,7489,2398,65,67,
32766,7504,2384,81,79,
32766,7502,2410,64,66,
32766,7490,2395,63,63,
32766,7492,2377,104,73,
32766,7505,2398,88,69,
32766,7489,2390,80,78,
32766,7519,2397,70,52,
32766,7509,2413,112,58,
32766,7488,2393,86,58,
32766,7495,2421,97,54,
32766,7482,2424,125,50,
32766,7507,2428,75,91,
32766,7494,2395,87,64,
32766,7496,2398,72,74,
32766,7501,2401,65,67,
32766,7493,2386,96,66,
32766,7500,2400,59,55,
32766,7520,2404,80,65,
32766,7497,2402,74,58,
32766,7486,2385,64,77,
32766,7462,2409,63,57,
32766,7467,2408,104,12,
32766,7480,2386,82,89,
32766,7493,2385,83,81,
32766,7498,2404,81,51,
32766,7502,2383,80,62,
32766,7494,2416,116,62,
32766,7477,2402,79,27,
32766,7502,2400,79,60,
32766,7496,2396,69,49,
32766,7484,2407,88,54,
32766,7502,2418,70,44,
32766,7497,2400,98,50,
32766,7501,2391,80,72,
32766,7495,2395,69,73,
32766,7489,2404,56,56,
32766,7483,2402,64,71,
32766,7488,2373,126,59,
32766,7507,2401,49,60,
32766,7492,2388,72,40,
32766,7504,2388,59,93,
32766,7478,2407,88,53,
32766,7495,2407,83,71,
32766,7494,2397,84,71,
32766,7520,2390,97,73,
32766,7502,2399,74,67,
32766,7508,2403,86,66,
32766,7519,2409,80,59,
32766,7507,2411,93,66,
32766,7523,2407,83,59,
32766,7529,2412,50,52,
32766,7514,2404,104,92,
32766,7496,2403,79,73,
32766,7520,2412,97,59,
32766,7529,2394,90,83,
32766,7529,2400,64,81,
32766,7556,2409,93,66,
32766,7541,2416,60,83,
32766,7533,2409,51,76,
32766,7537,2414,82,67,
32766,7547,2407,85,61,
32766,7531,2410,65,61,
32766,7555,2412,70,72,
32766,7554,2400,66,71,
32766,7546,2410,82,61,
32766,7557,2408,67,77,
32766,7547,2434,75,39,
32766,7553,2425,87,53,
32766,7546,2430,54,130,
32766,7548,2413,77,58,
32766,7551,2416,69,99,
32766,7555,2445,57,120,
32766,7534,2450,88,88,
32766,7548,2425,102,75,
32766,7559,2427,72,69,
32766,7554,2418,71,54,
32766,7553,2421,64,77,
32766,7560,2409,76,73,
32766,7555,2414,80,70,
32766,7571,2418,75,68,
32766,7558,2418,78,52,
32766,7561,2413,59,98,
32766,7553,2414,72,61,
32766,7543,2437,80,25,
32766,7577,2410,81,66,
32766,7554,2416,58,45,
32766,7575,2397,70,77,
32766,7574,2424,55,100,
32766,7576,2409,94,39,
32766,7550,2435,63,91,
32766,7542,2426,57,70,
32766,7554,2409,63,59,
32766,7556,2411,86,65,
32766,7559,2420,91,45,
32766,7553,2416,71,46,
32766,7552,2409,68,46,
32766,7554,2436,66,69,
32766,7545,2424,81,59,
32766,7561,2445,58,60,
32766,7549,2425,53,55,
32766,7522,2413,65,111,
32766,7535,2416,70,68,
32766,7578,2413,41,66,
32766,7537,2421,53,61,
32766,7568,2395,82,51,
32766,7556,2421,82,65,
32766,7550,2415,78,74,
32766,7551,2396,64,80,
32766,7559,2419,69,43,
32766,7558,2434,80,62,
32766,7571,2407,81,56,
32766,7559,2422,71,72,
32766,7574,2424,50,74,
32766,7555,2441,78,92,
32766,7544,2420,56,133,
32766,7563,2438,109,18,
32766,7556,2428,88,58,
32766,7567,2381,104,38,
32766,7551,2403,77,39,
32766,7537,2398,75,37,
32766,7583,2411,73,42,
32766,7555,2398,58,57,
32766,7556,2415,94,58,
32766,7566,2416,82,94,
32766,7566,2422,68,56,
32766,7579,2424,84,77,
32766,7566,2407,95,75,
32766,7573,2419,54,72,
32766,7594,2411,85,58,
32766,7589,2422,66,95,
32766,7568,2406,66,59,
32766,7581,2401,62,81,
32766,7565,2421,52,36,
32766,7588,2398,38,62,
32766,7569,2416,47,71,
32766,7581,2418,56,99,
32766,7550,2427,50,53,
32766,7570,2415,78,76,
32766,7562,2422,82,68,
32766,7568,2414,85,55,
32766,7565,2414,72,79,
32766,7578,2428,77,54,
32766,7556,2420,80,62,
32766,7551,2428,75,62,
32766,7567,2405,80,70,
32766,7568,2411,60,57,
32766,7560,2448,93,68,
32766,7543,2430,101,38,
32766,7565,2415,87,87,
32766,7570,2406,59,101,
32766,7560,2417,65,61,
32766,7563,2411,69,73,
32766,7557,2424,70,67,
32766,7568,2424,72,76,
32766,7549,2418,66,75,
32766,7545,2430,67,60,
32766,7541,2417,96,80,
32766,7555,2409,77,80,
32766,7540,2425,66,76,
32766,7544,2435,67,66,
32766,7570,2432,73,43,
32766,7562,2408,102,91,
32766,7520,2437,90,56,
32766,7515,2402,71,63,
32766,7571,2418,72,93,
32766,7569,2407,90,83,
32766,7541,2411,69,65,
32766,7558,2415,89,60,
32766,7533,2423,81,90,
32766,7543,2413,84,58,
32766,7542,2428,72,82,
32766,7553,2418,83,64,
32766,7547,2428,78,67,
32766,7562,2417,98,68,
32766,7560,2435,61,44,
32766,7566,2419,10,77,
32766,7550,2443,101,57,
32766,7543,2425,88,68,
32766,7539,2405,95,82,
32766,7546,2402,87,43,
32766,7542,2414,130,51,
32766,7551,2409,96,93,
32766,7553,2414,55,66,
32766,7552,2409,101,65,
32766,7536,2418,53,61,
32766,7540,2407,64,74,
