4517,70,64,43758,1248,
4518,125,61,43758,1217,
4488,76,78,43758,1233,
4479,111,27,43758,1258,
4516,88,64,43758,1239,
4505,76,65,43758,1216,
4536,88,73,43758,1234,
4507,56,51,43758,1251,
4520,84,69,43758,1230,
4508,81,65,43758,1228,
4519,60,78,43758,1223,
4538,97,55,43758,1233,
4503,67,54,43758,1247,
4518,60,79,43758,1236,
4532,83,68,43758,1219,
4522,50,27,43758,1230,
4515,85,87,43758,1217,
4525,78,89,43758,1233,
4510,75,55,43758,1251,
4523,76,45,43758,1249,
4548,70,67,43758,1229,
4513,46,78,43758,1231,
4526,100,55,43758,1216,
4522,87,51,43758,1251,
4509,83,54,43758,1226,
4513,74,93,43758,1228,
4518,68,67,43758,1237,
4522,75,67,43758,1244,
4521,69,73,43758,1241,
4500,84,50,43758,1240,
4489,89,63,43758,1238,
4512,61,79,43758,1208,
4541,95,77,43758,1210,
4505,78,57,43758,1240,
4527,56,77,43758,1232,
4527,96,67,43758,1241,
4507,85,59,43758,1239,
4530,95,56,43758,1233,
4527,66,62,43758,1240,
4504,73,58,43758,1238,
4520,73,53,43758,1232,
4526,78,61,43758,1250,
4518,75,70,43758,1230,
4509,93,64,43758,1241,
4534,79,81,43758,1225,
4541,75,43,43758,1235,
4499,91,42,43758,1250,
4523,59,77,43758,1232,
4522,59,56,43758,1245,
4540,72,57,43758,1225,
4516,64,103,43758,1248,
4537,68,74,43758,1241,
4512,80,72,43758,1243,
4509,81,69,43758,1229,
4514,67,95,43758,1240,
4507,97,46,43758,1222,
4509,82,67,43758,1236,
4500,67,80,43758,1238,
4500,65,86,43758,1237,
4509,83,84,43758,1211,
4507,83,82,43758,1248,
4516,69,109,43758,1219,
4485,87,54,43758,1228,
4524,82,63,43758,1217,
4512,86,102,43758,1249,
4493,78,56,43758,1245,
4513,80,33,43758,1236,
4517,80,66,43758,1248,
4537,83,64,43758,1233,
4514,73,79,43758,1242,
4502,82,78,43758,1229,
4502,78,62,43758,1235,
4530,90,75,43758,1241,
4516,86,47,43758,1247,
4512,85,77,43758,1232,
4527,78,89,43758,1223,
4516,71,70,43758,1245,
4551,63,75,43758,1222,
4520,71,68,43758,1257,
4560,112,19,43758,1230,
4526,101,64,43758,1222,
4522,85,62,43758,1235,
4536,77,68,43758,1252,
4522,68,71,43758,1228,
4508,76,67,43758,1225,
4521,81,53,43758,1252,
4517,76,64,43758,1245,
4524,89,63,43758,1253,
4511,87,58,43758,1241,
4503,89,46,43758,1240,
4517,62,86,43758,1228,
4536,89,74,43758,1248,
4536,51,74,43758,1233,
4534,60,63,43758,1239,
4525,74,64,43758,1224,
4535,79,84,43758,1223,
4545,76,82,43758,1250,
4547,70,73,43758,1248,
4525,100,56,43758,1234,
4519,89,79,43758,1233,
4528,64,79,43758,1257,
4553,73,83,43758,1238,
4554,76,70,43758,1231,
4558,75,66,43758,1248,
4546,76,81,43758,1253,
4527,98,53,43758,1244,
4581,58,51,43758,1248,
4556,83,48,43758,1255,
4549,85,89,43758,1262,
4538,86,52,43758,1254,
4562,71,88,43758,1252,
4543,68,83,43758,1248,
4541,95,67,43758,1240,
4553,79,79,43758,1252,
4543,78,72,43758,1233,
4553,85,68,43758,1238,
4566,75,65,43758,1238,
4559,81,72,43758,1236,
4543,82,61,43758,1241,
4569,99,49,43758,1219,
4537,84,22,43758,1263,
4573,95,59,43758,1244,
4570,87,90,43758,1254,
4553,72,105,43758,1252,
4563,83,67,43758,1228,
4554,81,42,43758,1253,
4549,71,71,43758,1245,
4552,80,48,43758,1240,
4544,88,47,43758,1231,
4561,68,56,43758,1242,
4560,80,69,43758,1249,
4557,81,80,43758,1231,
4554,54,49,43758,1245,
4561,70,82,43758,1235,
4549,57,84,43758,1252,
4539,56,57,43758,1254,
4533,83,57,43758,1231,
4570,67,82,43758,1221,
4534,78,93,43758,1242,
4544,90,7,43758,1219,
4512,92,70,43758,1248,
4541,77,76,43758,1250,
4551,78,75,43758,1235,
4555,87,83,43758,1246,
4535,105,50,43758,1250,
4531,83,55,43758,1245,
4538,75,61,43758,1243,
4546,87,60,43758,1234,
4525,90,41,43758,1240,
4531,74,64,43758,1256,
4553,71,65,43758,1237,
4562,92,58,43758,1233,
4561,107,0,43758,1216,
4564,74,48,43758,1247,
4528,79,61,43758,1225,
4543,94,46,43758,1222,
4533,70,93,43758,1260,
4532,84,70,43758,1247,
4545,91,55,43758,1242,
4535,87,72,43758,1230,
4546,71,86,43758,1244,
4546,71,60,43758,1238,
4539,90,74,43758,1243,
4539,115,44,43758,1236,
4558,84,51,43758,1281,
4527,74,39,43758,1223,
4549,80,18,43758,1230,
4552,64,95,43758,1228,
4523,90,46,43758,1222,
4541,78,44,43758,1223,
4540,77,60,43758,1238,
4554,79,72,43758,1240,
4542,85,101,43758,1249,
4541,84,67,43758,1246,
4544,70,71,43758,1250,
4549,73,59,43758,1232,
4558,71,57,43758,1248,
4550,91,65,43758,1249,
4536,85,93,43758,1252,
4546,106,51,43758,1233,
4530,84,74,43758,1233,
4529,106,81,43758,1242,
4560,91,47,43758,1249,
4539,103,39,43758,1241,
4540,62,80,43758,1247,
4543,84,68,43758,1254,
4546,78,77,43758,1232,
4534,86,80,43758,1229,
4544,107,69,43758,1245,
4547,68,65,43758,1229,
4553,60,67,43758,1241,
4541,64,60,43758,1249,
4539,68,60,43758,1243,
4555,79,86,43758,1228,
4516,66,56,43758,1264,
4528,74,85,43758,1246,
4537,93,11,43758,1253,
4564,117,49,43758,1237,
4538,94,44,43758,1251,
4531,75,69,43758,1234,
4545,83,59,43758,1247,
4542,75,70,43758,1241,
4553,89,59,43758,1254,
4536,76,63,43758,1242,
4554,77,65,43758,1235,
4537,86,67,43758,1233,
4545,103,64,43758,1250,
4564,87,78,43758,1222,
4528,72,66,43758,1275,
4567,88,59,43758,1232,
4544,78,106,43758,1248,
4532,70,91,43758,1267,
4544,89,95,43758,1224,
4532,106,41,43758,1244,
4528,94,91,43758,1240,
4530,81,65,43758,1259,
4544,77,58,43758,1240,
4533,84,64,43758,1247,
4535,89,88,43758,1233,
4525,75,70,43758,1218,
4542,68,65,43758,1237,
4533,80,58,43758,1242,
4554,81,39,43758,1235,
4550,64,104,43758,1235,
4544,77,62,43758,1242,
4527,54,54,43758,1228,
4514,89,65,43758,1269,
4539,77,51,43758,1227,
4532,76,67,43758,1253,
4525,70,79,43758,1233,
4536,73,71,43758,1238,
4540,76,72,43758,1250,
4519,72,60,43758,1248,
4525,74,48,43758,1253,
4539,87,78,43758,1224,
4520,82,87,43758,1253,
4539,38,57,43758,1267,
4516,58,88,43758,1231,
4553,101,56,43758,1251,
4566,91,44,43758,1250,
4516,81,81,43758,1258,
4523,54,93,43758,1264,
4537,73,47,43758,1233,
4547,83,59,43758,1238,
4536,90,84,43758,1256,
4528,75,74,43758,1240,
4536,87,56,43758,1236,
4540,83,65,43758,1222,
4529,90,69,43758,1250,
4533,76,76,43758,1246,
4528,88,83,43758,1221,
4538,88,59,43758,1249,
4548,98,76,43758,1220,
4515,87,73,43758,1234,
4538,83,87,43758,1241,
4526,81,43,43758,1225,
4521,59,50,43758,1245,
4546,65,52,43758,1233,
4537,81,60,43758,1231,
4533,82,72,43758,1232,
4520,70,85,43758,1257,
4525,64,82,43758,1256,
4535,86,64,43758,1237,
4530,82,80,43758,1236,
4526,73,69,43758,1257,
4527,89,49,43758,1233,
4515,68,71,43758,1247,
4543,100,64,43758,1243,
4531,78,59,43758,1252,
4552,102,46,43758,1224,
4529,93,63,43758,1244,
4546,83,73,43758,1237,
4517,62,81,43758,1240,
4525,85,60,43758,1228,
4521,68,61,43758,1247,
4521,98,73,43758,1260,
4526,59,59,43758,1256,
4524,76,61,43758,1254,
4523,64,61,43758,1239,
4535,61,78,43758,1261,
4498,72,62,43758,1254,
4504,62,108,43758,1246,
4571,68,39,43758,1216,
4530,82,80,43758,1247,
4532,72,88,43758,1246,
4543,64,83,43758,1203,
4526,78,73,43758,1221,
4529,94,66,43758,1241,
4511,79,68,43758,1245,
4534,71,78,43758,1234,
4516,95,72,43758,1246,
4533,80,72,43758,1242,
4521,83,83,43758,1229,
4526,97,56,43758,1237,
4538,77,58,43758,1239,
4522,95,91,43758,1232,
4543,99,61,43758,1231,
4511,64,98,43758,1240,
4511,85,55,43758,1235,
4526,79,85,43758,1255,
4521,90,85,43758,1261,
4526,115,57,43758,1261,
4535,75,68,43758,1237,
4528,77,46,43758,1230,
4523,75,60,43758,1235,
4526,70,66,43758,1238,
4539,66,80,43758,1239,
4511,78,52,43758,1250,
4521,87,60,43758,1241,
4528,52,46,43758,1239,
4514,99,63,43758,1238,
4502,95,62,43758,1251,
4539,105,51,43758,1230,
4530,64,52,43758,1241,
4532,79,102,43758,1238,
4511,92,85,43758,1239,
4532,84,51,43758,1246,
4533,84,59,43758,1237,
4538,74,57,43758,1234,
4539,80,71,43758,1227,
4520,99,53,43758,1237,
4515,74,65,43758,1233,
4519,98,79,43758,1238,
4519,95,58,43758,1244,
4534,75,32,43758,1264,
4515,93,47,43758,1257,
4528,55,69,43758,1236,
4516,75,69,43758,1242,
4534,31,97,43758,1240,
4547,54,96,43758,1233,
4540,81,83,43758,1254,
4531,73,64,43758,1249,
4540,83,87,43758,1242,
4530,83,67,43758,1243,
4536,87,68,43758,1243,
4529,69,67,43758,1240,
4524,94,55,43758,1242,
4533,64,79,43758,1249,
4536,67,58,43758,1255,
4501,97,76,43758,1245,
4548,81,84,43758,1193,
4554,64,48,43758,1226,
4515,79,66,43758,1240,
4529,101,18,43758,1225,
4540,63,84,43758,1249,
4551,79,89,43758,1229,
4521,84,72,43758,1254,
4520,81,39,43758,1242,
4535,86,72,43758,1246,
4546,74,76,43758,1249,
4533,82,58,43758,1241,
4531,78,78,43758,1232,
4517,97,55,43758,1257,
4540,95,87,43758,1235,
4526,54,80,43758,1261,
4540,128,50,43758,1234,
4502,76,67,43758,1266,
4516,93,74,43758,1253,
4518,86,76,43758,1277,
4530,71,72,43758,1232,
4519,83,70,43758,1236,
4529,73,76,43758,1238,
4528,91,65,43758,1223,
4519,71,63,43758,1231,
4534,60,65,43758,1231,
4530,67,65,43758,1247,
4541,69,60,43758,1254,
4520,67,79,43758,1240,
4527,69,37,43758,1244,
4550,80,52,43758,1237,
4528,63,98,43758,1231,
4512,84,56,43758,1249,
4527,77,70,43758,1265,
4507,69,89,43758,1249,
4525,69,76,43758,1226,
4533,81,57,43758,1241,
4514,85,59,43758,1255,
4513,86,57,43758,1253,
4526,80,51,43758,1239,
4537,92,41,43758,1263,
4537,80,70,43758,1233,
4520,81,82,43758,1243,
4528,89,66,43758,1254,
4534,86,68,43758,1288,
4530,109,33,43758,1241,
4525,104,47,43758,1246,
4527,75,80,43758,1258,
4540,81,64,43758,1250,
4535,72,115,43758,1255,
4537,58,84,43758,1239,
4522,93,60,43758,1244,
4531,72,79,43758,1254,
4542,82,71,43758,1253,
4535,62,48,43758,1244,
4533,61,71,43758,1257,
4528,72,68,43758,1247,
4535,75,88,43758,1239,
4550,78,82,43758,1233,
4558,99,66,43758,1258,
4536,80,37,43758,1236,
4523,78,76,43758,1262,
4544,73,65,43758,1258,
4531,54,60,43758,1248,
4527,90,47,43758,1252,
4544,72,67,43758,1250,
4546,78,80,43758,1254,
4553,76,72,43758,1242,
4543,83,60,43758,1256,
4548,81,75,43758,1247,
4540,86,64,43758,1248,
4535,77,72,43758,1251,
4543,81,63,43758,1235,
4541,80,65,43758,1224,
4578,67,89,43758,1237,
4555,69,53,43758,1251,
4532,62,86,43758,1238,
4534,62,73,43758,1239,
4543,75,44,43758,1226,
4566,77,94,43758,1233,
4529,72,83,43758,1233,
4539,72,65,43758,1241,
4530,75,77,43758,1241,
4536,89,55,43758,1241,
4528,75,82,43758,1262,
4515,88,63,43758,1240,
4541,92,73,43758,1246,
4538,92,77,43758,1251,
4544,87,61,43758,1262,
4557,101,72,43758,1245,
4537,68,52,43758,1239,
4512,73,77,43758,1239,
4520,81,53,43758,1250,
4510,105,43,43758,1269,
4513,107,47,43758,1245,
4537,74,80,43758,1253,
4527,67,53,43758,1240,
4538,91,67,43758,1233,
4528,75,82,43758,1245,
4542,74,79,43758,1234,
4537,76,63,43758,1249,
4534,69,66,43758,1240,
4557,83,58,43758,1239,
4540,84,63,43758,1260,
4531,115,26,43758,1258,
4526,90,91,43758,1252,
4553,80,80,43758,1247,
4540,83,74,43758,1247,
4576,76,43,43758,1230,
4530,71,44,43758,1215,
4554,86,86,43758,1249,
4538,81,71,43758,1241,
4542,94,86,43758,1248,
4544,75,65,43758,1234,
4521,81,61,43758,1238,
4544,87,57,43758,1247,
4556,92,73,43758,1239,
4553,80,69,43758,1226,
4548,56,68,43758,1261,
4574,111,26,43758,1215,
4556,100,78,43758,1245,
4564,63,71,43758,1235,
4564,90,41,43758,1254,
4557,50,69,43758,1248,
4547,105,64,43758,1257,
4534,73,67,43758,1254,
4548,91,84,43758,1236,
4546,64,74,43758,1251,
4544,81,52,43758,1267,
4551,75,62,43758,1256,
4561,77,42,43758,1252,
4565,71,74,43758,1258,
4546,83,48,43758,1226,
4548,68,73,43758,1241,
4556,54,74,43758,1246,
4539,104,50,43758,1247,
4551,83,20,43758,1233,
4555,95,59,43758,1269,
4519,44,113,43758,1248,
4543,68,69,43758,1260,
4543,67,82,43758,1253,
4538,75,86,43758,1245,
4552,67,67,43758,1243,
4541,82,76,43758,1246,
4554,76,62,43758,1240,
4538,87,55,43758,1253,
4545,93,78,43758,1251,
4538,81,80,43758,1242,
4529,90,55,43758,1279,
4571,59,56,43758,1262,
4556,84,94,43758,1266,
4560,77,75,43758,1259,
4536,90,93,43758,1260,
4558,85,65,43758,1256,
4563,91,47,43758,1252,
4545,77,70,43758,1259,
4539,67,77,43758,1229,
4545,80,68,43758,1237,
4564,88,72,43758,1254,
4564,78,38,43758,1254,
4546,93,68,43758,1251,
4549,71,26,43758,1272,
4537,97,94,43758,1244,
4582,88,62,43758,1216,
4566,103,66,43758,1241,
4548,57,93,43758,1254,
4545,85,89,43758,1242,
4566,99,77,43758,1253,
4535,68,68,43758,1254,
4561,79,63,43758,1261,
4543,86,68,43758,1247,
4564,75,65,43758,1255,
4536,65,75,43758,1258,
4548,82,70,43758,1253,
4552,75,47,43758,1237,
4549,86,73,43758,1247,
4553,73,104,43758,1239,
4554,55,92,43758,1237,
4552,114,35,43758,1235,
4562,80,68,43758,1269,
4552,86,51,43758,1233,
4565,51,116,43758,1239,
4565,88,47,43758,1226,
4554,105,58,43758,1243,
4539,70,87,43758,1231,
4555,85,73,43758,1245,
4540,68,53,43758,1256,
4537,71,71,43758,1259,
4546,79,70,43758,1236,
4546,78,57,43758,1245,
4553,75,66,43758,1244,
4531,73,78,43758,1258,
4540,60,65,43758,1243,
4555,103,47,43758,1240,
4544,67,73,43758,1255,
4556,63,77,43758,1237,
4534,64,65,43758,1232,
4556,83,102,43758,1264,
4541,43,83,43758,1239,
4543,94,49,43758,1248,
4548,69,77,43758,1242,
4533,92,77,43758,1251,
4547,85,61,43758,1241,
4551,76,58,43758,1251,
4545,96,70,43758,1245,
4552,72,63,43758,1243,
4523,43,61,43758,1228,
4573,92,49,43758,1252,
4540,74,76,43758,1254,
4538,72,51,43758,1260,
4519,75,91,43758,1260,
4563,52,3,43758,1199,
4559,110,53,43758,1296,
4557,88,70,43758,1259,
4525,64,55,43758,1255,
4551,88,71,43758,1254,
4551,77,83,43758,1255,
4544,82,66,43758,1244,
4531,57,61,43758,1263,
4541,70,45,43758,1255,
4546,85,51,43758,1264,
4585,87,86,43758,1228,
4532,73,76,43758,1261,
4551,103,81,43758,1234,
4558,92,59,43758,1246,
4574,60,93,43758,1232,
4542,33,84,43758,1251,
4547,56,75,43758,1263,
4535,79,59,43758,1253,
4552,84,78,43758,1241,
4552,87,58,43758,1233,
4540,80,72,43758,1241,
4547,86,65,43758,1235,
4555,78,56,43758,1247,
4546,91,47,43758,1241,
4538,89,69,43758,1223,
4520,71,103,43758,1243,
4557,55,96,43758,1240,
4535,85,83,43758,1233,
4557,95,87,43758,1247,
4551,57,106,43758,1241,
4538,94,42,43758,1240,
4532,109,51,43758,1247,
4539,74,62,43758,1257,
4550,89,75,43758,1230,
4540,70,66,43758,1243,
4524,99,66,43758,1232,
4534,68,65,43758,1255,
4549,72,74,43758,1264,
4557,72,60,43758,1250,
4551,95,76,43758,1233,
4565,54,57,43758,1246,
4555,94,87,43758,1232,
4563,88,62,43758,1222,
4560,71,91,43758,1266,
4556,106,47,43758,1247,
4551,66,80,43758,1268,
4550,88,63,43758,1256,
4532,81,71,43758,1253,
4553,72,67,43758,1255,
4534,79,75,43758,1253,
4548,76,92,43758,1239,
4540,88,74,43758,1258,
4536,100,79,43758,1247,
4552,80,76,43758,1225,
4542,82,93,43758,1233,
4530,87,86,43758,1261,
4557,75,72,43758,1256,
4538,70,59,43758,1234,
4545,54,104,43758,1262,
4514,45,110,43758,1260,
4559,88,72,43758,1240,
4537,80,76,43758,1249,
4554,73,74,43758,1241,
4535,84,51,43758,1239,
4521,89,62,43758,1256,
4552,78,61,43758,1248,
4549,87,70,43758,1235,
4537,80,55,43758,1241,
4538,74,62,43758,1270,
4529,95,82,43758,1266,
4564,53,82,43758,1212,
4579,70,75,43758,1238,
4553,95,72,43758,1264,
4538,64,67,43758,1254,
4535,46,99,43758,1251,
4526,74,97,43758,1245,
4558,79,75,43758,1247,
4550,89,69,43758,1253,
4547,67,71,43758,1247,
4546,68,64,43758,1252,
4560,73,54,43758,1252,
4551,77,64,43758,1260,
4547,78,67,43758,1261,
4556,93,52,43758,1253,
4516,104,56,43758,1269,
4563,103,78,43758,1255,
4562,96,54,43758,1258,
4547,89,59,43758,1251,
4537,76,62,43758,1243,
4542,76,64,43758,1243,
4557,85,71,43758,1261,
4546,76,71,43758,1250,
4556,85,70,43758,1239,
4549,75,59,43758,1262,
4560,77,55,43758,1256,
4563,80,81,43758,1260,
4555,82,73,43758,1248,
4546,82,58,43758,1236,
4549,85,88,43758,1238,
4541,61,80,43758,1249,
4551,71,89,43758,1252,
4551,93,50,43758,1265,
4577,76,63,43758,1255,
4581,94,62,43758,1241,
4545,90,61,43758,1262,
4570,72,73,43758,1252,
4576,77,74,43758,1248,
4541,105,52,43758,1250,
4557,66,66,43758,1257,
4556,94,62,43758,1246,
4556,79,76,43758,1255,
4550,82,68,43758,1268,
4559,75,33,43758,1261,
4572,86,73,43758,1255,
4548,73,53,43758,1254,
4526,66,111,43758,1262,
4565,93,44,43758,1257,
4541,91,103,43758,1278,
4518,78,83,43758,1255,
4553,80,80,43758,1290,
4556,53,69,43758,1262,
4564,99,57,43758,1243,
4555,76,60,43758,1248,
4553,72,55,43758,1270,
4544,80,61,43758,1261,
4555,78,42,43758,1259,
4568,63,89,43758,1246,
4543,63,73,43758,1242,
4546,87,43,43758,1244,
4545,64,76,43758,1241,
4553,89,87,43758,1248,
4534,70,64,43758,1265,
4535,77,67,43758,1251,
4556,104,58,43758,1268,
4529,79,96,43758,1238,
4552,79,68,43758,1247,
4560,100,63,43758,1250,
4552,70,65,43758,1263,
4555,74,71,43758,1240,
4557,84,65,43758,1243,
4557,75,54,43758,1241,
4543,90,47,43758,1243,
4565,75,64,43758,1229,
4540,77,44,43758,1276,
4602,70,72,43758,1271,
4583,63,84,43758,1240,
4544,67,91,43758,1238,
4553,67,71,43758,1213,
4557,100,97,43758,1265,
4559,93,74,43758,1235,
4553,79,77,43758,1248,
4547,80,61,43758,1261,
4556,79,65,43758,1240,
4553,87,61,43758,1254,
4546,73,62,43758,1247,
4570,58,82,43758,1247,
4565,68,68,43758,1251,
4584,55,65,43758,1252,
4530,93,34,43758,1285,
4544,76,45,43758,1242,
4557,77,81,43758,1256,
4549,57,70,43758,1241,
4521,58,43,43758,1246,
4563,72,65,43758,1253,
4554,82,62,43758,1227,
4561,68,69,43758,1245,
4556,80,71,43758,1241,
4538,88,85,43758,1255,
4551,79,60,43758,1243,
4553,68,79,43758,1243,
4552,78,69,43758,1263,
4548,61,85,43758,1266,
4548,66,64,43758,1266,
4544,74,100,43758,1251,
4543,46,74,43758,1271,
4548,60,89,43758,1257,
4553,83,51,43758,1251,
4560,58,88,43758,1254,
4536,83,48,43758,1267,
4549,69,66,43758,1244,
4533,84,66,43758,1240,
4554,84,56,43758,1256,
4544,82,81,43758,1246,
4546,81,90,43758,1249,
4554,89,70,43758,1235,
4559,73,75,43758,1263,
4545,93,58,43758,1257,
4533,41,76,43758,1275,
4538,63,112,43758,1233,
4537,90,58,43758,1282,
4553,84,51,43758,1238,
4576,79,71,43758,1249,
4583,102,100,43758,1252,
4554,77,86,43758,1236,
4538,75,75,43758,1246,
4558,78,71,43758,1242,
4564,72,75,43758,1253,
4562,76,72,43758,1237,
4532,85,90,43758,1241,
4547,85,90,43758,1235,
4537,89,63,43758,1223,
4543,78,80,43758,1247,
4545,54,64,43758,1245,
4537,61,114,43758,1241,
4551,87,27,43758,1254,
4533,75,52,43758,1258,
4535,59,79,43758,1245,
4550,99,26,43758,1255,
4535,90,84,43758,1258,
4546,77,48,43758,1252,
4548,65,61,43758,1266,
4535,85,87,43758,1240,
4545,76,55,43758,1262,
4547,79,68,43758,1251,
4541,72,67,43758,1252,
4539,70,77,43758,1254,
4554,87,80,43758,1222,
4556,80,33,43758,1257,
4561,91,65,43758,1289,
4538,106,61,43758,1254,
4534,76,93,43758,1251,
4530,82,67,43758,1284,
4521,67,88,43758,1265,
4539,67,71,43758,1241,
4545,66,94,43758,1264,
4545,75,61,43758,1250,
4546,87,70,43758,1236,
4520,90,59,43758,1244,
4550,74,60,43758,1265,
4540,70,63,43758,1234,
4552,75,76,43758,1228,
4553,81,32,43758,1261,
4529,61,81,43758,1248,
4570,54,99,43758,1241,
4551,75,68,43758,1243,
4529,68,78,43758,1251,
4528,64,71,43758,1270,
4536,77,72,43758,1251,
4547,83,81,43758,1240,
4546,83,50,43758,1232,
4554,79,64,43758,1244,
4560,89,49,43758,1245,
4549,72,79,43758,1238,
4549,74,59,43758,1251,
4556,87,90,43758,1258,
4560,86,68,43758,1229,
4521,68,98,43758,1239,
4567,78,83,43758,1219,
4527,70,80,43758,1242,
4549,100,69,43758,1247,
4530,89,23,43758,1245,
4545,50,81,43758,1236,
4561,94,71,43758,1262,
4553,72,68,43758,1237,
4530,82,65,43758,1252,
4551,76,72,43758,1238,
4533,90,40,43758,1248,
4545,69,65,43758,1234,
4550,74,70,43758,1236,
4532,81,85,43758,1259,
4531,73,75,43758,1260,
4537,118,22,43758,1217,
4548,104,95,43758,1242,
4549,85,39,43758,1224,
4547,88,69,43758,1260,
4557,81,59,43758,1226,
4561,71,64,43758,1208,
4526,58,90,43758,1239,
4553,67,72,43758,1257,
4536,89,57,43758,1248,
4531,75,62,43758,1258,
4527,89,54,43758,1256,
4536,82,67,43758,1236,
4534,84,71,43758,1246,
4549,73,65,43758,1245,
4530,88,61,43758,1235,
4538,70,77,43758,1250,
4517,60,77,43758,1273,
4561,77,85,43758,1243,
4560,77,48,43758,1217,
4534,79,62,43758,1248,
4526,64,79,43758,1237,
4528,48,101,43758,1256,
4530,89,80,43758,1248,
4539,73,55,43758,1239,
4533,64,75,43758,1255,
4536,75,69,43758,1236,
4537,63,50,43758,1250,
4523,79,54,43758,1248,
4517,80,67,43758,1236,
4522,67,48,43758,1251,
4536,78,20,43758,1268,
4520,72,60,43758,1260,
4536,100,57,43758,1237,
4515,66,77,43758,1231,
4512,69,86,43758,1236,
4502,84,59,43758,1240,
4502,76,67,43758,1243,
4536,75,71,43758,1224,
4522,71,70,43758,1255,
4522,76,61,43758,1245,
4527,96,68,43758,1239,
4503,68,64,43758,1252,
4519,74,52,43758,1245,
4529,86,64,43758,1256,
4522,71,40,43758,1275,
4538,70,67,43758,1238,
4544,65,70,43758,1225,
4534,80,65,43758,1243,
4508,73,73,43758,1250,
4481,64,66,43758,1246,
4546,74,58,43758,1270,
4539,91,60,43758,1242,
4513,58,68,43758,1247,
4523,92,54,43758,1234,
4523,75,79,43758,1239,
4513,95,69,43758,1247,
4520,92,71,43758,1240,
4508,72,92,43758,1251,
4528,76,47,43758,1244,
4536,75,33,43758,1218,
4543,67,45,43758,1252,
4533,76,91,43758,1247,
4519,79,68,43758,1248,
4545,41,66,43758,1239,
4539,81,74,43758,1239,
4528,74,83,43758,1236,
4531,91,88,43758,1258,
4521,83,64,43758,1255,
4533,66,87,43758,1256,
4542,69,80,43758,1227,
4547,85,65,43758,1245,
4515,79,60,43758,1252,
4521,63,66,43758,1241,
4543,83,65,43758,1244,
4504,92,60,43758,1262,
4517,70,70,43758,1250,
4518,92,75,43758,1252,
4539,82,41,43758,1239,
4519,74,50,43758,1237,
4528,95,68,43758,1258,
4511,103,81,43758,1240,
4514,66,74,43758,1240,
4507,84,58,43758,1238,
4529,92,50,43758,1243,
4522,63,66,43758,1238,
4525,64,61,43758,1253,
4526,86,65,43758,1260,
4521,89,54,43758,1253,
4490,102,61,43758,1222,
4511,99,52,43758,1252,
4502,74,83,43758,1234,
4518,54,66,43758,1237,
4519,61,82,43758,1266,
4545,91,33,43758,1227,
4513,79,58,43758,1230,
4527,81,92,43758,1231,
4512,96,61,43758,1241,
4509,80,76,43758,1237,
4529,60,67,43758,1258,
4529,76,64,43758,1248,
4521,78,75,43758,1246,
4521,61,80,43758,1260,
4518,75,74,43758,1237,
4519,78,74,43758,1251,
4491,75,92,43758,1275,
4508,83,50,43758,1245,
4510,92,50,43758,1252,
4514,58,93,43758,1244,
4531,79,72,43758,1222,
4520,52,108,43758,1227,
4540,70,65,43758,1254,
4525,87,51,43758,1243,
4521,94,55,43758,1255,
4518,75,74,43758,1250,
4521,72,51,43758,1231,
4519,84,69,43758,1244,
4521,74,65,43758,1250,
4521,62,45,43758,1242,
4537,84,50,43758,1229,
4498,110,38,43758,1248,
4530,103,62,43758,1253,
4522,79,81,43758,1270,
4525,83,45,43758,1245,
4512,82,76,43758,1266,
4523,103,53,43758,1244,
4531,96,69,43758,1234,
4518,77,70,43758,1256,
4517,79,51,43758,1249,
4520,85,61,43758,1241,
4510,100,74,43758,1239,
4505,82,72,43758,1239,
4510,82,70,43758,1254,
4515,69,54,43758,1228,
4523,50,73,43758,1255,
4535,47,53,43758,1252,
4511,73,48,43758,1244,
4503,75,92,43758,1236,
4525,88,47,43758,1245,
4492,72,61,43758,1251,
4520,79,93,43758,1258,
4517,91,63,43758,1263,
4511,75,70,43758,1250,
4522,66,82,43758,1235,
4525,73,83,43758,1224,
4517,81,82,43758,1234,
4532,72,80,43758,1245,
4512,89,60,43758,1234,
4505,90,15,43758,1238,
4503,108,60,43758,1273,
4518,56,70,43758,1241,
4521,85,46,43758,1233,
4516,63,60,43758,1249,
4501,72,77,43758,1271,
4517,75,20,43758,1253,
4532,96,75,43758,1240,
4509,97,82,43758,1243,
4517,78,74,43758,1257,
4523,75,70,43758,1243,
4518,73,67,43758,1241,
4529,81,63,43758,1244,
4507,85,48,43758,1258,
4520,74,65,43758,1220,
4505,74,90,43758,1244,
4509,59,92,43758,1220,
4521,90,59,43758,1233,
4511,79,83,43758,1245,
4524,107,30,43758,1256,
4519,78,29,43758,1238,
4509,101,43,43758,1230,
4528,83,69,43758,1240,
4521,56,61,43758,1257,
4531,88,80,43758,1257,
4533,68,61,43758,1232,
4511,77,69,43758,1250,
4524,83,62,43758,1229,
4518,78,74,43758,1252,
4523,65,80,43758,1244,
4511,89,52,43758,1230,
4517,67,68,43758,1239,
4508,92,95,43758,1218,
4511,72,64,43758,1235,
4496,87,97,43758,1243,
4513,96,65,43758,1226,
4491,44,77,43758,1255,
4512,81,71,43758,1245,
4514,81,70,43758,1248,
4517,83,61,43758,1241,
4509,77,68,43758,1240,
4506,79,51,43758,1250,
4497,66,69,43758,1251,
4506,85,66,43758,1234,
4514,78,54,43758,1220,
4512,80,49,43758,1258,
4513,60,108,43758,1247,
4525,83,49,43758,1250,
4513,93,69,43758,1242,
4543,72,68,43758,1221,
4511,88,92,43758,1269,
4515,98,86,43758,1215,
4503,79,75,43758,1237,
4507,81,54,43758,1253,
4527,86,68,43758,1247,
4521,80,58,43758,1251,
4500,90,62,43758,1249,
4510,67,74,43758,1237,
4523,78,72,43758,1253,
4506,97,20,43758,1249,
4514,70,81,43758,1253,
4524,100,93,43758,1220,
4504,80,85,43758,1245,
4499,97,109,43758,1276,
4516,62,59,43758,1253,
4506,85,94,43758,1243,
4526,90,41,43758,1239,
4508,81,64,43758,1249,
4513,71,83,43758,1243,
4512,62,59,43758,1242,
4501,91,65,43758,1249,
4530,70,62,43758,1241,
4511,70,74,43758,1242,
4511,69,84,43758,1235,
4523,94,77,43758,1229,
4523,32,99,43758,1230,
4520,78,69,43758,1226,
4524,82,51,43758,1252,
4498,80,81,43758,1247,
4528,44,107,43758,1242,
4502,65,97,43758,1262,
4522,54,74,43758,1238,
4529,74,76,43758,1242,
4521,82,56,43758,1241,
4517,77,78,43758,1237,
4506,83,54,43758,1249,
4513,77,66,43758,1250,
4520,75,74,43758,1233,
4515,71,72,43758,1229,
4510,85,62,43758,1268,
4540,60,71,43758,1260,
4544,69,94,43758,1240,
4507,78,65,43758,1234,
4550,79,50,43758,1236,
4517,85,62,43758,1252,
4511,88,46,43758,1219,
4513,63,65,43758,1252,
4519,82,72,43758,1257,
4501,69,79,43758,1242,
4513,87,71,43758,1245,
4515,75,73,43758,1244,
4516,86,73,43758,1259,
4499,75,61,43758,1251,
4531,90,70,43758,1239,
4541,46,79,43758,1275,
4497,87,49,43758,1258,
4505,61,98,43758,1244,
4501,60,99,43758,1262,
4523,47,96,43758,1248,
4543,70,74,43758,1245,
4509,95,81,43758,1243,
4514,89,56,43758,1238,
4506,56,94,43758,1254,
4504,82,60,43758,1255,
4493,84,89,43758,1245,
4527,73,64,43758,1248,
4513,81,75,43758,1242,
4519,62,76,43758,1238,
4507,58,49,43758,1252,
4512,54,83,43758,1250,
4493,66,47,43758,1245,
4496,93,59,43758,1243,
4479,84,83,43758,1229,
4492,55,111,43758,1256,
4506,68,108,43758,1244,
4512,96,73,43758,1262,
4500,77,68,43758,1241,
4516,77,82,43758,1229,
4510,71,70,43758,1254,
4516,88,72,43758,1248,
4502,84,88,43758,1237,
4508,81,68,43758,1237,
4532,76,46,43758,1252,
4518,74,84,43758,1206,
4511,98,62,43758,1230,
4521,73,73,43758,1238,
4515,82,63,43758,1254,
4523,87,35,43758,1253,
4525,115,37,43758,1252,
4514,77,77,43758,1252,
4515,77,63,43758,1235,
4528,96,84,43758,1230,
4495,63,84,43758,1247,
4492,79,73,43758,1230,
4517,70,71,43758,1247,
4531,81,48,43758,1246,
4495,83,72,43758,1236,
4528,68,62,43758,1243,
4518,110,84,43758,1266,
4511,91,26,43758,1263,
4509,62,85,43758,1234,
4520,64,60,43758,1218,
4492,76,55,43758,1259,
4507,103,49,43758,1279,
4513,89,23,43758,1216,
4521,59,89,43758,1233,
4519,84,61,43758,1247,
4513,65,88,43758,1238,
4513,76,46,43758,1244,
4520,78,57,43758,1254,
4515,93,74,43758,1260,
4529,78,50,43758,1247,
4520,103,51,43758,1238,
4495,49,42,43758,1241,
4522,75,89,43758,1249,
4499,102,38,43758,1227,
4539,51,88,43758,1243,
4510,79,66,43758,1269,
4519,86,88,43758,1253,
4513,83,53,43758,1237,
4515,81,65,43758,1229,
4518,85,81,43758,1230,
4510,77,71,43758,1226,
4500,86,71,43758,1264,
4504,64,78,43758,1230,
4514,53,76,43758,1236,
4519,59,54,43758,1240,
4517,60,49,43758,1206,
4530,74,58,43758,1245,
4500,59,78,43758,1249,
4523,81,74,43758,1244,
4503,56,75,43758,1220,
4529,73,77,43758,1224,
4482,82,73,43758,1251,
4507,82,59,43758,1258,
4509,75,71,43758,1257,
4521,54,83,43758,1218,
4508,96,64,43758,1239,
4501,97,68,43758,1245,
4505,81,61,43758,1249,
4518,84,57,43758,1245,
4514,63,67,43758,1248,
4488,72,71,43758,1257,
4489,83,63,43758,1249,
4511,88,31,43758,1267,
4508,62,86,43758,1228,
4506,84,33,43758,1216,
4496,72,68,43758,1220,
4502,94,90,43758,1228,
4505,76,59,43758,1255,
4517,86,76,43758,1244,
4512,78,80,43758,1247,
4528,70,92,43758,1255,
4512,80,56,43758,1247,
4516,81,55,43758,1230,
4494,82,86,43758,1235,
4507,72,71,43758,1229,
4498,104,103,43758,1250,
4516,66,86,43758,1224,
4502,83,54,43758,1255,
4525,81,70,43758,1241,
4536,42,89,43758,1219,
4511,49,83,43758,1251,
4484,97,30,43758,1250,
4507,63,71,43758,1242,
4519,82,69,43758,1248,
4520,90,66,43758,1256,
4519,76,64,43758,1222,
4516,84,55,43758,1245,
4526,68,72,43758,1256,
4518,78,59,43758,1242,
4507,65,98,43758,1250,
4496,94,47,43758,1237,
4525,68,80,43758,1241,
4528,92,57,43758,1232,
4505,65,87,43758,1231,
4486,68,88,43758,1231,
4513,79,89,43758,1236,
4484,57,50,43758,1259,
4522,93,77,43758,1245,
4510,88,49,43758,1244,
4502,79,57,43758,1252,
4518,91,57,43758,1246,
4508,78,66,43758,1236,
4501,64,73,43758,1251,
4512,75,61,43758,1237,
4501,88,99,43758,1248,
4511,66,88,43758,1250,
4482,55,53,43758,1249,
4507,60,69,43758,1237,
4518,73,68,43758,1250,
4508,75,39,43758,1217,
4537,96,64,43758,1232,
4505,97,54,43758,1265,
4509,78,59,43758,1247,
4524,86,68,43758,1254,
4506,79,63,43758,1244,
4526,68,57,43758,1251,
4515,67,62,43758,1258,
4517,73,65,43758,1249,
4512,96,70,43758,1250,
4535,96,59,43758,1266,
4523,51,85,43758,1223,
4536,63,92,43758,1223,
4554,69,62,43758,1251,
4517,88,53,43758,1224,
4510,93,68,43758,1248,
4531,68,40,43758,1257,
4511,77,78,43758,1259,
4505,78,54,43758,1241,
4508,77,65,43758,1234,
4527,74,75,43758,1248,
4503,74,76,43758,1248,
4511,81,71,43758,1235,
4503,86,54,43758,1255,
4512,51,57,43758,1260,
4523,88,94,43758,1243,
4494,44,92,43758,1266,
4517,99,61,43758,1233,
4515,95,61,43758,1252,
4524,106,44,43758,1254,
4519,86,67,43758,1275,
4498,85,79,43758,1252,
4499,79,56,43758,1237,
4519,78,65,43758,1232,
4494,82,61,43758,1252,
4519,77,74,43758,1247,
4529,89,65,43758,1243,
4514,76,80,43758,1232,
4498,76,79,43758,1244,
4523,57,92,43758,1224,
4510,55,85,43758,1244,
4527,94,68,43758,1226,
4519,74,80,43758,1255,
4501,62,72,43758,1246,
4501,57,51,43758,1243,
4513,92,44,43758,1253,
4527,86,61,43758,1258,
4522,58,77,43758,1240,
4498,70,63,43758,1255,
4510,80,73,43758,1241,
4526,64,54,43758,1240,
4511,68,63,43758,1244,
4529,63,63,43758,1248,
4512,79,48,43758,1241,
4515,62,84,43758,1268,
4518,62,36,43758,1214,
4495,92,58,43758,1253,
4496,68,54,43758,1255,
4506,72,52,43758,1243,
4549,63,108,43758,1244,
4521,79,76,43758,1225,
4509,74,66,43758,1260,
4504,86,58,43758,1248,
4524,74,69,43758,1265,
4514,62,81,43758,1247,
4519,71,63,43758,1253,
4514,54,78,43758,1253,
4512,63,68,43758,1255,
4499,85,78,43758,1249,
4528,79,71,43758,1251,
4515,54,95,43758,1238,
4507,78,90,43758,1253,
4509,79,88,43758,1231,
4507,82,73,43758,1255,
4525,81,83,43758,1231,
4502,59,52,43758,1243,
4508,84,63,43758,1238,
4511,70,63,43758,1241,
4521,87,61,43758,1242,
4520,71,61,43758,1251,
4510,97,73,43758,1243,
4521,91,72,43758,1246,
4522,70,51,43758,1240,
4529,73,90,43758,1262,
4517,89,20,43758,1241,
4499,69,82,43758,1270,
4502,34,94,43758,1246,
4500,85,65,43758,1269,
4513,89,55,43758,1212,
4534,68,41,43758,1245,
4539,73,80,43758,1231,
4521,62,72,43758,1235,
4526,57,74,43758,1255,
4514,70,65,43758,1243,
4508,70,82,43758,1241,
4515,77,73,43758,1245,
4518,85,64,43758,1251,
4520,68,53,43758,1242,
4528,84,64,43758,1239,
4520,63,47,43758,1253,
4465,75,55,43758,1274,
4492,71,51,43758,1267,
4528,109,50,43758,1258,
4554,93,71,43758,1226,
4504,96,101,43758,1276,
4502,69,66,43758,1244,
4533,67,68,43758,1246,
4515,66,50,43758,1257,
4534,74,74,43758,1238,
4501,75,83,43758,1249,
4506,79,49,43758,1249,
4512,88,72,43758,1240,
4502,72,70,43758,1249,
4510,96,68,43758,1246,
4522,77,83,43758,1237,
4523,58,62,43758,1239,
4504,80,62,43758,1235,
4500,78,82,43758,1266,
4508,78,72,43758,1237,
4522,61,50,43758,1241,
4532,64,51,43758,1236,
4515,71,46,43758,1263,
4519,85,70,43758,1249,
4503,71,71,43758,1253,
4525,77,80,43758,1252,
4509,74,71,43758,1244,
4514,76,51,43758,1261,
4508,71,67,43758,1251,
4544,58,60,43758,1259,
4521,83,62,43758,1197,
4506,117,35,43758,1256,
4494,68,108,43758,1276,
4514,99,46,43758,1253,
4525,32,107,43758,1254,
4493,58,95,43758,1257,
4511,74,68,43758,1241,
4511,69,65,43758,1251,
4513,68,69,43758,1247,
4504,81,65,43758,1252,
4512,72,62,43758,1255,
4525,82,48,43758,1246,
4508,91,82,43758,1256,
4529,69,56,43758,1244,
4496,74,50,43758,1246,
4504,53,107,43758,1227,
4504,95,65,43758,1272,
4515,74,98,43758,1261,
4507,71,78,43758,1251,
4517,102,44,43758,1238,
4501,90,64,43758,1245,
4506,75,88,43758,1245,
4504,86,64,43758,1246,
4500,77,92,43758,1244,
4528,79,80,43758,1248,
4517,76,74,43758,1241,
4512,81,70,43758,1244,
4509,64,65,43758,1267,
4514,69,48,43758,1254,
4515,85,53,43758,1246,
4521,94,73,43758,1263,
4522,64,87,43758,1235,
4529,101,50,43758,1245,
4512,86,53,43758,1280,
4550,79,46,43758,1235,
4507,50,69,43758,1257,
4525,62,86,43758,1256,
4521,82,67,43758,1252,
4513,71,51,43758,1251,
4525,83,49,43758,1244,
4505,73,73,43758,1254,
4509,82,78,43758,1244,
4503,81,91,43758,1236,
4503,61,64,43758,1252,
4506,86,88,43758,1216,
4528,33,113,43758,1263,
4522,72,59,43758,1254,
4511,47,106,43758,1238,
4499,91,62,43758,1243,
4518,85,72,43758,1257,
4497,79,59,43758,1226,
4519,77,47,43758,1261,
4527,90,57,43758,1233,
4528,73,42,43758,1251,
4524,70,60,43758,1240,
4529,74,45,43758,1228,
4505,81,51,43758,1252,
4500,77,70,43758,1253,
4515,69,51,43758,1271,
4539,58,76,43758,1274,
4517,49,104,43758,1224,
4514,88,55,43758,1253,
4521,63,74,43758,1242,
4499,39,99,43758,1247,
4494,84,57,43758,1255,
4515,83,70,43758,1257,
4515,74,58,43758,1248,
4521,74,67,43758,1251,
4523,99,52,43758,1258,
4521,82,63,43758,1240,
4513,72,71,43758,1249,
4512,95,79,43758,1248,
4511,72,64,43758,1261,
4521,65,65,43758,1235,
4518,53,100,43758,1246,
4519,79,69,43758,1238,
4538,91,41,43758,1252,
4529,57,91,43758,1246,
4497,85,71,43758,1267,
4517,105,74,43758,1269,
4543,89,75,43758,1248,
4510,78,71,43758,1240,
4515,77,88,43758,1256,
4532,91,69,43758,1231,
4514,71,58,43758,1252,
4511,65,62,43758,1261,
4532,64,73,43758,1256,
4503,83,70,43758,1248,
4510,95,66,43758,1243,
4516,85,5,43758,1272,
4526,79,37,43758,1254,
4535,89,88,43758,1242,
4523,75,65,43758,1235,
4526,67,30,43758,1247,
4544,60,37,43758,1248,
4535,73,57,43758,1247,
4520,68,75,43758,1248,
4513,96,62,43758,1242,
4514,70,67,43758,1243,
4524,74,57,43758,1252,
4508,71,62,43758,1264,
4512,87,86,43758,1249,
4511,72,70,43758,1249,
4525,68,103,43758,1248,
4540,60,103,43758,1264,
4522,106,48,43758,1238,
4538,76,28,43758,1254,
4518,93,77,43758,1245,
4524,78,74,43758,1244,
4532,60,92,43758,1266,
4532,67,78,43758,1230,
4512,70,74,43758,1247,
4526,88,74,43758,1237,
4521,65,72,43758,1233,
4524,74,66,43758,1262,
4521,82,75,43758,1247,
4517,89,69,43758,1248,
4514,81,69,43758,1246,
4519,68,70,43758,1254,
4521,77,49,43758,1254,
4544,92,19,43758,1246,
4532,72,87,43758,1253,
4536,84,66,43758,1249,
4508,32,82,43758,1227,
4527,66,79,43758,1237,
4520,78,66,43758,1271,
4534,82,73,43758,1238,
4518,78,95,43758,1264,
4509,80,59,43758,1256,
4531,75,73,43758,1242,
4523,73,58,43758,1253,
4523,75,60,43758,1252,
4524,65,83,43758,1257,
4519,50,79,43758,1259,
4519,65,74,43758,1273,
4503,66,60,43758,1256,
4529,89,50,43758,1241,
4522,64,77,43758,1259,
4512,84,27,43758,1243,
4540,73,57,43758,1238,
4523,63,68,43758,1259,
4530,73,67,43758,1257,
4537,74,60,43758,1254,
4519,99,87,43758,1239,
4523,68,73,43758,1259,
4529,74,64,43758,1257,
4529,70,49,43758,1244,
4523,73,81,43758,1255,
4513,85,89,43758,1269,
4547,74,55,43758,1239,
4530,79,89,43758,1238,
4522,80,59,43758,1252,
4552,98,81,43758,1259,
4539,104,28,43758,1238,
4534,63,44,43758,1233,
4517,85,68,43758,1250,
4535,71,63,43758,1259,
4535,92,73,43758,1237,
4525,75,53,43758,1251,
4542,66,51,43758,1249,
4526,87,62,43758,1244,
4545,62,51,43758,1248,
4551,50,59,43758,1247,
4513,82,42,43758,1232,
4515,91,52,43758,1265,
4543,78,62,43758,1249,
4532,76,64,43758,1239,
4520,36,76,43758,1232,
4519,83,61,43758,1271,
4522,96,42,43758,1250,
4509,75,64,43758,1237,
4530,64,73,43758,1235,
4519,70,76,43758,1249,
4519,66,65,43758,1252,
4525,63,66,43758,1262,
4516,66,51,43758,1255,
4508,55,91,43758,1262,
4504,70,79,43758,1252,
4508,85,48,43758,1237,
4534,92,32,43758,1238,
4530,98,49,43758,1263,
4518,72,58,43758,1212,
4521,85,53,43758,1249,
4537,96,39,43758,1237,
4537,64,75,43758,1230,
4518,87,55,43758,1266,
4530,81,63,43758,1245,
4519,72,69,43758,1257,
4525,68,52,43758,1260,
4518,85,67,43758,1266,
4532,94,66,43758,1232,
4509,77,55,43758,1238,
4534,30,44,43758,1246,
4515,90,57,43758,1260,
4514,90,85,43758,1246,
4531,65,66,43758,1237,
4523,71,52,43758,1263,
4553,132,29,43758,1249,
4529,71,52,43758,1240,
4537,89,75,43758,1256,
4528,84,57,43758,1253,
4510,77,67,43758,1244,
4533,92,66,43758,1246,
4533,78,78,43758,1252,
4531,79,70,43758,1259,
4523,87,51,43758,1249,
4535,80,62,43758,1241,
4520,92,84,43758,1227,
4548,102,25,43758,1257,
4510,79,39,43758,1248,
4534,67,66,43758,1255,
4562,81,44,43758,1230,
4501,48,91,43758,1272,
4513,72,85,43758,1262,
4535,85,76,43758,1244,
4536,84,62,43758,1255,
4524,105,53,43758,1236,
4531,89,58,43758,1253,
4527,99,73,43758,1237,
4533,69,64,43758,1250,
4537,91,59,43758,1234,
4530,82,52,43758,1251,
4557,93,62,43758,1248,
4517,97,70,43758,1248,
4512,59,85,43758,1241,
4532,63,64,43758,1262,
4528,83,44,43758,1257,
4559,101,62,43758,1244,
4541,99,61,43758,1253,
4544,66,64,43758,1235,
4530,59,67,43758,1253,
4534,74,58,43758,1254,
4517,96,55,43758,1246,
4523,70,79,43758,1247,
4537,80,70,43758,1239,
4522,67,86,43758,1239,
4545,75,57,43758,1255,
4509,55,51,43758,1284,
4519,62,51,43758,1266,
4528,85,50,43758,1249,
4527,72,71,43758,1257,
4523,66,93,43758,1262,
4527,51,62,43758,1251,
4519,78,71,43758,1246,
4548,84,67,43758,1241,
4532,70,60,43758,1244,
4536,54,61,43758,1233,
4530,72,87,43758,1247,
4536,92,52,43758,1237,
4532,70,74,43758,1251,
4535,60,46,43758,1258,
4515,65,71,43758,1273,
4528,101,77,43758,1249,
4517,70,98,43758,1263,
4515,87,52,43758,1268,
4516,75,78,43758,1258,
4506,60,59,43758,1220,
4540,95,54,43758,1243,
4542,90,46,43758,1220,
4537,73,63,43758,1247,
4533,70,61,43758,1233,
4539,71,70,43758,1239,
4519,85,57,43758,1248,
4537,75,59,43758,1247,
4526,80,48,43758,1263,
4547,70,67,43758,1252,
4529,81,83,43758,1235,
4543,73,78,43758,1259,
4526,51,109,43758,1258,
4520,80,65,43758,1264,
4529,43,85,43758,1240,
4539,73,92,43758,1251,
4527,110,79,43758,1275,
4554,96,82,43758,1254,
4540,81,59,43758,1229,
4526,85,65,43758,1262,
4538,88,60,43758,1243,
4552,78,66,43758,1252,
4548,89,76,43758,1252,
4528,73,76,43758,1249,
4526,76,63,43758,1247,
4517,70,91,43758,1252,
4534,102,58,43758,1242,
4525,53,81,43758,1271,
4544,80,66,43758,1254,
4530,82,45,43758,1232,
4542,80,56,43758,1236,
4563,61,91,43758,1251,
4520,94,65,43758,1254,
4538,76,75,43758,1254,
4544,77,52,43758,1264,
4542,52,69,43758,1255,
4542,93,67,43758,1259,
4533,93,71,43758,1265,
4541,67,77,43758,1256,
4549,75,55,43758,1237,
4541,65,73,43758,1254,
4523,38,89,43758,1270,
4535,65,48,43758,1279,
4528,86,44,43758,1250,
4515,64,56,43758,1234,
4505,75,65,43758,1258,
4531,74,91,43758,1253,
4529,81,74,43758,1253,
4536,97,73,43758,1259,
4541,60,63,43758,1259,
4546,74,65,43758,1256,
4535,79,60,43758,1256,
4530,76,57,43758,1255,
4533,94,59,43758,1247,
4545,73,93,43758,1239,
4524,97,44,43758,1266,
4530,83,68,43758,1270,
4549,103,61,43758,1255,
4525,89,90,43758,1253,
4552,93,55,43758,1252,
4538,104,44,43758,1272,
4540,87,55,43758,1254,
4537,87,61,43758,1263,
4539,79,88,43758,1263,
4532,82,77,43758,1265,
4538,88,64,43758,1242,
4531,75,64,43758,1252,
4537,70,72,43758,1249,
4540,73,53,43758,1255,
4515,79,87,43758,1248,
4537,81,75,43758,1243,
4539,100,35,43758,1258,
4548,77,57,43758,1246,
4531,80,62,43758,1248,
4527,87,66,43758,1244,
4553,66,63,43758,1269,
4546,78,68,43758,1252,
4531,80,90,43758,1255,
4541,85,63,43758,1237,
4524,62,75,43758,1252,
4531,71,58,43758,1262,
4540,79,86,43758,1249,
4547,72,52,43758,1231,
4525,73,58,43758,1269,
4543,94,83,43758,1233,
4540,64,66,43758,1277,
4547,89,46,43758,1264,
4531,61,91,43758,1249,
4534,51,64,43758,1251,
4543,58,69,43758,1237,
4560,98,58,43758,1278,
4550,77,58,43758,1242,
4565,68,87,43758,1268,
4537,77,48,43758,1254,
4534,74,69,43758,1244,
4529,89,92,43758,1253,
4539,75,60,43758,1267,
4537,65,72,43758,1238,
4518,96,71,43758,1247,
4519,74,86,43758,1276,
4521,66,48,43758,1259,
4521,99,35,43758,1256,
4544,79,63,43758,1241,
4538,48,74,43758,1241,
4519,69,58,43758,1248,
4539,80,52,43758,1250,
4532,90,61,43758,1263,
4528,75,61,43758,1262,
4525,67,96,43758,1257,
4529,73,62,43758,1240,
4533,82,68,43758,1252,
4559,83,73,43758,1257,
4533,61,63,43758,1250,
4545,74,73,43758,1249,
4544,78,69,43758,1254,
4528,118,50,43758,1274,
4527,111,49,43758,1260,
4541,54,73,43758,1246,
4524,53,42,43758,1229,
4532,78,92,43758,1247,
4544,74,77,43758,1232,
4533,84,69,43758,1270,
4528,78,58,43758,1251,
4534,61,73,43758,1249,
4529,91,65,43758,1245,
4541,82,68,43758,1249,
4537,86,54,43758,1261,
4539,70,80,43758,1265,
4542,62,59,43758,1255,
4550,45,75,43758,1288,
4537,77,48,43758,1253,
4506,87,67,43758,1246,
4539,63,59,43758,1227,
4545,104,74,43758,1248,
4536,43,89,43758,1241,
4510,86,76,43758,1260,
4531,77,66,43758,1250,
4548,60,64,43758,1252,
4540,63,64,43758,1250,
4527,74,67,43758,1236,
4545,85,70,43758,1257,
4539,77,65,43758,1251,
4529,80,94,43758,1252,
4533,81,65,43758,1253,
4557,96,91,43758,1234,
4550,88,59,43758,1241,
4548,66,84,43758,1245,
4544,90,63,43758,1276,
4528,71,37,43758,1246,
4538,48,86,43758,1241,
4537,85,78,43758,1262,
4549,78,49,43758,1258,
4549,75,84,43758,1245,
4535,70,64,43758,1264,
4565,77,66,43758,1255,
4539,71,85,43758,1263,
4555,85,76,43758,1269,
4550,96,77,43758,1254,
4541,97,46,43758,1287,
4559,94,39,43758,1276,
4539,83,86,43758,1242,
4530,76,71,43758,1260,
4551,66,73,43758,1265,
4577,42,73,43758,1222,
4572,70,59,43758,1252,
4565,63,87,43758,1270,
4558,74,82,43758,1259,
4551,70,68,43758,1254,
4555,75,67,43758,1261,
4561,81,78,43758,1239,
4565,62,63,43758,1262,
4556,82,59,43758,1261,
4569,67,69,43758,1265,
4566,75,90,43758,1250,
4541,65,57,43758,1243,
4547,64,75,43758,1239,
4552,63,67,43758,1262,
4547,82,82,43758,1240,
4589,70,81,43758,1235,
4525,85,81,43758,1246,
4567,68,66,43758,1262,
4543,76,75,43758,1253,
4549,79,59,43758,1251,
4543,86,77,43758,1250,
4556,86,75,43758,1255,
4558,76,57,43758,1263,
4558,66,72,43758,1253,
4565,65,80,43758,1256,
4523,53,85,43758,1264,
4554,108,83,43758,1228,
4572,67,83,43758,1259,
4535,75,63,43758,1255,
4555,87,71,43758,1250,
4559,54,78,43758,1235,
4545,58,61,43758,1236,
4556,70,47,43758,1255,
4551,69,70,43758,1256,
4568,86,60,43758,1242,
4553,73,85,43758,1266,
4555,76,67,43758,1248,
4554,69,92,43758,1264,
4550,75,52,43758,1253,
4554,66,82,43758,1271,
4536,59,80,43758,1267,
4539,50,81,43758,1241,
4558,69,82,43758,1238,
4559,83,75,43758,1247,
4585,72,96,43758,1246,
4576,68,120,43758,1259,
4557,84,58,43758,1256,
4593,78,75,43758,1263,
4593,89,84,43758,1276,
4591,84,62,43758,1275,
4589,85,54,43758,1266,
4593,67,71,43758,1272,
4608,91,64,43758,1276,
4610,85,64,43758,1271,
4616,106,32,43758,1256,
4637,85,68,43758,1245,
4644,84,90,43758,1263,
4656,69,96,43758,1276,
4630,53,69,43758,1263,
4636,97,65,43758,1284,
4658,85,39,43758,1280,
4655,73,74,43758,1280,
4662,86,66,43758,1295,
4671,71,77,43758,1281,
4687,78,76,43758,1276,
4690,70,65,43758,1287,
4692,70,61,43758,1287,
4690,78,62,43758,1286,
4686,84,72,43758,1286,
4679,82,91,43758,1302,
4687,120,35,43758,1287,
4685,82,80,43758,1317,
4684,71,78,43758,1275,
4690,87,65,43758,1303,
4676,94,68,43758,1309,
4675,62,32,43758,1286,
4661,78,53,43758,1281,
4674,81,75,43758,1280,
4653,84,61,43758,1271,
4646,86,66,43758,1282,
4653,77,68,43758,1266,
4661,73,75,43758,1292,
4657,65,68,43758,1270,
4657,79,80,43758,1293,
4636,48,100,43758,1274,
4628,58,113,43758,1287,
4634,97,77,43758,1284,
4647,85,59,43758,1303,
4632,74,97,43758,1297,
4639,91,86,43758,1304,
4699,98,67,43758,1291,
4663,74,74,43758,1295,
4659,87,64,43758,1277,
4666,62,77,43758,1287,
4671,102,69,43758,1279,
4685,67,67,43758,1278,
4680,83,85,43758,1282,
4661,96,75,43758,1296,
4669,75,80,43758,1264,
4689,76,102,43758,1259,
4668,92,68,43758,1286,
4661,82,86,43758,1283,
4670,63,61,43758,1284,
4673,79,82,43758,1318,
4681,88,45,43758,1269,
4673,59,68,43758,1273,
4675,67,73,43758,1278,
4667,70,62,43758,1288,
4655,56,82,43758,1278,
4660,79,77,43758,1265,
4659,81,61,43758,1281,
4646,90,64,43758,1282,
4665,85,51,43758,1278,
4660,98,76,43758,1275,
4668,53,64,43758,1258,
4641,88,70,43758,1280,
4669,68,65,43758,1265,
4655,71,60,43758,1287,
4653,72,80,43758,1270,
4674,79,66,43758,1274,
4665,81,68,43758,1279,
4666,82,91,43758,1279,
4659,87,68,43758,1289,
4662,67,83,43758,1282,
4664,59,74,43758,1268,
4660,81,64,43758,1291,
4670,73,53,43758,1278,
4652,81,74,43758,1279,
4648,58,68,43758,1274,
4621,60,62,43758,1296,
4643,106,46,43758,1291,
4641,65,78,43758,1265,
4650,74,82,43758,1263,
4654,77,58,43758,1270,
4653,75,77,43758,1264,
4661,72,79,43758,1261,
4653,84,61,43758,1275,
4655,69,71,43758,1266,
4655,79,73,43758,1281,
4648,82,68,43758,1278,
4663,87,64,43758,1272,
4674,83,41,43758,1277,
4687,74,62,43758,1277,
4679,113,20,43758,1287,
4676,90,78,43758,1290,
4715,86,63,43758,1253,
4712,76,64,43758,1278,
4664,73,85,43758,1301,
4694,92,57,43758,1292,
4667,67,70,43758,1310,
4680,85,67,43758,1292,
4701,85,71,43758,1276,
4672,80,95,43758,1286,
4678,68,76,43758,1292,
4671,55,71,43758,1302,
4678,93,48,43758,1281,
4667,90,65,43758,1279,
4663,106,86,43758,1267,
4669,109,36,43758,1283,
4664,71,96,43758,1303,
4694,68,80,43758,1277,
4666,84,62,43758,1276,
4677,45,64,43758,1279,
4696,124,26,43758,1298,
4677,74,60,43758,1255,
4678,101,92,43758,1276,
4665,86,62,43758,1292,
4677,93,87,43758,1274,
4663,84,85,43758,1276,
4663,81,84,43758,1277,
4668,78,81,43758,1270,
4655,79,63,43758,1286,
4671,86,49,43758,1285,
4666,72,66,43758,1294,
4643,74,95,43758,1259,
4661,114,78,43758,1270,
4643,71,72,43758,1276,
4656,89,98,43758,1281,
4665,75,95,43758,1276,
4678,62,78,43758,1292,
4652,70,62,43758,1278,
4660,85,66,43758,1277,
4670,65,69,43758,1269,
4647,82,60,43758,1277,
4652,78,81,43758,1278,
4642,92,64,43758,1285,
4649,77,81,43758,1266,
4649,83,105,43758,1262,
4633,79,62,43758,1312,
4627,74,128,43758,1310,
4622,64,67,43758,1286,
4636,75,86,43758,1293,
4653,78,60,43758,1259,
4639,57,60,43758,1280,
4638,82,76,43758,1257,
4646,80,66,43758,1263,
4635,87,75,43758,1281,
4643,89,76,43758,1276,
4648,83,68,43758,1280,
4653,83,74,43758,1276,
4655,68,66,43758,1289,
4639,65,53,43758,1260,
4644,100,66,43758,1263,
4654,74,41,43758,1266,
4647,84,85,43758,1273,
4638,76,112,43758,1294,
4632,64,80,43758,1287,
4642,79,54,43758,1251,
4641,59,74,43758,1309,
4647,87,68,43758,1270,
4665,91,48,43758,1279,
4666,74,55,43758,1284,
4641,83,76,43758,1270,
4667,68,86,43758,1277,
4662,77,66,43758,1271,
4646,88,64,43758,1282,
4635,71,63,43758,1280,
4637,82,89,43758,1280,
4652,84,46,43758,1297,
4643,68,100,43758,1290,
4643,67,64,43758,1269,
4658,79,78,43758,1263,
4643,57,72,43758,1238,
4654,94,64,43758,1283,
4660,77,83,43758,1280,
4656,89,77,43758,1284,
4663,83,88,43758,1299,
4672,89,73,43758,1279,
4689,75,69,43758,1277,
4686,80,70,43758,1275,
4703,78,59,43758,1286,
4694,73,67,43758,1266,
4699,88,57,43758,1285,
4729,85,74,43758,1302,
4698,96,64,43758,1311,
4733,75,74,43758,1313,
4726,67,73,43758,1294,
4731,66,75,43758,1286,
4755,90,64,43758,1291,
4762,69,65,43758,1291,
4777,81,73,43758,1304,
4783,92,70,43758,1287,
4773,81,59,43758,1315,
4787,80,69,43758,1311,
4797,90,77,43758,1307,
4798,96,73,43758,1305,
4778,90,90,43758,1301,
4811,91,112,43758,1317,
4795,79,104,43758,1314,
4797,83,96,43758,1303,
4800,89,62,43758,1312,
4817,94,53,43758,1308,
4808,69,121,43758,1316,
4826,80,79,43758,1319,
4810,92,66,43758,1310,
4802,83,76,43758,1293,
4819,83,65,43758,1305,
4818,91,55,43758,1305,
4820,84,80,43758,1302,
4819,84,66,43758,1312,
4838,78,69,43758,1308,
4819,85,88,43758,1300,
4826,80,73,43758,1303,
4815,78,54,43758,1294,
4811,78,65,43758,1320,
4841,64,66,43758,1308,
4832,63,63,43758,1305,
4816,56,97,43758,1299,
4831,97,62,43758,1321,
4821,85,74,43758,1314,
4818,77,61,43758,1324,
4817,91,60,43758,1314,
4837,84,63,43758,1312,
4824,92,54,43758,1307,
4812,63,72,43758,1315,
4842,67,87,43758,1311,
4846,95,64,43758,1300,
4850,92,63,43758,1298,
4842,74,60,43758,1290,
4824,82,71,43758,1282,
4817,67,71,43758,1310,
4804,98,63,43758,1332,
4824,75,71,43758,1313,
4826,62,72,43758,1322,
4810,72,67,43758,1321,
4827,92,68,43758,1310,
4817,81,86,43758,1321,
4814,70,72,43758,1322,
4823,78,64,43758,1294,
4808,82,75,43758,1303,
4830,109,64,43758,1303,
4817,75,80,43758,1322,
4814,70,75,43758,1312,
4799,98,59,43758,1318,
4811,83,73,43758,1315,
4800,110,41,43758,1326,
4812,74,72,43758,1285,
4817,72,73,43758,1302,
4810,91,80,43758,1306,
4810,74,78,43758,1324,
4813,85,78,43758,1319,
4828,90,53,43758,1303,
4801,81,73,43758,1308,
4825,73,63,43758,1315,
4823,75,91,43758,1316,
4805,87,68,43758,1298,
4781,70,72,43758,1323,
4766,90,56,43758,1345,
4786,89,75,43758,1333,
4791,96,80,43758,1314,
4801,100,76,43758,1310,
4779,48,43,43758,1291,
4796,69,74,43758,1305,
4782,83,62,43758,1308,
4783,83,53,43758,1302,
4790,82,59,43758,1308,
4792,79,68,43758,1302,
4785,86,72,43758,1298,
4772,84,72,43758,1312,
4788,85,89,43758,1310,
4761,104,74,43758,1277,
4782,72,76,43758,1301,
4757,84,55,43758,1327,
4753,96,49,43758,1305,
4748,89,56,43758,1315,
4743,108,71,43758,1322,
4733,95,72,43758,1300,
4762,86,81,43758,1306,
4727,95,62,43758,1297,
4735,83,58,43758,1294,
4718,82,64,43758,1301,
4721,69,86,43758,1288,
4725,85,50,43758,1289,
4703,74,89,43758,1306,
4709,76,66,43758,1292,
4709,90,49,43758,1274,
4733,79,74,43758,1286,
4707,91,53,43758,1281,
4718,73,78,43758,1284,
4713,103,71,43758,1310,
4732,83,34,43758,1255,
4683,95,71,43758,1304,
4700,78,74,43758,1286,
4698,86,62,43758,1302,
4710,73,60,43758,1277,
4694,79,54,43758,1289,
4695,82,84,43758,1295,
4692,85,71,43758,1291,
4696,91,54,43758,1276,
4699,76,60,43758,1290,
4686,76,73,43758,1288,
4701,86,47,43758,1267,
4690,72,102,43758,1281,
4678,57,67,43758,1301,
4719,88,84,43758,1279,
4701,73,56,43758,1270,
4695,94,51,43758,1275,
4694,89,68,43758,1278,
4682,84,69,43758,1290,
4686,78,73,43758,1312,
4693,79,61,43758,1286,
4705,82,71,43758,1286,
4689,86,78,43758,1282,
4697,72,76,43758,1296,
4700,93,61,43758,1279,
4697,87,76,43758,1267,
4708,66,74,43758,1286,
4671,70,95,43758,1291,
4704,68,58,43758,1284,
4690,66,46,43758,1243,
4717,80,66,43758,1303,
4679,61,49,43758,1296,
4685,78,89,43758,1284,
4684,82,78,43758,1288,
4687,86,72,43758,1286,
4691,81,60,43758,1289,
4692,86,77,43758,1294,
4695,80,77,43758,1297,
4695,80,53,43758,1286,
4700,72,41,43758,1304,
4685,85,75,43758,1305,
4703,60,73,43758,1271,
4693,88,75,43758,1324,
4683,75,84,43758,1286,
4672,99,106,43758,1316,
4707,87,72,43758,1266,
4666,96,54,43758,1283,
4682,90,67,43758,1285,
4707,79,79,43758,1280,
4687,84,78,43758,1296,
4687,77,57,43758,1278,
4663,86,62,43758,1294,
4676,82,72,43758,1274,
4673,101,65,43758,1291,
4679,93,77,43758,1275,
4676,97,79,43758,1304,
4679,77,57,43758,1292,
4668,39,86,43758,1283,
4688,74,51,43758,1260,
4667,54,90,43758,1287,
4689,96,67,43758,1305,
4694,72,79,43758,1275,
4672,93,75,43758,1285,
4676,64,68,43758,1294,
4672,68,60,43758,1288,
4681,74,71,43758,1282,
4689,91,63,43758,1275,
4676,83,88,43758,1285,
4667,76,76,43758,1295,
4675,78,50,43758,1311,
4679,105,86,43758,1280,
4710,58,89,43758,1296,
4663,83,71,43758,1301,
4684,90,94,43758,1301,
4674,79,72,43758,1281,
4689,33,76,43758,1265,
4671,63,88,43758,1288,
4664,70,79,43758,1270,
4675,105,66,43758,1290,
4684,71,80,43758,1284,
4677,89,77,43758,1284,
4650,82,70,43758,1276,
4641,76,57,43758,1277,
4674,74,66,43758,1292,
4703,65,58,43758,1286,
4644,70,66,43758,1281,
4646,71,91,43758,1294,
4671,74,79,43758,1259,
4673,75,67,43758,1294,
4663,75,51,43758,1280,
4651,109,51,43758,1275,
4669,85,80,43758,1277,
4662,89,54,43758,1293,
4677,77,55,43758,1299,
4683,89,69,43758,1285,
4676,65,70,43758,1268,
4662,79,64,43758,1292,
4675,72,69,43758,1271,
4650,78,91,43758,1291,
4690,83,35,43758,1290,
4675,81,83,43758,1275,
4664,101,58,43758,1323,
4666,78,58,43758,1281,
4684,94,72,43758,1290,
4642,82,70,43758,1272,
4644,76,54,43758,1313,
4674,69,58,43758,1275,
4673,80,92,43758,1283,
4670,70,61,43758,1296,
4680,73,73,43758,1291,
4677,75,66,43758,1288,
4683,78,70,43758,1301,
4664,70,70,43758,1282,
4680,72,48,43758,1287,
4637,107,57,43758,1285,
4667,119,73,43758,1282,
4675,69,74,43758,1261,
4676,61,48,43758,1277,
4654,55,78,43758,1296,
4673,98,84,43758,1293,
4658,71,76,43758,1287,
4675,87,71,43758,1286,
4679,77,80,43758,1268,
4669,83,62,43758,1283,
4674,69,74,43758,1279,
4674,85,69,43758,1286,
4663,75,64,43758,1277,
4647,72,80,43758,1267,
4687,85,68,43758,1296,
4648,92,72,43758,1335,
4674,83,32,43758,1292,
4666,70,77,43758,1268,
4684,65,62,43758,1300,
4672,72,61,43758,1263,
4640,67,79,43758,1281,
4674,77,59,43758,1276,
4645,73,80,43758,1279,
4663,74,59,43758,1288,
4665,82,70,43758,1307,
4668,67,70,43758,1285,
4679,88,80,43758,1266,
4682,99,60,43758,1286,
4664,97,53,43758,1295,
4667,97,79,43758,1286,
4654,86,55,43758,1266,
4674,126,44,43758,1262,
4665,75,63,43758,1302,
4690,82,77,43758,1272,
4688,85,42,43758,1290,
4660,66,94,43758,1280,
4675,84,69,43758,1296,
4688,80,75,43758,1294,
4682,85,63,43758,1287,
4687,83,62,43758,1285,
4686,84,56,43758,1276,
4678,85,77,43758,1297,
4682,78,67,43758,1269,
4668,80,94,43758,1279,
4715,82,72,43758,1275,
4695,65,88,43758,1300,
4712,85,62,43758,1304,
4659,82,74,43758,1292,
4669,89,66,43758,1296,
4647,87,103,43758,1330,
4669,76,50,43758,1309,
4681,79,71,43758,1281,
4683,84,58,43758,1294,
4678,78,71,43758,1282,
4687,79,73,43758,1288,
4681,68,80,43758,1292,
4671,82,86,43758,1291,
4671,87,41,43758,1278,
4680,95,27,43758,1282,
4668,90,66,43758,1242,
4675,91,96,43758,1277,
4646,70,89,43758,1288,
4679,88,59,43758,1272,
4675,83,76,43758,1285,
4679,118,68,43758,1285,
4669,75,78,43758,1273,
4661,87,50,43758,1300,
4671,84,73,43758,1294,
4667,91,64,43758,1286,
4687,75,57,43758,1294,
4676,81,54,43758,1285,
4657,80,57,43758,1291,
4675,78,60,43758,1290,
4691,91,72,43758,1276,
4650,101,30,43758,1306,
4661,73,56,43758,1292,
4668,80,74,43758,1297,
4660,82,44,43758,1293,
4688,94,13,43758,1280,
4675,104,64,43758,1291,
4668,83,77,43758,1279,
4680,73,87,43758,1275,
4668,85,55,43758,1301,
4659,78,70,43758,1274,
4666,80,73,43758,1293,
4661,85,75,43758,1297,
4674,80,77,43758,1268,
4665,91,65,43758,1285,
4682,83,66,43758,1280,
4688,51,35,43758,1311,
4665,80,72,43758,1257,
4649,78,74,43758,1281,
4669,69,75,43758,1284,
4668,95,64,43758,1296,
4662,70,73,43758,1288,
4673,99,62,43758,1290,
4665,65,55,43758,1286,
4659,82,65,43758,1287,
4667,73,70,43758,1286,
4661,86,79,43758,1287,
4648,93,53,43758,1275,
4666,73,62,43758,1286,
4666,91,68,43758,1294,
4655,93,49,43758,1282,
4678,96,74,43758,1272,
4658,80,85,43758,1265,
4683,91,71,43758,1281,
4683,89,56,43758,1287,
4669,69,65,43758,1262,
4659,111,68,43758,1293,
4678,77,65,43758,1277,
4666,87,71,43758,1291,
4658,79,76,43758,1281,
4664,65,74,43758,1280,
4658,82,89,43758,1285,
4670,77,76,43758,1272,
4677,74,63,43758,1285,
4664,80,70,43758,1285,
4675,66,122,43758,1261,
4664,106,66,43758,1290,
4652,83,62,43758,1264,
4690,87,80,43758,1304,
4684,118,60,43758,1287,
4685,77,69,43758,1286,
4679,67,44,43758,1269,
4662,96,50,43758,1288,
4668,85,50,43758,1291,
4660,73,52,43758,1290,
4659,81,71,43758,1277,
4673,69,57,43758,1276,
4670,77,73,43758,1288,
4664,77,42,43758,1289,
4670,90,74,43758,1289,
4677,66,56,43758,1250,
4674,69,40,43758,1299,
4686,82,40,43758,1282,
4650,72,84,43758,1297,
4690,78,58,43758,1275,
4641,78,31,43758,1283,
4684,101,53,43758,1271,
4668,64,73,43758,1285,
4667,74,67,43758,1282,
4675,66,53,43758,1297,
4675,86,77,43758,1284,
4675,84,61,43758,1293,
4663,71,72,43758,1288,
4660,87,89,43758,1273,
4656,91,46,43758,1284,
4674,64,93,43758,1269,
4673,71,85,43758,1294,
4680,81,67,43758,1260,
4656,86,65,43758,1294,
4654,100,42,43758,1298,
4655,87,56,43758,1256,
4676,76,58,43758,1289,
4675,78,64,43758,1276,
4663,77,76,43758,1283,
4659,75,65,43758,1274,
4668,82,56,43758,1288,
4668,71,81,43758,1289,
4674,70,75,43758,1266,
4665,93,66,43758,1266,
4658,78,43,43758,1317,
4636,65,70,43758,1302,
4650,62,76,43758,1276,
4660,82,62,43758,1287,
4667,92,75,43758,1271,
4636,92,74,43758,1295,
4688,95,19,43758,1292,
4670,65,66,43758,1290,
4656,81,57,43758,1279,
4667,78,75,43758,1267,
4669,82,49,43758,1295,
4647,87,61,43758,1274,
4668,95,68,43758,1274,
4673,74,71,43758,1279,
4666,72,74,43758,1290,
4682,71,73,43758,1293,
4664,69,82,43758,1288,
4697,47,49,43758,1264,
4666,84,76,43758,1292,
4637,63,66,43758,1309,
4715,105,73,43758,1288,
4674,80,104,43758,1303,
4647,93,52,43758,1295,
4685,73,74,43758,1287,
4667,74,82,43758,1277,
4674,80,57,43758,1276,
4660,73,65,43758,1282,
4664,72,82,43758,1287,
4657,89,68,43758,1292,
4684,65,103,43758,1283,
4685,99,50,43758,1265,
4679,106,35,43758,1264,
4680,77,93,43758,1277,
4680,102,89,43758,1276,
4692,76,35,43758,1271,
4681,60,57,43758,1239,
4680,84,68,43758,1271,
4666,77,84,43758,1267,
4657,93,56,43758,1282,
4677,81,62,43758,1276,
4670,83,73,43758,1284,
4665,75,63,43758,1275,
4667,84,73,43758,1282,
4681,73,82,43758,1276,
4674,94,68,43758,1251,
4660,60,82,43758,1283,
4682,84,94,43758,1302,
4658,97,69,43758,1303,
4666,66,73,43758,1274,
4651,91,69,43758,1293,
4643,110,39,43758,1281,
4674,63,42,43758,1284,
4669,68,73,43758,1287,
4675,84,70,43758,1297,
4667,74,55,43758,1303,
4677,68,80,43758,1297,
4670,67,70,43758,1284,
4666,80,42,43758,1274,
4662,102,70,43758,1291,
4691,86,70,43758,1256,
4681,97,45,43758,1291,
4664,97,72,43758,1306,
4657,100,60,43758,1282,
4664,83,73,43758,1301,
4687,86,49,43758,1289,
4678,81,86,43758,1295,
4689,71,54,43758,1287,
4677,88,73,43758,1291,
4661,75,80,43758,1287,
4673,60,76,43758,1269,
4675,82,63,43758,1295,
4663,70,71,43758,1286,
4669,79,54,43758,1288,
4683,79,80,43758,1283,
4677,83,68,43758,1287,
4655,64,54,43758,1292,
4691,72,70,43758,1302,
4669,89,73,43758,1281,
4670,57,80,43758,1291,
4683,81,73,43758,1315,
4701,85,58,43758,1278,
4665,75,71,43758,1289,
4676,85,66,43758,1281,
4681,69,78,43758,1293,
4677,76,88,43758,1284,
4673,85,81,43758,1282,
4682,82,40,43758,1287,
4665,78,80,43758,1299,
4658,84,85,43758,1271,
4674,75,62,43758,1269,
4683,63,87,43758,1253,
4687,74,43,43758,1305,
4660,90,66,43758,1276,
4672,60,122,43758,1307,
4678,96,82,43758,1306,
4673,82,86,43758,1297,
4680,80,64,43758,1281,
4671,77,70,43758,1266,
4686,79,56,43758,1271,
4675,86,81,43758,1280,
4660,65,52,43758,1289,
4665,76,72,43758,1296,
4679,79,82,43758,1302,
4673,72,60,43758,1277,
4661,82,53,43758,1318,
4686,109,56,43758,1245,
4663,72,60,43758,1272,
4654,94,70,43758,1290,
4685,84,87,43758,1293,
4672,69,56,43758,1265,
4671,84,77,43758,1306,
4680,73,66,43758,1281,
4658,89,82,43758,1282,
4670,84,63,43758,1289,
4668,92,80,43758,1275,
4672,97,59,43758,1286,
4677,84,83,43758,1273,
4671,72,92,43758,1291,
4677,82,86,43758,1270,
4668,95,53,43758,1301,
4667,65,74,43758,1292,
4680,81,54,43758,1278,
4658,77,84,43758,1282,
4683,86,74,43758,1302,
4665,58,79,43758,1249,
4669,100,86,43758,1281,
4668,79,73,43758,1278,
4677,83,56,43758,1271,
4663,72,85,43758,1284,
4670,74,69,43758,1275,
4676,90,75,43758,1282,
4688,83,71,43758,1281,
4679,84,43,43758,1278,
4687,100,70,43758,1271,
4667,68,57,43758,1301,
4647,99,49,43758,1309,
4662,61,95,43758,1281,
4653,81,66,43758,1291,
4672,71,76,43758,1286,
4682,55,88,43758,1298,
4685,89,76,43758,1286,
4681,83,77,43758,1293,
4676,58,82,43758,1272,
4673,92,55,43758,1299,
4673,73,58,43758,1282,
4678,80,61,43758,1273,
4688,86,87,43758,1283,
4669,73,91,43758,1288,
4695,77,59,43758,1300,
4690,60,84,43758,1295,
4672,66,65,43758,1282,
4672,71,67,43758,1283,
4672,69,83,43758,1263,
4662,54,95,43758,1276,
4669,75,83,43758,1292,
4671,71,53,43758,1284,
4671,86,66,43758,1282,
4691,88,91,43758,1290,
4679,73,72,43758,1274,
4675,89,62,43758,1286,
4674,73,64,43758,1275,
4664,91,57,43758,1292,
4682,68,61,43758,1266,
4668,65,106,43758,1288,
4701,71,55,43758,1309,
4645,62,69,43758,1292,
4694,67,77,43758,1267,
4688,88,52,43758,1264,
4660,56,72,43758,1272,
4666,76,97,43758,1263,
4666,87,58,43758,1289,
4663,64,60,43758,1286,
4655,76,74,43758,1280,
4665,70,81,43758,1279,
4668,86,62,43758,1280,
4687,88,47,43758,1282,
4672,63,71,43758,1272,
4665,86,59,43758,1300,
4683,84,84,43758,1249,
4698,48,117,43758,1293,
4690,85,56,43758,1274,
4678,89,38,43758,1271,
4657,41,106,43758,1278,
4679,76,69,43758,1299,
4679,41,64,43758,1289,
4665,86,57,43758,1292,
4677,78,62,43758,1267,
4664,72,70,43758,1271,
4674,84,67,43758,1274,
4669,76,60,43758,1291,
4670,83,69,43758,1261,
4665,82,82,43758,1268,
4695,83,101,43758,1278,
4661,95,62,43758,1277,
4631,70,43,43758,1299,
4662,81,73,43758,1280,
4661,83,80,43758,1317,
4650,119,37,43758,1283,
4683,67,64,43758,1278,
4690,66,75,43758,1291,
4667,75,74,43758,1285,
4671,87,63,43758,1284,
4651,77,64,43758,1286,
4659,79,75,43758,1291,
4661,83,54,43758,1276,
4666,77,68,43758,1293,
4666,75,62,43758,1279,
4673,72,79,43758,1279,
4672,63,34,43758,1299,
4682,75,61,43758,1259,
4700,91,65,43758,1250,
4675,61,58,43758,1270,
4686,59,53,43758,1257,
4673,81,87,43758,1284,
4685,80,66,43758,1283,
4655,91,62,43758,1274,
4668,77,77,43758,1283,
4650,100,61,43758,1281,
4678,91,77,43758,1279,
4671,75,65,43758,1279,
4677,72,77,43758,1274,
4682,84,85,43758,1283,
4690,81,60,43758,1258,
4676,69,68,43758,1270,
4641,50,109,43758,1296,
4686,87,63,43758,1279,
4674,108,69,43758,1298,
4639,98,101,43758,1299,
4632,46,74,43758,1299,
4660,89,60,43758,1290,
4668,72,100,43758,1274,
4664,68,85,43758,1281,
4673,68,61,43758,1272,
4668,83,66,43758,1268,
4658,81,64,43758,1277,
4666,89,72,43758,1273,
4681,75,83,43758,1258,
4688,66,82,43758,1256,
4650,99,56,43758,1279,
4690,92,53,43758,1279,
4656,78,50,43758,1288,
4652,78,56,43758,1281,
4667,80,53,43758,1271,
4656,84,73,43758,1269,
4670,76,71,43758,1284,
4661,86,66,43758,1271,
4665,81,78,43758,1290,
4672,80,63,43758,1286,
4653,75,74,43758,1284,
4659,85,51,43758,1282,
4665,71,78,43758,1303,
4677,62,69,43758,1288,
4690,64,96,43758,1296,
4691,78,72,43758,1292,
4662,82,68,43758,1276,
4670,79,72,43758,1273,
4668,77,63,43758,1278,
4681,98,53,43758,1270,
4660,80,51,43758,1282,
4685,83,66,43758,1284,
4663,75,52,43758,1273,
4657,87,62,43758,1286,
4652,71,69,43758,1279,
4657,81,73,43758,1280,
4666,88,60,43758,1276,
4659,97,56,43758,1282,
4667,71,72,43758,1313,
4661,95,80,43758,1254,
4658,89,73,43758,1261,
4644,69,81,43758,1279,
4663,96,49,43758,1262,
4681,76,57,43758,1268,
4666,96,94,43758,1284,
4659,68,67,43758,1279,
4660,74,64,43758,1306,
4666,98,53,43758,1281,
4672,65,65,43758,1286,
4664,69,72,43758,1266,
4666,81,64,43758,1295,
4656,77,64,43758,1283,
4651,86,46,43758,1278,
4664,86,59,43758,1295,
4669,91,73,43758,1277,
4664,97,52,43758,1246,
4666,79,74,43758,1289,
4663,69,59,43758,1261,
4669,80,72,43758,1272,
4654,65,91,43758,1272,
4660,89,58,43758,1277,
4677,72,61,43758,1265,
4670,81,68,43758,1285,
4655,78,65,43758,1270,
4673,88,81,43758,1287,
4655,78,67,43758,1284,
4645,92,59,43758,1291,
4655,100,61,43758,1267,
4655,75,88,43758,1269,
4665,82,85,43758,1290,
4647,87,78,43758,1286,
4641,58,87,43758,1291,
4654,72,64,43758,1296,
4640,76,69,43758,1296,
4658,78,81,43758,1292,
4652,77,68,43758,1277,
4670,84,70,43758,1275,
4666,81,64,43758,1278,
4671,76,55,43758,1276,
4666,86,64,43758,1266,
4674,77,57,43758,1278,
4655,81,66,43758,1276,
4655,84,67,43758,1277,
4685,72,68,43758,1272,
4657,83,70,43758,1274,
4655,72,80,43758,1264,
4652,91,81,43758,1298,
4670,81,52,43758,1285,
4642,64,68,43758,1255,
4650,96,72,43758,1293,
4663,83,66,43758,1283,
4653,99,50,43758,1282,
4654,86,58,43758,1287,
4663,83,78,43758,1282,
4647,85,70,43758,1278,
4647,75,74,43758,1282,
4645,71,58,43758,1281,
4667,65,41,43758,1270,
4646,111,85,43758,1287,
4631,105,64,43758,1297,
4663,79,66,43758,1273,
4644,72,87,43758,1270,
4645,62,81,43758,1283,
4642,71,87,43758,1299,
4654,69,64,43758,1277,
4638,76,55,43758,1285,
4642,79,66,43758,1278,
4658,62,66,43758,1274,
4645,67,62,43758,1273,
4653,83,62,43758,1278,
4651,86,66,43758,1282,
4635,81,56,43758,1284,
4644,85,74,43758,1262,
4631,61,73,43758,1297,
4632,92,40,43758,1260,
4647,81,69,43758,1287,
4634,79,91,43758,1287,
4660,100,44,43758,1281,
4628,89,73,43758,1280,
4644,101,76,43758,1268,
4646,95,58,43758,1278,
4652,75,90,43758,1289,
4628,96,65,43758,1282,
4637,89,71,43758,1279,
4641,73,72,43758,1283,
4652,83,65,43758,1270,
4635,86,65,43758,1282,
4643,88,55,43758,1291,
4638,98,63,43758,1298,
4651,72,54,43758,1253,
4636,72,59,43758,1289,
4633,50,99,43758,1262,
4654,93,47,43758,1299,
4657,76,74,43758,1267,
4641,77,68,43758,1274,
4632,73,56,43758,1276,
4650,77,61,43758,1273,
4637,80,58,43758,1288,
4645,72,58,43758,1282,
4649,69,79,43758,1287,
4658,89,63,43758,1272,
4654,86,56,43758,1280,
4653,56,69,43758,1270,
4664,79,78,43758,1274,
4646,104,60,43758,1282,
4648,79,90,43758,1291,
4657,72,39,43758,1289,
4664,110,82,43758,1304,
4643,91,84,43758,1272,
4650,86,64,43758,1285,
4652,76,70,43758,1276,
4649,68,81,43758,1277,
4656,70,77,43758,1282,
4640,74,76,43758,1285,
4659,78,55,43758,1280,
4654,70,61,43758,1264,
4626,71,72,43758,1290,
4647,92,75,43758,1281,
4624,86,32,43758,1263,
4649,79,64,43758,1290,
4638,89,48,43758,1289,
4638,87,48,43758,1264,
4638,106,60,43758,1284,
4635,69,90,43758,1283,
4653,80,62,43758,1263,
4642,85,69,43758,1283,
4652,67,65,43758,1288,
4645,79,75,43758,1288,
4639,79,47,43758,1272,
4639,82,80,43758,1278,
4666,75,59,43758,1275,
4639,91,46,43758,1295,
4641,89,43,43758,1300,
4641,84,58,43758,1278,
4655,75,77,43758,1268,
4648,93,64,43758,1280,
4662,80,87,43758,1268,
4630,40,66,43758,1308,
4637,69,72,43758,1282,
4647,84,61,43758,1281,
4666,82,55,43758,1289,
4656,102,59,43758,1281,
4653,80,76,43758,1284,
4645,83,60,43758,1276,
4644,72,58,43758,1281,
4650,74,67,43758,1269,
4645,85,85,43758,1289,
4667,91,49,43758,1261,
4651,93,75,43758,1266,
4663,86,71,43758,1286,
4656,81,70,43758,1276,
4658,98,53,43758,1285,
4640,71,94,43758,1283,
4634,87,82,43758,1274,
4653,94,59,43758,1275,
4649,91,64,43758,1279,
4645,80,63,43758,1253,
4641,87,60,43758,1261,
4643,90,69,43758,1279,
4649,77,59,43758,1272,
4645,86,90,43758,1275,
4620,81,29,43758,1279,
4633,64,89,43758,1272,
4663,68,57,43758,1272,
4637,65,68,43758,1270,
4676,86,45,43758,1274,
4661,98,51,43758,1249,
4658,86,69,43758,1297,
4647,102,54,43758,1274,
4635,80,59,43758,1284,
4637,83,78,43758,1269,
4646,77,74,43758,1274,
4642,87,77,43758,1286,
4652,101,62,43758,1279,
4664,75,65,43758,1276,
4637,86,81,43758,1274,
4661,88,78,43758,1246,
4612,80,75,43758,1300,
4660,78,77,43758,1282,
4655,72,73,43758,1279,
4663,75,56,43758,1270,
4646,111,66,43758,1280,
4628,68,45,43758,1289,
4649,68,70,43758,1271,
4651,80,72,43758,1285,
4631,82,63,43758,1273,
4647,87,51,43758,1272,
4649,77,78,43758,1274,
4641,86,74,43758,1288,
4635,88,68,43758,1288,
4636,69,35,43758,1290,
4659,65,62,43758,1267,
4631,80,64,43758,1272,
4650,94,58,43758,1262,
4641,67,61,43758,1291,
4659,76,68,43758,1255,
4644,94,52,43758,1261,
4643,104,65,43758,1278,
4653,74,55,43758,1271,
4650,79,66,43758,1287,
4659,88,84,43758,1275,
4642,71,73,43758,1288,
4658,81,66,43758,1276,
4639,78,73,43758,1274,
4657,71,73,43758,1278,
4656,63,73,43758,1287,
4632,105,85,43758,1265,
4695,82,53,43758,1229,
4649,67,58,43758,1297,
4649,66,75,43758,1300,
4645,112,79,43758,1282,
4664,72,76,43758,1270,
4669,70,81,43758,1266,
4653,84,68,43758,1268,
4660,83,86,43758,1277,
4659,76,54,43758,1278,
4659,77,94,43758,1272,
4633,68,75,43758,1296,
4658,88,66,43758,1291,
4642,82,61,43758,1286,
4646,83,77,43758,1284,
4672,68,73,43758,1283,
4639,66,90,43758,1281,
4669,69,49,43758,1253,
4650,92,88,43758,1292,
4650,78,76,43758,1269,
4660,76,79,43758,1283,
4654,95,52,43758,1285,
4648,81,69,43758,1258,
4649,72,66,43758,1269,
4646,77,72,43758,1279,
4656,73,63,43758,1276,
4658,74,78,43758,1270,
4636,82,71,43758,1284,
4637,97,73,43758,1282,
4663,68,60,43758,1271,
4662,60,48,43758,1265,
4643,64,67,43758,1276,
4626,89,36,43758,1262,
4657,92,84,43758,1264,
4662,78,71,43758,1278,
4646,84,87,43758,1274,
4657,71,57,43758,1290,
4627,99,73,43758,1268,
4649,78,62,43758,1275,
4643,76,77,43758,1255,
4648,76,53,43758,1286,
4648,83,50,43758,1286,
4660,93,73,43758,1275,
4638,89,59,43758,1276,
4646,66,73,43758,1281,
4673,68,34,43758,1265,
4624,71,73,43758,1307,
4640,65,69,43758,1273,
4650,75,62,43758,1299,
4665,102,31,43758,1283,
4636,49,63,43758,1283,
4642,73,69,43758,1282,
4654,80,64,43758,1279,
4644,101,51,43758,1276,
4650,84,89,43758,1275,
4657,69,79,43758,1285,
4642,81,69,43758,1272,
4640,79,78,43758,1278,
4639,83,61,43758,1278,
4619,98,62,43758,1275,
4667,78,36,43758,1267,
4630,80,79,43758,1292,
4642,87,79,43758,1279,
4664,103,37,43758,1280,
4634,81,53,43758,1266,
4643,48,89,43758,1274,
4647,77,85,43758,1274,
4661,81,50,43758,1277,
4644,89,67,43758,1275,
4641,80,73,43758,1275,
4639,82,55,43758,1277,
4646,85,64,43758,1289,
4646,71,68,43758,1270,
4644,84,59,43758,1275,
4639,102,46,43758,1262,
4668,81,53,43758,1271,
4656,76,67,43758,1290,
4660,71,99,43758,1287,
4654,78,52,43758,1270,
4653,68,89,43758,1286,
4667,78,76,43758,1268,
4652,64,68,43758,1270,
4658,83,64,43758,1280,
4653,73,68,43758,1267,
4644,91,73,43758,1290,
4650,81,72,43758,1272,
4654,91,67,43758,1261,
4633,71,70,43758,1298,
4655,51,62,43758,1261,
4653,51,84,43758,1289,
4623,88,91,43758,1282,
4628,95,76,43758,1301,
4644,81,70,43758,1275,
4652,75,77,43758,1291,
4649,73,82,43758,1272,
4652,55,67,43758,1292,
4657,83,75,43758,1266,
4647,83,61,43758,1268,
4654,84,70,43758,1271,
4650,79,64,43758,1286,
4647,79,49,43758,1278,
4654,85,82,43758,1279,
4641,85,61,43758,1278,
4663,65,46,43758,1306,
4660,68,72,43758,1266,
4683,83,71,43758,1252,
4675,73,62,43758,1260,
4650,56,88,43758,1263,
4624,96,63,43758,1295,
4667,70,75,43758,1280,
4666,66,62,43758,1264,
4659,64,48,43758,1282,
4644,84,70,43758,1279,
4657,74,63,43758,1276,
4657,68,66,43758,1284,
4657,86,65,43758,1271,
4670,102,64,43758,1286,
4660,78,66,43758,1292,
4666,92,79,43758,1270,
4662,54,66,43758,1257,
4628,76,96,43758,1276,
4658,68,91,43758,1278,
4642,89,65,43758,1269,
4669,102,43,43758,1263,
4639,92,45,43758,1266,
4637,76,71,43758,1272,
4644,75,68,43758,1264,
4642,82,87,43758,1264,
4648,62,67,43758,1274,
4643,83,64,43758,1272,
4637,87,54,43758,1281,
4661,79,80,43758,1269,
4658,70,72,43758,1278,
4673,92,95,43758,1259,
4636,70,75,43758,1268,
4606,89,80,43758,1285,
4642,84,66,43758,1282,
4624,56,59,43758,1266,
4614,70,93,43758,1295,
4645,73,71,43758,1291,
4680,69,62,43758,1255,
4641,86,60,43758,1274,
4656,86,71,43758,1275,
4634,68,62,43758,1287,
4651,83,92,43758,1275,
4656,72,56,43758,1274,
4628,75,59,43758,1289,
4646,71,83,43758,1278,
4659,79,102,43758,1271,
4649,47,62,43758,1280,
4626,93,64,43758,1298,
4634,77,69,43758,1273,
4638,66,74,43758,1291,
4672,119,37,43758,1269,
4647,66,98,43758,1282,
4634,74,52,43758,1275,
4646,88,67,43758,1286,
4646,72,77,43758,1268,
4655,70,50,43758,1269,
4639,85,67,43758,1274,
4652,78,68,43758,1282,
4636,60,64,43758,1274,
4641,80,87,43758,1299,
4655,77,68,43758,1278,
4641,82,89,43758,1261,
4632,82,64,43758,1253,
4627,81,54,43758,1274,
4649,66,79,43758,1261,
4640,58,93,43758,1270,
4631,80,87,43758,1280,
4667,68,74,43758,1263,
4649,71,59,43758,1258,
4645,94,61,43758,1274,
4656,82,82,43758,1255,
4649,67,81,43758,1275,
4637,89,67,43758,1278,
4650,73,66,43758,1264,
4653,79,50,43758,1255,
4636,95,36,43758,1291,
4617,102,64,43758,1302,
4649,80,81,43758,1279,
4634,75,58,43758,1265,
4644,74,59,43758,1291,
4621,58,71,43758,1257,
4649,82,70,43758,1268,
4647,69,62,43758,1272,
4658,78,71,43758,1273,
4643,87,62,43758,1272,
4626,79,64,43758,1290,
4659,71,69,43758,1281,
4656,89,62,43758,1279,
4648,75,87,43758,1269,
4650,86,66,43758,1277,
4667,56,56,43758,1288,
4608,89,49,43758,1300,
4661,68,77,43758,1274,
4652,83,69,43758,1258,
4655,77,78,43758,1290,
4651,62,58,43758,1282,
4661,76,46,43758,1287,
4657,82,48,43758,1275,
4673,92,49,43758,1277,
4651,70,86,43758,1271,
4643,83,47,43758,1286,
4641,81,59,43758,1271,
4649,93,65,43758,1268,
4649,78,64,43758,1271,
4636,49,63,43758,1285,
4673,69,75,43758,1225,
4628,65,55,43758,1296,
4650,55,68,43758,1282,
4636,74,68,43758,1285,
4641,87,62,43758,1275,
4657,78,46,43758,1269,
4648,74,58,43758,1270,
4647,77,65,43758,1285,
4630,71,83,43758,1274,
4640,76,70,43758,1268,
4649,72,74,43758,1284,
4644,75,59,43758,1274,
4649,67,76,43758,1281,
4622,104,64,43758,1292,
4640,78,100,43758,1267,
4623,71,50,43758,1289,
4642,89,60,43758,1267,
4620,84,63,43758,1281,
4651,92,66,43758,1272,
4625,100,42,43758,1308,
4637,63,61,43758,1263,
4664,103,48,43758,1272,
4645,84,54,43758,1272,
4646,83,57,43758,1283,
4650,78,74,43758,1259,
4638,66,55,43758,1280,
4654,78,77,43758,1275,
4645,63,59,43758,1277,
4636,85,65,43758,1272,
4651,58,86,43758,1284,
4658,87,80,43758,1275,
4643,67,88,43758,1298,
4632,70,74,43758,1289,
4652,76,50,43758,1294,
4659,70,68,43758,1286,
4640,72,81,43758,1275,
4650,77,80,43758,1287,
4648,72,59,43758,1270,
4656,77,60,43758,1287,
4637,81,70,43758,1264,
4657,77,71,43758,1290,
4643,88,77,43758,1272,
4656,86,74,43758,1271,
4657,70,57,43758,1295,
4658,75,83,43758,1253,
4648,91,44,43758,1276,
4653,82,51,43758,1274,
4656,66,48,43758,1274,
4650,69,84,43758,1277,
4666,73,103,43758,1288,
4650,80,63,43758,1268,
4646,59,65,43758,1276,
4651,81,60,43758,1283,
4632,81,63,43758,1270,
4629,84,62,43758,1284,
4651,84,75,43758,1288,
4649,71,84,43758,1260,
4643,83,69,43758,1280,
4630,86,73,43758,1265,
4657,100,63,43758,1275,
4647,76,107,43758,1244,
4652,79,74,43758,1272,
4635,87,69,43758,1280,
4670,57,58,43758,1279,
4650,63,79,43758,1251,
4636,90,73,43758,1288,
4650,86,59,43758,1262,
4647,84,57,43758,1277,
4644,72,71,43758,1278,
4658,71,70,43758,1274,
4646,73,55,43758,1279,
4659,81,72,43758,1279,
4663,81,68,43758,1279,
4648,80,64,43758,1268,
4647,75,60,43758,1280,
4672,83,66,43758,1287,
4648,64,66,43758,1266,
4660,84,51,43758,1281,
4644,72,65,43758,1270,
4642,68,45,43758,1264,
4650,86,68,43758,1272,
4654,80,58,43758,1277,
4661,94,59,43758,1278,
4654,74,72,43758,1270,
4652,88,75,43758,1277,
4644,88,68,43758,1277,
4647,94,67,43758,1272,
4644,78,62,43758,1275,
4634,93,64,43758,1275,
4648,71,56,43758,1260,
4656,85,72,43758,1262,
4650,74,75,43758,1280,
4618,77,86,43758,1278,
4649,92,81,43758,1277,
4637,66,90,43758,1275,
4644,65,50,43758,1278,
4639,65,60,43758,1286,
4656,70,71,43758,1268,
4645,78,56,43758,1272,
4637,90,57,43758,1273,
4641,71,69,43758,1282,
4650,94,77,43758,1277,
4639,94,82,43758,1273,
4643,75,55,43758,1276,
4611,93,32,43758,1297,
4637,65,67,43758,1269,
4621,82,62,43758,1261,
4636,91,61,43758,1264,
4625,82,65,43758,1309,
4634,127,37,43758,1295,
4643,88,65,43758,1294,
4658,83,76,43758,1277,
4648,85,71,43758,1282,
4662,84,68,43758,1267,
4648,79,71,43758,1266,
4667,79,75,43758,1283,
4652,90,79,43758,1275,
4657,72,61,43758,1273,
4638,60,61,43758,1310,
4627,85,57,43758,1270,
4669,84,71,43758,1266,
4637,83,80,43758,1287,
4641,63,66,43758,1275,
4639,88,61,43758,1315,
4655,117,79,43758,1281,
4654,71,80,43758,1271,
4641,73,71,43758,1284,
4654,85,59,43758,1285,
4665,65,68,43758,1277,
4656,82,63,43758,1271,
4658,87,70,43758,1277,
4667,79,79,43758,1284,
4650,81,66,43758,1274,
4640,91,56,43758,1286,
4648,81,74,43758,1269,
4646,68,68,43758,1276,
4654,91,51,43758,1290,
4666,60,53,43758,1266,
4629,34,86,43758,1256,
4648,107,88,43758,1282,
4628,77,53,43758,1280,
4645,88,55,43758,1286,
4651,80,65,43758,1276,
4634,91,61,43758,1267,
4641,82,79,43758,1282,
4645,88,78,43758,1286,
4660,76,65,43758,1279,
4632,72,82,43758,1288,
4662,101,53,43758,1287,
4634,73,84,43758,1301,
4655,69,98,43758,1264,
4622,83,64,43758,1277,
4638,72,72,43758,1268,
4654,61,69,43758,1288,
4659,51,68,43758,1278,
4647,66,57,43758,1267,
4663,70,60,43758,1283,
4654,90,66,43758,1271,
4644,77,66,43758,1272,
4660,84,76,43758,1275,
4643,87,64,43758,1274,
4659,76,73,43758,1267,
4651,79,51,43758,1279,
4646,108,69,43758,1263,
4645,97,20,43758,1267,
4650,71,59,43758,1284,
4668,84,56,43758,1280,
4643,72,70,43758,1286,
4643,55,77,43758,1289,
4650,78,65,43758,1289,
4641,89,63,43758,1277,
4654,77,56,43758,1275,
4648,67,57,43758,1287,
4651,67,74,43758,1269,
4637,71,51,43758,1280,
4648,94,68,43758,1278,
4661,86,75,43758,1282,
4645,106,52,43758,1300,
4654,65,80,43758,1281,
4619,76,71,43758,1255,
4660,90,64,43758,1282,
4646,81,82,43758,1277,
4653,84,35,43758,1272,
4654,83,86,43758,1278,
4644,95,60,43758,1275,
4642,63,59,43758,1284,
4643,71,68,43758,1281,
4659,70,76,43758,1280,
4641,91,75,43758,1278,
4660,86,73,43758,1271,
4644,87,61,43758,1279,
4659,78,57,43758,1281,
4651,84,81,43758,1279,
4670,51,64,43758,1285,
4650,90,63,43758,1283,
4653,97,68,43758,1270,
4642,88,74,43758,1286,
4661,58,75,43758,1251,
4627,72,58,43758,1273,
4630,89,76,43758,1273,
4665,82,77,43758,1300,
4654,80,68,43758,1289,
4656,74,61,43758,1284,
4638,76,68,43758,1283,
4655,72,81,43758,1292,
4634,80,59,43758,1288,
4643,90,58,43758,1277,
4628,97,90,43758,1272,
4669,82,67,43758,1273,
4636,84,96,43758,1272,
4665,57,75,43758,1285,
4654,80,66,43758,1282,
4632,88,85,43758,1280,
4629,83,70,43758,1290,
4645,88,63,43758,1275,
4645,78,69,43758,1284,
4637,73,63,43758,1287,
4656,81,60,43758,1275,
4660,81,56,43758,1259,
4660,74,70,43758,1278,
4643,77,75,43758,1295,
4636,84,80,43758,1286,
4640,77,78,43758,1300,
4654,54,104,43758,1283,
4626,62,97,43758,1279,
4679,64,85,43758,1262,
4636,97,59,43758,1291,
4657,72,123,43758,1280,
4654,83,58,43758,1279,
4637,61,77,43758,1267,
4645,82,83,43758,1260,
4660,76,64,43758,1281,
4647,78,71,43758,1263,
4672,76,63,43758,1278,
4638,79,63,43758,1277,
4649,77,79,43758,1302,
4654,90,74,43758,1282,
4664,70,61,43758,1283,
4648,55,79,43758,1279,
4657,64,75,43758,1266,
4659,63,92,43758,1285,
4640,108,44,43758,1295,
4672,80,46,43758,1294,
4679,70,63,43758,1255,
4643,116,68,43758,1275,
4663,92,73,43758,1281,
4667,76,66,43758,1279,
4647,85,64,43758,1295,
4652,80,70,43758,1273,
4662,88,56,43758,1280,
4652,83,77,43758,1282,
4658,94,70,43758,1277,
4639,80,75,43758,1285,
4669,74,59,43758,1272,
4649,68,71,43758,1286,
4652,65,45,43758,1276,
4663,110,41,43758,1289,
4644,72,68,43758,1281,
4642,54,53,43758,1291,
4659,59,89,43758,1290,
4648,92,72,43758,1288,
4653,89,61,43758,1276,
4656,83,76,43758,1287,
4647,61,64,43758,1292,
4661,79,73,43758,1286,
4664,71,52,43758,1273,
4646,53,72,43758,1313,
4651,92,93,43758,1274,
4653,85,49,43758,1300,
4643,90,57,43758,1290,
4623,76,57,43758,1281,
4645,65,66,43758,1260,
4658,117,67,43758,1317,
4643,95,56,43758,1291,
4651,86,53,43758,1274,
4645,81,80,43758,1291,
4643,83,57,43758,1282,
4642,77,53,43758,1272,
4651,84,79,43758,1285,
4654,72,63,43758,1291,
4657,84,80,43758,1276,
4644,93,47,43758,1284,
4644,91,47,43758,1301,
4623,93,22,43758,1288,
4635,74,76,43758,1278,
4642,68,83,43758,1293,
4646,67,73,43758,1301,
4677,64,67,43758,1240,
4671,82,47,43758,1265,
4663,88,67,43758,1271,
4654,99,60,43758,1262,
4646,92,55,43758,1284,
4664,67,66,43758,1297,
4656,76,60,43758,1266,
4651,74,81,43758,1287,
4654,70,53,43758,1273,
4647,91,84,43758,1281,
4650,76,63,43758,1266,
4662,75,89,43758,1264,
4646,71,64,43758,1278,
4645,78,62,43758,1274,
4662,58,69,43758,1269,
4651,73,56,43758,1246,
4659,62,63,43758,1271,
4653,81,63,43758,1256,
4647,88,65,43758,1269,
4652,69,39,43758,1283,
4656,67,74,43758,1289,
4643,83,79,43758,1282,
4647,83,66,43758,1285,
4642,66,58,43758,1279,
4662,96,76,43758,1263,
4637,63,54,43758,1307,
4674,73,78,43758,1270,
4662,72,53,43758,1285,
4644,79,61,43758,1279,
4666,83,61,43758,1277,
4678,73,51,43758,1279,
4645,55,70,43758,1283,
4650,70,58,43758,1270,
4657,62,76,43758,1293,
4660,82,75,43758,1286,
4658,85,61,43758,1275,
4659,93,57,43758,1288,
4666,78,50,43758,1281,
4659,80,83,43758,1286,
4679,73,70,43758,1287,
4658,61,65,43758,1290,
4658,95,60,43758,1277,
4668,75,69,43758,1291,
4668,74,68,43758,1268,
4655,83,90,43758,1294,
4647,86,70,43758,1283,
4676,90,48,43758,1289,
4657,60,69,43758,1292,
4664,74,73,43758,1291,
4658,71,77,43758,1278,
4665,80,58,43758,1294,
4651,69,74,43758,1303,
4663,84,85,43758,1274,
4661,70,84,43758,1275,
4661,97,61,43758,1257,
4650,67,79,43758,1292,
4674,75,60,43758,1263,
4652,94,53,43758,1281,
4636,71,62,43758,1282,
4641,82,79,43758,1293,
4650,74,89,43758,1296,
4645,75,80,43758,1269,
4650,68,53,43758,1276,
4665,92,60,43758,1284,
4660,83,65,43758,1280,
4649,64,44,43758,1287,
4658,70,53,43758,1306,
4647,91,78,43758,1261,
4642,74,63,43758,1264,
4656,64,66,43758,1294,
4669,85,36,43758,1292,
4692,65,77,43758,1243,
4663,64,67,43758,1303,
4651,79,71,43758,1286,
4650,81,52,43758,1282,
4657,95,72,43758,1294,
4675,60,57,43758,1274,
4642,60,70,43758,1296,
4660,69,62,43758,1275,
4668,85,49,43758,1265,
4652,99,53,43758,1292,
4648,73,58,43758,1287,
4662,66,56,43758,1291,
4665,90,73,43758,1286,
4641,53,70,43758,1288,
4646,94,60,43758,1267,
4661,65,82,43758,1282,
4644,86,80,43758,1286,
4658,72,64,43758,1298,
4664,84,63,43758,1284,
4657,57,61,43758,1269,
4674,75,37,43758,1296,
4668,80,57,43758,1289,
4654,63,63,43758,1275,
4659,79,43,43758,1275,
4667,90,70,43758,1268,
4662,75,63,43758,1282,
4679,59,54,43758,1287,
4652,59,65,43758,1288,
4667,77,65,43758,1287,
4662,68,75,43758,1284,
4648,54,70,43758,1313,
4664,66,93,43758,1308,
4677,73,49,43758,1281,
4659,68,66,43758,1268,
4625,114,95,43758,1310,
4661,73,66,43758,1294,
4673,79,59,43758,1283,
4652,87,53,43758,1277,
4663,72,67,43758,1299,
4659,73,74,43758,1279,
4664,88,58,43758,1284,
4659,69,80,43758,1278,
4670,77,57,43758,1277,
4643,110,74,43758,1299,
4673,88,51,43758,1292,
4650,63,74,43758,1289,
4649,69,93,43758,1297,
4664,84,53,43758,1283,
4653,74,83,43758,1254,
4668,104,93,43758,1293,
4665,75,62,43758,1276,
4663,68,76,43758,1296,
4668,69,69,43758,1296,
4674,78,48,43758,1273,
4656,79,64,43758,1298,
4646,80,61,43758,1281,
4658,75,59,43758,1284,
4673,88,71,43758,1268,
4669,75,100,43758,1288,
4667,103,77,43758,1273,
4688,69,75,43758,1284,
4681,86,46,43758,1286,
4645,59,61,43758,1285,
4698,97,46,43758,1277,
4655,64,38,43758,1260,
4669,69,48,43758,1304,
4651,85,77,43758,1272,
4657,68,81,43758,1282,
4655,81,64,43758,1279,
4660,75,83,43758,1275,
4658,112,55,43758,1277,
4650,82,80,43758,1256,
4663,65,72,43758,1281,
4654,78,53,43758,1294,
4668,82,90,43758,1260,
4672,75,31,43758,1301,
4670,103,52,43758,1281,
4628,80,70,43758,1290,
4676,96,40,43758,1290,
4671,109,65,43758,1266,
4665,54,48,43758,1277,
4661,97,48,43758,1292,
4656,90,66,43758,1284,
4660,81,62,43758,1284,
4662,69,73,43758,1292,
4669,70,68,43758,1275,
4662,68,67,43758,1286,
4652,68,66,43758,1279,
4637,88,70,43758,1293,
4665,46,59,43758,1266,
4658,72,55,43758,1259,
4650,74,81,43758,1288,
4664,77,77,43758,1290,
4670,122,40,43758,1272,
4656,74,47,43758,1279,
4658,79,42,43758,1279,
4660,66,73,43758,1282,
4649,77,67,43758,1285,
4659,75,67,43758,1282,
4659,78,61,43758,1277,
4666,86,71,43758,1300,
4664,76,72,43758,1285,
4666,67,64,43758,1277,
4667,98,54,43758,1284,
4655,54,69,43758,1301,
4666,54,92,43758,1279,
4656,77,64,43758,1291,
4655,82,76,43758,1282,
4634,70,79,43758,1287,
4694,101,60,43758,1264,
4662,90,58,43758,1282,
4677,94,71,43758,1281,
4664,71,87,43758,1284,
4667,78,81,43758,1279,
4654,66,60,43758,1265,
4656,82,56,43758,1282,
4652,93,61,43758,1280,
4671,70,45,43758,1274,
4665,60,42,43758,1292,
4648,74,70,43758,1285,
4632,77,61,43758,1284,
4685,95,57,43758,1283,
4662,76,62,43758,1267,
4663,87,75,43758,1285,
4647,52,81,43758,1296,
4665,80,52,43758,1288,
4662,70,65,43758,1283,
4659,79,76,43758,1279,
4660,89,70,43758,1272,
4650,83,65,43758,1275,
4652,72,86,43758,1288,
4661,74,57,43758,1296,
4671,71,96,43758,1302,
4642,92,38,43758,1292,
4649,73,92,43758,1254,
4646,75,78,43758,1299,
4658,75,100,43758,1286,
4662,62,103,43758,1289,
4654,89,49,43758,1273,
4652,110,72,43758,1304,
4655,88,41,43758,1283,
4668,76,71,43758,1278,
4658,78,53,43758,1277,
4667,81,66,43758,1285,
4668,79,67,43758,1286,
4665,77,59,43758,1281,
4667,73,67,43758,1287,
4661,83,71,43758,1286,
4662,81,67,43758,1294,
4652,87,49,43758,1291,
4643,81,55,43758,1280,
4641,79,77,43758,1296,
4673,52,79,43758,1284,
4643,63,42,43758,1255,
4640,93,72,43758,1315,
4661,90,58,43758,1284,
4670,89,77,43758,1295,
4659,93,79,43758,1276,
4673,84,78,43758,1271,
4658,75,62,43758,1275,
4665,78,60,43758,1305,
4665,63,55,43758,1301,
4645,70,72,43758,1293,
4663,78,57,43758,1287,
4653,79,39,43758,1297,
4662,97,58,43758,1257,
4652,96,62,43758,1290,
4654,101,75,43758,1291,
4670,61,76,43758,1281,
4694,94,82,43758,1269,
4672,79,74,43758,1295,
4659,66,57,43758,1288,
4659,81,51,43758,1295,
4660,64,78,43758,1295,
4664,85,69,43758,1296,
4654,93,53,43758,1286,
4655,81,69,43758,1293,
4640,75,70,43758,1303,
4671,83,42,43758,1281,
4629,78,45,43758,1289,
4674,53,67,43758,1280,
4642,57,76,43758,1293,
4663,97,43,43758,1290,
4674,37,114,43758,1263,
4699,91,77,43758,1312,
4666,78,70,43758,1283,
4658,73,82,43758,1278,
4660,80,72,43758,1280,
4666,84,71,43758,1293,
4661,72,50,43758,1290,
4650,76,54,43758,1285,
4659,89,78,43758,1279,
4653,70,58,43758,1290,
4667,91,69,43758,1287,
4660,83,61,43758,1256,
4633,64,90,43758,1296,
4669,72,72,43758,1289,
4677,78,90,43758,1288,
4659,84,79,43758,1288,
4679,54,61,43758,1284,
4649,72,73,43758,1286,
4683,81,77,43758,1274,
4665,80,67,43758,1276,
4682,78,58,43758,1283,
4668,80,62,43758,1282,
4684,77,46,43758,1286,
4678,84,57,43758,1277,
4665,75,67,43758,1288,
4632,68,32,43758,1318,
4664,91,51,43758,1296,
4660,80,87,43758,1309,
4653,83,45,43758,1298,
4656,108,102,43758,1296,
4677,80,49,43758,1252,
4656,86,35,43758,1269,
4678,89,60,43758,1279,
4663,82,74,43758,1298,
4665,73,58,43758,1292,
4657,75,72,43758,1293,
4663,101,73,43758,1292,
4681,84,67,43758,1295,
4680,81,61,43758,1271,
4678,72,62,43758,1300,
4661,73,70,43758,1300,
4659,77,77,43758,1308,
4676,82,62,43758,1295,
4677,76,53,43758,1270,
4666,103,54,43758,1278,
4678,99,33,43758,1277,
4695,80,56,43758,1291,
4661,112,72,43758,1289,
4667,85,47,43758,1275,
4665,82,56,43758,1290,
4671,78,70,43758,1305,
4675,101,63,43758,1301,
4676,88,60,43758,1284,
4659,89,77,43758,1285,
4684,71,75,43758,1296,
4668,94,78,43758,1275,
4686,71,114,43758,1268,
4663,60,73,43758,1276,
4679,73,61,43758,1265,
4663,81,79,43758,1313,
4698,100,54,43758,1284,
4649,70,84,43758,1308,
4650,91,77,43758,1305,
4670,82,73,43758,1292,
4670,76,72,43758,1286,
4654,83,70,43758,1282,
4663,67,67,43758,1282,
4664,80,68,43758,1257,
4653,85,61,43758,1299,
4653,74,68,43758,1284,
4667,74,96,43758,1288,
4661,73,57,43758,1277,
4662,72,71,43758,1296,
4652,69,67,43758,1293,
4670,92,46,43758,1277,
4677,87,68,43758,1279,
4651,78,74,43758,1279,
4652,63,77,43758,1268,
4670,78,72,43758,1304,
4672,68,81,43758,1287,
4685,87,56,43758,1286,
4672,85,77,43758,1281,
4666,76,67,43758,1295,
4666,86,68,43758,1306,
4667,70,72,43758,1293,
4680,89,55,43758,1267,
4652,87,47,43758,1308,
4654,45,108,43758,1276,
4675,90,63,43758,1281,
4664,81,69,43758,1288,
4641,96,83,43758,1305,
4681,91,74,43758,1276,
4672,91,66,43758,1265,
4667,75,73,43758,1289,
4666,76,72,43758,1281,
4676,70,69,43758,1281,
4661,77,76,43758,1292,
4670,62,62,43758,1295,
4665,78,60,43758,1286,
4678,64,61,43758,1304,
4678,73,59,43758,1292,
4679,54,84,43758,1310,
4656,104,86,43758,1322,
4677,91,69,43758,1274,
4673,108,50,43758,1299,
4687,94,95,43758,1306,
4651,72,50,43758,1282,
4681,74,79,43758,1292,
4676,63,62,43758,1296,
4666,88,65,43758,1291,
4673,77,64,43758,1297,
4690,75,66,43758,1286,
4670,79,71,43758,1282,
4686,83,69,43758,1278,
4676,79,58,43758,1299,
4672,80,95,43758,1306,
4706,66,77,43758,1286,
4685,102,42,43758,1280,
4669,85,64,43758,1292,
4685,93,31,43758,1300,
4664,77,65,43758,1295,
4697,108,51,43758,1323,
4695,88,59,43758,1288,
4677,71,80,43758,1274,
4666,73,82,43758,1285,
4681,67,61,43758,1279,
4689,81,57,43758,1297,
4670,83,70,43758,1290,
4669,81,58,43758,1280,
4664,90,74,43758,1295,
4684,82,73,43758,1262,
4682,69,55,43758,1291,
4643,87,67,43758,1305,
4663,77,74,43758,1309,
4650,66,28,43758,1281,
4673,55,72,43758,1294,
4695,82,91,43758,1306,
4686,65,76,43758,1294,
4684,85,74,43758,1290,
4675,81,60,43758,1290,
4683,72,59,43758,1294,
4694,72,77,43758,1293,
4677,95,72,43758,1286,
4688,72,62,43758,1287,
4679,70,67,43758,1284,
4695,74,52,43758,1292,
4678,54,105,43758,1270,
4666,87,54,43758,1291,
4693,80,57,43758,1288,
4695,76,72,43758,1287,
4672,112,26,43758,1303,
4658,80,58,43758,1275,
4650,72,74,43758,1290,
4662,77,67,43758,1275,
4657,74,72,43758,1282,
4655,73,52,43758,1280,
4648,85,64,43758,1302,
4646,66,75,43758,1292,
4657,65,67,43758,1266,
4669,72,67,43758,1296,
4652,91,43,43758,1293,
4673,73,79,43758,1264,
4656,36,74,43758,1302,
4680,80,45,43758,1273,
4671,79,57,43758,1300,
4649,70,80,43758,1304,
4653,65,60,43758,1289,
4653,76,63,43758,1297,
4667,71,63,43758,1299,
4663,64,69,43758,1277,
4656,77,75,43758,1291,
4663,91,71,43758,1292,
4667,76,67,43758,1273,
4648,100,74,43758,1280,
4652,69,81,43758,1289,
4635,102,75,43758,1295,
4651,90,80,43758,1270,
4678,63,55,43758,1289,
4648,63,75,43758,1290,
4660,51,77,43758,1304,
4671,78,79,43758,1276,
4688,77,35,43758,1260,
4673,61,70,43758,1287,
4672,74,51,43758,1290,
4664,69,72,43758,1297,
4668,89,62,43758,1290,
4665,77,70,43758,1289,
4674,56,70,43758,1295,
4664,57,52,43758,1300,
4671,73,70,43758,1311,
4672,84,51,43758,1281,
4652,66,57,43758,1327,
4646,102,39,43758,1301,
4670,72,64,43758,1312,
4708,72,96,43758,1291,
4691,71,50,43758,1248,
4645,68,65,43758,1304,
4675,72,71,43758,1292,
4683,71,80,43758,1290,
4669,70,57,43758,1289,
4685,79,69,43758,1296,
4677,72,61,43758,1298,
4668,72,65,43758,1300,
4661,73,63,43758,1298,
4673,74,80,43758,1316,
4644,87,119,43758,1305,
4673,82,72,43758,1279,
4686,70,75,43758,1285,
4671,74,84,43758,1288,
4685,80,78,43758,1260,
4658,68,79,43758,1316,
4671,80,60,43758,1284,
4697,85,64,43758,1271,
4678,82,58,43758,1284,
4670,63,55,43758,1295,
4685,64,80,43758,1289,
4675,80,67,43758,1290,
4688,85,77,43758,1295,
4675,74,79,43758,1309,
4688,72,58,43758,1302,
4710,81,63,43758,1282,
4689,44,105,43758,1286,
4677,87,56,43758,1284,
4684,84,91,43758,1290,
4693,69,69,43758,1284,
4704,92,88,43758,1329,
4729,85,47,43758,1287,
4675,73,68,43758,1311,
4682,78,45,43758,1288,
4688,64,64,43758,1276,
4674,73,60,43758,1293,
4689,83,76,43758,1269,
4678,69,60,43758,1295,
4690,85,48,43758,1295,
4682,86,61,43758,1292,
4669,70,34,43758,1304,
4685,103,63,43758,1250,
4680,92,59,43758,1316,
4713,68,77,43758,1281,
4697,71,99,43758,1293,
4667,74,88,43758,1280,
4689,87,83,43758,1307,
4687,88,57,43758,1282,
4703,77,65,43758,1301,
4694,72,70,43758,1291,
4685,84,80,43758,1294,
4704,83,72,43758,1282,
4692,71,66,43758,1284,
4697,79,78,43758,1281,
4706,86,62,43758,1280,
4699,59,72,43758,1298,
4700,80,81,43758,1260,
4686,56,58,43758,1315,
4710,85,67,43758,1294,
4685,91,75,43758,1313,
4705,80,81,43758,1283,
4730,71,66,43758,1294,
4692,72,85,43758,1303,
4713,66,79,43758,1301,
4701,84,67,43758,1300,
4703,70,63,43758,1301,
4716,68,69,43758,1286,
4704,88,73,43758,1281,
4704,80,67,43758,1281,
4724,76,62,43758,1298,
4724,79,92,43758,1282,
4702,105,62,43758,1324,
4743,80,44,43758,1287,
4718,68,70,43758,1293,
4742,56,53,43758,1293,
4726,83,80,43758,1279,
4730,79,57,43758,1286,
4735,74,62,43758,1317,
4734,69,67,43758,1299,
4744,74,62,43758,1309,
4744,72,82,43758,1292,
4720,92,61,43758,1313,
4735,94,67,43758,1282,
4746,81,67,43758,1298,
4723,80,71,43758,1306,
4758,47,82,43758,1284,
4745,86,68,43758,1270,
4727,76,55,43758,1300,
4742,78,68,43758,1316,
4749,90,78,43758,1310,
4734,92,74,43758,1315,
4744,84,70,43758,1284,
4725,70,64,43758,1317,
4733,71,43,43758,1296,
4757,75,55,43758,1302,
4736,83,57,43758,1295,
4725,76,74,43758,1292,
4731,82,70,43758,1303,
4748,75,69,43758,1305,
4744,87,33,43758,1309,
4724,71,98,43758,1299,
4752,43,74,43758,1260,
4734,101,64,43758,1304,
4716,78,76,43758,1297,
4750,85,75,43758,1304,
4746,90,69,43758,1310,
4731,94,57,43758,1285,
4724,68,86,43758,1300,
4718,72,63,43758,1296,
4725,72,64,43758,1294,
4727,79,62,43758,1303,
4723,92,59,43758,1298,
4708,81,75,43758,1294,
4730,79,74,43758,1285,
4708,94,80,43758,1292,
4717,74,56,43758,1293,
4720,81,80,43758,1313,
4683,73,106,43758,1304,
4721,75,63,43758,1299,
4736,72,75,43758,1294,
4735,86,98,43758,1295,
4728,78,86,43758,1310,
4749,89,61,43758,1304,
4759,65,57,43758,1311,
4755,84,62,43758,1298,
4760,83,77,43758,1321,
4773,75,73,43758,1299,
4782,72,51,43758,1305,
4782,85,70,43758,1306,
4781,107,60,43758,1322,
4799,69,79,43758,1310,
4779,65,87,43758,1310,
4766,78,65,43758,1309,
4788,76,76,43758,1291,
4790,79,46,43758,1332,
4776,79,88,43758,1324,
4787,98,70,43758,1341,
4803,96,54,43758,1327,
4812,72,68,43758,1309,
4820,74,62,43758,1319,
4807,79,64,43758,1299,
4814,85,69,43758,1308,
4811,78,72,43758,1324,
4829,79,69,43758,1308,
4842,96,58,43758,1311,
4819,82,77,43758,1317,
4802,61,81,43758,1321,
4818,85,46,43758,1327,
4823,101,75,43758,1320,
4815,81,89,43758,1315,
4784,37,88,43758,1331,
4838,77,67,43758,1333,
4816,90,71,43758,1314,
4801,76,69,43758,1302,
4797,88,62,43758,1311,
4790,87,78,43758,1317,
4804,71,55,43758,1328,
4816,90,60,43758,1316,
4807,71,86,43758,1317,
4789,74,73,43758,1322,
4827,84,45,43758,1333,
4792,85,51,43758,1344,
4794,69,61,43758,1321,
4820,64,71,43758,1318,
4803,69,101,43758,1331,
4783,64,91,43758,1323,
4838,91,61,43758,1300,
4814,93,93,43758,1315,
4821,90,78,43758,1326,
4813,74,57,43758,1323,
4830,78,65,43758,1309,
4829,76,49,43758,1304,
4840,87,84,43758,1327,
4815,74,75,43758,1332,
4814,95,71,43758,1300,
4836,70,43,43758,1315,
4792,85,58,43758,1332,
4819,75,52,43758,1306,
4806,74,90,43758,1339,
4848,104,53,43758,1334,
4823,88,60,43758,1309,
4805,60,80,43758,1312,
4841,60,40,43758,1320,
4844,96,72,43758,1333,
4857,73,52,43758,1320,
4859,82,68,43758,1332,
4859,81,70,43758,1315,
4877,95,78,43758,1321,
4889,76,73,43758,1341,
4895,102,72,43758,1310,
4878,98,42,43758,1335,
4885,92,73,43758,1329,
4909,51,83,43758,1309,
4881,73,77,43758,1335,
4883,86,62,43758,1326,
4860,66,42,43758,1311,
4876,91,72,43758,1350,
4885,74,81,43758,1328,
4877,87,63,43758,1328,
4851,93,71,43758,1314,
4859,80,77,43758,1321,
4849,84,62,43758,1318,
4861,89,58,43758,1317,
4847,74,63,43758,1336,
4848,68,58,43758,1332,
4859,91,33,43758,1335,
4845,87,61,43758,1350,
4851,88,72,43758,1308,
4867,103,44,43758,1314,
4840,101,61,43758,1332,
4822,71,67,43758,1345,
4827,85,64,43758,1317,
4829,86,77,43758,1343,
4858,82,73,43758,1323,
4864,91,69,43758,1332,
4872,76,68,43758,1337,
4870,77,71,43758,1317,
4854,91,83,43758,1338,
4863,64,61,43758,1308,
4837,88,70,43758,1340,
4839,69,70,43758,1347,
4854,67,87,43758,1335,
4861,94,45,43758,1316,
4843,111,56,43758,1327,
4837,84,82,43758,1327,
4825,84,68,43758,1313,
4880,96,47,43758,1324,
4811,78,61,43758,1318,
4821,80,46,43758,1321,
4840,75,74,43758,1319,
4830,71,73,43758,1316,
4829,76,65,43758,1322,
4829,68,71,43758,1308,
4824,98,59,43758,1319,
4834,96,81,43758,1306,
4814,79,74,43758,1316,
4847,86,99,43758,1320,
4817,105,64,43758,1336,
4821,71,76,43758,1321,
4807,66,89,43758,1332,
4832,55,49,43758,1295,
4818,56,44,43758,1313,
4806,95,57,43758,1314,
4812,72,30,43758,1308,
4812,75,69,43758,1317,
4809,82,64,43758,1303,
4803,88,71,43758,1315,
4805,78,62,43758,1304,
4811,79,67,43758,1328,
4813,73,68,43758,1301,
4805,78,49,43758,1316,
4806,100,46,43758,1312,
4790,87,52,43758,1331,
4807,102,73,43758,1305,
4806,80,26,43758,1313,
4815,78,65,43758,1317,
4808,75,64,43758,1312,
4816,80,37,43758,1297,
4797,63,64,43758,1321,
4807,87,74,43758,1318,
4793,88,59,43758,1310,
4813,81,60,43758,1312,
4804,87,70,43758,1315,
4799,84,61,43758,1317,
4801,101,61,43758,1313,
4815,85,65,43758,1342,
4831,71,55,43758,1309,
4847,56,63,43758,1284,
4813,85,55,43758,1301,
4822,90,69,43758,1328,
4836,98,67,43758,1300,
4800,100,89,43758,1364,
4842,86,72,43758,1333,
4841,75,74,43758,1314,
4824,84,55,43758,1320,
4825,88,62,43758,1300,
4838,68,69,43758,1318,
4872,86,66,43758,1331,
4884,76,66,43758,1325,
4888,69,72,43758,1330,
4900,101,46,43758,1324,
4904,70,67,43758,1331,
4931,63,33,43758,1318,
4941,92,57,43758,1306,
4928,94,49,43758,1339,
4952,72,75,43758,1321,
4934,60,104,43758,1339,
4948,71,76,43758,1372,
4977,80,70,43758,1345,
4969,89,65,43758,1341,
4965,93,56,43758,1345,
4990,90,59,43758,1342,
4981,73,51,43758,1336,
4995,85,70,43758,1348,
4984,76,74,43758,1361,
4989,78,85,43758,1353,
5027,103,55,43758,1344,
5001,71,57,43758,1378,
5023,83,55,43758,1345,
5037,69,66,43758,1329,
5024,78,67,43758,1348,
5006,97,104,43758,1363,
5023,79,84,43758,1344,
5014,95,67,43758,1352,
5006,105,59,43758,1347,
4997,91,75,43758,1363,
4997,75,84,43758,1354,
4993,82,84,43758,1353,
4975,77,67,43758,1338,
4970,69,74,43758,1351,
4949,81,55,43758,1366,
4941,64,67,43758,1347,
4923,103,58,43758,1325,
4938,74,54,43758,1330,
4955,76,55,43758,1336,
4901,70,86,43758,1348,
4914,91,72,43758,1333,
4901,72,77,43758,1356,
4910,82,65,43758,1349,
4906,86,66,43758,1330,
4904,84,74,43758,1347,
4894,78,50,43758,1344,
4887,83,57,43758,1354,
4907,86,75,43758,1327,
4899,91,54,43758,1326,
4896,68,55,43758,1342,
4892,65,68,43758,1326,
4904,64,65,43758,1316,
4869,95,38,43758,1345,
4879,79,72,43758,1338,
4887,66,108,43758,1325,
4841,75,85,43758,1349,
4875,91,61,43758,1316,
4866,80,68,43758,1334,
4863,77,72,43758,1339,
4870,75,69,43758,1336,
4861,83,65,43758,1310,
4858,82,60,43758,1334,
4861,79,63,43758,1330,
4855,87,69,43758,1330,
4870,73,90,43758,1313,
4867,70,79,43758,1317,
4861,74,71,43758,1315,
4855,60,96,43758,1348,
4850,81,66,43758,1320,
4860,85,71,43758,1339,
4842,79,95,43758,1343,
4855,94,102,43758,1337,
4863,99,71,43758,1334,
4866,73,59,43758,1342,
4849,97,65,43758,1351,
4843,86,72,43758,1327,
4851,61,56,43758,1334,
4841,93,72,43758,1336,
4858,65,66,43758,1335,
4855,96,68,43758,1330,
4835,84,86,43758,1319,
4841,65,65,43758,1349,
4848,79,77,43758,1344,
4833,85,58,43758,1320,
4848,85,78,43758,1315,
4859,71,59,43758,1310,
4852,88,62,43758,1338,
4847,85,59,43758,1337,
4838,94,65,43758,1323,
4834,86,78,43758,1320,
4854,84,65,43758,1332,
4856,85,77,43758,1326,
4857,91,74,43758,1322,
4854,78,77,43758,1331,
4837,64,67,43758,1321,
4859,86,79,43758,1321,
4839,48,120,43758,1333,
4855,91,57,43758,1319,
4858,99,55,43758,1334,
4841,65,97,43758,1327,
4881,117,32,43758,1325,
4847,87,48,43758,1338,
4841,96,62,43758,1325,
4852,87,79,43758,1317,
4839,78,73,43758,1335,
4823,68,73,43758,1312,
4834,65,64,43758,1327,
4834,84,62,43758,1348,
4840,88,75,43758,1324,
4833,102,73,43758,1323,
4845,90,83,43758,1336,
4838,95,77,43758,1330,
4831,73,63,43758,1345,
4828,76,63,43758,1325,
4856,75,64,43758,1299,
4834,73,74,43758,1333,
4844,78,89,43758,1314,
4862,82,77,43758,1334,
4844,81,84,43758,1324,
4842,83,50,43758,1333,
4850,65,65,43758,1326,
4840,68,86,43758,1330,
4847,80,83,43758,1325,
4848,102,74,43758,1331,
4854,79,67,43758,1334,
4858,68,28,43758,1339,
4840,89,64,43758,1322,
4853,77,54,43758,1316,
4851,88,73,43758,1315,
4836,88,65,43758,1345,
4854,79,63,43758,1296,
4878,109,63,43758,1319,
4858,85,71,43758,1318,
4857,77,81,43758,1333,
4861,82,85,43758,1336,
4848,89,63,43758,1319,
4876,90,57,43758,1321,
4861,91,66,43758,1332,
4886,88,72,43758,1332,
4911,76,75,43758,1347,
4911,92,64,43758,1326,
4925,66,98,43758,1381,
4955,67,66,43758,1338,
4943,54,83,43758,1347,
4942,88,59,43758,1332,
4978,90,48,43758,1317,
4982,94,72,43758,1354,
4958,74,77,43758,1346,
4969,74,75,43758,1343,
4978,81,70,43758,1339,
4965,77,73,43758,1342,
4970,75,69,43758,1363,
4974,87,55,43758,1341,
4983,79,71,43758,1343,
4983,79,82,43758,1339,
4956,93,39,43758,1347,
4980,79,62,43758,1358,
4965,70,73,43758,1329,
4969,78,61,43758,1368,
4977,83,47,43758,1373,
4986,79,57,43758,1324,
5028,91,78,43758,1342,
4993,99,63,43758,1354,
5013,64,66,43758,1346,
5030,77,74,43758,1353,
5013,79,66,43758,1349,
5058,80,82,43758,1343,
5049,86,82,43758,1359,
5067,65,84,43758,1362,
5053,71,67,43758,1370,
5066,73,71,43758,1375,
5080,83,63,43758,1347,
5083,84,75,43758,1373,
5085,102,71,43758,1371,
5104,69,60,43758,1360,
5099,113,53,43758,1333,
5107,52,76,43758,1344,
5081,73,69,43758,1339,
5091,95,72,43758,1374,
5108,80,71,43758,1364,
5102,86,64,43758,1352,
5100,86,80,43758,1367,
5092,78,71,43758,1351,
5089,82,77,43758,1374,
5077,75,79,43758,1369,
5075,73,56,43758,1366,
5037,105,50,43758,1368,
5033,79,95,43758,1373,
5047,81,76,43758,1355,
5056,74,55,43758,1359,
5077,89,52,43758,1361,
5071,93,40,43758,1353,
5061,70,81,43758,1356,
5052,77,62,43758,1373,
5045,83,62,43758,1372,
5032,84,70,43758,1379,
5055,78,60,43758,1374,
5037,90,69,43758,1352,
5032,87,66,43758,1366,
5032,98,39,43758,1344,
5034,82,44,43758,1345,
5038,99,48,43758,1332,
5045,90,59,43758,1317,
5039,111,45,43758,1357,
5031,84,40,43758,1373,
5041,84,93,43758,1353,
5047,100,60,43758,1333,
5041,99,51,43758,1359,
5031,71,70,43758,1355,
5016,79,76,43758,1358,
5017,97,83,43758,1351,
5011,88,63,43758,1362,
5000,96,70,43758,1366,
5000,91,70,43758,1341,
4999,92,44,43758,1352,
5002,94,54,43758,1370,
4987,77,101,43758,1343,
4984,74,73,43758,1378,
5005,91,55,43758,1344,
5003,81,83,43758,1355,
5001,107,60,43758,1360,
4998,76,69,43758,1338,
4998,77,72,43758,1349,
4988,73,83,43758,1357,
4982,60,64,43758,1354,
4980,84,68,43758,1349,
4983,89,70,43758,1345,
4965,83,67,43758,1363,
4969,85,55,43758,1357,
4974,80,63,43758,1331,
4952,95,92,43758,1359,
4944,115,36,43758,1370,
4939,65,71,43758,1330,
4971,61,79,43758,1330,
4938,85,52,43758,1342,
4913,43,63,43758,1345,
4976,114,102,43758,1338,
4935,84,67,43758,1352,
4942,87,72,43758,1338,
4942,91,50,43758,1356,
4921,78,61,43758,1353,
4931,89,67,43758,1345,
4934,87,55,43758,1334,
4921,76,50,43758,1348,
4922,78,84,43758,1331,
4920,80,48,43758,1335,
4910,63,78,43758,1360,
4923,111,54,43758,1334,
4906,90,62,43758,1335,
4915,75,65,43758,1340,
4963,91,55,43758,1336,
4899,50,71,43758,1359,
4907,74,39,43758,1350,
4914,90,84,43758,1343,
4918,91,72,43758,1335,
4914,79,67,43758,1325,
4911,81,67,43758,1334,
4918,78,74,43758,1348,
4911,87,73,43758,1337,
4921,95,81,43758,1347,
4916,83,53,43758,1350,
4918,72,72,43758,1334,
4911,103,36,43758,1350,
4902,106,68,43758,1339,
4911,67,61,43758,1337,
4947,82,71,43758,1317,
4919,74,46,43758,1338,
4919,98,78,43758,1349,
4921,80,63,43758,1341,
4912,75,64,43758,1348,
4901,73,69,43758,1343,
4908,75,67,43758,1327,
4903,85,76,43758,1330,
4904,91,55,43758,1346,
4904,87,66,43758,1329,
4911,84,65,43758,1350,
4922,58,54,43758,1343,
4899,77,91,43758,1353,
4917,64,77,43758,1328,
4916,74,58,43758,1335,
4886,84,56,43758,1368,
4917,115,47,43758,1344,
4919,97,72,43758,1323,
4911,72,63,43758,1349,
4912,94,65,43758,1342,
4917,85,87,43758,1350,
4913,87,50,43758,1337,
4905,95,78,43758,1344,
4912,90,68,43758,1338,
4899,69,66,43758,1350,
4901,72,71,43758,1364,
4901,72,104,43758,1355,
4905,82,83,43758,1363,
4891,83,84,43758,1349,
4898,86,91,43758,1345,
4895,87,51,43758,1352,
4910,78,60,43758,1329,
4924,75,60,43758,1343,
4908,81,82,43758,1341,
4902,78,70,43758,1351,
4906,79,65,43758,1345,
4904,79,82,43758,1333,
4902,88,70,43758,1329,
4891,69,75,43758,1336,
4903,75,68,43758,1336,
4889,79,43,43758,1342,
4888,124,68,43758,1342,
4899,52,89,43758,1348,
4916,74,76,43758,1356,
4905,88,64,43758,1342,
4914,72,67,43758,1335,
4889,88,73,43758,1330,
4890,56,103,43758,1346,
4917,70,64,43758,1335,
4905,85,68,43758,1346,
4907,94,61,43758,1343,
4897,73,66,43758,1356,
4897,87,57,43758,1335,
4892,75,93,43758,1349,
4889,74,70,43758,1341,
4917,85,64,43758,1336,
4908,86,100,43758,1333,
4917,94,84,43758,1344,
4891,70,69,43758,1349,
4901,77,83,43758,1337,
4884,95,70,43758,1338,
4912,60,86,43758,1349,
4906,82,79,43758,1324,
4905,84,80,43758,1331,
4908,73,48,43758,1344,
4915,66,70,43758,1352,
4911,91,78,43758,1330,
4907,86,71,43758,1350,
4907,84,68,43758,1337,
4898,85,81,43758,1342,
4893,74,49,43758,1353,
4915,69,56,43758,1343,
4914,97,71,43758,1349,
4934,112,74,43758,1328,
4896,71,90,43758,1332,
4929,89,48,43758,1324,
4911,77,64,43758,1326,
4906,97,67,43758,1380,
4903,75,68,43758,1328,
4908,88,71,43758,1349,
4926,92,66,43758,1339,
4901,86,75,43758,1343,
4915,84,85,43758,1340,
4908,77,57,43758,1344,
4892,72,64,43758,1340,
4895,105,37,43758,1342,
4906,101,66,43758,1331,
4904,103,37,43758,1331,
4925,83,79,43758,1353,
4902,81,68,43758,1337,
4891,99,53,43758,1358,
4891,42,74,43758,1318,
4896,85,96,43758,1337,
4897,51,84,43758,1346,
4921,84,71,43758,1346,
4880,79,61,43758,1344,
4892,72,69,43758,1354,
4911,76,70,43758,1331,
4897,81,74,43758,1325,
4899,90,75,43758,1335,
4918,53,89,43758,1333,
4920,66,53,43758,1326,
4891,81,88,43758,1346,
4902,72,95,43758,1343,
4897,98,79,43758,1342,
4878,70,69,43758,1324,
4920,91,63,43758,1344,
4887,85,60,43758,1355,
4904,91,78,43758,1344,
4910,73,74,43758,1344,
4915,90,72,43758,1343,
4909,69,68,43758,1350,
4891,88,75,43758,1343,
4897,86,53,43758,1337,
4890,90,52,43758,1341,
4909,86,77,43758,1333,
4886,73,37,43758,1368,
4903,73,98,43758,1332,
4898,66,93,43758,1321,
4915,64,91,43758,1347,
4904,78,63,43758,1359,
4900,88,86,43758,1360,
4907,91,53,43758,1315,
4888,77,82,43758,1335,
4887,81,57,43758,1334,
4903,89,72,43758,1336,
4890,81,71,43758,1348,
4898,81,78,43758,1335,
4891,82,69,43758,1346,
4892,75,61,43758,1339,
4895,88,57,43758,1349,
4890,69,69,43758,1373,
4912,69,76,43758,1330,
4893,71,40,43758,1336,
4914,94,46,43758,1342,
4879,89,65,43758,1367,
4884,73,73,43758,1335,
4899,78,80,43758,1329,
4885,80,68,43758,1354,
4903,84,72,43758,1330,
4896,93,75,43758,1346,
4896,80,67,43758,1343,
4915,91,52,43758,1342,
4886,79,66,43758,1333,
4901,87,75,43758,1330,
4889,80,87,43758,1330,
4899,65,99,43758,1346,
4906,69,37,43758,1347,
4906,69,67,43758,1347,
4882,97,86,43758,1321,
4888,98,49,43758,1341,
4876,104,54,43758,1336,
4889,69,45,43758,1309,
4878,81,70,43758,1346,
4909,89,80,43758,1353,
4893,75,54,43758,1332,
4896,86,73,43758,1345,
4908,82,70,43758,1341,
4885,95,70,43758,1345,
4896,91,64,43758,1340,
4904,71,62,43758,1350,
4905,100,65,43758,1326,
4895,71,64,43758,1328,
4894,77,70,43758,1317,
4881,67,84,43758,1341,
4883,99,72,43758,1361,
4854,83,64,43758,1350,
4891,75,101,43758,1335,
4881,80,52,43758,1339,
4887,78,45,43758,1352,
4898,79,72,43758,1360,
4893,78,72,43758,1348,
4880,73,77,43758,1338,
4867,92,91,43758,1348,
4879,74,78,43758,1334,
4897,60,74,43758,1332,
4877,84,73,43758,1336,
4881,87,83,43758,1342,
4871,75,87,43758,1358,
4876,84,60,43758,1335,
4888,79,59,43758,1332,
4890,76,80,43758,1325,
4877,85,71,43758,1341,
4889,81,63,43758,1325,
4879,98,68,43758,1334,
4885,76,80,43758,1348,
4879,73,79,43758,1352,
4882,87,72,43758,1338,
4884,72,61,43758,1347,
4896,68,64,43758,1340,
4893,80,67,43758,1351,
4880,95,45,43758,1357,
4889,94,62,43758,1314,
4893,90,29,43758,1334,
4902,92,56,43758,1340,
4879,85,69,43758,1337,
4918,83,61,43758,1326,
4898,97,85,43758,1335,
4866,85,69,43758,1340,
4870,79,60,43758,1341,
4880,67,64,43758,1346,
4889,84,62,43758,1336,
4876,75,77,43758,1346,
4863,102,66,43758,1334,
4875,80,57,43758,1348,
4884,82,81,43758,1348,
4887,66,78,43758,1327,
4896,98,43,43758,1355,
4880,105,59,43758,1348,
4881,94,81,43758,1351,
4863,84,67,43758,1341,
4890,102,64,43758,1355,
4903,105,87,43758,1371,
4862,78,71,43758,1334,
4891,78,69,43758,1311,
4890,90,56,43758,1326,
4873,78,79,43758,1332,
4876,78,77,43758,1350,
4885,58,63,43758,1360,
4878,96,65,43758,1337,
4891,75,66,43758,1337,
4885,79,63,43758,1347,
4887,54,68,43758,1346,
4877,74,67,43758,1329,
4876,77,109,43758,1361,
4870,70,71,43758,1327,
4874,104,50,43758,1343,
4875,61,110,43758,1344,
4885,77,41,43758,1328,
4872,90,84,43758,1346,
4884,78,76,43758,1345,
4883,72,60,43758,1335,
4874,81,74,43758,1333,
4887,74,77,43758,1360,
4868,83,71,43758,1340,
4890,93,60,43758,1329,
4863,95,78,43758,1336,
4882,69,103,43758,1316,
4906,87,82,43758,1339,
4884,65,80,43758,1344,
4890,76,52,43758,1338,
4900,100,48,43758,1353,
4869,73,81,43758,1356,
4870,79,75,43758,1340,
4883,87,58,43758,1359,
4880,68,66,43758,1337,
4886,101,72,43758,1325,
4884,93,70,43758,1347,
4895,83,50,43758,1334,
4888,76,80,43758,1331,
4874,77,56,43758,1356,
4892,73,60,43758,1334,
4883,89,39,43758,1309,
4876,78,60,43758,1352,
4903,81,54,43758,1337,
4882,81,86,43758,1339,
4895,115,71,43758,1338,
4878,54,68,43758,1319,
4869,88,65,43758,1343,
4869,91,73,43758,1338,
4863,103,90,43758,1343,
4861,81,75,43758,1339,
4881,84,62,43758,1335,
4889,81,67,43758,1349,
4880,62,53,43758,1345,
4884,82,80,43758,1330,
4861,77,55,43758,1347,
4894,82,53,43758,1332,
4871,89,71,43758,1341,
4893,81,72,43758,1339,
4904,91,68,43758,1338,
4874,105,77,43758,1376,
4909,76,48,43758,1331,
4861,69,66,43758,1338,
4876,81,50,43758,1357,
4879,90,66,43758,1317,
4885,88,69,43758,1347,
4887,76,69,43758,1345,
4902,80,74,43758,1334,
4897,83,53,43758,1329,
4883,64,51,43758,1346,
4869,99,49,43758,1337,
4874,101,55,43758,1330,
4871,66,46,43758,1365,
4889,74,76,43758,1341,
4866,76,67,43758,1351,
4898,95,64,43758,1364,
4888,70,86,43758,1338,
4892,79,102,43758,1356,
4893,85,58,43758,1341,
4885,78,74,43758,1347,
4898,85,55,43758,1333,
4892,77,58,43758,1343,
4890,85,70,43758,1329,
4879,76,61,43758,1344,
4871,83,74,43758,1344,
4878,95,61,43758,1349,
4886,78,61,43758,1303,
4861,102,75,43758,1356,
4886,98,76,43758,1342,
4883,70,93,43758,1342,
4894,84,48,43758,1328,
4896,81,67,43758,1335,
4855,93,88,43758,1329,
4875,86,82,43758,1322,
4879,86,52,43758,1337,
4872,71,67,43758,1337,
4879,72,66,43758,1351,
4882,80,69,43758,1350,
4873,81,65,43758,1339,
4892,76,73,43758,1350,
4901,107,69,43758,1326,
4919,85,75,43758,1312,
4895,65,76,43758,1324,
4877,110,73,43758,1356,
4875,83,59,43758,1334,
4911,76,60,43758,1319,
4870,69,69,43758,1357,
4893,99,50,43758,1341,
4883,79,61,43758,1340,
4888,77,76,43758,1331,
4876,83,65,43758,1327,
4879,76,66,43758,1329,
4889,83,50,43758,1326,
4883,90,79,43758,1340,
4877,76,76,43758,1326,
4875,83,54,43758,1339,
4870,81,80,43758,1353,
4866,74,93,43758,1364,
4896,93,45,43758,1330,
4870,95,70,43758,1332,
4878,81,87,43758,1331,
4877,107,68,43758,1376,
4889,79,51,43758,1326,
4889,86,54,43758,1336,
4874,78,89,43758,1347,
4882,72,75,43758,1338,
4876,75,50,43758,1328,
4884,91,70,43758,1349,
4880,86,84,43758,1344,
4872,73,65,43758,1343,
4865,81,79,43758,1354,
4875,57,101,43758,1353,
4846,104,47,43758,1350,
4861,98,79,43758,1339,
4856,91,59,43758,1346,
4873,84,54,43758,1323,
4855,71,64,43758,1342,
4843,94,27,43758,1335,
4859,91,73,43758,1327,
4854,84,91,43758,1322,
4864,70,82,43758,1361,
4850,85,65,43758,1319,
4867,93,90,43758,1339,
4863,85,59,43758,1318,
4868,87,82,43758,1307,
4866,69,60,43758,1306,
4878,83,47,43758,1339,
4846,66,102,43758,1342,
4855,82,63,43758,1337,
4872,84,68,43758,1351,
4859,100,71,43758,1350,
4852,74,51,43758,1348,
4853,79,71,43758,1357,
4870,84,59,43758,1325,
4858,81,73,43758,1342,
4853,77,72,43758,1326,
4858,80,70,43758,1333,
4852,80,79,43758,1326,
4859,93,67,43758,1332,
4845,77,58,43758,1329,
4881,76,59,43758,1343,
4851,80,34,43758,1355,
4860,74,48,43758,1317,
4864,56,91,43758,1336,
4857,73,83,43758,1308,
4851,111,56,43758,1331,
4875,79,75,43758,1325,
4836,66,78,43758,1341,
4853,85,90,43758,1335,
4867,77,56,43758,1348,
4853,104,57,43758,1325,
4862,79,73,43758,1340,
4848,82,75,43758,1324,
4856,82,73,43758,1331,
4865,86,72,43758,1348,
4851,76,66,43758,1344,
4882,66,70,43758,1322,
4882,84,82,43758,1319,
4855,116,75,43758,1337,
4872,81,88,43758,1321,
4860,89,38,43758,1329,
4865,77,92,43758,1326,
4853,67,72,43758,1339,
4868,90,55,43758,1330,
4866,67,65,43758,1322,
4864,91,58,43758,1346,
4864,60,75,43758,1351,
4869,78,60,43758,1329,
4866,82,64,43758,1339,
4871,63,63,43758,1334,
4859,82,39,43758,1342,
4840,64,82,43758,1367,
4867,97,57,43758,1358,
4863,79,77,43758,1315,
4850,89,76,43758,1347,
4877,46,88,43758,1335,
4854,100,81,43758,1360,
4881,93,64,43758,1333,
4878,73,82,43758,1340,
4871,82,73,43758,1338,
4880,97,52,43758,1321,
4865,82,77,43758,1335,
4854,87,66,43758,1335,
4869,71,65,43758,1343,
4856,69,63,43758,1344,
4865,90,70,43758,1331,
4865,73,65,43758,1328,
4857,80,72,43758,1325,
4854,68,58,43758,1341,
4870,98,82,43758,1315,
4865,94,38,43758,1347,
4872,78,102,43758,1354,
4847,86,39,43758,1357,
4855,74,69,43758,1345,
4885,70,56,43758,1333,
4883,73,60,43758,1335,
4858,95,73,43758,1320,
4856,78,66,43758,1359,
4863,91,70,43758,1334,
4876,85,69,43758,1324,
4869,92,54,43758,1328,
4896,87,45,43758,1314,
4856,76,32,43758,1347,
4853,120,77,43758,1332,
4852,83,63,43758,1337,
4821,57,90,43758,1351,
4852,87,76,43758,1348,
4874,95,55,43758,1322,
4869,85,69,43758,1328,
4871,73,74,43758,1329,
4866,74,56,43758,1322,
4870,74,71,43758,1340,
4868,76,72,43758,1336,
4852,91,55,43758,1340,
4864,92,57,43758,1340,
4848,92,47,43758,1340,
4872,79,55,43758,1345,
4851,67,117,43758,1340,
4857,74,76,43758,1369,
4873,83,85,43758,1358,
4871,73,75,43758,1341,
4869,94,66,43758,1319,
4861,97,58,43758,1360,
4873,68,67,43758,1339,
4864,75,79,43758,1323,
4866,64,77,43758,1337,
4865,88,51,43758,1359,
4878,80,63,43758,1340,
4866,81,54,43758,1328,
4865,84,62,43758,1335,
4877,57,99,43758,1328,
4865,64,61,43758,1337,
4885,69,81,43758,1335,
4842,82,96,43758,1344,
4866,85,73,43758,1354,
4851,71,82,43758,1331,
4873,99,92,43758,1361,
4886,86,41,43758,1334,
4896,87,68,43758,1337,
4871,69,72,43758,1348,
4878,82,74,43758,1337,
4868,79,72,43758,1335,
4874,75,55,43758,1350,
4876,80,57,43758,1342,
4886,84,77,43758,1348,
4867,72,45,43758,1349,
4876,95,56,43758,1356,
4877,61,90,43758,1325,
4866,82,77,43758,1348,
4874,57,79,43758,1347,
4885,88,54,43758,1323,
4854,69,81,43758,1357,
4865,84,76,43758,1336,
4893,82,71,43758,1330,
4881,78,70,43758,1342,
4889,78,48,43758,1339,
4873,84,74,43758,1338,
4884,77,71,43758,1350,
4875,83,60,43758,1348,
4879,86,69,43758,1337,
4889,74,68,43758,1324,
4892,98,44,43758,1340,
4891,66,73,43758,1346,
4852,84,49,43758,1355,
4865,86,38,43758,1326,
4869,64,94,43758,1335,
4887,65,73,43758,1325,
4880,113,32,43758,1337,
4891,67,65,43758,1335,
4889,75,82,43758,1330,
4888,90,77,43758,1340,
4877,78,64,43758,1346,
4888,92,80,43758,1316,
4878,95,56,43758,1326,
4879,108,68,43758,1324,
4873,87,69,43758,1332,
4916,70,53,43758,1335,
4887,75,78,43758,1340,
4874,86,71,43758,1348,
4887,82,58,43758,1347,
4882,73,70,43758,1327,
4864,96,62,43758,1349,
4889,46,36,43758,1323,
4895,71,92,43758,1353,
4884,91,69,43758,1341,
4895,85,64,43758,1325,
4892,80,73,43758,1349,
4886,87,82,43758,1336,
4882,81,58,43758,1353,
4896,70,81,43758,1337,
4881,95,78,43758,1346,
4891,72,47,43758,1337,
4850,91,75,43758,1342,
4893,71,100,43758,1322,
4885,88,66,43758,1351,
4908,97,62,43758,1362,
4874,102,51,43758,1333,
4872,63,63,43758,1338,
4860,68,66,43758,1345,
4860,99,54,43758,1339,
4874,93,63,43758,1347,
4873,87,60,43758,1339,
4875,82,63,43758,1331,
4850,88,69,43758,1338,
4873,81,56,43758,1335,
4890,93,63,43758,1344,
4874,45,103,43758,1334,
4866,115,79,43758,1320,
4871,76,67,43758,1353,
4886,76,62,43758,1339,
4882,84,52,43758,1312,
4870,74,68,43758,1338,
4848,76,89,43758,1362,
4892,100,58,43758,1345,
4896,72,73,43758,1335,
4879,68,76,43758,1327,
4893,86,59,43758,1350,
4893,86,58,43758,1341,
4891,85,60,43758,1332,
4892,84,74,43758,1337,
4886,80,61,43758,1330,
4871,38,77,43758,1368,
4872,68,85,43758,1315,
4873,59,78,43758,1365,
4875,78,50,43758,1353,
4851,76,74,43758,1340,
4870,55,102,43758,1343,
4880,69,67,43758,1339,
4894,107,59,43758,1309,
4878,89,46,43758,1348,
4864,73,59,43758,1342,
4871,80,71,43758,1342,
4893,70,70,43758,1328,
4870,68,77,43758,1334,
4886,82,59,43758,1349,
4893,81,69,43758,1341,
4887,70,66,43758,1358,
4900,93,78,43758,1339,
4902,67,57,43758,1339,
4879,66,70,43758,1335,
4886,72,72,43758,1339,
4879,74,69,43758,1364,
4858,94,70,43758,1342,
4885,82,52,43758,1329,
4880,80,53,43758,1351,
4888,80,59,43758,1346,
4886,80,74,43758,1347,
4890,78,67,43758,1340,
4896,86,79,43758,1327,
4886,69,58,43758,1339,
4892,71,74,43758,1352,
4894,76,97,43758,1339,
4894,75,84,43758,1354,
4870,54,94,43758,1349,
4887,72,35,43758,1338,
4895,86,47,43758,1341,
4896,91,63,43758,1339,
4905,90,85,43758,1355,
4879,96,80,43758,1315,
4903,82,59,43758,1331,
4902,82,77,43758,1345,
4893,65,61,43758,1333,
4900,85,79,43758,1348,
4894,79,72,43758,1347,
4891,78,68,43758,1345,
4876,71,77,43758,1337,
4881,71,49,43758,1338,
4905,65,77,43758,1332,
4891,98,50,43758,1337,
4905,62,108,43758,1328,
4904,86,71,43758,1330,
4869,66,94,43758,1348,
4883,92,82,43758,1346,
4878,77,60,43758,1362,
4878,84,74,43758,1343,
4882,83,54,43758,1342,
4866,76,61,43758,1346,
4887,65,59,43758,1329,
4882,96,60,43758,1352,
4883,82,81,43758,1338,
4864,82,66,43758,1344,
4889,82,100,43758,1311,
4884,89,98,43758,1309,
4885,46,88,43758,1342,
4859,86,73,43758,1372,
4880,69,56,43758,1341,
4882,97,75,43758,1353,
4873,60,58,43758,1339,
4899,83,60,43758,1363,
4882,95,61,43758,1327,
4880,75,84,43758,1335,
4877,71,73,43758,1344,
4882,73,65,43758,1319,
4884,86,49,43758,1341,
4870,76,65,43758,1357,
4882,94,68,43758,1355,
4890,95,67,43758,1334,
4880,81,80,43758,1362,
4878,72,67,43758,1349,
4882,107,65,43758,1329,
4895,85,31,43758,1342,
4900,93,84,43758,1349,
4871,70,101,43758,1344,
4865,85,79,43758,1343,
4884,70,71,43758,1340,
4879,93,67,43758,1328,
4873,90,54,43758,1338,
4876,98,74,43758,1328,
4885,76,78,43758,1346,
4881,78,62,43758,1341,
4896,71,73,43758,1366,
4888,85,73,43758,1340,
4887,80,79,43758,1350,
4909,61,61,43758,1338,
4877,104,55,43758,1331,
4898,109,69,43758,1347,
4899,86,43,43758,1348,
4906,89,84,43758,1335,
4893,95,63,43758,1347,
4880,79,51,43758,1340,
4908,91,57,43758,1366,
4890,69,74,43758,1336,
4891,77,80,43758,1343,
4879,91,56,43758,1346,
4893,88,62,43758,1345,
4885,84,70,43758,1314,
4895,60,40,43758,1336,
4891,73,42,43758,1349,
4897,93,55,43758,1330,
4895,87,48,43758,1341,
4869,79,67,43758,1345,
4879,55,75,43758,1320,
4898,124,59,43758,1357,
4905,104,40,43758,1357,
4882,90,54,43758,1353,
4890,79,76,43758,1350,
4895,76,67,43758,1348,
4890,76,66,43758,1341,
4908,84,85,43758,1350,
4902,82,81,43758,1346,
4894,69,71,43758,1345,
4894,72,58,43758,1341,
4871,79,62,43758,1337,
4880,98,68,43758,1363,
4893,73,71,43758,1337,
4913,75,73,43758,1346,
4891,108,79,43758,1352,
4893,88,54,43758,1332,
4906,78,63,43758,1338,
4876,63,69,43758,1351,
4885,73,62,43758,1351,
4888,82,61,43758,1354,
4880,87,61,43758,1346,
4873,80,66,43758,1341,
4891,93,62,43758,1343,
4869,86,69,43758,1356,
4873,104,61,43758,1331,
4845,79,69,43758,1327,
4867,92,11,43758,1370,
4873,92,61,43758,1327,
4881,85,44,43758,1347,
4885,95,52,43758,1367,
4855,83,78,43758,1342,
4892,69,77,43758,1338,
4877,91,71,43758,1348,
4865,77,63,43758,1361,
4877,84,67,43758,1341,
4868,81,74,43758,1332,
4878,73,74,43758,1324,
4888,81,84,43758,1335,
4868,84,73,43758,1362,
4874,81,71,43758,1348,
4881,62,95,43758,1346,
4865,78,92,43758,1316,
4868,91,74,43758,1334,
4865,75,78,43758,1348,
4881,88,84,43758,1345,
4883,73,81,43758,1337,
4871,104,58,43758,1350,
4893,98,73,43758,1348,
4885,73,62,43758,1340,
4867,65,89,43758,1329,
4878,85,56,43758,1338,
4887,100,58,43758,1331,
4891,75,69,43758,1348,
4880,79,62,43758,1335,
4859,87,80,43758,1347,
4878,45,97,43758,1357,
4885,98,83,43758,1312,
4894,94,66,43758,1321,
4896,85,86,43758,1334,
4866,72,78,43758,1318,
4878,83,53,43758,1359,
4882,54,106,43758,1337,
4883,82,64,43758,1344,
4882,66,64,43758,1341,
4890,76,65,43758,1331,
4868,70,83,43758,1343,
4878,77,82,43758,1329,
4872,91,78,43758,1351,
4874,90,69,43758,1334,
4877,88,86,43758,1342,
4853,86,71,43758,1346,
4897,74,59,43758,1338,
4869,79,60,43758,1331,
4880,89,84,43758,1346,
4887,71,56,43758,1351,
4870,99,110,43758,1372,
4903,92,47,43758,1330,
4895,82,69,43758,1333,
4881,80,73,43758,1352,
4873,86,71,43758,1335,
4876,76,66,43758,1350,
4876,95,80,43758,1346,
4873,66,72,43758,1343,
4888,81,53,43758,1336,
4893,86,61,43758,1328,
4887,80,27,43758,1331,
4903,63,68,43758,1316,
4895,96,75,43758,1347,
4879,84,83,43758,1345,
4876,48,79,43758,1313,
4888,73,62,43758,1342,
4876,78,43,43758,1347,
4896,78,79,43758,1345,
4898,78,70,43758,1335,
4878,69,73,43758,1354,
4893,91,73,43758,1339,
4881,85,57,43758,1335,
4888,90,56,43758,1333,
4896,96,55,43758,1342,
4873,85,84,43758,1345,
4885,102,61,43758,1332,
4899,90,60,43758,1346,
4875,69,86,43758,1345,
4886,80,72,43758,1331,
4899,111,58,43758,1317,
4904,71,68,43758,1329,
4877,84,45,43758,1360,
4872,88,82,43758,1341,
4890,91,73,43758,1335,
4883,70,53,43758,1335,
4866,75,66,43758,1342,
4872,64,62,43758,1323,
4868,82,57,43758,1335,
4871,78,62,43758,1360,
4882,81,74,43758,1334,
4874,111,50,43758,1340,
4868,75,72,43758,1344,
4877,70,47,43758,1330,
4878,83,83,43758,1339,
4884,58,68,43758,1327,
4885,75,109,43758,1331,
4859,66,77,43758,1351,
4870,95,80,43758,1354,
4888,85,76,43758,1344,
4878,65,75,43758,1332,
4868,77,74,43758,1339,
4883,83,79,43758,1348,
4869,100,60,43758,1326,
4877,72,75,43758,1347,
4888,102,61,43758,1314,
4880,91,33,43758,1339,
4889,96,64,43758,1321,
4870,65,50,43758,1327,
4878,78,54,43758,1329,
4871,69,86,43758,1344,
4878,102,60,43758,1373,
4872,84,46,43758,1326,
4885,86,55,43758,1348,
4884,97,52,43758,1328,
4857,93,65,43758,1339,
4873,83,64,43758,1356,
4886,91,68,43758,1331,
4881,82,67,43758,1333,
4878,72,45,43758,1336,
4869,85,82,43758,1341,
4884,60,69,43758,1335,
4879,87,71,43758,1361,
4873,75,108,43758,1362,
4886,73,66,43758,1335,
4881,88,26,43758,1353,
4948,95,59,43758,1337,
4847,74,73,43758,1371,
4863,76,51,43758,1323,
4874,77,66,43758,1341,
4882,85,69,43758,1349,
4905,79,77,43758,1354,
4884,95,55,43758,1348,
4883,90,69,43758,1343,
4895,87,55,43758,1337,
4893,93,97,43758,1342,
4875,87,61,43758,1338,
4891,65,71,43758,1356,
4888,77,52,43758,1325,
4873,69,85,43758,1347,
4908,94,58,43758,1337,
4879,64,67,43758,1338,
4887,73,55,43758,1329,
4909,83,79,43758,1332,
4891,74,58,43758,1340,
4884,96,70,43758,1331,
4890,80,79,43758,1339,
4888,88,70,43758,1337,
4907,99,77,43758,1347,
4899,84,91,43758,1341,
4892,85,49,43758,1346,
4913,73,85,43758,1356,
4865,92,54,43758,1352,
4924,89,72,43758,1354,
4881,64,90,43758,1345,
4901,74,70,43758,1348,
4915,63,69,43758,1331,
4912,93,66,43758,1335,
4912,79,49,43758,1354,
4901,93,63,43758,1345,
4890,69,72,43758,1344,
4895,78,72,43758,1337,
4898,82,60,43758,1348,
4902,77,62,43758,1355,
4898,82,77,43758,1344,
4886,84,59,43758,1326,
4892,49,73,43758,1331,
4877,60,76,43758,1361,
4905,97,62,43758,1336,
4889,64,90,43758,1337,
4903,61,60,43758,1335,
4891,57,80,43758,1342,
4874,95,102,43758,1347,
4884,79,65,43758,1347,
4880,84,72,43758,1351,
4883,79,68,43758,1336,
4890,85,69,43758,1329,
4868,75,75,43758,1338,
4899,71,73,43758,1332,
4882,67,65,43758,1347,
4884,66,68,43758,1339,
4910,61,79,43758,1345,
4903,76,80,43758,1354,
4879,91,57,43758,1351,
4873,66,54,43758,1349,
4883,73,40,43758,1344,
4885,63,99,43758,1322,
4868,70,92,43758,1358,
4889,70,77,43758,1341,
4882,84,74,43758,1337,
4879,86,57,43758,1345,
4893,87,44,43758,1348,
4896,74,54,43758,1356,
4886,88,69,43758,1357,
4894,81,61,43758,1356,
4885,94,71,43758,1327,
4890,84,61,43758,1355,
4898,81,101,43758,1370,
4897,86,39,43758,1349,
4882,69,85,43758,1346,
4888,64,69,43758,1358,
4892,84,106,43758,1376,
4918,73,63,43758,1329,
4897,76,63,43758,1364,
4902,74,92,43758,1340,
4909,72,70,43758,1344,
4892,83,76,43758,1352,
4911,77,52,43758,1340,
4899,98,59,43758,1343,
4891,71,67,43758,1349,
4901,82,84,43758,1346,
4884,96,30,43758,1370,
4887,80,63,43758,1354,
4875,79,93,43758,1338,
4876,82,98,43758,1352,
4885,62,81,43758,1356,
4906,95,66,43758,1355,
4878,70,70,43758,1324,
4917,86,73,43758,1335,
4896,77,81,43758,1350,
4895,87,65,43758,1353,
4900,99,75,43758,1337,
4897,97,66,43758,1349,
4904,83,64,43758,1332,
4897,89,83,43758,1371,
4922,75,63,43758,1346,
4897,87,54,43758,1348,
4879,60,96,43758,1367,
4855,91,92,43758,1349,
4901,84,86,43758,1343,
4904,78,70,43758,1353,
4926,90,87,43758,1368,
4906,94,89,43758,1343,
4890,91,52,43758,1333,
4917,93,69,43758,1335,
4905,84,77,43758,1347,
4899,82,69,43758,1331,
4905,83,62,43758,1335,
4894,96,84,43758,1320,
4902,93,67,43758,1339,
4895,74,96,43758,1340,
4913,94,87,43758,1349,
4917,79,77,43758,1333,
4924,80,70,43758,1348,
4908,78,88,43758,1358,
4940,96,63,43758,1329,
4888,69,44,43758,1360,
4917,65,97,43758,1340,
4920,114,52,43758,1334,
4901,85,62,43758,1351,
4898,68,71,43758,1338,
4905,94,70,43758,1358,
4911,87,66,43758,1352,
4910,76,72,43758,1352,
4904,83,81,43758,1337,
4924,84,69,43758,1340,
4916,82,52,43758,1351,
4872,96,58,43758,1368,
4904,90,88,43758,1362,
4908,93,78,43758,1353,
4896,86,56,43758,1337,
4908,80,49,43758,1327,
4900,69,93,43758,1369,
4908,83,77,43758,1333,
4911,80,61,43758,1355,
4901,87,69,43758,1340,
4899,86,76,43758,1349,
4897,80,85,43758,1340,
4911,78,52,43758,1343,
4891,77,88,43758,1344,
4921,76,66,43758,1360,
4909,100,75,43758,1342,
4889,92,72,43758,1341,
4893,95,46,43758,1335,
4902,78,72,43758,1339,
4926,92,67,43758,1339,
4906,83,56,43758,1333,
4888,65,91,43758,1357,
4894,82,72,43758,1360,
4921,66,66,43758,1345,
4895,73,76,43758,1353,
4897,89,57,43758,1357,
4897,94,66,43758,1345,
4915,68,63,43758,1350,
4902,91,62,43758,1351,
4886,83,69,43758,1363,
4886,92,81,43758,1321,
4910,39,83,43758,1340,
4894,108,30,43758,1348,
4887,80,84,43758,1344,
4908,79,64,43758,1341,
4935,99,51,43758,1354,
4896,65,63,43758,1359,
4911,83,70,43758,1341,
4904,66,63,43758,1333,
4907,86,56,43758,1349,
4900,78,78,43758,1348,
4929,64,75,43758,1359,
4915,69,62,43758,1338,
4905,83,92,43758,1351,
4917,96,67,43758,1341,
4914,55,81,43758,1359,
4903,55,75,43758,1348,
4933,60,89,43758,1326,
4930,74,62,43758,1342,
4907,74,54,43758,1360,
4919,84,82,43758,1339,
4915,93,42,43758,1333,
4910,74,64,43758,1346,
4932,94,79,43758,1349,
4904,85,81,43758,1342,
4921,81,66,43758,1340,
4907,84,61,43758,1350,
4918,78,60,43758,1341,
4932,71,72,43758,1339,
4919,77,58,43758,1339,
4909,78,69,43758,1339,
4927,108,51,43758,1351,
4909,79,50,43758,1353,
4925,68,50,43758,1342,
4919,107,67,43758,1340,
4914,89,79,43758,1338,
4913,70,58,43758,1351,
4920,88,65,43758,1360,
4923,82,69,43758,1364,
4910,78,81,43758,1340,
4902,79,84,43758,1334,
4921,77,58,43758,1351,
4917,92,72,43758,1340,
4921,78,65,43758,1351,
4906,90,56,43758,1344,
4904,62,63,43758,1378,
4891,84,53,43758,1371,
4912,59,91,43758,1361,
4913,89,62,43758,1370,
4930,60,76,43758,1336,
4944,94,54,43758,1323,
4921,91,77,43758,1368,
4894,80,61,43758,1351,
4915,85,63,43758,1357,
4902,76,61,43758,1338,
4900,76,70,43758,1353,
4906,75,73,43758,1359,
4905,69,80,43758,1344,
4920,80,56,43758,1346,
4916,79,71,43758,1355,
4923,69,94,43758,1355,
4930,77,66,43758,1339,
4902,94,83,43758,1338,
4881,78,68,43758,1356,
4927,81,82,43758,1354,
4934,106,51,43758,1338,
4925,91,49,43758,1317,
4905,74,68,43758,1338,
4912,69,65,43758,1342,
4911,80,80,43758,1347,
4907,82,68,43758,1338,
4914,82,53,43758,1333,
4912,89,75,43758,1345,
4917,73,52,43758,1352,
4902,80,54,43758,1344,
4910,94,71,43758,1353,
4918,84,60,43758,1350,
4920,69,63,43758,1328,
4915,59,74,43758,1325,
4898,90,71,43758,1353,
4914,89,76,43758,1361,
4914,79,52,43758,1330,
4916,77,85,43758,1338,
4927,78,67,43758,1360,
4891,83,70,43758,1359,
4911,85,64,43758,1357,
4920,104,57,43758,1337,
4920,80,56,43758,1343,
4917,74,66,43758,1348,
4941,93,54,43758,1350,
4902,76,78,43758,1353,
4926,90,81,43758,1370,
4915,91,54,43758,1344,
4901,81,71,43758,1341,
4923,83,73,43758,1349,
4868,51,102,43758,1376,
4950,116,65,43758,1353,
4922,81,62,43758,1349,
4924,79,84,43758,1338,
4913,83,66,43758,1365,
4923,85,72,43758,1336,
4916,97,75,43758,1354,
4913,91,60,43758,1341,
4927,83,71,43758,1352,
4934,69,72,43758,1340,
4906,82,78,43758,1330,
4925,79,48,43758,1352,
4916,64,93,43758,1325,
4933,91,83,43758,1331,
4923,90,89,43758,1346,
4950,94,66,43758,1356,
4913,75,65,43758,1354,
4943,81,81,43758,1386,
4933,71,67,43758,1348,
4922,86,61,43758,1351,
4928,76,78,43758,1353,
4918,85,69,43758,1335,
4912,72,56,43758,1355,
4917,84,77,43758,1351,
4937,83,77,43758,1358,
4916,96,92,43758,1351,
4935,101,70,43758,1344,
4906,73,63,43758,1363,
4916,90,62,43758,1353,
4932,73,61,43758,1337,
4905,70,92,43758,1347,
4919,69,77,43758,1347,
4921,86,72,43758,1368,
4936,78,72,43758,1338,
4917,73,80,43758,1356,
4925,78,70,43758,1357,
4932,73,74,43758,1361,
4918,69,76,43758,1352,
4935,71,69,43758,1347,
4922,73,80,43758,1343,
4910,88,74,43758,1331,
4917,71,68,43758,1333,
4945,60,87,43758,1323,
4914,93,47,43758,1342,
4922,81,83,43758,1338,
4922,85,63,43758,1343,
4919,88,73,43758,1360,
4921,96,56,43758,1365,
4902,82,63,43758,1329,
4918,77,54,43758,1346,
4914,70,86,43758,1352,
4910,81,66,43758,1352,
4914,84,69,43758,1359,
4943,80,81,43758,1333,
4923,84,63,43758,1345,
4926,81,86,43758,1350,
4928,83,78,43758,1346,
4912,76,76,43758,1372,
4891,60,76,43758,1370,
4911,76,65,43758,1345,
4903,74,55,43758,1367,
4915,99,80,43758,1357,
4923,90,65,43758,1334,
4929,93,77,43758,1362,
4925,84,75,43758,1362,
4921,106,61,43758,1345,
4925,75,80,43758,1331,
4925,73,74,43758,1348,
4924,84,84,43758,1355,
4920,77,73,43758,1352,
4920,80,56,43758,1359,
4909,80,57,43758,1368,
4913,66,82,43758,1335,
4930,84,69,43758,1348,
4914,87,33,43758,1346,
4927,61,77,43758,1336,
4913,76,64,43758,1338,
4938,85,60,43758,1365,
4921,73,63,43758,1354,
4924,85,66,43758,1348,
4935,75,82,43758,1347,
4938,82,67,43758,1337,
4943,75,87,43758,1345,
4930,81,63,43758,1344,
4926,83,70,43758,1353,
4908,84,58,43758,1365,
4944,75,70,43758,1335,
4922,97,54,43758,1336,
4951,103,69,43758,1348,
4940,104,84,43758,1342,
4938,84,34,43758,1342,
4986,97,56,43758,1333,
4941,79,61,43758,1345,
4955,77,57,43758,1351,
4937,84,75,43758,1353,
4959,82,65,43758,1347,
4976,95,73,43758,1348,
4953,94,53,43758,1343,
4997,81,79,43758,1353,
4990,59,78,43758,1381,
5010,59,85,43758,1371,
5022,75,87,43758,1357,
5026,82,64,43758,1395,
5046,88,76,43758,1369,
5054,95,64,43758,1366,
5051,99,92,43758,1400,
5078,78,61,43758,1355,
5072,83,62,43758,1362,
5079,88,56,43758,1396,
5104,85,80,43758,1362,
5099,86,62,43758,1381,
5102,93,69,43758,1377,
5105,78,54,43758,1374,
5139,80,47,43758,1389,
5152,68,55,43758,1389,
5180,72,63,43758,1389,
5210,108,57,43758,1386,
5242,76,66,43758,1390,
5242,86,89,43758,1402,
5265,77,43,43758,1423,
5265,95,90,43758,1420,
5303,81,64,43758,1400,
5294,90,57,43758,1408,
5310,61,60,43758,1412,
5322,89,75,43758,1404,
5328,86,62,43758,1418,
5310,76,76,43758,1413,
5338,72,66,43758,1400,
5320,73,77,43758,1412,
5310,90,67,43758,1406,
5312,67,60,43758,1412,
5288,78,76,43758,1403,
5249,90,64,43758,1421,
5254,79,72,43758,1374,
5238,86,73,43758,1382,
5231,61,117,43758,1376,
5226,79,62,43758,1391,
5212,72,59,43758,1412,
5221,78,75,43758,1390,
5231,90,77,43758,1380,
5230,88,76,43758,1399,
5241,73,65,43758,1407,
5220,91,57,43758,1409,
5241,82,76,43758,1393,
5237,96,63,43758,1409,
5264,70,69,43758,1405,
5253,52,85,43758,1383,
5212,85,81,43758,1381,
5232,113,76,43758,1396,
5246,119,43,43758,1408,
5236,84,93,43758,1429,
5253,87,77,43758,1391,
5264,100,86,43758,1399,
5251,81,57,43758,1395,
5260,78,74,43758,1413,
5240,84,59,43758,1401,
5237,82,63,43758,1413,
5237,89,78,43758,1411,
5226,93,77,43758,1401,
5234,74,73,43758,1401,
5223,87,92,43758,1396,
5231,78,75,43758,1386,
5215,86,85,43758,1413,
5214,69,79,43758,1419,
5222,80,93,43758,1394,
5243,90,63,43758,1399,
5220,69,73,43758,1375,
5215,92,85,43758,1405,
5213,89,77,43758,1415,
5226,91,86,43758,1392,
5238,87,70,43758,1399,
5221,86,60,43758,1396,
5218,84,71,43758,1410,
5240,92,58,43758,1402,
5214,90,68,43758,1392,
5233,90,50,43758,1415,
5230,82,71,43758,1438,
5247,88,72,43758,1392,
5225,74,73,43758,1405,
5221,105,77,43758,1405,
5232,77,39,43758,1406,
5232,73,88,43758,1364,
5248,83,71,43758,1401,
5244,83,83,43758,1393,
5232,85,64,43758,1403,
5254,89,55,43758,1405,
5243,79,89,43758,1393,
5250,77,75,43758,1401,
5240,95,69,43758,1394,
5233,86,74,43758,1415,
5220,95,85,43758,1405,
5226,68,70,43758,1401,
5233,79,51,43758,1402,
5238,85,78,43758,1383,
5237,110,72,43758,1396,
5233,92,44,43758,1379,
5250,101,100,43758,1408,
5253,86,81,43758,1416,
5245,91,72,43758,1407,
5252,83,72,43758,1399,
5243,78,78,43758,1401,
5246,91,59,43758,1404,
5246,78,64,43758,1399,
5250,88,80,43758,1396,
5250,91,93,43758,1392,
5233,100,56,43758,1383,
5236,97,35,43758,1415,
5227,93,57,43758,1421,
5260,74,63,43758,1388,
5242,92,45,43758,1408,
5239,69,109,43758,1415,
5255,118,82,43758,1384,
5234,73,68,43758,1402,
5232,80,73,43758,1406,
5230,106,66,43758,1402,
5237,82,65,43758,1413,
5242,83,78,43758,1397,
5239,82,85,43758,1408,
5244,86,77,43758,1404,
5235,99,84,43758,1385,
5225,76,82,43758,1371,
5231,88,83,43758,1393,
5253,59,66,43758,1380,
5249,67,65,43758,1388,
5246,83,66,43758,1413,
5231,108,78,43758,1405,
5224,65,81,43758,1389,
5203,84,65,43758,1424,
5215,91,63,43758,1400,
5221,79,72,43758,1401,
5205,92,66,43758,1397,
5215,100,58,43758,1395,
5222,82,59,43758,1399,
5213,98,75,43758,1394,
5212,86,68,43758,1403,
5230,83,86,43758,1373,
5225,95,58,43758,1375,
5214,71,64,43758,1389,
5211,70,92,43758,1405,
5216,108,89,43758,1375,
5227,85,68,43758,1392,
5203,72,80,43758,1380,
5210,94,76,43758,1401,
5217,84,67,43758,1389,
5217,93,52,43758,1408,
5215,67,76,43758,1415,
5213,85,87,43758,1402,
5206,93,75,43758,1396,
5228,84,60,43758,1404,
5211,84,60,43758,1403,
5218,85,81,43758,1427,
5196,83,54,43758,1429,
5222,55,84,43758,1396,
5219,102,47,43758,1414,
5214,85,77,43758,1367,
5188,98,63,43758,1412,
5221,86,79,43758,1406,
5207,81,74,43758,1405,
5206,86,65,43758,1401,
5213,92,63,43758,1415,
5193,82,78,43758,1395,
5206,90,60,43758,1409,
5202,78,87,43758,1412,
5211,75,63,43758,1407,
5211,80,74,43758,1397,
5219,71,55,43758,1404,
5212,83,65,43758,1410,
5233,109,64,43758,1383,
5205,84,79,43758,1394,
5213,74,89,43758,1391,
5230,107,79,43758,1431,
5202,84,85,43758,1411,
5221,96,59,43758,1417,
5209,91,75,43758,1406,
5233,91,51,43758,1386,
5219,80,63,43758,1407,
5215,87,72,43758,1387,
5218,87,63,43758,1394,
5217,72,82,43758,1399,
5226,87,79,43758,1404,
5217,112,65,43758,1359,
5209,94,61,43758,1407,
5213,79,52,43758,1382,
5211,101,58,43758,1391,
5207,89,71,43758,1401,
5216,96,59,43758,1386,
5233,93,82,43758,1405,
5213,71,69,43758,1407,
5212,73,66,43758,1418,
5225,93,74,43758,1395,
5223,76,76,43758,1395,
5226,75,88,43758,1403,
5213,93,63,43758,1402,
5224,99,69,43758,1397,
5228,89,58,43758,1398,
5225,92,54,43758,1416,
5217,79,52,43758,1395,
5211,100,94,43758,1410,
5209,59,64,43758,1401,
5222,71,68,43758,1377,
5194,81,76,43758,1415,
5212,67,47,43758,1379,
5229,72,74,43758,1401,
5214,86,74,43758,1392,
5239,73,76,43758,1384,
5225,82,78,43758,1392,
5228,80,53,43758,1394,
5230,73,59,43758,1396,
5219,95,69,43758,1392,
5232,93,78,43758,1379,
5242,101,73,43758,1381,
5222,103,55,43758,1385,
5229,57,85,43758,1400,
5236,85,86,43758,1387,
5251,64,79,43758,1380,
5248,87,53,43758,1400,
5225,103,83,43758,1393,
5230,88,88,43758,1401,
5238,90,59,43758,1403,
5248,79,80,43758,1395,
5232,83,67,43758,1393,
5240,85,63,43758,1419,
5236,67,67,43758,1405,
5231,101,57,43758,1397,
5241,72,47,43758,1404,
5236,81,53,43758,1387,
5233,99,78,43758,1377,
5205,85,61,43758,1402,
5205,83,75,43758,1403,
5205,92,62,43758,1401,
5224,67,102,43758,1404,
5215,64,57,43758,1386,
5200,66,69,43758,1387,
5210,89,72,43758,1400,
5199,92,64,43758,1406,
5227,82,68,43758,1406,
5205,70,67,43758,1381,
5223,89,53,43758,1400,
5201,89,86,43758,1416,
5206,88,55,43758,1402,
5191,102,88,43758,1396,
5202,103,61,43758,1387,
5231,126,50,43758,1396,
5221,79,67,43758,1399,
5229,74,31,43758,1401,
5199,90,55,43758,1399,
5244,87,70,43758,1392,
5222,86,70,43758,1418,
5213,87,78,43758,1393,
5207,110,49,43758,1399,
5228,84,71,43758,1385,
5208,94,54,43758,1392,
5205,81,84,43758,1398,
5215,65,88,43758,1395,
5211,81,74,43758,1406,
5214,90,60,43758,1418,
5236,69,75,43758,1381,
5246,86,84,43758,1368,
5224,92,78,43758,1384,
5205,83,96,43758,1398,
5213,99,70,43758,1400,
5197,80,76,43758,1420,
5214,93,60,43758,1412,
5215,63,79,43758,1401,
5218,85,64,43758,1391,
5217,80,62,43758,1398,
5225,76,91,43758,1388,
5230,90,73,43758,1383,
5214,88,60,43758,1400,
5210,75,73,43758,1388,
5195,71,65,43758,1416,
5202,89,83,43758,1411,
5213,83,59,43758,1420,
5219,91,72,43758,1416,
5225,86,32,43758,1383,
5238,61,74,43758,1368,
5239,93,63,43758,1408,
5211,85,85,43758,1391,
5226,85,62,43758,1405,
5207,93,60,43758,1396,
5218,83,89,43758,1404,
5226,77,66,43758,1402,
5220,82,63,43758,1401,
5224,89,63,43758,1405,
5216,95,50,43758,1386,
5200,96,82,43758,1427,
5219,61,70,43758,1403,
5211,119,66,43758,1408,
5232,96,53,43758,1403,
5216,111,35,43758,1377,
5227,58,71,43758,1375,
5188,93,58,43758,1412,
5226,95,56,43758,1398,
5236,75,85,43758,1391,
5224,76,53,43758,1400,
5217,88,58,43758,1410,
5226,91,67,43758,1397,
5233,90,52,43758,1400,
5202,81,73,43758,1398,
5215,79,61,43758,1389,
5226,68,79,43758,1394,
5234,68,55,43758,1397,
5193,109,54,43758,1390,
5201,98,64,43758,1398,
5220,77,59,43758,1417,
5233,89,57,43758,1396,
5212,63,42,43758,1391,
5223,78,75,43758,1414,
5218,92,65,43758,1406,
5220,93,50,43758,1387,
5220,83,64,43758,1409,
5223,86,81,43758,1388,
5241,76,78,43758,1389,
5226,92,54,43758,1405,
5237,70,66,43758,1382,
5216,65,85,43758,1401,
5225,73,61,43758,1392,
5233,93,74,43758,1376,
5215,91,68,43758,1413,
5205,78,83,43758,1406,
5201,56,79,43758,1400,
5212,75,79,43758,1358,
5222,73,74,43758,1386,
5225,75,70,43758,1398,
5211,80,72,43758,1397,
5228,94,65,43758,1386,
5215,96,53,43758,1389,
5209,91,77,43758,1395,
5213,87,58,43758,1409,
5214,84,49,43758,1396,
5228,80,89,43758,1363,
5204,98,48,43758,1406,
5190,117,44,43758,1394,
5204,78,56,43758,1395,
5220,73,73,43758,1384,
5150,78,73,43758,1394,
5177,117,68,43758,1391,
5190,92,70,43758,1398,
5196,93,66,43758,1391,
5193,95,81,43758,1398,
5181,85,70,43758,1404,
5189,78,74,43758,1399,
5192,88,74,43758,1392,
5201,92,73,43758,1396,
5202,83,54,43758,1390,
5206,81,89,43758,1412,
5234,104,62,43758,1377,
5190,79,63,43758,1405,
5222,77,60,43758,1387,
5199,75,76,43758,1377,
5202,72,64,43758,1402,
5209,92,79,43758,1385,
5202,75,69,43758,1387,
5208,89,64,43758,1380,
5197,79,64,43758,1396,
5202,89,67,43758,1405,
5187,72,48,43758,1408,
5211,95,78,43758,1401,
5199,92,60,43758,1394,
5179,81,92,43758,1378,
5199,85,90,43758,1387,
5189,75,69,43758,1413,
5199,89,89,43758,1386,
5206,85,86,43758,1404,
5204,65,86,43758,1395,
5221,62,58,43758,1390,
5170,105,47,43758,1403,
5218,94,73,43758,1387,
5199,87,72,43758,1392,
5202,94,72,43758,1405,
5213,92,75,43758,1394,
5195,85,72,43758,1402,
5208,95,88,43758,1398,
5211,76,52,43758,1405,
5189,79,74,43758,1395,
5199,73,39,43758,1425,
5201,104,66,43758,1397,
5207,113,78,43758,1395,
5209,98,79,43758,1398,
5220,79,59,43758,1390,
5232,95,37,43758,1403,
5181,88,80,43758,1402,
5211,83,78,43758,1401,
5200,85,64,43758,1395,
5216,70,87,43758,1401,
5200,72,75,43758,1408,
5213,89,64,43758,1394,
5209,79,72,43758,1414,
5196,88,58,43758,1394,
5213,113,61,43758,1387,
5207,62,83,43758,1397,
5203,73,72,43758,1393,
5240,97,61,43758,1365,
5224,74,69,43758,1383,
5190,95,87,43758,1407,
5219,86,72,43758,1389,
5217,90,60,43758,1415,
5222,88,68,43758,1385,
5210,84,53,43758,1401,
5220,88,63,43758,1399,
5233,74,71,43758,1402,
5214,83,89,43758,1393,
5220,89,71,43758,1404,
5232,82,58,43758,1411,
5229,103,63,43758,1391,
5211,70,91,43758,1421,
5247,101,63,43758,1379,
5244,92,74,43758,1390,
5257,97,63,43758,1388,
5227,84,64,43758,1410,
5271,97,68,43758,1373,
5239,88,74,43758,1404,
5255,98,64,43758,1400,
5258,71,66,43758,1394,
5263,73,71,43758,1414,
5268,70,82,43758,1399,
5258,102,60,43758,1403,
5278,68,74,43758,1403,
5278,89,44,43758,1394,
5282,90,78,43758,1420,
5267,75,79,43758,1419,
5302,46,120,43758,1382,
5291,77,92,43758,1409,
5298,80,63,43758,1394,
5312,89,76,43758,1413,
5305,101,59,43758,1425,
5312,94,104,43758,1417,
5325,91,79,43758,1413,
5320,78,60,43758,1385,
5300,82,59,43758,1419,
5316,80,65,43758,1406,
5310,88,68,43758,1405,
5314,78,71,43758,1429,
5332,78,65,43758,1422,
5300,75,119,43758,1420,
5324,77,72,43758,1395,
5301,108,53,43758,1400,
5301,78,75,43758,1393,
5290,89,76,43758,1410,
5311,87,63,43758,1401,
5307,88,78,43758,1395,
5311,87,56,43758,1426,
5314,91,75,43758,1404,
5306,82,60,43758,1405,
5301,78,79,43758,1421,
5317,76,52,43758,1431,
5320,77,71,43758,1407,
5336,87,75,43758,1424,
5326,84,79,43758,1408,
5319,67,91,43758,1414,
5320,112,57,43758,1422,
5362,70,68,43758,1415,
5350,95,49,43758,1407,
5336,76,53,43758,1422,
5343,89,68,43758,1439,
5333,89,53,43758,1443,
5347,89,50,43758,1421,
5369,76,77,43758,1421,
5377,72,58,43758,1407,
5379,106,72,43758,1416,
5372,76,72,43758,1423,
5362,81,64,43758,1410,
5377,78,77,43758,1431,
5373,90,56,43758,1425,
5401,77,71,43758,1440,
5402,66,78,43758,1421,
5385,75,88,43758,1416,
5402,91,75,43758,1415,
5417,83,84,43758,1444,
5396,68,72,43758,1426,
5405,109,80,43758,1417,
5420,89,90,43758,1426,
5413,81,88,43758,1425,
5431,75,69,43758,1435,
5429,68,71,43758,1442,
5435,96,66,43758,1439,
5427,96,69,43758,1429,
5423,89,70,43758,1429,
5437,87,62,43758,1450,
5454,94,56,43758,1430,
5456,81,75,43758,1460,
5464,102,69,43758,1440,
5469,71,73,43758,1443,
5465,77,75,43758,1415,
5470,71,90,43758,1442,
5494,86,59,43758,1428,
5451,99,62,43758,1412,
5466,88,78,43758,1444,
5486,93,66,43758,1454,
5504,84,75,43758,1446,
5501,81,89,43758,1442,
5512,90,86,43758,1436,
5510,86,69,43758,1436,
5515,87,76,43758,1459,
5526,92,99,43758,1453,
5533,104,56,43758,1438,
5554,84,56,43758,1452,
5575,76,78,43758,1461,
5606,94,43,43758,1448,
5620,81,72,43758,1483,
5622,65,62,43758,1454,
5619,91,77,43758,1462,
5652,106,76,43758,1452,
5669,93,68,43758,1467,
5661,77,86,43758,1460,
5683,78,57,43758,1462,
5709,66,76,43758,1467,
5715,81,60,43758,1489,
5701,80,86,43758,1470,
5723,77,62,43758,1474,
