32766,18261,5675,252,326,
32766,18251,5667,259,318,
32766,18253,5675,243,313,
32766,18254,5661,262,305,
32766,18257,5674,259,304,
32766,18259,5656,268,313,
32766,18261,5665,262,326,
32766,18258,5664,267,316,
32766,18274,5662,257,311,
32766,18276,5647,256,312,
32766,18277,5656,255,312,
32766,18283,5661,260,312,
32766,18289,5667,256,310,
32766,18291,5673,255,303,
32766,18299,5671,255,305,
32766,18313,5666,259,309,
32766,18308,5675,257,306,
32766,18320,5676,263,326,
32766,18333,5693,258,325,
32766,18341,5692,255,324,
32766,18343,5687,259,334,
32766,18355,5699,260,319,
32766,18361,5713,253,317,
32766,18372,5718,258,321,
32766,18374,5719,262,318,
32766,18385,5718,260,314,
32766,18381,5727,266,321,
32766,18369,5718,265,322,
32766,18363,5725,264,311,
32766,18359,5713,269,311,
32766,18340,5706,265,312,
32766,18322,5685,261,318,
32766,18333,5692,267,315,
32766,18313,5687,252,309,
32766,18291,5686,268,328,
32766,18294,5667,259,307,
32766,18271,5650,260,306,
32766,18248,5648,253,309,
32766,18234,5634,252,317,
32766,18246,5626,246,321,
32766,18237,5619,258,307,
32766,18238,5631,258,323,
32766,18227,5629,261,315,
32766,18238,5626,260,323,
32766,18228,5625,257,328,
32766,18233,5620,256,322,
32766,18240,5612,252,322,
32766,18252,5620,266,317,
32766,18264,5625,255,321,
32766,18264,5630,249,322,
32766,18271,5644,246,328,
32766,18272,5633,267,318,
32766,18297,5649,264,323,
32766,18305,5649,255,322,
32766,18309,5666,258,321,
32766,18336,5671,270,314,
32766,18345,5674,261,318,
32766,18356,5691,261,318,
32766,18366,5687,277,321,
32766,18370,5699,272,319,
32766,18376,5705,268,307,
32766,18394,5704,259,312,
32766,18398,5697,278,332,
32766,18407,5701,268,332,
32766,18418,5715,258,321,
32766,18427,5707,268,318,
32766,18444,5724,273,318,
32766,18471,5717,263,320,
32766,18495,5736,284,336,
32766,18503,5748,269,326,
32766,18522,5745,267,332,
32766,18518,5751,260,327,
32766,18527,5755,269,327,
32766,18562,5751,275,321,
32766,18583,5775,262,330,
32766,18608,5797,266,332,
32766,18627,5796,267,344,
32766,18655,5828,270,344,
32766,18657,5833,274,318,
32766,18643,5831,281,332,
32766,18632,5789,280,331,
32766,18602,5768,272,330,
32766,18578,5748,273,336,
32766,18562,5734,279,335,
32766,18535,5708,274,335,
32766,18516,5700,282,342,
32766,18507,5674,277,338,
32766,18492,5645,287,341,
32766,18490,5646,293,340,
32766,18464,5623,275,345,
32766,18489,5614,293,336,
32766,18526,5623,289,350,
32766,18574,5644,294,361,
32766,18617,5660,298,354,
32766,18648,5667,303,354,
32766,18690,5672,308,359,
32766,18727,5699,305,360,
32766,18765,5707,308,372,
32766,18783,5719,313,373,
32766,18804,5729,316,369,
32766,18810,5736,301,364,
32766,18811,5741,308,369,
32766,18811,5748,308,357,
32766,18795,5759,311,372,
32766,18785,5753,301,376,
32766,18762,5737,311,373,
32766,18726,5732,314,362,
32766,18709,5727,308,350,
32766,18682,5716,283,354,
32766,18640,5684,303,340,
32766,18605,5661,294,356,
32766,18539,5646,293,342,
32766,18502,5618,293,337,
32766,18480,5605,281,328,
32766,18433,5587,283,328,
32766,18398,5570,277,326,
32766,18340,5532,270,320,
32766,18270,5495,280,319,
32766,18211,5462,259,318,
32766,18168,5437,261,321,
32766,18126,5394,235,319,
32766,18084,5384,246,309,
32766,18043,5347,233,303,
32766,17997,5317,234,308,
32766,17953,5296,240,282,
32766,17917,5269,229,298,
32766,17856,5224,223,288,
32766,17821,5204,212,278,
32766,17784,5167,213,271,
32766,17724,5143,204,280,
32766,17688,5110,207,267,
32766,17638,5076,193,267,
32766,17590,5030,196,249,
32766,17525,4993,200,248,
32766,17426,4943,202,249,
32766,17327,4895,185,247,
32766,17181,4804,183,238,
32766,17038,4710,166,239,
32766,16859,4626,186,240,
32766,16733,4537,175,236,
32766,16592,4472,171,238,
32766,16419,4370,171,223,
32766,16269,4298,163,224,
32766,16106,4204,143,219,
32766,15980,4143,166,209,
32766,15826,4073,153,191,
32766,15725,4010,143,211,
32766,15590,3936,148,200,
32766,15512,3902,142,200,
32766,15463,3876,131,204,
32766,15496,3899,142,188,
32766,15531,3915,130,197,
32766,15616,3937,138,195,
32766,15764,4014,139,197,
32766,15805,4029,138,197,
32766,15877,4058,137,193,
32766,15931,4089,138,214,
32766,15995,4125,148,206,
32766,16056,4162,147,207,
32766,16117,4196,147,210,
32766,16154,4243,142,215,
32766,16306,4291,154,212,
32766,16233,4283,152,210,
32766,16217,4269,151,207,
32766,16170,4252,158,215,
32766,16172,4277,127,215,
32766,16179,4276,144,201,
32766,16187,4273,149,215,
32766,16167,4280,148,208,
32766,16211,4298,152,207,
32766,16265,4328,150,211,
32766,16313,4361,143,208,
32766,16410,4402,150,210,
32766,16437,4413,138,212,
32766,16498,4450,148,213,
32766,16497,4467,148,221,
32766,16538,4488,152,214,
32766,16561,4502,143,217,
32766,16589,4520,155,206,
32766,16603,4531,149,226,
32766,16596,4538,159,224,
32766,16811,4649,159,214,
32766,17022,4761,148,223,
32766,17041,4788,164,228,
32766,17088,4800,156,216,
32766,17112,4819,155,222,
32766,17116,4821,157,224,
32766,17141,4833,156,237,
32766,17153,4857,168,228,
32766,17177,4862,167,222,
32766,17174,4866,155,221,
32766,17181,4881,159,236,
32766,17222,4908,165,226,
32766,17243,4922,167,236,
32766,17281,4942,167,227,
32766,17341,4974,155,220,
32766,17372,5004,168,240,
32766,17406,5019,170,229,
32766,17410,5026,162,228,
32766,17432,5033,166,231,
32766,17448,5043,167,231,
32766,17475,5059,158,227,
32766,17510,5079,165,234,
32766,17499,5093,165,230,
32766,17568,5112,163,236,
32766,17540,5112,167,240,
32766,17598,5131,175,242,
32766,17618,5149,166,227,
32766,17576,5137,171,226,
32766,17653,5181,177,238,
32766,17633,5171,167,243,
32766,17651,5190,185,229,
32766,17679,5201,172,245,
32766,17674,5204,172,227,
32766,17696,5213,166,233,
32766,17710,5234,168,237,
32766,17718,5239,168,237,
32766,17724,5250,163,244,
32766,17737,5252,182,229,
32766,17741,5272,166,236,
32766,17781,5296,166,243,
32766,17804,5293,175,237,
32766,17830,5313,169,238,
32766,17850,5324,175,228,
32766,17865,5338,161,238,
32766,17886,5349,172,240,
32766,17893,5356,168,247,
32766,17906,5367,179,234,
32766,17912,5372,175,245,
32766,17919,5389,164,242,
32766,17938,5393,175,242,
32766,17941,5390,179,236,
32766,17949,5392,175,248,
32766,17961,5396,175,247,
32766,17963,5412,180,254,
32766,17960,5411,171,246,
32766,17977,5415,187,237,
32766,17974,5416,175,240,
32766,17976,5429,181,238,
32766,18002,5416,179,250,
32766,18000,5428,176,254,
32766,18008,5432,176,250,
32766,17999,5432,176,245,
32766,18013,5438,179,250,
32766,18008,5429,189,253,
32766,18004,5442,182,245,
32766,18005,5443,174,248,
32766,18011,5440,187,249,
32766,18018,5440,170,235,
32766,18021,5452,180,251,
32766,18019,5447,173,252,
32766,18028,5454,179,248,
32766,18039,5460,183,248,
32766,18035,5465,183,247,
32766,18040,5464,181,240,
32766,18049,5463,174,251,
32766,18053,5471,173,236,
32766,18044,5477,176,249,
32766,18059,5482,186,260,
32766,18058,5481,180,239,
32766,18072,5477,175,244,
32766,18066,5490,174,256,
32766,18058,5489,171,238,
32766,18070,5492,182,248,
32766,18083,5504,181,244,
32766,18101,5512,178,245,
32766,18123,5517,179,237,
32766,18139,5521,172,247,
32766,18153,5539,180,245,
32766,18154,5547,186,227,
32766,18164,5539,183,251,
32766,18167,5545,175,258,
32766,18177,5545,173,244,
32766,18177,5554,181,238,
32766,18169,5552,172,238,
32766,18174,5533,179,243,
32766,18168,5547,171,242,
32766,18171,5557,179,243,
32766,18179,5555,175,253,
32766,18185,5554,170,252,
32766,18188,5555,178,251,
32766,18201,5585,187,242,
32766,18216,5596,178,233,
32766,18240,5591,181,250,
32766,18267,5615,195,235,
32766,18273,5622,172,251,
32766,18306,5650,184,252,
32766,18316,5658,179,240,
32766,18327,5675,189,259,
32766,18356,5676,185,257,
32766,18372,5694,185,259,
32766,18381,5698,188,243,
32766,18405,5720,194,249,
32766,18416,5721,190,259,
32766,18446,5734,188,258,
32766,18454,5746,191,247,
32766,18472,5762,182,264,
32766,18475,5760,188,246,
32766,18481,5766,175,255,
32766,18514,5788,193,250,
32766,18514,5782,184,256,
32766,18532,5799,192,256,
32766,18538,5815,198,258,
32766,18549,5804,187,252,
32766,18562,5813,194,246,
32766,18563,5818,184,253,
32766,18581,5826,183,263,
32766,18583,5827,181,259,
32766,18585,5830,183,244,
32766,18593,5837,182,252,
32766,18610,5851,188,255,
32766,18595,5853,188,253,
32766,18616,5849,201,250,
32766,18613,5855,199,237,
32766,18627,5855,188,240,
32766,18623,5856,181,255,
32766,18620,5851,196,245,
32766,18612,5854,179,259,
32766,18617,5864,200,256,
32766,18616,5857,190,258,
32766,18617,5851,187,258,
32766,18615,5846,187,250,
32766,18609,5840,192,263,
32766,18620,5849,179,261,
32766,18606,5848,191,252,
32766,18611,5840,183,255,
32766,18607,5836,193,253,
32766,18608,5836,185,262,
32766,18592,5821,188,235,
32766,18591,5815,180,253,
32766,18585,5818,190,255,
32766,18589,5824,178,263,
32766,18574,5812,193,244,
32766,18559,5795,182,257,
32766,18548,5800,183,246,
32766,18551,5783,179,258,
32766,18549,5794,188,254,
32766,18535,5787,178,254,
32766,18525,5778,193,246,
32766,18520,5787,183,244,
32766,18522,5772,177,244,
32766,18508,5765,180,257,
32766,18515,5777,192,239,
32766,18504,5763,185,253,
32766,18499,5765,199,260,
32766,18487,5756,185,244,
32766,18490,5761,200,230,
32766,18481,5751,174,248,
32766,18478,5749,195,250,
32766,18483,5752,181,256,
32766,18474,5748,172,256,
32766,18464,5737,177,254,
32766,18465,5735,183,252,
32766,18462,5739,176,248,
32766,18454,5723,175,243,
32766,18452,5724,176,244,
32766,18443,5720,188,248,
32766,18442,5716,182,241,
32766,18430,5715,180,237,
32766,18426,5710,179,250,
32766,18434,5725,185,263,
32766,18417,5700,163,250,
32766,18427,5705,173,263,
32766,18408,5703,178,243,
32766,18415,5706,188,246,
32766,18412,5698,187,244,
32766,18413,5707,178,249,
32766,18413,5708,180,244,
32766,18415,5701,175,246,
32766,18411,5703,172,248,
32766,18413,5697,182,231,
32766,18407,5698,195,238,
32766,18403,5697,184,257,
32766,18407,5698,181,235,
32766,18405,5703,181,245,
32766,18404,5695,173,249,
32766,18410,5707,179,243,
32766,18402,5698,183,253,
32766,18406,5693,170,252,
32766,18406,5703,170,250,
32766,18385,5699,181,249,
32766,18396,5703,178,253,
32766,18406,5699,186,246,
32766,18394,5693,189,244,
32766,18403,5703,178,253,
32766,18400,5686,177,255,
32766,18395,5697,174,257,
32766,18397,5696,172,246,
32766,18392,5698,172,243,
32766,18385,5687,190,257,
32766,18389,5699,184,247,
32766,18387,5689,187,251,
32766,18377,5691,188,250,
32766,18377,5677,187,250,
32766,18372,5689,175,242,
32766,18385,5687,187,234,
32766,18383,5683,181,251,
32766,18390,5683,178,252,
32766,18390,5698,186,240,
32766,18380,5698,174,249,
32766,18382,5684,184,257,
32766,18384,5685,183,236,
32766,18394,5690,178,246,
32766,18385,5689,183,253,
32766,18379,5683,190,236,
32766,18385,5683,190,244,
32766,18373,5670,178,253,
32766,18375,5677,180,247,
32766,18368,5683,187,240,
32766,18362,5674,181,249,
32766,18362,5677,184,250,
32766,18352,5673,175,251,
32766,18362,5669,175,244,
32766,18352,5675,181,245,
32766,18349,5664,171,254,
32766,18352,5662,179,244,
32766,18349,5680,180,234,
32766,18353,5669,182,245,
32766,18352,5673,178,240,
32766,18349,5656,182,238,
32766,18354,5670,178,244,
32766,18343,5676,179,236,
32766,18348,5662,175,234,
32766,18345,5672,180,254,
32766,18351,5665,178,242,
32766,18355,5672,175,243,
32766,18343,5670,174,244,
32766,18347,5666,179,252,
32766,18342,5671,185,250,
32766,18352,5669,178,242,
32766,18353,5673,181,255,
32766,18342,5663,173,237,
32766,18353,5663,178,239,
32766,18349,5671,172,240,
32766,18348,5662,188,238,
32766,18347,5658,182,250,
32766,18346,5653,185,249,
32766,18334,5655,189,241,
32766,18336,5660,176,251,
32766,18341,5659,178,246,
32766,18336,5664,184,245,
32766,18342,5663,179,240,
32766,18336,5661,176,251,
32766,18343,5664,182,257,
32766,18345,5653,178,245,
32766,18344,5653,179,253,
32766,18338,5653,178,247,
32766,18340,5655,178,251,
32766,18337,5663,179,251,
32766,18347,5659,175,246,
32766,18344,5665,194,242,
32766,18342,5666,177,239,
32766,18338,5667,182,245,
32766,18332,5668,181,233,
32766,18335,5653,182,235,
32766,18334,5656,182,251,
32766,18330,5659,177,240,
32766,18337,5656,178,244,
32766,18335,5658,175,243,
32766,18339,5657,186,247,
32766,18329,5661,179,239,
32766,18333,5652,185,237,
32766,18317,5662,173,234,
32766,18338,5659,182,240,
32766,18341,5657,182,236,
32766,18330,5661,174,247,
32766,18329,5657,172,255,
32766,18330,5645,180,257,
32766,18317,5650,175,237,
32766,18317,5659,176,240,
32766,18326,5650,173,246,
32766,18330,5649,169,249,
32766,18319,5650,181,239,
32766,18335,5655,183,236,
32766,18326,5652,175,237,
32766,18323,5664,176,236,
32766,18337,5649,175,249,
32766,18342,5651,191,237,
32766,18344,5667,174,238,
32766,18334,5652,171,250,
32766,18328,5652,184,259,
32766,18325,5655,181,245,
32766,18328,5659,181,254,
32766,18330,5647,179,251,
32766,18328,5652,176,253,
32766,18319,5645,191,241,
32766,18322,5643,179,241,
32766,18317,5644,182,250,
32766,18306,5650,178,248,
32766,18322,5655,173,254,
32766,18316,5652,176,242,
32766,18313,5645,182,253,
32766,18317,5642,186,242,
32766,18320,5652,176,225,
32766,18322,5643,174,248,
32766,18313,5644,192,238,
32766,18315,5642,175,242,
32766,18325,5635,189,241,
32766,18314,5650,184,241,
32766,18308,5632,182,246,
32766,18316,5647,172,251,
32766,18313,5641,179,248,
32766,18307,5638,191,240,
32766,18306,5635,183,242,
32766,18318,5631,181,242,
32766,18299,5644,175,244,
32766,18308,5626,173,245,
32766,18316,5642,171,246,
32766,18310,5636,177,247,
32766,18300,5643,173,254,
32766,18306,5636,178,254,
32766,18306,5623,186,253,
32766,18289,5623,181,245,
32766,18304,5624,180,245,
32766,18293,5629,183,250,
32766,18282,5620,177,252,
32766,18288,5623,168,240,
32766,18287,5616,179,243,
32766,18293,5612,172,241,
32766,18278,5611,176,240,
32766,18278,5606,175,245,
32766,18279,5610,192,232,
32766,18273,5606,174,244,
32766,18273,5602,183,247,
32766,18257,5594,172,246,
32766,18257,5587,171,245,
32766,18242,5586,186,249,
32766,18241,5589,183,245,
32766,18237,5571,181,258,
32766,18229,5567,171,238,
32766,18225,5553,180,239,
32766,18220,5551,169,240,
32766,18207,5536,170,255,
32766,18206,5523,168,239,
32766,18192,5526,181,245,
32766,18182,5504,171,246,
32766,18175,5492,173,230,
32766,18143,5484,174,246,
32766,18136,5465,179,237,
32766,18116,5435,179,230,
32766,18110,5426,165,232,
32766,18084,5419,171,249,
32766,18055,5411,177,237,
32766,18068,5392,171,244,
32766,18053,5382,171,243,
32766,18036,5363,168,237,
32766,18030,5344,166,251,
32766,18016,5331,166,241,
32766,18011,5332,168,230,
32766,18003,5335,165,229,
32766,18002,5328,176,236,
32766,17994,5329,150,236,
32766,17999,5322,163,242,
32766,17988,5316,169,225,
32766,17998,5316,158,232,
32766,17988,5315,181,233,
32766,17989,5312,181,231,
32766,17983,5310,159,247,
32766,17988,5299,166,231,
32766,17990,5310,167,233,
32766,17981,5302,161,231,
32766,17974,5297,166,233,
32766,17969,5291,168,227,
32766,17966,5288,179,237,
32766,17952,5277,174,231,
32766,17955,5273,161,233,
32766,17949,5284,166,241,
32766,17949,5285,157,223,
32766,17941,5271,165,212,
32766,17959,5284,169,229,
32766,17910,5255,163,230,
32766,17931,5264,159,237,
32766,17920,5256,166,224,
32766,17908,5248,166,233,
32766,17925,5269,162,235,
32766,17892,5240,164,226,
32766,17901,5246,160,245,
32766,17918,5246,170,219,
32766,17901,5242,162,231,
32766,17893,5228,152,233,
32766,17893,5241,154,239,
32766,17887,5231,168,232,
32766,17874,5236,166,213,
32766,17890,5225,154,240,
32766,17878,5234,165,235,
32766,17880,5220,155,237,
32766,17867,5220,170,232,
32766,17869,5219,161,238,
32766,17861,5212,171,229,
32766,17846,5213,163,232,
32766,17846,5210,160,231,
32766,17836,5205,157,234,
32766,17826,5193,161,231,
32766,17828,5199,173,228,
32766,17827,5185,160,236,
32766,17822,5189,161,230,
32766,17813,5184,159,231,
32766,17799,5196,164,226,
32766,17812,5180,161,220,
32766,17802,5183,156,245,
32766,17798,5169,148,236,
32766,17782,5163,162,212,
32766,17788,5171,160,216,
32766,17788,5167,162,224,
32766,17780,5156,165,216,
32766,17769,5160,162,234,
32766,17763,5159,163,221,
32766,17770,5156,167,224,
32766,17755,5154,154,233,
32766,17753,5147,155,236,
32766,17753,5152,159,237,
32766,17744,5148,164,220,
32766,17739,5140,167,224,
32766,17735,5138,157,227,
32766,17730,5144,169,225,
32766,17738,5126,157,225,
32766,17735,5122,167,222,
32766,17719,5125,155,228,
32766,17723,5122,158,225,
32766,17726,5124,164,226,
32766,17714,5131,168,223,
32766,17717,5120,156,218,
32766,17710,5113,156,228,
32766,17719,5120,162,226,
32766,17710,5127,160,233,
32766,17705,5119,156,239,
32766,17711,5114,173,233,
32766,17705,5122,164,218,
32766,17693,5102,149,227,
32766,17684,5110,160,226,
32766,17721,5130,160,227,
32766,17669,5094,165,229,
32766,17683,5104,158,241,
32766,17688,5118,154,237,
32766,17690,5118,159,221,
32766,17704,5128,159,233,
32766,17701,5120,161,225,
32766,17699,5109,165,232,
32766,17726,5128,168,223,
32766,17718,5131,164,242,
32766,17705,5117,155,221,
32766,17691,5124,172,226,
32766,17697,5131,166,227,
32766,17711,5133,160,228,
32766,17707,5116,170,218,
32766,17688,5120,159,232,
32766,17694,5125,176,232,
32766,17691,5119,161,226,
32766,17692,5122,156,232,
32766,17689,5107,173,227,
32766,17683,5121,150,227,
32766,17688,5114,164,231,
32766,17677,5103,154,222,
32766,17687,5110,168,217,
32766,17681,5106,154,229,
32766,17672,5110,163,211,
32766,17688,5102,154,234,
32766,17681,5098,157,224,
32766,17686,5110,159,220,
32766,17672,5103,162,216,
32766,17669,5112,158,226,
32766,17666,5105,153,234,
32766,17686,5103,161,227,
32766,17661,5106,157,219,
32766,17668,5109,157,216,
32766,17676,5104,163,219,
32766,17686,5108,157,228,
32766,17680,5116,158,222,
32766,17681,5124,157,231,
32766,17683,5109,154,231,
32766,17689,5116,166,226,
32766,17703,5123,173,235,
32766,17696,5128,164,225,
32766,17700,5142,146,224,
32766,17700,5121,157,226,
32766,17704,5121,158,226,
32766,17709,5133,167,232,
32766,17700,5140,157,228,
32766,17713,5133,173,218,
32766,17691,5125,157,226,
32766,17698,5136,163,218,
32766,17686,5122,152,227,
32766,17672,5116,163,219,
32766,17662,5118,160,228,
32766,17671,5116,165,224,
32766,17658,5111,151,232,
32766,17657,5109,177,227,
32766,17659,5107,166,222,
32766,17651,5099,165,227,
32766,17646,5106,155,232,
32766,17646,5098,153,227,
32766,17621,5096,166,219,
32766,17638,5101,169,228,
32766,17638,5097,156,222,
32766,17619,5095,162,222,
32766,17630,5092,161,225,
32766,17636,5091,160,227,
32766,17629,5090,156,218,
32766,17621,5081,160,225,
32766,17614,5088,157,227,
32766,17619,5087,155,228,
32766,17612,5078,156,227,
32766,17631,5076,156,224,
32766,17610,5073,157,221,
32766,17620,5062,144,223,
32766,17615,5077,166,201,
32766,17614,5083,160,222,
32766,17619,5066,161,223,
32766,17607,5077,155,229,
32766,17602,5083,158,229,
32766,17605,5069,168,235,
32766,17600,5073,162,229,
32766,17600,5075,152,226,
32766,17608,5072,155,231,
32766,17609,5081,161,215,
32766,17593,5078,167,225,
32766,17608,5076,163,221,
32766,17613,5084,152,225,
32766,17622,5081,179,227,
32766,17621,5083,162,237,
32766,17620,5091,156,224,
32766,17617,5081,162,224,
32766,17620,5079,159,221,
32766,17615,5091,164,221,
32766,17616,5074,164,212,
32766,17620,5077,151,227,
32766,17611,5080,175,220,
32766,17608,5077,157,220,
32766,17607,5076,159,233,
32766,17598,5072,168,234,
32766,17602,5071,147,230,
32766,17598,5072,158,220,
32766,17606,5071,158,228,
32766,17598,5061,150,223,
32766,17606,5059,150,230,
32766,17599,5072,161,231,
32766,17612,5075,155,215,
32766,17606,5069,164,214,
32766,17593,5059,154,230,
32766,17596,5066,147,214,
32766,17591,5067,150,223,
32766,17614,5071,159,227,
32766,17611,5067,154,227,
32766,17607,5064,158,229,
32766,17592,5069,160,229,
32766,17604,5066,148,236,
32766,17601,5072,153,221,
32766,17602,5060,157,228,
32766,17600,5063,166,222,
32766,17609,5071,167,236,
32766,17594,5064,163,220,
32766,17603,5063,152,226,
32766,17600,5061,159,223,
32766,17605,5066,159,216,
32766,17605,5066,161,225,
32766,17604,5059,150,225,
32766,17610,5062,153,220,
32766,17596,5068,156,235,
32766,17609,5066,159,222,
32766,17603,5074,152,212,
32766,17603,5065,141,227,
32766,17591,5066,164,237,
32766,17600,5061,155,211,
32766,17598,5065,166,228,
32766,17601,5060,151,222,
32766,17599,5051,150,220,
32766,17584,5064,157,229,
32766,17598,5066,158,212,
32766,17596,5058,159,216,
32766,17597,5064,164,214,
32766,17583,5060,159,226,
32766,17588,5066,158,226,
32766,17583,5064,158,227,
32766,17590,5064,165,220,
32766,17582,5064,166,207,
32766,17588,5054,164,218,
32766,17583,5054,167,216,
32766,17586,5054,155,223,
32766,17580,5063,154,221,
32766,17584,5049,151,220,
32766,17591,5069,171,221,
32766,17581,5057,161,221,
32766,17584,5053,153,225,
32766,17577,5051,168,217,
32766,17574,5067,156,220,
32766,17586,5065,161,225,
32766,17586,5070,166,223,
32766,17586,5054,162,236,
32766,17592,5064,164,230,
32766,17580,5052,173,216,
32766,17577,5058,165,230,
32766,17573,5056,155,228,
32766,17572,5054,156,226,
32766,17572,5057,163,212,
32766,17571,5059,164,217,
32766,17572,5081,151,230,
32766,17571,5060,157,229,
32766,17571,5068,159,219,
32766,17577,5061,155,225,
32766,17584,5071,165,212,
32766,17599,5072,149,223,
32766,17595,5068,151,229,
32766,17585,5075,155,221,
32766,17586,5071,158,220,
32766,17591,5071,160,214,
32766,17582,5062,156,219,
32766,17562,5070,145,215,
32766,17571,5064,160,219,
32766,17560,5047,164,221,
32766,17554,5051,162,227,
32766,17550,5045,158,230,
32766,17544,5043,165,224,
32766,17531,5034,160,225,
32766,17527,5027,150,216,
32766,17538,5037,154,224,
32766,17513,5032,167,221,
32766,17522,5030,151,214,
32766,17513,5019,162,217,
32766,17515,5025,162,223,
32766,17503,5010,149,223,
32766,17514,5015,162,222,
32766,17511,5023,153,228,
32766,17490,5004,153,222,
32766,17488,5005,158,222,
32766,17486,4989,151,222,
32766,17487,4998,160,213,
32766,17480,4999,152,216,
32766,17474,5008,153,233,
32766,17480,5007,160,222,
32766,17466,4992,165,219,
32766,17479,4993,152,222,
32766,17472,4987,154,224,
32766,17462,4987,147,224,
32766,17461,4979,156,218,
32766,17463,4987,174,206,
32766,17466,4988,154,220,
32766,17466,4986,160,222,
32766,17469,4970,153,211,
32766,17460,4984,161,225,
32766,17457,4974,152,222,
32766,17456,4986,160,211,
32766,17456,4972,151,218,
32766,17459,4977,159,228,
32766,17454,4987,159,222,
32766,17445,4973,165,225,
32766,17448,4971,150,225,
32766,17456,4974,144,219,
32766,17451,4970,150,213,
32766,17433,4973,145,211,
32766,17446,4962,157,216,
32766,17442,4971,153,208,
32766,17433,4971,157,216,
32766,17429,4957,150,210,
32766,17446,4968,159,210,
32766,17429,4965,159,218,
32766,17434,4957,153,222,
32766,17431,4954,149,221,
32766,17421,4950,152,224,
32766,17417,4970,150,220,
32766,17424,4949,159,215,
32766,17417,4953,159,215,
32766,17434,4944,151,214,
32766,17413,4945,154,215,
32766,17416,4946,152,203,
32766,17418,4949,148,213,
32766,17428,4949,152,212,
32766,17420,4943,146,209,
32766,17420,4946,152,222,
32766,17416,4935,147,213,
32766,17413,4954,161,220,
32766,17418,4937,151,220,
32766,17409,4943,163,218,
32766,17420,4945,156,218,
32766,17421,4941,149,214,
32766,17423,4946,152,217,
32766,17424,4949,153,228,
32766,17424,4952,157,218,
32766,17439,4965,158,209,
32766,17445,4960,153,209,
32766,17454,4961,155,221,
32766,17449,4967,161,230,
32766,17455,4968,162,210,
32766,17454,4969,153,216,
32766,17443,4970,148,226,
32766,17451,4968,142,218,
32766,17462,4960,157,204,
32766,17460,4964,148,215,
32766,17455,4962,161,207,
32766,17460,4965,153,218,
32766,17456,4975,151,205,
32766,17455,4967,153,224,
32766,17452,4961,150,222,
32766,17458,4970,141,221,
32766,17474,4977,162,212,
32766,17450,4961,157,217,
32766,17459,4957,141,204,
32766,17444,4968,165,218,
32766,17464,4969,154,211,
32766,17467,4967,156,212,
32766,17467,4966,161,222,
32766,17469,4978,154,221,
32766,17460,4972,147,221,
32766,17474,4977,157,226,
32766,17465,4967,157,225,
32766,17459,4963,155,221,
32766,17467,4968,154,223,
32766,17459,4955,153,219,
32766,17471,4958,160,212,
32766,17480,4974,146,220,
32766,17476,4968,173,218,
32766,17481,4972,144,230,
32766,17478,4972,152,229,
32766,17471,4980,165,212,
32766,17482,4971,150,223,
32766,17474,4958,150,212,
32766,17483,4982,159,234,
32766,17474,4970,160,222,
32766,17469,4970,160,213,
32766,17471,4982,167,219,
32766,17464,4965,159,230,
32766,17488,4973,152,207,
32766,17471,4977,155,219,
32766,17469,4974,156,214,
32766,17477,4972,144,220,
32766,17468,4976,151,229,
32766,17493,4966,161,216,
32766,17478,4968,153,217,
32766,17481,4969,155,217,
32766,17460,4974,163,228,
32766,17482,4969,155,225,
32766,17468,4967,148,215,
32766,17488,4979,167,218,
32766,17484,4976,162,216,
32766,17481,4968,146,215,
32766,17476,4978,144,217,
32766,17480,4977,150,224,
32766,17478,4980,153,222,
32766,17476,4967,151,216,
32766,17481,4975,156,215,
32766,17470,4981,146,212,
32766,17493,4978,153,211,
32766,17483,4995,164,213,
32766,17484,4978,147,231,
32766,17474,4973,159,203,
32766,17480,4982,147,230,
32766,17477,4978,156,216,
32766,17483,4988,147,226,
32766,17492,4984,157,225,
32766,17478,4989,152,213,
32766,17481,4994,155,222,
32766,17480,4993,159,221,
32766,17498,4985,156,219,
32766,17495,4990,162,224,
32766,17490,4984,152,225,
32766,17496,5002,146,230,
32766,17501,4992,156,226,
32766,17506,4997,153,222,
32766,17505,4982,150,222,
32766,17492,4991,158,209,
32766,17509,4996,146,222,
32766,17498,4991,155,219,
32766,17498,4996,154,216,
32766,17495,4995,163,216,
32766,17493,4992,160,218,
32766,17488,4978,159,213,
32766,17482,4988,170,229,
32766,17489,4988,152,208,
32766,17474,4996,146,220,
32766,17479,4987,157,203,
32766,17467,4984,159,210,
32766,17479,4970,162,215,
32766,17486,4996,150,216,
32766,17481,4987,155,217,
32766,17485,4996,153,208,
32766,17487,4990,159,234,
32766,17500,4983,147,224,
32766,17490,4990,166,218,
32766,17470,4993,155,225,
32766,17493,4983,153,219,
32766,17476,4984,156,217,
32766,17486,4985,156,211,
32766,17482,4992,155,217,
32766,17483,4989,157,215,
32766,17486,4994,158,211,
32766,17490,4995,161,206,
32766,17478,4998,156,223,
32766,17493,4986,145,216,
32766,17485,4996,160,224,
32766,17499,4998,162,212,
32766,17480,4994,158,225,
32766,17491,4983,154,224,
32766,17481,4998,157,223,
32766,17477,4988,165,219,
32766,17477,4990,153,225,
32766,17480,4991,158,218,
32766,17480,4990,156,211,
32766,17487,4990,160,217,
32766,17478,4987,161,211,
32766,17480,4979,159,219,
32766,17478,5009,162,217,
32766,17471,4988,155,216,
32766,17481,4995,149,223,
32766,17484,4991,148,223,
32766,17490,4990,163,218,
32766,17469,4994,164,216,
32766,17496,4997,153,223,
32766,17488,4991,157,229,
32766,17482,4988,153,214,
32766,17482,4998,148,228,
32766,17479,4985,157,214,
32766,17483,4993,155,214,
32766,17476,4989,154,217,
32766,17481,4987,155,219,
32766,17474,4983,160,216,
32766,17477,4987,156,222,
32766,17478,4992,152,228,
32766,17471,4988,157,221,
32766,17484,4991,159,212,
32766,17488,4986,158,232,
32766,17486,4984,144,217,
32766,17486,4985,156,215,
32766,17474,4989,158,222,
32766,17473,4986,159,220,
32766,17473,4986,156,224,
32766,17469,4984,154,225,
32766,17481,4976,158,219,
32766,17476,4979,152,220,
32766,17470,4980,152,224,
32766,17472,4977,159,225,
32766,17476,4976,150,218,
32766,17477,4982,158,215,
32766,17478,5004,157,217,
32766,17479,4991,163,227,
32766,17481,4995,154,216,
32766,17478,4995,150,208,
32766,17499,4997,151,221,
32766,17491,5000,163,220,
32766,17475,4995,158,220,
32766,17481,5001,152,220,
32766,17481,5006,154,217,
32766,17489,4983,159,214,
32766,17485,4987,163,227,
32766,17482,4988,147,223,
32766,17474,4983,159,213,
32766,17471,4995,161,217,
32766,17471,4993,164,216,
32766,17473,4988,155,222,
32766,17471,4984,147,217,
32766,17466,4987,163,221,
32766,17480,4998,147,223,
32766,17471,4987,150,225,
32766,17476,4996,145,213,
32766,17466,4987,152,226,
32766,17469,4981,146,223,
32766,17461,4991,153,220,
32766,17471,4984,159,222,
32766,17466,4983,155,226,
32766,17480,4990,155,218,
32766,17466,4993,141,207,
32766,17469,4983,162,214,
32766,17468,4982,157,234,
32766,17475,4985,146,214,
32766,17465,4970,167,211,
32766,17465,4979,168,216,
32766,17469,4987,148,219,
32766,17466,4992,149,215,
32766,17466,4996,143,224,
32766,17477,4984,161,226,
32766,17466,4983,155,219,
32766,17472,4986,157,217,
32766,17469,4983,166,216,
32766,17460,4974,157,227,
32766,17475,4982,162,220,
32766,17456,4985,161,229,
32766,17465,4987,152,214,
32766,17463,4982,150,217,
32766,17465,4980,155,222,
32766,17461,4990,162,203,
32766,17460,4982,152,223,
32766,17464,4993,158,222,
32766,17453,4986,146,212,
32766,17462,4986,160,227,
32766,17459,4980,150,216,
32766,17463,4984,158,211,
32766,17465,4985,160,225,
32766,17461,4979,146,221,
32766,17466,4979,154,230,
32766,17453,4992,154,215,
32766,17452,4979,163,216,
32766,17449,4991,154,227,
32766,17452,4979,143,225,
32766,17461,4985,150,232,
32766,17452,4986,165,221,
32766,17457,4991,157,216,
32766,17461,4979,148,226,
32766,17475,4980,158,226,
32766,17456,4979,148,220,
32766,17465,4985,154,220,
32766,17462,4987,149,221,
32766,17463,4981,156,222,
32766,17451,4985,159,220,
32766,17462,4984,164,212,
32766,17449,4974,151,222,
32766,17453,4987,160,219,
32766,17456,4983,153,239,
32766,17461,4983,155,207,
32766,17451,4982,149,217,
32766,17454,4977,155,225,
32766,17450,4968,156,215,
32766,17458,4985,162,222,
32766,17440,4979,161,217,
32766,17452,4975,145,221,
32766,17450,4979,161,216,
32766,17458,4973,152,213,
32766,17457,4972,163,221,
32766,17447,4979,157,225,
32766,17459,4986,146,223,
32766,17454,4981,161,226,
32766,17471,4988,171,219,
32766,17472,4977,159,215,
32766,17480,4990,150,212,
32766,17474,4993,154,211,
32766,17473,4989,150,228,
32766,17469,4983,149,214,
32766,17467,4988,150,216,
32766,17460,4979,162,224,
32766,17466,4987,161,222,
32766,17460,4983,158,222,
32766,17456,4988,150,223,
32766,17454,4978,157,220,
32766,17449,4989,154,216,
32766,17452,4969,151,212,
32766,17452,4974,153,223,
32766,17453,4979,151,233,
32766,17452,4979,155,210,
32766,17458,4981,152,227,
32766,17450,4978,149,211,
32766,17459,4979,151,218,
32766,17464,4978,166,228,
32766,17457,4974,154,226,
32766,17449,4974,149,222,
32766,17452,4985,157,230,
32766,17450,4982,161,207,
32766,17443,4979,162,225,
32766,17454,4976,156,216,
32766,17453,4985,158,234,
32766,17457,4997,158,225,
32766,17459,4978,150,229,
32766,17457,4978,166,217,
32766,17458,4986,151,214,
32766,17458,4971,152,221,
32766,17456,4989,156,227,
32766,17447,4982,155,223,
32766,17461,4995,151,217,
32766,17450,4966,151,212,
32766,17457,4981,157,218,
32766,17451,4977,163,215,
32766,17452,4976,154,218,
32766,17450,4982,156,209,
32766,17445,4993,152,210,
32766,17449,4978,157,220,
32766,17451,4987,153,227,
32766,17443,4975,157,214,
32766,17445,4974,151,219,
32766,17440,4978,147,211,
32766,17445,4970,155,209,
32766,17444,4968,161,210,
32766,17444,4973,165,226,
32766,17446,4979,156,204,
32766,17436,4976,150,212,
32766,17437,4975,158,211,
32766,17443,4976,159,217,
32766,17447,4975,160,219,
32766,17440,4975,162,218,
32766,17431,4982,150,220,
32766,17441,4971,159,208,
32766,17447,4978,156,218,
32766,17442,4975,157,211,
32766,17437,4975,153,224,
32766,17437,4978,145,220,
32766,17432,4976,155,208,
32766,17439,4972,157,214,
32766,17448,4970,149,212,
32766,17446,4970,162,224,
32766,17432,4982,155,231,
32766,17440,4971,140,206,
32766,17434,4973,146,220,
32766,17445,4971,150,216,
32766,17439,4974,152,211,
32766,17442,4973,160,222,
32766,17442,4968,162,223,
32766,17442,4971,162,222,
32766,17439,4962,162,214,
32766,17435,4971,151,219,
32766,17443,4975,149,215,
32766,17435,4970,152,210,
32766,17425,4978,152,213,
32766,17433,4976,149,217,
32766,17429,4981,144,220,
32766,17437,4983,157,225,
32766,17440,4977,153,220,
32766,17443,4970,152,226,
32766,17445,4982,158,215,
32766,17455,4988,149,214,
32766,17447,4980,158,221,
32766,17462,4984,155,219,
32766,17461,4989,161,218,
32766,17449,4972,151,204,
32766,17438,4980,145,221,
32766,17434,4984,161,208,
32766,17433,4966,145,221,
32766,17447,4968,145,225,
32766,17449,4969,163,214,
32766,17431,4975,156,216,
32766,17438,4969,143,216,
32766,17431,4970,154,225,
32766,17427,4961,157,216,
32766,17426,4956,161,224,
32766,17428,4961,157,216,
32766,17430,4958,158,222,
32766,17419,4965,150,218,
32766,17416,4977,154,219,
32766,17424,4964,171,209,
32766,17418,4966,152,215,
32766,17414,4966,161,217,
32766,17413,4953,165,210,
32766,17423,4959,157,221,
32766,17428,4962,142,222,
32766,17415,4969,156,227,
32766,17423,4977,155,211,
32766,17423,4975,152,219,
32766,17438,4970,152,212,
32766,17440,4974,159,221,
32766,17433,4958,155,223,
32766,17434,4964,153,216,
32766,17447,4968,164,210,
32766,17437,4975,149,218,
32766,17435,4962,154,220,
32766,17427,4973,164,222,
32766,17437,4968,152,210,
32766,17443,4974,149,221,
32766,17437,4975,158,220,
32766,17443,4967,166,213,
32766,17435,4965,155,214,
32766,17435,4954,157,215,
32766,17431,4965,153,224,
32766,17427,4969,159,218,
32766,17434,4976,156,230,
32766,17430,4972,153,214,
32766,17435,4976,156,221,
32766,17430,4971,140,221,
32766,17427,4961,160,212,
32766,17426,4971,160,231,
32766,17426,4964,155,208,
32766,17419,4957,150,216,
32766,17415,4959,140,216,
32766,17422,4972,155,217,
32766,17417,4944,147,204,
32766,17409,4942,145,207,
32766,17402,4961,155,227,
32766,17405,4944,150,223,
32766,17395,4947,161,215,
32766,17392,4945,160,232,
32766,17385,4939,149,217,
32766,17384,4938,158,208,
32766,17375,4940,155,217,
32766,17374,4925,160,220,
32766,17365,4925,159,214,
32766,17375,4932,161,217,
32766,17371,4914,156,229,
32766,17374,4924,143,229,
32766,17371,4927,158,224,
32766,17376,4922,167,211,
32766,17361,4910,151,203,
32766,17366,4929,166,218,
32766,17363,4923,146,211,
32766,17356,4922,152,211,
32766,17355,4915,158,207,
32766,17356,4915,154,225,
32766,17350,4926,151,220,
32766,17344,4916,157,217,
32766,17353,4921,152,222,
32766,17356,4917,148,230,
32766,17357,4925,160,219,
32766,17352,4922,157,221,
32766,17349,4920,158,213,
32766,17365,4923,154,217,
32766,17364,4934,156,217,
32766,17363,4924,159,220,
32766,17374,4922,153,221,
32766,17364,4920,151,209,
32766,17365,4920,155,213,
32766,17373,4919,153,223,
32766,17357,4924,151,224,
32766,17359,4935,149,224,
32766,17365,4921,158,211,
32766,17354,4920,157,219,
32766,17351,4921,155,217,
32766,17348,4918,166,219,
32766,17355,4923,147,215,
32766,17350,4915,158,200,
32766,17357,4921,148,222,
32766,17349,4913,166,226,
32766,17363,4923,149,230,
32766,17353,4925,147,223,
32766,17360,4922,151,227,
32766,17360,4922,152,221,
32766,17354,4921,152,222,
32766,17345,4914,155,213,
32766,17348,4927,151,222,
32766,17353,4918,161,222,
32766,17354,4924,145,214,
32766,17350,4917,156,216,
32766,17353,4910,159,226,
32766,17359,4930,149,221,
32766,17346,4923,138,221,
32766,17360,4915,155,216,
32766,17368,4922,158,224,
32766,17347,4923,156,213,
32766,17361,4932,149,211,
32766,17358,4927,151,220,
32766,17352,4913,162,216,
32766,17357,4918,155,225,
32766,17344,4906,164,222,
32766,17347,4926,145,219,
32766,17368,4926,160,221,
32766,17337,4915,152,215,
32766,17365,4926,164,228,
32766,17337,4925,151,223,
32766,17353,4915,159,213,
32766,17360,4911,151,207,
32766,17352,4915,153,210,
32766,17357,4917,150,207,
32766,17371,4919,163,230,
32766,17343,4921,154,219,
32766,17361,4915,156,213,
32766,17347,4922,157,219,
32766,17340,4920,152,221,
32766,17367,4940,159,215,
32766,17350,4917,154,228,
32766,17379,4927,156,215,
32766,17353,4928,150,219,
32766,17342,4918,153,208,
32766,17371,4928,153,205,
32766,17366,4918,162,235,
32766,17361,4917,156,229,
32766,17373,4928,150,228,
32766,17362,4927,151,211,
32766,17365,4937,154,230,
32766,17360,4931,157,222,
32766,17359,4928,146,227,
32766,17365,4937,147,218,
32766,17364,4935,151,207,
32766,17364,4928,154,218,
32766,17365,4939,148,223,
32766,17357,4929,153,223,
32766,17361,4929,151,219,
32766,17360,4931,165,222,
32766,17371,4928,150,218,
32766,17366,4930,160,223,
32766,17374,4916,156,222,
32766,17366,4930,148,211,
32766,17363,4926,145,225,
32766,17359,4929,148,212,
32766,17367,4937,159,221,
32766,17368,4934,151,218,
32766,17365,4926,157,203,
32766,17354,4930,148,214,
32766,17362,4937,162,219,
32766,17385,4942,159,224,
32766,17377,4939,158,216,
32766,17382,4944,154,218,
32766,17387,4933,157,229,
32766,17388,4944,153,223,
32766,17393,4943,156,212,
32766,17387,4940,162,206,
32766,17395,4937,156,206,
32766,17392,4929,150,214,
32766,17383,4933,149,225,
32766,17387,4938,154,221,
32766,17387,4935,159,225,
32766,17376,4937,145,207,
32766,17373,4929,154,214,
32766,17384,4933,149,218,
32766,17371,4929,161,211,
32766,17369,4936,144,221,
32766,17373,4939,156,222,
32766,17366,4939,160,228,
32766,17364,4937,149,229,
32766,17387,4949,151,210,
32766,17365,4931,156,212,
32766,17386,4935,141,214,
32766,17377,4937,161,228,
32766,17376,4947,165,218,
32766,17380,4940,156,214,
32766,17370,4947,157,215,
32766,17365,4942,159,221,
32766,17381,4944,162,223,
32766,17372,4943,155,220,
32766,17379,4948,155,219,
32766,17370,4932,153,220,
32766,17377,4940,152,208,
32766,17371,4948,162,210,
32766,17383,4928,156,221,
32766,17375,4940,153,212,
32766,17378,4941,149,222,
32766,17381,4938,148,221,
32766,17368,4948,154,218,
32766,17386,4944,153,219,
32766,17376,4937,153,224,
32766,17366,4938,162,218,
32766,17374,4945,155,217,
32766,17378,4930,156,220,
32766,17366,4938,156,212,
32766,17367,4941,150,222,
32766,17370,4927,150,210,
32766,17375,4936,149,216,
32766,17378,4932,147,220,
32766,17379,4933,162,205,
32766,17377,4926,160,225,
32766,17383,4945,149,225,
32766,17382,4935,155,215,
32766,17383,4928,145,211,
32766,17368,4943,159,227,
32766,17363,4944,149,216,
32766,17369,4935,165,224,
32766,17369,4940,151,226,
32766,17371,4937,156,220,
32766,17367,4923,161,226,
32766,17360,4939,159,223,
32766,17376,4943,157,215,
32766,17372,4947,164,216,
32766,17366,4939,155,217,
32766,17391,4944,176,212,
32766,17362,4926,155,224,
32766,17371,4945,153,223,
32766,17378,4935,160,214,
32766,17369,4944,147,229,
32766,17370,4943,153,211,
32766,17376,4925,141,218,
32766,17377,4933,150,225,
32766,17365,4932,146,217,
32766,17373,4934,151,218,
32766,17374,4931,164,227,
32766,17373,4947,148,217,
32766,17366,4929,150,224,
32766,17368,4938,153,222,
32766,17366,4936,152,216,
32766,17370,4930,149,223,
32766,17372,4934,168,206,
32766,17362,4928,133,225,
32766,17369,4926,152,222,
32766,17372,4926,142,229,
32766,17361,4931,153,216,
32766,17367,4936,155,222,
32766,17376,4928,162,227,
32766,17388,4941,155,214,
32766,17383,4935,156,226,
32766,17385,4938,143,222,
32766,17374,4943,148,211,
32766,17380,4943,149,225,
32766,17381,4929,163,202,
32766,17388,4946,154,214,
32766,17384,4938,149,223,
32766,17378,4928,159,212,
32766,17367,4933,154,230,
32766,17375,4928,150,226,
32766,17373,4927,156,228,
32766,17375,4924,151,204,
32766,17361,4939,155,221,
32766,17364,4930,152,210,
32766,17359,4930,151,214,
32766,17359,4935,141,212,
32766,17357,4922,144,211,
32766,17368,4936,149,219,
32766,17362,4928,155,211,
32766,17359,4934,151,216,
32766,17365,4939,152,207,
32766,17352,4930,167,211,
32766,17361,4931,163,215,
32766,17358,4929,144,216,
32766,17364,4925,152,221,
32766,17346,4927,151,213,
32766,17341,4929,153,213,
32766,17355,4937,137,220,
32766,17364,4930,151,207,
32766,17364,4935,152,214,
32766,17375,4940,152,216,
32766,17382,4945,149,218,
32766,17381,4943,157,220,
32766,17376,4938,156,217,
32766,17379,4940,168,215,
32766,17373,4937,150,212,
32766,17373,4929,153,208,
32766,17379,4957,154,209,
32766,17402,4945,140,218,
32766,17402,4948,143,209,
32766,17404,4955,146,212,
32766,17402,4945,137,200,
32766,17406,4931,139,213,
32766,17413,4951,153,218,
32766,17423,4959,154,209,
32766,17464,5016,165,213,
32766,17563,5161,150,217,
32766,17745,5422,166,225,
32766,17808,5498,170,234,
32766,17766,5472,158,229,
32766,17751,5479,174,224,
32766,17776,5511,165,241,
32766,17832,5561,163,238,
32766,17889,5612,166,239,
32766,17952,5646,166,232,
32766,17996,5671,170,236,
32766,18029,5712,171,245,
32766,18039,5739,173,250,
32766,18099,5779,178,239,
32766,18142,5831,181,238,
32766,18199,5868,175,241,
32766,18237,5891,176,240,
32766,18243,5912,177,245,
32766,18254,5929,184,255,
32766,18283,5952,185,249,
32766,18290,5959,184,242,
32766,18304,5995,176,239,
32766,18296,5997,183,258,
32766,18295,6013,178,256,
32766,18287,6010,181,238,
32766,18300,6042,181,244,
32766,18303,6068,191,243,
32766,18336,6089,189,237,
32766,18353,6107,190,242,
32766,18353,6124,189,256,
32766,18371,6131,176,241,
32766,18389,6163,197,235,
32766,18394,6184,186,256,
32766,18428,6218,192,257,
32766,18467,6244,192,255,
32766,18502,6279,187,263,
32766,18542,6304,187,262,
32766,18580,6354,194,244,
32766,18627,6405,197,251,
32766,18684,6454,209,264,
32766,18728,6470,202,252,
32766,18754,6516,191,265,
32766,18791,6542,214,270,
32766,18811,6561,199,266,
32766,18844,6587,207,264,
32766,18872,6620,203,263,
32766,18902,6658,212,262,
32766,18933,6677,201,266,
32766,18961,6693,204,268,
32766,18974,6705,210,272,
32766,18999,6728,219,275,
32766,19021,6741,215,260,
32766,19048,6759,204,260,
32766,19055,6761,209,269,
32766,19070,6775,210,271,
32766,19074,6758,213,274,
32766,19079,6747,213,268,
32766,19069,6746,216,271,
32766,19080,6727,207,266,
32766,19079,6729,215,264,
32766,19092,6730,201,271,
32766,19105,6731,199,269,
32766,19118,6740,213,263,
32766,19116,6743,218,274,
32766,19134,6742,204,264,
32766,19143,6764,202,278,
32766,19139,6749,209,280,
32766,19147,6744,206,273,
32766,19142,6728,207,253,
32766,19130,6732,208,281,
32766,19138,6745,202,276,
32766,19135,6747,200,270,
32766,19151,6758,197,271,
32766,19163,6759,206,268,
32766,19158,6758,207,259,
32766,19175,6768,214,264,
32766,19184,6781,212,268,
32766,19201,6808,203,268,
32766,19217,6832,205,269,
32766,19244,6843,199,261,
32766,19272,6875,207,269,
32766,19294,6907,224,266,
32766,19323,6918,213,274,
32766,19358,6946,208,280,
32766,19386,6983,208,274,
32766,19427,7010,212,284,
32766,19463,7039,205,273,
32766,19485,7079,229,278,
32766,19523,7096,219,286,
32766,19542,7134,227,282,
32766,19572,7151,234,283,
32766,19606,7179,215,281,
32766,19632,7195,223,288,
32766,19653,7228,219,281,
32766,19685,7245,236,282,
32766,19706,7269,225,288,
32766,19744,7307,235,284,
32766,19782,7333,233,285,
32766,19811,7359,241,288,
32766,19843,7396,242,294,
32766,19901,7415,238,297,
32766,19941,7450,239,288,
32766,19981,7479,236,295,
32766,20011,7503,245,297,
32766,20055,7527,237,289,
32766,20081,7553,237,294,
32766,20118,7580,244,301,
32766,20131,7591,244,297,
32766,20143,7598,245,302,
32766,20152,7607,242,307,
32766,20169,7617,243,302,
32766,20161,7604,244,301,
32766,20176,7614,241,308,
32766,20172,7617,248,304,
32766,20172,7623,258,291,
32766,20167,7608,239,299,
32766,20160,7603,239,300,
32766,20156,7594,238,296,
32766,20143,7597,245,306,
32766,20145,7599,237,305,
32766,20139,7599,232,300,
32766,20137,7605,247,299,
32766,20112,7595,245,309,
32766,20101,7583,240,293,
32766,20100,7565,247,308,
32766,20075,7541,242,307,
32766,20055,7526,252,293,
32766,20050,7524,256,303,
32766,20036,7520,246,296,
32766,20046,7520,249,304,
32766,20050,7522,257,303,
32766,20065,7526,248,310,
32766,20076,7538,237,305,
32766,20086,7538,238,302,
32766,20106,7546,245,306,
32766,20119,7559,240,296,
32766,20132,7549,242,300,
32766,20152,7565,234,307,
32766,20164,7569,233,307,
32766,20171,7572,250,303,
32766,20182,7564,237,294,
32766,20198,7562,255,292,
32766,20200,7563,243,310,
32766,20212,7566,249,300,
32766,20230,7580,247,309,
32766,20238,7574,240,300,
32766,20250,7585,254,300,
32766,20266,7585,237,307,
32766,20284,7584,246,306,
32766,20280,7589,239,309,
32766,20297,7595,245,310,
32766,20306,7594,241,299,
32766,20316,7609,241,309,
32766,20323,7611,241,311,
32766,20335,7615,246,299,
32766,20343,7618,233,305,
32766,20335,7603,248,291,
32766,20347,7599,242,301,
32766,20346,7603,242,310,
32766,20362,7613,247,297,
32766,20358,7603,240,308,
32766,20366,7612,235,298,
32766,20373,7610,250,303,
32766,20381,7620,246,308,
32766,20375,7621,237,299,
32766,20385,7612,237,299,
32766,20386,7620,249,295,
32766,20390,7610,255,309,
32766,20397,7605,241,304,
32766,20396,7615,239,291,
32766,20390,7607,244,289,
32766,20370,7604,243,294,
32766,20366,7589,250,309,
32766,20367,7582,236,302,
32766,20347,7586,243,300,
32766,20354,7583,252,301,
32766,20349,7574,241,306,
32766,20352,7571,231,308,
32766,20347,7563,243,304,
32766,20342,7553,246,292,
32766,20333,7552,240,304,
32766,20334,7559,226,302,
32766,20328,7553,251,293,
32766,20333,7548,234,305,
32766,20333,7545,250,297,
32766,20332,7545,240,301,
32766,20352,7543,234,299,
32766,20334,7553,246,301,
32766,20358,7565,252,301,
32766,20357,7564,242,296,
32766,20370,7569,235,304,
32766,20371,7570,233,306,
32766,20375,7575,242,296,
32766,20388,7586,246,294,
32766,20388,7593,235,303,
32766,20404,7598,239,302,
32766,20408,7594,244,302,
32766,20400,7583,242,287,
32766,20405,7584,239,298,
32766,20399,7589,247,301,
32766,20406,7588,234,305,
32766,20403,7583,238,303,
32766,20411,7591,247,311,
32766,20400,7592,239,302,
32766,20403,7590,240,302,
32766,20406,7585,252,300,
32766,20412,7582,239,298,
32766,20407,7592,243,303,
32766,20396,7588,239,295,
32766,20401,7582,236,300,
32766,20414,7599,240,298,
32766,20400,7590,243,293,
32766,20400,7584,252,293,
32766,20400,7587,245,293,
32766,20411,7574,242,300,
32766,20402,7591,240,288,
32766,20402,7576,236,291,
32766,20408,7584,248,291,
32766,20397,7583,242,293,
32766,20402,7580,242,310,
32766,20410,7566,248,298,
32766,20401,7575,241,304,
32766,20404,7568,240,306,
32766,20399,7560,245,301,
32766,20405,7567,241,294,
32766,20408,7565,241,296,
32766,20397,7570,233,306,
32766,20405,7556,236,290,
32766,20398,7557,243,298,
32766,20384,7556,241,309,
32766,20383,7549,248,285,
32766,20376,7549,229,301,
32766,20395,7539,240,303,
32766,20381,7551,239,298,
32766,20381,7546,233,300,
32766,20382,7532,233,295,
32766,20364,7538,243,289,
32766,20371,7529,231,298,
32766,20364,7525,231,294,
32766,20353,7521,245,300,
32766,20343,7514,245,298,
32766,20338,7522,244,294,
32766,20338,7515,243,278,
32766,20324,7495,236,282,
32766,20312,7499,237,299,
32766,20316,7511,237,298,
32766,20312,7495,231,293,
32766,20308,7489,238,297,
32766,20304,7479,223,282,
32766,20299,7483,242,289,
32766,20300,7476,246,287,
32766,20296,7473,236,291,
32766,20293,7476,234,294,
32766,20281,7473,237,295,
32766,20293,7483,245,297,
32766,20292,7480,232,286,
32766,20298,7464,235,284,
32766,20286,7474,238,292,
32766,20298,7474,233,293,
32766,20299,7477,240,287,
32766,20283,7471,246,296,
32766,20291,7480,225,299,
32766,20295,7482,241,299,
32766,20300,7470,237,285,
32766,20307,7471,256,288,
32766,20311,7491,231,303,
32766,20317,7472,237,284,
32766,20302,7478,241,298,
32766,20303,7486,228,294,
32766,20312,7471,240,302,
32766,20313,7475,241,295,
32766,20307,7474,231,303,
32766,20310,7471,240,292,
32766,20297,7478,231,298,
32766,20306,7475,226,297,
32766,20302,7463,236,294,
32766,20310,7473,243,292,
32766,20299,7478,249,299,
32766,20302,7464,232,287,
32766,20299,7474,237,301,
32766,20295,7471,245,307,
32766,20298,7475,233,294,
32766,20296,7468,237,292,
32766,20292,7468,237,290,
32766,20285,7469,235,293,
32766,20300,7457,222,294,
32766,20292,7467,241,291,
32766,20291,7474,234,300,
32766,20288,7474,235,298,
32766,20299,7468,235,283,
32766,20289,7473,232,303,
32766,20292,7474,236,297,
32766,20295,7463,234,298,
32766,20293,7459,246,302,
32766,20289,7482,235,288,
32766,20293,7477,235,290,
32766,20293,7460,236,302,
32766,20273,7468,234,296,
32766,20283,7471,242,292,
32766,20272,7469,228,288,
32766,20280,7465,235,291,
32766,20275,7455,240,292,
32766,20275,7468,239,298,
32766,20267,7465,241,298,
32766,20272,7451,241,301,
32766,20276,7465,234,290,
32766,20266,7463,235,297,
32766,20274,7464,233,301,
32766,20257,7451,236,295,
32766,20260,7457,235,302,
32766,20250,7460,240,286,
32766,20262,7451,237,288,
32766,20254,7450,241,296,
32766,20249,7445,241,289,
32766,20249,7453,225,288,
32766,20252,7441,227,291,
32766,20247,7450,243,301,
32766,20260,7425,223,304,
32766,20253,7437,233,294,
32766,20256,7435,241,298,
32766,20263,7424,237,298,
32766,20246,7431,243,302,
32766,20250,7422,226,293,
32766,20239,7410,236,296,
32766,20231,7414,225,294,
32766,20225,7395,231,302,
32766,20211,7377,226,290,
32766,20192,7364,235,303,
32766,20188,7352,231,294,
32766,20174,7342,227,290,
32766,20153,7323,227,290,
32766,20139,7315,230,289,
32766,20139,7285,230,288,
32766,20109,7270,224,300,
32766,20094,7254,239,288,
32766,20086,7248,221,284,
32766,20079,7233,235,278,
32766,20071,7235,234,303,
32766,20066,7216,215,281,
32766,20064,7222,217,285,
32766,20057,7217,234,285,
32766,20064,7209,221,286,
32766,20059,7192,227,288,
32766,20047,7197,227,281,
32766,20039,7202,228,282,
32766,20045,7188,216,293,
32766,20030,7195,226,288,
32766,20037,7182,223,289,
32766,20046,7184,225,280,
32766,20032,7187,230,289,
32766,20032,7175,224,284,
32766,20036,7182,226,277,
32766,20034,7182,219,268,
32766,20037,7169,228,283,
32766,20035,7163,215,275,
32766,20038,7173,218,279,
32766,20044,7171,218,274,
32766,20045,7176,219,288,
32766,20052,7182,216,297,
32766,20062,7175,221,283,
32766,20061,7168,230,277,
32766,20057,7175,216,280,
32766,20081,7187,226,283,
32766,20083,7192,223,289,
32766,20099,7200,220,276,
32766,20098,7203,212,292,
32766,20106,7204,216,297,
32766,20106,7192,230,275,
32766,20117,7193,218,277,
32766,20123,7180,222,280,
32766,20127,7204,223,294,
32766,20143,7204,207,277,
32766,20140,7207,219,269,
32766,20156,7214,209,286,
32766,20154,7212,226,285,
32766,20167,7217,227,273,
32766,20171,7224,219,285,
32766,20179,7225,224,282,
32766,20195,7235,231,286,
32766,20191,7232,215,273,
32766,20191,7236,231,281,
32766,20198,7242,213,276,
32766,20194,7243,228,280,
32766,20203,7255,229,277,
32766,20194,7241,231,283,
32766,20203,7245,213,290,
32766,20203,7237,216,280,
32766,20197,7239,226,280,
32766,20205,7237,211,288,
32766,20193,7238,226,279,
32766,20204,7243,223,283,
32766,20189,7235,220,272,
32766,20187,7241,223,279,
32766,20195,7239,224,276,
32766,20187,7238,213,291,
32766,20180,7237,230,274,
32766,20171,7219,237,278,
32766,20188,7239,228,281,
32766,20183,7234,212,290,
32766,20174,7226,215,279,
32766,20173,7229,219,266,
32766,20159,7220,222,282,
32766,20166,7233,215,291,
32766,20170,7226,227,283,
32766,20158,7227,220,280,
32766,20174,7223,235,279,
32766,20154,7216,227,285,
32766,20165,7220,218,281,
32766,20159,7222,220,287,
32766,20154,7202,218,293,
32766,20154,7215,229,295,
32766,20154,7200,219,284,
32766,20149,7207,232,277,
32766,20135,7193,214,281,
32766,20134,7196,223,293,
32766,20149,7200,230,284,
32766,20142,7209,225,284,
32766,20146,7207,219,269,
32766,20149,7206,226,287,
32766,20154,7206,218,278,
32766,20153,7213,222,280,
32766,20149,7206,226,292,
32766,20148,7204,216,279,
32766,20154,7211,236,285,
32766,20148,7209,218,292,
32766,20129,7208,215,290,
32766,20135,7203,215,284,
32766,20138,7193,221,284,
32766,20121,7206,220,284,
32766,20137,7206,225,294,
32766,20129,7203,224,277,
32766,20136,7198,206,291,
32766,20127,7192,222,285,
32766,20133,7187,228,280,
32766,20136,7193,224,280,
32766,20129,7196,220,286,
32766,20135,7186,223,291,
32766,20140,7193,222,290,
32766,20125,7181,210,287,
32766,20134,7195,222,290,
32766,20130,7181,224,294,
32766,20138,7190,213,286,
32766,20145,7196,220,278,
32766,20150,7193,211,278,
32766,20146,7197,224,280,
32766,20152,7195,224,264,
32766,20146,7179,215,283,
32766,20154,7186,237,281,
32766,20153,7194,230,291,
32766,20152,7193,229,282,
32766,20151,7179,217,278,
32766,20150,7179,224,284,
32766,20146,7190,210,280,
32766,20153,7177,213,291,
32766,20163,7178,219,288,
32766,20161,7174,210,280,
32766,20145,7172,220,278,
32766,20159,7173,215,282,
32766,20150,7167,217,288,
32766,20151,7176,204,278,
32766,20142,7155,222,279,
32766,20145,7169,215,282,
32766,20157,7161,229,283,
32766,20134,7175,223,285,
32766,20144,7156,223,280,
32766,20142,7156,228,281,
32766,20149,7156,228,282,
32766,20146,7173,221,295,
32766,20164,7177,220,287,
32766,20150,7175,221,287,
32766,20151,7181,234,280,
32766,20155,7170,214,280,
32766,20151,7178,220,279,
32766,20145,7184,215,287,
32766,20149,7187,220,263,
32766,20151,7193,232,285,
32766,20155,7201,221,277,
32766,20141,7193,222,274,
32766,20145,7193,223,274,
32766,20150,7188,216,284,
32766,20152,7197,228,285,
32766,20157,7186,226,276,
32766,20149,7188,227,275,
32766,20145,7196,218,291,
32766,20154,7187,227,271,
32766,20152,7195,225,284,
32766,20172,7184,219,284,
32766,20159,7193,223,269,
32766,20170,7189,216,287,
32766,20157,7200,231,297,
32766,20168,7195,219,296,
32766,20157,7209,219,274,
32766,20172,7209,212,272,
32766,20175,7212,218,275,
32766,20194,7211,218,281,
32766,20198,7224,213,280,
32766,20209,7221,217,289,
32766,20197,7234,217,282,
32766,20213,7227,226,283,
32766,20208,7236,236,276,
32766,20200,7234,221,274,
32766,20208,7224,227,288,
32766,20193,7231,213,284,
32766,20209,7234,234,283,
32766,20198,7235,204,282,
32766,20204,7239,218,287,
32766,20194,7229,222,271,
32766,20197,7225,211,280,
32766,20201,7230,223,276,
32766,20197,7232,229,277,
32766,20199,7232,218,280,
32766,20198,7238,217,287,
32766,20200,7226,224,281,
32766,20202,7232,217,279,
32766,20190,7237,214,288,
32766,20197,7245,229,273,
32766,20190,7229,212,290,
32766,20187,7240,201,284,
32766,20181,7235,224,278,
32766,20180,7238,228,279,
32766,20185,7238,227,279,
32766,20173,7234,220,276,
32766,20172,7231,221,281,
32766,20165,7227,216,278,
32766,20149,7222,222,285,
32766,20142,7229,217,273,
32766,20138,7235,219,286,
32766,20143,7225,221,296,
32766,20130,7223,214,284,
32766,20127,7219,208,286,
32766,20133,7220,228,292,
32766,20118,7229,215,282,
32766,20123,7218,220,274,
32766,20119,7229,224,278,
32766,20121,7209,224,281,
32766,20124,7215,214,270,
32766,20123,7226,218,290,
32766,20138,7215,220,278,
32766,20130,7223,221,276,
32766,20137,7225,225,289,
32766,20134,7228,216,274,
32766,20143,7216,220,268,
32766,20139,7225,223,286,
32766,20157,7229,216,283,
32766,20156,7227,223,276,
32766,20158,7236,224,286,
32766,20163,7241,222,268,
32766,20165,7231,222,271,
32766,20156,7229,231,271,
32766,20168,7238,234,281,
32766,20176,7244,232,271,
32766,20178,7237,214,273,
32766,20174,7236,220,280,
32766,20171,7235,224,279,
32766,20169,7228,219,284,
32766,20176,7241,222,279,
32766,20176,7235,218,292,
32766,20171,7238,222,281,
32766,20170,7230,219,275,
32766,20170,7232,217,280,
32766,20170,7228,220,269,
32766,20156,7231,210,278,
32766,20151,7221,219,281,
32766,20151,7222,224,272,
32766,20137,7225,224,279,
32766,20144,7203,217,278,
32766,20134,7216,211,281,
32766,20135,7211,219,280,
32766,20136,7219,215,279,
32766,20129,7219,220,278,
32766,20128,7219,213,286,
32766,20129,7204,221,279,
32766,20126,7218,220,278,
32766,20119,7208,213,279,
32766,20125,7201,224,288,
32766,20116,7210,212,287,
32766,20108,7209,226,259,
32766,20106,7201,216,276,
32766,20118,7198,218,286,
32766,20109,7202,211,277,
32766,20116,7198,210,269,
32766,20111,7193,216,268,
32766,20109,7184,211,276,
32766,20101,7180,222,281,
32766,20097,7196,215,276,
32766,20107,7196,228,271,
32766,20115,7201,214,276,
32766,20115,7183,217,275,
32766,20121,7194,211,282,
32766,20114,7192,225,285,
32766,20113,7204,203,267,
32766,20128,7193,220,293,
32766,20126,7199,224,283,
32766,20139,7191,218,272,
32766,20140,7192,222,275,
32766,20136,7201,218,285,
32766,20150,7204,214,278,
32766,20146,7203,217,270,
32766,20145,7204,220,283,
32766,20150,7212,225,282,
32766,20161,7202,223,275,
32766,20157,7207,217,277,
32766,20149,7203,210,289,
32766,20159,7209,218,277,
32766,20161,7208,227,278,
32766,20166,7204,221,284,
32766,20165,7201,201,274,
32766,20171,7200,232,287,
32766,20174,7213,224,275,
32766,20171,7217,216,286,
32766,20157,7206,230,276,
32766,20171,7206,230,274,
32766,20159,7209,232,277,
32766,20162,7200,211,281,
32766,20159,7212,222,287,
32766,20168,7205,215,280,
32766,20153,7203,213,289,
32766,20146,7190,215,285,
32766,20150,7192,224,271,
32766,20151,7188,229,265,
32766,20152,7202,221,285,
32766,20141,7187,215,282,
32766,20148,7185,211,288,
32766,20137,7195,219,282,
32766,20138,7195,225,269,
32766,20141,7179,209,286,
32766,20136,7202,217,286,
32766,20139,7191,219,285,
32766,20133,7194,217,281,
32766,20151,7191,222,289,
32766,20149,7196,215,276,
32766,20154,7192,217,269,
32766,20167,7208,215,280,
32766,20150,7211,223,271,
32766,20162,7211,215,281,
32766,20160,7213,225,286,
32766,20168,7216,230,278,
32766,20159,7219,213,273,
32766,20172,7211,212,289,
32766,20169,7214,224,271,
32766,20171,7206,210,285,
32766,20187,7208,214,277,
32766,20173,7211,222,285,
32766,20184,7225,222,280,
32766,20190,7227,226,278,
32766,20193,7223,231,276,
32766,20190,7229,227,275,
32766,20185,7227,227,283,
32766,20183,7221,214,278,
32766,20190,7224,226,280,
32766,20187,7225,215,286,
32766,20180,7228,229,275,
32766,20194,7216,225,278,
32766,20182,7209,225,288,
32766,20176,7224,224,272,
32766,20177,7221,216,281,
32766,20163,7213,219,277,
32766,20159,7217,219,285,
32766,20170,7213,218,284,
32766,20163,7210,223,273,
32766,20158,7216,223,285,
32766,20165,7210,233,283,
32766,20158,7207,209,285,
32766,20154,7223,211,272,
32766,20163,7205,222,291,
32766,20159,7203,224,281,
32766,20153,7201,208,281,
32766,20155,7199,224,278,
32766,20155,7206,220,297,
32766,20158,7204,204,284,
32766,20149,7205,214,282,
32766,20153,7207,217,282,
32766,20148,7203,223,282,
32766,20157,7198,227,280,
32766,20161,7199,215,286,
32766,20153,7218,218,280,
32766,20162,7204,215,292,
32766,20153,7214,220,278,
32766,20156,7200,217,293,
32766,20160,7224,225,278,
32766,20167,7199,220,281,
32766,20166,7209,223,285,
32766,20169,7207,213,295,
32766,20147,7203,219,281,
32766,20157,7188,222,274,
32766,20161,7204,227,273,
32766,20159,7196,226,289,
32766,20154,7211,217,279,
32766,20153,7190,220,286,
32766,20153,7195,228,280,
32766,20154,7195,223,285,
32766,20158,7196,231,294,
32766,20165,7200,216,275,
32766,20149,7197,221,286,
32766,20160,7205,209,288,
32766,20152,7198,228,273,
32766,20156,7204,235,287,
32766,20155,7198,222,283,
32766,20146,7197,222,285,
32766,20141,7205,223,288,
32766,20156,7194,228,281,
32766,20148,7183,222,287,
32766,20144,7188,213,285,
32766,20134,7188,216,282,
32766,20143,7184,227,284,
32766,20137,7190,221,287,
32766,20130,7194,220,284,
32766,20142,7188,222,282,
32766,20148,7189,220,283,
32766,20139,7202,221,290,
32766,20154,7190,213,285,
32766,20131,7193,221,288,
32766,20134,7194,221,288,
32766,20139,7186,232,298,
32766,20146,7180,222,283,
32766,20118,7178,228,280,
32766,20125,7185,221,290,
32766,20133,7184,216,286,
32766,20130,7189,221,274,
32766,20122,7184,228,283,
32766,20131,7188,215,279,
32766,20129,7183,216,293,
32766,20124,7181,218,277,
32766,20126,7176,220,284,
32766,20131,7190,214,282,
32766,20116,7192,217,285,
32766,20147,7190,218,281,
32766,20137,7189,217,287,
32766,20135,7194,214,281,
32766,20144,7184,218,274,
32766,20149,7204,221,279,
32766,20147,7201,228,282,
32766,20144,7193,212,284,
32766,20134,7207,219,282,
32766,20131,7180,220,287,
32766,20127,7162,218,282,
32766,20154,7214,217,287,
32766,20108,7163,214,278,
32766,20129,7187,220,279,
32766,20136,7191,225,284,
32766,20102,7170,221,288,
32766,20131,7182,226,281,
32766,20126,7175,215,278,
32766,20122,7168,208,281,
32766,20129,7184,215,285,
32766,20119,7167,226,268,
32766,20115,7172,226,274,
32766,20117,7171,211,278,
32766,20115,7168,222,288,
32766,20110,7172,223,282,
32766,20106,7180,225,284,
32766,20124,7169,209,279,
32766,20127,7172,221,294,
32766,20121,7162,210,273,
32766,20120,7171,212,278,
32766,20115,7170,215,276,
32766,20109,7165,225,280,
32766,20120,7163,222,294,
32766,20111,7172,229,274,
32766,20110,7170,230,297,
32766,20111,7162,217,280,
32766,20108,7162,218,283,
32766,20108,7169,228,290,
32766,20108,7174,224,285,
32766,20110,7159,218,285,
32766,20115,7168,227,287,
32766,20098,7166,222,287,
32766,20110,7162,220,271,
32766,20114,7166,215,288,
32766,20121,7169,222,279,
32766,20106,7167,231,279,
32766,20111,7167,210,281,
32766,20108,7167,221,281,
32766,20112,7158,226,278,
32766,20097,7166,221,267,
32766,20102,7170,224,279,
32766,20109,7161,218,279,
32766,20105,7167,211,283,
32766,20111,7161,224,280,
32766,20104,7168,218,278,
32766,20109,7163,212,283,
32766,20106,7170,227,275,
32766,20115,7166,225,276,
32766,20121,7167,220,280,
32766,20122,7178,225,276,
32766,20115,7165,214,282,
32766,20115,7159,215,271,
32766,20107,7165,214,277,
32766,20113,7180,234,271,
32766,20114,7177,209,282,
32766,20117,7170,210,286,
32766,20100,7164,228,287,
32766,20093,7165,216,280,
32766,20104,7171,215,279,
32766,20108,7175,226,289,
32766,20110,7169,221,277,
32766,20102,7169,217,277,
32766,20094,7175,217,283,
32766,20104,7180,221,288,
32766,20108,7164,216,286,
32766,20106,7169,220,291,
32766,20090,7169,221,274,
32766,20104,7175,223,279,
32766,20096,7156,224,284,
32766,20107,7170,229,289,
32766,20103,7165,218,274,
32766,20123,7185,219,288,
32766,20118,7177,223,288,
32766,20129,7189,221,280,
32766,20139,7188,224,287,
32766,20130,7192,225,279,
32766,20138,7192,218,273,
32766,20123,7176,218,283,
32766,20123,7180,215,282,
32766,20112,7175,217,286,
32766,20100,7187,229,272,
32766,20103,7164,212,282,
32766,20092,7167,219,266,
32766,20088,7164,214,273,
32766,20091,7162,222,270,
32766,20077,7162,229,280,
32766,20097,7164,227,296,
32766,20081,7164,218,281,
32766,20082,7163,222,285,
32766,20087,7167,214,282,
32766,20088,7164,218,285,
32766,20088,7169,227,285,
32766,20089,7164,223,275,
32766,20092,7154,221,279,
32766,20078,7167,224,286,
32766,20076,7158,209,283,
32766,20093,7145,229,281,
32766,20081,7162,218,278,
32766,20077,7162,213,291,
32766,20085,7161,221,274,
32766,20087,7161,215,279,
32766,20083,7158,218,274,
32766,20076,7167,224,280,
32766,20069,7153,228,285,
32766,20085,7149,234,278,
32766,20076,7158,218,275,
32766,20082,7153,228,276,
32766,20081,7152,222,287,
32766,20072,7159,224,278,
32766,20078,7145,217,279,
32766,20074,7158,222,281,
32766,20078,7167,203,296,
32766,20074,7142,217,279,
32766,20072,7155,217,276,
32766,20077,7156,225,277,
32766,20086,7153,227,283,
32766,20071,7155,223,277,
32766,20078,7156,217,277,
32766,20071,7157,223,286,
32766,20072,7155,222,283,
32766,20061,7151,213,285,
32766,20076,7153,209,282,
32766,20060,7147,223,276,
32766,20069,7161,210,278,
32766,20070,7157,207,287,
32766,20063,7155,237,272,
32766,20068,7148,229,272,
32766,20062,7148,227,282,
32766,20067,7141,220,280,
32766,20070,7154,227,286,
32766,20074,7156,217,293,
32766,20059,7148,227,275,
32766,20071,7148,218,280,
32766,20058,7140,231,282,
32766,20062,7144,217,275,
32766,20062,7148,216,276,
32766,20069,7150,223,275,
32766,20056,7153,216,271,
32766,20063,7160,216,283,
32766,20067,7157,209,288,
32766,20064,7146,212,287,
32766,20072,7149,220,273,
32766,20067,7145,223,277,
32766,20063,7154,226,293,
32766,20064,7152,218,278,
32766,20050,7158,233,275,
32766,20065,7153,226,277,
32766,20070,7160,225,287,
32766,20068,7165,222,287,
32766,20077,7158,228,279,
32766,20066,7151,216,274,
32766,20077,7161,228,287,
32766,20085,7167,221,291,
32766,20073,7169,232,275,
32766,20072,7176,226,277,
32766,20067,7149,219,274,
32766,20075,7166,220,298,
32766,20077,7164,219,293,
32766,20069,7164,212,290,
32766,20085,7161,219,275,
32766,20065,7165,229,283,
32766,20069,7164,219,280,
32766,20069,7168,217,277,
32766,20063,7167,220,278,
32766,20061,7165,218,281,
32766,20067,7168,229,285,
32766,20061,7174,225,285,
32766,20051,7154,220,282,
32766,20062,7152,218,285,
32766,20056,7167,220,289,
32766,20055,7157,208,282,
32766,20055,7159,219,278,
32766,20056,7157,229,280,
32766,20047,7145,228,265,
32766,20033,7140,213,280,
32766,20030,7123,215,288,
32766,20028,7124,224,281,
32766,20002,7101,226,276,
32766,20005,7108,211,273,
32766,20006,7101,208,285,
32766,20005,7099,214,277,
32766,19997,7094,215,275,
32766,19992,7079,218,284,
32766,20009,7074,214,281,
32766,20005,7092,227,274,
32766,20009,7074,221,276,
32766,20000,7088,216,284,
32766,20003,7068,220,286,
32766,19992,7065,207,286,
32766,19990,7057,210,271,
32766,19991,7061,214,280,
32766,19992,7069,220,280,
32766,19994,7064,216,276,
32766,19991,7056,219,276,
32766,19981,7040,205,285,
32766,19988,7050,220,278,
32766,19971,7044,208,289,
32766,19976,7042,212,277,
32766,19981,7044,205,288,
32766,19972,7038,227,280,
32766,19971,7045,217,278,
32766,19972,7037,218,287,
32766,19965,7040,208,285,
32766,19962,7038,217,278,
32766,19972,7045,221,291,
32766,19952,7028,217,295,
32766,19956,7032,208,277,
32766,19959,7022,210,282,
32766,19956,7029,210,278,
32766,19951,7020,219,283,
32766,19945,7024,216,283,
32766,19946,7024,222,279,
32766,19952,7018,218,286,
32766,19949,7017,210,288,
32766,19951,7005,218,275,
32766,19945,7006,221,276,
32766,19949,6998,220,277,
32766,19942,7019,213,279,
32766,19945,7007,205,284,
32766,19943,7022,223,274,
32766,19943,7009,218,273,
32766,19948,7026,213,287,
32766,19956,7020,225,282,
32766,19966,7041,212,292,
32766,19964,7031,221,281,
32766,19973,7038,219,278,
32766,19967,7038,217,276,
32766,19971,7037,222,268,
32766,19982,7031,227,293,
32766,19979,7049,211,281,
32766,19979,7058,220,263,
32766,19990,7057,218,268,
32766,19993,7059,217,287,
32766,19975,7057,216,279,
32766,19979,7052,228,276,
32766,19992,7060,223,278,
32766,19975,7053,211,286,
32766,19980,7061,219,277,
32766,19979,7045,220,260,
32766,19972,7051,215,280,
32766,19963,7048,204,282,
32766,19969,7046,217,288,
32766,19966,7047,214,282,
32766,19968,7050,227,276,
32766,19955,7050,221,284,
32766,19970,7041,210,282,
32766,19963,7044,203,286,
32766,19954,7035,210,284,
32766,19960,7037,216,281,
32766,19950,7039,220,278,
32766,19949,7044,231,269,
32766,19948,7034,218,287,
32766,19944,7035,210,273,
32766,19943,7025,222,282,
32766,19937,7033,221,276,
32766,19934,7033,222,278,
32766,19928,7028,217,278,
32766,19926,7030,211,280,
32766,19937,7016,227,275,
32766,19926,7026,201,291,
32766,19923,7020,209,283,
32766,19922,7015,226,280,
32766,19913,7015,202,289,
32766,19911,7015,232,275,
32766,19923,7008,218,281,
32766,19913,7020,225,278,
32766,19921,7011,213,276,
32766,19913,7011,214,282,
32766,19908,7005,211,273,
32766,19912,7007,209,283,
32766,19903,7020,220,280,
32766,19902,7007,213,285,
32766,19905,6999,223,272,
32766,19904,7006,218,285,
32766,19902,6997,216,274,
32766,19895,7000,218,281,
32766,19898,6999,216,281,
32766,19894,7003,208,284,
32766,19895,6990,209,280,
32766,19901,7011,220,273,
32766,19899,6999,211,286,
32766,19899,6995,214,281,
32766,19892,6993,221,287,
32766,19896,7004,209,277,
32766,19899,7007,216,277,
32766,19903,7010,208,276,
32766,19900,6994,205,276,
32766,19894,6994,214,281,
32766,19903,6997,226,267,
32766,19891,7008,215,289,
32766,19895,7007,213,279,
32766,19899,6986,204,281,
32766,19897,6997,219,283,
32766,19897,6997,208,283,
32766,19880,6991,212,268,
32766,19875,6992,219,283,
32766,19890,6981,215,278,
32766,19892,6989,208,277,
32766,19873,6990,209,274,
32766,19882,6984,218,281,
32766,19886,6983,210,283,
32766,19878,6986,217,278,
32766,19882,6980,224,279,
32766,19889,6984,226,267,
32766,19877,6985,205,284,
32766,19890,6986,214,284,
32766,19871,6997,216,295,
32766,19878,6989,221,283,
32766,19877,6997,221,276,
32766,19887,7002,218,279,
32766,19884,6986,211,274,
32766,19884,6987,216,278,
32766,19888,6993,218,280,
32766,19900,6997,208,278,
32766,19892,6997,218,277,
32766,19902,7006,208,284,
32766,19892,6997,216,281,
32766,19890,7000,215,277,
32766,19891,6994,209,284,
32766,19885,6981,221,267,
32766,19891,6990,220,278,
32766,19885,6998,215,275,
32766,19876,6999,204,266,
32766,19894,6998,207,285,
32766,19879,6996,219,269,
32766,19888,6996,222,268,
32766,19886,7003,218,279,
32766,19889,6995,208,281,
32766,19884,6989,215,275,
32766,19887,6996,210,286,
32766,19876,7002,225,278,
32766,19890,6980,216,272,
32766,19892,7005,218,276,
32766,19888,6998,218,274,
32766,19897,7002,205,280,
32766,19887,6996,217,269,
32766,19892,7004,216,280,
32766,19889,7003,219,277,
32766,19897,7002,198,274,
32766,19874,7010,219,273,
32766,19893,7004,219,277,
32766,19893,7004,226,288,
32766,19894,6994,218,272,
32766,19889,6998,225,276,
32766,19884,6995,219,278,
32766,19873,6995,220,281,
32766,19873,6987,218,273,
32766,19870,6982,214,281,
32766,19869,6990,213,269,
32766,19867,6974,214,291,
32766,19846,6971,226,284,
32766,19860,6974,221,270,
32766,19849,6975,218,272,
32766,19853,6975,214,279,
32766,19852,6968,215,276,
32766,19856,6970,211,277,
32766,19841,6959,216,275,
32766,19837,6968,207,275,
32766,19849,6966,226,286,
32766,19836,6951,216,272,
32766,19832,6966,219,269,
32766,19826,6955,224,270,
32766,19832,6963,217,281,
32766,19835,6970,208,276,
32766,19839,6974,225,262,
32766,19845,6964,221,273,
32766,19838,6967,210,282,
32766,19830,6965,217,282,
32766,19851,6971,217,278,
32766,19845,6961,218,278,
32766,19838,6957,204,280,
32766,19845,6957,218,278,
32766,19839,6960,215,279,
32766,19851,6981,209,285,
32766,19842,6980,218,275,
32766,19845,6974,217,284,
32766,19847,6968,221,273,
32766,19856,6967,231,274,
32766,19854,6958,215,276,
32766,19843,6964,214,275,
32766,19846,6954,218,284,
32766,19861,6975,219,292,
32766,19847,6965,206,263,
32766,19843,6954,225,265,
32766,19857,6962,217,268,
32766,19835,6953,213,283,
32766,19843,6962,218,281,
32766,19861,6981,209,274,
32766,19850,6954,213,267,
32766,19849,6959,219,270,
32766,19855,6975,225,280,
32766,19856,6971,216,278,
32766,19869,6975,221,277,
32766,19878,6970,208,286,
32766,19872,6982,222,276,
32766,19873,6976,219,282,
32766,19859,6967,224,271,
32766,19868,6965,227,283,
32766,19866,6974,225,286,
32766,19860,6966,224,271,
32766,19857,6962,215,279,
32766,19841,6963,209,282,
32766,19845,6970,219,273,
32766,19841,6963,214,285,
32766,19836,6959,219,278,
32766,19843,6960,218,280,
32766,19827,6953,221,281,
32766,19824,6945,204,279,
32766,19831,6958,221,282,
32766,19829,6951,213,268,
32766,19824,6949,217,273,
32766,19825,6944,209,277,
32766,19815,6935,210,267,
32766,19817,6951,228,279,
32766,19831,6952,217,268,
32766,19811,6946,220,277,
32766,19813,6931,214,283,
32766,19805,6943,211,275,
32766,19810,6943,208,271,
32766,19811,6947,219,281,
32766,19802,6943,224,272,
32766,19807,6945,208,280,
32766,19824,6952,219,288,
32766,19811,6951,213,275,
32766,19815,6946,225,288,
32766,19806,6961,206,285,
32766,19816,6957,222,278,
32766,19814,6958,212,298,
32766,19818,6944,213,283,
32766,19824,6958,211,279,
32766,19823,6949,222,278,
32766,19822,6957,217,278,
32766,19829,6971,220,286,
32766,19835,6973,223,278,
32766,19823,6960,221,281,
32766,19833,6953,217,277,
32766,19830,6975,213,285,
32766,19825,6969,215,278,
32766,19823,6969,219,278,
32766,19824,6960,213,276,
32766,19824,6958,213,286,
32766,19825,6965,224,276,
32766,19819,6962,214,276,
32766,19830,6962,206,283,
32766,19822,6978,211,267,
32766,19819,6965,208,266,
32766,19820,6971,208,271,
32766,19819,6969,204,279,
32766,19821,6957,220,271,
32766,19823,6969,221,255,
32766,19812,6964,215,274,
32766,19812,6960,210,276,
32766,19816,6960,213,277,
32766,19808,6956,209,274,
32766,19796,6956,216,270,
32766,19807,6962,220,272,
32766,19789,6959,224,271,
32766,19798,6940,199,290,
32766,19788,6936,213,279,
32766,19786,6948,208,284,
32766,19778,6946,224,279,
32766,19777,6954,221,272,
32766,19773,6939,222,268,
32766,19789,6941,218,271,
32766,19773,6938,205,287,
32766,19776,6932,212,269,
32766,19781,6929,209,275,
32766,19769,6944,213,273,
32766,19769,6938,211,283,
32766,19776,6945,212,272,
32766,19791,6937,213,259,
32766,19777,6929,202,276,
32766,19794,6944,207,260,
32766,19778,6946,215,264,
32766,19788,6948,211,270,
32766,19783,6952,219,277,
32766,19785,6946,211,269,
32766,19784,6931,210,281,
32766,19785,6933,217,263,
32766,19783,6928,207,265,
32766,19794,6920,209,280,
32766,19780,6927,204,273,
32766,19786,6936,224,267,
32766,19780,6926,213,269,
32766,19783,6926,213,283,
32766,19793,6931,200,284,
32766,19790,6921,208,275,
32766,19789,6933,223,271,
32766,19788,6923,207,276,
32766,19799,6928,210,280,
32766,19801,6930,214,281,
32766,19796,6939,213,285,
32766,19801,6936,216,273,
32766,19795,6942,209,274,
32766,19808,6943,215,276,
32766,19810,6942,217,274,
32766,19808,6935,220,275,
32766,19809,6940,216,274,
32766,19814,6944,209,289,
32766,19819,6950,206,272,
32766,19828,6951,216,277,
32766,19829,6938,214,281,
32766,19818,6937,211,266,
32766,19831,6939,203,269,
32766,19827,6940,211,270,
32766,19831,6944,207,282,
32766,19828,6947,206,267,
32766,19829,6951,212,269,
32766,19832,6942,212,275,
32766,19833,6951,210,278,
32766,19827,6947,219,272,
32766,19828,6941,227,271,
32766,19825,6949,215,278,
32766,19830,6933,220,261,
32766,19823,6939,215,277,
32766,19828,6939,218,268,
32766,19830,6937,215,272,
32766,19819,6951,213,275,
32766,19824,6936,212,273,
32766,19828,6938,218,271,
32766,19828,6943,202,263,
32766,19820,6952,211,282,
32766,19836,6936,215,277,
32766,19845,6940,212,267,
32766,19839,6933,206,271,
32766,19826,6933,213,281,
32766,19819,6945,204,277,
32766,19830,6945,234,272,
32766,19838,6941,217,270,
32766,19828,6941,211,284,
32766,19836,6950,215,278,
32766,19827,6933,215,284,
32766,19830,6946,215,293,
32766,19838,6941,219,280,
32766,19828,6947,227,274,
32766,19845,6933,219,269,
32766,19823,6940,211,272,
32766,19840,6940,209,277,
32766,19838,6942,221,276,
32766,19840,6945,218,273,
32766,19835,6944,217,271,
32766,19834,6949,207,269,
32766,19836,6948,213,268,
32766,19830,6944,208,267,
32766,19846,6944,214,281,
32766,19846,6945,204,294,
32766,19853,6953,213,270,
32766,19853,6952,217,282,
32766,19844,6965,209,274,
32766,19851,6963,215,281,
32766,19862,6960,199,278,
32766,19848,6964,214,277,
32766,19853,6972,211,271,
32766,19836,6956,225,275,
32766,19847,6955,200,278,
32766,19839,6952,222,283,
32766,19846,6959,219,283,
32766,19841,6957,210,274,
32766,19846,6955,208,285,
32766,19845,6939,217,274,
32766,19837,6947,201,288,
32766,19834,6945,203,273,
32766,19848,6949,206,282,
32766,19839,6953,214,282,
32766,19843,6957,215,275,
32766,19843,6952,216,271,
32766,19854,6947,212,279,
32766,19849,6950,218,275,
32766,19845,6951,211,280,
32766,19838,6948,220,279,
32766,19842,6958,212,284,
32766,19844,6943,199,278,
32766,19838,6951,213,280,
32766,19836,6947,220,277,
32766,19832,6955,208,263,
32766,19845,6946,224,276,
32766,19842,6959,220,278,
32766,19845,6950,213,282,
32766,19823,6946,208,288,
32766,19843,6956,212,272,
32766,19845,6949,216,275,
32766,19841,6951,218,280,
32766,19836,6958,217,282,
32766,19840,6952,218,280,
32766,19839,6959,214,278,
32766,19842,6951,214,273,
32766,19828,6952,213,280,
32766,19845,6954,218,265,
32766,19834,6959,206,268,
32766,19833,6956,219,281,
32766,19841,6947,208,286,
32766,19836,6955,208,275,
32766,19845,6955,229,264,
32766,19841,6952,220,273,
32766,19847,6959,216,276,
32766,19842,6965,215,270,
32766,19853,6960,208,265,
32766,19848,6949,211,278,
32766,19859,6963,210,270,
32766,19844,6955,216,279,
32766,19853,6961,212,280,
32766,19849,6964,213,273,
32766,19851,6962,228,288,
32766,19858,6956,219,263,
32766,19859,6973,206,272,
32766,19856,6958,202,281,
32766,19870,6977,214,278,
32766,19867,6974,204,290,
32766,19868,6970,219,268,
32766,19864,6949,206,278,
32766,19859,6969,216,280,
32766,19847,6970,218,283,
32766,19853,6971,210,277,
32766,19864,6962,217,289,
32766,19865,6957,217,270,
32766,19853,6957,211,280,
32766,19855,6959,221,284,
32766,19859,6955,214,279,
32766,19862,6970,211,283,
32766,19863,6965,215,281,
32766,19858,6969,220,276,
32766,19852,6971,214,273,
32766,19852,6962,218,287,
32766,19858,6959,209,274,
32766,19866,6969,208,276,
32766,19853,6970,213,279,
32766,19848,6965,218,267,
32766,19846,6950,213,279,
32766,19841,6954,222,280,
32766,19840,6946,214,279,
32766,19830,6942,212,276,
32766,19827,6945,223,276,
32766,19827,6940,214,274,
32766,19826,6937,211,280,
32766,19830,6944,217,278,
32766,19825,6940,210,290,
32766,19818,6940,223,274,
32766,19818,6944,213,276,
32766,19830,6941,204,277,
32766,19825,6943,211,282,
32766,19829,6940,213,271,
32766,19826,6939,212,273,
32766,19826,6936,215,276,
32766,19831,6941,206,269,
32766,19822,6938,221,270,
32766,19825,6949,208,284,
32766,19830,6953,212,286,
32766,19833,6941,216,264,
32766,19833,6931,220,280,
32766,19830,6932,211,267,
32766,19831,6942,220,276,
32766,19832,6944,209,280,
32766,19834,6950,210,282,
32766,19854,6943,206,264,
32766,19848,6958,218,276,
32766,19845,6947,206,276,
32766,19842,6949,217,267,
32766,19839,6953,211,261,
32766,19841,6955,208,279,
32766,19855,6940,219,280,
32766,19851,6951,201,285,
32766,19849,6946,208,283,
32766,19846,6954,204,293,
32766,19845,6961,221,264,
32766,19836,6944,213,278,
32766,19844,6949,214,272,
32766,19848,6956,211,293,
32766,19841,6943,210,263,
32766,19838,6945,210,274,
32766,19834,6936,208,280,
32766,19835,6953,210,271,
32766,19836,6948,216,276,
32766,19842,6947,214,274,
32766,19830,6943,209,266,
32766,19833,6937,212,289,
32766,19848,6940,211,275,
32766,19822,6950,225,296,
32766,19828,6934,205,295,
32766,19823,6945,215,269,
32766,19827,6947,219,279,
32766,19827,6943,217,277,
32766,19820,6930,207,272,
32766,19822,6943,208,281,
32766,19813,6939,210,274,
32766,19816,6929,218,278,
32766,19819,6928,210,274,
32766,19819,6924,201,275,
32766,19809,6924,220,276,
32766,19820,6923,218,282,
32766,19809,6932,210,277,
32766,19806,6924,209,285,
32766,19816,6940,218,258,
32766,19801,6930,202,284,
32766,19808,6934,209,275,
32766,19808,6925,205,285,
32766,19810,6925,218,281,
32766,19799,6920,213,282,
32766,19804,6925,213,274,
32766,19810,6928,209,264,
32766,19807,6929,206,276,
32766,19825,6935,211,280,
32766,19815,6933,222,272,
32766,19822,6940,220,276,
32766,19815,6935,219,285,
32766,19810,6919,219,280,
32766,19801,6934,212,284,
32766,19808,6933,205,280,
32766,19797,6926,198,285,
32766,19795,6927,217,283,
32766,19800,6934,207,277,
32766,19805,6911,203,275,
32766,19797,6911,219,267,
32766,19795,6925,208,274,
32766,19792,6915,215,266,
32766,19795,6913,212,264,
32766,19797,6913,218,274,
32766,19790,6917,205,280,
32766,19788,6919,209,275,
32766,19782,6919,214,274,
32766,19794,6908,214,276,
32766,19787,6918,209,279,
32766,19782,6913,217,277,
32766,19788,6917,221,274,
32766,19785,6913,213,282,
32766,19780,6914,217,269,
32766,19776,6916,204,274,
32766,19789,6919,226,272,
32766,19785,6912,211,276,
32766,19787,6924,204,281,
32766,19785,6910,212,284,
32766,19774,6905,223,280,
32766,19789,6912,213,273,
32766,19774,6912,220,269,
32766,19776,6902,222,275,
32766,19767,6904,221,270,
32766,19772,6902,207,273,
32766,19777,6910,199,278,
32766,19778,6906,225,268,
32766,19774,6908,210,268,
32766,19778,6902,214,277,
32766,19781,6900,213,272,
32766,19779,6906,217,269,
32766,19771,6911,216,274,
32766,19763,6906,212,274,
32766,19777,6912,219,280,
32766,19760,6908,211,274,
32766,19775,6903,217,276,
32766,19769,6909,208,272,
32766,19767,6913,218,265,
32766,19777,6898,215,276,
32766,19777,6901,213,269,
32766,19779,6907,215,270,
32766,19767,6910,213,272,
32766,19771,6895,208,262,
32766,19753,6912,221,269,
32766,19782,6907,217,266,
32766,19770,6905,215,265,
32766,19769,6920,208,257,
32766,19778,6906,218,273,
32766,19769,6908,209,270,
32766,19780,6910,211,277,
32766,19780,6901,212,280,
32766,19777,6908,208,264,
32766,19774,6912,221,275,
32766,19779,6913,219,274,
32766,19775,6910,208,268,
32766,19777,6911,206,267,
32766,19783,6907,200,279,
32766,19792,6895,213,281,
32766,19782,6908,225,262,
32766,19771,6919,209,282,
32766,19775,6904,208,265,
32766,19781,6918,215,275,
32766,19779,6918,200,283,
32766,19790,6927,220,285,
32766,19793,6926,211,278,
32766,19808,6922,207,275,
32766,19793,6925,220,281,
32766,19800,6928,208,272,
32766,19790,6925,208,271,
32766,19799,6932,219,296,
32766,19795,6924,219,281,
32766,19792,6932,214,282,
32766,19792,6925,212,280,
32766,19784,6926,200,272,
32766,19785,6917,209,276,
32766,19797,6931,212,290,
32766,19800,6929,227,275,
32766,19792,6940,210,271,
32766,19813,6934,211,273,
32766,19814,6941,215,267,
32766,19806,6941,227,272,
32766,19812,6937,207,270,
32766,19819,6940,222,266,
32766,19808,6943,219,268,
32766,19812,6946,229,269,
32766,19811,6947,203,272,
32766,19817,6946,217,284,
32766,19810,6954,214,268,
32766,19812,6945,226,276,
32766,19816,6958,207,272,
32766,19811,6946,221,272,
32766,19815,6955,215,275,
32766,19813,6940,217,280,
32766,19820,6945,220,268,
32766,19820,6949,221,273,
32766,19817,6951,206,272,
32766,19821,6953,215,285,
32766,19817,6953,216,283,
32766,19818,6946,215,278,
32766,19817,6944,231,274,
32766,19822,6958,206,276,
32766,19820,6946,212,273,
32766,19822,6962,219,277,
32766,19822,6952,225,275,
32766,19817,6950,223,275,
32766,19822,6957,204,271,
32766,19831,6947,213,282,
32766,19836,6958,218,285,
32766,19837,6951,208,269,
32766,19829,6948,213,277,
32766,19828,6952,220,279,
32766,19821,6955,221,279,
32766,19828,6960,208,280,
32766,19831,6958,212,268,
32766,19826,6950,214,285,
32766,19818,6948,219,272,
32766,19825,6964,222,282,
32766,19826,6958,212,272,
32766,19821,6955,206,281,
32766,19826,6956,228,273,
32766,19835,6947,207,277,
32766,19824,6956,219,274,
32766,19829,6951,217,269,
32766,19828,6963,218,283,
32766,19817,6953,216,277,
32766,19828,6962,220,271,
32766,19816,6953,219,276,
32766,19826,6954,235,281,
32766,19821,6953,218,271,
32766,19824,6959,220,271,
32766,19820,6966,214,285,
32766,19815,6960,220,273,
32766,19832,6961,212,279,
32766,19823,6970,218,278,
32766,19832,6960,217,277,
32766,19832,6960,211,272,
32766,19836,6967,213,278,
32766,19843,6964,221,278,
32766,19853,6975,216,280,
32766,19853,6974,216,289,
32766,19852,6976,214,288,
32766,19852,6974,219,274,
32766,19855,6978,220,276,
32766,19850,6967,212,280,
32766,19846,6977,221,263,
32766,19851,6976,216,261,
32766,19848,6968,219,272,
32766,19839,6965,218,274,
32766,19843,6957,216,284,
32766,19839,6966,221,277,
32766,19830,6969,217,285,
32766,19839,6963,225,279,
32766,19832,6963,219,293,
32766,19838,6966,229,289,
32766,19841,6969,221,276,
32766,19836,6961,211,266,
32766,19836,6970,212,285,
32766,19839,6962,223,273,
32766,19832,6963,221,263,
32766,19831,6964,221,267,
32766,19825,6966,219,273,
32766,19828,6961,222,275,
32766,19841,6962,215,274,
32766,19831,6957,208,284,
32766,19831,6959,218,272,
32766,19822,6962,214,273,
32766,19821,6953,221,276,
32766,19833,6951,214,277,
32766,19833,6969,208,278,
32766,19826,6962,226,276,
32766,19840,6963,223,275,
32766,19834,6970,221,282,
32766,19832,6959,221,283,
32766,19821,6959,218,270,
32766,19828,6949,216,267,
32766,19831,6958,215,276,
32766,19838,6948,215,279,
32766,19828,6967,219,256,
32766,19822,6952,216,262,
32766,19824,6949,208,275,
32766,19841,6959,217,283,
32766,19824,6956,216,268,
32766,19827,6954,213,270,
32766,19817,6963,211,283,
32766,19828,6954,211,279,
32766,19821,6948,213,278,
32766,19821,6958,215,284,
32766,19828,6948,214,278,
32766,19822,6959,203,272,
32766,19836,6960,207,278,
32766,19817,6957,211,281,
32766,19829,6958,220,275,
32766,19827,6959,231,277,
32766,19830,6961,223,283,
32766,19829,6955,221,279,
32766,19830,6964,217,274,
32766,19821,6955,220,278,
32766,19816,6955,214,282,
32766,19815,6948,212,283,
32766,19821,6948,224,267,
32766,19823,6956,213,273,
32766,19826,6955,220,275,
32766,19824,6951,207,291,
32766,19818,6954,201,272,
32766,19825,6965,213,272,
32766,19821,6961,222,270,
32766,19824,6952,207,285,
32766,19818,6930,216,262,
32766,19820,6952,216,282,
32766,19817,6950,215,278,
32766,19816,6959,210,278,
32766,19820,6952,221,279,
32766,19821,6949,210,278,
32766,19828,6953,218,281,
32766,19829,6958,208,286,
32766,19822,6959,225,283,
32766,19823,6963,208,285,
32766,19818,6963,213,283,
32766,19818,6942,215,282,
32766,19813,6948,214,276,
32766,19819,6944,212,272,
32766,19814,6955,216,276,
32766,19819,6952,207,280,
32766,19800,6943,212,277,
32766,19814,6938,222,278,
32766,19807,6943,213,282,
32766,19794,6935,207,275,
32766,19796,6946,222,263,
32766,19788,6936,209,278,
32766,19801,6940,209,279,
32766,19785,6936,215,276,
32766,19797,6931,221,273,
32766,19789,6929,215,280,
32766,19793,6927,204,274,
32766,19789,6934,213,275,
32766,19792,6927,206,285,
32766,19801,6938,217,274,
32766,19775,6936,206,281,
32766,19780,6929,211,281,
32766,19786,6914,206,273,
32766,19774,6928,210,276,
32766,19778,6928,221,269,
32766,19787,6925,219,270,
32766,19779,6920,222,280,
32766,19791,6913,214,274,
32766,19781,6920,215,276,
32766,19769,6913,216,275,
32766,19783,6929,215,286,
32766,19783,6916,216,264,
32766,19773,6921,213,290,
32766,19778,6914,210,281,
32766,19776,6914,219,276,
32766,19770,6922,226,261,
32766,19767,6918,213,278,
32766,19772,6916,214,274,
32766,19767,6915,222,270,
32766,19749,6914,216,279,
32766,19765,6912,220,268,
32766,19759,6915,222,282,
32766,19762,6903,214,275,
32766,19750,6907,222,268,
32766,19758,6906,212,275,
32766,19757,6911,216,278,
32766,19754,6903,225,280,
32766,19738,6899,220,285,
32766,19749,6892,217,283,
32766,19741,6887,220,264,
32766,19736,6894,203,268,
32766,19726,6893,214,273,
32766,19738,6884,215,277,
32766,19722,6880,205,278,
32766,19725,6865,221,288,
32766,19713,6871,217,277,
32766,19708,6861,211,274,
32766,19694,6858,208,272,
32766,19698,6846,208,271,
32766,19693,6842,209,278,
32766,19680,6839,215,285,
32766,19676,6835,215,269,
32766,19668,6821,202,278,
32766,19666,6810,204,268,
32766,19651,6811,200,276,
32766,19649,6809,211,259,
32766,19645,6811,213,270,
32766,19628,6790,215,274,
32766,19616,6772,211,272,
32766,19607,6769,211,280,
32766,19599,6755,210,281,
32766,19587,6756,205,267,
32766,19586,6733,213,270,
32766,19577,6723,208,262,
32766,19570,6718,201,275,
32766,19568,6713,210,273,
32766,19533,6699,210,267,
32766,19530,6672,215,290,
32766,19512,6661,191,285,
32766,19490,6628,207,268,
32766,19461,6599,211,260,
32766,19439,6579,212,269,
32766,19419,6567,206,264,
32766,19416,6555,192,273,
32766,19401,6548,189,263,
32766,19386,6512,200,256,
32766,19364,6469,199,253,
32766,19374,6485,192,256,
32766,19382,6464,191,245,
32766,19382,6475,191,252,
32766,19409,6494,196,243,
32766,19432,6516,172,252,
32766,19443,6550,180,252,
32766,19448,6551,189,251,
32766,19435,6549,185,245,
32766,19430,6544,176,242,
32766,19406,6522,184,239,
32766,19378,6498,170,244,
32766,19349,6462,176,235,
32766,19309,6446,180,247,
32766,19267,6424,175,246,
32766,19230,6387,195,242,
32766,19186,6363,184,234,
32766,19145,6349,173,243,
32766,19104,6332,168,245,
32766,19076,6320,175,238,
32766,19031,6299,182,252,
32766,18998,6267,172,238,
32766,18953,6248,172,243,
32766,18898,6209,163,235,
32766,18838,6168,192,240,
32766,18760,6107,171,233,
32766,18689,6057,173,236,
32766,18624,6026,174,233,
32766,18554,5982,174,227,
32766,18489,5944,175,238,
32766,18447,5921,168,244,
32766,18398,5891,166,237,
32766,18335,5861,160,233,
32766,18298,5825,170,241,
32766,18245,5802,170,231,
32766,18205,5787,176,236,
32766,18175,5767,169,241,
32766,18154,5759,176,238,
32766,18154,5743,182,237,
32766,18138,5742,184,228,
32766,18129,5749,174,237,
32766,18138,5754,178,227,
32766,18139,5769,177,230,
32766,18154,5770,175,235,
32766,18188,5787,178,238,
32766,18200,5810,180,240,
32766,18236,5821,180,246,
32766,18268,5853,177,244,
32766,18304,5873,180,233,
32766,18347,5901,168,239,
32766,18370,5934,185,247,
32766,18403,5966,176,241,
32766,18432,5985,174,243,
32766,18469,6020,184,225,
32766,18494,6039,182,243,
32766,18534,6081,177,247,
32766,18591,6103,183,239,
32766,18616,6136,184,255,
32766,18652,6171,185,248,
32766,18679,6200,185,259,
32766,18723,6234,187,242,
32766,18755,6257,188,247,
32766,18775,6293,185,241,
32766,18796,6308,186,254,
32766,18847,6330,185,256,
32766,18871,6365,190,254,
32766,18904,6378,192,250,
32766,18923,6396,201,251,
32766,18945,6421,195,235,
32766,18974,6445,186,248,
32766,18990,6480,186,240,
32766,19029,6534,193,246,
32766,19077,6587,196,248,
32766,19134,6639,189,258,
32766,19180,6686,198,258,
32766,19215,6726,204,249,
32766,19259,6758,203,267,
32766,19291,6803,205,261,
32766,19321,6838,208,264,
32766,19361,6873,197,276,
32766,19401,6919,200,256,
32766,19432,6953,212,281,
32766,19453,6995,210,265,
32766,19469,7011,235,263,
32766,19488,7025,222,287,
32766,19518,7037,221,266,
32766,19518,7050,225,262,
32766,19527,7034,205,269,
32766,19526,7024,215,274,
32766,19522,7018,208,278,
32766,19532,7032,213,275,
32766,19542,7035,213,272,
32766,19547,7051,222,271,
32766,19564,7064,216,275,
32766,19574,7079,219,281,
32766,19596,7108,216,276,
32766,19598,7124,226,273,
32766,19627,7147,209,272,
32766,19645,7160,220,273,
32766,19659,7173,223,275,
32766,19643,7163,223,278,
32766,19623,7160,227,274,
32766,19623,7138,218,279,
32766,19617,7123,228,285,
32766,19615,7132,218,284,
32766,19619,7127,220,278,
32766,19603,7134,219,278,
32766,19582,7160,226,284,
32766,19561,7186,232,284,
32766,19549,7244,227,277,
32766,19531,7273,241,283,
32766,19524,7286,233,285,
32766,19498,7276,237,289,
32766,19473,7262,248,292,
32766,19449,7245,237,278,
32766,19440,7233,244,283,
32766,19420,7209,228,289,
32766,19412,7204,252,287,
32766,19397,7194,230,294,
32766,19392,7171,233,289,
32766,19399,7158,241,299,
32766,19396,7152,243,289,
32766,19408,7140,234,295,
32766,19418,7125,229,301,
32766,19421,7109,233,286,
32766,19417,7093,232,288,
32766,19418,7073,225,283,
32766,19415,7065,221,294,
32766,19413,7047,232,275,
32766,19414,7028,225,279,
32766,19404,7027,220,284,
32766,19428,7025,226,279,
32766,19433,7031,226,277,
32766,19451,7036,229,286,
32766,19459,7040,228,288,
32766,19477,7048,224,278,
32766,19465,7040,215,283,
32766,19470,7026,221,267,
32766,19473,7010,217,276,
32766,19460,7014,218,283,
32766,19459,7005,225,279,
32766,19465,6985,221,284,
32766,19452,6978,223,290,
32766,19464,6984,219,285,
32766,19463,6985,213,281,
32766,19479,6998,218,280,
32766,19490,7014,225,282,
32766,19501,7025,215,278,
32766,19507,7032,228,272,
32766,19525,7038,224,277,
32766,19530,7037,221,276,
32766,19539,7050,225,281,
32766,19546,7049,208,269,
32766,19549,7052,223,274,
32766,19544,7044,214,271,
32766,19541,7044,226,298,
32766,19543,7029,216,275,
32766,19540,7043,217,277,
32766,19538,7028,215,261,
32766,19537,7016,217,275,
32766,19525,7016,216,272,
32766,19518,7013,214,270,
32766,19512,7011,223,280,
32766,19509,7002,225,273,
32766,19491,6994,214,286,
32766,19499,6983,221,282,
32766,19488,6986,213,285,
32766,19485,6994,213,270,
32766,19487,6989,220,283,
32766,19494,6979,200,269,
32766,19476,6970,209,283,
32766,19468,6972,225,276,
32766,19464,6964,225,278,
32766,19461,6960,219,275,
32766,19455,6965,222,282,
32766,19463,6965,229,275,
32766,19455,6971,210,282,
32766,19461,6971,217,271,
32766,19470,6972,221,278,
32766,19475,6972,218,275,
32766,19470,6978,230,267,
32766,19473,6993,223,280,
32766,19483,6981,222,277,
32766,19482,6992,219,270,
32766,19489,6993,216,270,
32766,19502,7015,218,286,
32766,19503,7000,219,273,
32766,19520,7014,219,279,
32766,19519,7025,212,273,
32766,19542,7034,208,281,
32766,19531,7031,220,272,
32766,19536,7044,215,258,
32766,19533,7037,216,278,
32766,19534,7029,220,276,
32766,19544,7030,228,269,
32766,19544,7038,227,275,
32766,19546,7039,221,274,
32766,19565,7047,229,277,
32766,19554,7043,213,279,
32766,19563,7041,232,280,
32766,19568,7041,227,276,
32766,19568,7047,226,279,
32766,19579,7048,209,271,
32766,19566,7051,220,289,
32766,19573,7063,233,276,
32766,19582,7067,223,286,
32766,19585,7060,221,276,
32766,19592,7069,225,274,
32766,19590,7075,223,281,
32766,19597,7063,217,278,
32766,19596,7072,234,284,
32766,19598,7064,222,277,
32766,19589,7058,214,282,
32766,19573,7046,227,282,
32766,19575,7045,231,273,
32766,19586,7040,219,272,
32766,19571,7050,217,288,
32766,19562,7040,219,271,
32766,19567,7041,217,288,
32766,19570,7051,229,275,
32766,19567,7046,219,271,
32766,19567,7034,230,277,
32766,19568,7035,224,274,
32766,19568,7039,218,270,
32766,19566,7035,232,281,
32766,19567,7040,224,278,
32766,19572,7042,225,291,
32766,19558,7041,232,280,
32766,19562,7032,226,275,
32766,19569,7039,226,281,
32766,19565,7030,217,290,
32766,19550,7027,222,272,
32766,19554,7016,232,288,
32766,19546,7020,225,284,
32766,19548,7012,218,278,
32766,19540,7018,235,275,
32766,19548,7010,227,280,
32766,19549,7003,222,291,
32766,19536,7012,216,284,
32766,19539,7007,217,281,
32766,19538,7011,219,283,
32766,19539,6998,232,281,
32766,19538,6991,217,285,
32766,19525,6982,223,280,
32766,19538,6992,221,281,
32766,19529,6971,214,284,
32766,19526,6983,216,278,
32766,19524,6978,227,286,
32766,19523,6981,226,285,
32766,19519,6980,230,277,
32766,19522,6978,225,284,
32766,19528,6973,218,280,
32766,19520,6978,218,284,
32766,19526,6973,217,276,
32766,19538,6959,220,275,
32766,19530,6965,225,273,
32766,19516,6964,219,275,
32766,19518,6967,220,292,
32766,19521,6963,225,285,
32766,19514,6968,218,286,
32766,19521,6952,234,272,
32766,19521,6960,212,267,
32766,19530,6961,227,275,
32766,19523,6967,217,289,
32766,19526,6962,220,269,
32766,19511,6963,223,269,
32766,19527,6957,232,285,
32766,19524,6950,224,279,
32766,19523,6961,234,278,
32766,19522,6982,217,282,
32766,19532,6979,221,271,
32766,19534,6975,225,280,
32766,19524,6979,220,280,
32766,19525,6974,219,283,
32766,19540,6984,224,283,
32766,19528,6989,215,266,
32766,19530,6987,226,275,
32766,19543,6970,205,292,
32766,19526,6981,219,277,
32766,19519,6962,226,284,
32766,19520,6956,231,275,
32766,19521,6959,213,261,
32766,19503,6955,215,276,
32766,19502,6946,220,281,
32766,19496,6940,231,281,
32766,19505,6943,216,284,
32766,19506,6950,223,283,
32766,19504,6952,222,274,
32766,19525,6972,218,281,
32766,19516,6962,230,264,
32766,19528,6964,230,278,
32766,19524,6961,230,284,
32766,19535,6965,215,276,
32766,19532,6976,224,276,
32766,19541,6967,216,282,
32766,19521,6961,219,283,
32766,19525,6969,206,279,
32766,19541,6955,218,278,
32766,19539,6967,217,282,
32766,19543,6980,215,281,
32766,19547,6974,215,277,
32766,19558,6989,227,275,
32766,19549,6991,225,281,
32766,19555,6996,215,283,
32766,19554,6990,233,272,
32766,19556,6990,226,281,
32766,19562,6996,231,280,
32766,19546,6987,226,285,
32766,19554,6998,224,286,
32766,19555,6983,222,273,
32766,19542,6975,223,280,
32766,19548,6984,218,271,
32766,19545,6977,231,279,
32766,19535,6989,228,275,
32766,19534,6978,231,271,
32766,19533,6971,216,283,
32766,19533,6965,224,287,
32766,19537,6962,220,271,
32766,19530,6971,204,287,
32766,19531,6968,225,280,
32766,19517,6959,231,287,
32766,19529,6960,225,279,
32766,19527,6967,220,271,
32766,19530,6973,227,287,
32766,19519,6971,211,272,
32766,19529,6978,217,285,
32766,19534,6975,231,275,
32766,19536,6968,216,287,
32766,19533,6967,222,281,
32766,19531,6965,218,276,
32766,19526,6954,219,277,
32766,19521,6950,215,283,
32766,19520,6963,229,271,
32766,19508,6953,224,272,
32766,19516,6950,226,270,
32766,19516,6955,220,274,
32766,19511,6949,216,274,
32766,19513,6951,227,290,
32766,19506,6947,223,277,
32766,19510,6939,225,281,
32766,19512,6953,216,277,
32766,19526,6947,233,276,
32766,19517,6955,225,283,
32766,19527,6958,222,285,
32766,19526,6945,224,274,
32766,19531,6958,218,276,
32766,19527,6964,218,281,
32766,19524,6964,223,277,
32766,19530,6955,232,295,
32766,19534,6961,232,272,
32766,19525,6965,229,278,
32766,19535,6962,222,285,
32766,19542,6967,231,283,
32766,19534,6972,217,277,
32766,19526,6964,225,281,
32766,19532,6964,225,276,
32766,19547,6969,226,290,
32766,19536,6970,214,278,
32766,19538,6972,219,282,
32766,19532,6969,224,274,
32766,19535,6971,224,282,
32766,19528,6951,223,285,
32766,19520,6954,228,266,
32766,19523,6956,226,291,
32766,19514,6944,225,275,
32766,19507,6951,223,272,
32766,19516,6942,209,286,
32766,19523,6954,221,279,
32766,19519,6948,222,278,
32766,19525,6940,236,284,
32766,19528,6951,231,272,
32766,19535,6955,219,279,
32766,19530,6961,230,280,
32766,19538,6955,218,283,
32766,19530,6967,227,276,
32766,19530,6959,225,273,
32766,19540,6964,226,284,
32766,19544,6953,225,281,
32766,19539,6948,218,272,
32766,19529,6951,225,271,
32766,19523,6946,228,286,
32766,19521,6936,224,272,
32766,19522,6936,219,281,
32766,19524,6937,223,285,
32766,19512,6928,215,279,
32766,19507,6927,234,289,
32766,19512,6936,237,271,
32766,19517,6942,223,280,
32766,19523,6934,218,287,
32766,19530,6949,232,287,
32766,19520,6945,217,292,
32766,19532,6943,222,276,
32766,19532,6954,222,276,
32766,19534,6952,242,283,
32766,19549,6949,215,280,
32766,19541,6946,217,288,
32766,19529,6951,226,296,
32766,19526,6945,224,260,
32766,19539,6950,230,283,
32766,19534,6963,221,284,
32766,19545,6949,217,277,
32766,19539,6972,226,279,
32766,19539,6956,218,282,
32766,19542,6961,228,278,
32766,19544,6955,231,275,
32766,19546,6968,212,288,
32766,19540,6974,222,274,
32766,19538,6963,228,283,
32766,19554,6969,235,278,
32766,19554,6965,224,279,
32766,19545,6966,231,294,
32766,19547,6968,227,271,
32766,19551,6971,232,278,
32766,19548,6965,232,282,
32766,19548,6973,227,275,
32766,19554,6978,231,281,
32766,19556,6963,221,278,
32766,19549,6980,230,277,
32766,19565,6971,223,276,
32766,19556,6970,218,282,
32766,19550,6967,226,285,
32766,19547,6969,220,268,
32766,19554,6968,217,274,
32766,19556,6976,227,280,
32766,19567,6971,216,287,
32766,19559,6966,225,283,
32766,19560,6973,220,288,
32766,19557,6970,229,289,
32766,19556,6983,220,291,
32766,19564,6973,221,283,
32766,19553,6964,229,283,
32766,19548,6970,224,274,
32766,19559,6967,221,281,
32766,19560,6951,219,285,
32766,19550,6960,218,276,
32766,19545,6963,223,290,
32766,19556,6976,220,280,
32766,19557,6969,223,273,
32766,19563,6973,235,276,
32766,19565,6980,220,275,
32766,19568,6971,232,284,
32766,19576,6984,220,294,
32766,19573,6973,216,275,
32766,19572,6974,214,273,
32766,19567,6971,216,278,
32766,19567,6974,215,276,
32766,19565,6965,213,273,
32766,19571,6967,225,286,
32766,19571,6980,226,284,
32766,19567,6968,221,279,
32766,19576,6974,226,276,
32766,19571,6965,210,286,
32766,19558,6976,214,291,
32766,19574,6960,229,281,
32766,19560,6969,216,278,
32766,19580,6968,218,265,
32766,19578,6972,219,281,
32766,19588,6969,218,277,
32766,19582,6986,229,290,
32766,19571,6974,223,272,
32766,19587,6979,215,275,
32766,19583,6981,223,285,
32766,19579,6983,224,287,
32766,19576,6971,218,281,
32766,19581,6967,220,287,
32766,19580,6972,231,272,
32766,19572,6963,224,268,
32766,19580,6981,213,280,
32766,19577,6970,217,288,
32766,19575,6958,221,283,
32766,19582,6973,225,284,
32766,19567,6965,232,286,
32766,19567,6973,229,285,
32766,19575,6975,219,288,
32766,19569,6968,226,277,
32766,19571,6967,211,277,
32766,19561,6954,218,269,
32766,19572,6974,216,279,
32766,19566,6959,216,265,
32766,19570,6975,226,278,
32766,19569,6965,224,272,
32766,19567,6962,216,265,
32766,19572,6965,215,279,
32766,19583,6971,223,285,
32766,19574,6962,217,286,
32766,19580,6960,211,288,
32766,19572,6955,225,266,
32766,19569,6962,218,284,
32766,19563,6959,210,272,
32766,19563,6965,216,285,
32766,19572,6959,220,267,
32766,19585,6970,235,284,
32766,19582,6975,230,273,
32766,19581,6972,224,286,
32766,19592,6968,211,280,
32766,19593,6966,218,276,
32766,19585,6961,214,279,
32766,19580,6974,217,282,
32766,19580,6962,226,267,
32766,19566,6960,217,281,
32766,19571,6954,224,286,
32766,19567,6960,225,275,
32766,19566,6947,223,283,
32766,19557,6951,217,271,
32766,19566,6951,230,283,
32766,19556,6954,225,281,
32766,19564,6953,215,278,
32766,19573,6953,220,273,
32766,19572,6961,215,272,
32766,19565,6947,216,285,
32766,19557,6948,214,278,
32766,19564,6955,218,276,
32766,19562,6954,226,280,
32766,19568,6943,209,274,
32766,19565,6948,228,275,
32766,19566,6942,217,275,
32766,19565,6964,211,279,
32766,19575,6967,226,278,
32766,19571,6956,219,282,
32766,19580,6949,224,274,
32766,19575,6950,217,283,
32766,19576,6937,229,281,
32766,19567,6957,218,273,
32766,19569,6958,230,282,
32766,19584,6948,225,283,
32766,19576,6940,211,286,
32766,19581,6956,239,269,
32766,19570,6948,234,278,
32766,19566,6955,222,265,
32766,19571,6942,212,284,
32766,19570,6944,227,287,
32766,19571,6957,222,280,
32766,19578,6958,236,281,
32766,19574,6956,219,288,
32766,19570,6946,215,267,
32766,19569,6942,210,280,
32766,19577,6952,224,280,
32766,19579,6947,217,284,
32766,19576,6956,222,273,
32766,19568,6952,223,269,
32766,19574,6952,227,296,
32766,19580,6958,218,269,
32766,19577,6951,220,276,
32766,19569,6952,212,273,
32766,19587,6956,218,280,
32766,19563,6960,214,281,
32766,19571,6954,226,275,
32766,19573,6962,220,279,
32766,19578,6957,222,271,
32766,19577,6955,223,273,
32766,19573,6946,218,278,
32766,19564,6951,215,277,
32766,19566,6953,222,282,
32766,19573,6950,221,268,
32766,19581,6956,218,285,
32766,19577,6955,223,285,
32766,19578,6967,212,278,
32766,19574,6952,217,294,
32766,19584,6952,217,274,
32766,19573,6950,223,278,
32766,19579,6964,219,281,
32766,19576,6944,208,267,
32766,19572,6952,229,282,
32766,19578,6955,218,279,
32766,19569,6951,222,278,
32766,19575,6965,223,292,
32766,19573,6962,228,275,
32766,19568,6951,221,278,
32766,19567,6952,220,280,
32766,19571,6955,212,271,
32766,19567,6954,215,285,
32766,19562,6956,213,279,
32766,19572,6959,221,285,
32766,19569,6963,217,286,
32766,19573,6966,217,272,
32766,19571,6958,219,279,
32766,19574,6965,235,271,
32766,19580,6962,228,282,
32766,19577,6955,229,288,
32766,19578,6953,219,279,
32766,19587,6948,223,282,
32766,19567,6963,230,274,
32766,19580,6958,219,275,
32766,19573,6953,226,279,
32766,19579,6963,226,283,
32766,19579,6962,228,283,
32766,19586,6969,225,264,
32766,19591,6965,219,290,
32766,19593,6964,231,279,
32766,19594,6971,215,285,
32766,19590,6966,228,277,
32766,19580,6959,230,274,
32766,19586,6949,222,277,
32766,19577,6964,222,280,
32766,19591,6971,217,289,
32766,19586,6970,222,277,
32766,19592,6972,222,287,
32766,19597,6969,226,282,
32766,19591,6969,223,278,
32766,19594,6960,223,275,
32766,19582,6965,225,274,
32766,19600,6966,222,271,
32766,19587,6965,221,279,
32766,19590,6964,212,274,
32766,19586,6972,222,271,
32766,19593,6963,221,275,
32766,19579,6958,222,277,
32766,19583,6956,218,274,
32766,19578,6963,221,284,
32766,19578,6965,223,272,
32766,19579,6960,229,277,
32766,19592,6947,222,272,
32766,19585,6967,222,277,
32766,19592,6961,218,266,
32766,19580,6971,220,286,
32766,19586,6957,236,284,
32766,19589,6963,229,273,
32766,19580,6949,230,280,
32766,19578,6971,221,267,
32766,19591,6958,224,285,
32766,19568,6954,226,263,
32766,19570,6965,217,270,
32766,19573,6962,226,293,
32766,19588,6955,230,274,
32766,19587,6950,222,282,
32766,19586,6973,227,281,
32766,19594,6970,222,279,
32766,19589,6973,239,287,
32766,19611,6973,218,283,
32766,19602,6977,208,286,
32766,19607,6976,221,269,
32766,19607,6964,219,288,
32766,19597,6970,217,279,
32766,19596,6965,219,286,
32766,19597,6959,205,279,
32766,19602,6969,226,294,
32766,19591,6965,231,271,
32766,19607,6970,215,288,
32766,19604,6981,209,289,
32766,19607,6982,218,280,
32766,19613,6981,223,280,
32766,19616,6977,222,280,
32766,19602,6982,226,279,
32766,19618,6977,214,277,
32766,19625,6992,223,276,
32766,19624,7000,223,278,
32766,19617,7003,223,283,
32766,19625,6990,219,280,
32766,19624,7001,227,276,
32766,19634,7005,223,280,
32766,19622,7002,226,284,
32766,19630,7005,221,277,
32766,19643,7008,216,281,
32766,19644,7008,229,293,
32766,19635,7011,232,277,
32766,19641,7011,225,279,
32766,19634,7016,215,284,
32766,19643,7007,229,283,
32766,19647,7002,224,292,
32766,19650,7017,219,285,
32766,19648,7011,219,280,
32766,19663,7004,226,283,
32766,19648,7008,218,277,
32766,19658,7022,211,276,
32766,19658,7015,229,286,
32766,19662,7020,227,280,
32766,19658,7017,224,273,
32766,19659,7023,216,285,
32766,19659,7016,232,276,
32766,19649,7010,224,283,
32766,19642,7016,225,282,
32766,19648,7015,229,289,
32766,19651,7000,220,281,
32766,19646,7009,222,287,
32766,19642,7000,222,280,
32766,19624,7007,211,278,
32766,19628,7000,225,286,
32766,19627,6997,215,282,
32766,19637,6996,216,283,
32766,19638,6991,220,286,
32766,19626,6988,209,274,
32766,19626,7000,223,293,
32766,19631,7000,219,280,
32766,19631,6983,220,276,
32766,19638,6997,226,280,
32766,19633,6995,214,276,
32766,19635,6996,228,274,
32766,19633,6993,219,279,
32766,19652,7008,217,282,
32766,19650,6999,230,277,
32766,19644,7017,226,275,
32766,19646,7008,224,264,
32766,19654,7007,222,282,
32766,19650,7010,222,274,
32766,19655,7015,230,282,
32766,19658,7022,219,292,
32766,19664,7015,234,290,
32766,19656,7016,214,282,
32766,19666,7012,226,281,
32766,19657,7029,220,267,
32766,19662,7017,225,286,
32766,19647,7020,220,278,
32766,19660,7008,230,281,
32766,19655,7024,228,278,
32766,19642,7012,225,276,
32766,19656,7008,223,277,
32766,19639,7019,234,283,
32766,19649,7009,217,283,
32766,19650,7017,227,274,
32766,19655,7022,229,281,
32766,19642,7022,224,280,
32766,19653,7018,228,271,
32766,19641,7016,224,287,
32766,19645,7027,226,285,
32766,19659,7024,225,281,
32766,19653,7030,227,271,
32766,19653,7019,218,278,
32766,19648,7011,218,269,
32766,19637,7018,222,277,
32766,19648,7007,230,285,
32766,19640,7015,220,282,
32766,19647,7011,232,280,
32766,19642,7012,216,276,
32766,19654,7007,218,279,
32766,19642,7019,226,279,
32766,19642,6999,220,279,
32766,19632,7009,226,285,
32766,19635,7003,219,281,
32766,19643,7000,222,277,
32766,19637,7005,224,282,
32766,19632,7009,224,282,
32766,19643,7012,219,277,
32766,19648,7014,222,276,
32766,19655,7004,221,282,
32766,19638,7005,221,281,
32766,19647,7026,223,282,
32766,19648,7023,213,272,
32766,19654,7010,218,280,
32766,19644,7022,221,281,
32766,19659,7020,220,278,
32766,19649,7033,222,281,
32766,19658,7019,222,289,
32766,19649,7017,225,277,
32766,19643,7020,214,284,
32766,19657,7034,230,275,
32766,19653,7036,223,273,
32766,19662,7033,221,286,
32766,19656,7044,214,286,
32766,19659,7034,224,281,
32766,19649,7027,222,283,
32766,19651,7034,211,275,
32766,19647,7029,206,292,
32766,19654,7023,210,278,
32766,19640,7038,231,284,
32766,19643,7025,230,264,
32766,19658,7028,219,284,
32766,19641,7030,225,282,
32766,19657,7030,218,278,
32766,19645,7029,227,270,
32766,19648,7020,224,272,
32766,19639,7029,220,276,
32766,19649,7014,226,287,
32766,19640,7026,216,280,
32766,19637,7026,225,287,
32766,19641,7027,219,285,
32766,19639,7026,227,274,
32766,19643,7025,224,277,
32766,19647,7033,232,259,
32766,19631,7033,218,270,
32766,19639,7025,220,271,
32766,19636,7020,228,272,
32766,19636,7018,209,275,
32766,19627,7009,220,282,
32766,19631,7007,219,273,
32766,19622,7012,226,280,
32766,19611,7005,230,275,
32766,19621,6995,217,278,
32766,19606,6992,227,280,
32766,19606,6985,206,287,
32766,19607,6998,229,276,
32766,19608,7000,229,278,
32766,19616,6993,223,279,
32766,19620,6986,221,275,
32766,19612,6987,220,280,
32766,19609,6987,221,276,
32766,19591,6983,226,267,
32766,19598,6967,222,279,
32766,19588,6972,218,281,
32766,19591,6969,230,267,
32766,19596,6954,223,275,
32766,19594,6959,224,270,
32766,19591,6964,215,270,
32766,19587,6956,225,282,
32766,19584,6963,215,284,
32766,19585,6941,224,283,
32766,19582,6952,226,281,
32766,19592,6947,211,282,
32766,19582,6945,217,272,
32766,19584,6948,218,265,
32766,19580,6948,223,270,
32766,19574,6930,209,277,
32766,19586,6940,210,287,
32766,19585,6941,223,282,
32766,19587,6947,220,289,
32766,19586,6938,220,273,
32766,19588,6947,217,279,
32766,19589,6945,221,270,
32766,19589,6943,228,273,
32766,19595,6948,215,274,
32766,19593,6947,222,279,
32766,19583,6942,224,275,
32766,19597,6924,234,278,
32766,19584,6946,216,262,
32766,19589,6947,218,293,
32766,19584,6949,223,284,
32766,19599,6932,220,270,
32766,19592,6944,221,294,
32766,19594,6943,226,271,
32766,19597,6939,221,288,
32766,19596,6945,224,274,
32766,19599,6941,217,276,
32766,19596,6942,220,275,
32766,19609,6941,228,283,
32766,19606,6950,222,286,
32766,19601,6944,226,288,
32766,19600,6942,229,271,
32766,19597,6943,221,272,
32766,19594,6937,218,272,
32766,19589,6929,225,268,
32766,19593,6938,217,289,
32766,19599,6934,225,281,
32766,19600,6933,210,279,
32766,19600,6939,211,274,
32766,19595,6944,213,283,
32766,19591,6932,235,279,
32766,19602,6941,222,283,
32766,19594,6930,233,277,
32766,19600,6939,223,282,
32766,19611,6934,226,283,
32766,19589,6941,220,279,
32766,19600,6937,223,280,
32766,19588,6933,213,286,
32766,19589,6930,221,282,
32766,19597,6942,218,275,
32766,19592,6941,225,275,
32766,19606,6955,229,297,
32766,19605,6947,220,279,
32766,19611,6949,211,277,
32766,19610,6946,228,276,
32766,19611,6946,217,279,
32766,19601,6945,227,292,
32766,19603,6943,224,275,
32766,19611,6936,204,279,
32766,19611,6945,221,279,
32766,19608,6949,219,280,
32766,19601,6934,229,279,
32766,19623,6956,220,296,
32766,19613,6952,218,288,
32766,19612,6946,230,271,
32766,19622,6948,220,284,
32766,19619,6957,225,281,
32766,19622,6941,221,267,
32766,19619,6961,222,288,
32766,19625,6957,218,275,
32766,19622,6961,231,287,
32766,19620,6963,223,289,
32766,19628,6961,223,277,
32766,19634,6965,215,284,
32766,19633,6972,234,281,
32766,19644,6975,215,283,
32766,19630,6975,235,300,
32766,19638,6982,223,295,
32766,19645,6974,234,283,
32766,19638,6972,220,286,
32766,19628,6974,227,280,
32766,19628,6972,224,285,
32766,19639,6975,215,278,
32766,19644,6970,223,292,
32766,19644,6990,229,279,
32766,19644,6976,230,290,
32766,19632,6970,229,282,
32766,19647,6971,225,273,
32766,19652,6982,222,285,
32766,19662,6989,217,276,
32766,19670,6996,216,282,
32766,19661,6999,223,291,
32766,19651,6995,230,279,
32766,19674,7004,226,289,
32766,19684,7007,229,283,
32766,19702,7028,223,279,
32766,19722,7036,243,294,
32766,19719,7046,221,284,
32766,19720,7039,227,281,
32766,19708,7032,229,284,
32766,19717,7028,225,275,
32766,19729,7056,229,295,
32766,19745,7063,228,294,
32766,19763,7081,235,289,
32766,19766,7081,234,299,
32766,19778,7105,229,285,
32766,19787,7106,236,284,
32766,19805,7124,239,297,
32766,19822,7148,239,296,
32766,19825,7143,238,289,
32766,19818,7147,239,289,
32766,19827,7152,237,289,
32766,19817,7139,231,288,
32766,19803,7134,251,299,
32766,19811,7128,243,306,
32766,19820,7131,231,298,
32766,19811,7135,238,286,
32766,19812,7131,236,301,
32766,19796,7133,235,296,
32766,19791,7131,232,286,
32766,19780,7130,238,298,
32766,19777,7134,243,289,
32766,19780,7140,228,297,
32766,19769,7124,239,293,
32766,19772,7130,232,314,
32766,19767,7131,236,305,
32766,19761,7140,250,292,
32766,19766,7143,248,294,
32766,19758,7137,247,306,
32766,19754,7132,246,302,
32766,19759,7142,244,295,
32766,19747,7130,243,300,
32766,19743,7135,242,308,
32766,19736,7135,241,302,
32766,19726,7113,238,304,
32766,19720,7108,236,294,
32766,19712,7108,229,312,
32766,19718,7105,243,302,
32766,19694,7096,244,310,
32766,19711,7097,247,294,
32766,19717,7114,245,288,
32766,19711,7107,243,294,
32766,19702,7100,248,289,
32766,19704,7108,237,302,
32766,19708,7103,233,306,
32766,19692,7104,239,295,
32766,19702,7101,238,291,
32766,19704,7106,237,301,
32766,19708,7105,236,291,
32766,19700,7120,248,300,
32766,19704,7111,246,306,
32766,19707,7111,239,294,
32766,19703,7111,248,307,
32766,19703,7114,248,298,
32766,19699,7104,247,310,
32766,19688,7109,234,293,
32766,19700,7100,251,299,
32766,19688,7105,250,290,
32766,19688,7108,237,298,
32766,19686,7098,252,301,
32766,19693,7096,237,295,
32766,19685,7089,229,306,
32766,19679,7094,240,301,
32766,19692,7096,257,292,
32766,19686,7086,247,303,
32766,19687,7097,248,294,
32766,19682,7094,240,294,
32766,19686,7104,235,303,
32766,19690,7087,232,299,
32766,19678,7102,252,287,
32766,19682,7094,244,298,
32766,19677,7089,246,297,
32766,19675,7085,237,295,
32766,19668,7071,239,292,
32766,19655,7078,252,291,
32766,19659,7073,243,295,
32766,19652,7067,240,300,
32766,19642,7053,238,290,
32766,19638,7046,245,300,
32766,19639,7055,254,300,
32766,19638,7058,243,296,
32766,19642,7069,243,301,
32766,19645,7047,235,294,
32766,19628,7050,231,303,
32766,19631,7049,235,295,
32766,19623,7044,245,303,
32766,19615,7052,236,293,
32766,19607,7036,234,301,
32766,19607,7047,235,306,
32766,19614,7039,242,286,
32766,19625,7046,233,301,
32766,19607,7046,237,297,
32766,19616,7048,248,297,
32766,19618,7052,236,300,
32766,19636,7065,245,298,
32766,19636,7078,241,286,
32766,19648,7078,236,298,
32766,19649,7090,241,295,
32766,19648,7084,241,302,
32766,19666,7095,249,296,
32766,19671,7098,241,300,
32766,19681,7119,232,295,
32766,19693,7119,235,301,
32766,19693,7126,239,300,
32766,19687,7111,242,303,
32766,19686,7106,242,298,
32766,19676,7110,239,304,
32766,19677,7098,240,297,
32766,19665,7097,235,299,
32766,19660,7098,234,296,
32766,19664,7073,239,292,
32766,19660,7059,240,302,
32766,19640,7063,235,305,
32766,19653,7068,241,292,
32766,19648,7079,244,306,
32766,19659,7081,240,303,
32766,19660,7093,242,303,
32766,19668,7087,240,290,
32766,19657,7096,241,298,
32766,19670,7095,240,294,
32766,19673,7103,244,289,
32766,19682,7122,249,300,
32766,19683,7115,242,296,
32766,19692,7118,245,299,
32766,19682,7128,254,290,
32766,19687,7129,255,299,
32766,19685,7116,250,315,
32766,19671,7106,252,290,
32766,19666,7097,237,301,
32766,19656,7091,247,315,
32766,19643,7081,242,297,
32766,19634,7071,245,303,
32766,19634,7059,240,301,
32766,19617,7043,242,297,
32766,19608,7037,235,294,
32766,19593,7028,233,298,
32766,19588,7016,236,299,
32766,19561,6987,246,294,
32766,19556,6979,240,286,
32766,19532,6953,240,294,
32766,19510,6941,244,294,
32766,19505,6924,228,293,
32766,19485,6908,236,306,
32766,19461,6887,226,307,
32766,19456,6874,224,299,
32766,19438,6874,245,299,
32766,19427,6859,221,292,
32766,19427,6864,233,291,
32766,19433,6869,231,295,
32766,19436,6868,236,297,
32766,19441,6869,239,306,
32766,19451,6885,228,290,
32766,19465,6890,241,288,
32766,19466,6889,240,298,
32766,19463,6903,235,301,
32766,19463,6917,237,286,
32766,19481,6915,248,292,
32766,19470,6917,236,294,
32766,19472,6917,231,296,
32766,19476,6906,221,281,
32766,19465,6910,240,294,
32766,19465,6915,231,282,
32766,19458,6895,233,294,
32766,19447,6896,230,282,
32766,19431,6873,230,289,
32766,19431,6871,232,287,
32766,19408,6848,228,289,
32766,19390,6836,226,295,
32766,19372,6814,228,294,
32766,19384,6819,221,291,
32766,19367,6800,228,281,
32766,19366,6792,221,283,
32766,19361,6785,217,283,
32766,19357,6778,219,285,
32766,19358,6791,222,276,
32766,19346,6796,226,282,
32766,19367,6792,226,275,
32766,19360,6793,222,297,
32766,19363,6784,220,286,
32766,19365,6782,212,280,
32766,19363,6769,219,281,
32766,19370,6776,230,295,
32766,19361,6764,223,288,
32766,19350,6767,219,272,
32766,19354,6757,237,277,
32766,19348,6762,223,272,
32766,19351,6765,223,284,
32766,19349,6772,221,276,
32766,19352,6778,221,280,
32766,19371,6772,231,273,
32766,19378,6778,221,268,
32766,19380,6777,219,274,
32766,19386,6773,216,282,
32766,19373,6775,203,290,
32766,19361,6772,227,281,
32766,19363,6779,222,285,
32766,19362,6769,222,277,
32766,19358,6771,214,267,
32766,19358,6763,218,280,
32766,19361,6770,218,282,
32766,19370,6773,233,287,
32766,19364,6776,216,285,
32766,19373,6777,227,280,
32766,19372,6782,208,292,
32766,19375,6773,218,287,
32766,19370,6782,216,277,
32766,19391,6782,214,287,
32766,19405,6792,223,281,
32766,19415,6798,224,284,
32766,19419,6804,214,280,
32766,19415,6817,219,275,
32766,19424,6815,216,278,
32766,19436,6823,221,271,
32766,19442,6824,224,289,
32766,19431,6823,215,281,
32766,19447,6820,221,291,
32766,19446,6829,214,283,
32766,19456,6828,230,283,
32766,19443,6840,221,293,
32766,19463,6840,220,294,
32766,19454,6845,220,285,
32766,19461,6845,233,282,
32766,19468,6842,218,274,
32766,19469,6842,212,276,
32766,19466,6852,227,283,
32766,19471,6857,221,288,
32766,19475,6863,220,290,
32766,19471,6854,223,286,
32766,19481,6866,219,287,
32766,19478,6850,230,261,
32766,19485,6865,220,281,
32766,19488,6860,232,285,
32766,19485,6879,227,288,
32766,19494,6876,220,272,
32766,19515,6881,224,283,
32766,19515,6874,211,282,
32766,19528,6888,216,276,
32766,19531,6887,228,290,
32766,19540,6907,234,290,
32766,19542,6918,218,282,
32766,19569,6932,227,282,
32766,19586,6932,222,283,
32766,19579,6948,230,288,
32766,19602,6960,228,294,
32766,19603,6968,227,285,
32766,19616,6973,232,291,
32766,19614,6984,235,283,
32766,19630,6971,236,285,
32766,19651,7008,231,290,
32766,19648,7003,238,288,
32766,19658,7014,221,285,
32766,19658,7018,238,285,
32766,19666,7034,229,318,
32766,19670,7051,226,296,
32766,19676,7055,229,291,
32766,19681,7066,240,301,
32766,19700,7095,240,299,
32766,19725,7110,238,289,
32766,19731,7145,240,299,
32766,19737,7147,242,290,
32766,19757,7153,244,295,
32766,19758,7173,247,292,
32766,19772,7194,241,302,
32766,19780,7205,232,291,
32766,19796,7213,249,290,
32766,19805,7232,252,305,
32766,19807,7256,243,299,
32766,19816,7280,248,301,
32766,19831,7301,247,307,
32766,19831,7310,257,310,
32766,19869,7343,251,304,
32766,19874,7365,248,296,
32766,19902,7402,242,303,
32766,19909,7418,255,316,
32766,19937,7446,246,310,
32766,19941,7473,254,309,
32766,19961,7497,260,301,
32766,19994,7531,249,315,
32766,20010,7561,251,317,
32766,20026,7590,250,322,
32766,20024,7614,261,312,
32766,20045,7630,259,313,
32766,20049,7661,257,315,
32766,20065,7681,264,323,
32766,20074,7690,257,313,
32766,20075,7711,261,315,
32766,20070,7712,266,326,
32766,20078,7717,272,309,
32766,20066,7713,262,317,
32766,20087,7719,270,324,
32766,20080,7734,271,319,
32766,20080,7732,262,312,
32766,20079,7727,263,318,
32766,20075,7728,264,316,
32766,20077,7722,276,332,
32766,20080,7706,273,313,
32766,20072,7707,248,324,
32766,20068,7702,275,316,
32766,20066,7689,274,318,
32766,20052,7676,273,308,
32766,20047,7656,272,314,
32766,20057,7643,269,317,
32766,20049,7620,265,326,
32766,20041,7586,263,312,
32766,20014,7540,263,312,
32766,19976,7499,261,313,
32766,19966,7461,264,318,
32766,19946,7411,249,317,
32766,19922,7384,261,313,
32766,19892,7360,257,314,
32766,19877,7345,260,314,
32766,19868,7310,257,323,
32766,19858,7286,258,311,
32766,19835,7272,257,302,
32766,19815,7275,258,312,
32766,19824,7256,257,309,
32766,19804,7240,252,311,
32766,19800,7227,264,315,
32766,19797,7217,259,321,
32766,19806,7215,257,305,
32766,19799,7208,257,315,
32766,19801,7208,254,307,
32766,19785,7206,257,314,
32766,19792,7210,257,303,
32766,19790,7203,258,301,
32766,19785,7193,251,312,
32766,19798,7190,267,295,
32766,19793,7178,257,313,
32766,19787,7200,261,325,
32766,19788,7187,260,313,
32766,19789,7176,259,317,
32766,19788,7172,256,315,
32766,19784,7173,261,321,
32766,19775,7168,250,316,
32766,19786,7167,251,319,
32766,19779,7170,247,312,
32766,19784,7168,258,305,
32766,19803,7175,250,319,
32766,19789,7163,250,310,
32766,19794,7181,247,321,
32766,19802,7174,253,324,
32766,19799,7182,258,310,
32766,19810,7193,249,311,
32766,19805,7204,254,329,
32766,19822,7206,252,310,
32766,19824,7209,256,320,
32766,19828,7216,255,316,
32766,19836,7225,252,314,
32766,19850,7222,241,312,
32766,19851,7227,256,307,
32766,19857,7240,265,315,
32766,19863,7233,257,312,
32766,19863,7240,260,323,
32766,19870,7256,251,310,
32766,19873,7254,251,322,
32766,19873,7258,264,317,
32766,19867,7261,263,313,
32766,19868,7257,264,313,
32766,19871,7254,258,333,
32766,19870,7252,268,323,
32766,19871,7254,257,311,
32766,19862,7249,255,311,
32766,19856,7239,261,307,
32766,19862,7241,257,313,
32766,19861,7250,254,309,
32766,19855,7242,268,317,
32766,19853,7256,263,307,
32766,19863,7250,256,308,
32766,19858,7242,259,323,
32766,19849,7240,260,309,
32766,19849,7247,257,315,
32766,19861,7252,263,312,
32766,19859,7253,263,323,
32766,19855,7257,261,306,
32766,19863,7254,265,300,
32766,19869,7253,258,305,
32766,19872,7257,256,313,
32766,19884,7267,259,305,
32766,19880,7258,262,319,
32766,19893,7263,266,302,
32766,19894,7256,252,311,
32766,19889,7257,258,308,
32766,19894,7259,250,316,
32766,19877,7270,257,319,
32766,19893,7264,256,307,
32766,19878,7267,257,302,
32766,19896,7278,256,316,
32766,19897,7258,258,312,
32766,19889,7273,265,314,
32766,19898,7259,258,307,
32766,19897,7264,259,315,
32766,19896,7271,268,313,
32766,19899,7267,258,313,
32766,19912,7276,254,321,
32766,19895,7277,273,304,
32766,19902,7265,263,313,
32766,19901,7261,262,312,
32766,19905,7269,265,303,
32766,19905,7273,248,315,
32766,19905,7267,262,307,
32766,19899,7270,255,306,
32766,19907,7282,263,309,
32766,19919,7274,262,320,
32766,19897,7284,266,303,
32766,19911,7282,265,326,
32766,19911,7282,263,311,
32766,19912,7283,269,314,
32766,19909,7275,259,311,
32766,19911,7272,266,311,
32766,19898,7274,262,308,
32766,19900,7269,257,321,
32766,19896,7276,253,305,
32766,19902,7268,260,312,
32766,19903,7269,254,306,
32766,19904,7271,270,321,
32766,19908,7266,244,318,
32766,19898,7269,253,309,
32766,19891,7260,267,322,
32766,19890,7262,270,312,
32766,19882,7267,249,308,
32766,19882,7260,255,311,
32766,19897,7252,248,311,
32766,19892,7254,254,309,
32766,19887,7255,257,314,
32766,19883,7271,258,306,
32766,19882,7253,263,308,
32766,19892,7270,248,305,
32766,19886,7267,262,307,
32766,19886,7249,251,320,
32766,19889,7259,258,317,
32766,19882,7256,254,307,
32766,19884,7256,243,319,
32766,19884,7257,274,316,
32766,19882,7261,257,306,
32766,19891,7250,261,308,
32766,19880,7259,265,311,
32766,19886,7250,254,315,
32766,19884,7251,258,307,
32766,19878,7237,260,314,
32766,19870,7253,260,304,
32766,19877,7255,258,313,
32766,19882,7247,259,315,
32766,19878,7238,262,320,
32766,19872,7246,261,312,
32766,19858,7249,264,315,
32766,19864,7238,259,305,
32766,19873,7235,261,304,
32766,19860,7242,256,296,
32766,19865,7226,254,303,
32766,19861,7232,261,312,
32766,19867,7234,255,313,
32766,19860,7235,256,311,
32766,19863,7232,254,318,
32766,19867,7234,255,312,
32766,19871,7242,262,305,
32766,19867,7249,249,312,
32766,19860,7235,261,299,
32766,19876,7241,254,314,
32766,19865,7232,268,304,
32766,19877,7247,260,318,
32766,19871,7249,252,317,
32766,19861,7237,264,308,
32766,19864,7249,250,308,
32766,19871,7231,256,309,
32766,19873,7238,266,311,
32766,19875,7244,255,295,
32766,19853,7241,259,306,
32766,19867,7245,253,296,
32766,19869,7254,263,308,
32766,19875,7250,252,309,
32766,19869,7249,258,309,
32766,19870,7245,259,310,
32766,19877,7248,261,313,
32766,19881,7246,261,309,
32766,19876,7252,253,305,
32766,19877,7249,253,321,
32766,19884,7258,252,319,
32766,19888,7248,257,316,
32766,19873,7262,260,312,
32766,19893,7262,249,304,
32766,19877,7256,259,309,
32766,19881,7258,255,315,
32766,19877,7254,258,312,
32766,19875,7254,257,306,
32766,19880,7251,253,294,
32766,19882,7251,256,314,
32766,19869,7257,264,310,
32766,19885,7254,256,314,
32766,19890,7271,261,310,
32766,19892,7262,248,310,
32766,19897,7266,256,309,
32766,19885,7263,260,306,
32766,19885,7259,256,302,
32766,19889,7260,257,295,
32766,19875,7255,246,306,
32766,19883,7260,250,306,
32766,19891,7268,250,305,
32766,19893,7261,254,309,
32766,19883,7259,263,306,
32766,19881,7256,256,307,
32766,19887,7260,258,307,
32766,19885,7261,251,302,
32766,19877,7263,260,320,
32766,19885,7263,259,305,
32766,19878,7252,256,300,
32766,19877,7258,258,314,
32766,19881,7259,262,308,
32766,19888,7262,262,316,
32766,19883,7257,261,310,
32766,19892,7260,245,314,
32766,19884,7262,271,317,
32766,19885,7268,253,300,
32766,19886,7254,253,302,
32766,19892,7260,270,306,
32766,19876,7257,259,311,
32766,19890,7257,266,306,
32766,19883,7258,258,311,
32766,19889,7246,258,308,
32766,19886,7252,256,320,
32766,19882,7252,251,317,
32766,19892,7263,252,306,
32766,19896,7267,253,302,
32766,19890,7264,263,300,
32766,19893,7262,254,301,
32766,19892,7258,263,326,
32766,19891,7262,263,309,
32766,19895,7267,252,322,
32766,19876,7262,257,302,
32766,19877,7261,255,304,
32766,19885,7254,262,317,
32766,19884,7265,255,304,
32766,19868,7254,266,324,
32766,19883,7250,268,312,
32766,19884,7244,254,319,
32766,19878,7256,250,303,
32766,19878,7251,253,319,
32766,19882,7247,253,315,
32766,19888,7246,245,309,
32766,19888,7254,249,309,
32766,19889,7260,250,318,
32766,19893,7260,262,302,
32766,19893,7250,252,313,
32766,19890,7256,251,308,
32766,19893,7254,258,308,
32766,19881,7258,257,300,
32766,19895,7248,260,305,
32766,19881,7255,250,311,
32766,19885,7256,255,308,
32766,19893,7254,257,324,
32766,19894,7251,256,315,
32766,19892,7260,250,304,
32766,19884,7263,256,320,
32766,19891,7242,245,308,
32766,19899,7263,259,315,
32766,19900,7258,252,321,
32766,19896,7272,252,304,
32766,19878,7257,250,319,
32766,19902,7262,261,304,
32766,19892,7256,257,301,
32766,19890,7259,249,318,
32766,19895,7259,262,321,
32766,19895,7264,261,314,
32766,19889,7249,262,299,
32766,19893,7265,269,302,
32766,19895,7254,256,311,
32766,19887,7254,265,318,
32766,19898,7251,240,309,
32766,19891,7248,257,303,
32766,19895,7263,266,314,
32766,19892,7265,255,309,
32766,19898,7254,260,310,
32766,19890,7255,253,309,
32766,19896,7250,258,320,
32766,19884,7252,252,314,
32766,19895,7243,264,310,
32766,19885,7251,258,311,
32766,19890,7251,261,308,
32766,19899,7258,250,313,
32766,19894,7256,255,318,
32766,19900,7254,251,318,
32766,19886,7242,253,313,
32766,19897,7262,265,316,
32766,19891,7248,253,316,
32766,19892,7247,246,318,
32766,19888,7250,261,311,
32766,19881,7261,257,310,
32766,19897,7258,258,318,
32766,19895,7260,257,307,
32766,19899,7257,256,323,
32766,19892,7264,251,303,
32766,19904,7264,262,307,
32766,19893,7257,265,312,
32766,19889,7251,251,311,
32766,19903,7249,256,306,
32766,19893,7249,257,313,
32766,19893,7247,260,302,
32766,19890,7250,256,310,
32766,19896,7256,254,317,
32766,19907,7255,253,319,
32766,19888,7242,266,313,
32766,19890,7252,257,309,
32766,19893,7252,255,309,
32766,19889,7264,258,319,
32766,19895,7256,254,313,
32766,19898,7263,263,314,
32766,19899,7258,254,299,
32766,19892,7254,257,305,
32766,19892,7263,266,307,
32766,19901,7255,245,314,
32766,19891,7271,263,311,
32766,19907,7260,252,303,
32766,19893,7265,266,307,
32766,19904,7263,253,313,
32766,19895,7266,259,322,
32766,19891,7273,277,309,
32766,19897,7261,251,327,
32766,19892,7263,254,311,
32766,19902,7273,256,313,
32766,19904,7272,257,308,
32766,19903,7267,258,314,
32766,19900,7265,257,306,
32766,19911,7271,255,311,
32766,19908,7269,264,310,
32766,19886,7261,251,318,
32766,19891,7277,263,300,
32766,19900,7268,247,314,
32766,19900,7262,252,313,
32766,19901,7266,279,313,
32766,19900,7273,256,316,
32766,19901,7268,257,310,
32766,19899,7269,259,308,
32766,19891,7256,258,315,
32766,19904,7259,253,316,
32766,19894,7265,254,312,
32766,19899,7266,255,316,
32766,19894,7266,257,311,
32766,19899,7261,254,314,
32766,19897,7255,252,308,
32766,19890,7261,259,305,
32766,19891,7253,253,302,
32766,19896,7256,247,317,
32766,19895,7254,262,306,
32766,19887,7254,265,314,
32766,19885,7257,266,310,
32766,19898,7257,247,304,
32766,19893,7269,261,301,
32766,19896,7271,257,307,
32766,19899,7261,253,309,
32766,19886,7259,255,310,
32766,19887,7260,259,315,
32766,19885,7272,250,309,
32766,19892,7264,249,313,
32766,19893,7267,261,320,
32766,19893,7269,257,303,
32766,19902,7266,257,304,
32766,19897,7268,242,316,
32766,19892,7276,257,310,
32766,19893,7278,255,309,
32766,19902,7282,254,306,
32766,19905,7267,259,308,
32766,19897,7273,243,312,
32766,19916,7288,260,307,
32766,19919,7297,259,315,
32766,19911,7297,249,302,
32766,19924,7309,272,309,
32766,19920,7308,267,301,
32766,19927,7320,266,325,
32766,19919,7316,259,314,
32766,19910,7306,249,309,
32766,19914,7315,269,311,
32766,19917,7311,256,308,
32766,19918,7306,269,301,
32766,19923,7308,261,305,
32766,19920,7318,257,317,
32766,19919,7329,259,322,
32766,19927,7316,258,303,
32766,19929,7327,262,316,
32766,19933,7332,262,318,
32766,19940,7343,272,320,
32766,19943,7324,260,328,
32766,19939,7328,269,306,
32766,19934,7323,272,297,
32766,19932,7325,271,306,
32766,19933,7324,261,306,
32766,19926,7325,261,316,
32766,19921,7308,257,318,
32766,19926,7307,263,310,
32766,19922,7307,275,311,
32766,19927,7303,270,302,
32766,19929,7302,251,295,
32766,19932,7315,257,319,
32766,19927,7294,262,307,
32766,19922,7302,269,319,
32766,19920,7306,259,315,
32766,19923,7303,256,318,
32766,19919,7299,269,323,
32766,19908,7296,259,311,
32766,19918,7297,253,317,
32766,19917,7297,262,310,
32766,19910,7292,258,320,
32766,19912,7291,255,316,
32766,19925,7295,255,323,
32766,19911,7298,253,311,
32766,19912,7291,257,313,
32766,19934,7298,272,320,
32766,19917,7306,263,313,
32766,19927,7295,263,311,
32766,19909,7307,260,314,
32766,19910,7285,261,319,
32766,19919,7292,261,310,
32766,19918,7289,259,310,
32766,19918,7293,263,312,
32766,19909,7298,269,318,
32766,19910,7294,260,320,
32766,19911,7289,261,303,
32766,19911,7290,261,314,
32766,19907,7277,260,316,
32766,19913,7291,256,321,
32766,19907,7288,259,317,
32766,19914,7277,260,307,
32766,19904,7279,251,326,
32766,19901,7269,259,330,
32766,19899,7273,262,312,
32766,19902,7275,271,316,
32766,19903,7270,260,316,
32766,19893,7272,263,324,
32766,19900,7276,261,304,
32766,19890,7269,261,319,
32766,19901,7270,259,313,
32766,19895,7266,268,298,
32766,19887,7276,264,305,
32766,19896,7270,265,312,
32766,19903,7279,260,311,
32766,19905,7272,260,313,
32766,19899,7276,266,323,
32766,19898,7267,260,312,
32766,19889,7275,267,301,
32766,19892,7265,265,308,
32766,19891,7273,262,316,
32766,19892,7284,261,315,
32766,19904,7276,262,316,
32766,19892,7271,257,315,
32766,19894,7275,260,317,
32766,19911,7279,269,311,
32766,19908,7286,261,316,
32766,19894,7273,273,307,
32766,19894,7288,257,327,
32766,19898,7275,261,302,
32766,19898,7274,253,311,
32766,19889,7286,262,311,
32766,19901,7271,259,304,
32766,19907,7278,256,319,
32766,19900,7274,271,306,
32766,19899,7274,257,314,
32766,19892,7278,259,325,
32766,19899,7274,271,325,
32766,19900,7287,260,303,
32766,19900,7270,267,306,
32766,19891,7269,252,316,
32766,19887,7271,265,316,
32766,19883,7274,259,304,
32766,19891,7268,257,309,
32766,19899,7277,260,322,
32766,19897,7280,256,318,
32766,19901,7275,259,316,
32766,19906,7274,267,316,
32766,19891,7298,275,320,
32766,19901,7276,257,320,
32766,19897,7275,260,314,
32766,19904,7280,267,316,
32766,19893,7276,265,307,
32766,19892,7278,263,314,
32766,19894,7266,260,307,
32766,19903,7286,252,303,
32766,19899,7287,258,305,
32766,19892,7283,271,305,
32766,19898,7284,266,306,
32766,19897,7289,257,297,
32766,19902,7289,268,309,
32766,19897,7281,249,325,
32766,19905,7286,259,315,
32766,19894,7290,265,319,
32766,19891,7283,261,320,
32766,19892,7293,249,317,
32766,19893,7273,259,303,
32766,19890,7277,260,308,
32766,19891,7272,264,309,
32766,19900,7276,270,312,
32766,19875,7280,261,311,
32766,19882,7266,255,320,
32766,19893,7272,259,318,
32766,19884,7281,258,316,
32766,19891,7272,258,315,
32766,19878,7277,258,322,
32766,19885,7266,265,304,
32766,19891,7272,247,310,
32766,19889,7259,253,309,
32766,19875,7255,270,313,
32766,19868,7259,266,306,
32766,19872,7253,263,313,
32766,19872,7255,260,322,
32766,19874,7254,260,308,
32766,19867,7247,272,321,
32766,19867,7249,265,303,
32766,19865,7248,258,316,
32766,19864,7254,256,318,
32766,19856,7246,262,323,
32766,19864,7248,257,311,
32766,19868,7255,258,299,
32766,19887,7269,269,307,
32766,19883,7273,244,317,
32766,19898,7271,258,320,
32766,19888,7276,261,305,
32766,19889,7276,269,311,
32766,19890,7278,277,316,
32766,19868,7279,269,303,
32766,19891,7267,265,326,
32766,19896,7265,265,302,
32766,19880,7265,260,322,
32766,19871,7264,259,321,
32766,19886,7248,266,306,
32766,19862,7261,250,315,
32766,19854,7255,259,320,
32766,19865,7260,267,304,
32766,19873,7251,253,306,
32766,19874,7264,264,314,
32766,19877,7269,261,313,
32766,19893,7271,261,319,
32766,19888,7267,263,310,
32766,19894,7273,254,312,
32766,19892,7265,266,316,
32766,19886,7281,257,314,
32766,19880,7279,265,308,
32766,19878,7272,261,320,
32766,19885,7273,255,302,
32766,19877,7260,260,313,
32766,19874,7256,249,310,
32766,19875,7260,257,311,
32766,19870,7256,263,318,
32766,19865,7262,258,321,
32766,19867,7257,268,302,
32766,19867,7256,265,306,
32766,19869,7254,247,315,
32766,19868,7261,258,310,
32766,19870,7263,259,313,
32766,19875,7260,258,308,
32766,19871,7272,267,299,
32766,19876,7262,256,320,
32766,19871,7261,257,300,
32766,19864,7249,254,314,
32766,19870,7237,252,315,
32766,19870,7260,259,306,
32766,19870,7258,255,322,
32766,19872,7256,255,301,
32766,19869,7248,245,306,
32766,19869,7256,259,326,
32766,19868,7264,262,305,
32766,19881,7256,253,302,
32766,19863,7265,258,312,
32766,19862,7260,260,308,
32766,19867,7258,265,309,
32766,19869,7262,257,309,
32766,19875,7272,261,312,
32766,19878,7255,261,319,
32766,19871,7258,259,315,
32766,19868,7261,260,312,
32766,19851,7265,273,299,
32766,19869,7260,250,300,
32766,19866,7275,258,304,
32766,19874,7264,247,311,
32766,19862,7275,259,319,
32766,19869,7264,265,310,
32766,19857,7269,261,310,
32766,19864,7271,275,312,
32766,19873,7269,267,309,
32766,19872,7267,249,310,
32766,19872,7273,266,299,
32766,19885,7279,252,313,
32766,19878,7281,259,315,
32766,19877,7288,261,303,
32766,19879,7288,256,320,
32766,19887,7280,269,320,
32766,19884,7276,263,317,
32766,19881,7278,265,309,
32766,19888,7273,257,321,
32766,19876,7283,254,313,
32766,19883,7284,249,307,
32766,19881,7271,256,304,
32766,19873,7266,260,306,
32766,19866,7267,250,306,
32766,19865,7266,262,308,
32766,19875,7272,261,307,
32766,19863,7263,264,312,
32766,19865,7262,259,312,
32766,19860,7265,255,311,
32766,19868,7249,270,311,
32766,19856,7262,256,312,
32766,19859,7258,261,301,
32766,19857,7251,260,300,
32766,19849,7244,254,314,
32766,19861,7252,257,307,
32766,19851,7246,262,299,
32766,19843,7246,258,317,
32766,19838,7236,259,304,
32766,19843,7235,263,310,
32766,19840,7247,251,309,
32766,19842,7245,257,303,
32766,19835,7240,252,320,
32766,19839,7239,253,311,
32766,19837,7220,261,296,
32766,19847,7237,255,319,
32766,19847,7237,258,299,
32766,19845,7233,261,306,
32766,19849,7229,254,311,
32766,19844,7238,257,305,
32766,19836,7245,253,309,
32766,19838,7245,264,322,
32766,19847,7237,254,304,
32766,19853,7235,261,298,
32766,19839,7231,262,300,
32766,19839,7231,258,307,
32766,19847,7228,256,294,
32766,19834,7225,254,316,
32766,19834,7220,254,310,
32766,19823,7215,268,302,
32766,19832,7224,252,303,
32766,19819,7210,257,289,
32766,19831,7215,257,309,
32766,19826,7211,249,309,
32766,19822,7207,257,312,
32766,19815,7204,260,302,
32766,19822,7209,253,306,
32766,19815,7205,263,315,
32766,19811,7212,251,308,
32766,19816,7205,245,298,
32766,19824,7220,256,309,
32766,19798,7200,264,307,
32766,19812,7202,258,312,
32766,19805,7216,254,300,
32766,19805,7199,250,305,
32766,19807,7201,243,316,
32766,19811,7209,254,319,
32766,19807,7224,252,307,
32766,19810,7217,258,309,
32766,19811,7204,265,315,
32766,19802,7203,239,319,
32766,19815,7212,247,304,
32766,19801,7206,254,298,
32766,19802,7220,252,305,
32766,19806,7201,246,305,
32766,19794,7204,256,298,
32766,19800,7196,256,298,
32766,19804,7202,257,304,
32766,19797,7199,262,311,
32766,19794,7187,245,314,
32766,19807,7195,262,305,
32766,19803,7195,257,311,
32766,19803,7198,250,323,
32766,19810,7197,256,297,
32766,19805,7206,251,312,
32766,19808,7209,254,297,
32766,19810,7203,256,307,
32766,19804,7206,255,304,
32766,19810,7208,252,299,
32766,19805,7210,246,302,
32766,19803,7211,259,306,
32766,19810,7213,250,301,
32766,19806,7207,249,302,
32766,19808,7199,256,308,
32766,19813,7212,252,311,
32766,19807,7204,247,298,
32766,19809,7208,253,304,
32766,19810,7210,251,302,
32766,19818,7216,262,302,
32766,19812,7210,256,309,
32766,19798,7218,256,317,
32766,19809,7207,254,301,
32766,19813,7204,260,301,
32766,19807,7209,246,303,
32766,19803,7207,252,311,
32766,19806,7205,250,307,
32766,19812,7213,254,297,
32766,19801,7206,250,299,
32766,19804,7211,252,305,
32766,19809,7216,245,305,
32766,19807,7220,251,306,
32766,19816,7208,257,302,
32766,19814,7227,259,298,
32766,19818,7220,244,304,
32766,19817,7225,257,303,
32766,19826,7222,239,317,
32766,19818,7222,255,296,
32766,19819,7220,253,312,
32766,19816,7212,251,299,
32766,19819,7229,257,307,
32766,19817,7222,256,301,
32766,19816,7218,257,303,
32766,19818,7219,257,296,
32766,19815,7218,250,298,
32766,19825,7224,254,318,
32766,19817,7219,255,308,
32766,19824,7226,256,308,
32766,19819,7224,251,303,
32766,19815,7228,241,296,
32766,19822,7215,258,295,
32766,19816,7220,263,303,
32766,19820,7235,255,289,
32766,19818,7225,248,290,
32766,19827,7224,254,311,
32766,19830,7225,254,308,
32766,19821,7221,246,308,
32766,19826,7230,267,300,
32766,19830,7233,261,308,
32766,19827,7226,249,307,
32766,19826,7224,249,307,
32766,19828,7223,259,310,
32766,19825,7217,250,304,
32766,19818,7229,249,306,
32766,19811,7209,260,304,
32766,19806,7213,256,295,
32766,19809,7223,245,307,
32766,19817,7209,247,307,
32766,19821,7216,255,302,
32766,19807,7217,252,300,
32766,19825,7216,245,295,
32766,19819,7222,252,293,
32766,19813,7227,248,311,
32766,19816,7213,255,310,
32766,19815,7216,245,307,
32766,19817,7218,255,293,
32766,19812,7220,254,298,
32766,19814,7217,251,298,
32766,19822,7217,246,303,
32766,19820,7220,256,299,
32766,19808,7224,248,293,
32766,19822,7234,252,314,
32766,19814,7220,260,303,
32766,19815,7225,247,307,
32766,19816,7232,246,300,
32766,19828,7217,259,317,
32766,19817,7214,255,298,
32766,19822,7219,251,302,
32766,19810,7225,245,308,
32766,19813,7230,248,306,
32766,19823,7233,247,316,
32766,19822,7231,255,316,
32766,19820,7226,251,304,
32766,19819,7217,252,292,
32766,19822,7221,251,297,
32766,19814,7220,245,306,
32766,19813,7216,242,301,
32766,19806,7211,250,303,
32766,19812,7217,244,310,
32766,19816,7213,261,299,
32766,19811,7213,249,305,
32766,19808,7221,257,292,
32766,19820,7224,254,301,
32766,19819,7221,254,299,
32766,19820,7218,249,304,
32766,19811,7217,246,310,
32766,19813,7213,238,302,
32766,19810,7216,237,302,
32766,19805,7226,252,298,
32766,19820,7217,250,308,
32766,19820,7219,242,295,
32766,19812,7223,238,305,
32766,19816,7226,252,316,
32766,19824,7229,256,302,
32766,19815,7232,254,309,
32766,19822,7236,260,306,
32766,19816,7221,254,292,
32766,19830,7231,248,300,
32766,19821,7227,259,304,
32766,19833,7233,254,304,
32766,19830,7231,242,293,
32766,19822,7225,241,308,
32766,19833,7245,253,309,
32766,19817,7249,262,302,
32766,19831,7232,256,297,
32766,19831,7233,264,301,
32766,19828,7232,246,296,
32766,19821,7227,255,296,
32766,19826,7231,256,304,
32766,19824,7236,254,308,
32766,19826,7218,244,283,
32766,19813,7235,248,290,
32766,19825,7225,241,301,
32766,19821,7230,257,298,
32766,19826,7238,250,300,
32766,19818,7227,249,298,
32766,19817,7235,254,308,
32766,19821,7223,239,306,
32766,19816,7211,256,294,
32766,19819,7239,248,304,
32766,19815,7224,251,300,
32766,19815,7228,246,305,
32766,19831,7232,243,306,
32766,19829,7230,252,302,
32766,19820,7240,257,304,
32766,19822,7225,253,313,
32766,19826,7228,248,309,
32766,19829,7232,248,308,
32766,19813,7226,248,299,
32766,19828,7224,256,308,
32766,19820,7218,250,305,
32766,19826,7224,243,312,
32766,19818,7213,243,302,
32766,19821,7209,240,301,
32766,19820,7222,252,305,
32766,19808,7205,253,303,
32766,19825,7214,255,296,
32766,19801,7222,249,291,
32766,19821,7209,243,298,
32766,19814,7214,254,294,
32766,19807,7202,242,309,
32766,19808,7212,248,306,
32766,19813,7207,246,298,
32766,19795,7208,251,301,
32766,19804,7223,243,304,
32766,19809,7210,243,295,
32766,19812,7214,257,306,
32766,19813,7216,242,308,
32766,19821,7212,248,300,
32766,19824,7208,244,301,
32766,19811,7214,268,302,
32766,19806,7215,259,287,
32766,19814,7205,236,303,
32766,19815,7203,252,300,
32766,19823,7218,248,302,
32766,19810,7210,245,303,
32766,19817,7209,242,302,
32766,19821,7201,255,302,
32766,19809,7212,254,303,
32766,19822,7208,249,311,
32766,19816,7217,248,302,
32766,19817,7204,251,306,
32766,19811,7215,259,302,
32766,19813,7225,253,308,
32766,19811,7217,258,309,
32766,19818,7206,249,292,
32766,19831,7223,261,310,
32766,19827,7205,240,299,
32766,19825,7215,249,298,
32766,19833,7214,251,311,
32766,19817,7198,257,311,
32766,19818,7199,248,302,
32766,19813,7200,253,296,
32766,19819,7209,261,299,
32766,19816,7215,249,302,
32766,19821,7201,262,303,
32766,19814,7212,255,308,
32766,19813,7215,256,307,
32766,19827,7215,236,303,
32766,19818,7210,248,297,
32766,19814,7208,258,312,
32766,19818,7214,246,307,
32766,19804,7206,249,295,
32766,19826,7212,247,303,
32766,19823,7213,244,307,
32766,19827,7208,255,307,
32766,19817,7203,252,299,
32766,19825,7218,262,294,
32766,19834,7212,239,305,
32766,19819,7217,249,295,
32766,19816,7218,252,309,
32766,19821,7220,252,318,
32766,19824,7216,229,310,
32766,19820,7205,258,299,
32766,19824,7207,251,308,
32766,19821,7215,253,308,
32766,19831,7214,253,294,
32766,19821,7202,252,304,
32766,19829,7216,240,307,
32766,19810,7216,259,295,
32766,19823,7222,250,313,
32766,19810,7213,250,304,
32766,19820,7213,250,301,
32766,19820,7220,256,304,
32766,19820,7215,251,305,
32766,19812,7219,250,308,
32766,19809,7208,250,299,
32766,19816,7215,236,303,
32766,19820,7207,253,310,
32766,19823,7205,251,297,
32766,19813,7213,254,298,
32766,19819,7208,249,310,
32766,19817,7210,255,303,
32766,19819,7213,246,312,
32766,19806,7215,254,310,
32766,19817,7216,252,306,
32766,19825,7220,242,301,
32766,19828,7214,248,304,
32766,19827,7219,252,307,
32766,19823,7219,253,300,
32766,19825,7211,256,297,
32766,19816,7221,238,300,
32766,19822,7218,249,299,
32766,19813,7214,241,300,
32766,19816,7210,253,283,
32766,19819,7216,250,303,
32766,19825,7223,254,297,
32766,19813,7228,250,320,
32766,19831,7223,250,301,
32766,19829,7226,248,304,
32766,19835,7232,246,302,
32766,19835,7229,257,311,
32766,19832,7222,256,307,
32766,19823,7223,258,298,
32766,19832,7229,259,300,
32766,19826,7228,255,302,
32766,19826,7223,257,292,
32766,19822,7222,250,304,
32766,19825,7221,256,296,
32766,19832,7227,263,298,
32766,19818,7225,269,305,
32766,19832,7231,254,295,
32766,19820,7230,255,312,
32766,19820,7226,242,310,
32766,19830,7226,252,302,
32766,19823,7225,243,305,
32766,19815,7223,255,292,
32766,19826,7221,256,306,
32766,19823,7218,246,305,
32766,19827,7217,248,300,
32766,19816,7218,250,304,
32766,19824,7220,252,298,
32766,19827,7223,250,311,
32766,19821,7215,243,301,
32766,19818,7224,258,305,
32766,19822,7223,247,309,
32766,19826,7225,263,300,
32766,19817,7229,258,306,
32766,19814,7220,257,307,
32766,19821,7216,253,303,
32766,19822,7206,248,307,
32766,19826,7219,264,305,
32766,19824,7206,254,299,
32766,19835,7217,254,300,
32766,19826,7220,249,311,
32766,19817,7216,254,304,
32766,19818,7220,249,310,
32766,19828,7208,256,291,
32766,19819,7219,250,308,
32766,19823,7223,258,302,
32766,19813,7212,246,284,
32766,19821,7214,253,294,
32766,19830,7217,251,298,
32766,19812,7216,242,303,
32766,19813,7210,239,306,
32766,19819,7215,244,304,
32766,19814,7201,241,306,
32766,19811,7211,248,303,
32766,19823,7213,247,300,
32766,19815,7211,250,300,
32766,19816,7210,247,302,
32766,19817,7205,249,298,
32766,19818,7210,251,298,
32766,19814,7210,251,309,
32766,19805,7207,257,298,
32766,19811,7214,257,292,
32766,19815,7204,262,299,
32766,19814,7219,259,297,
32766,19817,7204,254,301,
32766,19819,7210,259,302,
32766,19816,7223,251,305,
32766,19824,7213,245,299,
32766,19817,7223,254,310,
32766,19821,7218,239,301,
32766,19821,7207,243,298,
32766,19819,7223,251,293,
32766,19818,7210,252,295,
32766,19814,7216,253,294,
32766,19827,7214,254,303,
32766,19820,7226,250,300,
32766,19823,7212,255,305,
32766,19816,7225,238,301,
32766,19834,7240,256,300,
32766,19830,7223,246,303,
32766,19820,7224,243,304,
32766,19828,7234,255,305,
32766,19826,7223,260,303,
32766,19822,7229,249,305,
32766,19823,7231,244,305,
32766,19830,7220,256,308,
32766,19821,7230,250,303,
32766,19833,7225,252,304,
32766,19813,7215,252,294,
32766,19826,7236,247,289,
32766,19822,7222,252,301,
32766,19828,7228,248,290,
32766,19829,7224,242,287,
32766,19831,7228,252,305,
32766,19831,7225,249,303,
32766,19827,7231,252,302,
32766,19815,7209,246,302,
32766,19820,7218,246,304,
32766,19818,7219,249,309,
32766,19821,7226,253,307,
32766,19816,7210,266,310,
32766,19822,7226,246,306,
32766,19825,7236,256,291,
32766,19818,7218,245,301,
32766,19831,7237,257,297,
32766,19830,7220,242,313,
32766,19821,7230,256,291,
32766,19819,7222,245,306,
32766,19827,7225,242,299,
32766,19833,7224,249,295,
32766,19829,7229,243,305,
32766,19826,7227,257,305,
32766,19824,7212,239,299,
32766,19831,7219,255,297,
32766,19818,7213,257,300,
32766,19821,7220,261,296,
32766,19823,7231,244,313,
32766,19829,7222,256,302,
32766,19821,7219,254,304,
32766,19820,7219,248,306,
32766,19832,7221,254,304,
32766,19818,7223,248,305,
32766,19819,7215,251,296,
32766,19827,7204,256,296,
32766,19820,7212,254,302,
32766,19822,7210,249,291,
32766,19819,7212,242,300,
32766,19821,7215,241,299,
32766,19821,7215,243,303,
32766,19811,7222,255,307,
32766,19821,7213,248,297,
32766,19814,7210,256,301,
32766,19812,7217,246,305,
32766,19825,7228,239,306,
32766,19807,7209,249,301,
32766,19816,7219,244,296,
32766,19821,7198,243,288,
32766,19812,7215,250,313,
32766,19818,7205,254,305,
32766,19813,7204,250,301,
32766,19815,7207,244,298,
32766,19829,7210,253,302,
32766,19809,7210,244,300,
32766,19817,7215,256,309,
32766,19829,7207,247,305,
32766,19820,7219,254,300,
32766,19821,7219,261,296,
32766,19816,7220,253,301,
32766,19820,7216,246,303,
32766,19808,7200,250,294,
32766,19812,7207,245,298,
32766,19815,7205,229,300,
32766,19815,7216,244,305,
32766,19810,7203,232,296,
32766,19810,7208,254,312,
32766,19812,7207,244,296,
32766,19822,7223,249,310,
32766,19828,7207,256,303,
32766,19814,7215,251,296,
32766,19816,7218,258,300,
32766,19813,7211,250,309,
32766,19815,7223,246,296,
32766,19810,7226,241,305,
32766,19820,7216,245,304,
32766,19807,7227,255,302,
32766,19827,7224,240,306,
32766,19810,7206,247,304,
32766,19819,7224,260,301,
32766,19809,7223,250,302,
32766,19815,7206,248,300,
32766,19815,7205,248,299,
32766,19812,7202,247,302,
32766,19811,7213,246,302,
32766,19820,7221,243,313,
32766,19808,7216,242,296,
32766,19809,7219,246,300,
32766,19828,7203,253,298,
32766,19818,7211,248,299,
32766,19812,7202,252,299,
32766,19822,7216,246,308,
32766,19817,7214,242,311,
32766,19817,7210,238,305,
32766,19828,7206,250,300,
32766,19819,7207,254,306,
32766,19815,7217,251,307,
32766,19822,7218,244,301,
32766,19811,7214,243,298,
32766,19824,7202,256,314,
32766,19809,7210,242,311,
32766,19819,7213,253,313,
32766,19820,7209,256,301,
32766,19815,7206,253,309,
32766,19813,7203,247,302,
32766,19814,7210,255,286,
32766,19819,7202,243,300,
32766,19818,7213,246,303,
32766,19816,7206,242,312,
32766,19807,7208,255,307,
32766,19805,7200,248,300,
32766,19812,7202,254,295,
32766,19808,7199,246,305,
32766,19814,7204,257,296,
32766,19823,7192,252,300,
32766,19821,7210,254,308,
32766,19820,7197,254,304,
32766,19809,7205,256,296,
32766,19818,7214,253,304,
32766,19820,7206,250,307,
32766,19814,7212,254,300,
32766,19799,7205,240,299,
32766,19818,7211,246,297,
32766,19812,7205,246,305,
32766,19805,7194,261,290,
32766,19798,7209,245,302,
32766,19799,7203,254,298,
32766,19814,7202,253,300,
32766,19808,7196,244,301,
32766,19807,7195,251,309,
32766,19812,7205,255,300,
32766,19819,7204,235,290,
32766,19802,7205,246,305,
32766,19808,7203,247,298,
32766,19807,7204,243,301,
32766,19814,7194,258,298,
32766,19808,7199,256,305,
32766,19813,7210,248,297,
32766,19818,7197,249,299,
32766,19819,7211,238,312,
32766,19802,7208,263,285,
32766,19813,7201,253,299,
32766,19817,7207,240,303,
32766,19814,7204,243,296,
32766,19812,7194,242,301,
32766,19818,7194,244,296,
32766,19812,7203,253,308,
32766,19802,7198,256,297,
32766,19815,7196,248,304,
32766,19803,7216,249,299,
32766,19824,7210,248,297,
32766,19820,7201,244,294,
32766,19822,7222,249,301,
32766,19830,7220,241,301,
32766,19824,7208,254,303,
32766,19820,7213,249,304,
32766,19822,7220,248,310,
32766,19830,7229,253,302,
32766,19828,7225,252,299,
32766,19814,7218,250,292,
32766,19826,7215,258,298,
32766,19816,7219,249,305,
32766,19825,7225,239,309,
32766,19812,7214,242,303,
32766,19831,7208,267,297,
32766,19823,7207,256,303,
32766,19833,7215,250,312,
32766,19828,7219,262,315,
32766,19821,7226,244,288,
32766,19818,7224,250,298,
32766,19826,7207,253,299,
32766,19828,7224,246,297,
32766,19834,7223,251,300,
32766,19828,7223,252,299,
32766,19827,7222,251,303,
32766,19833,7228,248,298,
32766,19829,7232,252,301,
32766,19828,7221,252,306,
32766,19831,7221,237,298,
32766,19831,7219,255,299,
32766,19827,7226,250,293,
32766,19834,7231,247,302,
32766,19838,7221,253,293,
32766,19837,7231,251,301,
32766,19830,7232,253,317,
32766,19829,7220,245,288,
32766,19826,7224,248,295,
32766,19821,7211,241,297,
32766,19839,7224,252,299,
32766,19828,7221,248,298,
32766,19820,7226,247,304,
32766,19831,7222,244,306,
32766,19813,7218,248,308,
32766,19828,7220,253,300,
32766,19822,7207,239,303,
32766,19824,7212,238,297,
32766,19825,7210,244,303,
32766,19812,7216,254,289,
32766,19816,7212,251,304,
32766,19822,7219,262,296,
32766,19816,7210,252,295,
32766,19820,7214,243,301,
32766,19821,7209,252,294,
32766,19811,7201,242,300,
32766,19821,7218,243,303,
32766,19816,7215,251,307,
32766,19816,7207,249,292,
32766,19811,7201,245,303,
32766,19822,7215,247,302,
32766,19823,7222,236,305,
32766,19830,7216,257,308,
32766,19822,7213,246,294,
32766,19826,7208,248,288,
32766,19811,7220,239,308,
32766,19831,7210,257,297,
32766,19815,7209,243,290,
32766,19825,7211,245,294,
32766,19829,7211,247,300,
32766,19822,7214,254,295,
32766,19822,7224,247,310,
32766,19825,7211,248,301,
32766,19820,7225,245,295,
32766,19826,7227,245,291,
32766,19825,7213,249,296,
32766,19828,7221,254,305,
32766,19824,7225,251,298,
32766,19820,7218,243,302,
32766,19831,7220,254,303,
32766,19829,7211,246,307,
32766,19822,7208,244,299,
32766,19821,7220,243,290,
32766,19823,7213,245,300,
32766,19825,7227,244,307,
32766,19819,7220,251,307,
32766,19826,7211,249,295,
32766,19817,7211,255,297,
32766,19812,7213,250,301,
32766,19809,7212,240,299,
32766,19815,7217,249,295,
32766,19816,7216,256,313,
32766,19817,7209,245,293,
32766,19813,7208,254,318,
32766,19813,7213,253,301,
32766,19805,7207,246,304,
32766,19808,7202,247,304,
32766,19815,7204,250,305,
32766,19818,7211,248,300,
32766,19816,7218,255,282,
32766,19823,7211,246,293,
32766,19815,7216,251,303,
32766,19827,7209,251,299,
32766,19817,7215,260,300,
32766,19818,7205,247,295,
32766,19810,7204,247,312,
32766,19821,7213,257,300,
32766,19810,7208,242,300,
32766,19819,7201,251,307,
32766,19819,7212,244,308,
32766,19832,7212,254,293,
32766,19823,7220,243,300,
32766,19816,7212,256,306,
32766,19815,7210,252,305,
32766,19827,7208,248,300,
32766,19827,7218,252,308,
32766,19809,7210,249,299,
32766,19810,7219,246,298,
32766,19812,7207,243,298,
32766,19816,7218,252,297,
32766,19830,7210,252,309,
32766,19820,7215,257,291,
32766,19817,7207,258,296,
32766,19824,7200,251,306,
32766,19816,7214,243,304,
32766,19823,7210,241,305,
32766,19824,7210,257,303,
32766,19821,7222,234,308,
32766,19822,7205,249,297,
32766,19825,7207,262,306,
32766,19807,7207,251,290,
32766,19814,7202,255,303,
32766,19822,7206,259,309,
32766,19813,7215,251,302,
32766,19821,7193,246,310,
32766,19819,7211,253,293,
32766,19826,7209,245,295,
32766,19809,7214,263,296,
32766,19820,7213,252,311,
32766,19813,7203,253,301,
32766,19809,7209,251,299,
32766,19822,7201,252,294,
32766,19822,7213,247,300,
32766,19818,7217,248,308,
32766,19819,7216,249,301,
32766,19829,7215,247,303,
32766,19826,7209,246,308,
32766,19823,7223,247,305,
32766,19820,7210,253,300,
32766,19833,7216,244,309,
32766,19812,7225,242,304,
32766,19833,7225,244,307,
32766,19829,7215,245,301,
32766,19822,7228,253,292,
32766,19823,7220,252,301,
32766,19819,7220,243,305,
32766,19829,7211,232,302,
32766,19822,7226,258,301,
32766,19827,7214,250,302,
32766,19828,7214,249,291,
32766,19824,7221,247,284,
32766,19828,7208,245,302,
32766,19811,7218,253,306,
32766,19822,7212,249,312,
32766,19820,7208,247,303,
32766,19820,7222,255,302,
32766,19831,7211,245,310,
32766,19819,7223,245,308,
32766,19826,7216,241,302,
32766,19826,7209,244,304,
32766,19831,7222,249,309,
32766,19824,7218,259,303,
32766,19829,7226,249,301,
32766,19826,7221,249,306,
32766,19828,7225,252,303,
32766,19819,7217,245,300,
32766,19829,7207,258,314,
32766,19829,7222,237,299,
32766,19827,7212,257,300,
32766,19819,7213,257,308,
32766,19818,7221,242,299,
32766,19816,7217,257,299,
32766,19826,7222,250,296,
32766,19816,7219,252,301,
32766,19823,7217,246,308,
32766,19830,7212,246,313,
32766,19821,7222,249,290,
32766,19826,7227,243,307,
32766,19832,7218,244,299,
32766,19819,7211,249,291,
32766,19813,7211,250,312,
32766,19829,7218,250,299,
32766,19832,7226,244,296,
32766,19825,7219,250,303,
32766,19830,7221,241,300,
32766,19826,7219,251,299,
32766,19826,7219,250,297,
32766,19817,7212,246,297,
32766,19823,7211,244,297,
32766,19813,7222,252,297,
32766,19825,7212,252,307,
32766,19823,7219,248,304,
32766,19821,7213,245,282,
32766,19815,7199,245,292,
32766,19823,7213,242,296,
32766,19821,7216,248,302,
32766,19818,7207,241,302,
32766,19816,7205,248,302,
32766,19807,7211,247,307,
32766,19839,7218,250,305,
32766,19835,7204,248,301,
32766,19821,7220,251,295,
32766,19814,7199,242,298,
32766,19835,7210,248,307,
32766,19822,7220,250,286,
32766,19836,7220,239,308,
32766,19821,7215,249,295,
32766,19823,7228,244,304,
32766,19826,7213,247,305,
32766,19830,7219,262,313,
32766,19828,7223,248,301,
32766,19826,7217,248,304,
32766,19830,7224,247,307,
32766,19822,7223,244,293,
32766,19832,7212,238,301,
32766,19831,7210,246,298,
32766,19820,7222,236,297,
32766,19831,7219,248,310,
32766,19832,7221,241,304,
32766,19831,7222,247,298,
32766,19830,7223,253,306,
32766,19829,7224,246,308,
32766,19840,7222,250,307,
32766,19830,7229,250,295,
32766,19828,7227,245,295,
32766,19837,7219,251,295,
32766,19831,7231,255,289,
32766,19824,7216,248,298,
32766,19828,7220,247,298,
32766,19839,7221,247,307,
32766,19832,7211,248,302,
32766,19835,7235,244,304,
32766,19831,7222,251,304,
32766,19820,7217,242,302,
32766,19820,7212,253,291,
32766,19825,7218,245,295,
32766,19827,7218,261,298,
32766,19834,7220,259,295,
32766,19831,7220,256,298,
32766,19831,7221,253,307,
32766,19829,7236,247,301,
32766,19829,7221,255,302,
32766,19833,7229,254,302,
32766,19831,7220,255,303,
32766,19830,7227,257,303,
32766,19830,7215,255,306,
32766,19832,7228,252,307,
32766,19836,7221,255,308,
32766,19818,7217,261,307,
32766,19824,7232,249,297,
32766,19832,7214,246,309,
32766,19831,7224,251,296,
32766,19821,7209,248,307,
32766,19824,7223,247,293,
32766,19830,7232,241,307,
32766,19831,7219,260,303,
32766,19823,7225,247,292,
32766,19835,7224,246,297,
32766,19830,7214,249,301,
32766,19821,7218,233,302,
32766,19829,7221,248,304,
32766,19838,7214,253,303,
32766,19833,7226,251,302,
32766,19835,7233,247,301,
32766,19841,7220,252,297,
32766,19828,7214,256,302,
32766,19832,7229,246,306,
32766,19832,7223,245,298,
32766,19831,7225,241,300,
32766,19824,7223,247,309,
32766,19832,7221,242,307,
32766,19833,7223,255,293,
32766,19820,7230,257,313,
32766,19827,7224,252,303,
32766,19828,7223,242,304,
32766,19820,7210,246,308,
32766,19826,7210,256,288,
32766,19825,7215,254,297,
32766,19822,7217,239,306,
32766,19835,7212,255,305,
32766,19829,7216,252,290,
32766,19830,7228,257,297,
32766,19825,7221,250,302,
32766,19836,7228,254,316,
32766,19821,7223,238,302,
32766,19834,7221,241,296,
32766,19832,7211,247,296,
32766,19817,7226,254,304,
32766,19827,7220,256,304,
32766,19837,7235,248,306,
32766,19836,7221,246,314,
32766,19837,7224,244,310,
32766,19844,7220,247,299,
32766,19826,7223,237,305,
32766,19838,7222,241,310,
32766,19836,7220,252,293,
32766,19833,7219,249,307,
32766,19822,7213,256,310,
32766,19821,7205,254,293,
32766,19811,7215,250,303,
32766,19823,7227,238,305,
32766,19817,7213,244,302,
32766,19832,7217,258,300,
32766,19816,7213,250,292,
32766,19823,7227,250,283,
32766,19820,7211,254,299,
32766,19818,7213,254,312,
32766,19804,7211,245,310,
32766,19812,7213,254,298,
32766,19796,7224,256,301,
32766,19797,7214,255,315,
32766,19795,7227,241,304,
32766,19803,7215,252,312,
32766,19795,7224,255,302,
32766,19808,7225,253,304,
32766,19799,7217,245,309,
32766,19803,7226,249,302,
32766,19803,7228,254,305,
32766,19807,7219,258,312,
32766,19812,7233,249,296,
32766,19809,7222,250,320,
32766,19812,7239,262,307,
32766,19815,7236,256,311,
32766,19803,7235,256,311,
32766,19819,7232,248,312,
32766,19823,7237,250,308,
32766,19828,7241,253,298,
32766,19825,7242,246,302,
32766,19827,7227,250,290,
32766,19822,7232,253,297,
32766,19833,7229,246,307,
32766,19821,7236,256,297,
32766,19831,7236,258,311,
32766,19841,7243,267,291,
32766,19841,7234,253,290,
32766,19833,7234,234,313,
32766,19840,7247,253,297,
32766,19836,7235,251,296,
32766,19828,7239,243,295,
32766,19837,7235,248,306,
32766,19835,7239,254,305,
32766,19840,7242,262,300,
32766,19849,7244,252,303,
32766,19850,7237,251,305,
32766,19844,7245,252,299,
32766,19842,7243,245,301,
32766,19848,7241,245,299,
32766,19842,7240,259,292,
32766,19839,7235,254,305,
32766,19845,7245,251,299,
32766,19835,7248,243,303,
32766,19840,7246,246,304,
32766,19846,7240,252,286,
32766,19842,7232,244,298,
32766,19842,7236,248,312,
32766,19838,7226,258,307,
32766,19847,7239,254,304,
32766,19844,7230,257,301,
32766,19840,7229,261,296,
32766,19838,7247,244,298,
32766,19835,7233,246,307,
32766,19833,7232,245,303,
32766,19832,7229,251,301,
32766,19840,7228,250,299,
32766,19835,7234,245,302,
32766,19831,7231,248,311,
32766,19838,7234,250,294,
32766,19842,7234,241,308,
32766,19839,7227,241,319,
32766,19837,7224,254,316,
32766,19841,7227,245,299,
32766,19826,7229,242,295,
32766,19836,7233,246,300,
32766,19830,7229,240,299,
32766,19834,7225,259,302,
32766,19840,7227,257,307,
32766,19833,7237,253,297,
32766,19846,7232,238,310,
32766,19835,7232,244,305,
32766,19838,7233,265,286,
32766,19844,7220,252,306,
32766,19826,7226,258,296,
32766,19832,7219,252,305,
32766,19832,7233,257,305,
32766,19835,7235,253,305,
32766,19834,7229,254,296,
32766,19845,7233,246,299,
32766,19839,7232,256,300,
32766,19842,7233,250,309,
32766,19839,7230,244,302,
32766,19831,7224,247,294,
32766,19834,7218,247,309,
32766,19835,7213,244,303,
32766,19839,7221,252,297,
32766,19835,7220,241,300,
32766,19827,7229,259,289,
32766,19839,7235,254,312,
32766,19840,7235,243,303,
32766,19851,7224,248,295,
32766,19845,7233,243,301,
32766,19833,7233,241,304,
32766,19844,7225,249,311,
32766,19832,7224,248,307,
32766,19839,7228,242,294,
32766,19841,7229,254,308,
32766,19842,7230,255,296,
32766,19843,7217,259,305,
32766,19832,7228,249,302,
32766,19833,7219,251,313,
32766,19834,7217,248,305,
32766,19839,7222,249,297,
