11222,3543,3186,2392,2197,
11199,3555,3182,2383,2200,
11206,3554,3183,2381,2198,
11212,3553,3179,2381,2192,
11215,3548,3188,2391,2187,
11223,3538,3193,2395,2197,
11192,3551,3170,2378,2203,
11211,3561,3172,2378,2199,
11201,3557,3202,2387,2188,
11218,3596,3181,2380,2209,
11213,3547,3182,2382,2194,
11216,3542,3190,2383,2202,
11224,3554,3180,2387,2197,
11217,3548,3184,2390,2199,
11219,3552,3188,2385,2203,
11204,3535,3174,2392,2187,
11223,3552,3202,2380,2194,
11217,3574,3185,2372,2188,
11227,3562,3184,2392,2195,
11214,3548,3177,2387,2193,
11221,3552,3194,2386,2198,
11230,3542,3192,2384,2194,
11217,3551,3192,2381,2202,
11232,3548,3196,2395,2205,
11211,3534,3172,2385,2200,
11211,3569,3193,2382,2198,
11217,3543,3182,2385,2205,
11214,3556,3183,2374,2191,
11211,3551,3183,2386,2190,
11218,3544,3191,2383,2202,
11215,3534,3196,2384,2205,
11212,3561,3190,2389,2205,
11201,3547,3183,2385,2203,
11203,3541,3174,2382,2186,
11199,3562,3182,2382,2204,
11213,3555,3196,2372,2186,
11202,3552,3175,2385,2208,
11222,3552,3192,2385,2191,
11243,3579,3177,2374,2203,
11223,3537,3197,2384,2195,
11221,3548,3187,2382,2197,
11218,3552,3186,2385,2205,
11217,3555,3183,2374,2201,
11221,3548,3199,2376,2186,
11209,3546,3180,2381,2197,
11205,3532,3172,2383,2191,
11213,3538,3183,2387,2195,
11222,3535,3177,2386,2189,
11217,3557,3185,2390,2199,
11228,3538,3179,2392,2197,
11218,3542,3197,2392,2200,
11211,3544,3184,2385,2195,
11221,3561,3199,2379,2191,
11202,3563,3215,2392,2195,
11214,3554,3186,2375,2193,
11218,3538,3180,2391,2202,
11214,3539,3192,2381,2193,
11203,3546,3182,2382,2187,
11218,3548,3181,2388,2202,
11223,3547,3171,2395,2196,
11228,3556,3184,2383,2194,
11217,3552,3184,2378,2183,
11218,3558,3172,2383,2203,
11203,3560,3203,2385,2198,
11216,3534,3183,2373,2201,
11231,3552,3189,2388,2198,
11206,3551,3190,2384,2193,
11228,3561,3170,2370,2194,
11227,3544,3174,2355,2199,
11218,3542,3185,2377,2201,
11222,3553,3177,2393,2199,
11221,3556,3185,2375,2192,
11221,3549,3187,2392,2197,
11211,3548,3191,2393,2206,
11227,3535,3172,2398,2189,
11218,3547,3187,2377,2191,
11217,3565,3178,2377,2200,
11226,3547,3181,2382,2198,
11210,3552,3182,2386,2203,
11218,3548,3179,2379,2199,
11226,3530,3178,2393,2207,
11219,3540,3182,2384,2197,
11210,3559,3187,2384,2206,
11204,3536,3182,2385,2197,
11217,3553,3188,2377,2198,
11210,3554,3181,2376,2190,
11214,3547,3197,2380,2191,
11218,3543,3185,2386,2187,
11216,3563,3178,2390,2201,
11220,3574,3181,2385,2194,
11217,3554,3182,2379,2190,
11215,3552,3190,2376,2200,
11215,3551,3169,2372,2190,
11222,3532,3175,2385,2202,
11253,3544,3192,2381,2198,
11224,3539,3179,2382,2203,
11221,3546,3191,2373,2196,
11224,3543,3169,2362,2211,
11239,3545,3191,2377,2190,
11217,3551,3181,2387,2200,
11213,3545,3179,2387,2192,
11214,3562,3180,2383,2200,
11222,3542,3183,2384,2204,
11217,3553,3198,2382,2195,
11226,3569,3187,2386,2200,
11224,3549,3193,2384,2183,
11201,3545,3192,2376,2199,
11224,3548,3182,2375,2201,
11203,3562,3194,2371,2186,
11208,3549,3170,2381,2189,
11216,3555,3185,2375,2193,
11221,3547,3190,2374,2197,
11235,3552,3184,2371,2205,
11218,3551,3188,2379,2202,
11221,3550,3184,2386,2203,
11208,3550,3186,2368,2191,
11218,3556,3186,2387,2204,
11204,3551,3189,2389,2197,
11214,3547,3177,2394,2191,
11219,3553,3181,2385,2197,
11212,3537,3173,2383,2203,
11237,3528,3182,2375,2209,
11233,3551,3193,2396,2185,
11208,3549,3190,2384,2194,
11224,3550,3192,2375,2199,
11218,3547,3184,2386,2198,
11230,3552,3175,2381,2186,
11200,3556,3205,2384,2217,
11222,3547,3183,2383,2198,
11206,3547,3187,2383,2186,
11218,3562,3182,2385,2204,
11219,3537,3188,2388,2198,
11227,3542,3189,2384,2198,
11216,3534,3166,2398,2185,
11212,3551,3182,2379,2210,
11224,3544,3180,2395,2187,
11223,3536,3169,2379,2182,
11206,3554,3187,2384,2206,
11227,3561,3188,2383,2193,
11229,3535,3188,2383,2198,
11225,3557,3187,2386,2187,
11215,3559,3189,2394,2195,
11207,3557,3219,2369,2191,
11201,3547,3178,2386,2196,
11226,3551,3176,2380,2199,
11217,3551,3187,2386,2191,
11213,3545,3186,2384,2195,
11219,3550,3190,2376,2192,
11218,3568,3198,2396,2190,
11204,3548,3174,2369,2203,
11218,3564,3180,2383,2207,
11201,3550,3182,2380,2200,
11221,3558,3173,2372,2196,
11230,3552,3195,2389,2198,
11216,3550,3177,2391,2199,
11224,3541,3196,2392,2198,
11214,3545,3172,2399,2207,
11206,3548,3171,2380,2188,
11226,3539,3184,2386,2203,
11216,3552,3185,2390,2194,
11227,3547,3177,2388,2189,
11216,3554,3180,2381,2203,
11214,3558,3187,2378,2193,
11210,3534,3174,2386,2185,
11213,3546,3185,2386,2199,
11226,3535,3192,2384,2217,
11242,3555,3210,2379,2196,
11228,3541,3198,2382,2192,
11228,3555,3185,2373,2207,
11213,3546,3178,2366,2198,
11229,3556,3174,2393,2200,
11239,3550,3180,2380,2200,
11215,3539,3181,2380,2197,
11224,3544,3192,2386,2195,
11218,3551,3181,2385,2195,
11211,3547,3189,2377,2194,
11222,3555,3201,2379,2195,
11227,3551,3173,2374,2194,
11222,3566,3170,2390,2191,
11219,3547,3175,2394,2184,
11246,3544,3183,2378,2200,
11218,3545,3175,2381,2204,
11203,3560,3199,2396,2185,
11197,3545,3199,2371,2204,
11207,3556,3190,2383,2195,
11221,3537,3184,2378,2209,
11221,3592,3187,2377,2198,
11231,3551,3187,2380,2194,
11216,3549,3188,2385,2187,
11216,3547,3195,2382,2195,
11201,3562,3190,2387,2194,
11209,3546,3188,2377,2201,
11206,3567,3181,2368,2202,
11228,3554,3196,2366,2181,
11222,3546,3186,2374,2195,
11219,3567,3169,2377,2194,
11232,3546,3201,2388,2185,
11242,3541,3178,2380,2193,
11216,3550,3176,2381,2202,
11229,3553,3173,2394,2190,
11230,3557,3184,2389,2188,
11205,3531,3187,2378,2202,
11212,3550,3188,2389,2197,
11219,3554,3187,2393,2198,
11217,3549,3186,2388,2199,
11223,3545,3179,2380,2201,
11224,3553,3185,2373,2197,
11210,3568,3190,2384,2194,
11228,3550,3188,2380,2190,
11213,3535,3192,2374,2206,
11224,3555,3190,2393,2194,
11236,3540,3179,2388,2207,
11238,3545,3198,2382,2209,
11219,3563,3179,2397,2199,
11216,3551,3187,2387,2198,
11229,3567,3184,2401,2193,
11229,3564,3188,2382,2206,
11219,3542,3182,2373,2188,
11220,3552,3182,2383,2197,
11214,3543,3190,2385,2194,
11229,3552,3186,2390,2204,
11226,3550,3184,2384,2188,
11255,3543,3177,2394,2187,
11219,3544,3171,2388,2197,
11224,3524,3185,2381,2197,
11214,3546,3170,2378,2198,
11214,3544,3172,2384,2191,
11232,3551,3179,2377,2194,
11215,3559,3188,2378,2193,
11216,3551,3189,2383,2200,
11225,3533,3173,2396,2202,
11223,3550,3182,2387,2205,
11228,3545,3191,2383,2194,
11229,3554,3190,2384,2186,
11223,3561,3188,2374,2195,
11221,3550,3174,2386,2198,
11219,3545,3206,2384,2185,
11223,3559,3182,2379,2191,
11213,3548,3192,2376,2199,
11203,3555,3184,2377,2197,
11199,3541,3201,2381,2195,
11243,3538,3190,2370,2201,
11215,3552,3191,2382,2196,
11212,3542,3188,2369,2190,
11230,3549,3183,2390,2192,
11222,3554,3195,2367,2202,
11219,3552,3178,2387,2202,
11217,3557,3182,2370,2184,
11229,3543,3177,2371,2196,
11214,3556,3188,2381,2190,
11221,3550,3177,2376,2202,
11230,3533,3170,2384,2192,
11225,3546,3182,2387,2193,
11241,3544,3192,2392,2200,
11240,3554,3188,2387,2199,
11206,3554,3177,2374,2202,
11207,3574,3182,2378,2191,
11221,3560,3190,2382,2191,
11224,3549,3191,2382,2198,
11225,3530,3179,2372,2194,
11192,3541,3182,2386,2205,
11212,3559,3186,2386,2205,
11221,3543,3189,2380,2190,
11220,3558,3186,2373,2199,
11220,3549,3184,2385,2204,
11220,3547,3182,2381,2192,
11247,3547,3180,2390,2188,
11215,3558,3180,2378,2195,
11201,3541,3172,2384,2206,
11235,3554,3203,2387,2195,
11217,3551,3183,2404,2194,
11233,3551,3185,2377,2204,
11211,3544,3191,2374,2187,
11222,3554,3186,2387,2195,
11222,3559,3192,2374,2212,
11226,3547,3183,2378,2198,
11217,3547,3192,2372,2197,
11219,3549,3197,2382,2208,
11219,3558,3185,2385,2189,
11218,3560,3187,2387,2190,
11222,3552,3184,2387,2190,
11237,3546,3188,2385,2199,
11226,3557,3187,2375,2196,
11213,3566,3197,2380,2197,
11213,3533,3181,2380,2201,
11221,3553,3181,2375,2184,
11226,3554,3180,2377,2190,
11214,3553,3180,2385,2200,
11219,3563,3185,2383,2197,
11229,3539,3193,2381,2198,
11219,3555,3196,2382,2206,
11219,3553,3173,2381,2198,
11218,3552,3185,2382,2192,
11225,3568,3194,2383,2204,
11218,3561,3187,2373,2201,
11221,3554,3189,2380,2188,
11211,3536,3199,2380,2196,
11223,3559,3182,2373,2176,
11220,3556,3184,2379,2194,
11210,3538,3198,2375,2209,
11210,3552,3208,2377,2199,
11223,3536,3172,2378,2202,
11222,3564,3187,2390,2193,
11233,3544,3191,2377,2207,
11230,3548,3163,2372,2196,
11213,3551,3183,2387,2203,
11225,3556,3189,2376,2198,
11216,3541,3181,2379,2196,
11224,3550,3182,2374,2199,
11227,3548,3192,2385,2203,
11214,3556,3179,2379,2197,
11218,3539,3188,2379,2200,
11207,3559,3197,2390,2190,
11207,3576,3174,2374,2197,
11205,3567,3173,2378,2191,
11229,3547,3177,2384,2206,
11208,3547,3183,2395,2196,
11228,3551,3179,2382,2200,
11233,3533,3173,2380,2192,
11201,3537,3197,2385,2192,
11208,3555,3181,2387,2196,
11225,3552,3189,2386,2196,
11228,3552,3192,2389,2192,
11219,3553,3187,2381,2192,
11223,3556,3191,2376,2195,
11232,3548,3197,2373,2192,
11204,3551,3183,2380,2191,
11226,3540,3190,2374,2198,
11219,3543,3197,2388,2196,
11204,3550,3179,2395,2199,
11217,3529,3175,2374,2197,
11225,3566,3175,2388,2195,
11215,3554,3189,2378,2199,
11222,3569,3176,2363,2208,
11196,3576,3175,2378,2187,
11224,3549,3186,2386,2195,
11214,3547,3185,2392,2189,
11224,3553,3191,2383,2195,
11207,3551,3172,2386,2211,
11211,3564,3183,2397,2196,
11229,3553,3190,2374,2200,
11231,3560,3181,2380,2204,
11238,3548,3185,2378,2200,
11217,3528,3191,2380,2197,
11215,3555,3181,2386,2206,
11209,3571,3171,2372,2193,
11216,3565,3183,2388,2193,
11224,3544,3186,2381,2196,
11240,3542,3199,2376,2187,
11220,3550,3191,2375,2198,
11221,3558,3179,2382,2178,
11224,3558,3193,2378,2209,
11216,3555,3195,2390,2205,
11219,3541,3180,2380,2200,
11230,3544,3185,2389,2192,
11218,3546,3180,2381,2199,
11226,3559,3200,2386,2187,
11225,3554,3182,2377,2197,
11216,3553,3199,2386,2203,
11211,3539,3175,2389,2202,
11218,3556,3173,2386,2207,
11212,3549,3185,2384,2203,
11219,3552,3184,2389,2205,
11241,3534,3195,2378,2204,
11222,3540,3179,2378,2205,
11218,3547,3187,2384,2191,
11226,3554,3177,2382,2189,
11214,3558,3179,2383,2188,
11211,3558,3180,2381,2197,
11214,3550,3190,2375,2196,
11239,3534,3186,2380,2191,
11212,3544,3172,2385,2191,
11243,3549,3186,2385,2201,
11205,3540,3175,2385,2204,
11226,3546,3192,2399,2190,
11224,3545,3189,2377,2195,
11213,3542,3181,2380,2189,
11233,3553,3190,2379,2206,
11218,3559,3187,2368,2198,
11218,3554,3177,2386,2203,
11219,3548,3187,2384,2197,
11212,3560,3188,2378,2196,
11224,3551,3185,2383,2197,
11220,3560,3194,2373,2201,
11209,3539,3199,2376,2196,
11223,3551,3186,2389,2200,
11212,3537,3194,2384,2214,
11193,3547,3185,2384,2197,
11229,3546,3193,2382,2189,
11230,3550,3188,2374,2201,
11211,3562,3211,2375,2193,
11206,3547,3180,2378,2204,
11219,3548,3174,2385,2194,
11217,3551,3193,2394,2186,
11217,3546,3188,2387,2202,
11217,3549,3189,2396,2204,
11226,3548,3194,2385,2196,
11221,3544,3183,2386,2199,
11216,3545,3185,2374,2199,
11195,3565,3181,2384,2196,
11210,3563,3200,2382,2194,
11211,3546,3203,2380,2193,
11224,3545,3192,2370,2192,
11217,3546,3179,2385,2201,
11204,3537,3180,2379,2202,
11221,3552,3197,2389,2182,
11224,3551,3184,2383,2200,
11234,3551,3203,2369,2186,
11210,3549,3185,2378,2197,
11216,3565,3187,2386,2188,
11226,3561,3200,2379,2194,
11217,3552,3188,2377,2194,
11213,3562,3183,2375,2190,
11232,3544,3189,2383,2200,
11227,3550,3194,2384,2197,
11216,3544,3181,2395,2190,
11202,3556,3212,2383,2201,
11206,3555,3186,2398,2197,
11224,3538,3179,2385,2211,
11226,3548,3183,2380,2200,
11225,3549,3186,2387,2195,
11218,3536,3180,2384,2193,
11204,3551,3204,2386,2214,
11219,3548,3175,2383,2188,
11228,3540,3180,2384,2197,
11218,3556,3185,2384,2203,
11221,3549,3181,2383,2193,
11222,3554,3190,2378,2203,
11234,3544,3173,2381,2200,
11216,3561,3176,2371,2197,
11203,3547,3175,2380,2198,
11224,3561,3183,2380,2199,
11219,3553,3176,2385,2201,
11230,3543,3182,2393,2202,
11226,3557,3180,2404,2193,
11228,3553,3192,2385,2204,
11197,3567,3178,2378,2210,
11193,3523,3196,2379,2189,
11221,3560,3188,2376,2189,
11227,3558,3191,2382,2197,
11218,3549,3191,2388,2197,
11220,3555,3181,2385,2190,
11219,3548,3190,2381,2199,
11214,3553,3170,2388,2195,
11203,3555,3186,2376,2205,
11235,3536,3203,2382,2197,
11219,3548,3185,2383,2188,
11235,3546,3198,2374,2193,
11221,3525,3199,2376,2197,
11213,3549,3189,2389,2186,
11217,3558,3186,2385,2204,
11227,3561,3196,2376,2207,
11245,3557,3187,2383,2196,
11219,3552,3186,2382,2197,
11229,3548,3183,2382,2192,
11226,3552,3196,2375,2195,
11220,3556,3184,2371,2196,
11214,3554,3192,2382,2188,
11203,3563,3185,2393,2191,
11223,3555,3171,2383,2198,
11210,3550,3189,2368,2192,
11227,3550,3172,2375,2198,
11224,3530,3166,2401,2207,
11209,3550,3168,2378,2197,
11228,3548,3188,2388,2206,
11219,3541,3193,2378,2194,
11208,3544,3190,2372,2191,
11201,3552,3187,2379,2194,
11209,3541,3193,2384,2203,
11208,3553,3185,2385,2199,
11214,3551,3181,2381,2195,
11225,3537,3180,2381,2195,
11210,3544,3176,2381,2204,
11214,3562,3181,2383,2197,
11210,3559,3187,2375,2189,
11215,3548,3194,2388,2188,
11208,3561,3176,2383,2194,
11216,3549,3182,2386,2202,
11213,3553,3194,2383,2198,
11224,3561,3199,2385,2191,
11201,3549,3185,2393,2189,
11238,3545,3183,2368,2198,
11225,3549,3186,2390,2197,
11213,3551,3185,2380,2196,
11220,3542,3191,2384,2185,
11216,3548,3192,2377,2186,
11218,3553,3176,2392,2208,
11221,3548,3174,2366,2201,
11216,3539,3185,2380,2193,
11207,3561,3183,2392,2198,
11211,3540,3193,2387,2208,
11222,3559,3181,2378,2199,
11218,3550,3170,2378,2186,
11229,3573,3196,2380,2199,
11221,3548,3195,2385,2195,
11227,3555,3190,2389,2196,
11187,3551,3199,2372,2211,
11224,3548,3191,2390,2188,
11214,3549,3188,2382,2195,
11223,3556,3186,2376,2192,
11217,3553,3184,2380,2193,
11220,3553,3188,2387,2206,
11204,3556,3172,2375,2199,
11215,3553,3184,2379,2194,
11220,3537,3191,2380,2198,
11215,3549,3172,2394,2193,
11230,3549,3187,2365,2188,
11205,3541,3198,2382,2198,
11222,3549,3181,2391,2206,
11216,3549,3190,2389,2192,
11233,3560,3185,2383,2191,
11186,3512,3176,2390,2204,
11213,3545,3188,2370,2198,
11214,3551,3189,2393,2196,
11222,3550,3183,2383,2202,
11226,3547,3181,2389,2188,
11229,3556,3186,2381,2197,
11195,3541,3183,2368,2210,
11220,3550,3190,2382,2191,
11224,3567,3196,2391,2198,
11206,3550,3188,2375,2202,
11223,3526,3173,2387,2206,
11236,3538,3182,2383,2197,
11209,3573,3161,2381,2188,
11219,3554,3190,2386,2194,
11202,3536,3185,2388,2179,
11218,3563,3176,2385,2190,
11219,3542,3193,2382,2196,
11217,3552,3174,2387,2194,
11227,3558,3186,2383,2198,
11214,3548,3182,2384,2196,
11211,3542,3179,2373,2193,
11208,3564,3190,2384,2205,
11212,3545,3190,2388,2199,
11241,3560,3201,2369,2190,
11216,3554,3199,2378,2197,
11231,3538,3193,2392,2210,
11224,3542,3186,2389,2199,
11233,3549,3182,2393,2190,
11223,3559,3192,2384,2196,
11195,3537,3175,2394,2205,
11216,3565,3181,2391,2192,
11216,3550,3184,2377,2192,
11225,3546,3191,2390,2197,
11212,3556,3197,2387,2191,
11234,3548,3189,2386,2201,
11220,3547,3193,2383,2195,
11226,3553,3198,2383,2198,
11220,3544,3204,2395,2197,
11222,3536,3190,2384,2192,
11217,3559,3172,2383,2204,
11208,3552,3177,2403,2201,
11222,3542,3181,2389,2184,
11213,3548,3184,2379,2199,
11221,3558,3172,2375,2202,
11229,3569,3160,2385,2207,
11215,3549,3177,2374,2193,
11218,3553,3189,2379,2200,
11219,3555,3181,2382,2195,
11217,3552,3185,2380,2196,
11223,3549,3184,2387,2190,
11224,3539,3187,2376,2195,
11213,3551,3189,2374,2201,
11222,3554,3186,2379,2193,
11217,3563,3176,2379,2207,
11211,3548,3169,2395,2191,
11215,3557,3195,2381,2185,
11241,3535,3199,2376,2211,
11225,3549,3183,2370,2201,
11206,3541,3187,2374,2202,
11188,3527,3192,2387,2185,
11206,3554,3182,2388,2196,
11214,3554,3179,2382,2192,
11221,3554,3181,2389,2199,
11215,3547,3185,2393,2195,
11226,3559,3187,2379,2200,
11254,3579,3180,2377,2194,
11220,3551,3182,2381,2198,
11215,3553,3173,2378,2199,
11217,3539,3183,2385,2189,
11236,3537,3191,2377,2207,
11235,3540,3175,2386,2198,
11228,3553,3187,2395,2194,
11221,3555,3173,2380,2198,
11224,3570,3199,2375,2196,
11208,3550,3200,2382,2201,
11215,3545,3188,2385,2193,
11217,3553,3184,2382,2196,
11226,3546,3184,2382,2193,
11220,3543,3185,2387,2202,
11215,3561,3196,2389,2206,
11198,3556,3180,2373,2192,
11213,3556,3189,2372,2189,
11225,3535,3173,2405,2200,
11220,3556,3188,2385,2201,
11218,3570,3201,2382,2196,
11212,3534,3192,2376,2198,
11231,3563,3191,2393,2187,
11219,3550,3184,2367,2199,
11235,3546,3189,2371,2192,
11225,3540,3189,2390,2217,
11223,3551,3181,2383,2199,
11213,3555,3183,2385,2197,
11215,3542,3191,2383,2202,
11223,3555,3181,2378,2196,
11213,3553,3183,2375,2205,
11211,3554,3182,2382,2197,
11217,3548,3177,2386,2194,
11209,3564,3203,2369,2197,
11231,3559,3183,2379,2184,
11232,3549,3174,2387,2194,
11237,3545,3162,2384,2186,
11212,3542,3186,2392,2196,
11222,3546,3185,2379,2200,
11206,3553,3195,2368,2203,
11228,3552,3182,2390,2201,
11229,3546,3181,2383,2201,
11218,3543,3180,2383,2194,
11217,3554,3182,2383,2197,
11214,3551,3184,2390,2200,
11218,3557,3203,2395,2193,
11226,3540,3194,2376,2194,
11230,3545,3180,2369,2193,
11213,3559,3167,2379,2207,
11232,3543,3177,2402,2195,
11208,3564,3182,2388,2190,
11215,3538,3186,2396,2203,
11225,3549,3176,2390,2197,
11205,3554,3178,2385,2197,
11215,3530,3164,2391,2194,
11218,3562,3180,2383,2199,
11212,3553,3183,2382,2192,
11218,3553,3189,2387,2194,
11218,3550,3191,2391,2197,
11217,3553,3185,2389,2198,
11211,3544,3188,2385,2193,
11222,3546,3190,2372,2184,
11209,3562,3188,2381,2200,
11229,3545,3191,2373,2206,
11213,3541,3182,2379,2190,
11207,3546,3217,2392,2198,
11224,3565,3187,2381,2200,
11215,3548,3185,2380,2202,
11205,3539,3177,2384,2189,
11198,3540,3180,2384,2211,
11214,3545,3184,2373,2197,
11226,3548,3184,2387,2198,
11223,3554,3180,2388,2194,
11226,3545,3179,2379,2196,
11223,3551,3177,2388,2201,
11234,3533,3176,2378,2201,
11221,3548,3181,2387,2197,
11228,3535,3180,2370,2188,
11236,3540,3189,2381,2197,
11236,3545,3198,2379,2199,
11216,3540,3182,2379,2211,
11225,3555,3176,2390,2196,
11206,3555,3182,2384,2203,
11196,3528,3199,2377,2182,
11222,3546,3195,2387,2204,
11222,3556,3184,2383,2195,
11222,3550,3186,2388,2195,
11210,3546,3182,2377,2202,
11211,3557,3177,2388,2195,
11225,3537,3190,2375,2197,
11235,3535,3183,2379,2194,
11219,3544,3180,2374,2192,
11199,3544,3173,2390,2196,
11217,3570,3179,2385,2200,
11219,3550,3189,2370,2201,
11213,3557,3177,2372,2183,
11235,3540,3175,2380,2196,
11213,3551,3180,2375,2196,
11246,3531,3184,2380,2186,
11242,3546,3195,2378,2203,
11225,3560,3190,2386,2194,
11219,3558,3183,2385,2197,
11217,3557,3187,2387,2200,
11227,3546,3189,2390,2208,
11225,3550,3177,2379,2196,
11229,3553,3179,2389,2189,
11220,3545,3183,2373,2203,
11208,3547,3177,2367,2194,
11205,3544,3188,2394,2191,
11213,3540,3169,2383,2208,
11215,3556,3193,2387,2193,
11209,3550,3178,2384,2195,
11206,3549,3174,2383,2197,
11219,3565,3160,2372,2180,
11226,3549,3195,2383,2196,
11207,3554,3187,2377,2184,
11224,3554,3187,2375,2191,
11221,3553,3190,2383,2200,
11229,3544,3194,2371,2193,
11222,3550,3180,2378,2187,
11214,3549,3193,2384,2200,
11214,3552,3179,2372,2190,
11217,3550,3188,2370,2206,
11250,3551,3186,2380,2199,
11217,3559,3176,2384,2201,
11215,3534,3176,2379,2190,
11215,3557,3181,2392,2204,
11220,3541,3189,2372,2189,
11282,3565,3190,2387,2203,
11217,3546,3185,2376,2211,
11226,3551,3186,2381,2193,
11218,3556,3183,2388,2199,
11233,3547,3196,2389,2198,
11220,3549,3185,2388,2189,
11209,3533,3214,2381,2186,
11226,3542,3184,2381,2198,
11228,3555,3174,2384,2192,
11212,3552,3185,2373,2192,
11223,3539,3177,2370,2191,
11222,3551,3182,2386,2198,
11217,3568,3183,2385,2188,
11213,3551,3189,2380,2194,
11226,3562,3184,2369,2199,
11194,3546,3179,2381,2195,
11215,3542,3178,2385,2197,
11219,3553,3187,2395,2193,
11222,3543,3184,2392,2215,
11216,3552,3176,2388,2196,
11232,3549,3181,2391,2204,
11223,3532,3186,2393,2206,
11229,3556,3191,2380,2196,
11239,3556,3190,2374,2194,
11230,3536,3188,2380,2189,
11212,3535,3183,2377,2199,
11231,3546,3196,2379,2190,
11224,3565,3176,2375,2198,
11219,3538,3188,2388,2198,
11208,3530,3196,2362,2188,
11229,3559,3178,2378,2199,
11220,3550,3196,2392,2201,
11220,3540,3178,2381,2199,
11228,3553,3178,2382,2205,
11211,3551,3185,2382,2207,
11216,3556,3178,2379,2195,
11214,3540,3195,2397,2187,
11213,3540,3177,2388,2196,
11220,3552,3174,2379,2202,
11233,3554,3185,2383,2196,
11209,3557,3178,2381,2198,
11225,3546,3193,2381,2181,
11218,3548,3199,2388,2183,
11211,3550,3163,2383,2203,
11248,3535,3177,2377,2210,
11214,3553,3182,2379,2189,
11212,3549,3182,2382,2192,
11231,3550,3185,2392,2198,
11226,3544,3182,2389,2191,
11229,3547,3183,2380,2203,
11224,3545,3185,2383,2198,
11225,3551,3180,2387,2202,
11211,3543,3181,2382,2191,
11216,3560,3190,2379,2199,
11230,3544,3201,2398,2192,
11195,3570,3182,2374,2191,
11222,3553,3177,2392,2213,
11216,3545,3187,2386,2198,
11213,3562,3198,2374,2194,
11236,3563,3192,2365,2205,
11223,3550,3190,2386,2199,
11226,3537,3191,2374,2191,
11223,3554,3191,2384,2192,
11219,3540,3188,2396,2196,
11226,3551,3187,2390,2204,
11222,3554,3187,2382,2198,
11231,3556,3187,2385,2207,
11225,3545,3168,2382,2200,
11243,3552,3188,2378,2194,
11208,3547,3170,2379,2202,
11222,3563,3190,2383,2196,
11239,3553,3179,2383,2213,
11220,3552,3181,2389,2197,
11217,3557,3180,2383,2211,
11230,3561,3180,2378,2220,
11218,3556,3180,2384,2191,
11214,3549,3181,2378,2197,
11216,3549,3186,2385,2193,
11222,3554,3186,2385,2194,
11219,3548,3185,2369,2195,
11212,3559,3198,2382,2194,
11221,3553,3187,2383,2202,
11222,3534,3191,2379,2206,
11222,3565,3182,2380,2184,
11235,3545,3180,2384,2192,
11207,3548,3205,2388,2194,
11217,3566,3176,2377,2198,
11217,3549,3185,2387,2195,
11198,3530,3181,2376,2189,
11193,3566,3192,2389,2184,
11211,3547,3185,2391,2195,
11214,3546,3192,2377,2196,
11221,3551,3187,2379,2203,
11221,3551,3188,2381,2197,
11214,3565,3182,2388,2201,
11234,3544,3168,2380,2183,
11212,3541,3194,2379,2197,
11207,3538,3191,2382,2185,
11223,3552,3189,2381,2202,
11208,3538,3198,2376,2200,
11215,3544,3197,2376,2190,
11224,3543,3179,2379,2201,
11229,3544,3185,2388,2202,
11251,3561,3170,2393,2195,
11244,3562,3191,2385,2196,
11224,3542,3182,2383,2189,
11210,3552,3183,2389,2187,
11228,3549,3175,2382,2195,
11218,3547,3185,2386,2200,
11223,3543,3190,2377,2204,
11196,3543,3186,2387,2185,
11230,3564,3190,2379,2187,
11222,3548,3172,2383,2195,
11234,3550,3182,2367,2209,
11216,3555,3168,2389,2197,
11215,3534,3187,2387,2191,
11219,3551,3187,2380,2196,
11209,3559,3175,2384,2195,
11188,3559,3172,2378,2199,
11216,3548,3182,2398,2196,
11221,3545,3184,2377,2197,
11213,3556,3182,2382,2188,
11208,3559,3191,2387,2196,
11225,3552,3190,2383,2205,
11224,3549,3167,2369,2193,
11216,3552,3179,2367,2201,
11208,3537,3179,2383,2190,
11218,3531,3180,2393,2189,
11218,3539,3188,2384,2190,
11213,3577,3192,2375,2183,
11232,3567,3196,2378,2190,
11222,3556,3175,2387,2192,
11222,3535,3196,2393,2196,
11194,3523,3207,2377,2194,
11220,3548,3184,2380,2194,
11224,3558,3181,2382,2192,
11222,3553,3178,2388,2198,
11219,3543,3193,2389,2197,
11218,3553,3188,2382,2201,
11242,3567,3173,2381,2212,
11226,3552,3179,2376,2206,
11214,3567,3183,2375,2201,
11219,3564,3179,2376,2204,
11216,3561,3182,2381,2199,
11208,3553,3176,2378,2208,
11215,3541,3198,2375,2193,
11209,3556,3189,2392,2205,
11222,3556,3177,2401,2202,
11250,3589,3197,2386,2189,
11225,3550,3180,2377,2199,
11218,3551,3187,2369,2189,
11214,3555,3183,2381,2192,
11227,3557,3186,2385,2201,
11212,3543,3186,2379,2201,
11217,3575,3175,2386,2196,
11217,3547,3182,2388,2195,
11218,3562,3176,2382,2197,
11215,3555,3182,2390,2196,
11243,3542,3184,2386,2198,
11211,3557,3187,2385,2199,
11227,3540,3178,2378,2205,
11207,3553,3186,2390,2185,
11204,3530,3192,2375,2184,
11225,3565,3175,2383,2195,
11219,3547,3178,2382,2192,
11222,3554,3184,2378,2197,
11213,3556,3184,2381,2196,
11224,3558,3189,2391,2196,
11217,3552,3176,2384,2198,
11221,3545,3189,2385,2211,
11215,3549,3189,2386,2190,
11242,3550,3180,2385,2196,
11195,3547,3190,2401,2200,
11205,3557,3204,2377,2207,
11212,3563,3185,2369,2188,
11221,3552,3184,2384,2196,
11220,3544,3191,2383,2195,
11201,3557,3204,2378,2188,
11215,3548,3188,2386,2198,
11214,3548,3178,2382,2188,
11211,3556,3193,2386,2188,
11222,3550,3191,2378,2192,
11217,3541,3183,2379,2192,
11223,3551,3170,2389,2192,
11213,3551,3185,2383,2201,
11218,3551,3207,2386,2185,
11209,3540,3187,2384,2190,
11227,3546,3198,2376,2194,
11216,3553,3179,2381,2192,
11212,3542,3190,2369,2188,
11217,3563,3185,2388,2206,
11224,3542,3186,2370,2193,
11218,3549,3213,2394,2219,
11214,3547,3179,2388,2186,
11210,3549,3189,2373,2203,
11210,3554,3187,2375,2191,
11212,3555,3190,2390,2198,
11227,3547,3183,2384,2203,
11213,3553,3182,2393,2205,
11222,3548,3177,2389,2189,
11204,3547,3184,2385,2195,
11213,3552,3194,2383,2200,
11218,3541,3215,2383,2196,
11208,3542,3188,2371,2192,
11203,3550,3182,2401,2196,
11210,3541,3195,2383,2192,
11222,3539,3184,2386,2197,
11214,3559,3173,2391,2186,
11219,3544,3185,2391,2199,
11228,3553,3195,2381,2193,
11217,3543,3182,2385,2197,
11223,3550,3184,2391,2192,
11216,3541,3183,2382,2207,
11246,3567,3168,2384,2211,
11211,3550,3190,2385,2206,
11211,3573,3196,2382,2190,
11213,3540,3190,2376,2191,
11218,3545,3182,2381,2205,
11254,3546,3181,2377,2197,
11225,3562,3184,2374,2198,
11214,3550,3180,2382,2203,
11215,3556,3191,2369,2209,
11213,3558,3191,2383,2195,
11211,3550,3192,2387,2192,
11225,3543,3184,2382,2195,
11212,3546,3177,2393,2209,
11215,3551,3184,2380,2192,
11218,3538,3179,2392,2202,
11222,3566,3177,2376,2194,
11213,3552,3184,2377,2191,
11225,3559,3178,2379,2200,
11221,3552,3171,2380,2189,
11212,3545,3175,2381,2205,
11208,3539,3170,2378,2177,
11224,3536,3191,2377,2198,
11224,3546,3181,2387,2201,
11199,3539,3179,2377,2229,
11200,3547,3188,2378,2194,
11224,3547,3179,2376,2195,
11222,3547,3178,2386,2207,
11219,3550,3188,2387,2192,
11218,3555,3185,2380,2200,
11203,3555,3193,2395,2195,
11206,3545,3180,2373,2205,
11226,3550,3179,2386,2195,
11211,3545,3193,2390,2184,
11210,3540,3180,2375,2192,
11257,3550,3193,2382,2211,
11211,3543,3186,2398,2196,
11229,3550,3184,2384,2200,
11218,3549,3182,2388,2189,
11209,3577,3199,2386,2198,
11208,3567,3183,2395,2190,
11230,3563,3185,2384,2195,
11223,3549,3180,2387,2207,
11216,3546,3184,2376,2194,
11224,3558,3178,2387,2203,
11209,3552,3198,2384,2194,
11217,3537,3191,2389,2209,
11207,3569,3180,2377,2199,
11211,3567,3175,2387,2200,
11214,3560,3214,2387,2205,
11222,3555,3175,2395,2194,
11216,3563,3183,2380,2191,
11217,3554,3191,2379,2206,
11218,3563,3184,2383,2199,
11202,3572,3172,2389,2211,
11219,3539,3182,2383,2194,
11212,3544,3179,2380,2192,
11216,3543,3197,2385,2197,
11218,3551,3187,2384,2193,
11214,3553,3187,2384,2198,
11212,3542,3189,2377,2202,
11221,3541,3190,2380,2190,
11207,3545,3176,2375,2199,
11208,3549,3200,2385,2203,
11218,3556,3187,2376,2192,
11234,3570,3176,2376,2192,
11244,3546,3187,2380,2203,
11217,3555,3205,2390,2192,
11223,3559,3184,2377,2199,
11223,3537,3188,2385,2193,
11233,3553,3191,2378,2190,
11225,3552,3191,2379,2200,
11225,3552,3192,2383,2201,
11227,3557,3193,2385,2198,
11219,3550,3178,2383,2192,
11206,3529,3182,2383,2215,
11219,3553,3181,2389,2202,
11208,3536,3179,2386,2204,
11234,3562,3172,2379,2179,
11216,3567,3181,2368,2190,
11253,3543,3186,2380,2194,
11203,3566,3172,2380,2203,
11221,3560,3186,2392,2199,
11218,3553,3190,2374,2193,
11203,3546,3182,2380,2200,
11229,3549,3188,2384,2186,
11214,3554,3189,2378,2192,
11213,3548,3179,2381,2197,
11218,3549,3187,2385,2191,
11219,3546,3185,2385,2195,
11250,3545,3168,2372,2189,
11221,3549,3191,2389,2198,
11221,3569,3186,2386,2199,
11209,3545,3175,2390,2201,
11220,3555,3186,2390,2212,
11239,3551,3196,2385,2186,
11214,3556,3182,2374,2190,
11221,3557,3193,2377,2197,
11223,3544,3169,2381,2204,
11231,3564,3180,2388,2194,
11215,3555,3190,2375,2199,
11221,3546,3189,2385,2201,
11223,3549,3183,2385,2190,
11225,3555,3184,2391,2196,
11223,3552,3184,2385,2189,
11218,3555,3189,2373,2194,
11226,3558,3186,2381,2188,
11207,3561,3194,2389,2202,
11212,3559,3182,2381,2192,
11219,3541,3187,2375,2199,
11212,3553,3174,2384,2187,
11214,3542,3191,2372,2194,
11216,3541,3191,2379,2195,
11208,3535,3231,2396,2204,
11214,3553,3179,2377,2197,
11220,3553,3187,2387,2193,
11226,3551,3185,2378,2201,
11223,3550,3191,2393,2198,
11226,3558,3185,2382,2193,
11215,3547,3196,2367,2184,
11235,3547,3186,2374,2196,
11231,3552,3174,2376,2201,
11220,3540,3172,2394,2184,
11202,3561,3177,2374,2200,
11221,3535,3194,2374,2200,
11204,3545,3193,2398,2189,
11218,3551,3181,2376,2197,
11228,3554,3188,2388,2197,
11219,3522,3200,2384,2174,
11217,3565,3179,2392,2191,
11228,3553,3191,2385,2196,
11219,3548,3178,2388,2194,
11218,3545,3191,2392,2195,
11219,3550,3188,2389,2200,
11194,3541,3186,2393,2204,
11222,3551,3193,2388,2201,
11214,3533,3192,2382,2189,
11218,3542,3185,2384,2197,
11205,3546,3163,2370,2200,
11215,3555,3183,2376,2198,
11203,3550,3182,2388,2190,
11221,3539,3190,2380,2207,
11202,3540,3197,2383,2194,
11223,3551,3190,2379,2204,
11218,3545,3185,2396,2203,
11223,3552,3190,2389,2190,
11227,3554,3176,2389,2197,
11211,3551,3183,2378,2196,
11215,3543,3186,2387,2195,
11215,3542,3199,2386,2199,
11226,3555,3192,2389,2192,
11225,3545,3186,2375,2194,
11233,3547,3184,2367,2189,
11230,3555,3197,2381,2188,
11200,3541,3175,2382,2208,
11214,3549,3174,2386,2186,
11223,3560,3186,2386,2187,
11232,3551,3183,2375,2198,
11207,3549,3189,2384,2201,
11230,3560,3192,2373,2194,
11229,3558,3188,2382,2201,
11215,3547,3191,2394,2196,
11219,3548,3187,2383,2197,
11217,3561,3191,2385,2202,
11213,3558,3182,2387,2192,
11232,3557,3188,2385,2189,
11211,3540,3185,2377,2198,
11212,3545,3192,2388,2196,
11215,3543,3184,2388,2192,
11250,3551,3181,2399,2193,
11205,3553,3192,2375,2201,
11227,3550,3186,2381,2202,
11231,3550,3178,2393,2187,
11216,3555,3183,2386,2196,
11219,3551,3187,2389,2198,
11229,3548,3194,2381,2198,
11228,3548,3195,2386,2198,
11217,3551,3181,2384,2200,
11231,3551,3206,2397,2191,
11220,3579,3184,2383,2208,
11208,3566,3191,2390,2191,
11214,3551,3187,2374,2196,
11232,3544,3191,2385,2201,
11225,3557,3175,2379,2204,
11205,3538,3195,2390,2197,
11210,3549,3181,2377,2209,
11233,3551,3173,2385,2202,
11201,3533,3169,2383,2200,
11225,3551,3184,2390,2188,
11221,3558,3185,2378,2200,
11229,3543,3185,2375,2198,
11218,3564,3191,2385,2196,
11225,3546,3184,2375,2198,
11232,3543,3170,2381,2209,
11221,3552,3185,2382,2199,
11229,3561,3190,2370,2210,
11220,3556,3184,2370,2196,
11232,3562,3176,2391,2196,
11232,3539,3175,2389,2191,
11220,3559,3184,2383,2203,
11224,3543,3175,2375,2203,
11218,3559,3196,2387,2203,
11194,3552,3212,2378,2191,
11228,3554,3185,2380,2196,
11227,3547,3184,2379,2192,
11214,3555,3182,2388,2201,
11214,3556,3187,2383,2191,
11228,3551,3189,2385,2198,
11216,3556,3183,2372,2201,
11218,3547,3185,2376,2192,
11221,3555,3193,2387,2191,
11218,3543,3192,2381,2196,
11218,3547,3195,2381,2214,
11209,3546,3188,2394,2220,
11211,3557,3187,2386,2197,
11220,3545,3173,2380,2199,
11223,3557,3184,2371,2210,
11232,3541,3174,2390,2182,
11230,3555,3193,2375,2190,
11224,3556,3178,2389,2207,
11227,3549,3192,2378,2194,
11219,3545,3194,2374,2195,
11212,3563,3173,2386,2202,
11236,3541,3183,2387,2195,
11228,3547,3186,2390,2206,
11215,3563,3197,2379,2193,
11202,3545,3177,2393,2187,
11219,3564,3196,2371,2202,
11217,3564,3178,2383,2188,
11243,3554,3188,2383,2200,
11208,3564,3191,2385,2183,
11209,3541,3165,2392,2197,
11221,3551,3185,2381,2196,
11224,3553,3198,2382,2192,
11211,3554,3184,2379,2195,
11218,3549,3182,2383,2198,
11230,3550,3183,2385,2192,
11218,3554,3172,2372,2189,
11235,3543,3182,2377,2201,
11225,3560,3186,2372,2189,
11216,3559,3179,2382,2201,
11214,3553,3191,2386,2194,
11218,3575,3185,2397,2192,
11233,3563,3182,2385,2190,
11225,3531,3187,2387,2182,
11214,3554,3168,2385,2204,
11274,3530,3190,2406,2185,
11217,3556,3188,2387,2189,
11222,3544,3187,2389,2208,
11229,3550,3185,2379,2193,
11223,3551,3189,2375,2200,
11215,3553,3185,2372,2199,
11213,3545,3194,2377,2205,
11209,3549,3187,2375,2192,
11234,3545,3172,2379,2194,
11211,3536,3182,2393,2187,
11216,3544,3187,2376,2207,
11219,3556,3194,2392,2189,
11226,3561,3178,2372,2196,
11223,3542,3194,2381,2191,
11219,3566,3183,2394,2200,
11204,3532,3182,2385,2185,
11214,3546,3186,2377,2201,
11230,3548,3190,2376,2198,
11217,3555,3190,2376,2206,
11219,3560,3189,2387,2191,
11224,3559,3191,2385,2211,
11229,3564,3201,2385,2198,
11221,3555,3194,2385,2194,
11236,3541,3194,2384,2200,
11240,3554,3200,2383,2203,
11216,3561,3174,2381,2204,
11210,3573,3189,2389,2194,
11215,3539,3179,2376,2193,
11223,3543,3192,2375,2198,
11236,3560,3198,2372,2213,
11243,3544,3184,2378,2200,
11231,3561,3187,2383,2194,
11209,3553,3180,2376,2195,
11224,3544,3189,2383,2197,
11225,3548,3177,2385,2200,
11226,3538,3189,2384,2197,
11221,3548,3191,2387,2199,
11223,3554,3198,2374,2195,
11230,3562,3195,2383,2207,
11215,3547,3184,2394,2203,
11245,3535,3183,2387,2203,
11218,3546,3170,2376,2192,
11211,3552,3180,2373,2190,
11221,3555,3196,2378,2195,
11204,3571,3207,2358,2189,
11206,3548,3191,2386,2199,
11226,3548,3180,2385,2194,
11214,3554,3186,2381,2198,
11223,3557,3192,2378,2193,
11226,3553,3192,2377,2201,
11231,3552,3180,2376,2185,
11221,3555,3190,2382,2192,
11227,3559,3197,2386,2194,
11211,3555,3172,2374,2196,
11222,3551,3176,2391,2183,
11204,3559,3187,2380,2188,
11216,3547,3194,2379,2191,
11221,3548,3181,2382,2201,
11227,3546,3182,2373,2193,
11215,3532,3195,2379,2173,
11231,3556,3189,2387,2206,
11221,3544,3188,2384,2203,
11217,3556,3191,2386,2200,
11223,3548,3176,2393,2205,
11220,3555,3177,2386,2198,
11231,3538,3176,2371,2196,
11242,3540,3185,2381,2200,
11220,3563,3170,2391,2187,
11213,3566,3182,2388,2189,
11203,3551,3183,2380,2197,
11208,3558,3191,2365,2199,
11209,3534,3185,2387,2203,
11225,3558,3179,2389,2194,
11214,3554,3190,2380,2212,
11205,3537,3191,2381,2200,
11217,3558,3184,2386,2192,
11219,3563,3194,2376,2195,
11229,3545,3170,2380,2205,
11223,3550,3186,2383,2193,
11210,3549,3176,2387,2191,
11220,3547,3178,2384,2205,
11216,3555,3187,2382,2196,
11232,3550,3187,2382,2194,
11214,3547,3182,2362,2197,
11241,3551,3183,2368,2196,
11238,3543,3191,2384,2202,
11204,3566,3181,2381,2193,
11218,3553,3186,2384,2202,
11215,3536,3166,2379,2187,
11216,3580,3191,2382,2191,
11224,3540,3197,2374,2201,
11226,3547,3178,2385,2202,
11231,3538,3186,2383,2192,
11220,3544,3180,2387,2205,
11211,3542,3185,2380,2187,
11235,3544,3194,2391,2201,
11228,3537,3193,2381,2202,
11228,3530,3190,2388,2191,
11213,3538,3194,2372,2202,
11222,3561,3217,2380,2195,
11213,3551,3185,2391,2194,
11240,3555,3184,2383,2193,
11211,3555,3185,2386,2204,
11218,3541,3166,2406,2201,
11233,3559,3191,2386,2196,
11221,3550,3182,2382,2195,
11229,3557,3186,2381,2200,
11223,3554,3192,2384,2200,
11216,3553,3182,2389,2196,
11218,3541,3193,2369,2200,
11224,3570,3187,2377,2206,
11228,3549,3178,2381,2206,
11225,3542,3198,2387,2190,
11205,3542,3184,2388,2197,
11224,3536,3191,2379,2207,
11241,3551,3193,2384,2195,
11218,3537,3187,2381,2197,
11216,3545,3202,2390,2189,
11220,3548,3218,2399,2189,
11214,3559,3193,2391,2196,
11216,3556,3191,2372,2202,
11221,3556,3183,2399,2189,
11217,3547,3187,2378,2194,
11212,3551,3190,2392,2198,
11217,3553,3185,2383,2191,
11202,3544,3173,2392,2201,
11220,3558,3185,2380,2190,
11239,3544,3190,2377,2199,
11235,3550,3199,2381,2202,
11216,3540,3205,2389,2188,
11235,3561,3188,2376,2203,
11236,3544,3177,2380,2194,
11235,3544,3181,2382,2186,
11223,3584,3182,2379,2212,
11225,3549,3186,2375,2197,
11217,3561,3182,2383,2196,
11219,3548,3189,2384,2197,
11216,3549,3185,2387,2199,
11212,3550,3179,2390,2199,
11208,3563,3168,2370,2202,
11221,3547,3188,2374,2201,
11212,3549,3183,2385,2195,
11217,3552,3170,2383,2207,
11210,3557,3181,2383,2196,
11227,3555,3193,2394,2183,
11205,3546,3174,2391,2204,
11222,3552,3192,2372,2200,
11215,3538,3178,2373,2198,
11221,3543,3167,2383,2206,
11220,3546,3185,2378,2196,
11229,3556,3194,2377,2185,
11219,3551,3181,2381,2198,
11222,3546,3187,2383,2201,
11219,3542,3179,2386,2200,
11228,3551,3177,2370,2205,
11203,3549,3186,2383,2193,
11230,3548,3200,2395,2191,
11229,3555,3186,2379,2206,
11224,3537,3184,2386,2201,
11239,3558,3185,2389,2189,
11220,3554,3187,2380,2193,
11212,3561,3181,2392,2200,
11241,3572,3178,2392,2200,
11197,3556,3194,2373,2198,
11224,3547,3174,2380,2191,
11209,3550,3195,2384,2193,
11219,3551,3187,2376,2199,
11232,3552,3182,2386,2191,
11225,3545,3179,2386,2188,
11229,3547,3184,2385,2184,
11211,3554,3180,2369,2184,
11222,3558,3199,2383,2193,
11225,3551,3172,2378,2202,
11217,3545,3182,2385,2199,
11229,3542,3190,2384,2198,
11209,3557,3194,2373,2197,
11222,3546,3195,2379,2190,
11242,3556,3187,2393,2176,
11221,3561,3181,2375,2200,
11231,3546,3191,2387,2193,
11220,3553,3184,2381,2187,
11217,3562,3190,2382,2195,
11219,3551,3189,2378,2197,
11223,3541,3197,2388,2199,
11232,3567,3177,2381,2200,
11217,3549,3194,2386,2198,
11238,3531,3182,2369,2199,
11217,3557,3183,2376,2202,
11205,3541,3174,2391,2204,
11220,3548,3175,2380,2201,
11229,3562,3187,2390,2201,
11209,3531,3186,2381,2199,
11265,3525,3192,2392,2190,
11223,3556,3179,2382,2186,
11221,3545,3187,2384,2193,
11230,3554,3181,2368,2202,
11213,3550,3181,2379,2196,
11218,3551,3174,2382,2195,
11208,3551,3177,2380,2191,
11218,3558,3184,2373,2197,
11243,3554,3190,2388,2195,
11238,3537,3181,2378,2194,
11227,3560,3184,2382,2190,
11215,3556,3186,2377,2185,
11218,3548,3189,2388,2197,
11207,3550,3189,2380,2193,
11233,3548,3186,2379,2192,
11201,3535,3179,2393,2205,
11230,3544,3186,2374,2195,
11225,3555,3185,2374,2199,
11224,3556,3185,2387,2193,
11225,3553,3184,2387,2206,
11222,3552,3186,2385,2204,
11207,3562,3169,2395,2202,
11215,3555,3191,2384,2199,
11227,3546,3180,2379,2199,
11219,3564,3184,2380,2205,
11236,3540,3198,2373,2194,
11226,3573,3180,2385,2185,
11208,3557,3198,2378,2194,
11213,3553,3182,2380,2195,
11221,3562,3196,2369,2211,
11209,3537,3186,2376,2186,
11223,3553,3180,2394,2193,
11211,3554,3188,2380,2195,
11225,3541,3188,2382,2198,
11224,3552,3191,2379,2207,
11233,3553,3195,2371,2191,
11254,3539,3186,2387,2191,
11226,3549,3198,2377,2192,
11208,3546,3181,2385,2191,
11193,3546,3186,2386,2187,
11236,3547,3189,2396,2185,
11216,3544,3194,2383,2194,
11233,3556,3176,2387,2196,
11214,3550,3170,2384,2184,
11216,3552,3171,2391,2219,
11199,3536,3193,2393,2193,
11228,3556,3182,2380,2203,
11215,3554,3192,2382,2192,
11221,3554,3188,2384,2193,
11222,3554,3183,2383,2195,
11223,3543,3186,2386,2194,
11201,3533,3191,2396,2188,
11221,3544,3188,2387,2191,
11212,3562,3191,2372,2202,
11213,3545,3180,2387,2193,
11228,3535,3185,2379,2216,
11212,3562,3184,2370,2207,
11219,3559,3188,2387,2197,
11224,3550,3174,2385,2200,
11228,3523,3191,2379,2193,
11227,3552,3184,2389,2191,
11217,3553,3194,2385,2201,
11215,3546,3186,2379,2196,
11227,3552,3183,2387,2195,
11224,3546,3182,2376,2185,
11207,3546,3194,2385,2190,
11215,3552,3183,2394,2194,
11205,3581,3186,2391,2187,
11228,3551,3176,2374,2196,
11229,3555,3190,2378,2209,
11222,3549,3186,2387,2199,
11208,3554,3182,2379,2188,
11211,3540,3179,2380,2205,
11232,3560,3187,2374,2198,
11210,3550,3165,2385,2204,
11212,3556,3191,2379,2195,
11213,3551,3192,2382,2197,
11219,3558,3182,2378,2202,
11221,3545,3185,2388,2197,
11220,3547,3176,2382,2201,
11202,3532,3190,2391,2189,
11223,3548,3182,2378,2198,
11211,3532,3173,2378,2200,
11203,3560,3173,2382,2198,
11216,3532,3175,2378,2197,
11238,3560,3187,2375,2190,
11232,3559,3192,2385,2183,
11229,3554,3194,2378,2201,
11245,3554,3197,2394,2203,
11226,3529,3196,2377,2187,
11221,3543,3187,2382,2194,
11219,3551,3181,2389,2203,
11225,3548,3179,2379,2198,
11225,3548,3185,2376,2192,
11226,3554,3185,2380,2196,
11226,3544,3191,2379,2197,
11217,3550,3180,2379,2197,
11208,3549,3197,2368,2196,
11225,3541,3182,2375,2195,
11218,3553,3191,2369,2201,
11217,3552,3182,2388,2193,
11225,3544,3170,2391,2197,
11224,3548,3179,2389,2193,
11213,3555,3166,2402,2199,
11204,3555,3191,2394,2200,
11223,3549,3192,2380,2202,
11218,3549,3179,2377,2192,
11220,3553,3183,2385,2193,
11213,3544,3193,2391,2195,
11223,3542,3190,2381,2202,
11214,3552,3188,2375,2209,
11223,3551,3191,2381,2198,
11213,3557,3188,2382,2193,
11236,3538,3181,2367,2197,
11235,3557,3181,2394,2209,
11214,3546,3180,2384,2186,
11222,3554,3181,2384,2193,
11228,3553,3179,2383,2187,
11240,3554,3193,2364,2208,
11228,3545,3185,2391,2201,
11225,3545,3174,2373,2196,
11217,3552,3186,2379,2200,
11220,3557,3194,2385,2196,
11218,3553,3180,2384,2194,
11223,3544,3183,2379,2206,
11234,3545,3197,2381,2196,
11223,3542,3167,2379,2189,
11209,3546,3187,2377,2196,
11226,3544,3183,2380,2188,
11223,3540,3199,2392,2204,
11207,3548,3196,2375,2192,
11206,3558,3178,2388,2194,
11216,3550,3192,2386,2195,
11198,3557,3202,2390,2217,
11220,3542,3190,2378,2195,
11218,3547,3187,2380,2205,
11210,3553,3197,2383,2195,
11216,3554,3187,2381,2196,
11219,3550,3180,2383,2195,
11212,3560,3168,2385,2195,
11223,3555,3181,2381,2189,
11233,3567,3178,2387,2186,
11213,3542,3167,2380,2195,
11227,3553,3193,2387,2182,
11224,3534,3189,2383,2220,
11216,3561,3186,2376,2198,
11226,3546,3183,2380,2198,
11205,3527,3185,2373,2190,
11188,3552,3204,2378,2195,
11225,3551,3185,2388,2188,
11221,3556,3182,2384,2190,
11220,3552,3188,2376,2203,
11225,3548,3190,2385,2189,
11221,3551,3185,2381,2198,
11187,3551,3204,2383,2187,
11214,3547,3187,2383,2203,
11208,3567,3182,2366,2191,
11222,3531,3192,2375,2189,
11202,3557,3181,2389,2199,
11216,3563,3191,2389,2192,
11215,3552,3182,2373,2202,
11222,3556,3173,2386,2201,
11239,3571,3176,2392,2208,
11220,3550,3188,2389,2192,
11226,3551,3185,2379,2197,
11219,3557,3181,2376,2192,
11211,3550,3187,2381,2194,
11217,3549,3187,2388,2198,
11216,3553,3190,2377,2193,
11229,3559,3198,2383,2194,
11224,3544,3183,2381,2193,
11218,3550,3190,2379,2199,
11217,3540,3181,2374,2195,
11200,3568,3205,2375,2198,
11223,3568,3169,2379,2200,
11234,3544,3185,2380,2201,
11219,3564,3185,2385,2190,
11233,3533,3164,2387,2214,
11204,3544,3176,2377,2188,
11219,3549,3190,2383,2198,
11219,3548,3180,2383,2198,
11212,3548,3184,2385,2195,
11220,3541,3182,2382,2194,
11222,3551,3204,2379,2188,
11232,3554,3177,2391,2202,
11210,3567,3193,2380,2193,
11249,3539,3202,2385,2193,
11218,3553,3165,2375,2193,
11215,3546,3166,2380,2190,
11227,3544,3212,2382,2195,
11227,3551,3179,2385,2203,
11225,3558,3187,2394,2180,
11218,3566,3186,2391,2208,
11220,3547,3190,2378,2193,
11213,3552,3178,2385,2189,
11218,3544,3190,2385,2190,
11216,3554,3186,2380,2192,
11221,3564,3193,2384,2203,
11234,3542,3177,2392,2189,
11214,3559,3183,2392,2194,
11220,3553,3195,2376,2196,
11208,3551,3193,2384,2202,
11224,3545,3188,2379,2208,
11217,3540,3184,2369,2196,
11212,3539,3196,2388,2192,
11222,3553,3188,2388,2194,
11223,3537,3197,2391,2210,
11245,3567,3191,2378,2180,
11223,3551,3181,2381,2193,
11213,3553,3175,2384,2200,
11221,3554,3187,2383,2195,
11207,3554,3185,2381,2197,
11218,3556,3182,2375,2194,
11207,3537,3180,2383,2201,
11211,3549,3186,2381,2199,
11217,3549,3176,2396,2198,
11215,3556,3173,2389,2194,
11232,3548,3188,2369,2197,
11232,3534,3175,2385,2202,
11199,3553,3187,2369,2200,
11222,3538,3187,2386,2205,
11205,3547,3189,2369,2194,
11244,3547,3179,2383,2198,
11221,3557,3189,2386,2193,
11228,3560,3187,2382,2188,
11228,3549,3190,2387,2190,
11225,3545,3170,2391,2197,
11219,3547,3184,2391,2194,
11210,3560,3194,2371,2188,
11217,3550,3203,2370,2199,
11205,3545,3178,2380,2184,
11223,3554,3189,2371,2193,
11234,3554,3176,2388,2208,
11221,3567,3186,2381,2195,
11219,3551,3175,2386,2208,
11217,3551,3175,2375,2191,
11228,3566,3188,2396,2184,
11209,3543,3184,2377,2188,
11210,3550,3191,2381,2182,
11226,3543,3184,2380,2193,
11222,3554,3189,2390,2200,
11215,3550,3182,2376,2208,
11228,3546,3187,2379,2194,
11215,3544,3189,2376,2201,
11226,3548,3166,2374,2200,
11226,3561,3187,2386,2185,
11225,3555,3176,2377,2206,
11232,3552,3185,2382,2197,
11216,3556,3186,2377,2187,
11213,3548,3187,2382,2198,
11229,3551,3172,2384,2200,
11200,3556,3202,2378,2204,
11217,3547,3194,2377,2209,
11216,3559,3179,2383,2192,
11220,3545,3183,2374,2203,
11220,3554,3187,2397,2192,
11209,3549,3185,2384,2195,
11216,3556,3178,2388,2195,
11227,3546,3199,2374,2200,
11214,3544,3170,2384,2192,
11215,3535,3180,2379,2190,
11202,3542,3184,2387,2197,
11236,3539,3180,2378,2201,
11220,3544,3195,2388,2185,
11216,3556,3184,2393,2198,
11230,3542,3168,2388,2194,
11185,3543,3172,2385,2201,
11219,3538,3186,2382,2201,
11215,3556,3182,2383,2206,
11220,3551,3181,2389,2201,
11229,3546,3176,2382,2202,
11226,3541,3194,2386,2197,
11217,3552,3196,2373,2189,
11213,3556,3184,2378,2196,
11215,3541,3190,2381,2203,
11207,3538,3186,2387,2180,
11208,3539,3183,2382,2202,
11231,3548,3188,2380,2188,
11219,3558,3185,2380,2195,
11218,3556,3185,2391,2199,
11210,3535,3195,2381,2192,
11224,3539,3191,2381,2194,
11218,3552,3193,2389,2193,
11216,3550,3182,2384,2206,
11224,3551,3188,2382,2199,
11207,3540,3200,2379,2201,
11215,3556,3188,2380,2202,
11213,3555,3192,2381,2202,
11213,3549,3172,2381,2194,
11216,3559,3170,2395,2194,
11219,3551,3190,2390,2214,
11205,3544,3176,2372,2202,
11210,3541,3210,2382,2191,
11220,3559,3176,2384,2186,
11231,3548,3175,2386,2203,
11240,3553,3173,2374,2191,
11207,3540,3187,2386,2185,
11226,3550,3183,2383,2196,
11217,3556,3195,2384,2194,
11217,3548,3184,2386,2196,
11216,3558,3190,2385,2200,
11224,3551,3183,2377,2195,
11200,3541,3191,2378,2201,
11231,3563,3187,2393,2197,
11225,3555,3192,2379,2179,
11245,3550,3185,2366,2195,
11212,3554,3185,2373,2189,
11236,3536,3183,2379,2192,
11215,3550,3184,2381,2191,
11215,3545,3187,2388,2191,
11206,3576,3183,2379,2197,
11222,3552,3181,2386,2192,
11218,3544,3182,2377,2196,
11213,3545,3183,2381,2194,
11221,3547,3190,2394,2197,
11226,3553,3183,2395,2196,
11222,3559,3187,2388,2197,
11211,3552,3182,2373,2196,
11229,3554,3182,2387,2196,
11228,3546,3185,2380,2194,
11213,3533,3181,2380,2193,
11199,3563,3173,2382,2195,
11226,3561,3193,2383,2196,
11224,3553,3198,2386,2191,
11230,3561,3182,2375,2196,
11208,3554,3192,2362,2186,
11229,3544,3171,2378,2200,
11227,3552,3172,2379,2202,
11225,3558,3188,2379,2194,
11222,3555,3178,2384,2197,
11220,3549,3180,2380,2203,
11234,3571,3208,2391,2191,
11219,3540,3189,2379,2198,
11232,3540,3186,2381,2206,
11221,3567,3174,2385,2203,
11217,3557,3172,2378,2190,
11236,3563,3186,2394,2191,
11220,3549,3184,2376,2195,
11218,3553,3191,2386,2203,
11211,3528,3195,2376,2189,
11231,3552,3178,2395,2199,
11227,3545,3190,2378,2197,
11219,3549,3188,2391,2200,
11214,3555,3176,2387,2201,
11213,3551,3198,2382,2198,
11210,3554,3195,2392,2182,
11206,3575,3193,2385,2202,
11210,3539,3185,2389,2201,
11222,3565,3193,2383,2195,
11231,3552,3177,2384,2195,
11241,3536,3180,2397,2201,
11217,3558,3199,2384,2203,
11218,3551,3178,2382,2186,
11216,3544,3172,2392,2199,
11211,3548,3216,2359,2180,
11209,3547,3189,2393,2197,
11218,3548,3185,2387,2191,
11217,3557,3197,2386,2195,
11229,3550,3183,2382,2190,
11218,3546,3185,2386,2207,
11223,3562,3167,2389,2208,
11227,3557,3189,2388,2191,
11208,3546,3184,2377,2190,
11210,3559,3186,2381,2200,
11214,3542,3191,2368,2198,
11211,3542,3179,2395,2208,
11236,3570,3178,2399,2199,
11224,3548,3187,2380,2192,
11232,3556,3181,2399,2197,
11266,3520,3192,2377,2187,
11223,3549,3189,2389,2203,
11215,3545,3190,2373,2199,
11215,3546,3179,2379,2192,
11218,3554,3178,2371,2197,
11215,3551,3198,2373,2199,
11218,3560,3181,2398,2195,
11216,3560,3199,2382,2200,
11231,3540,3193,2385,2203,
11214,3565,3191,2390,2197,
11215,3545,3181,2386,2201,
11203,3562,3190,2380,2209,
11218,3549,3197,2380,2188,
11221,3549,3185,2391,2188,
11217,3538,3180,2377,2205,
11245,3575,3188,2382,2206,
11231,3539,3198,2373,2196,
11214,3554,3193,2380,2208,
11218,3536,3189,2386,2193,
11223,3560,3180,2382,2199,
11226,3547,3193,2383,2193,
11237,3536,3170,2386,2203,
11220,3553,3182,2389,2197,
11221,3557,3206,2376,2199,
11228,3553,3176,2371,2200,
11199,3546,3175,2393,2195,
11209,3542,3184,2377,2205,
11240,3554,3178,2405,2184,
11216,3550,3174,2389,2208,
11216,3548,3207,2372,2197,
11202,3561,3181,2377,2193,
11217,3553,3183,2392,2192,
11215,3548,3184,2390,2193,
11222,3548,3181,2372,2194,
11227,3550,3182,2390,2200,
11220,3546,3187,2393,2204,
11210,3563,3189,2396,2199,
11206,3555,3190,2380,2202,
11224,3546,3185,2383,2182,
11222,3551,3199,2391,2201,
11208,3549,3170,2376,2209,
11221,3541,3177,2377,2187,
11215,3543,3176,2383,2200,
11215,3542,3185,2390,2204,
11214,3533,3170,2385,2217,
11212,3548,3190,2375,2196,
11212,3558,3181,2388,2189,
11214,3549,3187,2387,2194,
11221,3550,3186,2376,2191,
11227,3550,3194,2387,2205,
11217,3545,3187,2398,2208,
11223,3558,3180,2383,2194,
11225,3540,3192,2387,2203,
11216,3549,3202,2383,2186,
11234,3554,3180,2379,2192,
11227,3541,3176,2395,2197,
11213,3562,3189,2391,2199,
11221,3547,3188,2390,2193,
11222,3564,3177,2386,2192,
11211,3580,3191,2378,2214,
11226,3556,3176,2386,2197,
11209,3548,3193,2388,2193,
11218,3543,3185,2388,2198,
11231,3544,3179,2377,2196,
11224,3554,3183,2385,2192,
11239,3529,3187,2385,2187,
11228,3556,3185,2378,2208,
11237,3539,3194,2381,2194,
11218,3558,3170,2383,2197,
11220,3548,3180,2369,2208,
11241,3546,3169,2378,2188,
11209,3560,3185,2385,2190,
11212,3550,3184,2381,2186,
11223,3539,3180,2377,2193,
11220,3558,3171,2382,2206,
11215,3553,3176,2386,2203,
11212,3541,3182,2374,2192,
11219,3550,3185,2385,2195,
11223,3550,3188,2384,2199,
11224,3560,3189,2372,2195,
11226,3562,3188,2390,2196,
11219,3545,3180,2384,2198,
11247,3558,3178,2389,2189,
11220,3544,3175,2384,2191,
11217,3560,3177,2377,2210,
11233,3568,3198,2388,2198,
11202,3552,3180,2395,2206,
11217,3554,3196,2384,2195,
11205,3546,3170,2388,2206,
11239,3549,3175,2383,2193,
11225,3550,3182,2369,2202,
11226,3548,3188,2382,2188,
11215,3552,3181,2382,2191,
11222,3552,3186,2381,2200,
11222,3548,3182,2382,2196,
11221,3545,3190,2395,2199,
11222,3556,3176,2394,2208,
11205,3552,3171,2373,2192,
11233,3545,3181,2370,2192,
11218,3549,3185,2380,2204,
11217,3548,3193,2377,2181,
11204,3549,3192,2379,2203,
11235,3554,3191,2374,2191,
11217,3553,3176,2375,2200,
11222,3552,3189,2380,2188,
11221,3558,3192,2383,2197,
11224,3551,3185,2375,2198,
11216,3553,3186,2383,2196,
11222,3558,3186,2384,2201,
11228,3550,3191,2378,2209,
11217,3557,3172,2385,2190,
11212,3554,3191,2385,2191,
11208,3554,3186,2377,2201,
11220,3538,3176,2386,2186,
11221,3535,3192,2387,2191,
11208,3548,3170,2390,2194,
11214,3551,3189,2384,2189,
11209,3561,3174,2382,2192,
11221,3554,3181,2371,2185,
11222,3545,3179,2387,2191,
11227,3544,3183,2386,2205,
11222,3548,3183,2372,2199,
11218,3554,3188,2382,2195,
11221,3548,3177,2382,2198,
11237,3548,3187,2369,2191,
11226,3542,3193,2387,2195,
11223,3551,3196,2391,2198,
11218,3562,3186,2380,2195,
11211,3544,3170,2377,2199,
11211,3542,3190,2378,2190,
11199,3550,3195,2371,2192,
11224,3552,3180,2379,2201,
11210,3543,3166,2364,2196,
11204,3524,3180,2380,2206,
11215,3555,3183,2387,2196,
11204,3555,3174,2379,2189,
11213,3553,3191,2387,2202,
11226,3552,3187,2374,2198,
11214,3555,3194,2381,2198,
11222,3542,3190,2395,2186,
11218,3550,3179,2382,2193,
11228,3548,3201,2379,2178,
11231,3546,3195,2382,2187,
11214,3542,3188,2391,2200,
11184,3549,3170,2377,2204,
11220,3543,3192,2384,2201,
11228,3560,3194,2383,2193,
11213,3531,3216,2371,2183,
11227,3562,3177,2386,2197,
11219,3539,3181,2385,2198,
11229,3550,3195,2371,2193,
11206,3553,3182,2380,2188,
11215,3537,3185,2376,2203,
11222,3552,3189,2382,2199,
11230,3557,3179,2393,2200,
11230,3550,3179,2371,2193,
11217,3542,3177,2396,2184,
11201,3549,3185,2388,2192,
11226,3541,3180,2401,2206,
11234,3541,3189,2381,2192,
11217,3542,3188,2382,2200,
11226,3544,3184,2398,2194,
11233,3535,3178,2387,2203,
11214,3554,3183,2382,2200,
11208,3553,3180,2376,2188,
11227,3549,3182,2384,2201,
11216,3552,3184,2389,2199,
11217,3543,3173,2385,2189,
11222,3558,3170,2362,2201,
11225,3550,3181,2381,2193,
11227,3556,3171,2391,2193,
11210,3574,3178,2386,2196,
11228,3563,3181,2381,2189,
11211,3553,3195,2382,2175,
11214,3545,3188,2396,2195,
11216,3548,3188,2380,2196,
11228,3552,3179,2385,2193,
11205,3549,3210,2367,2201,
11220,3545,3190,2380,2194,
11222,3556,3186,2379,2201,
11225,3555,3187,2377,2198,
11217,3554,3191,2381,2189,
11215,3565,3194,2389,2192,
11232,3556,3202,2378,2191,
11225,3560,3175,2385,2189,
11195,3549,3184,2392,2200,
11225,3545,3186,2392,2194,
11219,3552,3184,2389,2200,
11216,3554,3177,2381,2191,
11206,3542,3194,2384,2185,
11217,3543,3193,2371,2201,
11232,3554,3209,2383,2202,
11211,3540,3189,2387,2199,
11215,3557,3181,2401,2195,
11214,3541,3183,2385,2200,
11219,3554,3186,2387,2197,
11219,3555,3186,2386,2189,
11207,3561,3182,2380,2183,
11228,3562,3192,2389,2197,
11214,3549,3193,2392,2184,
11215,3559,3176,2379,2195,
11226,3548,3192,2385,2203,
11222,3552,3171,2398,2204,
11212,3557,3185,2379,2201,
11230,3549,3184,2384,2196,
11212,3549,3183,2377,2181,
11207,3572,3198,2389,2196,
11214,3548,3191,2377,2200,
11206,3545,3178,2394,2191,
11220,3542,3188,2384,2193,
11215,3541,3193,2383,2189,
11219,3549,3184,2386,2196,
11210,3546,3185,2386,2208,
11242,3554,3182,2389,2189,
11219,3549,3199,2382,2207,
11197,3558,3180,2386,2203,
11218,3552,3181,2394,2197,
11237,3550,3186,2373,2192,
11223,3562,3183,2400,2196,
11210,3540,3185,2382,2203,
11219,3553,3197,2401,2189,
11204,3588,3184,2379,2188,
11221,3555,3185,2388,2201,
11214,3549,3187,2379,2192,
11220,3546,3188,2390,2202,
11222,3550,3180,2380,2202,
11214,3551,3184,2377,2192,
11230,3535,3174,2399,2190,
11227,3555,3182,2371,2200,
11208,3533,3177,2388,2185,
11212,3547,3196,2377,2202,
11221,3559,3177,2377,2204,
11200,3546,3181,2375,2206,
11224,3549,3173,2381,2188,
11212,3552,3166,2385,2198,
11215,3569,3192,2391,2202,
11203,3550,3150,2387,2202,
11219,3561,3194,2377,2197,
11222,3551,3190,2382,2201,
11230,3546,3188,2385,2203,
11223,3551,3180,2376,2199,
11214,3546,3201,2378,2204,
11226,3537,3186,2381,2207,
11214,3551,3184,2377,2196,
11215,3549,3188,2393,2190,
11230,3532,3205,2390,2199,
11226,3568,3201,2386,2189,
11213,3578,3186,2395,2204,
11226,3566,3183,2372,2194,
11212,3555,3183,2381,2202,
11220,3548,3167,2405,2189,
11223,3546,3188,2370,2205,
11226,3544,3181,2375,2206,
11215,3549,3192,2389,2199,
11218,3551,3192,2386,2198,
11226,3548,3182,2386,2203,
11206,3547,3183,2381,2202,
11216,3545,3191,2385,2188,
11217,3553,3181,2383,2196,
11202,3564,3179,2376,2206,
11220,3543,3183,2377,2200,
11224,3551,3170,2383,2203,
11215,3565,3184,2381,2194,
11213,3542,3193,2384,2205,
11219,3561,3179,2391,2200,
11222,3534,3217,2383,2177,
11215,3551,3186,2387,2195,
11215,3558,3175,2375,2192,
11218,3561,3191,2379,2201,
11214,3550,3185,2380,2208,
11219,3550,3179,2391,2198,
11221,3566,3183,2385,2191,
11208,3539,3180,2382,2193,
11233,3550,3186,2372,2198,
11220,3556,3188,2392,2190,
11237,3554,3190,2377,2200,
11219,3532,3186,2393,2202,
11235,3549,3168,2392,2184,
11226,3555,3181,2385,2194,
11220,3541,3194,2393,2190,
11204,3570,3197,2382,2219,
11226,3559,3179,2381,2186,
11212,3554,3192,2378,2205,
11213,3566,3188,2371,2195,
11211,3550,3185,2382,2206,
11220,3554,3188,2378,2191,
11195,3526,3206,2381,2187,
11218,3558,3178,2376,2203,
11231,3561,3176,2373,2184,
11201,3543,3183,2380,2193,
11213,3540,3201,2375,2196,
11220,3563,3176,2370,2194,
11204,3563,3182,2379,2201,
11225,3555,3179,2378,2188,
11205,3538,3172,2376,2181,
11227,3562,3189,2371,2202,
11207,3559,3182,2385,2192,
11214,3547,3193,2380,2198,
11221,3550,3182,2373,2186,
11227,3548,3182,2380,2193,
11221,3556,3190,2385,2201,
11254,3543,3177,2371,2189,
11207,3544,3182,2377,2202,
11209,3556,3183,2376,2198,
11207,3539,3174,2365,2199,
11227,3548,3169,2390,2187,
11252,3550,3184,2380,2187,
11217,3565,3184,2381,2205,
11234,3550,3195,2375,2189,
11210,3578,3168,2388,2186,
11231,3553,3189,2384,2204,
11217,3554,3176,2375,2214,
11221,3549,3187,2376,2197,
11229,3552,3187,2382,2196,
11222,3558,3187,2376,2201,
11222,3544,3184,2384,2192,
11214,3547,3195,2390,2208,
11201,3557,3182,2380,2196,
11208,3567,3194,2388,2205,
11218,3545,3191,2385,2190,
11219,3548,3187,2370,2186,
11201,3530,3190,2378,2205,
11220,3555,3186,2389,2187,
11218,3569,3175,2368,2212,
11226,3542,3172,2392,2191,
11226,3543,3181,2385,2205,
11216,3554,3191,2383,2198,
11223,3553,3189,2390,2196,
11218,3557,3179,2378,2198,
11217,3553,3189,2389,2209,
11236,3538,3164,2381,2190,
11223,3553,3174,2380,2189,
11214,3547,3179,2383,2205,
11225,3552,3194,2400,2203,
11207,3540,3190,2382,2189,
11212,3543,3184,2380,2216,
11215,3551,3185,2394,2187,
11222,3550,3191,2385,2197,
11211,3538,3177,2366,2198,
11198,3544,3178,2378,2198,
11227,3543,3192,2375,2200,
11217,3555,3188,2381,2207,
11221,3547,3187,2383,2191,
11218,3553,3183,2381,2191,
11209,3550,3185,2390,2202,
11225,3548,3201,2396,2202,
11212,3553,3197,2384,2201,
11236,3544,3180,2388,2189,
11202,3554,3169,2370,2209,
11211,3562,3176,2376,2196,
11230,3549,3182,2382,2193,
11215,3536,3190,2390,2209,
11223,3548,3184,2389,2197,
11234,3561,3184,2408,2192,
11234,3542,3192,2379,2202,
11223,3548,3194,2379,2198,
11225,3541,3182,2379,2213,
11216,3552,3178,2377,2198,
11217,3555,3182,2384,2194,
11201,3547,3189,2389,2194,
11224,3551,3189,2378,2194,
11220,3544,3187,2386,2200,
11233,3550,3194,2385,2192,
11209,3548,3181,2377,2212,
11211,3555,3199,2372,2189,
11220,3587,3187,2388,2197,
11218,3543,3189,2382,2199,
11235,3543,3180,2386,2198,
11241,3523,3177,2374,2219,
11222,3551,3171,2393,2192,
11220,3559,3183,2391,2190,
11214,3556,3178,2382,2196,
11219,3556,3187,2384,2198,
11222,3548,3181,2378,2193,
11210,3545,3192,2388,2186,
11210,3543,3181,2382,2209,
11230,3547,3184,2376,2203,
11212,3553,3201,2380,2206,
11234,3566,3186,2387,2190,
11220,3560,3186,2367,2194,
11224,3558,3187,2385,2187,
11228,3555,3187,2375,2193,
11206,3540,3202,2394,2197,
11256,3554,3183,2374,2209,
11215,3543,3182,2385,2191,
11221,3554,3188,2388,2193,
11213,3557,3188,2384,2201,
11216,3555,3187,2386,2196,
11215,3550,3185,2380,2196,
11254,3575,3201,2378,2186,
11224,3556,3191,2381,2196,
11243,3550,3191,2374,2203,
11214,3551,3179,2376,2192,
11220,3551,3179,2374,2201,
11227,3561,3183,2394,2204,
11218,3545,3182,2384,2196,
11210,3554,3193,2370,2197,
11199,3532,3200,2364,2189,
11213,3552,3183,2379,2198,
11219,3555,3182,2378,2193,
11209,3557,3182,2377,2197,
11225,3555,3194,2386,2203,
11204,3549,3180,2385,2200,
11209,3548,3192,2386,2198,
11258,3557,3190,2394,2194,
11231,3547,3198,2383,2193,
11243,3559,3178,2397,2203,
11222,3558,3188,2394,2201,
11208,3562,3176,2372,2198,
11204,3541,3194,2393,2198,
11217,3555,3184,2376,2202,
11223,3557,3193,2367,2192,
11201,3553,3185,2367,2190,
11223,3544,3185,2383,2187,
11217,3549,3183,2389,2197,
11224,3546,3194,2385,2204,
11221,3554,3191,2376,2195,
11211,3554,3183,2390,2206,
11217,3559,3189,2379,2196,
11227,3553,3183,2381,2192,
11218,3555,3181,2374,2211,
11228,3556,3191,2393,2192,
11210,3560,3184,2384,2199,
11211,3557,3169,2400,2206,
11240,3549,3186,2385,2191,
11222,3546,3180,2382,2200,
11213,3542,3198,2390,2189,
11211,3581,3198,2388,2212,
11211,3543,3181,2386,2197,
11217,3550,3183,2383,2193,
11225,3535,3175,2385,2204,
11222,3554,3188,2379,2193,
11216,3543,3187,2385,2195,
11202,3532,3202,2370,2186,
11224,3542,3182,2382,2189,
11219,3546,3191,2379,2192,
11211,3528,3170,2386,2192,
11213,3542,3200,2390,2195,
11201,3555,3198,2382,2194,
11212,3545,3192,2393,2201,
11222,3552,3191,2374,2193,
11199,3539,3175,2378,2202,
11231,3534,3178,2392,2199,
11224,3556,3179,2380,2179,
11217,3543,3190,2378,2185,
11218,3549,3175,2380,2187,
11231,3547,3181,2387,2196,
11224,3553,3189,2385,2198,
11221,3537,3195,2388,2203,
11224,3544,3194,2373,2190,
11208,3567,3190,2382,2188,
11206,3542,3175,2375,2193,
11223,3561,3188,2375,2203,
11206,3553,3173,2370,2201,
11229,3539,3190,2373,2190,
11228,3559,3191,2368,2201,
11220,3533,3185,2396,2203,
11215,3548,3189,2384,2197,
11222,3543,3189,2382,2198,
11220,3541,3180,2376,2193,
11220,3550,3182,2380,2203,
11226,3558,3188,2378,2194,
11212,3546,3203,2374,2192,
11222,3546,3187,2381,2202,
11209,3545,3179,2373,2205,
11219,3547,3181,2374,2188,
11210,3556,3194,2398,2188,
11209,3552,3167,2396,2199,
11226,3543,3182,2383,2192,
11203,3547,3180,2386,2202,
11228,3545,3191,2378,2199,
11189,3545,3175,2378,2206,
11222,3553,3189,2393,2195,
11214,3559,3174,2387,2194,
11220,3549,3184,2374,2196,
11214,3554,3178,2375,2193,
11221,3538,3185,2379,2192,
11224,3569,3188,2375,2216,
11214,3539,3180,2383,2202,
11222,3545,3171,2391,2191,
11201,3541,3185,2385,2191,
11216,3554,3182,2376,2214,
11217,3566,3179,2382,2190,
11220,3555,3182,2385,2197,
11209,3551,3187,2386,2191,
11224,3563,3175,2376,2202,
11200,3531,3177,2385,2206,
11221,3555,3187,2387,2199,
11225,3552,3188,2378,2194,
11226,3548,3186,2379,2202,
11220,3547,3187,2385,2199,
11217,3558,3189,2382,2205,
11219,3534,3171,2377,2173,
11220,3551,3192,2375,2184,
11222,3541,3178,2389,2209,
11223,3556,3185,2376,2205,
11210,3560,3172,2377,2195,
11225,3552,3205,2382,2202,
11219,3541,3188,2380,2197,
11220,3550,3193,2373,2190,
11227,3536,3187,2394,2200,
11213,3546,3194,2376,2199,
11225,3561,3184,2384,2209,
11204,3545,3188,2383,2202,
11228,3544,3192,2387,2196,
11230,3556,3181,2389,2204,
11215,3550,3185,2379,2189,
11230,3565,3176,2374,2210,
11215,3559,3192,2375,2198,
11198,3545,3192,2374,2191,
11231,3556,3181,2377,2199,
11203,3572,3182,2392,2191,
11216,3553,3189,2377,2208,
11213,3547,3186,2387,2206,
11219,3550,3191,2368,2199,
11197,3576,3178,2385,2193,
11225,3553,3187,2392,2191,
11221,3548,3193,2382,2191,
11222,3545,3182,2384,2204,
11226,3547,3179,2385,2199,
11213,3554,3183,2380,2202,
11202,3537,3180,2396,2186,
11223,3556,3186,2387,2191,
11228,3550,3189,2380,2215,
11242,3550,3182,2382,2190,
11221,3542,3188,2385,2199,
11216,3546,3192,2385,2197,
11236,3568,3190,2380,2190,
11221,3550,3187,2381,2195,
11220,3548,3195,2388,2201,
11191,3548,3203,2377,2198,
11223,3552,3191,2385,2198,
11214,3546,3184,2379,2193,
11220,3550,3182,2383,2200,
11221,3551,3184,2384,2194,
11226,3554,3188,2383,2197,
11237,3568,3170,2386,2181,
11219,3550,3191,2372,2196,
11212,3550,3182,2371,2200,
11242,3566,3197,2391,2204,
11224,3554,3182,2393,2204,
11220,3554,3184,2383,2214,
11221,3563,3187,2382,2199,
11217,3550,3191,2382,2192,
11216,3528,3196,2377,2189,
11201,3546,3187,2391,2181,
11222,3554,3184,2386,2199,
11231,3544,3182,2383,2195,
11212,3541,3187,2383,2194,
11225,3551,3194,2381,2196,
11218,3546,3177,2388,2202,
11218,3540,3195,2375,2189,
11219,3549,3203,2370,2198,
11208,3565,3183,2391,2188,
11231,3557,3179,2381,2187,
11216,3546,3191,2383,2193,
11237,3546,3184,2388,2188,
11229,3553,3180,2386,2200,
11213,3554,3185,2379,2202,
11214,3545,3188,2374,2186,
11231,3550,3183,2378,2206,
11226,3557,3186,2371,2192,
11222,3555,3183,2378,2199,
11223,3549,3171,2375,2192,
11225,3540,3187,2379,2194,
11249,3535,3195,2389,2192,
11213,3560,3192,2379,2187,
11247,3549,3186,2373,2193,
11219,3551,3196,2379,2183,
11214,3563,3204,2373,2203,
11235,3565,3181,2371,2189,
11217,3559,3189,2376,2201,
11224,3556,3186,2388,2186,
11217,3563,3196,2375,2206,
11225,3581,3176,2378,2203,
11214,3553,3182,2384,2197,
11228,3551,3193,2378,2200,
11222,3547,3187,2385,2195,
11236,3550,3182,2380,2197,
11230,3553,3190,2388,2188,
11232,3538,3198,2396,2185,
11226,3549,3185,2379,2191,
11231,3542,3184,2372,2192,
11216,3555,3180,2369,2202,
11210,3576,3172,2376,2189,
11218,3558,3188,2377,2210,
11226,3552,3186,2373,2198,
11227,3548,3186,2379,2195,
11223,3539,3197,2377,2179,
11227,3553,3182,2378,2189,
11220,3558,3182,2377,2200,
11234,3552,3186,2383,2192,
11224,3548,3182,2386,2200,
11218,3552,3184,2389,2194,
11217,3547,3186,2382,2199,
11232,3564,3179,2384,2198,
11220,3562,3194,2378,2196,
11219,3542,3194,2383,2193,
11224,3552,3191,2385,2194,
11210,3566,3196,2395,2183,
11208,3536,3195,2357,2195,
11224,3552,3183,2382,2198,
11228,3545,3182,2389,2193,
11236,3544,3169,2378,2195,
11228,3545,3192,2391,2195,
11218,3552,3182,2373,2191,
11225,3559,3191,2382,2194,
11223,3556,3183,2378,2193,
11213,3551,3182,2380,2201,
11231,3535,3175,2374,2187,
11236,3559,3184,2384,2196,
11215,3552,3187,2404,2196,
11232,3546,3195,2385,2190,
11228,3553,3175,2381,2197,
11212,3566,3187,2380,2195,
11222,3552,3171,2388,2195,
11228,3550,3190,2373,2196,
11229,3558,3200,2400,2204,
11229,3544,3199,2383,2175,
11229,3559,3195,2372,2192,
11226,3550,3187,2384,2192,
11232,3546,3183,2377,2192,
11223,3550,3179,2384,2201,
11228,3551,3191,2381,2198,
11258,3535,3201,2399,2192,
11221,3554,3177,2382,2192,
11205,3541,3180,2384,2208,
11222,3547,3183,2382,2182,
11213,3542,3170,2382,2213,
11204,3560,3183,2373,2191,
11228,3546,3189,2379,2192,
11220,3554,3189,2394,2204,
11224,3548,3192,2381,2188,
11220,3551,3190,2377,2210,
11231,3554,3192,2368,2190,
11217,3553,3187,2385,2192,
11222,3552,3181,2385,2195,
11229,3558,3190,2385,2193,
11219,3549,3178,2399,2197,
11222,3558,3183,2378,2198,
11221,3552,3190,2373,2187,
11223,3560,3169,2384,2202,
11224,3551,3191,2388,2196,
11239,3552,3178,2370,2194,
11226,3552,3197,2379,2207,
11221,3551,3188,2381,2193,
11221,3557,3194,2387,2186,
11221,3553,3199,2392,2208,
11226,3548,3180,2379,2195,
11233,3549,3188,2384,2199,
11214,3549,3187,2380,2195,
11227,3546,3185,2387,2203,
11216,3546,3186,2386,2191,
11242,3538,3187,2383,2193,
11236,3546,3186,2386,2204,
11216,3570,3192,2393,2196,
11218,3550,3198,2379,2209,
11223,3546,3188,2387,2195,
11228,3552,3185,2387,2203,
11231,3539,3178,2385,2215,
11216,3553,3189,2385,2204,
11239,3559,3190,2384,2205,
11266,3562,3179,2385,2198,
11224,3542,3190,2388,2195,
11225,3548,3191,2370,2204,
11226,3546,3186,2388,2194,
11227,3542,3179,2385,2193,
11229,3552,3189,2382,2198,
11212,3566,3170,2393,2194,
11220,3551,3194,2380,2190,
11226,3541,3196,2356,2197,
11227,3543,3200,2384,2211,
11224,3542,3195,2381,2209,
11227,3562,3185,2392,2203,
11231,3541,3191,2376,2191,
11223,3545,3187,2384,2197,
11211,3537,3190,2380,2201,
11221,3551,3183,2387,2196,
11223,3550,3180,2387,2195,
11216,3560,3193,2379,2188,
11225,3555,3186,2379,2194,
11232,3548,3183,2386,2191,
11226,3558,3181,2384,2203,
11229,3545,3198,2387,2197,
11208,3552,3185,2381,2193,
11220,3558,3184,2383,2193,
11227,3561,3185,2380,2203,
11225,3545,3179,2393,2210,
11217,3554,3186,2391,2201,
11217,3553,3182,2377,2203,
11224,3553,3191,2384,2192,
11233,3540,3177,2379,2189,
11218,3550,3184,2391,2199,
11221,3544,3181,2366,2188,
11217,3566,3185,2386,2194,
11217,3541,3186,2378,2195,
11221,3548,3192,2400,2191,
11209,3543,3210,2365,2197,
11222,3548,3194,2381,2199,
11236,3542,3205,2387,2199,
11237,3555,3200,2386,2189,
11219,3552,3186,2387,2196,
11224,3552,3193,2381,2191,
11223,3537,3177,2384,2196,
11227,3546,3175,2383,2201,
11224,3550,3169,2388,2194,
11236,3545,3187,2388,2190,
11224,3549,3187,2381,2196,
11222,3552,3186,2369,2193,
11224,3551,3177,2383,2198,
11222,3565,3188,2385,2192,
11232,3554,3186,2382,2196,
11234,3551,3178,2379,2198,
11226,3544,3189,2391,2199,
11226,3536,3190,2365,2205,
11237,3547,3206,2383,2200,
11233,3554,3195,2375,2197,
11232,3548,3182,2390,2187,
11216,3537,3192,2373,2197,
11221,3552,3188,2386,2194,
11231,3554,3165,2375,2208,
11212,3547,3193,2389,2187,
11225,3553,3183,2388,2189,
11218,3548,3183,2378,2192,
11228,3556,3182,2378,2195,
11219,3542,3183,2382,2192,
11223,3549,3197,2394,2192,
11217,3541,3183,2388,2197,
11216,3547,3178,2381,2201,
11220,3557,3200,2381,2196,
11219,3549,3198,2375,2206,
11219,3537,3190,2384,2200,
11211,3563,3180,2390,2204,
11219,3548,3181,2377,2200,
11213,3558,3179,2380,2190,
11198,3536,3185,2386,2190,
11218,3549,3181,2379,2210,
11214,3547,3181,2377,2195,
11229,3552,3180,2380,2208,
11214,3543,3185,2384,2197,
11223,3565,3181,2389,2201,
11228,3545,3166,2394,2212,
11219,3554,3185,2385,2195,
11214,3546,3177,2391,2208,
11216,3540,3192,2385,2204,
11211,3546,3181,2382,2189,
11218,3556,3186,2383,2209,
11221,3539,3193,2389,2197,
11216,3544,3182,2376,2189,
11214,3544,3194,2396,2197,
11211,3551,3199,2388,2198,
11219,3558,3186,2384,2195,
11219,3552,3180,2379,2205,
11213,3552,3180,2379,2193,
11214,3550,3194,2390,2202,
11225,3554,3191,2387,2195,
11216,3548,3189,2378,2206,
11223,3553,3178,2385,2199,
11217,3561,3188,2382,2194,
11209,3542,3191,2379,2188,
11212,3552,3188,2370,2201,
11224,3547,3179,2377,2192,
11222,3553,3182,2377,2194,
11220,3542,3204,2384,2198,
11214,3527,3190,2373,2212,
11204,3555,3188,2378,2207,
11226,3553,3201,2376,2198,
11221,3541,3174,2379,2196,
11220,3555,3186,2377,2201,
11233,3554,3187,2377,2194,
11211,3540,3180,2384,2210,
11213,3551,3175,2384,2203,
11219,3568,3180,2392,2193,
11231,3550,3198,2376,2206,
11242,3561,3187,2371,2198,
11200,3580,3184,2381,2189,
11239,3555,3187,2373,2198,
11218,3544,3186,2390,2202,
11220,3558,3194,2381,2193,
11234,3529,3162,2394,2180,
11215,3561,3185,2387,2196,
11219,3552,3189,2383,2190,
11218,3543,3189,2386,2192,
11219,3548,3181,2390,2197,
11224,3560,3178,2387,2197,
11231,3576,3201,2376,2194,
11222,3559,3190,2379,2194,
11200,3544,3195,2387,2203,
11218,3549,3178,2385,2198,
11211,3550,3182,2391,2203,
11213,3548,3180,2389,2192,
11215,3549,3181,2389,2203,
11218,3554,3188,2387,2196,
11242,3550,3171,2402,2182,
11205,3555,3184,2390,2206,
11222,3555,3189,2382,2196,
11223,3549,3188,2383,2204,
11225,3551,3180,2378,2198,
11227,3546,3188,2381,2196,
11224,3542,3184,2385,2191,
11220,3556,3183,2377,2202,
11210,3548,3195,2378,2188,
11232,3565,3211,2377,2193,
11225,3537,3185,2375,2186,
11216,3589,3197,2379,2183,
11215,3536,3201,2389,2185,
11220,3550,3168,2376,2194,
11222,3550,3178,2382,2202,
11216,3549,3180,2393,2180,
11211,3557,3187,2389,2191,
11219,3555,3194,2387,2190,
11230,3558,3183,2385,2198,
11224,3545,3190,2380,2200,
11221,3551,3179,2387,2190,
11233,3550,3180,2370,2197,
11217,3539,3173,2379,2191,
11225,3556,3186,2395,2197,
11216,3550,3184,2384,2197,
11205,3548,3176,2383,2198,
11218,3548,3197,2387,2187,
11201,3561,3172,2397,2198,
11222,3556,3194,2384,2198,
11214,3559,3178,2375,2206,
11214,3535,3197,2364,2192,
11228,3545,3177,2375,2204,
11212,3558,3185,2389,2195,
11213,3556,3187,2382,2192,
11220,3546,3184,2383,2197,
11213,3543,3190,2380,2198,
11232,3546,3168,2383,2195,
11215,3553,3183,2378,2193,
11214,3550,3197,2385,2193,
11209,3535,3181,2380,2190,
11219,3554,3195,2379,2200,
11222,3537,3198,2367,2202,
11232,3553,3179,2398,2203,
11219,3543,3185,2388,2206,
11219,3545,3186,2367,2200,
11211,3559,3184,2385,2197,
11223,3548,3191,2390,2199,
11210,3561,3188,2365,2196,
11220,3557,3185,2383,2192,
11220,3557,3181,2374,2200,
11222,3551,3172,2379,2195,
11230,3555,3190,2373,2207,
11214,3543,3184,2389,2192,
11214,3551,3190,2376,2206,
11215,3549,3188,2385,2193,
11214,3553,3181,2385,2196,
11227,3548,3180,2374,2192,
11212,3555,3179,2373,2206,
11234,3552,3207,2385,2191,
11200,3547,3193,2373,2214,
11220,3554,3188,2385,2195,
11221,3549,3188,2381,2204,
11228,3556,3189,2386,2193,
11210,3560,3181,2382,2191,
11220,3550,3188,2380,2202,
11202,3560,3196,2375,2194,
11226,3551,3193,2391,2193,
11227,3550,3182,2388,2205,
11210,3556,3172,2389,2200,
11239,3545,3196,2376,2198,
11224,3545,3207,2382,2206,
11226,3541,3178,2376,2198,
11225,3549,3192,2376,2196,
11220,3556,3192,2390,2201,
11215,3556,3170,2379,2221,
11225,3548,3186,2379,2188,
11218,3544,3180,2377,2193,
11237,3557,3191,2389,2198,
11223,3550,3187,2378,2199,
11219,3547,3185,2389,2194,
11227,3534,3192,2387,2213,
11219,3544,3188,2385,2199,
11211,3541,3186,2385,2202,
11226,3556,3204,2387,2212,
11228,3560,3178,2380,2194,
11237,3540,3201,2379,2195,
11209,3547,3183,2382,2197,
11212,3557,3186,2383,2194,
11236,3567,3184,2368,2192,
11214,3543,3189,2384,2186,
11208,3546,3183,2384,2204,
11211,3545,3199,2381,2193,
11217,3548,3185,2372,2193,
11214,3552,3184,2380,2203,
11222,3554,3195,2375,2208,
11204,3539,3192,2381,2200,
11216,3543,3189,2374,2193,
11235,3538,3188,2383,2201,
11228,3533,3175,2382,2198,
11224,3546,3188,2373,2209,
11212,3560,3173,2379,2192,
11213,3564,3177,2387,2193,
11221,3541,3177,2384,2188,
11224,3551,3186,2390,2193,
11219,3552,3178,2380,2195,
11214,3543,3188,2377,2205,
11217,3546,3193,2384,2194,
11208,3554,3186,2382,2191,
11232,3540,3188,2382,2193,
11197,3554,3183,2367,2216,
11221,3549,3189,2380,2205,
11224,3546,3195,2381,2188,
11225,3543,3184,2388,2198,
11229,3575,3180,2384,2199,
11231,3542,3169,2387,2179,
11215,3562,3195,2387,2198,
11228,3545,3192,2379,2191,
11237,3540,3172,2377,2186,
11191,3533,3191,2377,2200,
11207,3545,3184,2383,2189,
11220,3547,3179,2381,2203,
11213,3544,3194,2377,2196,
11222,3534,3186,2383,2200,
11218,3548,3189,2383,2189,
11206,3564,3177,2373,2195,
11218,3545,3178,2380,2191,
11211,3550,3195,2382,2190,
11227,3559,3190,2372,2207,
11217,3564,3190,2373,2197,
11247,3559,3193,2386,2189,
11211,3560,3191,2386,2198,
11228,3559,3180,2390,2201,
11230,3541,3205,2369,2197,
11196,3553,3184,2384,2197,
11221,3547,3190,2375,2205,
11231,3555,3183,2372,2193,
11224,3546,3187,2382,2188,
11232,3556,3192,2379,2194,
11222,3546,3198,2375,2202,
11215,3529,3184,2378,2192,
11238,3531,3176,2396,2200,
11210,3551,3210,2379,2193,
11234,3557,3179,2385,2196,
11228,3537,3192,2386,2192,
11218,3548,3173,2394,2192,
11230,3551,3185,2389,2195,
11232,3542,3193,2391,2192,
11249,3564,3161,2375,2179,
11223,3566,3191,2388,2201,
11214,3548,3183,2385,2200,
11222,3556,3188,2382,2207,
11230,3545,3200,2382,2199,
11230,3548,3180,2378,2206,
11235,3546,3204,2369,2191,
11211,3552,3189,2381,2193,
11232,3546,3188,2392,2197,
11215,3544,3178,2394,2189,
11220,3545,3194,2390,2195,
11210,3577,3197,2382,2191,
11212,3558,3192,2369,2203,
11220,3545,3190,2377,2186,
11217,3549,3179,2369,2195,
11228,3561,3176,2376,2188,
11222,3554,3191,2379,2196,
11221,3550,3177,2398,2200,
11226,3563,3187,2390,2198,
11220,3553,3184,2386,2193,
11232,3546,3184,2379,2190,
11205,3559,3178,2378,2191,
11222,3550,3194,2383,2195,
11222,3565,3211,2381,2191,
11226,3562,3198,2385,2191,
11210,3546,3183,2377,2209,
11212,3534,3185,2400,2188,
11214,3553,3187,2390,2195,
11222,3561,3191,2370,2195,
11224,3555,3157,2377,2199,
11228,3563,3184,2386,2193,
11226,3548,3186,2384,2202,
11219,3556,3177,2389,2202,
11220,3551,3189,2380,2193,
11224,3550,3185,2387,2204,
11217,3540,3192,2393,2190,
11220,3546,3187,2387,2205,
11222,3551,3187,2379,2204,
11238,3539,3187,2375,2186,
11220,3551,3185,2395,2200,
11211,3582,3203,2372,2194,
11226,3548,3197,2377,2190,
11211,3557,3190,2375,2196,
11222,3542,3199,2385,2202,
11185,3539,3180,2394,2188,
11217,3554,3173,2387,2201,
11218,3552,3190,2383,2196,
11220,3543,3190,2384,2203,
11218,3557,3187,2386,2187,
11215,3553,3177,2395,2200,
11201,3528,3201,2371,2201,
11213,3551,3175,2384,2194,
11212,3558,3194,2385,2194,
11218,3543,3179,2369,2197,
11233,3547,3197,2385,2197,
11246,3549,3185,2384,2203,
11216,3562,3185,2384,2191,
11212,3547,3178,2380,2198,
11235,3553,3179,2386,2193,
11222,3546,3189,2383,2192,
11221,3551,3189,2377,2194,
11233,3540,3190,2386,2201,
11217,3548,3177,2379,2197,
11218,3554,3193,2375,2189,
11215,3553,3186,2383,2199,
11229,3550,3179,2387,2189,
11224,3552,3187,2377,2189,
11211,3559,3201,2378,2184,
11222,3550,3169,2385,2194,
11212,3554,3174,2376,2189,
11225,3545,3188,2397,2194,
11219,3550,3189,2377,2199,
11213,3553,3186,2384,2191,
11189,3550,3178,2383,2191,
11228,3556,3184,2386,2200,
11225,3553,3187,2388,2199,
11220,3550,3189,2379,2190,
11217,3546,3190,2371,2194,
11225,3553,3185,2382,2186,
11228,3539,3168,2376,2203,
11220,3546,3194,2383,2192,
11233,3557,3176,2394,2188,
11231,3551,3175,2381,2190,
11212,3551,3201,2382,2190,
11220,3556,3186,2386,2202,
11209,3553,3175,2374,2190,
11217,3550,3200,2384,2192,
11223,3542,3184,2381,2192,
11239,3570,3164,2402,2192,
11218,3553,3188,2382,2193,
11224,3551,3185,2374,2197,
11231,3537,3189,2383,2198,
11225,3541,3174,2383,2197,
11215,3550,3192,2386,2194,
11208,3557,3178,2372,2193,
11219,3554,3181,2386,2201,
11217,3527,3206,2365,2183,
11206,3536,3191,2379,2190,
11206,3536,3175,2378,2203,
11229,3550,3192,2387,2190,
11215,3547,3187,2387,2194,
11207,3550,3182,2393,2194,
11195,3535,3192,2394,2188,
11221,3559,3184,2384,2196,
11228,3554,3187,2392,2180,
11222,3554,3183,2383,2194,
11221,3542,3194,2379,2196,
11220,3553,3180,2387,2189,
11224,3551,3192,2388,2191,
11205,3549,3172,2386,2183,
11214,3554,3179,2379,2192,
11214,3541,3184,2388,2195,
11218,3541,3164,2378,2197,
11209,3551,3171,2381,2199,
11232,3556,3170,2385,2193,
11224,3545,3185,2385,2193,
11196,3552,3197,2396,2183,
11212,3538,3176,2372,2195,
11212,3564,3188,2398,2194,
11216,3553,3177,2387,2207,
11209,3538,3186,2378,2199,
11217,3552,3175,2380,2203,
11205,3549,3186,2384,2199,
11226,3543,3194,2401,2202,
11226,3554,3193,2376,2198,
11229,3550,3208,2383,2200,
11219,3553,3192,2387,2203,
11233,3564,3184,2387,2200,
11223,3573,3187,2383,2191,
11225,3536,3186,2376,2206,
11210,3552,3181,2385,2195,
11215,3559,3203,2392,2206,
11214,3532,3202,2374,2184,
11225,3545,3184,2380,2201,
11226,3557,3186,2372,2196,
11223,3548,3195,2383,2195,
11217,3544,3187,2378,2196,
11222,3556,3187,2380,2208,
11212,3561,3180,2390,2193,
11221,3548,3184,2385,2195,
11233,3567,3183,2375,2182,
11208,3538,3186,2386,2188,
11220,3554,3179,2384,2196,
11236,3557,3200,2382,2202,
11212,3571,3183,2377,2201,
11218,3551,3193,2387,2203,
11230,3541,3179,2365,2194,
11220,3564,3186,2395,2205,
11218,3551,3182,2390,2196,
11217,3558,3186,2384,2201,
11217,3554,3179,2385,2197,
11219,3551,3189,2382,2197,
11210,3547,3187,2379,2197,
11231,3553,3190,2374,2198,
11210,3546,3184,2396,2191,
11203,3548,3179,2387,2198,
11214,3553,3184,2383,2197,
11215,3539,3194,2377,2204,
11222,3548,3194,2392,2207,
11228,3564,3174,2381,2210,
11229,3540,3197,2390,2191,
11209,3550,3202,2404,2204,
11222,3541,3198,2384,2197,
11224,3554,3183,2375,2191,
11215,3540,3186,2378,2192,
11210,3548,3177,2381,2190,
11222,3542,3182,2381,2201,
11223,3536,3170,2394,2186,
11223,3548,3182,2386,2197,
11231,3554,3207,2368,2194,
11228,3554,3176,2382,2191,
11231,3561,3181,2382,2205,
11215,3539,3180,2389,2202,
11231,3550,3188,2376,2202,
11223,3555,3187,2398,2201,
11200,3547,3178,2379,2187,
11194,3528,3190,2381,2196,
11226,3551,3195,2387,2192,
11218,3559,3191,2374,2193,
11219,3556,3185,2381,2197,
11220,3550,3174,2376,2194,
11224,3552,3184,2387,2198,
11206,3573,3166,2374,2186,
11217,3551,3183,2371,2196,
11210,3535,3193,2371,2195,
11237,3539,3182,2384,2183,
11223,3540,3168,2382,2210,
11216,3560,3177,2386,2192,
11207,3565,3186,2378,2183,
11227,3557,3186,2393,2197,
11224,3574,3185,2391,2184,
11212,3553,3187,2383,2205,
11222,3554,3191,2375,2198,
11233,3551,3182,2390,2197,
11212,3546,3187,2388,2191,
11211,3549,3186,2384,2199,
11220,3559,3196,2382,2192,
11210,3546,3192,2374,2205,
11220,3551,3187,2375,2194,
11217,3566,3170,2381,2196,
11218,3546,3201,2383,2215,
11221,3545,3183,2369,2188,
11198,3553,3192,2374,2199,
11220,3550,3184,2383,2194,
11220,3539,3197,2391,2198,
11218,3585,3173,2396,2188,
11219,3549,3185,2381,2187,
11218,3547,3192,2380,2187,
11221,3540,3182,2391,2201,
11210,3547,3181,2386,2190,
11224,3544,3191,2382,2198,
11219,3540,3166,2387,2191,
11221,3557,3179,2383,2201,
11221,3545,3183,2394,2188,
11209,3539,3180,2378,2195,
11213,3559,3178,2389,2202,
11204,3544,3191,2394,2193,
11210,3580,3189,2375,2188,
11221,3546,3189,2387,2201,
11203,3536,3172,2379,2177,
11223,3578,3197,2379,2193,
11225,3535,3187,2390,2195,
11229,3547,3183,2383,2202,
11217,3550,3184,2375,2190,
11219,3545,3177,2378,2198,
11223,3551,3187,2393,2201,
11216,3558,3191,2384,2202,
11214,3550,3192,2384,2190,
11221,3562,3180,2380,2195,
11209,3545,3172,2391,2185,
11197,3547,3198,2373,2198,
11233,3547,3171,2375,2183,
11209,3537,3184,2385,2190,
11228,3533,3188,2381,2206,
11215,3527,3180,2375,2202,
11233,3549,3192,2380,2200,
11213,3556,3190,2384,2198,
11211,3549,3185,2389,2194,
11209,3549,3186,2375,2193,
11214,3549,3180,2382,2185,
11225,3550,3190,2399,2204,
11214,3554,3188,2386,2196,
11211,3551,3192,2388,2197,
11225,3540,3194,2374,2190,
11231,3544,3184,2377,2200,
11214,3564,3221,2370,2189,
11207,3552,3186,2392,2204,
11223,3550,3179,2383,2206,
11220,3544,3204,2382,2203,
11237,3546,3163,2382,2173,
11229,3551,3196,2383,2195,
11210,3543,3191,2388,2190,
11214,3568,3193,2381,2187,
11220,3550,3177,2384,2190,
11212,3566,3185,2383,2189,
11205,3527,3212,2373,2187,
11217,3547,3179,2382,2191,
11207,3552,3176,2380,2196,
11218,3551,3171,2371,2198,
11200,3561,3178,2379,2201,
11215,3536,3187,2380,2196,
11208,3555,3181,2383,2189,
11215,3558,3191,2386,2205,
11220,3564,3183,2374,2207,
11221,3545,3190,2383,2196,
11216,3554,3184,2384,2199,
11221,3560,3190,2382,2193,
11225,3553,3189,2381,2201,
11221,3547,3190,2393,2201,
11208,3549,3186,2375,2199,
11215,3576,3197,2395,2210,
11227,3551,3188,2388,2192,
11223,3561,3182,2387,2191,
11207,3553,3189,2380,2195,
11204,3546,3200,2370,2194,
11225,3570,3182,2390,2199,
11206,3561,3178,2375,2195,
11222,3557,3202,2383,2195,
11223,3552,3198,2365,2198,
11220,3554,3174,2379,2203,
11219,3549,3193,2369,2189,
11215,3566,3185,2383,2198,
11215,3551,3173,2391,2207,
11224,3549,3168,2394,2195,
11216,3549,3169,2375,2192,
11207,3541,3179,2386,2198,
11206,3547,3202,2387,2192,
11217,3559,3168,2380,2183,
11203,3545,3192,2384,2201,
11210,3560,3179,2387,2200,
11202,3568,3188,2392,2199,
11221,3552,3181,2392,2196,
11219,3560,3175,2369,2196,
11226,3577,3183,2381,2213,
11217,3543,3187,2375,2197,
11214,3555,3181,2379,2197,
11215,3544,3194,2379,2188,
11217,3558,3181,2385,2196,
11223,3548,3187,2380,2207,
11220,3570,3189,2376,2198,
11223,3551,3180,2387,2193,
11207,3560,3207,2397,2189,
11212,3547,3179,2374,2211,
11221,3540,3192,2382,2184,
11239,3557,3192,2377,2197,
11215,3572,3184,2382,2188,
11223,3555,3185,2386,2194,
11215,3538,3213,2373,2197,
11215,3562,3195,2375,2207,
11215,3543,3188,2383,2200,
11211,3555,3192,2380,2198,
11219,3545,3182,2379,2186,
11217,3546,3191,2395,2190,
11214,3558,3184,2386,2195,
11232,3550,3183,2385,2184,
11220,3558,3187,2382,2196,
11211,3568,3205,2385,2183,
11233,3551,3179,2378,2203,
11223,3538,3182,2377,2197,
11225,3557,3185,2387,2190,
11237,3548,3186,2378,2200,
11211,3556,3184,2397,2198,
11209,3536,3195,2390,2198,
11220,3556,3186,2382,2190,
11214,3550,3185,2371,2194,
11232,3553,3184,2394,2199,
11217,3555,3193,2384,2189,
11218,3543,3179,2372,2203,
11232,3557,3156,2365,2182,
11202,3557,3185,2375,2212,
11217,3552,3184,2388,2192,
11234,3552,3176,2385,2200,
11216,3555,3183,2371,2199,
11205,3560,3202,2372,2201,
11204,3552,3172,2400,2201,
11221,3543,3189,2387,2193,
11210,3551,3206,2404,2196,
11217,3552,3166,2388,2192,
11214,3540,3182,2381,2203,
11228,3554,3189,2379,2195,
11218,3548,3186,2389,2198,
11212,3564,3189,2377,2194,
11216,3559,3184,2378,2205,
11228,3570,3197,2389,2179,
11220,3553,3186,2380,2193,
11193,3562,3178,2388,2209,
11231,3564,3193,2372,2204,
11203,3538,3189,2405,2199,
11222,3556,3192,2387,2192,
11225,3554,3190,2376,2195,
11226,3559,3184,2369,2199,
11203,3545,3170,2385,2201,
11225,3549,3189,2381,2201,
11214,3550,3198,2377,2194,
11215,3542,3181,2377,2202,
11222,3562,3193,2384,2197,
11213,3551,3190,2388,2205,
11222,3548,3190,2375,2190,
11211,3549,3188,2371,2191,
11217,3551,3174,2396,2201,
11201,3567,3190,2380,2198,
11213,3555,3194,2396,2201,
11237,3543,3174,2388,2212,
11231,3548,3185,2387,2191,
11205,3558,3184,2383,2191,
11220,3554,3194,2385,2195,
11203,3549,3175,2369,2210,
11209,3560,3187,2383,2195,
11216,3548,3188,2379,2196,
11213,3545,3178,2385,2200,
11211,3549,3191,2389,2199,
11217,3558,3183,2387,2191,
11218,3544,3172,2371,2201,
11223,3541,3186,2375,2205,
11206,3551,3176,2376,2190,
11220,3531,3191,2382,2202,
11222,3558,3192,2384,2202,
11249,3541,3172,2385,2191,
11250,3540,3191,2361,2202,
11217,3547,3178,2392,2198,
11223,3558,3193,2387,2193,
11226,3554,3176,2390,2205,
11217,3546,3197,2387,2204,
11218,3551,3181,2384,2197,
11210,3556,3186,2383,2196,
11218,3553,3184,2388,2188,
11216,3546,3182,2386,2200,
11193,3559,3185,2379,2182,
11219,3554,3175,2383,2197,
11201,3560,3177,2400,2199,
11215,3567,3186,2388,2200,
11228,3555,3192,2366,2185,
11222,3555,3172,2396,2190,
11227,3548,3183,2397,2182,
11213,3544,3190,2387,2203,
11207,3556,3190,2396,2204,
11225,3548,3194,2391,2201,
11221,3547,3193,2379,2188,
11222,3548,3175,2381,2196,
11226,3552,3189,2388,2196,
11208,3551,3178,2387,2203,
11212,3555,3185,2403,2184,
11224,3554,3194,2386,2206,
11209,3546,3188,2383,2197,
11212,3552,3197,2391,2193,
11208,3555,3195,2393,2186,
11215,3550,3179,2381,2194,
11218,3538,3183,2380,2199,
11207,3539,3189,2387,2199,
11209,3553,3176,2382,2191,
11218,3542,3199,2381,2211,
11217,3538,3185,2384,2195,
11210,3551,3193,2388,2200,
11216,3549,3184,2379,2205,
11215,3555,3184,2380,2192,
11217,3543,3188,2381,2194,
11191,3563,3198,2375,2204,
11225,3551,3181,2382,2199,
11227,3547,3173,2381,2185,
11217,3538,3175,2379,2189,
11223,3558,3178,2390,2207,
11231,3534,3181,2389,2194,
11212,3572,3185,2371,2186,
11229,3556,3181,2383,2195,
11208,3570,3193,2379,2200,
11209,3574,3180,2390,2195,
11223,3548,3183,2383,2202,
11214,3548,3180,2389,2197,
11214,3545,3191,2389,2190,
11219,3559,3183,2384,2195,
11221,3553,3187,2382,2201,
11208,3546,3198,2398,2208,
11216,3555,3183,2382,2202,
11210,3531,3183,2379,2195,
11201,3538,3174,2396,2186,
11223,3547,3182,2376,2192,
11212,3564,3173,2380,2189,
11228,3556,3171,2381,2199,
11226,3549,3199,2380,2202,
11202,3551,3174,2368,2192,
11205,3547,3183,2381,2197,
11210,3548,3191,2386,2190,
11221,3556,3183,2381,2196,
11219,3547,3191,2381,2196,
11219,3556,3179,2375,2194,
11216,3547,3162,2400,2208,
11227,3558,3181,2380,2195,
11219,3550,3185,2385,2203,
11202,3551,3177,2387,2189,
11211,3566,3190,2379,2210,
11201,3551,3175,2395,2198,
11208,3555,3183,2391,2213,
11207,3558,3188,2390,2196,
11207,3564,3182,2373,2195,
11195,3577,3197,2373,2222,
11222,3556,3183,2376,2195,
11211,3558,3188,2382,2200,
11221,3550,3192,2385,2200,
11222,3555,3182,2388,2205,
11216,3549,3176,2383,2191,
11214,3546,3186,2383,2195,
11211,3546,3186,2382,2205,
11230,3568,3185,2382,2191,
11222,3561,3182,2379,2200,
11225,3550,3190,2377,2204,
11219,3536,3174,2384,2201,
11210,3547,3195,2373,2191,
11221,3551,3182,2388,2209,
11217,3562,3194,2375,2208,
11191,3564,3188,2371,2191,
11225,3553,3191,2376,2195,
11215,3544,3183,2386,2196,
11220,3537,3190,2383,2198,
11215,3549,3169,2392,2192,
11210,3551,3183,2389,2197,
11214,3549,3196,2385,2210,
11219,3554,3183,2383,2195,
11210,3556,3180,2379,2193,
11214,3556,3181,2380,2204,
11219,3540,3187,2391,2204,
11201,3541,3190,2393,2202,
11226,3538,3183,2382,2203,
11216,3546,3192,2382,2194,
11193,3555,3199,2393,2189,
11230,3547,3188,2388,2196,
11218,3547,3189,2382,2201,
11213,3546,3186,2381,2193,
11211,3547,3184,2378,2202,
11211,3551,3190,2390,2186,
11212,3548,3189,2396,2187,
11219,3543,3185,2384,2195,
11219,3559,3183,2386,2196,
11205,3538,3183,2382,2199,
11233,3564,3190,2390,2187,
11202,3560,3174,2388,2196,
11220,3544,3178,2373,2180,
11210,3545,3201,2376,2193,
11229,3554,3186,2370,2196,
11233,3568,3181,2375,2206,
11213,3552,3192,2376,2196,
11221,3557,3193,2384,2200,
11222,3544,3186,2379,2191,
11219,3553,3178,2389,2197,
11218,3551,3188,2367,2193,
11197,3541,3185,2374,2205,
11207,3551,3182,2395,2203,
11227,3563,3179,2381,2193,
11205,3546,3189,2372,2189,
11209,3558,3186,2392,2220,
11208,3548,3202,2382,2193,
11202,3556,3194,2383,2193,
11216,3551,3190,2375,2202,
11203,3550,3213,2376,2200,
11211,3552,3188,2380,2200,
11207,3556,3191,2385,2190,
11220,3561,3184,2386,2194,
11221,3548,3183,2381,2196,
11220,3561,3177,2372,2198,
11220,3555,3179,2381,2193,
11215,3538,3201,2386,2201,
11221,3548,3182,2388,2203,
11215,3547,3182,2382,2190,
11229,3558,3172,2384,2203,
11213,3583,3199,2385,2192,
11212,3547,3185,2388,2196,
11234,3538,3195,2387,2204,
11212,3548,3198,2387,2180,
11206,3546,3196,2395,2185,
11212,3547,3194,2386,2195,
11223,3552,3182,2376,2197,
11222,3548,3188,2381,2195,
11218,3553,3184,2383,2201,
11216,3551,3193,2375,2198,
11227,3544,3199,2394,2182,
11222,3540,3182,2385,2202,
11205,3556,3196,2383,2199,
11217,3530,3203,2387,2194,
11212,3570,3178,2372,2198,
11250,3545,3182,2381,2207,
11249,3546,3191,2381,2201,
11229,3556,3186,2376,2198,
11234,3553,3194,2382,2188,
11202,3535,3192,2382,2185,
11209,3549,3185,2384,2195,
11212,3550,3185,2379,2200,
11221,3557,3181,2389,2193,
11229,3556,3191,2388,2196,
11225,3552,3192,2389,2194,
11240,3561,3196,2386,2190,
11204,3555,3173,2384,2200,
11222,3565,3167,2380,2196,
11226,3580,3184,2389,2203,
11229,3550,3188,2386,2207,
11209,3564,3199,2400,2196,
11211,3550,3185,2376,2198,
11215,3559,3178,2387,2199,
11205,3544,3186,2382,2196,
11204,3565,3187,2379,2197,
11208,3554,3182,2382,2197,
11219,3549,3191,2382,2189,
11214,3548,3181,2375,2201,
11221,3551,3185,2388,2198,
11220,3551,3178,2376,2196,
11248,3566,3197,2384,2198,
11215,3554,3186,2389,2193,
11207,3558,3198,2384,2190,
11238,3569,3184,2372,2195,
11225,3548,3197,2376,2192,
11216,3544,3183,2383,2193,
11218,3561,3184,2389,2186,
11217,3556,3190,2376,2192,
11220,3551,3158,2376,2204,
11223,3557,3181,2383,2195,
11204,3553,3185,2385,2208,
11217,3553,3196,2376,2196,
11218,3554,3182,2382,2198,
11219,3544,3194,2382,2199,
11221,3560,3164,2369,2203,
11220,3554,3199,2379,2201,
11205,3568,3175,2370,2196,
11215,3542,3180,2387,2191,
11212,3538,3200,2391,2189,
11228,3540,3182,2377,2195,
11197,3556,3188,2384,2194,
11221,3554,3183,2389,2195,
11200,3532,3188,2389,2197,
11226,3562,3180,2374,2189,
11215,3546,3182,2386,2202,
11221,3552,3180,2386,2201,
11220,3554,3186,2380,2197,
11214,3557,3186,2385,2193,
11212,3556,3201,2386,2195,
11220,3542,3164,2368,2203,
11224,3547,3182,2381,2194,
11227,3549,3178,2384,2189,
11220,3555,3189,2393,2199,
11227,3567,3185,2389,2197,
11219,3551,3172,2386,2180,
11240,3544,3193,2382,2192,
11214,3554,3192,2377,2195,
11233,3569,3168,2391,2206,
11198,3538,3193,2392,2196,
11216,3547,3188,2374,2197,
11217,3548,3191,2379,2192,
11221,3554,3187,2379,2197,
11224,3553,3185,2384,2195,
11218,3560,3182,2392,2193,
11223,3549,3190,2384,2201,
11207,3554,3175,2382,2196,
11236,3555,3178,2380,2215,
11209,3545,3191,2376,2207,
11226,3548,3183,2384,2200,
11225,3552,3184,2378,2196,
11237,3549,3183,2386,2202,
11223,3546,3173,2369,2198,
11221,3532,3199,2378,2199,
11221,3549,3179,2383,2195,
11218,3557,3193,2382,2190,
11217,3556,3183,2382,2201,
11220,3559,3190,2377,2204,
11211,3555,3182,2381,2183,
11222,3540,3203,2372,2209,
11210,3554,3196,2382,2190,
11211,3544,3195,2378,2192,
11231,3555,3194,2383,2190,
11205,3565,3177,2382,2203,
11244,3546,3167,2388,2192,
11215,3565,3192,2400,2195,
11210,3548,3187,2386,2198,
11200,3559,3195,2373,2194,
11216,3554,3186,2387,2193,
11229,3545,3188,2389,2200,
11219,3548,3185,2387,2203,
11218,3554,3191,2380,2195,
11220,3547,3190,2382,2201,
11214,3544,3183,2375,2190,
11233,3557,3179,2377,2197,
11213,3548,3187,2382,2198,
11218,3547,3171,2384,2194,
11208,3544,3187,2390,2201,
11205,3560,3175,2391,2202,
11207,3545,3193,2375,2201,
11228,3553,3183,2387,2195,
11213,3558,3191,2382,2191,
11237,3545,3197,2391,2187,
11194,3545,3186,2377,2189,
11218,3557,3184,2387,2193,
11214,3556,3191,2384,2191,
11219,3550,3196,2385,2196,
11217,3534,3186,2372,2193,
11215,3539,3178,2384,2195,
11216,3561,3179,2393,2208,
11220,3547,3186,2376,2189,
11221,3552,3174,2368,2205,
11213,3551,3198,2382,2198,
11208,3552,3184,2392,2192,
11206,3563,3177,2384,2186,
11226,3555,3180,2383,2199,
11201,3553,3187,2367,2195,
11208,3549,3171,2400,2175,
11222,3547,3181,2390,2196,
11218,3551,3189,2389,2187,
11225,3548,3186,2383,2186,
11211,3535,3180,2383,2199,
11210,3548,3182,2379,2200,
11211,3564,3178,2381,2191,
11215,3544,3185,2373,2203,
11220,3560,3195,2392,2192,
11218,3551,3187,2379,2190,
11236,3561,3191,2377,2191,
11223,3544,3187,2379,2202,
11209,3555,3182,2388,2186,
11217,3543,3181,2368,2199,
11222,3553,3209,2379,2203,
11215,3555,3176,2379,2202,
11215,3554,3183,2380,2193,
11208,3552,3198,2382,2197,
11224,3543,3193,2386,2199,
11210,3548,3192,2390,2197,
11213,3553,3183,2387,2198,
11228,3552,3190,2371,2197,
11229,3550,3185,2377,2196,
11231,3549,3194,2383,2202,
11214,3539,3179,2384,2194,
11197,3554,3190,2377,2185,
11209,3547,3174,2387,2195,
11224,3557,3190,2388,2200,
11222,3556,3180,2389,2204,
11196,3581,3178,2394,2185,
11228,3548,3191,2387,2197,
11225,3546,3188,2380,2186,
11214,3549,3190,2387,2196,
11214,3558,3183,2384,2202,
11216,3553,3190,2377,2207,
11231,3568,3179,2382,2199,
11212,3563,3180,2374,2201,
11206,3554,3180,2377,2183,
11198,3559,3175,2382,2200,
11202,3546,3195,2378,2208,
11219,3563,3205,2373,2209,
11226,3555,3190,2382,2199,
11209,3546,3188,2373,2201,
11217,3532,3195,2396,2201,
11241,3575,3181,2375,2209,
11216,3557,3169,2385,2197,
11229,3555,3170,2383,2193,
11217,3549,3189,2382,2194,
11218,3544,3185,2389,2197,
11219,3553,3179,2378,2207,
11201,3541,3179,2395,2194,
11234,3559,3187,2382,2190,
11224,3545,3181,2391,2195,
11249,3559,3193,2376,2187,
11227,3547,3190,2380,2195,
11214,3569,3173,2404,2204,
11215,3561,3198,2374,2200,
11222,3558,3186,2389,2196,
11220,3545,3201,2368,2191,
11221,3546,3182,2377,2189,
11231,3554,3188,2381,2203,
11225,3550,3190,2385,2195,
11218,3560,3187,2382,2190,
11211,3551,3186,2383,2197,
11217,3558,3186,2383,2196,
11217,3565,3187,2387,2196,
11221,3553,3190,2388,2208,
11216,3544,3186,2386,2194,
11248,3562,3178,2375,2188,
11224,3542,3196,2369,2191,
11223,3566,3179,2384,2214,
11227,3564,3184,2391,2192,
11223,3543,3176,2400,2191,
11202,3540,3171,2372,2198,
11232,3546,3176,2374,2202,
11228,3549,3188,2383,2195,
11218,3555,3191,2393,2194,
11227,3555,3189,2380,2191,
11223,3548,3184,2383,2196,
11212,3544,3194,2385,2183,
11214,3553,3187,2389,2195,
11226,3546,3174,2380,2205,
11224,3554,3192,2391,2203,
11216,3554,3172,2385,2192,
11234,3535,3196,2391,2200,
11243,3559,3191,2380,2203,
11222,3556,3183,2389,2184,
11236,3549,3194,2390,2186,
11228,3556,3169,2384,2211,
11232,3551,3187,2390,2204,
11223,3553,3193,2382,2204,
11215,3551,3189,2375,2193,
11222,3546,3179,2381,2199,
11210,3552,3185,2383,2201,
11264,3545,3177,2380,2195,
11222,3547,3197,2391,2197,
11206,3559,3196,2383,2200,
11237,3544,3179,2392,2188,
11225,3542,3189,2388,2198,
11246,3556,3191,2386,2199,
11212,3542,3191,2380,2200,
11230,3544,3176,2376,2202,
11248,3562,3196,2370,2210,
11215,3545,3187,2377,2193,
11230,3550,3181,2394,2200,
11217,3549,3182,2376,2212,
11224,3549,3181,2385,2198,
11221,3551,3184,2380,2212,
11218,3551,3175,2385,2200,
11236,3543,3186,2384,2209,
11242,3545,3180,2380,2193,
11232,3551,3182,2388,2185,
11206,3536,3197,2383,2194,
11209,3560,3180,2399,2189,
11224,3543,3185,2375,2190,
11222,3538,3190,2392,2200,
11217,3552,3185,2365,2194,
11266,3526,3190,2382,2196,
11222,3553,3178,2378,2193,
11214,3546,3186,2386,2194,
11213,3557,3193,2379,2188,
11230,3546,3181,2384,2188,
11232,3553,3187,2387,2199,
11235,3542,3165,2372,2192,
11214,3556,3177,2379,2182,
11213,3561,3195,2383,2205,
11243,3551,3190,2382,2204,
11228,3564,3172,2387,2177,
11217,3528,3197,2388,2199,
11235,3552,3185,2382,2195,
11224,3545,3185,2382,2190,
11211,3556,3197,2380,2205,
11211,3526,3189,2384,2205,
11223,3553,3178,2392,2195,
11212,3557,3192,2386,2198,
11226,3549,3181,2395,2203,
11229,3556,3180,2389,2200,
11224,3553,3186,2383,2199,
11258,3539,3201,2386,2202,
11216,3555,3187,2384,2190,
11246,3558,3187,2376,2174,
11216,3561,3197,2387,2191,
11219,3563,3173,2375,2184,
11218,3570,3189,2389,2217,
11241,3564,3185,2378,2185,
11203,3551,3179,2379,2193,
11203,3541,3186,2382,2205,
11211,3549,3186,2377,2193,
11207,3550,3187,2378,2202,
11219,3542,3185,2389,2197,
11222,3546,3186,2376,2196,
11215,3548,3174,2382,2197,
11224,3556,3191,2380,2200,
11236,3547,3183,2397,2189,
11231,3546,3176,2380,2188,
11223,3537,3181,2386,2188,
11207,3553,3181,2380,2198,
11209,3545,3177,2376,2198,
11252,3546,3184,2378,2193,
11222,3550,3183,2384,2213,
11225,3564,3166,2375,2199,
11200,3553,3168,2371,2180,
11223,3548,3191,2383,2189,
11222,3554,3188,2378,2198,
11220,3553,3191,2378,2192,
11230,3551,3173,2378,2193,
11221,3540,3191,2384,2197,
11202,3562,3174,2389,2204,
11232,3556,3181,2382,2207,
11218,3557,3181,2382,2202,
11213,3538,3197,2383,2196,
11233,3545,3188,2386,2198,
11198,3550,3188,2374,2205,
11209,3540,3199,2376,2193,
11218,3551,3184,2375,2195,
11225,3554,3207,2396,2203,
11255,3540,3198,2382,2192,
11226,3557,3180,2384,2198,
11216,3552,3191,2385,2194,
11221,3546,3190,2382,2195,
11220,3557,3187,2384,2197,
11221,3556,3184,2382,2193,
11244,3538,3190,2387,2192,
11223,3554,3182,2375,2198,
11211,3539,3197,2370,2191,
11218,3549,3198,2391,2203,
11229,3551,3181,2400,2201,
11220,3537,3185,2369,2220,
11198,3541,3187,2374,2205,
11221,3550,3181,2391,2201,
11235,3531,3174,2377,2192,
11218,3543,3194,2381,2203,
11216,3545,3181,2381,2193,
11214,3557,3180,2399,2193,
11216,3545,3180,2385,2192,
11217,3556,3184,2393,2203,
11224,3546,3201,2388,2187,
11222,3552,3181,2379,2196,
11211,3541,3222,2375,2181,
11215,3543,3170,2380,2192,
11208,3549,3198,2382,2184,
11203,3581,3187,2374,2192,
11208,3570,3175,2387,2191,
11218,3543,3191,2378,2194,
11220,3551,3203,2389,2196,
11227,3565,3203,2371,2222,
11230,3552,3189,2379,2192,
11219,3541,3196,2387,2198,
11213,3554,3189,2380,2194,
11222,3545,3186,2380,2200,
11218,3551,3188,2380,2189,
11227,3560,3204,2379,2189,
11231,3549,3187,2386,2182,
11218,3562,3177,2382,2187,
11209,3535,3183,2385,2191,
11224,3564,3189,2370,2197,
11224,3566,3174,2373,2190,
11210,3542,3187,2375,2199,
11221,3546,3187,2382,2201,
11225,3555,3185,2398,2191,
11233,3552,3186,2379,2201,
11216,3551,3176,2379,2194,
11219,3552,3184,2377,2192,
11230,3546,3185,2393,2191,
11226,3536,3182,2384,2197,
11226,3549,3186,2380,2196,
11220,3546,3196,2377,2198,
11224,3553,3184,2382,2196,
11215,3566,3196,2380,2183,
11213,3541,3188,2382,2210,
11216,3552,3190,2375,2193,
11222,3565,3183,2385,2200,
11230,3546,3193,2372,2185,
11221,3557,3189,2373,2198,
11241,3555,3211,2380,2204,
11226,3556,3191,2384,2200,
11224,3560,3184,2378,2193,
11221,3555,3187,2374,2194,
11213,3560,3193,2380,2194,
11224,3555,3192,2381,2195,
11206,3553,3178,2366,2183,
11208,3559,3184,2391,2187,
11213,3562,3172,2379,2201,
11212,3548,3183,2383,2194,
11215,3558,3180,2394,2210,
11214,3551,3174,2373,2202,
11231,3544,3195,2377,2191,
11207,3562,3178,2393,2200,
11206,3543,3207,2385,2207,
11232,3543,3186,2368,2192,
11203,3561,3189,2380,2193,
11222,3553,3174,2379,2197,
11221,3552,3179,2387,2197,
11226,3555,3197,2390,2194,
11212,3553,3187,2388,2196,
11246,3544,3182,2388,2193,
11216,3552,3189,2379,2194,
11221,3556,3176,2380,2198,
11223,3551,3200,2385,2202,
11219,3543,3182,2404,2205,
11227,3543,3173,2382,2190,
11221,3543,3188,2386,2193,
11215,3559,3183,2380,2195,
11206,3550,3171,2408,2196,
11229,3540,3176,2392,2189,
11218,3554,3179,2388,2190,
11219,3549,3173,2379,2202,
11225,3550,3186,2380,2187,
11221,3546,3183,2387,2204,
11218,3541,3186,2377,2195,
11202,3542,3183,2383,2190,
11235,3543,3196,2393,2188,
11209,3558,3185,2382,2191,
11208,3550,3186,2383,2200,
11239,3546,3186,2381,2198,
11239,3546,3200,2396,2196,
11235,3540,3183,2383,2192,
11215,3542,3185,2381,2202,
11242,3547,3183,2368,2188,
11218,3546,3180,2388,2195,
11224,3549,3183,2389,2195,
11212,3548,3189,2386,2184,
11220,3557,3185,2385,2199,
11215,3550,3176,2385,2200,
11237,3538,3163,2383,2196,
11220,3529,3194,2385,2196,
11216,3543,3185,2376,2199,
11216,3550,3190,2388,2203,
11222,3533,3185,2362,2189,
11209,3558,3192,2380,2196,
11213,3553,3184,2375,2189,
11216,3560,3187,2379,2201,
11206,3551,3199,2388,2203,
11243,3547,3190,2385,2188,
11216,3543,3181,2383,2198,
11220,3555,3182,2389,2198,
11225,3552,3184,2389,2203,
11229,3549,3183,2391,2188,
11224,3546,3184,2376,2202,
11252,3534,3176,2373,2202,
11228,3548,3189,2375,2201,
11209,3561,3168,2394,2202,
11203,3533,3185,2390,2194,
11224,3557,3180,2386,2201,
11229,3550,3199,2387,2207,
11212,3554,3187,2387,2190,
11231,3547,3184,2385,2203,
11236,3554,3170,2407,2197,
11221,3539,3181,2386,2193,
11222,3548,3172,2385,2204,
11226,3547,3183,2383,2195,
11235,3544,3187,2381,2198,
11208,3554,3188,2373,2200,
11227,3554,3195,2374,2201,
11213,3545,3197,2383,2199,
11234,3548,3182,2383,2193,
11218,3548,3177,2389,2188,
11218,3554,3182,2388,2193,
11221,3554,3178,2386,2193,
11208,3553,3179,2379,2191,
11217,3540,3182,2380,2199,
11223,3551,3196,2395,2186,
11202,3553,3162,2375,2185,
11226,3551,3175,2369,2201,
11218,3553,3197,2378,2187,
11235,3545,3181,2380,2197,
11220,3551,3190,2389,2183,
11224,3545,3187,2385,2200,
11214,3563,3181,2375,2206,
11236,3548,3186,2372,2188,
11213,3557,3181,2392,2195,
11238,3551,3179,2379,2198,
11232,3566,3193,2381,2200,
11215,3552,3177,2395,2186,
11222,3540,3177,2380,2192,
11227,3552,3176,2378,2192,
11206,3538,3185,2392,2192,
11209,3546,3181,2377,2194,
11226,3552,3176,2386,2204,
11214,3554,3195,2381,2194,
11224,3547,3185,2383,2203,
11206,3551,3177,2382,2198,
11220,3547,3179,2386,2201,
11221,3546,3199,2392,2211,
11210,3550,3184,2388,2194,
11219,3554,3176,2385,2191,
11204,3554,3199,2400,2199,
11213,3542,3197,2370,2191,
11220,3558,3169,2376,2193,
11232,3542,3187,2388,2195,
11213,3551,3183,2382,2204,
11250,3553,3200,2390,2184,
11226,3544,3176,2384,2194,
11222,3553,3184,2386,2196,
11226,3545,3183,2377,2207,
11220,3562,3181,2381,2201,
11216,3557,3185,2387,2190,
11229,3550,3177,2366,2204,
11227,3565,3176,2391,2199,
11224,3555,3196,2373,2199,
11217,3547,3185,2381,2190,
11233,3549,3175,2390,2194,
11216,3537,3182,2384,2193,
11223,3576,3192,2396,2204,
11228,3551,3194,2374,2196,
11214,3541,3188,2394,2203,
11262,3528,3197,2374,2189,
11222,3560,3192,2386,2208,
11224,3547,3190,2385,2200,
11222,3552,3183,2376,2197,
11223,3552,3179,2391,2199,
11218,3555,3192,2387,2199,
11243,3553,3182,2387,2197,
11223,3553,3179,2385,2188,
11205,3539,3189,2400,2197,
11210,3546,3178,2385,2195,
11221,3570,3166,2383,2201,
11211,3550,3190,2385,2189,
11208,3548,3188,2385,2189,
11230,3551,3181,2394,2194,
11225,3545,3174,2391,2190,
11245,3548,3188,2384,2191,
11218,3546,3185,2388,2194,
11223,3557,3183,2380,2192,
11218,3547,3191,2379,2193,
11210,3551,3177,2384,2190,
11229,3543,3187,2383,2187,
11205,3561,3196,2381,2200,
11206,3550,3182,2394,2190,
11230,3557,3176,2390,2197,
11232,3557,3178,2387,2199,
11216,3557,3182,2383,2219,
11228,3546,3189,2376,2199,
11226,3544,3180,2391,2192,
11214,3548,3174,2383,2196,
11198,3561,3168,2389,2199,
11220,3546,3188,2380,2197,
11219,3541,3196,2380,2190,
11222,3557,3184,2378,2196,
11226,3543,3190,2390,2200,
11229,3555,3183,2377,2188,
11227,3552,3206,2392,2188,
11216,3538,3175,2377,2200,
11216,3561,3184,2379,2185,
11250,3545,3188,2382,2198,
11197,3539,3190,2389,2184,
11222,3543,3178,2386,2197,
11215,3549,3183,2371,2192,
11229,3544,3195,2380,2202,
11234,3540,3189,2377,2177,
11208,3554,3204,2375,2201,
11231,3556,3190,2385,2206,
11233,3548,3189,2389,2203,
11213,3543,3191,2384,2200,
11218,3558,3192,2382,2204,
11214,3554,3181,2381,2199,
11208,3554,3180,2388,2207,
11215,3548,3189,2383,2203,
11218,3547,3181,2405,2195,
11214,3552,3193,2391,2192,
11211,3544,3201,2384,2193,
11256,3561,3192,2384,2195,
11208,3548,3176,2380,2206,
11233,3559,3184,2379,2193,
11226,3542,3167,2395,2180,
11215,3550,3186,2380,2196,
11226,3554,3188,2391,2196,
11222,3550,3188,2376,2194,
11220,3542,3187,2380,2195,
11218,3548,3192,2392,2199,
11228,3554,3195,2385,2199,
11241,3561,3193,2389,2205,
11235,3554,3193,2376,2203,
11219,3553,3177,2384,2205,
11237,3553,3177,2378,2199,
11227,3568,3187,2386,2193,
11233,3549,3188,2375,2201,
11222,3552,3175,2382,2198,
11217,3557,3183,2384,2201,
11234,3531,3194,2401,2192,
11221,3553,3192,2383,2201,
11215,3546,3188,2386,2195,
11225,3539,3187,2384,2196,
11222,3545,3189,2376,2194,
11219,3553,3179,2383,2196,
11214,3563,3196,2399,2191,
11232,3559,3182,2390,2197,
11242,3543,3191,2372,2190,
11217,3572,3184,2389,2203,
11227,3558,3170,2401,2207,
11225,3549,3180,2382,2202,
11212,3561,3184,2372,2191,
11224,3554,3184,2380,2196,
11227,3556,3179,2378,2196,
11219,3547,3204,2384,2206,
11219,3545,3189,2386,2198,
11213,3560,3190,2378,2194,
11221,3542,3185,2382,2197,
11222,3554,3187,2384,2197,
11230,3551,3193,2381,2200,
11241,3561,3202,2373,2202,
11223,3535,3182,2369,2202,
11231,3539,3189,2383,2201,
11221,3543,3185,2386,2183,
11221,3532,3177,2395,2203,
11215,3557,3181,2380,2201,
11214,3558,3170,2387,2199,
11220,3546,3180,2379,2193,
11231,3547,3191,2375,2188,
11231,3546,3187,2384,2194,
11222,3555,3190,2386,2197,
11235,3553,3186,2374,2195,
11218,3545,3192,2388,2202,
11228,3552,3187,2384,2191,
11210,3561,3184,2380,2195,
11205,3567,3180,2373,2205,
11216,3549,3190,2376,2196,
11219,3565,3199,2371,2188,
11206,3567,3183,2376,2192,
11191,3556,3181,2379,2198,
11218,3540,3224,2379,2188,
11214,3541,3185,2384,2189,
11212,3538,3192,2372,2195,
11219,3531,3184,2358,2203,
11209,3547,3180,2388,2198,
11226,3541,3182,2388,2194,
11213,3547,3180,2398,2201,
11222,3552,3196,2377,2198,
11226,3540,3186,2385,2198,
11216,3568,3171,2369,2182,
11219,3544,3189,2381,2196,
11208,3543,3197,2396,2192,
11212,3548,3173,2384,2205,
11201,3550,3194,2366,2204,
11216,3555,3186,2381,2197,
11206,3542,3181,2390,2194,
11218,3551,3189,2377,2200,
11223,3548,3186,2373,2196,
11198,3526,3197,2371,2178,
11224,3545,3187,2381,2208,
11225,3544,3187,2374,2195,
11219,3551,3195,2387,2199,
11226,3550,3190,2380,2197,
11230,3548,3179,2380,2195,
11241,3553,3187,2379,2187,
11217,3544,3188,2376,2196,
11204,3543,3177,2391,2188,
11231,3570,3183,2375,2199,
11216,3564,3201,2375,2202,
11219,3535,3191,2378,2194,
11208,3554,3178,2371,2212,
11219,3551,3178,2374,2193,
11238,3559,3176,2384,2188,
11232,3542,3187,2378,2202,
11220,3545,3187,2384,2194,
11217,3543,3179,2380,2204,
11216,3544,3177,2387,2201,
11220,3550,3183,2376,2194,
11217,3548,3187,2374,2194,
11215,3538,3176,2384,2194,
11216,3540,3186,2376,2200,
11205,3567,3198,2381,2197,
11211,3548,3191,2392,2179,
11214,3545,3196,2377,2194,
11223,3553,3183,2381,2189,
11216,3551,3187,2378,2192,
11214,3562,3163,2379,2209,
11193,3575,3192,2377,2182,
11223,3553,3182,2382,2192,
11216,3545,3181,2386,2190,
11228,3561,3184,2386,2191,
11214,3553,3190,2382,2194,
11226,3553,3180,2381,2198,
11221,3545,3192,2398,2212,
11210,3546,3195,2385,2196,
11214,3555,3174,2379,2191,
11220,3566,3187,2382,2203,
11229,3545,3174,2402,2192,
11216,3552,3184,2394,2190,
11217,3554,3192,2382,2209,
11225,3562,3184,2382,2193,
11230,3539,3189,2389,2191,
11208,3536,3189,2390,2182,
11214,3550,3184,2383,2195,
11215,3550,3182,2386,2189,
11216,3550,3186,2384,2196,
11212,3546,3180,2374,2190,
11216,3547,3189,2384,2194,
11224,3541,3171,2381,2193,
11215,3548,3185,2396,2206,
11225,3562,3179,2390,2205,
11200,3536,3189,2396,2179,
11219,3535,3171,2396,2203,
11219,3550,3176,2388,2197,
11205,3558,3173,2381,2196,
11223,3553,3195,2384,2197,
11195,3540,3187,2389,2180,
11229,3545,3190,2380,2197,
11221,3550,3203,2390,2193,
11221,3553,3188,2387,2196,
11219,3553,3179,2386,2206,
11225,3541,3187,2379,2198,
11231,3553,3194,2381,2197,
11215,3540,3194,2387,2195,
11209,3548,3178,2401,2196,
11222,3543,3189,2397,2199,
11209,3540,3196,2384,2198,
11211,3539,3192,2378,2205,
11226,3547,3186,2384,2198,
11210,3548,3189,2384,2200,
11215,3565,3198,2388,2189,
11228,3569,3172,2378,2177,
11218,3546,3188,2389,2194,
11223,3538,3186,2381,2192,
11219,3549,3181,2392,2195,
11226,3545,3194,2394,2190,
11222,3554,3185,2383,2196,
11221,3537,3208,2376,2193,
11230,3562,3185,2386,2196,
11234,3545,3185,2374,2201,
11211,3550,3176,2381,2188,
11223,3560,3191,2379,2210,
11242,3553,3194,2407,2199,
11231,3546,3192,2371,2197,
11221,3548,3190,2381,2200,
11232,3553,3189,2388,2203,
11234,3589,3169,2378,2207,
11224,3536,3186,2384,2201,
11217,3542,3181,2378,2204,
11218,3544,3187,2373,2192,
11224,3557,3183,2385,2189,
11230,3558,3194,2379,2189,
11197,3544,3182,2371,2211,
11214,3557,3180,2385,2190,
11228,3564,3193,2376,2181,
11227,3557,3183,2384,2192,
11231,3538,3186,2380,2197,
11213,3563,3179,2391,2201,
11234,3533,3189,2381,2203,
11223,3542,3176,2394,2196,
11241,3547,3185,2379,2199,
11206,3553,3183,2379,2199,
11210,3553,3176,2398,2197,
11214,3545,3184,2388,2192,
11220,3561,3182,2376,2202,
11222,3552,3180,2385,2205,
11219,3555,3194,2381,2202,
11223,3555,3187,2390,2195,
11224,3552,3185,2393,2198,
11241,3529,3180,2384,2199,
11214,3535,3199,2391,2201,
11223,3541,3207,2377,2195,
11215,3536,3189,2374,2203,
11213,3539,3191,2376,2192,
11206,3553,3181,2399,2206,
11243,3521,3200,2378,2186,
11222,3549,3189,2383,2205,
11216,3551,3180,2385,2198,
11217,3546,3178,2392,2196,
11223,3547,3186,2388,2190,
11222,3548,3183,2384,2196,
11226,3564,3169,2374,2191,
11202,3560,3184,2384,2193,
11221,3536,3181,2375,2202,
11229,3543,3193,2375,2200,
11215,3541,3189,2383,2208,
11234,3544,3183,2404,2197,
11217,3551,3181,2390,2178,
11232,3547,3186,2378,2193,
11228,3533,3174,2370,2177,
11234,3566,3164,2385,2188,
11220,3548,3188,2379,2195,
11227,3562,3194,2393,2190,
11217,3551,3186,2380,2190,
11206,3542,3190,2376,2198,
11218,3546,3189,2387,2199,
11201,3555,3185,2385,2194,
11222,3550,3189,2391,2199,
11223,3543,3178,2379,2207,
11229,3550,3186,2391,2198,
11245,3557,3188,2383,2196,
11202,3546,3186,2389,2198,
11211,3555,3187,2385,2198,
11232,3550,3188,2380,2197,
11227,3562,3168,2404,2180,
11236,3532,3185,2373,2195,
11223,3558,3189,2391,2186,
11216,3548,3184,2389,2198,
11210,3554,3188,2376,2190,
11215,3548,3177,2374,2195,
11212,3548,3177,2390,2207,
11210,3529,3195,2392,2193,
11209,3551,3186,2381,2201,
11225,3541,3178,2385,2197,
11212,3556,3185,2388,2189,
11224,3539,3185,2378,2188,
11218,3528,3176,2397,2180,
11209,3547,3184,2387,2189,
11225,3546,3190,2386,2199,
11214,3551,3162,2368,2203,
11226,3558,3190,2392,2196,
11221,3541,3183,2387,2193,
11217,3547,3183,2371,2198,
11223,3547,3187,2377,2194,
11225,3544,3188,2380,2201,
11234,3542,3195,2396,2204,
11224,3559,3190,2379,2189,
11236,3554,3198,2372,2200,
11217,3550,3178,2380,2186,
11226,3557,3188,2397,2206,
11233,3539,3166,2377,2185,
11196,3557,3182,2386,2193,
11224,3545,3191,2375,2192,
11240,3554,3191,2396,2194,
11208,3540,3179,2401,2193,
11223,3554,3177,2384,2203,
11213,3556,3185,2383,2191,
11225,3550,3189,2384,2201,
11223,3546,3181,2394,2194,
11217,3558,3186,2387,2193,
11208,3557,3188,2380,2190,
11220,3546,3186,2370,2198,
11217,3551,3190,2376,2191,
11221,3563,3182,2388,2202,
11216,3556,3193,2379,2196,
11232,3534,3202,2387,2206,
11215,3543,3204,2385,2191,
11222,3539,3175,2389,2198,
11215,3536,3195,2367,2188,
11212,3552,3190,2390,2196,
11222,3555,3185,2386,2204,
11215,3550,3185,2382,2199,
11223,3548,3183,2379,2188,
11222,3552,3187,2382,2194,
11217,3549,3179,2373,2196,
11240,3569,3204,2385,2198,
11218,3558,3181,2385,2193,
11209,3557,3181,2387,2196,
11218,3550,3182,2377,2181,
11221,3551,3187,2390,2190,
11227,3548,3184,2389,2198,
11218,3547,3179,2381,2190,
11227,3546,3191,2374,2196,
11225,3549,3176,2384,2204,
11213,3551,3188,2383,2187,
11213,3553,3197,2380,2200,
11206,3546,3189,2380,2197,
11223,3552,3193,2382,2197,
11216,3550,3187,2385,2203,
11217,3568,3182,2382,2199,
11216,3546,3186,2371,2199,
11219,3559,3167,2378,2211,
11257,3544,3190,2371,2187,
11228,3545,3196,2380,2190,
11208,3552,3174,2375,2215,
11208,3551,3179,2375,2195,
11218,3548,3191,2376,2194,
11237,3557,3185,2388,2187,
11226,3562,3202,2369,2190,
11213,3555,3186,2385,2198,
11221,3557,3188,2380,2199,
11218,3547,3183,2379,2194,
11220,3551,3189,2383,2192,
11222,3557,3191,2388,2201,
11249,3534,3185,2385,2200,
11212,3546,3188,2374,2195,
11214,3551,3176,2384,2206,
11224,3570,3179,2382,2209,
11203,3543,3177,2384,2198,
11220,3554,3189,2392,2185,
11210,3547,3189,2381,2197,
11216,3538,3174,2376,2205,
11214,3564,3170,2379,2206,
11214,3569,3192,2374,2215,
11217,3559,3192,2391,2194,
11223,3543,3177,2379,2193,
11212,3550,3188,2383,2193,
11224,3554,3182,2379,2206,
11216,3557,3193,2365,2192,
11228,3548,3181,2386,2192,
11211,3541,3184,2384,2187,
11215,3541,3178,2391,2198,
11216,3554,3179,2375,2197,
11221,3538,3174,2399,2201,
11202,3546,3202,2380,2194,
11219,3562,3188,2386,2194,
11220,3554,3192,2375,2201,
11223,3537,3208,2397,2203,
11211,3542,3183,2368,2199,
11218,3555,3185,2388,2185,
11228,3551,3185,2386,2189,
11215,3546,3192,2386,2195,
11219,3554,3181,2382,2194,
11217,3542,3179,2377,2205,
11220,3561,3193,2384,2202,
11210,3536,3177,2377,2194,
11216,3550,3183,2375,2199,
11233,3543,3197,2378,2206,
11237,3550,3183,2395,2197,
11200,3550,3180,2385,2200,
11214,3555,3187,2370,2196,
11223,3563,3175,2388,2196,
11196,3553,3189,2367,2201,
11211,3542,3184,2386,2197,
11220,3549,3185,2388,2198,
11208,3559,3187,2373,2195,
11211,3554,3188,2385,2191,
11226,3547,3191,2383,2195,
11219,3550,3200,2375,2181,
11224,3555,3179,2383,2192,
11220,3549,3182,2376,2208,
11218,3548,3184,2387,2186,
11226,3553,3184,2377,2198,
11224,3539,3179,2374,2211,
11228,3540,3181,2394,2187,
11213,3539,3188,2385,2196,
11226,3557,3199,2381,2195,
11220,3561,3177,2384,2182,
11219,3552,3186,2380,2190,
11214,3540,3186,2383,2197,
11218,3549,3180,2373,2199,
11210,3554,3179,2378,2199,
11213,3557,3185,2387,2197,
11207,3559,3189,2375,2202,
11221,3553,3181,2388,2196,
11215,3548,3192,2386,2201,
11231,3554,3189,2377,2191,
11223,3534,3189,2382,2198,
11205,3537,3191,2393,2197,
11214,3560,3200,2380,2197,
11216,3554,3188,2382,2197,
11220,3546,3213,2364,2196,
11226,3557,3190,2389,2205,
11217,3543,3182,2386,2196,
11221,3550,3182,2385,2195,
11204,3562,3190,2377,2199,
11227,3555,3185,2388,2197,
11217,3559,3187,2392,2190,
11217,3546,3189,2386,2201,
11211,3553,3176,2382,2186,
11206,3539,3189,2379,2188,
11225,3550,3176,2386,2185,
11222,3538,3181,2405,2192,
11210,3551,3191,2403,2193,
11212,3562,3181,2381,2194,
11225,3550,3183,2381,2177,
11186,3538,3180,2369,2180,
11206,3555,3191,2391,2191,
11210,3547,3188,2394,2197,
11212,3553,3187,2383,2194,
11210,3559,3181,2382,2200,
11214,3533,3187,2383,2200,
11226,3559,3189,2380,2197,
11210,3554,3184,2382,2186,
11215,3559,3188,2378,2192,
11211,3547,3205,2386,2199,
11208,3532,3175,2394,2202,
11215,3538,3201,2389,2202,
11205,3558,3188,2370,2203,
11210,3548,3188,2386,2194,
11214,3540,3189,2369,2204,
11218,3557,3178,2376,2197,
11214,3551,3188,2381,2197,
11222,3552,3188,2384,2194,
11220,3550,3191,2379,2203,
11214,3551,3170,2390,2201,
11212,3551,3183,2392,2199,
11227,3545,3177,2374,2194,
11211,3559,3185,2382,2198,
11207,3533,3179,2388,2184,
11209,3544,3192,2393,2204,
11215,3544,3199,2383,2197,
11223,3547,3184,2386,2198,
11205,3545,3183,2366,2194,
11222,3562,3185,2383,2188,
11204,3583,3207,2371,2199,
11206,3560,3177,2388,2200,
11218,3547,3190,2381,2189,
11217,3558,3189,2367,2188,
11207,3547,3185,2381,2192,
11231,3551,3197,2377,2193,
11216,3552,3181,2366,2198,
11227,3552,3189,2387,2185,
11221,3553,3175,2383,2194,
11234,3541,3195,2382,2195,
11200,3553,3194,2383,2190,
11209,3560,3188,2383,2199,
11239,3558,3183,2402,2191,
11214,3563,3187,2389,2200,
11216,3528,3185,2390,2197,
11208,3530,3164,2387,2183,
11217,3541,3188,2374,2197,
11220,3549,3189,2377,2191,
11213,3549,3184,2386,2201,
11218,3541,3193,2383,2191,
11210,3547,3188,2380,2192,
11206,3539,3211,2378,2194,
11217,3540,3181,2385,2198,
11221,3551,3184,2365,2193,
11222,3552,3178,2375,2195,
11222,3549,3191,2385,2202,
11209,3559,3196,2384,2186,
11212,3542,3163,2371,2210,
11212,3552,3197,2370,2196,
11199,3525,3185,2382,2197,
11228,3550,3201,2381,2195,
11214,3550,3191,2393,2200,
11217,3548,3188,2376,2186,
11217,3550,3189,2375,2199,
11218,3546,3192,2386,2199,
11220,3556,3184,2383,2198,
11218,3549,3199,2383,2197,
11207,3558,3178,2373,2198,
11235,3543,3185,2375,2197,
11210,3551,3179,2388,2197,
11205,3548,3192,2373,2193,
11232,3543,3196,2376,2204,
11201,3566,3183,2385,2189,
11219,3560,3191,2381,2201,
11206,3589,3199,2380,2175,
11221,3565,3193,2372,2193,
11220,3541,3187,2388,2204,
11214,3563,3185,2390,2202,
11218,3555,3186,2387,2184,
11213,3546,3182,2386,2195,
11224,3562,3181,2387,2203,
11228,3563,3193,2384,2186,
11235,3538,3176,2388,2197,
11214,3554,3183,2388,2199,
11218,3533,3181,2380,2192,
11206,3550,3187,2405,2199,
11204,3541,3192,2378,2194,
11212,3550,3188,2383,2187,
11214,3535,3198,2387,2207,
11213,3532,3165,2387,2193,
11213,3558,3188,2379,2200,
11212,3553,3179,2382,2190,
11215,3553,3186,2386,2198,
11225,3541,3185,2392,2193,
11209,3546,3185,2378,2198,
11230,3568,3193,2377,2200,
11227,3544,3179,2372,2203,
11202,3550,3188,2397,2206,
11213,3537,3184,2384,2191,
11227,3549,3193,2381,2192,
11227,3540,3167,2383,2190,
11218,3561,3187,2385,2193,
11206,3555,3188,2377,2194,
11207,3541,3203,2404,2199,
11230,3528,3187,2384,2208,
11209,3539,3190,2374,2196,
11211,3547,3187,2382,2193,
11223,3548,3189,2377,2196,
11221,3545,3180,2384,2198,
11220,3545,3188,2385,2198,
11224,3521,3204,2382,2208,
11211,3543,3180,2387,2192,
11226,3552,3193,2377,2199,
11226,3563,3179,2378,2199,
11215,3535,3177,2383,2194,
11212,3555,3184,2393,2188,
11205,3556,3170,2381,2192,
11206,3551,3191,2379,2187,
11201,3557,3182,2380,2210,
11226,3553,3189,2379,2188,
11224,3546,3178,2379,2200,
11221,3552,3181,2377,2203,
11207,3560,3175,2383,2204,
11218,3559,3189,2384,2192,
11227,3551,3176,2387,2201,
11245,3574,3183,2386,2197,
11215,3545,3179,2381,2191,
11210,3551,3174,2376,2196,
11219,3576,3172,2384,2201,
11230,3544,3197,2384,2195,
11217,3555,3207,2385,2207,
11220,3549,3180,2385,2194,
11213,3552,3181,2377,2202,
11231,3528,3164,2376,2195,
11216,3551,3192,2374,2205,
11214,3541,3195,2387,2197,
11216,3546,3183,2393,2191,
11220,3544,3179,2391,2202,
11223,3561,3175,2377,2192,
11228,3527,3169,2372,2180,
11225,3548,3192,2379,2203,
11215,3549,3190,2379,2190,
11225,3542,3180,2369,2198,
11224,3559,3180,2374,2201,
11212,3554,3173,2388,2203,
11235,3533,3181,2386,2196,
11204,3549,3178,2393,2201,
11237,3554,3190,2386,2196,
11187,3560,3201,2387,2205,
11218,3550,3191,2390,2202,
11223,3558,3188,2386,2204,
11225,3559,3190,2376,2192,
11211,3548,3181,2388,2208,
11216,3553,3190,2384,2193,
11191,3539,3198,2385,2209,
11219,3555,3185,2380,2196,
11237,3547,3195,2389,2189,
11204,3542,3195,2371,2182,
11218,3562,3197,2378,2203,
11228,3563,3194,2395,2201,
11218,3540,3178,2388,2196,
11209,3556,3187,2381,2191,
11230,3551,3205,2362,2195,
11202,3550,3180,2393,2195,
11215,3547,3180,2388,2200,
11206,3548,3188,2379,2201,
11215,3551,3186,2376,2202,
11213,3553,3189,2383,2199,
11215,3560,3180,2385,2195,
11212,3547,3190,2388,2194,
11214,3551,3186,2381,2196,
11201,3564,3185,2375,2190,
11209,3542,3175,2380,2202,
11214,3541,3200,2375,2186,
11223,3558,3187,2379,2196,
11223,3534,3181,2381,2200,
11210,3548,3196,2364,2193,
11239,3525,3181,2367,2218,
11210,3547,3191,2386,2193,
11218,3555,3185,2382,2201,
11208,3552,3185,2378,2191,
11223,3557,3175,2385,2189,
11211,3554,3184,2386,2190,
11215,3563,3167,2372,2188,
11219,3560,3197,2378,2192,
11201,3567,3188,2386,2202,
11224,3543,3186,2387,2194,
11211,3558,3210,2391,2193,
11219,3572,3183,2372,2199,
11214,3563,3186,2385,2200,
11216,3556,3180,2378,2202,
11218,3555,3180,2373,2196,
11199,3547,3186,2377,2218,
11214,3540,3179,2386,2200,
11219,3553,3195,2377,2198,
11210,3553,3193,2389,2199,
11215,3555,3186,2388,2194,
11216,3547,3194,2380,2190,
11220,3545,3198,2383,2196,
11212,3556,3194,2383,2194,
11233,3568,3169,2387,2190,
11210,3571,3189,2384,2211,
11216,3559,3174,2381,2195,
11235,3541,3205,2377,2207,
11216,3536,3176,2382,2191,
11217,3545,3188,2387,2180,
11224,3561,3172,2381,2208,
11220,3544,3184,2383,2188,
11220,3553,3189,2389,2207,
11216,3538,3177,2380,2196,
11230,3550,3186,2371,2189,
11216,3543,3188,2385,2194,
11211,3549,3191,2379,2194,
11208,3543,3183,2381,2181,
11222,3539,3188,2390,2195,
11217,3544,3181,2392,2200,
11216,3546,3179,2388,2199,
11233,3550,3182,2382,2211,
11208,3542,3196,2386,2190,
11207,3542,3182,2378,2202,
11225,3541,3188,2393,2200,
11199,3558,3186,2388,2203,
11221,3559,3187,2382,2201,
11211,3554,3188,2385,2195,
11215,3557,3183,2380,2201,
11214,3564,3170,2378,2187,
11214,3558,3187,2377,2205,
11220,3552,3198,2380,2188,
11202,3564,3180,2386,2206,
11211,3552,3196,2374,2221,
11216,3555,3205,2385,2200,
11217,3536,3189,2385,2190,
11210,3542,3189,2407,2202,
11210,3567,3184,2387,2191,
11223,3544,3182,2383,2189,
11223,3544,3203,2390,2193,
11217,3533,3210,2384,2180,
11219,3549,3177,2385,2189,
11220,3546,3190,2378,2202,
11217,3543,3186,2393,2200,
11219,3550,3177,2380,2187,
11214,3551,3186,2384,2191,
11250,3577,3173,2382,2197,
11211,3554,3188,2385,2203,
11209,3541,3190,2379,2182,
11242,3544,3185,2375,2180,
11207,3548,3194,2369,2204,
11200,3544,3182,2391,2201,
11214,3548,3204,2378,2197,
11212,3556,3179,2383,2192,
11221,3558,3181,2377,2204,
11210,3567,3176,2384,2194,
11210,3550,3188,2384,2191,
11220,3547,3189,2377,2188,
11211,3549,3195,2373,2204,
11221,3559,3183,2380,2186,
11219,3551,3188,2378,2195,
11220,3560,3184,2376,2184,
11221,3547,3179,2391,2199,
11223,3543,3197,2373,2204,
11217,3553,3183,2378,2186,
11229,3563,3176,2380,2201,
11223,3556,3188,2384,2193,
11199,3547,3177,2375,2194,
11211,3540,3190,2376,2192,
11261,3547,3187,2395,2188,
11237,3556,3182,2378,2199,
11225,3543,3178,2395,2196,
11217,3545,3190,2383,2195,
11221,3555,3187,2389,2193,
11214,3543,3182,2391,2206,
11210,3554,3202,2382,2202,
11223,3550,3186,2374,2205,
11216,3550,3186,2376,2199,
11221,3548,3186,2375,2206,
11228,3573,3183,2387,2194,
11212,3536,3181,2366,2213,
11217,3546,3190,2376,2191,
11222,3552,3196,2381,2185,
11208,3553,3178,2374,2201,
11242,3556,3211,2402,2195,
11234,3549,3185,2385,2198,
11215,3551,3189,2383,2202,
11212,3554,3192,2383,2194,
11217,3559,3186,2390,2188,
11217,3553,3188,2383,2194,
11202,3579,3210,2374,2211,
11221,3538,3186,2386,2195,
11233,3557,3191,2386,2206,
11243,3555,3187,2377,2196,
11221,3540,3185,2382,2190,
11224,3543,3183,2400,2211,
11211,3539,3171,2392,2193,
11231,3558,3185,2386,2195,
11209,3539,3178,2378,2191,
11233,3580,3194,2376,2181,
11217,3546,3182,2391,2201,
11227,3554,3186,2389,2196,
11230,3542,3189,2381,2200,
11225,3551,3187,2381,2197,
11219,3548,3184,2385,2195,
11240,3535,3200,2387,2208,
11219,3548,3186,2382,2187,
11216,3550,3199,2385,2193,
11231,3577,3187,2379,2200,
11229,3552,3185,2390,2198,
11214,3548,3182,2378,2188,
11225,3548,3193,2392,2199,
11203,3557,3181,2391,2208,
11201,3540,3174,2389,2214,
11200,3550,3181,2377,2196,
11225,3547,3189,2387,2197,
11216,3559,3187,2376,2190,
11219,3551,3183,2374,2200,
11226,3551,3183,2382,2196,
11221,3554,3186,2369,2206,
11222,3543,3182,2387,2197,
11211,3541,3175,2388,2200,
11205,3560,3194,2399,2195,
11212,3553,3188,2365,2205,
11213,3551,3193,2387,2194,
11219,3563,3185,2364,2192,
11206,3547,3180,2383,2195,
11217,3541,3190,2393,2190,
11233,3556,3174,2354,2200,
11230,3554,3189,2382,2201,
11221,3548,3189,2383,2195,
11220,3542,3189,2377,2197,
11220,3556,3177,2382,2199,
11216,3555,3186,2378,2192,
11220,3560,3174,2369,2194,
11222,3549,3189,2382,2198,
11212,3543,3179,2380,2201,
11220,3549,3183,2398,2189,
11229,3552,3205,2389,2190,
11239,3539,3187,2379,2191,
11225,3535,3175,2380,2195,
11219,3552,3191,2377,2204,
11229,3530,3179,2374,2182,
11209,3555,3180,2390,2195,
11221,3553,3185,2390,2193,
11219,3559,3179,2390,2203,
11228,3553,3189,2377,2194,
11215,3545,3181,2381,2194,
11218,3548,3185,2376,2191,
11196,3536,3169,2375,2211,
11204,3540,3191,2391,2191,
11219,3558,3190,2387,2195,
11235,3554,3189,2379,2203,
11218,3540,3190,2379,2198,
11220,3543,3191,2376,2190,
11205,3554,3188,2369,2206,
11212,3555,3182,2372,2192,
11211,3558,3175,2373,2213,
11211,3550,3191,2389,2204,
11217,3551,3193,2381,2202,
11210,3555,3191,2386,2186,
11216,3552,3186,2378,2191,
11218,3550,3187,2386,2198,
11211,3545,3186,2382,2198,
11199,3569,3191,2381,2210,
11222,3557,3185,2383,2192,
11216,3558,3192,2380,2198,
11212,3553,3184,2381,2199,
11221,3531,3175,2384,2210,
11206,3535,3193,2387,2199,
11217,3546,3197,2386,2191,
11227,3554,3175,2383,2191,
11245,3539,3168,2374,2199,
11212,3551,3182,2385,2198,
11217,3555,3188,2378,2202,
11214,3550,3185,2381,2199,
11209,3555,3183,2384,2193,
11219,3551,3186,2380,2200,
11220,3555,3179,2378,2202,
11229,3542,3187,2386,2198,
11206,3556,3186,2391,2204,
11210,3541,3195,2386,2203,
11210,3545,3197,2377,2193,
11213,3564,3192,2367,2197,
11214,3539,3193,2369,2203,
11218,3549,3178,2378,2196,
11207,3560,3188,2376,2199,
11218,3547,3177,2376,2189,
11219,3547,3175,2382,2203,
11218,3545,3182,2386,2202,
11220,3553,3196,2367,2192,
11218,3549,3188,2388,2201,
11211,3547,3190,2388,2199,
11204,3534,3169,2383,2201,
11228,3555,3185,2383,2194,
11212,3552,3196,2375,2201,
11216,3547,3193,2383,2202,
11228,3544,3194,2391,2197,
11208,3551,3199,2393,2192,
11229,3548,3198,2376,2205,
11226,3556,3180,2390,2193,
11188,3541,3187,2387,2194,
11205,3576,3192,2386,2190,
11213,3558,3187,2384,2195,
11223,3550,3192,2377,2205,
11225,3555,3191,2389,2200,
11215,3556,3180,2382,2198,
11214,3549,3189,2387,2193,
11208,3561,3186,2375,2194,
11229,3549,3186,2383,2190,
11225,3542,3180,2374,2199,
11227,3561,3172,2375,2193,
11225,3547,3190,2386,2195,
11215,3560,3190,2375,2203,
11204,3564,3172,2385,2205,
11224,3550,3187,2378,2198,
11248,3557,3196,2370,2195,
11220,3567,3186,2383,2211,
11210,3547,3187,2390,2207,
11221,3552,3190,2385,2196,
11211,3551,3189,2382,2193,
11227,3546,3185,2384,2195,
11217,3555,3193,2398,2197,
11241,3560,3186,2377,2204,
11216,3548,3187,2374,2194,
11202,3567,3176,2382,2185,
11211,3552,3176,2376,2198,
11208,3544,3188,2379,2188,
11212,3549,3188,2386,2200,
11200,3543,3190,2384,2196,
11232,3537,3198,2381,2202,
11203,3565,3193,2369,2189,
11215,3559,3175,2386,2189,
11216,3546,3185,2393,2210,
11214,3558,3191,2383,2194,
11235,3548,3190,2374,2197,
11217,3550,3187,2374,2201,
11221,3564,3177,2393,2191,
11219,3548,3190,2383,2206,
11211,3549,3199,2383,2202,
11208,3558,3185,2377,2198,
11216,3555,3180,2378,2206,
11217,3543,3189,2398,2183,
11224,3543,3184,2365,2211,
11222,3557,3197,2385,2199,
11199,3557,3183,2388,2190,
11186,3542,3176,2381,2191,
11228,3553,3181,2376,2192,
11218,3553,3188,2386,2201,
11214,3545,3185,2375,2207,
11229,3547,3191,2372,2199,
11221,3546,3187,2394,2202,
11219,3547,3180,2385,2200,
11216,3554,3192,2383,2193,
11215,3563,3188,2387,2206,
11246,3556,3190,2379,2200,
11228,3551,3200,2375,2194,
11217,3565,3183,2376,2187,
11208,3564,3194,2377,2190,
11227,3545,3190,2379,2196,
11225,3557,3173,2369,2186,
11222,3550,3195,2384,2189,
11219,3555,3174,2386,2193,
11217,3550,3182,2378,2202,
11220,3545,3184,2387,2194,
11223,3548,3194,2379,2192,
11216,3553,3191,2374,2202,
11227,3556,3190,2384,2194,
11214,3555,3196,2381,2201,
11206,3548,3187,2379,2203,
11215,3546,3194,2375,2185,
11207,3544,3182,2375,2203,
11217,3536,3177,2390,2188,
11209,3549,3190,2378,2210,
11237,3542,3173,2386,2195,
11209,3555,3180,2380,2204,
11218,3552,3177,2382,2206,
11218,3553,3190,2384,2204,
11225,3543,3185,2380,2207,
11216,3545,3183,2384,2198,
11214,3556,3190,2389,2195,
11212,3545,3189,2384,2203,
11228,3554,3169,2374,2198,
11218,3548,3208,2380,2194,
11237,3541,3188,2378,2217,
11224,3558,3188,2384,2185,
11237,3543,3191,2366,2192,
11208,3534,3188,2375,2206,
11212,3547,3184,2380,2193,
11218,3537,3191,2395,2197,
11230,3532,3177,2374,2188,
11216,3550,3186,2382,2195,
11226,3543,3193,2377,2199,
11216,3546,3187,2390,2197,
11212,3557,3185,2381,2196,
11210,3565,3180,2386,2210,
11224,3545,3194,2387,2183,
11216,3546,3185,2371,2193,
11208,3565,3169,2390,2193,
11217,3571,3186,2385,2190,
11222,3561,3184,2393,2213,
11215,3550,3179,2384,2191,
11227,3556,3182,2386,2196,
11213,3542,3182,2380,2217,
11227,3542,3179,2388,2186,
11266,3570,3178,2374,2196,
11213,3562,3183,2387,2194,
11219,3552,3191,2376,2198,
11221,3551,3188,2384,2204,
11216,3536,3189,2387,2203,
11231,3550,3195,2395,2198,
11218,3561,3188,2373,2193,
11220,3548,3186,2387,2194,
11211,3556,3180,2383,2200,
11213,3549,3196,2387,2188,
11228,3579,3191,2383,2189,
11210,3540,3186,2376,2191,
11193,3563,3196,2375,2197,
11226,3536,3197,2382,2196,
11212,3558,3179,2361,2204,
11200,3559,3185,2384,2206,
11225,3554,3188,2387,2194,
11216,3548,3177,2380,2197,
11211,3558,3187,2384,2186,
11218,3554,3186,2374,2193,
11211,3548,3186,2391,2196,
11220,3542,3184,2388,2197,
11222,3551,3185,2385,2197,
11202,3565,3188,2378,2192,
11221,3547,3183,2386,2189,
11222,3553,3194,2385,2197,
11225,3546,3189,2381,2201,
11198,3551,3195,2383,2201,
11223,3560,3188,2389,2198,
11206,3547,3203,2397,2201,
11228,3545,3184,2381,2198,
11219,3552,3198,2373,2206,
11215,3557,3192,2380,2192,
11218,3554,3176,2382,2193,
11219,3546,3188,2379,2202,
11220,3549,3205,2384,2186,
11224,3544,3190,2370,2195,
11220,3554,3174,2381,2184,
11221,3545,3178,2389,2210,
11228,3537,3195,2386,2187,
11221,3557,3204,2366,2196,
11223,3553,3175,2385,2203,
11214,3541,3190,2388,2197,
11219,3541,3194,2391,2204,
11247,3554,3194,2383,2194,
11223,3555,3176,2390,2196,
11220,3550,3190,2380,2192,
11216,3550,3194,2385,2190,
11214,3556,3185,2383,2192,
11214,3559,3195,2384,2187,
11216,3550,3176,2376,2198,
11217,3544,3181,2374,2193,
11211,3566,3179,2382,2187,
11217,3554,3190,2382,2211,
11220,3549,3220,2381,2207,
11228,3544,3177,2382,2200,
11201,3553,3187,2382,2188,
11219,3548,3189,2382,2203,
11190,3545,3183,2373,2190,
11208,3546,3193,2369,2191,
11227,3556,3190,2386,2197,
11218,3557,3193,2372,2192,
11226,3552,3190,2385,2194,
11221,3548,3186,2374,2203,
11207,3561,3189,2383,2198,
11209,3570,3185,2388,2194,
11216,3546,3184,2382,2202,
11223,3542,3187,2379,2195,
11224,3543,3185,2388,2196,
11231,3543,3185,2381,2207,
11209,3543,3178,2395,2181,
11215,3564,3186,2385,2201,
11218,3549,3196,2375,2195,
11209,3553,3158,2395,2195,
11210,3555,3184,2383,2199,
11219,3552,3180,2382,2202,
11210,3549,3188,2379,2205,
11230,3549,3183,2383,2189,
11224,3558,3187,2378,2198,
11230,3551,3193,2381,2191,
11243,3554,3191,2387,2203,
11232,3567,3185,2390,2198,
11222,3544,3164,2380,2211,
11221,3549,3189,2370,2205,
11204,3543,3172,2389,2207,
11204,3540,3204,2391,2184,
11213,3554,3183,2389,2194,
11222,3549,3192,2372,2187,
11184,3588,3193,2374,2187,
11224,3539,3181,2371,2197,
11215,3548,3187,2384,2194,
11219,3545,3181,2386,2190,
11220,3554,3186,2383,2192,
11207,3552,3186,2386,2193,
11211,3548,3162,2373,2200,
11214,3551,3190,2387,2196,
11227,3560,3179,2395,2193,
11231,3556,3189,2388,2202,
11220,3534,3180,2381,2199,
11235,3542,3193,2384,2204,
11225,3555,3203,2381,2193,
11213,3550,3188,2382,2198,
11222,3543,3194,2384,2198,
11263,3550,3182,2368,2201,
11219,3549,3182,2387,2192,
11221,3548,3187,2383,2209,
11222,3550,3181,2382,2199,
11226,3543,3188,2384,2199,
11216,3541,3174,2384,2190,
11219,3546,3195,2367,2199,
11217,3556,3195,2380,2194,
11212,3546,3193,2376,2212,
11217,3546,3182,2372,2188,
11225,3540,3186,2388,2210,
11213,3567,3168,2376,2194,
11219,3564,3173,2371,2207,
11214,3564,3180,2387,2184,
11205,3540,3197,2398,2208,
11217,3549,3182,2367,2194,
11212,3554,3189,2382,2194,
11222,3553,3182,2374,2197,
11222,3556,3194,2380,2193,
11216,3551,3181,2380,2193,
11218,3550,3196,2387,2197,
11215,3544,3179,2389,2191,
11215,3545,3185,2380,2201,
11220,3544,3190,2380,2191,
11200,3548,3188,2378,2200,
11229,3545,3169,2390,2199,
11217,3546,3187,2378,2199,
11212,3544,3180,2383,2197,
11202,3562,3187,2379,2197,
11225,3550,3204,2367,2190,
11224,3547,3197,2388,2202,
11214,3554,3190,2384,2200,
11213,3552,3181,2384,2202,
11218,3551,3190,2374,2198,
11225,3561,3185,2387,2204,
11213,3556,3178,2387,2196,
11222,3559,3183,2383,2193,
11228,3546,3176,2384,2195,
11223,3547,3173,2370,2203,
11221,3562,3195,2398,2193,
11218,3555,3180,2384,2202,
11230,3541,3185,2374,2188,
11218,3549,3186,2385,2198,
11223,3550,3189,2363,2199,
11235,3543,3207,2399,2196,
11209,3563,3182,2387,2195,
11220,3543,3183,2382,2200,
11219,3556,3189,2376,2199,
11222,3556,3189,2378,2185,
11217,3546,3195,2380,2187,
11220,3540,3197,2392,2204,
11234,3544,3184,2369,2195,
11220,3556,3189,2381,2200,
11221,3545,3170,2387,2185,
11203,3544,3179,2392,2178,
11243,3537,3183,2394,2210,
11228,3542,3185,2376,2197,
11211,3559,3185,2375,2204,
11228,3558,3181,2377,2190,
11215,3565,3182,2383,2190,
11215,3545,3182,2381,2204,
11220,3545,3181,2368,2200,
11213,3554,3188,2378,2186,
11221,3559,3192,2380,2200,
11211,3548,3179,2381,2198,
11209,3549,3194,2384,2177,
11206,3552,3186,2386,2191,
11206,3534,3183,2388,2193,
11213,3560,3209,2385,2206,
11205,3566,3184,2380,2201,
11212,3550,3181,2376,2205,
11203,3553,3196,2379,2188,
11207,3538,3191,2378,2208,
11204,3531,3193,2377,2181,
11240,3533,3184,2386,2200,
11216,3550,3186,2382,2196,
11210,3561,3185,2385,2193,
11215,3559,3179,2377,2193,
11212,3550,3194,2387,2197,
11211,3560,3185,2387,2194,
11194,3573,3171,2378,2201,
11220,3548,3182,2369,2197,
11212,3548,3175,2389,2195,
11205,3561,3190,2390,2191,
11233,3536,3192,2398,2202,
11228,3546,3177,2383,2187,
11202,3566,3198,2392,2205,
11216,3555,3194,2377,2193,
11206,3536,3169,2401,2214,
11226,3551,3183,2376,2192,
11217,3548,3185,2378,2203,
11230,3555,3190,2379,2201,
11211,3548,3195,2375,2192,
11201,3552,3182,2374,2197,
11207,3552,3197,2375,2196,
11233,3548,3194,2371,2189,
11229,3565,3186,2379,2200,
11201,3563,3203,2393,2186,
11217,3540,3175,2369,2184,
11236,3543,3188,2378,2201,
11200,3553,3171,2387,2198,
11214,3551,3191,2381,2191,
11208,3553,3192,2384,2194,
11196,3560,3204,2408,2206,
11215,3546,3190,2379,2200,
11219,3548,3182,2389,2199,
11230,3555,3188,2379,2205,
11221,3558,3187,2378,2204,
11216,3554,3188,2379,2193,
11230,3547,3191,2380,2202,
11227,3542,3186,2383,2204,
11208,3576,3179,2397,2191,
11208,3546,3184,2381,2200,
11209,3547,3186,2378,2218,
11207,3568,3195,2382,2192,
11213,3554,3201,2395,2204,
11222,3550,3172,2386,2199,
11212,3537,3175,2375,2194,
11203,3520,3208,2378,2189,
11222,3557,3186,2374,2195,
11214,3553,3196,2381,2190,
11215,3553,3192,2376,2189,
11217,3559,3202,2380,2196,
11215,3557,3196,2384,2208,
11228,3576,3198,2381,2191,
11202,3537,3182,2375,2201,
11216,3557,3212,2367,2200,
11209,3540,3181,2382,2191,
11208,3569,3188,2373,2191,
11224,3557,3181,2376,2195,
11225,3538,3177,2382,2208,
11219,3541,3184,2374,2199,
11204,3545,3192,2363,2200,
11222,3543,3186,2381,2209,
11216,3544,3193,2378,2196,
11220,3560,3182,2384,2194,
11216,3565,3183,2374,2197,
11227,3547,3181,2379,2195,
11220,3545,3180,2384,2194,
11203,3562,3192,2385,2199,
11210,3555,3179,2392,2203,
11215,3547,3187,2370,2194,
11228,3548,3177,2381,2183,
11201,3549,3183,2364,2189,
11201,3557,3170,2376,2196,
11201,3557,3189,2393,2190,
11222,3549,3187,2371,2197,
11195,3568,3202,2391,2210,
11218,3551,3186,2386,2192,
11218,3550,3184,2389,2193,
11201,3543,3182,2386,2192,
11223,3556,3181,2385,2191,
11223,3549,3183,2382,2198,
11218,3551,3176,2376,2196,
11216,3544,3182,2386,2183,
11226,3549,3193,2383,2199,
11231,3540,3177,2379,2190,
11232,3569,3180,2386,2197,
11228,3546,3181,2374,2193,
11210,3566,3191,2392,2190,
11239,3548,3182,2381,2199,
11231,3560,3198,2393,2188,
11201,3532,3205,2377,2220,
11216,3550,3187,2392,2197,
11219,3552,3186,2391,2206,
11214,3550,3185,2379,2209,
11219,3549,3189,2377,2200,
11210,3551,3186,2379,2200,
11221,3533,3177,2378,2199,
11207,3557,3188,2383,2189,
11212,3567,3172,2371,2194,
11218,3559,3217,2389,2196,
11232,3548,3191,2380,2199,
11211,3552,3167,2374,2201,
11199,3555,3189,2385,2183,
11206,3544,3176,2376,2200,
11216,3543,3163,2374,2184,
11200,3554,3175,2384,2189,
11227,3555,3180,2384,2188,
11218,3560,3187,2378,2197,
11223,3544,3195,2380,2195,
11210,3551,3179,2388,2192,
11221,3551,3180,2386,2189,
11216,3556,3213,2378,2183,
11220,3556,3202,2385,2202,
11211,3533,3174,2397,2195,
11218,3549,3191,2391,2195,
11219,3550,3189,2373,2191,
11214,3542,3181,2386,2194,
11204,3556,3178,2379,2209,
11219,3550,3188,2389,2202,
11195,3542,3200,2387,2195,
11187,3564,3188,2380,2193,
11214,3556,3186,2378,2189,
11215,3549,3189,2380,2198,
11213,3541,3182,2377,2197,
11208,3549,3187,2387,2195,
11226,3550,3188,2381,2201,
11270,3554,3213,2388,2202,
11233,3554,3187,2381,2195,
11254,3553,3193,2385,2189,
11265,3565,3186,2377,2206,
11244,3544,3179,2387,2199,
11261,3573,3191,2388,2198,
11247,3552,3190,2374,2200,
11248,3541,3188,2378,2191,
11256,3544,3189,2366,2199,
11242,3555,3187,2390,2196,
11247,3548,3182,2381,2195,
11251,3551,3194,2388,2196,
11265,3543,3190,2386,2198,
11245,3549,3183,2389,2196,
11251,3547,3194,2386,2204,
11246,3541,3194,2383,2192,
11244,3540,3183,2387,2190,
11266,3547,3190,2371,2197,
11238,3550,3201,2383,2201,
11262,3549,3171,2389,2200,
11245,3542,3179,2382,2200,
11241,3540,3186,2391,2197,
11241,3569,3175,2379,2199,
11235,3588,3199,2385,2207,
11260,3555,3188,2377,2192,
11255,3569,3193,2386,2190,
11258,3557,3189,2383,2200,
11253,3555,3191,2394,2200,
11259,3558,3185,2389,2200,
11286,3549,3184,2399,2197,
11292,3557,3195,2390,2203,
11294,3538,3209,2386,2207,
11306,3562,3178,2384,2216,
11336,3564,3202,2394,2210,
11313,3572,3189,2380,2188,
11324,3564,3190,2380,2198,
11289,3570,3195,2381,2200,
11264,3561,3192,2381,2197,
11296,3566,3186,2403,2199,
11307,3551,3187,2391,2197,
11331,3558,3187,2394,2201,
11326,3556,3201,2376,2195,
11337,3561,3197,2380,2201,
11323,3546,3191,2381,2213,
11305,3547,3177,2384,2204,
11274,3555,3201,2393,2198,
11297,3568,3193,2392,2176,
11274,3554,3201,2393,2192,
11320,3570,3191,2379,2200,
11325,3547,3190,2375,2195,
11346,3566,3188,2377,2201,
11333,3557,3185,2380,2210,
11329,3557,3190,2390,2196,
11303,3555,3198,2389,2203,
11297,3544,3186,2383,2201,
11295,3556,3188,2379,2194,
11317,3551,3186,2396,2201,
11328,3560,3194,2387,2198,
11343,3551,3182,2391,2194,
11303,3550,3193,2385,2205,
11318,3551,3200,2387,2209,
11309,3544,3181,2375,2203,
11301,3554,3206,2390,2193,
11304,3562,3194,2391,2186,
11331,3551,3212,2377,2201,
11323,3548,3185,2386,2192,
11319,3560,3189,2390,2195,
11351,3526,3187,2389,2199,
11317,3565,3180,2383,2205,
11309,3563,3182,2384,2200,
11311,3552,3191,2377,2201,
11314,3552,3201,2385,2195,
11313,3554,3197,2389,2196,
11334,3550,3187,2402,2200,
11341,3560,3186,2379,2194,
11346,3546,3186,2383,2209,
11332,3557,3197,2383,2204,
11298,3542,3209,2380,2196,
11309,3542,3192,2380,2203,
11327,3569,3204,2381,2188,
11328,3557,3190,2385,2196,
11334,3547,3199,2398,2196,
11328,3558,3178,2385,2197,
11323,3557,3195,2374,2194,
11318,3558,3191,2387,2202,
11313,3549,3184,2389,2203,
11311,3550,3197,2386,2193,
11322,3546,3197,2385,2195,
11322,3559,3176,2374,2196,
11334,3537,3191,2389,2197,
11348,3559,3183,2392,2204,
11333,3558,3176,2382,2188,
11345,3557,3201,2387,2200,
11336,3566,3181,2388,2207,
11296,3549,3199,2383,2202,
11319,3568,3190,2374,2199,
11329,3565,3198,2376,2203,
11387,3562,3182,2392,2184,
11347,3552,3191,2378,2202,
11334,3556,3201,2383,2198,
11334,3560,3201,2389,2201,
11320,3562,3191,2394,2196,
11305,3561,3182,2382,2204,
11330,3563,3184,2387,2194,
11337,3568,3186,2379,2206,
11329,3547,3190,2383,2204,
11358,3562,3176,2384,2195,
11323,3562,3194,2384,2204,
11315,3556,3197,2397,2194,
11303,3556,3203,2378,2198,
11321,3557,3185,2387,2203,
11332,3555,3204,2379,2194,
11307,3564,3187,2391,2196,
11337,3562,3188,2386,2194,
11327,3560,3186,2392,2212,
11324,3548,3188,2378,2200,
11324,3549,3188,2384,2209,
11324,3550,3194,2392,2207,
11313,3550,3181,2387,2204,
11333,3560,3194,2383,2205,
11329,3555,3200,2387,2190,
11335,3557,3183,2401,2199,
11355,3550,3175,2387,2199,
11339,3552,3188,2396,2194,
11319,3563,3197,2382,2200,
11319,3563,3197,2388,2190,
11331,3557,3196,2407,2188,
11330,3546,3193,2386,2202,
11337,3551,3190,2380,2205,
11332,3559,3192,2386,2196,
11329,3554,3188,2388,2200,
11327,3555,3189,2382,2206,
11322,3560,3191,2391,2199,
11333,3558,3197,2385,2199,
11336,3557,3191,2404,2203,
11336,3549,3205,2384,2195,
11339,3563,3197,2393,2199,
11331,3551,3191,2399,2204,
11334,3566,3198,2390,2196,
11326,3550,3195,2382,2203,
11332,3544,3198,2375,2209,
11370,3563,3195,2365,2206,
11325,3550,3192,2389,2190,
11332,3552,3198,2384,2195,
11329,3556,3185,2393,2202,
11319,3551,3201,2379,2196,
11327,3559,3187,2394,2201,
11320,3549,3201,2375,2197,
11322,3554,3193,2381,2198,
11317,3552,3185,2388,2194,
11317,3543,3174,2399,2198,
11329,3533,3191,2374,2201,
11312,3559,3185,2382,2199,
11318,3556,3192,2389,2194,
11333,3564,3178,2386,2202,
11318,3556,3193,2385,2213,
11292,3562,3183,2398,2202,
11326,3564,3188,2378,2205,
11329,3558,3183,2387,2201,
11331,3555,3191,2390,2201,
11346,3554,3184,2387,2198,
11318,3556,3189,2394,2194,
11310,3569,3179,2380,2205,
11327,3553,3193,2392,2198,
11327,3571,3192,2383,2192,
11341,3563,3186,2384,2199,
11346,3542,3196,2392,2214,
11363,3550,3194,2386,2203,
11342,3567,3193,2394,2195,
11361,3554,3190,2388,2190,
11376,3537,3220,2383,2190,
11325,3568,3190,2383,2202,
11364,3553,3195,2386,2206,
11353,3551,3191,2393,2196,
11356,3557,3187,2380,2190,
11354,3564,3189,2387,2194,
11364,3552,3194,2385,2198,
11367,3548,3181,2376,2208,
11355,3559,3189,2375,2192,
11358,3554,3181,2389,2208,
11359,3531,3203,2375,2190,
11345,3574,3195,2384,2205,
11380,3552,3187,2393,2205,
11346,3576,3192,2387,2195,
11361,3548,3192,2380,2194,
11341,3547,3159,2367,2206,
11357,3553,3192,2382,2193,
11345,3560,3193,2386,2202,
11353,3563,3197,2387,2202,
11365,3552,3194,2388,2211,
11359,3563,3194,2395,2203,
11354,3537,3192,2380,2196,
11345,3553,3192,2389,2192,
11357,3552,3189,2386,2196,
11355,3554,3179,2375,2206,
11362,3549,3204,2389,2202,
11381,3539,3190,2384,2217,
11352,3558,3202,2390,2191,
11357,3540,3199,2388,2197,
11355,3563,3196,2386,2200,
11331,3541,3192,2383,2193,
11362,3559,3180,2383,2208,
11347,3557,3186,2381,2193,
11362,3553,3185,2380,2193,
11364,3555,3191,2389,2200,
11364,3548,3190,2387,2206,
11358,3557,3193,2394,2189,
11362,3564,3191,2386,2199,
11358,3542,3198,2388,2205,
11364,3561,3194,2392,2208,
11366,3558,3195,2374,2195,
11354,3537,3191,2375,2203,
11376,3546,3186,2376,2210,
11353,3549,3189,2382,2200,
11329,3560,3191,2400,2195,
11371,3551,3179,2377,2207,
11376,3555,3188,2395,2192,
11358,3558,3187,2388,2190,
11357,3548,3194,2379,2197,
11351,3555,3197,2383,2203,
11362,3559,3185,2396,2204,
11346,3558,3197,2386,2200,
11363,3554,3195,2388,2207,
11366,3554,3184,2388,2194,
11361,3544,3203,2391,2196,
11350,3548,3198,2385,2193,
11343,3566,3190,2369,2206,
11342,3568,3191,2382,2198,
11361,3554,3194,2384,2191,
11365,3557,3175,2405,2198,
11357,3567,3195,2386,2200,
11363,3561,3198,2382,2205,
11361,3558,3186,2389,2200,
11355,3562,3193,2386,2202,
11354,3554,3191,2396,2199,
11352,3558,3188,2399,2195,
11372,3552,3204,2380,2209,
11348,3562,3207,2373,2198,
11374,3548,3180,2378,2208,
11367,3560,3198,2377,2203,
11343,3547,3195,2385,2194,
11357,3566,3197,2377,2195,
11358,3559,3187,2387,2212,
11348,3570,3196,2386,2195,
11333,3568,3167,2389,2195,
11371,3561,3183,2380,2205,
11361,3558,3194,2390,2196,
11364,3558,3197,2380,2198,
11362,3554,3194,2387,2188,
11358,3556,3194,2380,2187,
11373,3544,3170,2371,2198,
11367,3543,3193,2389,2202,
11360,3562,3192,2391,2206,
11370,3561,3188,2385,2201,
11363,3551,3185,2389,2196,
11371,3552,3185,2394,2210,
11363,3564,3188,2389,2199,
11364,3555,3195,2389,2205,
11349,3552,3187,2389,2211,
11338,3553,3184,2390,2193,
11364,3546,3187,2381,2197,
11367,3551,3188,2388,2200,
11361,3548,3179,2388,2196,
11362,3550,3199,2391,2201,
11357,3555,3202,2393,2199,
11360,3566,3175,2399,2211,
11349,3555,3177,2386,2206,
11360,3550,3190,2378,2207,
11357,3560,3186,2394,2201,
11377,3539,3203,2373,2183,
11379,3548,3184,2389,2203,
11361,3579,3189,2385,2201,
11363,3562,3192,2389,2200,
11357,3549,3201,2387,2200,
11347,3565,3178,2384,2207,
11364,3563,3191,2381,2194,
11359,3556,3192,2388,2196,
11364,3562,3188,2386,2196,
11368,3565,3193,2395,2191,
11363,3566,3187,2387,2203,
11345,3567,3178,2387,2193,
11356,3571,3181,2397,2200,
11346,3543,3189,2384,2198,
11356,3539,3195,2384,2211,
11364,3571,3192,2381,2203,
11366,3550,3192,2390,2203,
11363,3549,3195,2391,2191,
11366,3559,3192,2393,2199,
11361,3557,3213,2375,2188,
11337,3560,3191,2388,2204,
11363,3564,3195,2390,2199,
11353,3563,3202,2383,2186,
11365,3547,3178,2381,2207,
11367,3547,3195,2385,2202,
11358,3552,3191,2387,2195,
11358,3558,3193,2376,2195,
11356,3572,3206,2385,2197,
11379,3556,3190,2395,2201,
11365,3555,3180,2386,2190,
11390,3568,3189,2387,2213,
11345,3574,3194,2386,2216,
11360,3561,3183,2382,2190,
11365,3566,3174,2394,2203,
11401,3548,3199,2404,2212,
11359,3557,3191,2387,2209,
11364,3569,3181,2388,2195,
11356,3554,3196,2389,2193,
11367,3557,3186,2392,2197,
11353,3566,3195,2388,2202,
11369,3582,3187,2404,2193,
11367,3542,3195,2392,2190,
11350,3545,3204,2372,2201,
11365,3560,3176,2384,2181,
11358,3544,3193,2402,2206,
11351,3546,3184,2400,2195,
11374,3555,3200,2389,2205,
11372,3546,3194,2391,2193,
11354,3558,3200,2390,2209,
11389,3548,3202,2369,2202,
11369,3556,3195,2390,2202,
11362,3554,3187,2390,2193,
11357,3571,3193,2383,2205,
11359,3549,3197,2381,2195,
11366,3560,3189,2382,2200,
11369,3543,3192,2398,2199,
11364,3549,3193,2386,2197,
11352,3570,3183,2380,2207,
11370,3559,3181,2402,2194,
11353,3543,3200,2387,2202,
11371,3536,3176,2393,2204,
11350,3558,3195,2394,2197,
11366,3565,3184,2394,2187,
11363,3557,3183,2377,2198,
11358,3561,3175,2391,2200,
11364,3550,3182,2380,2197,
11365,3560,3195,2384,2204,
11360,3563,3192,2386,2192,
11364,3552,3190,2378,2192,
11364,3550,3198,2394,2190,
11351,3585,3181,2387,2192,
11359,3559,3193,2380,2202,
11366,3563,3184,2384,2199,
11369,3567,3200,2393,2201,
11358,3558,3181,2393,2206,
11372,3567,3176,2391,2201,
11367,3546,3204,2391,2190,
11365,3561,3189,2387,2203,
11360,3570,3168,2394,2201,
11346,3556,3191,2393,2199,
11366,3547,3197,2387,2191,
11354,3548,3198,2391,2195,
11369,3554,3194,2381,2201,
11366,3549,3184,2393,2191,
11356,3560,3204,2390,2203,
11339,3552,3175,2395,2186,
11376,3555,3168,2386,2201,
11359,3545,3188,2381,2202,
11366,3561,3195,2384,2190,
11337,3553,3190,2379,2203,
11344,3561,3201,2379,2194,
11380,3547,3185,2381,2196,
11356,3548,3194,2395,2199,
11372,3550,3181,2395,2197,
11364,3553,3184,2388,2207,
11370,3562,3182,2383,2197,
11357,3556,3195,2390,2203,
11368,3547,3192,2393,2194,
11356,3556,3189,2391,2195,
11351,3559,3193,2401,2199,
11353,3565,3180,2394,2201,
11356,3557,3194,2391,2197,
11355,3549,3200,2394,2191,
11359,3569,3179,2378,2209,
11339,3550,3183,2377,2198,
11372,3579,3186,2385,2192,
11363,3546,3191,2389,2197,
11357,3557,3197,2395,2197,
11331,3548,3203,2399,2202,
11358,3553,3200,2387,2206,
11366,3554,3183,2389,2211,
11357,3558,3191,2379,2199,
11370,3567,3195,2384,2202,
11356,3550,3191,2391,2184,
11379,3554,3197,2381,2196,
11370,3551,3195,2385,2197,
11358,3555,3184,2387,2204,
11354,3555,3190,2385,2182,
11353,3564,3184,2395,2196,
11358,3555,3182,2394,2208,
11360,3554,3192,2389,2190,
11366,3547,3189,2384,2203,
11369,3548,3202,2377,2198,
11353,3579,3207,2398,2190,
11368,3550,3197,2378,2205,
11363,3561,3183,2391,2204,
11360,3561,3193,2396,2192,
11350,3562,3179,2386,2195,
11372,3552,3168,2377,2199,
11367,3561,3196,2388,2202,
11359,3551,3197,2396,2192,
11375,3565,3183,2391,2194,
11359,3555,3192,2384,2200,
11345,3550,3189,2389,2198,
11360,3559,3199,2392,2194,
11367,3550,3180,2384,2202,
11361,3547,3186,2399,2197,
11371,3552,3182,2389,2197,
11354,3560,3190,2385,2197,
11378,3550,3190,2386,2207,
11366,3558,3196,2383,2199,
11364,3555,3192,2393,2205,
11368,3553,3185,2375,2194,
11357,3563,3176,2379,2198,
11336,3547,3204,2401,2195,
11353,3561,3201,2388,2195,
11367,3553,3205,2374,2202,
11372,3556,3186,2383,2192,
11361,3559,3187,2395,2203,
11361,3569,3197,2386,2196,
11352,3565,3184,2389,2194,
11369,3564,3201,2382,2208,
11363,3563,3178,2374,2185,
11341,3557,3190,2386,2200,
11380,3559,3192,2384,2204,
11377,3555,3200,2376,2193,
11382,3559,3196,2378,2197,
11401,3558,3179,2385,2204,
11385,3573,3175,2377,2195,
11367,3562,3197,2378,2202,
11367,3564,3198,2384,2205,
11374,3565,3177,2386,2194,
11382,3553,3204,2393,2211,
11396,3567,3180,2395,2200,
11414,3548,3200,2392,2207,
11379,3557,3190,2388,2205,
11384,3558,3195,2379,2196,
11408,3584,3198,2387,2205,
11374,3566,3190,2386,2209,
11376,3554,3194,2381,2202,
11382,3552,3191,2391,2209,
11380,3561,3195,2388,2201,
11388,3551,3208,2381,2197,
11365,3541,3213,2378,2196,
11378,3559,3194,2381,2210,
11357,3568,3192,2389,2199,
11381,3572,3188,2378,2193,
11391,3564,3205,2377,2201,
11382,3569,3180,2379,2197,
11395,3557,3202,2387,2203,
11385,3555,3187,2384,2198,
11372,3542,3180,2381,2190,
11350,3564,3195,2380,2192,
11387,3563,3197,2381,2194,
11375,3558,3204,2389,2203,
11375,3563,3198,2392,2211,
11385,3560,3193,2388,2211,
11388,3562,3188,2384,2200,
11368,3589,3188,2385,2199,
11384,3552,3198,2387,2194,
11380,3535,3194,2375,2204,
11387,3564,3192,2378,2201,
11364,3555,3187,2399,2207,
11372,3539,3189,2391,2196,
11384,3565,3188,2388,2208,
11389,3560,3186,2391,2210,
11366,3544,3191,2385,2218,
11377,3550,3192,2391,2191,
11376,3562,3194,2388,2202,
11382,3551,3197,2382,2201,
11385,3565,3184,2393,2200,
11380,3557,3196,2391,2202,
11389,3566,3194,2389,2200,
11386,3549,3194,2383,2202,
11378,3562,3190,2376,2210,
11373,3555,3204,2387,2203,
11375,3570,3195,2382,2202,
11380,3551,3191,2378,2208,
11370,3559,3186,2396,2212,
11381,3555,3201,2387,2202,
11390,3566,3211,2387,2192,
11402,3540,3201,2392,2193,
11390,3563,3183,2388,2193,
11369,3554,3194,2384,2203,
11379,3555,3192,2388,2204,
11377,3558,3198,2392,2200,
11383,3553,3201,2384,2199,
11373,3575,3176,2374,2190,
11384,3562,3197,2386,2186,
11375,3561,3198,2386,2206,
11394,3558,3187,2379,2198,
11369,3561,3181,2385,2195,
11353,3555,3184,2380,2209,
11374,3577,3182,2395,2200,
11385,3557,3201,2379,2208,
11391,3564,3192,2392,2188,
11372,3549,3188,2401,2191,
11376,3564,3192,2396,2199,
11374,3555,3195,2387,2200,
11381,3558,3194,2389,2199,
11375,3564,3191,2392,2197,
11380,3565,3192,2383,2205,
11368,3550,3174,2397,2217,
11391,3549,3186,2394,2210,
11396,3554,3195,2379,2206,
11372,3550,3203,2386,2207,
11371,3566,3196,2397,2209,
11363,3556,3198,2383,2219,
11383,3566,3194,2388,2197,
11373,3562,3203,2381,2200,
11355,3549,3191,2396,2194,
11390,3551,3186,2376,2195,
11374,3568,3190,2393,2204,
11381,3557,3191,2385,2204,
11376,3566,3187,2385,2207,
11378,3567,3191,2389,2198,
11379,3566,3197,2401,2194,
11387,3557,3177,2389,2199,
11385,3564,3193,2390,2197,
11370,3559,3193,2387,2198,
11374,3556,3205,2394,2201,
11379,3546,3175,2392,2198,
11389,3562,3188,2378,2203,
11385,3566,3198,2394,2196,
11384,3557,3188,2398,2204,
11385,3565,3191,2374,2201,
11375,3570,3187,2389,2206,
11381,3563,3200,2394,2195,
11380,3571,3200,2380,2195,
11369,3561,3195,2382,2196,
11387,3557,3190,2380,2193,
11385,3555,3192,2382,2203,
11374,3561,3192,2393,2200,
11395,3549,3188,2393,2199,
11369,3572,3189,2392,2201,
11393,3559,3195,2381,2203,
11390,3554,3195,2393,2198,
11382,3555,3199,2379,2207,
11378,3548,3188,2389,2202,
11390,3583,3203,2387,2186,
11409,3536,3200,2392,2199,
11386,3555,3193,2395,2197,
11381,3549,3198,2391,2195,
11380,3566,3189,2386,2195,
11375,3555,3189,2391,2201,
11378,3557,3194,2391,2194,
11370,3563,3189,2373,2197,
11387,3558,3196,2385,2201,
11385,3556,3198,2379,2203,
11406,3571,3186,2392,2191,
11370,3562,3200,2391,2208,
11391,3555,3192,2401,2195,
11383,3550,3214,2390,2202,
11375,3565,3195,2391,2200,
11374,3567,3192,2406,2208,
11424,3591,3187,2382,2207,
11390,3555,3194,2391,2208,
11381,3554,3196,2388,2199,
11386,3561,3206,2384,2197,
11378,3560,3190,2397,2194,
11382,3560,3191,2390,2195,
11393,3563,3201,2376,2194,
11380,3555,3192,2383,2193,
11387,3555,3191,2373,2204,
11372,3553,3197,2390,2202,
11367,3556,3199,2399,2201,
11382,3544,3199,2371,2204,
11398,3539,3187,2382,2198,
11385,3559,3195,2391,2195,
11386,3560,3212,2385,2200,
11379,3567,3206,2394,2205,
11381,3565,3193,2385,2196,
11380,3563,3192,2383,2194,
11378,3557,3204,2383,2203,
11376,3558,3195,2392,2208,
11373,3551,3197,2390,2189,
11384,3561,3190,2393,2199,
11387,3560,3186,2398,2198,
11373,3549,3175,2390,2208,
11376,3556,3183,2385,2191,
11377,3550,3202,2388,2199,
11382,3547,3190,2391,2196,
11412,3548,3184,2392,2199,
11403,3559,3197,2401,2213,
11410,3554,3184,2405,2202,
11401,3572,3195,2385,2200,
11408,3571,3192,2380,2190,
11382,3562,3194,2391,2195,
11393,3569,3196,2391,2201,
11398,3558,3192,2399,2205,
11385,3547,3207,2377,2199,
11404,3560,3193,2392,2198,
11407,3569,3206,2376,2194,
11406,3569,3183,2381,2204,
11380,3557,3200,2391,2198,
11390,3554,3191,2391,2213,
11386,3575,3195,2401,2210,
11386,3568,3191,2380,2204,
11399,3578,3192,2374,2207,
11446,3537,3193,2393,2194,
11404,3572,3192,2384,2202,
11403,3560,3200,2398,2203,
11384,3568,3197,2392,2198,
11386,3574,3189,2392,2202,
11399,3562,3196,2397,2205,
11402,3542,3196,2388,2205,
11398,3556,3199,2387,2210,
11402,3567,3200,2395,2206,
11404,3557,3206,2397,2204,
11417,3549,3189,2378,2192,
11395,3561,3199,2397,2211,
11392,3568,3196,2386,2192,
11392,3564,3192,2389,2197,
11400,3562,3200,2380,2194,
11413,3556,3183,2396,2213,
11412,3560,3192,2394,2203,
11408,3562,3192,2397,2199,
11411,3556,3188,2396,2200,
11395,3564,3194,2390,2193,
11396,3564,3205,2392,2204,
11393,3547,3188,2387,2201,
11394,3567,3195,2393,2203,
11406,3562,3194,2385,2213,
11410,3565,3189,2399,2206,
11398,3573,3205,2382,2209,
11386,3563,3190,2390,2193,
11393,3566,3193,2378,2213,
11395,3563,3199,2382,2197,
11374,3540,3214,2393,2191,
11393,3566,3212,2389,2204,
11406,3571,3199,2388,2195,
11407,3567,3196,2390,2200,
11415,3557,3196,2393,2207,
11403,3560,3195,2396,2210,
11400,3556,3188,2373,2210,
11424,3563,3205,2400,2210,
11392,3571,3192,2383,2197,
11395,3570,3195,2381,2197,
11408,3552,3206,2379,2196,
11426,3545,3200,2397,2210,
11416,3564,3195,2394,2190,
11386,3568,3214,2385,2203,
11406,3566,3197,2388,2203,
11376,3568,3186,2389,2201,
11401,3573,3198,2389,2196,
11400,3560,3208,2390,2201,
11404,3552,3193,2388,2202,
11415,3564,3201,2390,2208,
11400,3562,3203,2390,2190,
11404,3549,3199,2387,2201,
11403,3548,3201,2381,2214,
11408,3559,3206,2385,2205,
11418,3548,3195,2389,2198,
11410,3559,3194,2413,2194,
11393,3561,3191,2388,2202,
11398,3559,3186,2389,2196,
11420,3562,3198,2388,2199,
11406,3556,3208,2398,2197,
11375,3564,3193,2393,2217,
11391,3560,3196,2386,2201,
11399,3563,3196,2385,2203,
11407,3564,3189,2385,2203,
11408,3558,3197,2385,2210,
11395,3560,3192,2387,2192,
11405,3571,3186,2398,2204,
11402,3563,3192,2393,2209,
11399,3559,3193,2389,2198,
11407,3562,3195,2386,2200,
11403,3557,3212,2377,2200,
11400,3552,3197,2383,2222,
11412,3562,3186,2385,2206,
11404,3563,3202,2382,2201,
11407,3571,3201,2384,2201,
11400,3551,3186,2384,2198,
11400,3562,3193,2388,2200,
11415,3562,3204,2387,2204,
11415,3565,3198,2388,2196,
11410,3553,3201,2390,2202,
11397,3566,3191,2392,2210,
11385,3586,3183,2385,2201,
11398,3570,3195,2380,2204,
11398,3554,3188,2394,2208,
11422,3554,3196,2382,2198,
11424,3547,3193,2408,2204,
11407,3580,3184,2395,2201,
11401,3558,3188,2389,2205,
11403,3561,3204,2389,2202,
11376,3574,3192,2381,2200,
11406,3560,3193,2393,2205,
11399,3559,3191,2391,2204,
11400,3558,3193,2404,2204,
11395,3563,3197,2390,2209,
11398,3557,3185,2384,2200,
11413,3564,3190,2388,2198,
11399,3571,3199,2394,2195,
11405,3561,3196,2384,2196,
11409,3559,3204,2387,2214,
11395,3548,3202,2385,2207,
11410,3547,3195,2383,2207,
11386,3567,3204,2395,2214,
11413,3560,3208,2390,2208,
11398,3564,3206,2388,2204,
11367,3575,3191,2400,2195,
11397,3563,3209,2388,2197,
11397,3569,3202,2388,2207,
11406,3555,3190,2388,2203,
11399,3555,3201,2390,2197,
11407,3573,3200,2388,2199,
11394,3576,3185,2382,2196,
11412,3564,3200,2383,2207,
11388,3547,3205,2385,2215,
11390,3557,3192,2396,2202,
11398,3554,3203,2378,2195,
11385,3583,3200,2387,2198,
11413,3562,3187,2386,2209,
11388,3551,3195,2389,2205,
11393,3569,3195,2388,2203,
11438,3590,3195,2383,2222,
11392,3556,3201,2381,2203,
11402,3560,3191,2386,2201,
11388,3566,3196,2394,2207,
11404,3562,3198,2388,2196,
11405,3561,3200,2379,2201,
11390,3561,3194,2383,2203,
11398,3578,3202,2387,2207,
11386,3546,3213,2370,2200,
11415,3576,3196,2384,2197,
11411,3570,3195,2398,2202,
11416,3558,3205,2388,2216,
11423,3558,3194,2385,2201,
11407,3563,3188,2395,2205,
11402,3550,3197,2390,2199,
11406,3564,3185,2385,2193,
11397,3561,3188,2392,2203,
11412,3557,3203,2391,2206,
11394,3564,3199,2391,2201,
11408,3555,3201,2390,2208,
11398,3560,3188,2387,2192,
11381,3563,3206,2379,2213,
11401,3562,3199,2399,2196,
11394,3580,3195,2393,2203,
11406,3546,3183,2395,2199,
11411,3547,3198,2384,2210,
11402,3580,3197,2383,2211,
11391,3570,3207,2391,2207,
11405,3555,3182,2387,2200,
11433,3555,3201,2383,2206,
11401,3562,3201,2385,2201,
11402,3559,3195,2392,2202,
11399,3575,3193,2394,2198,
11405,3568,3197,2383,2198,
11398,3560,3193,2379,2191,
11407,3571,3208,2394,2187,
11405,3562,3194,2390,2197,
11410,3550,3198,2382,2201,
11396,3571,3188,2397,2204,
11400,3573,3190,2372,2206,
11409,3564,3191,2383,2199,
11398,3559,3197,2387,2199,
11405,3559,3202,2379,2216,
11396,3578,3207,2392,2203,
11441,3564,3206,2381,2198,
11399,3569,3198,2394,2211,
11405,3556,3199,2388,2199,
11401,3561,3199,2387,2202,
11408,3559,3192,2387,2200,
11408,3563,3197,2393,2202,
11392,3553,3217,2375,2195,
11399,3560,3188,2387,2203,
11416,3583,3188,2391,2199,
11404,3561,3201,2391,2196,
11392,3559,3185,2390,2205,
11401,3558,3185,2389,2212,
11409,3565,3192,2379,2208,
11403,3554,3182,2385,2202,
11413,3563,3201,2381,2204,
11385,3566,3183,2389,2206,
11400,3568,3205,2401,2198,
11405,3561,3200,2384,2190,
11403,3561,3188,2392,2195,
11402,3557,3200,2384,2206,
11394,3560,3206,2396,2207,
11402,3561,3197,2390,2210,
11396,3560,3192,2391,2192,
11407,3547,3198,2390,2208,
11406,3551,3191,2383,2199,
11394,3564,3220,2384,2202,
11409,3562,3197,2397,2218,
11408,3558,3192,2390,2198,
11396,3570,3194,2370,2202,
11423,3560,3197,2393,2201,
11411,3575,3192,2388,2202,
11408,3551,3202,2393,2204,
11412,3570,3193,2388,2204,
11407,3566,3193,2393,2200,
11400,3569,3186,2389,2203,
11396,3558,3189,2393,2206,
11397,3570,3195,2385,2200,
11405,3560,3184,2375,2195,
11401,3568,3183,2398,2200,
11404,3555,3198,2398,2195,
11393,3562,3195,2390,2196,
11410,3563,3191,2386,2199,
11418,3543,3198,2387,2198,
11401,3562,3195,2391,2202,
11401,3583,3189,2401,2199,
11400,3561,3194,2385,2204,
11407,3562,3191,2393,2202,
11409,3557,3195,2379,2201,
11405,3570,3199,2376,2204,
11408,3567,3196,2399,2203,
11415,3559,3205,2397,2216,
11393,3564,3204,2395,2194,
11429,3543,3199,2387,2202,
11390,3572,3195,2390,2198,
11396,3552,3203,2390,2197,
11406,3554,3194,2394,2197,
11393,3565,3205,2389,2198,
11406,3558,3196,2399,2203,
11394,3562,3190,2374,2202,
11395,3557,3210,2386,2193,
11402,3571,3207,2385,2209,
11414,3561,3189,2379,2206,
11398,3569,3201,2380,2208,
11399,3560,3201,2381,2205,
11401,3560,3201,2383,2194,
11390,3589,3193,2398,2199,
11405,3561,3193,2393,2195,
11396,3558,3193,2389,2207,
11394,3554,3191,2386,2203,
11386,3557,3201,2394,2205,
11396,3565,3192,2374,2199,
11392,3580,3190,2392,2192,
11401,3573,3198,2394,2204,
11395,3565,3193,2386,2204,
11395,3559,3194,2398,2204,
11401,3562,3207,2387,2198,
11412,3565,3187,2389,2215,
11394,3562,3203,2395,2202,
11396,3563,3196,2389,2198,
11390,3563,3196,2398,2201,
11400,3565,3196,2393,2199,
11405,3564,3200,2402,2193,
11405,3565,3201,2392,2202,
11402,3561,3197,2374,2201,
11407,3560,3191,2390,2206,
11398,3558,3195,2377,2210,
11418,3554,3194,2385,2198,
11399,3570,3205,2397,2197,
11402,3556,3208,2394,2213,
11394,3572,3195,2389,2204,
11395,3564,3191,2386,2216,
11401,3556,3193,2396,2206,
11401,3562,3189,2386,2209,
11408,3556,3195,2382,2207,
11394,3561,3182,2381,2197,
11412,3561,3192,2382,2207,
11390,3563,3189,2388,2193,
11425,3568,3195,2399,2196,
11392,3565,3212,2388,2209,
11384,3548,3209,2383,2200,
11404,3567,3183,2394,2205,
11400,3563,3205,2388,2204,
11417,3557,3206,2413,2200,
11405,3552,3187,2394,2214,
11404,3568,3202,2389,2204,
11405,3564,3186,2383,2201,
11408,3562,3198,2390,2200,
11410,3551,3205,2388,2202,
11401,3563,3204,2387,2207,
11423,3536,3181,2397,2211,
11404,3567,3202,2393,2204,
11425,3569,3191,2397,2201,
11394,3560,3183,2395,2191,
11396,3564,3196,2397,2212,
11408,3588,3183,2399,2199,
11401,3566,3197,2385,2197,
11393,3564,3203,2391,2194,
11415,3577,3204,2397,2194,
11420,3557,3202,2377,2201,
11395,3558,3198,2384,2209,
11406,3560,3200,2385,2202,
11403,3558,3199,2383,2196,
11392,3561,3202,2389,2193,
11403,3557,3211,2393,2200,
11401,3569,3204,2390,2207,
11387,3554,3197,2402,2196,
11393,3572,3210,2386,2184,
11395,3556,3211,2393,2191,
11406,3567,3185,2389,2197,
11411,3558,3193,2379,2192,
11414,3564,3201,2384,2190,
11404,3575,3177,2395,2205,
11403,3579,3172,2377,2194,
11405,3555,3185,2384,2201,
11399,3558,3189,2388,2212,
11414,3557,3197,2378,2202,
11399,3565,3201,2392,2200,
11400,3564,3187,2386,2205,
11415,3569,3189,2382,2202,
11391,3560,3197,2383,2210,
11395,3575,3205,2391,2205,
11408,3553,3195,2399,2204,
11404,3580,3199,2394,2197,
11398,3568,3198,2386,2203,
11399,3565,3190,2389,2198,
11395,3553,3197,2380,2204,
11412,3559,3197,2392,2198,
11400,3541,3210,2383,2188,
11399,3565,3199,2385,2201,
11397,3555,3200,2398,2209,
11402,3570,3200,2390,2194,
11405,3558,3194,2393,2206,
11403,3561,3191,2395,2200,
11394,3550,3183,2385,2220,
11402,3576,3196,2391,2210,
11387,3554,3187,2388,2206,
11394,3566,3191,2394,2209,
11392,3583,3197,2383,2198,
11384,3558,3197,2389,2198,
11422,3574,3196,2397,2195,
11407,3557,3195,2388,2205,
11388,3537,3203,2384,2193,
11392,3564,3182,2388,2193,
11400,3558,3190,2383,2197,
11407,3556,3197,2387,2198,
11396,3555,3188,2389,2216,
11403,3562,3195,2386,2195,
11410,3561,3195,2400,2204,
11407,3555,3198,2383,2196,
11403,3563,3192,2388,2209,
11408,3553,3195,2379,2212,
11387,3562,3198,2406,2202,
11402,3565,3194,2396,2205,
11412,3556,3202,2381,2205,
11403,3574,3201,2389,2202,
11394,3555,3207,2394,2200,
11445,3528,3210,2374,2207,
11397,3563,3196,2391,2207,
11401,3564,3198,2385,2202,
11407,3564,3200,2391,2203,
11401,3563,3196,2385,2212,
11402,3559,3191,2385,2199,
11419,3546,3202,2389,2209,
11414,3568,3196,2383,2203,
11392,3555,3194,2392,2194,
11395,3555,3190,2389,2199,
11399,3547,3201,2388,2204,
11390,3567,3213,2393,2210,
11393,3547,3207,2380,2212,
11404,3555,3194,2391,2203,
11417,3546,3183,2376,2203,
11449,3589,3190,2400,2209,
11398,3556,3199,2392,2202,
11387,3563,3197,2392,2205,
11410,3561,3194,2383,2204,
11402,3558,3193,2383,2202,
11406,3568,3192,2383,2208,
11395,3564,3204,2383,2205,
11396,3566,3199,2383,2204,
11398,3557,3208,2381,2196,
11409,3573,3192,2390,2216,
11405,3571,3190,2387,2196,
11425,3554,3229,2386,2211,
11402,3554,3199,2393,2210,
11415,3566,3187,2395,2205,
11396,3579,3174,2387,2201,
11412,3565,3197,2398,2197,
11398,3563,3191,2393,2209,
11397,3561,3196,2401,2203,
11413,3562,3204,2395,2205,
11397,3570,3205,2382,2204,
11391,3570,3191,2379,2198,
11408,3568,3201,2399,2201,
11401,3571,3203,2383,2195,
11407,3553,3181,2395,2206,
11388,3552,3211,2394,2207,
11411,3558,3194,2385,2198,
11404,3544,3200,2391,2193,
11395,3558,3198,2381,2197,
11399,3566,3205,2405,2201,
11381,3553,3181,2373,2203,
11402,3564,3209,2391,2207,
11391,3565,3197,2391,2190,
11400,3559,3196,2390,2207,
11394,3566,3194,2386,2217,
11396,3558,3199,2376,2207,
11416,3572,3213,2382,2198,
11396,3566,3192,2383,2208,
11409,3570,3193,2383,2215,
11387,3554,3189,2384,2202,
11398,3560,3192,2385,2213,
11399,3554,3193,2381,2201,
11400,3566,3193,2386,2213,
11398,3549,3202,2388,2194,
11401,3552,3194,2391,2196,
11382,3582,3197,2376,2208,
11407,3563,3199,2388,2200,
11396,3563,3188,2385,2207,
11401,3558,3204,2391,2199,
11408,3561,3192,2397,2194,
11401,3558,3205,2394,2208,
11401,3543,3212,2403,2209,
11399,3569,3183,2384,2204,
11399,3566,3193,2387,2198,
11382,3572,3196,2393,2201,
11427,3549,3188,2404,2216,
11432,3566,3209,2392,2192,
11399,3548,3201,2389,2204,
11381,3566,3190,2387,2199,
11416,3558,3181,2380,2210,
11397,3573,3202,2384,2186,
11402,3565,3192,2389,2206,
11403,3570,3193,2387,2209,
11403,3561,3201,2384,2202,
11403,3560,3204,2392,2197,
11397,3555,3204,2407,2209,
11403,3545,3195,2381,2208,
11388,3566,3201,2390,2200,
11399,3552,3188,2382,2201,
11395,3540,3187,2391,2199,
11419,3550,3207,2387,2200,
11399,3548,3190,2389,2198,
11404,3572,3185,2396,2199,
11392,3568,3195,2391,2201,
11383,3556,3190,2392,2202,
11395,3567,3197,2395,2199,
11402,3563,3189,2387,2209,
11413,3560,3191,2396,2200,
11404,3559,3182,2385,2199,
11401,3563,3205,2390,2210,
11403,3563,3206,2375,2191,
11398,3560,3192,2387,2197,
11397,3569,3214,2387,2201,
11407,3561,3193,2384,2207,
11396,3587,3207,2388,2188,
11434,3557,3190,2378,2195,
11411,3556,3204,2394,2201,
11393,3563,3200,2377,2198,
11420,3572,3192,2393,2219,
11376,3581,3185,2395,2197,
11395,3560,3190,2387,2200,
11399,3564,3192,2389,2212,
11394,3560,3199,2394,2208,
11404,3557,3205,2394,2202,
11410,3571,3203,2394,2195,
11392,3548,3191,2387,2199,
11398,3561,3203,2398,2207,
11394,3548,3187,2382,2200,
11400,3567,3197,2391,2199,
11412,3560,3194,2384,2209,
11404,3549,3187,2384,2198,
11419,3551,3196,2384,2214,
11415,3570,3200,2386,2200,
11401,3577,3174,2390,2184,
11406,3566,3198,2385,2206,
11397,3559,3187,2385,2206,
11407,3562,3205,2394,2209,
11411,3557,3185,2390,2200,
11401,3559,3205,2387,2199,
11385,3563,3195,2383,2201,
11413,3551,3201,2393,2209,
11403,3582,3192,2397,2199,
11396,3555,3192,2399,2210,
11398,3569,3185,2387,2203,
11405,3556,3189,2403,2181,
11394,3560,3194,2399,2203,
11405,3551,3196,2384,2203,
11411,3554,3185,2373,2194,
11423,3570,3222,2374,2194,
11409,3569,3200,2386,2197,
11408,3564,3212,2381,2206,
11395,3554,3183,2401,2210,
