32766,5503,1583,46,76,
32766,5501,1591,45,64,
32766,5485,1580,60,65,
32766,5504,1578,54,65,
32766,5469,1579,47,68,
32766,5461,1603,75,43,
32766,5460,1546,80,86,
32766,5472,1562,43,74,
32766,5424,1587,64,67,
32766,5422,1556,54,50,
32766,5445,1542,35,68,
32766,5401,1595,58,80,
32766,5411,1592,54,65,
32766,5412,1585,58,63,
32766,5410,1582,50,67,
32766,5411,1587,41,78,
32766,5420,1576,47,68,
32766,5403,1572,40,82,
32766,5417,1573,52,78,
32766,5423,1561,53,54,
32766,5447,1586,59,65,
32766,5462,1562,56,86,
32766,5437,1607,66,61,
32766,5455,1578,28,59,
32766,5469,1570,51,56,
32766,5472,1564,35,91,
32766,5477,1607,58,68,
32766,5450,1593,57,77,
32766,5434,1589,63,80,
32766,5420,1564,38,61,
32766,5417,1594,60,71,
32766,5402,1580,51,73,
32766,5415,1591,49,62,
32766,5409,1574,49,67,
32766,5388,1575,39,84,
32766,5385,1600,47,65,
32766,5393,1567,70,43,
32766,5385,1575,39,74,
32766,5395,1576,40,69,
32766,5369,1592,52,86,
32766,5396,1578,34,101,
32766,5404,1598,52,101,
32766,5412,1584,57,73,
32766,5396,1594,42,69,
32766,5412,1568,64,50,
32766,5400,1575,47,76,
32766,5425,1569,41,55,
32766,5406,1595,51,68,
32766,5432,1591,59,70,
32766,5419,1583,51,64,
32766,5401,1606,47,68,
32766,5410,1551,62,86,
32766,5432,1612,34,69,
32766,5406,1573,50,63,
32766,5421,1573,64,61,
32766,5379,1542,66,16,
32766,5444,1585,30,80,
32766,5430,1589,51,82,
32766,5444,1573,46,73,
32766,5434,1581,40,71,
32766,5444,1572,49,73,
32766,5438,1575,71,69,
32766,5441,1580,57,73,
32766,5439,1571,51,57,
32766,5446,1593,38,58,
32766,5457,1588,36,87,
32766,5462,1598,29,73,
32766,5456,1584,62,68,
32766,5476,1560,33,70,
32766,5468,1546,66,46,
32766,5456,1581,56,80,
32766,5449,1522,53,49,
32766,5426,1567,53,48,
32766,5434,1585,57,65,
32766,5431,1583,51,71,
32766,5431,1569,47,65,
32766,5417,1582,62,60,
32766,5414,1579,52,73,
32766,5419,1582,48,72,
32766,5431,1581,51,59,
32766,5407,1575,57,63,
32766,5419,1590,23,59,
32766,5452,1597,29,74,
32766,5455,1564,81,57,
32766,5424,1574,40,75,
32766,5400,1573,11,98,
32766,5419,1575,53,46,
32766,5409,1585,72,63,
32766,5421,1573,49,68,
32766,5440,1573,39,74,
32766,5432,1589,66,76,
32766,5446,1602,32,74,
32766,5465,1586,62,66,
32766,5459,1583,50,74,
32766,5494,1587,48,66,
32766,5490,1608,71,87,
32766,5502,1599,50,62,
32766,5487,1585,54,43,
32766,5506,1606,65,94,
32766,5496,1601,52,58,
32766,5481,1579,40,88,
32766,5459,1610,59,65,
32766,5456,1597,53,67,
32766,5467,1576,53,56,
32766,5473,1582,47,54,
32766,5454,1588,44,64,
32766,5450,1583,46,65,
32766,5464,1584,56,72,
32766,5436,1591,53,77,
32766,5442,1560,37,61,
32766,5427,1611,60,72,
32766,5405,1576,36,86,
32766,5419,1583,52,76,
32766,5459,1567,43,79,
32766,5402,1586,59,59,
32766,5387,1593,71,49,
32766,5414,1544,27,57,
32766,5422,1570,63,58,
32766,5401,1581,58,68,
32766,5401,1561,39,53,
32766,5393,1566,46,72,
32766,5370,1580,54,88,
32766,5384,1595,64,73,
32766,5375,1591,54,56,
32766,5338,1586,45,67,
32766,5344,1551,45,72,
32766,5340,1561,49,72,
32766,5314,1564,41,94,
32766,5331,1549,28,42,
32766,5300,1557,35,69,
32766,5294,1548,63,51,
32766,5278,1550,94,45,
32766,5280,1557,58,93,
32766,5294,1566,49,63,
32766,5286,1541,42,65,
32766,5287,1558,41,58,
32766,5287,1549,66,55,
32766,5278,1561,54,55,
32766,5292,1557,47,75,
32766,5291,1558,51,57,
32766,5297,1557,67,62,
32766,5299,1590,40,73,
32766,5338,1529,52,32,
32766,5303,1594,38,62,
32766,5303,1555,49,79,
32766,5316,1563,52,62,
32766,5305,1580,48,75,
32766,5295,1592,24,75,
32766,5313,1570,56,68,
32766,5309,1552,49,88,
32766,5294,1552,39,44,
32766,5303,1568,56,65,
32766,5272,1556,53,72,
32766,5274,1544,49,77,
32766,5293,1566,56,87,
32766,5236,1570,70,76,
32766,5228,1567,30,84,
32766,5206,1575,49,63,
32766,5220,1538,47,51,
32766,5224,1533,78,66,
32766,5193,1544,52,60,
32766,5200,1570,56,64,
32766,5195,1548,72,91,
32766,5192,1546,36,55,
32766,5187,1555,48,67,
32766,5165,1555,57,68,
32766,5186,1551,49,78,
32766,5177,1549,53,49,
32766,5180,1572,46,84,
32766,5194,1557,29,65,
32766,5212,1574,63,52,
32766,5190,1587,55,41,
32766,5205,1556,82,38,
32766,5199,1569,55,51,
32766,5186,1557,74,77,
32766,5225,1597,63,94,
32766,5234,1565,65,48,
32766,5225,1582,95,51,
32766,5232,1563,51,60,
32766,5238,1565,59,63,
32766,5268,1555,70,69,
32766,5281,1566,51,71,
32766,5271,1554,48,68,
32766,5275,1572,31,78,
32766,5296,1581,48,43,
32766,5309,1585,44,67,
32766,5331,1575,65,41,
32766,5314,1561,46,74,
32766,5316,1576,17,111,
32766,5305,1572,68,44,
32766,5302,1595,62,72,
32766,5305,1552,59,50,
32766,5321,1563,33,41,
32766,5315,1570,56,58,
32766,5307,1565,55,74,
32766,5305,1578,71,75,
32766,5313,1568,52,66,
32766,5310,1573,35,58,
32766,5318,1554,50,80,
32766,5338,1579,59,76,
32766,5336,1574,56,56,
32766,5323,1590,46,73,
32766,5337,1579,62,84,
32766,5344,1577,27,82,
32766,5371,1581,52,42,
32766,5352,1612,57,82,
32766,5335,1593,73,75,
32766,5353,1578,38,89,
32766,5350,1576,51,66,
32766,5367,1573,49,47,
32766,5364,1575,49,68,
32766,5378,1579,59,74,
32766,5354,1583,50,64,
32766,5357,1575,45,73,
32766,5385,1595,41,65,
32766,5410,1592,67,70,
32766,5426,1597,46,57,
32766,5430,1588,70,63,
32766,5457,1594,48,61,
32766,5451,1614,38,63,
32766,5472,1601,71,39,
32766,5514,1615,58,49,
32766,5522,1588,38,72,
32766,5581,1625,56,72,
32766,5564,1625,55,58,
32766,5599,1619,50,73,
32766,5605,1625,48,49,
32766,5615,1625,56,70,
32766,5625,1641,47,68,
32766,5624,1628,48,79,
32766,5614,1627,65,55,
32766,5599,1633,66,65,
32766,5604,1615,41,43,
32766,5614,1608,29,76,
32766,5568,1653,57,66,
32766,5627,1635,56,88,
32766,5616,1636,32,83,
32766,5587,1628,91,51,
32766,5622,1623,44,82,
32766,5595,1634,48,68,
32766,5610,1619,49,68,
32766,5605,1627,49,68,
32766,5612,1635,49,75,
32766,5622,1610,42,59,
32766,5608,1628,41,55,
32766,5593,1621,57,67,
32766,5567,1617,43,72,
32766,5578,1612,45,71,
32766,5518,1622,35,79,
32766,5552,1615,38,56,
32766,5539,1605,62,62,
32766,5507,1586,30,49,
32766,5495,1620,44,67,
32766,5483,1588,54,55,
32766,5488,1595,42,52,
32766,5457,1588,49,50,
32766,5451,1608,67,48,
32766,5443,1592,40,60,
32766,5451,1593,59,58,
32766,5451,1598,58,51,
32766,5455,1589,52,64,
32766,5458,1587,49,64,
32766,5477,1611,78,60,
32766,5448,1612,53,69,
32766,5454,1572,49,55,
32766,5469,1591,32,65,
32766,5467,1584,45,60,
32766,5433,1606,53,42,
32766,5470,1633,24,65,
32766,5467,1584,45,58,
32766,5459,1596,59,53,
32766,5475,1592,63,60,
32766,5453,1584,59,71,
32766,5452,1580,50,75,
32766,5446,1592,59,64,
32766,5450,1600,50,65,
32766,5430,1583,63,59,
32766,5407,1571,27,55,
32766,5390,1577,38,61,
32766,5352,1595,37,73,
32766,5362,1611,61,74,
32766,5390,1605,64,89,
32766,5374,1603,47,72,
32766,5372,1591,37,90,
32766,5365,1583,60,60,
32766,5369,1590,48,88,
32766,5375,1590,46,82,
32766,5358,1595,66,56,
32766,5355,1597,59,65,
32766,5338,1591,59,54,
32766,5369,1601,63,69,
32766,5354,1605,62,69,
32766,5340,1586,58,59,
32766,5318,1579,62,70,
32766,5359,1606,19,87,
32766,5362,1603,55,73,
32766,5360,1594,3,84,
32766,5344,1618,62,67,
32766,5325,1577,45,55,
32766,5344,1583,52,51,
32766,5344,1585,58,62,
32766,5368,1574,50,68,
32766,5353,1603,53,57,
32766,5360,1587,60,55,
32766,5381,1592,46,63,
32766,5386,1608,45,67,
32766,5390,1616,56,68,
32766,5391,1588,58,64,
32766,5449,1583,56,78,
32766,5419,1603,76,24,
32766,5427,1603,35,75,
32766,5427,1599,48,44,
32766,5442,1580,39,47,
32766,5430,1596,66,66,
32766,5461,1608,36,76,
32766,5444,1618,49,74,
32766,5471,1605,44,65,
32766,5465,1601,53,55,
32766,5479,1601,58,53,
32766,5466,1615,45,52,
32766,5471,1618,45,58,
32766,5469,1605,38,71,
32766,5480,1600,61,82,
32766,5453,1589,53,96,
32766,5469,1603,64,52,
32766,5465,1587,51,43,
32766,5456,1607,60,45,
32766,5459,1595,33,91,
32766,5445,1607,47,55,
32766,5480,1619,48,71,
32766,5439,1608,60,74,
32766,5463,1596,44,66,
32766,5458,1598,54,66,
32766,5468,1592,52,75,
32766,5457,1584,59,62,
32766,5455,1607,55,68,
32766,5466,1600,38,58,
32766,5441,1611,65,44,
32766,5458,1604,76,50,
32766,5468,1581,19,53,
32766,5419,1618,43,105,
32766,5446,1618,45,60,
32766,5486,1597,77,51,
32766,5475,1580,56,60,
32766,5468,1605,20,66,
32766,5486,1593,38,73,
32766,5481,1590,55,63,
32766,5485,1599,42,61,
32766,5473,1592,58,75,
32766,5504,1602,55,69,
32766,5500,1595,50,55,
32766,5503,1600,40,58,
32766,5509,1605,53,62,
32766,5474,1624,35,64,
32766,5522,1603,36,80,
32766,5473,1618,54,70,
32766,5486,1590,62,68,
32766,5471,1589,20,76,
32766,5453,1600,62,50,
32766,5462,1580,61,68,
32766,5445,1593,54,75,
32766,5448,1591,59,75,
32766,5438,1586,54,54,
32766,5434,1575,43,76,
32766,5412,1564,40,71,
32766,5386,1591,37,73,
32766,5376,1587,50,71,
32766,5380,1606,50,55,
32766,5374,1558,31,62,
32766,5357,1627,51,80,
32766,5349,1573,32,31,
32766,5339,1580,70,51,
32766,5362,1572,56,46,
32766,5369,1571,42,76,
32766,5352,1563,58,32,
32766,5353,1577,47,68,
32766,5335,1573,47,75,
32766,5349,1580,64,69,
32766,5341,1584,65,58,
32766,5344,1577,48,55,
32766,5324,1565,55,60,
32766,5333,1578,49,55,
32766,5331,1578,67,72,
32766,5336,1536,85,69,
32766,5362,1550,11,72,
32766,5340,1591,37,107,
32766,5343,1577,49,78,
32766,5339,1564,49,57,
32766,5350,1574,55,72,
32766,5308,1580,50,74,
32766,5340,1587,60,65,
32766,5318,1565,51,63,
32766,5317,1583,60,64,
32766,5312,1568,45,52,
32766,5321,1594,35,62,
32766,5323,1586,46,58,
32766,5326,1571,53,55,
32766,5323,1574,25,80,
32766,5351,1581,42,48,
32766,5322,1558,45,49,
32766,5320,1575,22,71,
32766,5313,1569,41,52,
32766,5320,1550,20,55,
32766,5367,1580,17,99,
32766,5324,1582,53,56,
32766,5351,1592,64,78,
32766,5318,1565,47,63,
32766,5328,1581,38,64,
32766,5344,1585,64,78,
32766,5333,1588,34,77,
32766,5332,1585,60,59,
32766,5349,1588,58,81,
32766,5357,1582,36,80,
32766,5366,1592,57,48,
32766,5373,1579,50,82,
32766,5326,1609,47,81,
32766,5387,1579,55,71,
32766,5358,1619,52,62,
32766,5396,1579,61,61,
32766,5369,1599,94,63,
32766,5362,1600,46,65,
32766,5398,1593,36,74,
32766,5398,1587,53,80,
32766,5398,1600,70,59,
32766,5397,1599,43,69,
32766,5383,1579,62,49,
32766,5400,1586,59,67,
32766,5412,1590,42,61,
32766,5391,1612,45,52,
32766,5423,1557,32,73,
32766,5430,1599,55,65,
32766,5417,1616,38,84,
32766,5415,1609,61,53,
32766,5415,1592,73,57,
32766,5409,1599,34,55,
32766,5449,1620,38,64,
32766,5403,1603,39,55,
32766,5413,1601,46,52,
32766,5423,1593,44,61,
32766,5426,1605,36,56,
32766,5440,1605,53,45,
32766,5439,1603,67,48,
32766,5439,1603,51,60,
32766,5444,1608,71,73,
32766,5421,1593,27,80,
32766,5445,1619,34,76,
32766,5456,1599,62,39,
32766,5456,1586,30,59,
32766,5459,1619,50,59,
32766,5486,1604,36,60,
32766,5459,1606,65,86,
32766,5432,1596,46,68,
32766,5436,1610,44,61,
32766,5437,1589,59,55,
32766,5444,1602,48,55,
32766,5425,1592,56,74,
32766,5420,1605,67,62,
32766,5459,1599,69,76,
32766,5439,1604,54,68,
32766,5441,1610,67,42,
32766,5419,1636,62,50,
32766,5422,1593,59,76,
32766,5433,1602,40,61,
32766,5451,1599,78,63,
32766,5462,1594,65,52,
32766,5432,1602,62,60,
32766,5421,1606,51,65,
32766,5440,1598,52,66,
32766,5446,1614,45,49,
32766,5438,1609,59,59,
32766,5420,1591,30,53,
32766,5446,1588,49,68,
32766,5429,1609,48,67,
32766,5434,1605,67,67,
32766,5443,1581,78,38,
32766,5437,1592,77,66,
32766,5417,1581,31,83,
32766,5425,1609,73,55,
32766,5423,1574,49,38,
32766,5438,1575,43,62,
32766,5433,1626,55,72,
32766,5411,1584,59,66,
32766,5421,1581,54,64,
32766,5431,1599,68,67,
32766,5419,1599,65,58,
32766,5427,1594,41,69,
32766,5404,1577,51,70,
32766,5406,1579,56,52,
32766,5414,1592,65,60,
32766,5402,1588,42,58,
32766,5361,1596,40,58,
32766,5404,1573,26,75,
32766,5380,1587,60,78,
32766,5404,1573,79,49,
32766,5385,1592,54,45,
32766,5367,1589,63,73,
32766,5402,1601,53,63,
32766,5395,1574,63,59,
32766,5384,1590,58,78,
32766,5389,1581,41,75,
32766,5367,1607,52,72,
32766,5377,1596,55,56,
32766,5376,1587,52,79,
32766,5377,1609,59,75,
32766,5362,1595,49,60,
32766,5388,1581,42,49,
32766,5357,1585,43,56,
32766,5390,1610,43,69,
32766,5387,1582,45,72,
32766,5419,1598,50,69,
32766,5364,1568,21,44,
32766,5419,1589,39,63,
32766,5394,1592,47,54,
32766,5417,1607,42,68,
32766,5393,1588,54,67,
32766,5419,1583,53,68,
32766,5417,1582,54,54,
32766,5420,1594,40,57,
32766,5405,1574,58,53,
32766,5418,1592,83,43,
32766,5422,1586,57,92,
32766,5441,1582,43,54,
32766,5409,1589,39,60,
32766,5425,1597,45,71,
32766,5436,1558,0,70,
32766,5436,1605,81,90,
32766,5407,1598,49,39,
32766,5432,1608,54,62,
32766,5433,1591,55,64,
32766,5419,1615,51,64,
32766,5438,1623,73,57,
32766,5450,1605,49,51,
32766,5434,1609,52,60,
32766,5456,1588,34,89,
32766,5446,1604,37,60,
32766,5430,1622,66,66,
32766,5491,1603,22,71,
32766,5432,1602,58,55,
32766,5474,1585,57,82,
32766,5446,1613,78,65,
32766,5456,1573,81,44,
32766,5463,1596,57,68,
32766,5455,1614,51,58,
32766,5462,1580,44,69,
32766,5438,1593,52,53,
32766,5439,1601,68,62,
32766,5454,1585,48,59,
32766,5460,1605,58,56,
32766,5457,1619,38,78,
32766,5467,1621,26,49,
32766,5455,1602,39,64,
32766,5459,1596,71,43,
32766,5505,1590,34,61,
32766,5471,1603,46,70,
32766,5496,1610,59,65,
32766,5532,1605,54,78,
32766,5462,1586,40,70,
32766,5507,1603,51,81,
32766,5501,1600,49,38,
32766,5504,1608,43,61,
32766,5495,1612,46,70,
32766,5499,1618,58,50,
32766,5507,1623,56,71,
32766,5498,1604,49,43,
32766,5503,1602,32,58,
32766,5511,1630,33,74,
32766,5520,1624,71,72,
32766,5501,1620,76,65,
32766,5510,1609,56,65,
32766,5447,1636,71,47,
32766,5481,1607,39,63,
32766,5478,1611,49,62,
32766,5470,1616,44,62,
32766,5480,1591,47,76,
32766,5477,1597,38,68,
32766,5474,1591,60,56,
32766,5481,1606,53,61,
32766,5464,1619,56,62,
32766,5450,1612,33,65,
32766,5458,1590,57,73,
32766,5461,1599,64,40,
32766,5428,1641,45,57,
32766,5485,1592,23,66,
32766,5480,1610,48,59,
32766,5479,1617,41,93,
32766,5486,1621,42,81,
32766,5460,1595,50,70,
32766,5476,1590,55,48,
32766,5480,1619,59,74,
32766,5474,1593,42,77,
32766,5454,1606,46,62,
32766,5461,1600,47,43,
32766,5475,1594,51,63,
32766,5484,1599,36,75,
32766,5462,1603,32,98,
32766,5443,1593,31,59,
32766,5492,1561,78,55,
32766,5415,1577,36,51,
32766,5455,1578,51,47,
32766,5427,1607,26,98,
32766,5453,1579,52,51,
32766,5445,1549,49,48,
32766,5437,1588,54,59,
32766,5424,1577,38,49,
32766,5415,1576,53,65,
32766,5438,1581,32,53,
32766,5412,1586,56,67,
32766,5418,1587,63,68,
32766,5426,1574,64,66,
32766,5430,1591,51,58,
32766,5418,1591,65,78,
32766,5423,1571,54,45,
32766,5452,1567,58,63,
32766,5432,1578,46,53,
32766,5427,1580,9,68,
32766,5447,1572,56,76,
32766,5405,1581,91,63,
32766,5393,1572,33,52,
32766,5419,1579,44,67,
32766,5391,1580,52,46,
32766,5374,1588,64,66,
32766,5386,1577,57,58,
32766,5387,1568,61,64,
32766,5379,1571,51,62,
32766,5371,1589,51,73,
32766,5369,1553,75,79,
32766,5335,1545,68,67,
32766,5372,1564,12,111,
32766,5348,1563,70,52,
32766,5355,1574,73,51,
32766,5327,1539,14,58,
32766,5367,1582,33,94,
32766,5317,1560,56,52,
32766,5297,1569,44,59,
32766,5287,1562,48,73,
32766,5303,1568,43,64,
32766,5279,1553,43,70,
32766,5260,1550,38,63,
32766,5254,1566,41,64,
32766,5261,1561,50,61,
32766,5248,1547,46,92,
32766,5245,1561,32,76,
32766,5297,1528,58,40,
32766,5242,1580,103,53,
32766,5252,1556,44,71,
32766,5240,1568,25,66,
32766,5251,1565,29,69,
32766,5251,1582,59,69,
32766,5269,1574,54,60,
32766,5269,1565,42,76,
32766,5257,1576,59,58,
32766,5267,1585,59,66,
32766,5279,1586,64,60,
32766,5272,1586,64,72,
32766,5281,1587,69,68,
32766,5272,1583,45,67,
32766,5273,1586,24,72,
32766,5301,1596,52,73,
32766,5313,1546,35,74,
32766,5285,1564,24,78,
32766,5314,1583,49,85,
32766,5298,1578,43,65,
32766,5278,1575,40,52,
32766,5290,1576,51,51,
32766,5314,1569,56,66,
32766,5305,1578,56,57,
32766,5305,1578,59,70,
32766,5321,1574,33,60,
32766,5331,1558,48,70,
32766,5309,1598,45,64,
32766,5327,1586,38,45,
32766,5327,1579,71,66,
32766,5316,1601,23,95,
32766,5300,1598,60,70,
32766,5331,1574,48,67,
32766,5324,1587,83,57,
32766,5307,1575,78,52,
32766,5330,1582,58,85,
32766,5316,1579,56,80,
32766,5324,1579,72,58,
32766,5297,1583,43,75,
32766,5291,1573,50,69,
32766,5295,1572,66,71,
32766,5285,1575,60,71,
32766,5286,1582,49,72,
32766,5288,1570,40,72,
32766,5267,1584,46,80,
32766,5269,1599,59,81,
32766,5264,1587,57,68,
32766,5277,1593,57,71,
32766,5273,1577,63,53,
32766,5301,1600,60,89,
32766,5312,1560,40,73,
32766,5296,1573,26,67,
32766,5291,1572,48,76,
32766,5291,1573,61,56,
32766,5290,1575,56,61,
32766,5294,1578,48,63,
32766,5297,1572,51,58,
32766,5299,1572,54,66,
32766,5310,1567,51,85,
32766,5307,1591,61,86,
32766,5328,1579,41,44,
32766,5323,1585,49,72,
32766,5321,1582,72,80,
32766,5314,1592,74,69,
32766,5355,1606,88,75,
32766,5339,1569,29,60,
32766,5330,1568,48,59,
32766,5336,1585,51,55,
32766,5350,1584,55,65,
32766,5361,1577,55,79,
32766,5381,1591,65,72,
32766,5367,1575,50,63,
32766,5369,1593,42,72,
32766,5368,1599,45,75,
32766,5381,1579,44,93,
32766,5381,1596,61,53,
32766,5423,1573,37,94,
32766,5422,1594,68,82,
32766,5424,1592,60,67,
32766,5439,1594,44,93,
32766,5428,1597,34,94,
32766,5454,1606,72,91,
32766,5458,1599,48,88,
32766,5439,1609,68,64,
32766,5443,1596,71,57,
32766,5458,1599,65,64,
32766,5459,1594,67,60,
32766,5456,1584,62,71,
32766,5442,1579,71,76,
32766,5425,1572,53,69,
32766,5433,1587,53,58,
32766,5389,1613,55,89,
32766,5425,1569,55,71,
32766,5396,1551,48,62,
32766,5419,1553,21,39,
32766,5395,1563,64,38,
32766,5387,1558,74,73,
32766,5382,1555,48,71,
32766,5359,1544,44,67,
32766,5347,1560,55,75,
32766,5333,1553,48,56,
32766,5307,1543,55,63,
32766,5321,1546,34,77,
32766,5331,1538,49,67,
32766,5323,1541,57,80,
32766,5303,1547,53,87,
32766,5345,1561,27,87,
32766,5339,1565,62,49,
32766,5334,1555,51,77,
32766,5362,1566,44,72,
32766,5354,1572,79,57,
32766,5382,1549,53,59,
32766,5373,1566,59,56,
32766,5386,1561,50,65,
32766,5390,1554,59,62,
32766,5407,1562,57,63,
32766,5386,1559,64,66,
32766,5413,1565,50,78,
32766,5419,1557,52,61,
32766,5419,1574,45,73,
32766,5431,1575,8,51,
32766,5441,1549,47,51,
32766,5424,1541,54,74,
32766,5452,1542,20,59,
32766,5440,1561,48,72,
32766,5441,1562,57,65,
32766,5462,1576,55,91,
32766,5445,1556,43,76,
32766,5463,1572,59,66,
32766,5477,1571,58,77,
32766,5473,1554,44,76,
32766,5469,1571,57,66,
32766,5475,1564,61,54,
32766,5472,1566,31,71,
32766,5465,1579,44,75,
32766,5497,1559,56,63,
32766,5513,1540,34,48,
32766,5522,1552,26,96,
32766,5513,1540,47,91,
32766,5491,1569,77,57,
32766,5514,1534,30,71,
32766,5489,1568,59,64,
32766,5488,1553,66,56,
32766,5466,1554,52,62,
32766,5459,1569,51,68,
32766,5456,1548,53,61,
32766,5465,1567,59,65,
32766,5461,1554,54,71,
32766,5452,1571,34,57,
32766,5464,1562,57,67,
32766,5455,1564,32,57,
32766,5457,1544,44,72,
32766,5460,1561,79,38,
32766,5447,1562,74,68,
32766,5467,1585,71,71,
32766,5466,1574,66,72,
32766,5483,1581,79,49,
32766,5468,1555,49,63,
32766,5472,1571,77,72,
32766,5483,1569,62,63,
32766,5475,1577,37,66,
32766,5481,1584,58,59,
32766,5494,1598,58,64,
32766,5503,1589,55,68,
32766,5512,1582,45,67,
32766,5497,1574,44,55,
32766,5507,1585,25,65,
32766,5537,1577,37,95,
32766,5526,1572,58,79,
32766,5524,1574,38,70,
32766,5512,1557,34,87,
32766,5499,1572,15,60,
32766,5494,1596,59,68,
32766,5481,1579,70,57,
32766,5490,1591,50,71,
32766,5472,1591,52,71,
32766,5505,1568,45,77,
32766,5505,1589,47,53,
32766,5524,1605,54,75,
32766,5544,1591,64,61,
32766,5557,1592,96,46,
32766,5561,1594,36,78,
32766,5563,1630,83,66,
32766,5601,1584,63,48,
32766,5608,1595,45,54,
32766,5619,1613,49,58,
32766,5626,1603,83,91,
32766,5672,1591,35,55,
32766,5667,1602,55,66,
32766,5692,1611,64,33,
32766,5722,1616,66,75,
32766,5727,1621,55,54,
32766,5765,1623,65,70,
32766,5782,1635,59,72,
32766,5804,1641,66,77,
32766,5827,1637,34,77,
32766,5858,1644,57,97,
32766,5836,1621,55,55,
32766,5862,1647,45,67,
32766,5898,1648,27,84,
32766,5895,1637,53,72,
32766,5899,1643,32,109,
32766,5884,1648,39,66,
32766,5918,1639,56,63,
32766,5938,1651,52,66,
32766,5924,1645,59,75,
32766,5919,1648,54,67,
32766,5889,1647,40,67,
32766,5876,1639,34,65,
32766,5863,1634,51,62,
32766,5873,1634,71,72,
32766,5875,1643,55,71,
32766,5834,1649,33,59,
32766,5822,1648,45,71,
32766,5838,1641,51,74,
32766,5839,1651,72,74,
32766,5828,1630,52,72,
32766,5868,1616,63,59,
32766,5859,1633,58,67,
32766,5843,1638,53,57,
32766,5863,1636,65,71,
32766,5868,1640,53,51,
32766,5870,1646,47,68,
32766,5896,1643,42,79,
32766,5901,1642,52,59,
32766,5905,1618,59,65,
32766,5910,1663,63,62,
32766,5944,1620,87,54,
32766,5934,1671,42,79,
32766,5980,1660,26,79,
32766,5976,1678,57,76,
32766,6021,1674,62,61,
32766,6010,1657,56,63,
32766,6025,1641,47,101,
32766,6085,1653,36,72,
32766,6110,1681,50,72,
32766,6156,1683,72,74,
32766,6192,1680,61,64,
32766,6202,1682,65,85,
32766,6212,1689,67,58,
32766,6235,1692,52,57,
32766,6250,1685,43,52,
32766,6289,1683,43,65,
32766,6273,1703,79,69,
32766,6303,1695,58,101,
32766,6319,1687,59,78,
32766,6330,1729,85,72,
32766,6333,1677,69,71,
32766,6322,1695,66,58,
32766,6376,1701,66,69,
32766,6382,1702,26,84,
32766,6418,1715,53,94,
32766,6440,1714,48,74,
32766,6496,1722,54,66,
32766,6549,1718,48,55,
32766,6588,1730,64,64,
32766,6624,1748,44,63,
32766,6700,1727,22,94,
32766,6722,1748,53,71,
32766,6814,1760,57,68,
32766,6823,1776,43,58,
32766,6896,1782,76,62,
32766,6995,1785,43,95,
32766,7099,1758,46,73,
32766,7156,1795,58,87,
32766,7196,1792,57,63,
32766,7217,1803,63,71,
32766,7232,1794,42,68,
32766,7245,1809,59,60,
32766,7238,1795,63,82,
32766,7244,1783,41,81,
32766,7193,1791,50,69,
32766,7172,1807,27,87,
32766,7152,1821,76,37,
32766,7136,1799,67,69,
32766,7121,1803,49,79,
32766,7080,1801,58,56,
32766,6971,1785,85,70,
32766,6916,1749,62,66,
32766,6899,1766,66,75,
32766,6855,1764,57,79,
32766,6857,1764,41,72,
32766,6843,1771,42,66,
32766,6837,1747,54,59,
32766,6828,1754,38,86,
32766,6819,1762,64,60,
32766,6813,1752,59,83,
32766,6774,1718,75,98,
32766,6798,1749,58,96,
32766,6768,1797,70,61,
32766,6753,1749,70,68,
32766,6757,1732,11,56,
32766,6740,1733,32,58,
32766,6752,1776,63,74,
32766,6725,1759,53,78,
32766,6716,1742,54,42,
32766,6732,1751,64,69,
32766,6739,1753,57,76,
32766,6719,1730,82,51,
32766,6712,1748,55,69,
32766,6710,1750,58,59,
32766,6743,1742,63,65,
32766,6736,1757,38,73,
32766,6748,1761,19,92,
32766,6761,1743,74,67,
32766,6778,1751,54,71,
32766,6771,1770,69,47,
32766,6763,1756,52,52,
32766,6765,1730,51,71,
32766,6722,1757,62,57,
32766,6709,1757,65,67,
32766,6716,1756,60,72,
32766,6717,1734,52,68,
32766,6709,1750,39,77,
32766,6703,1746,45,65,
32766,6692,1727,52,67,
32766,6679,1741,48,47,
32766,6697,1776,57,52,
32766,6721,1746,60,82,
32766,6737,1756,53,83,
32766,6748,1799,55,70,
32766,6792,1760,48,88,
32766,6813,1766,18,75,
32766,6832,1767,72,59,
32766,6865,1762,61,82,
32766,6837,1772,60,63,
32766,6842,1761,52,70,
32766,6846,1761,64,65,
32766,6835,1756,57,68,
32766,6833,1771,58,78,
32766,6815,1753,68,66,
32766,6810,1763,53,67,
32766,6813,1743,50,65,
32766,6844,1740,52,83,
32766,6824,1746,79,67,
32766,6831,1753,32,53,
32766,6848,1761,83,28,
32766,6855,1764,52,49,
32766,6859,1758,63,35,
32766,6929,1750,53,93,
32766,6927,1755,59,72,
32766,6952,1760,45,60,
32766,6970,1763,62,81,
32766,6973,1776,41,74,
32766,6964,1760,38,63,
32766,6969,1759,39,68,
32766,6959,1771,57,84,
32766,6974,1765,46,61,
32766,6986,1775,42,85,
32766,6964,1779,49,55,
32766,7029,1751,66,49,
32766,7008,1774,45,75,
32766,7020,1748,34,70,
32766,7013,1747,30,42,
32766,7052,1773,59,79,
32766,7041,1750,48,75,
32766,7057,1768,40,81,
32766,7047,1783,66,72,
32766,7073,1768,54,57,
32766,7082,1777,50,76,
32766,7080,1768,54,69,
32766,7110,1776,53,76,
32766,7080,1759,41,60,
32766,7102,1772,55,68,
32766,7089,1752,75,81,
32766,7101,1787,47,64,
32766,7073,1778,64,59,
32766,7034,1776,101,65,
32766,7037,1778,46,56,
32766,7040,1757,57,68,
32766,7003,1771,65,65,
32766,7007,1789,62,68,
32766,7028,1785,62,81,
32766,7022,1775,46,70,
32766,7031,1755,65,71,
32766,7022,1766,54,67,
32766,7037,1769,51,63,
32766,7033,1790,57,69,
32766,7043,1765,23,73,
32766,7046,1792,62,75,
32766,7081,1760,36,78,
32766,7092,1750,45,63,
32766,7087,1774,52,67,
32766,7066,1771,61,64,
32766,7070,1775,45,62,
32766,7089,1747,46,42,
32766,7065,1762,58,55,
32766,7081,1775,71,57,
32766,7049,1774,60,61,
32766,7066,1762,46,73,
32766,7063,1779,76,48,
32766,7041,1765,55,76,
32766,7075,1774,50,69,
32766,7083,1757,61,64,
32766,7066,1776,60,66,
32766,7079,1781,81,71,
32766,7085,1748,18,54,
32766,7068,1758,66,57,
32766,7056,1755,54,26,
32766,7087,1776,68,53,
32766,7114,1759,37,87,
32766,7102,1773,61,80,
32766,7101,1769,65,83,
32766,7124,1766,62,87,
32766,7105,1791,66,69,
32766,7126,1774,53,77,
32766,7119,1764,51,76,
32766,7126,1786,40,69,
32766,7120,1785,57,73,
32766,7123,1763,23,117,
32766,7128,1776,91,49,
32766,7126,1776,65,72,
32766,7134,1782,52,73,
32766,7103,1772,38,100,
32766,7155,1768,51,73,
32766,7068,1775,81,64,
32766,7101,1790,57,87,
32766,7127,1762,44,74,
32766,7105,1773,44,62,
32766,7102,1768,48,70,
32766,7116,1769,45,81,
32766,7127,1761,55,77,
32766,7133,1777,58,60,
32766,7151,1774,53,54,
32766,7147,1783,59,81,
32766,7171,1738,62,39,
32766,7181,1767,28,94,
32766,7167,1773,48,83,
32766,7171,1760,54,61,
32766,7170,1774,28,76,
32766,7177,1809,57,69,
32766,7173,1790,68,58,
32766,7165,1776,73,66,
32766,7166,1765,65,76,
32766,7149,1780,54,58,
32766,7173,1776,71,72,
32766,7152,1773,65,61,
32766,7152,1782,43,87,
32766,7152,1774,62,73,
32766,7166,1780,57,56,
32766,7158,1784,61,80,
32766,7179,1757,62,42,
32766,7170,1777,59,61,
32766,7161,1788,53,88,
32766,7118,1786,79,70,
32766,7131,1777,60,88,
32766,7129,1764,66,75,
32766,7119,1774,40,68,
32766,7115,1750,61,56,
32766,7101,1767,49,60,
32766,7103,1793,63,69,
32766,7106,1791,50,68,
32766,7124,1753,59,68,
32766,7122,1776,57,80,
32766,7130,1771,76,72,
32766,7096,1796,47,73,
32766,7126,1788,44,54,
32766,7146,1775,66,77,
32766,7115,1755,58,95,
32766,7059,1743,41,53,
32766,7115,1757,24,101,
32766,7107,1773,50,62,
32766,7085,1759,57,71,
32766,7091,1774,61,75,
32766,7107,1763,37,65,
32766,7094,1782,47,62,
32766,7094,1759,54,88,
32766,7090,1761,54,77,
32766,7094,1762,50,69,
32766,7062,1766,68,75,
32766,7052,1752,50,58,
32766,7062,1768,50,68,
32766,7045,1768,55,46,
32766,7028,1743,62,40,
32766,7015,1757,35,42,
32766,7034,1724,45,45,
32766,7015,1776,75,64,
32766,6985,1773,54,70,
32766,7002,1751,54,65,
32766,6986,1758,53,74,
32766,6993,1752,55,66,
32766,6988,1762,63,74,
32766,7010,1763,60,70,
32766,7023,1761,42,71,
32766,7051,1769,52,76,
32766,7027,1761,57,79,
32766,7020,1778,29,80,
32766,7030,1759,59,61,
32766,7061,1778,63,74,
32766,7069,1734,27,68,
32766,7053,1783,72,90,
32766,7031,1752,63,18,
32766,7064,1765,49,61,
32766,7058,1767,46,78,
32766,7056,1763,40,80,
32766,7038,1758,59,86,
32766,7046,1759,53,63,
32766,7042,1757,50,79,
32766,7050,1760,36,79,
32766,7066,1738,66,72,
32766,7023,1784,42,74,
32766,7057,1777,29,83,
32766,7034,1774,60,48,
32766,7044,1759,47,74,
32766,7057,1772,47,83,
32766,7036,1741,40,49,
32766,7037,1784,76,67,
32766,7015,1764,51,65,
32766,7023,1779,68,62,
32766,7029,1758,61,70,
32766,7033,1783,68,76,
32766,7051,1759,57,59,
32766,7040,1768,54,65,
32766,7031,1762,62,71,
32766,7041,1773,60,65,
32766,7048,1742,73,74,
32766,7032,1781,37,81,
32766,7068,1757,62,59,
32766,7074,1765,36,83,
32766,7085,1769,46,81,
32766,7083,1804,73,99,
32766,7116,1759,58,87,
32766,7107,1761,51,61,
32766,7089,1758,61,70,
32766,7096,1777,55,60,
32766,7096,1766,58,57,
32766,7111,1762,63,79,
32766,7103,1769,52,69,
32766,7108,1769,55,75,
32766,7109,1767,56,72,
32766,7115,1766,47,44,
32766,7142,1762,44,81,
32766,7131,1757,68,56,
32766,7135,1768,76,44,
32766,7148,1775,35,92,
32766,7140,1750,53,42,
32766,7142,1765,42,92,
32766,7141,1762,51,65,
32766,7170,1767,38,81,
32766,7157,1753,37,48,
32766,7172,1767,61,55,
32766,7188,1775,41,69,
32766,7173,1771,66,77,
32766,7199,1762,43,64,
32766,7205,1784,64,59,
32766,7206,1758,71,43,
32766,7230,1748,37,75,
32766,7263,1755,75,70,
32766,7247,1787,91,45,
32766,7281,1786,54,85,
32766,7277,1787,29,81,
32766,7293,1809,50,86,
32766,7281,1759,61,70,
32766,7266,1768,59,72,
32766,7266,1785,54,73,
32766,7245,1767,47,84,
32766,7249,1792,64,73,
32766,7237,1767,49,51,
32766,7222,1776,43,68,
32766,7223,1772,53,62,
32766,7213,1792,46,80,
32766,7219,1745,61,68,
32766,7200,1770,33,90,
32766,7182,1784,81,73,
32766,7182,1782,58,67,
32766,7181,1780,53,69,
32766,7231,1754,34,74,
32766,7201,1744,71,83,
32766,7195,1755,55,69,
32766,7193,1772,53,70,
32766,7204,1791,64,75,
32766,7203,1762,45,74,
32766,7206,1770,31,72,
32766,7233,1773,63,83,
32766,7234,1780,45,64,
32766,7241,1782,29,47,
32766,7251,1763,19,68,
32766,7216,1794,53,76,
32766,7267,1766,46,96,
32766,7240,1777,49,77,
32766,7225,1761,46,43,
32766,7224,1789,45,77,
32766,7229,1779,63,94,
32766,7221,1770,40,70,
32766,7217,1770,42,84,
32766,7213,1764,64,78,
32766,7213,1770,47,66,
32766,7208,1765,69,62,
32766,7215,1763,64,79,
32766,7226,1770,65,81,
32766,7229,1759,46,58,
32766,7225,1764,78,51,
32766,7237,1752,45,94,
32766,7205,1768,42,64,
32766,7231,1785,56,87,
32766,7222,1790,67,66,
32766,7227,1783,40,87,
32766,7224,1780,40,90,
32766,7217,1761,55,63,
32766,7220,1768,51,66,
32766,7219,1779,46,61,
32766,7234,1760,69,74,
32766,7221,1764,46,67,
32766,7220,1769,43,63,
32766,7200,1762,37,54,
32766,7230,1765,64,72,
32766,7221,1751,42,63,
32766,7184,1771,54,82,
32766,7234,1793,58,58,
32766,7224,1762,54,71,
32766,7203,1774,55,83,
32766,7183,1781,19,94,
32766,7190,1766,95,69,
32766,7183,1747,54,61,
32766,7162,1761,54,78,
32766,7159,1777,47,75,
32766,7161,1758,40,75,
32766,7150,1779,55,96,
32766,7164,1759,54,72,
32766,7169,1781,57,68,
32766,7190,1765,44,73,
32766,7215,1742,59,74,
32766,7228,1751,54,71,
32766,7213,1752,42,77,
32766,7237,1766,71,51,
32766,7252,1761,71,62,
32766,7246,1814,39,84,
32766,7255,1769,40,51,
32766,7290,1748,69,58,
32766,7278,1767,60,79,
32766,7278,1771,59,69,
32766,7298,1764,39,60,
32766,7287,1773,49,60,
32766,7309,1767,43,68,
32766,7315,1780,45,68,
32766,7318,1774,56,84,
32766,7314,1760,78,66,
32766,7337,1773,56,85,
32766,7307,1769,91,69,
32766,7316,1770,37,87,
32766,7284,1763,32,60,
32766,7281,1780,25,84,
32766,7280,1760,57,59,
32766,7244,1762,49,77,
32766,7241,1774,57,89,
32766,7222,1766,38,76,
32766,7221,1762,34,65,
32766,7215,1775,55,78,
32766,7193,1764,56,83,
32766,7189,1764,54,59,
32766,7178,1758,53,69,
32766,7182,1772,46,74,
32766,7204,1769,66,77,
32766,7181,1775,60,60,
32766,7196,1754,32,87,
32766,7200,1768,34,100,
32766,7225,1742,67,50,
32766,7238,1786,71,114,
32766,7231,1756,42,66,
32766,7236,1769,49,55,
32766,7238,1762,50,74,
32766,7239,1759,47,81,
32766,7246,1757,48,68,
32766,7243,1757,44,66,
32766,7249,1778,80,82,
32766,7224,1775,71,63,
32766,7225,1772,51,64,
32766,7211,1738,69,73,
32766,7215,1764,62,81,
32766,7220,1770,72,60,
32766,7185,1756,56,65,
32766,7177,1775,34,78,
32766,7169,1784,83,57,
32766,7172,1729,69,56,
32766,7164,1756,75,76,
32766,7163,1758,60,67,
32766,7164,1761,60,73,
32766,7170,1763,66,71,
32766,7148,1760,51,67,
32766,7164,1772,58,67,
32766,7190,1771,64,85,
32766,7160,1782,50,73,
32766,7149,1769,50,65,
32766,7166,1745,38,77,
32766,7170,1776,34,69,
32766,7174,1752,57,84,
32766,7164,1767,44,73,
32766,7154,1763,64,71,
32766,7149,1796,79,77,
32766,7168,1759,55,72,
32766,7171,1753,44,74,
32766,7156,1761,55,60,
32766,7162,1789,69,78,
32766,7170,1756,50,76,
32766,7168,1765,48,69,
32766,7182,1765,65,64,
32766,7158,1769,43,62,
32766,7180,1749,44,79,
32766,7189,1768,58,101,
32766,7184,1759,53,83,
32766,7170,1756,59,73,
32766,7161,1767,72,85,
32766,7170,1732,16,64,
32766,7160,1780,56,58,
32766,7141,1747,67,65,
32766,7147,1746,52,77,
32766,7116,1755,49,75,
32766,7127,1758,56,57,
32766,7106,1763,50,74,
32766,7110,1753,64,62,
32766,7092,1752,63,65,
32766,7096,1777,67,73,
32766,7114,1754,64,43,
32766,7096,1770,48,76,
32766,7080,1776,45,47,
32766,7088,1762,53,46,
32766,7100,1751,48,52,
32766,7122,1773,51,87,
32766,7117,1750,49,88,
32766,7125,1735,51,43,
32766,7108,1763,38,72,
32766,7104,1758,47,66,
32766,7118,1757,67,66,
32766,7116,1770,59,62,
32766,7124,1775,68,64,
32766,7111,1753,43,85,
32766,7135,1750,86,55,
32766,7115,1743,65,51,
32766,7125,1764,51,97,
32766,7144,1757,63,65,
32766,7110,1776,82,57,
32766,7135,1754,79,57,
32766,7137,1753,16,107,
32766,7120,1752,56,72,
32766,7082,1749,65,78,
32766,7098,1753,47,71,
32766,7082,1746,47,76,
32766,7084,1738,52,82,
32766,7077,1748,53,79,
32766,7057,1755,56,87,
32766,7061,1769,38,87,
32766,7076,1761,44,84,
32766,7092,1764,52,61,
32766,7089,1760,42,92,
32766,7069,1788,61,69,
32766,7097,1731,41,64,
32766,7094,1742,54,58,
32766,7063,1787,49,67,
32766,7097,1749,54,72,
32766,7048,1751,42,83,
32766,7056,1758,60,67,
32766,7034,1742,56,75,
32766,7025,1756,60,75,
32766,7006,1736,66,85,
32766,6971,1740,48,74,
32766,6943,1741,63,65,
32766,6934,1728,56,64,
32766,6913,1735,56,65,
32766,6888,1714,64,77,
32766,6888,1751,87,60,
32766,6862,1756,71,44,
32766,6839,1762,77,48,
32766,6840,1721,18,96,
32766,6853,1732,48,61,
32766,6834,1706,60,60,
32766,6834,1737,49,69,
32766,6816,1743,65,72,
32766,6812,1736,62,71,
32766,6806,1741,56,56,
32766,6803,1721,54,77,
32766,6784,1726,53,66,
32766,6765,1721,45,71,
32766,6771,1717,39,81,
32766,6757,1714,34,71,
32766,6760,1733,51,72,
32766,6742,1750,67,67,
32766,6755,1728,72,72,
32766,6763,1736,33,69,
32766,6739,1729,63,67,
32766,6755,1735,71,60,
32766,6765,1719,39,71,
32766,6764,1747,63,69,
32766,6767,1719,59,79,
32766,6755,1738,48,73,
32766,6754,1736,64,86,
32766,6743,1719,59,65,
32766,6752,1705,61,66,
32766,6742,1723,52,61,
32766,6708,1755,54,79,
32766,6767,1740,70,45,
32766,6731,1728,48,81,
32766,6734,1721,63,55,
32766,6765,1740,65,59,
32766,6709,1731,82,47,
32766,6737,1722,59,58,
32766,6753,1720,57,73,
32766,6776,1721,46,61,
32766,6761,1721,52,76,
32766,6746,1715,46,67,
32766,6766,1724,44,68,
32766,6767,1734,64,84,
32766,6755,1730,39,64,
32766,6748,1713,49,70,
32766,6760,1727,26,81,
32766,6765,1720,60,77,
32766,6760,1731,47,75,
32766,6813,1725,60,60,
32766,6797,1722,74,75,
32766,6795,1714,45,53,
32766,6814,1725,60,77,
32766,6813,1720,46,61,
32766,6812,1732,40,77,
32766,6805,1735,54,66,
32766,6793,1726,46,53,
32766,6805,1737,50,78,
32766,6806,1724,53,65,
32766,6805,1722,65,74,
32766,6810,1725,43,61,
32766,6814,1716,60,94,
32766,6846,1757,81,67,
32766,6836,1719,37,69,
32766,6864,1730,54,67,
32766,6878,1744,58,63,
32766,6848,1717,50,51,
32766,6840,1764,74,72,
32766,6872,1748,60,86,
32766,6887,1727,42,75,
32766,6886,1741,58,65,
32766,6905,1735,47,64,
32766,6920,1741,45,74,
32766,6921,1745,49,76,
32766,6946,1730,59,78,
32766,6929,1736,60,43,
32766,6952,1753,22,72,
32766,6918,1742,57,76,
32766,6973,1739,47,52,
32766,6909,1747,64,62,
32766,6911,1742,51,73,
32766,6900,1744,46,55,
32766,6928,1714,63,67,
32766,6863,1731,36,51,
32766,6858,1741,41,66,
32766,6845,1742,61,67,
32766,6843,1724,42,57,
32766,6826,1726,55,82,
32766,6785,1744,63,67,
32766,6766,1737,37,82,
32766,6705,1710,63,69,
32766,6672,1735,44,80,
32766,6592,1737,67,54,
32766,6548,1723,58,62,
32766,6510,1705,45,86,
32766,6467,1702,43,55,
32766,6477,1701,64,76,
32766,6455,1678,33,71,
32766,6475,1715,69,74,
32766,6456,1697,69,59,
32766,6438,1691,45,69,
32766,6436,1687,57,77,
32766,6408,1692,67,57,
32766,6398,1704,46,74,
32766,6367,1693,41,75,
32766,6309,1690,41,69,
32766,6262,1675,34,55,
32766,6240,1667,35,67,
32766,6204,1690,42,40,
32766,6127,1659,80,54,
32766,6074,1670,57,67,
32766,6071,1657,55,83,
32766,6046,1643,70,66,
32766,6046,1689,43,79,
32766,6014,1657,59,60,
32766,6009,1649,47,81,
32766,5976,1646,38,74,
32766,5975,1660,46,74,
32766,5973,1652,38,72,
32766,5969,1648,58,59,
32766,5971,1642,66,62,
32766,5986,1632,47,82,
32766,6002,1644,70,62,
32766,6016,1655,41,72,
32766,6019,1657,70,66,
32766,6072,1649,46,74,
32766,6103,1681,48,77,
32766,6110,1670,81,73,
32766,6147,1673,60,73,
32766,6157,1680,51,78,
32766,6167,1661,45,66,
32766,6192,1679,43,68,
32766,6212,1658,46,68,
32766,6223,1668,49,77,
32766,6262,1681,51,58,
32766,6261,1666,43,60,
32766,6280,1692,67,70,
32766,6299,1648,48,62,
32766,6283,1689,46,86,
32766,6305,1653,47,92,
32766,6324,1664,48,69,
32766,6308,1678,54,74,
32766,6285,1656,80,81,
32766,6272,1671,57,72,
32766,6249,1657,49,86,
32766,6218,1664,31,71,
32766,6204,1653,46,81,
32766,6180,1663,64,76,
32766,6158,1671,53,74,
32766,6129,1669,73,64,
32766,6147,1655,53,79,
32766,6112,1669,57,77,
32766,6095,1672,46,69,
32766,6123,1634,55,84,
32766,6086,1657,53,49,
32766,6108,1672,53,79,
32766,6104,1642,69,48,
32766,6120,1647,27,78,
32766,6111,1628,34,29,
32766,6066,1670,40,92,
32766,6071,1654,52,81,
32766,6063,1645,56,65,
32766,6054,1673,57,73,
32766,6054,1654,52,86,
32766,6050,1649,64,63,
32766,6044,1665,57,67,
32766,6058,1651,55,55,
32766,6056,1647,24,62,
32766,6006,1673,61,35,
32766,6027,1650,49,63,
32766,5982,1649,43,64,
32766,5993,1615,40,79,
32766,5952,1638,2,62,
32766,5974,1622,46,55,
32766,5961,1641,71,72,
32766,5952,1642,55,56,
32766,5950,1638,47,67,
32766,5954,1635,47,68,
32766,5955,1622,51,69,
32766,5935,1647,40,79,
32766,5947,1635,49,72,
32766,5950,1640,52,85,
32766,5945,1661,50,28,
32766,5976,1662,34,79,
32766,5964,1643,26,94,
32766,5968,1615,48,65,
32766,5959,1623,46,68,
32766,5997,1615,37,55,
32766,5993,1609,48,65,
32766,5954,1645,38,70,
32766,5977,1642,63,49,
32766,5984,1634,67,62,
32766,5987,1628,55,65,
32766,5980,1641,62,59,
32766,5979,1632,48,59,
32766,5963,1648,55,73,
32766,5970,1644,59,71,
32766,5979,1644,49,61,
32766,5961,1629,61,62,
32766,6002,1657,65,33,
32766,6015,1625,76,60,
32766,6010,1627,54,72,
32766,6006,1647,87,62,
32766,5998,1610,46,43,
32766,6017,1664,54,76,
32766,5994,1647,55,75,
32766,6008,1646,59,69,
32766,6000,1632,51,75,
32766,6015,1639,46,76,
32766,5997,1627,40,69,
32766,6006,1645,53,78,
32766,5993,1629,52,79,
32766,5991,1645,52,75,
32766,5995,1643,98,48,
32766,5955,1667,68,55,
32766,5994,1625,41,96,
32766,5915,1625,48,51,
32766,5921,1643,51,73,
32766,5878,1647,69,66,
32766,5844,1606,64,50,
32766,5883,1622,63,75,
32766,5856,1619,40,57,
32766,5833,1629,51,51,
32766,5847,1612,47,80,
32766,5832,1640,50,77,
32766,5825,1625,62,62,
32766,5828,1625,58,70,
32766,5826,1628,53,65,
32766,5813,1603,29,78,
32766,5838,1596,33,82,
32766,5814,1609,73,39,
32766,5858,1628,62,67,
32766,5818,1654,59,64,
32766,5821,1597,50,38,
32766,5830,1628,65,70,
32766,5835,1648,64,81,
32766,5850,1635,51,75,
32766,5867,1636,53,74,
32766,5853,1593,44,61,
32766,5874,1627,41,75,
32766,5876,1620,59,70,
32766,5876,1616,43,69,
32766,5910,1628,46,77,
32766,5887,1603,48,78,
32766,5918,1639,52,72,
32766,5901,1663,62,66,
32766,5973,1625,59,48,
32766,6008,1632,18,56,
32766,6029,1629,55,110,
32766,5990,1639,55,76,
32766,6035,1639,31,84,
32766,6035,1630,40,59,
32766,6064,1633,50,76,
32766,6061,1636,52,80,
32766,6081,1629,54,62,
32766,6084,1638,60,76,
32766,6119,1643,81,52,
32766,6102,1641,49,72,
32766,6131,1625,58,64,
32766,6104,1649,60,83,
32766,6160,1643,60,40,
32766,6139,1643,54,75,
32766,6120,1662,46,83,
32766,6158,1657,22,88,
32766,6156,1621,50,25,
32766,6194,1649,44,75,
32766,6184,1650,48,62,
32766,6219,1640,58,71,
32766,6222,1658,41,69,
32766,6266,1646,46,74,
32766,6272,1663,59,80,
32766,6306,1652,58,56,
32766,6345,1671,45,71,
32766,6363,1651,42,85,
32766,6415,1656,54,63,
32766,6407,1701,87,50,
32766,6451,1684,55,90,
32766,6495,1661,53,87,
32766,6533,1698,67,70,
32766,6554,1654,35,49,
32766,6547,1652,45,67,
32766,6578,1680,40,75,
32766,6572,1675,37,65,
32766,6582,1670,63,73,
32766,6579,1675,47,78,
32766,6575,1676,54,74,
32766,6572,1675,38,68,
32766,6572,1663,40,71,
32766,6591,1705,32,49,
32766,6577,1692,34,66,
32766,6553,1699,87,23,
32766,6562,1681,61,48,
32766,6561,1670,47,89,
32766,6562,1718,51,93,
32766,6521,1671,71,37,
32766,6539,1669,38,114,
32766,6502,1693,62,71,
32766,6486,1682,52,66,
32766,6486,1671,71,77,
32766,6460,1666,70,76,
32766,6451,1665,52,75,
32766,6434,1668,52,61,
32766,6421,1660,47,51,
32766,6423,1662,59,50,
32766,6400,1634,65,57,
32766,6381,1665,22,87,
32766,6377,1677,56,62,
32766,6390,1665,50,63,
32766,6411,1690,77,82,
32766,6358,1673,65,64,
32766,6370,1659,53,32,
32766,6399,1661,42,66,
32766,6408,1657,61,63,
32766,6388,1664,42,65,
32766,6359,1666,64,64,
32766,6358,1672,62,74,
32766,6305,1656,50,79,
32766,6250,1672,59,61,
32766,6225,1649,74,70,
32766,6158,1646,71,55,
32766,6205,1649,43,56,
32766,6139,1621,58,61,
32766,6105,1644,44,65,
32766,6054,1631,47,84,
32766,6081,1641,34,106,
32766,6043,1654,67,80,
32766,6030,1632,61,59,
32766,6041,1632,62,76,
32766,6049,1637,52,76,
32766,6078,1648,56,77,
32766,6088,1641,76,74,
32766,6087,1628,56,66,
32766,6088,1631,50,71,
32766,6065,1651,44,82,
32766,6049,1643,55,85,
32766,6010,1621,36,75,
32766,5990,1625,37,103,
32766,5975,1615,44,82,
32766,5910,1624,68,56,
32766,5935,1620,20,99,
32766,5932,1602,54,51,
32766,5883,1630,55,87,
32766,5898,1604,52,64,
32766,5890,1629,38,75,
32766,5852,1640,59,67,
32766,5859,1615,60,82,
32766,5866,1616,45,71,
32766,5887,1623,50,56,
32766,5889,1615,47,83,
32766,5924,1609,75,63,
32766,5920,1616,12,108,
32766,5952,1608,66,17,
32766,5949,1615,58,61,
32766,5970,1658,66,87,
32766,6000,1631,59,84,
32766,6000,1650,62,77,
32766,6034,1647,58,73,
32766,6062,1618,50,65,
32766,6059,1646,38,58,
32766,6118,1627,43,65,
32766,6136,1655,50,81,
32766,6157,1647,55,68,
32766,6205,1656,57,68,
32766,6254,1643,42,60,
32766,6263,1659,54,43,
32766,6309,1648,45,39,
32766,6310,1664,60,94,
32766,6309,1663,48,46,
32766,6281,1665,75,68,
32766,6307,1655,37,87,
32766,6307,1608,70,46,
32766,6293,1620,44,54,
32766,6320,1648,57,78,
32766,6335,1646,56,73,
32766,6343,1654,59,64,
32766,6351,1653,54,75,
32766,6415,1655,49,61,
32766,6460,1661,39,78,
32766,6522,1667,46,66,
32766,6577,1663,22,81,
32766,6614,1681,22,112,
32766,6708,1668,66,56,
32766,6732,1697,58,74,
32766,6734,1702,46,70,
32766,6804,1680,19,78,
32766,6786,1697,76,54,
32766,6805,1678,43,62,
32766,6815,1689,62,83,
32766,6787,1687,46,74,
32766,6812,1685,40,77,
32766,6779,1682,29,58,
32766,6815,1679,52,79,
32766,6822,1694,56,64,
32766,6861,1687,64,86,
32766,6902,1679,44,54,
32766,6933,1684,58,76,
32766,6957,1691,33,90,
32766,7004,1692,85,62,
32766,7027,1707,39,86,
32766,7040,1706,48,85,
32766,7090,1709,46,94,
32766,7077,1722,86,69,
32766,7059,1715,64,70,
32766,7064,1719,59,75,
32766,7026,1700,60,76,
32766,7036,1723,56,79,
32766,7039,1702,45,71,
32766,7013,1714,57,65,
32766,7007,1704,36,60,
32766,6997,1705,63,70,
32766,6983,1701,83,74,
32766,6998,1706,71,108,
32766,7029,1711,67,78,
32766,7013,1714,60,75,
32766,7013,1718,58,90,
32766,6995,1702,83,20,
32766,7025,1699,36,66,
32766,7041,1719,74,79,
32766,7041,1699,43,81,
32766,7054,1720,48,63,
32766,7054,1696,64,74,
32766,7053,1695,50,73,
32766,7046,1710,46,68,
32766,7039,1704,51,75,
32766,7044,1710,41,61,
32766,7024,1704,54,63,
32766,7039,1682,40,103,
32766,6989,1710,67,67,
32766,7032,1706,54,88,
32766,7049,1708,56,74,
32766,7059,1703,39,78,
32766,7090,1695,4,42,
32766,7103,1711,60,81,
32766,7131,1715,70,60,
32766,7164,1710,61,68,
32766,7200,1721,60,65,
32766,7217,1712,39,71,
32766,7228,1722,73,53,
32766,7235,1714,66,48,
32766,7255,1711,44,69,
32766,7263,1734,53,68,
32766,7261,1717,31,87,
32766,7251,1733,73,36,
32766,7270,1712,53,61,
32766,7306,1705,7,70,
32766,7304,1748,51,76,
32766,7321,1752,62,76,
32766,7322,1728,50,59,
32766,7342,1731,53,72,
32766,7362,1720,58,80,
32766,7364,1725,52,61,
32766,7377,1719,40,75,
32766,7395,1741,53,64,
32766,7377,1734,55,73,
32766,7382,1736,56,62,
32766,7358,1724,46,82,
32766,7339,1732,24,96,
32766,7320,1710,67,58,
32766,7292,1744,67,68,
32766,7279,1719,51,70,
32766,7317,1745,36,99,
32766,7305,1723,52,71,
32766,7263,1715,51,55,
32766,7299,1735,74,60,
32766,7313,1748,47,90,
32766,7331,1754,47,78,
32766,7348,1732,56,79,
32766,7363,1742,50,73,
32766,7385,1742,45,62,
32766,7374,1734,48,59,
32766,7390,1751,47,89,
32766,7382,1749,58,63,
32766,7397,1739,76,67,
32766,7416,1718,52,63,
32766,7421,1731,38,62,
32766,7388,1737,64,50,
32766,7406,1718,22,70,
32766,7403,1743,32,75,
32766,7433,1740,52,71,
32766,7404,1733,66,78,
32766,7425,1745,47,63,
32766,7424,1746,49,58,
32766,7433,1742,58,85,
32766,7431,1736,48,64,
32766,7432,1753,56,77,
32766,7417,1743,54,87,
32766,7404,1758,68,81,
32766,7399,1731,72,66,
32766,7371,1720,18,80,
32766,7378,1762,72,75,
32766,7371,1730,83,64,
32766,7375,1737,74,73,
32766,7329,1744,43,68,
32766,7339,1748,51,69,
32766,7362,1747,58,70,
32766,7368,1726,43,76,
32766,7371,1734,47,63,
32766,7366,1723,65,72,
32766,7369,1721,46,72,
32766,7365,1738,57,76,
32766,7377,1725,60,74,
32766,7359,1732,52,58,
32766,7333,1781,59,55,
32766,7351,1737,89,69,
32766,7324,1759,63,48,
32766,7343,1752,51,106,
32766,7288,1755,68,56,
32766,7297,1751,41,85,
32766,7327,1739,44,70,
32766,7292,1727,46,57,
32766,7273,1741,41,88,
32766,7280,1747,63,86,
32766,7277,1724,51,88,
32766,7280,1744,46,68,
32766,7277,1729,40,71,
32766,7291,1733,51,84,
32766,7275,1727,81,59,
32766,7283,1766,73,74,
32766,7306,1708,49,67,
32766,7329,1731,66,74,
32766,7302,1766,61,94,
32766,7352,1730,43,62,
32766,7360,1741,80,90,
32766,7355,1730,56,62,
32766,7390,1743,60,70,
32766,7403,1735,50,50,
32766,7431,1738,56,69,
32766,7453,1728,45,75,
32766,7459,1741,48,90,
32766,7472,1743,47,72,
32766,7481,1746,50,68,
32766,7520,1735,55,63,
32766,7529,1752,72,35,
32766,7542,1784,51,59,
32766,7572,1760,52,73,
32766,7614,1775,74,75,
32766,7649,1745,43,92,
32766,7601,1724,38,47,
32766,7631,1755,36,73,
32766,7620,1761,60,69,
32766,7602,1760,38,63,
32766,7572,1781,48,80,
32766,7574,1759,43,69,
32766,7543,1753,57,63,
32766,7552,1743,53,58,
32766,7526,1751,55,74,
32766,7526,1743,60,74,
32766,7524,1755,52,82,
32766,7496,1747,56,52,
32766,7505,1760,45,71,
32766,7529,1737,45,58,
32766,7546,1715,27,60,
32766,7516,1749,38,63,
32766,7563,1773,56,73,
32766,7576,1754,52,76,
32766,7593,1761,50,79,
32766,7627,1753,62,75,
32766,7657,1772,53,69,
32766,7681,1759,20,71,
32766,7716,1776,52,69,
32766,7747,1782,46,71,
32766,7779,1783,38,74,
32766,7816,1772,21,88,
32766,7915,1784,70,63,
32766,7950,1791,45,62,
32766,7930,1807,60,61,
32766,7942,1824,73,66,
32766,7992,1798,33,85,
32766,7990,1799,65,70,
32766,7876,1776,51,79,
32766,7904,1774,69,58,
32766,7912,1772,44,75,
32766,7887,1791,59,67,
32766,7827,1781,56,73,
32766,7772,1771,63,81,
32766,7718,1751,53,71,
32766,7675,1767,44,83,
32766,7632,1790,59,101,
32766,7650,1779,80,67,
32766,7616,1765,50,74,
32766,7632,1779,40,66,
32766,7658,1752,47,59,
32766,7689,1809,82,87,
32766,7691,1767,49,57,
32766,7718,1781,44,71,
32766,7753,1770,42,67,
32766,7756,1789,58,69,
32766,7747,1772,60,69,
32766,7706,1760,60,73,
32766,7661,1768,54,59,
32766,7630,1763,53,62,
32766,7583,1780,54,62,
32766,7536,1760,55,49,
32766,7491,1759,24,90,
32766,7463,1757,37,87,
32766,7402,1737,43,53,
32766,7388,1721,58,39,
32766,7361,1769,51,52,
32766,7353,1750,73,69,
32766,7341,1754,64,58,
32766,7280,1746,45,72,
32766,7257,1734,55,80,
32766,7192,1742,57,78,
32766,7197,1739,61,67,
32766,7211,1736,50,74,
32766,7204,1735,49,72,
32766,7219,1731,42,63,
32766,7200,1749,53,51,
32766,7201,1747,40,99,
32766,7201,1716,49,67,
32766,7195,1731,53,62,
32766,7229,1722,53,72,
32766,7252,1703,45,35,
32766,7251,1730,51,93,
32766,7230,1745,54,74,
32766,7249,1743,49,70,
32766,7270,1743,63,79,
32766,7294,1734,60,72,
32766,7284,1746,71,66,
32766,7287,1734,49,79,
32766,7328,1718,61,80,
32766,7325,1740,48,72,
32766,7367,1746,39,77,
32766,7374,1759,32,59,
32766,7346,1743,52,64,
32766,7377,1728,56,55,
32766,7401,1755,50,108,
32766,7402,1740,85,52,
32766,7375,1745,62,81,
32766,7394,1746,53,63,
32766,7409,1749,42,61,
32766,7420,1733,63,65,
32766,7416,1758,37,82,
32766,7411,1753,41,88,
32766,7438,1757,47,58,
32766,7436,1746,63,64,
32766,7419,1771,53,63,
32766,7429,1723,47,101,
32766,7416,1774,35,84,
32766,7459,1730,28,111,
32766,7442,1737,48,73,
32766,7433,1741,61,72,
32766,7402,1758,67,31,
32766,7416,1744,64,74,
32766,7425,1743,54,65,
32766,7444,1747,52,63,
32766,7460,1746,60,77,
32766,7476,1754,53,61,
32766,7480,1768,43,67,
32766,7509,1746,48,80,
32766,7514,1769,72,84,
32766,7554,1761,39,51,
32766,7563,1743,55,69,
32766,7587,1747,25,77,
32766,7600,1786,72,87,
32766,7608,1769,55,65,
32766,7625,1742,47,53,
32766,7620,1761,36,70,
32766,7629,1781,50,89,
32766,7662,1760,66,69,
32766,7680,1765,60,86,
32766,7661,1771,53,64,
32766,7676,1758,52,69,
32766,7661,1779,44,82,
32766,7681,1760,46,51,
32766,7696,1763,43,83,
32766,7709,1778,57,62,
32766,7697,1749,45,88,
32766,7679,1774,71,73,
32766,7688,1764,42,72,
32766,7735,1766,32,81,
32766,7715,1791,33,81,
32766,7742,1758,10,88,
32766,7744,1770,52,59,
32766,7803,1762,69,74,
32766,7793,1789,47,70,
32766,7798,1772,76,67,
32766,7823,1772,42,65,
32766,7813,1786,51,55,
32766,7823,1761,60,71,
32766,7835,1779,50,83,
32766,7847,1809,56,63,
32766,7862,1739,68,76,
32766,7872,1801,52,63,
32766,7885,1789,27,119,
32766,7891,1768,36,48,
32766,7896,1797,53,55,
32766,7937,1787,37,70,
32766,7938,1792,46,90,
32766,7952,1780,68,70,
32766,7943,1792,71,70,
32766,7937,1781,64,68,
32766,7935,1790,50,77,
32766,7918,1785,49,76,
32766,7904,1779,57,66,
32766,7904,1788,60,72,
32766,7900,1779,47,92,
32766,7896,1778,44,64,
32766,7867,1776,54,74,
32766,7854,1803,53,62,
32766,7865,1782,47,76,
32766,7825,1808,69,77,
32766,7868,1783,60,78,
32766,7850,1800,49,83,
32766,7844,1760,39,76,
32766,7834,1782,56,84,
32766,7827,1783,46,74,
32766,7823,1782,54,76,
32766,7803,1773,58,57,
32766,7818,1786,50,70,
32766,7797,1779,53,82,
32766,7791,1782,58,68,
32766,7794,1778,43,48,
32766,7772,1792,15,69,
32766,7780,1793,81,68,
32766,7763,1786,52,86,
32766,7748,1806,48,69,
32766,7734,1760,38,43,
32766,7733,1772,8,64,
32766,7740,1777,67,61,
32766,7710,1782,54,75,
32766,7700,1780,45,80,
32766,7700,1777,62,82,
32766,7689,1775,60,75,
32766,7666,1770,66,63,
32766,7686,1765,47,70,
32766,7699,1775,61,69,
32766,7678,1767,63,56,
32766,7709,1765,54,37,
32766,7688,1764,67,37,
32766,7690,1784,71,50,
32766,7685,1758,64,60,
32766,7678,1753,56,59,
32766,7653,1786,47,35,
32766,7699,1763,33,68,
32766,7703,1777,45,82,
32766,7707,1771,49,66,
32766,7704,1776,65,75,
32766,7714,1784,71,80,
32766,7702,1771,45,72,
32766,7709,1782,59,59,
32766,7714,1774,38,70,
32766,7713,1781,39,37,
32766,7719,1748,54,34,
32766,7717,1782,82,84,
32766,7733,1748,45,67,
32766,7745,1774,72,76,
32766,7745,1759,62,44,
32766,7791,1766,66,50,
32766,7784,1760,42,83,
32766,7814,1781,57,58,
32766,7837,1772,46,73,
32766,7852,1776,49,71,
32766,7846,1787,45,72,
32766,7859,1775,50,71,
32766,7855,1775,53,77,
32766,7866,1786,49,68,
32766,7857,1775,62,51,
32766,7884,1792,59,78,
32766,7909,1750,61,20,
32766,7891,1782,55,87,
32766,7907,1776,40,75,
32766,7868,1803,51,68,
32766,7917,1779,62,71,
32766,7915,1764,25,60,
32766,7934,1781,49,85,
32766,7932,1788,67,73,
32766,7936,1791,57,69,
32766,7938,1798,58,66,
32766,7931,1788,48,63,
32766,7938,1783,62,67,
32766,7937,1794,59,90,
32766,7929,1800,43,70,
32766,7938,1831,54,67,
32766,7963,1755,31,97,
32766,7922,1799,52,73,
32766,7951,1783,57,69,
32766,7954,1761,56,78,
32766,7936,1787,61,92,
32766,7942,1775,24,85,
32766,7947,1785,63,84,
32766,7940,1791,61,82,
32766,7939,1784,55,65,
32766,7951,1797,59,60,
32766,7946,1795,51,68,
32766,7962,1793,62,71,
32766,7971,1784,58,77,
32766,7950,1776,67,82,
32766,7959,1786,41,96,
32766,7964,1782,57,77,
32766,7971,1815,76,81,
32766,7962,1789,62,74,
32766,7985,1771,26,99,
32766,7998,1749,58,57,
32766,7990,1807,61,59,
32766,7985,1780,70,63,
32766,7992,1810,49,66,
32766,8015,1793,58,55,
32766,8009,1792,64,78,
32766,7996,1796,66,71,
32766,8018,1802,49,74,
32766,8038,1807,55,72,
32766,8025,1788,67,78,
32766,8069,1763,53,89,
32766,8057,1790,73,61,
32766,8071,1786,49,50,
32766,8071,1794,51,91,
32766,8082,1810,50,96,
32766,8094,1774,44,89,
32766,8046,1801,65,67,
32766,8053,1805,57,79,
32766,8044,1810,46,75,
32766,8046,1791,41,80,
32766,8038,1793,40,60,
32766,8029,1810,67,78,
32766,7964,1795,41,71,
32766,7929,1790,53,76,
32766,7911,1775,33,75,
32766,7929,1810,50,76,
32766,7898,1822,44,60,
32766,7880,1793,32,76,
32766,7874,1789,47,67,
32766,7903,1779,21,79,
32766,7880,1775,39,63,
32766,7894,1787,58,69,
32766,7887,1782,47,79,
32766,7878,1786,52,60,
32766,7889,1801,55,78,
32766,7899,1788,62,61,
32766,7909,1781,47,62,
32766,7913,1780,58,67,
32766,7926,1789,49,75,
32766,7933,1780,38,60,
32766,7952,1809,73,55,
32766,7938,1767,60,63,
32766,7936,1800,50,52,
32766,7919,1775,60,63,
32766,7921,1796,68,87,
32766,7863,1791,19,55,
32766,7911,1783,32,104,
32766,7888,1783,47,71,
32766,7895,1795,49,81,
32766,7904,1774,73,66,
32766,7888,1800,53,61,
32766,7880,1781,59,73,
32766,7878,1793,62,67,
32766,7883,1781,59,77,
32766,7875,1795,39,87,
32766,7858,1799,42,64,
32766,7868,1790,29,102,
32766,7888,1781,46,74,
32766,7859,1798,59,52,
32766,7857,1770,81,36,
32766,7905,1767,44,91,
32766,7884,1776,74,55,
32766,7866,1802,48,77,
32766,7852,1782,58,86,
32766,7867,1792,41,80,
32766,7839,1792,44,68,
32766,7837,1783,54,63,
32766,7820,1767,50,71,
32766,7822,1792,53,70,
32766,7819,1792,59,73,
32766,7850,1763,38,88,
32766,7834,1776,43,84,
32766,7834,1787,40,71,
32766,7858,1777,65,72,
32766,7836,1793,62,62,
32766,7833,1794,46,60,
32766,7846,1772,87,48,
32766,7847,1780,49,74,
32766,7858,1772,53,63,
32766,7848,1771,49,66,
32766,7877,1805,53,80,
32766,7904,1805,57,72,
32766,7930,1784,47,50,
32766,7930,1795,46,70,
32766,7939,1788,57,62,
32766,7959,1810,46,87,
32766,7992,1817,52,59,
32766,7994,1793,67,49,
32766,8002,1789,53,70,
32766,8036,1773,62,53,
32766,8044,1804,86,103,
32766,8069,1779,51,57,
32766,8050,1781,51,64,
32766,8084,1800,64,67,
32766,8116,1808,62,77,
32766,8110,1819,53,75,
32766,8130,1796,59,66,
32766,8132,1808,51,74,
32766,8129,1800,62,73,
32766,8113,1811,46,79,
32766,8121,1802,50,84,
32766,8100,1797,47,79,
32766,8131,1797,40,80,
32766,8111,1818,64,54,
32766,8116,1800,34,66,
32766,8113,1810,45,46,
32766,8134,1790,42,82,
32766,8110,1808,62,80,
32766,8086,1810,55,73,
32766,8088,1796,54,61,
32766,8096,1799,65,73,
32766,8071,1803,57,93,
32766,8076,1803,64,92,
32766,8084,1805,55,82,
32766,8090,1802,76,67,
32766,8060,1816,77,57,
32766,8088,1828,75,39,
32766,8103,1779,75,60,
32766,8087,1805,60,91,
32766,8091,1808,52,59,
32766,8126,1781,32,96,
32766,8080,1792,48,72,
32766,8095,1796,60,85,
32766,8092,1809,57,69,
32766,8093,1793,47,61,
32766,8101,1806,61,70,
32766,8100,1806,42,78,
32766,8101,1803,49,55,
32766,8094,1800,60,60,
32766,8094,1801,53,79,
32766,8100,1814,39,87,
32766,8104,1792,59,61,
32766,8101,1803,77,72,
32766,8091,1796,68,67,
32766,8081,1811,67,59,
32766,8083,1829,57,83,
32766,8073,1813,65,77,
32766,8085,1818,55,59,
32766,8075,1812,49,74,
32766,8063,1817,55,81,
32766,8067,1789,49,69,
32766,8052,1811,68,67,
32766,8048,1788,47,65,
32766,8041,1801,64,74,
32766,8030,1793,44,76,
32766,8019,1782,57,61,
32766,8043,1778,88,65,
32766,8012,1780,69,71,
32766,7986,1808,42,62,
32766,7994,1791,56,78,
32766,7991,1804,46,46,
32766,7989,1790,61,94,
32766,7990,1806,50,71,
32766,8006,1794,43,74,
32766,7990,1792,53,55,
32766,7995,1792,45,84,
32766,7988,1792,58,63,
32766,7993,1808,59,82,
32766,7982,1806,51,75,
32766,8012,1785,58,66,
32766,7990,1796,39,78,
32766,8008,1786,67,55,
32766,8014,1773,60,39,
32766,8023,1808,45,87,
32766,8002,1815,57,67,
32766,8019,1804,74,93,
32766,8018,1811,66,46,
32766,8058,1797,42,51,
32766,8043,1802,50,60,
32766,8040,1798,55,73,
32766,8035,1797,40,66,
32766,8044,1808,56,63,
32766,8051,1786,47,71,
32766,8046,1789,60,72,
32766,8060,1805,64,72,
32766,8063,1816,63,75,
32766,8070,1790,36,83,
32766,8050,1827,60,93,
32766,8080,1780,51,74,
32766,8085,1803,59,63,
32766,8059,1796,53,55,
32766,8061,1816,78,57,
32766,8065,1803,51,60,
32766,8058,1805,49,80,
32766,8045,1805,53,78,
32766,8047,1797,41,61,
32766,8024,1801,56,72,
32766,8040,1807,45,66,
32766,8035,1796,56,59,
32766,8025,1806,66,70,
32766,8003,1812,46,72,
32766,7998,1793,49,71,
32766,8009,1804,57,90,
32766,7995,1817,97,63,
32766,8015,1796,54,87,
32766,8016,1783,48,41,
32766,8002,1810,54,81,
32766,7998,1796,33,81,
32766,7984,1813,41,89,
32766,7990,1792,48,71,
32766,7989,1790,45,71,
32766,7981,1784,46,75,
32766,7983,1815,55,62,
32766,7963,1798,51,62,
32766,7962,1790,50,73,
32766,7947,1798,40,57,
32766,7956,1787,64,49,
32766,7980,1792,35,59,
32766,7956,1751,22,89,
32766,7927,1795,50,59,
32766,7960,1772,35,83,
32766,7915,1809,63,48,
32766,7937,1820,49,88,
32766,7933,1806,49,61,
32766,7916,1787,51,64,
32766,7925,1797,37,84,
32766,7927,1803,67,72,
32766,7911,1804,62,59,
32766,7902,1799,59,68,
32766,7901,1797,49,73,
32766,7879,1805,52,83,
32766,7881,1758,42,67,
32766,7858,1764,37,86,
32766,7859,1793,61,76,
32766,7844,1794,46,83,
32766,7830,1805,58,70,
32766,7872,1783,66,85,
32766,7859,1802,58,86,
32766,7882,1800,46,68,
32766,7883,1796,58,66,
32766,7900,1802,54,65,
32766,7922,1801,56,79,
32766,7928,1815,47,74,
32766,7954,1789,59,59,
32766,7952,1805,65,66,
32766,7955,1802,68,63,
32766,7989,1774,40,70,
32766,7985,1826,36,81,
32766,7974,1799,55,66,
32766,7970,1800,76,49,
32766,7978,1818,53,91,
32766,7992,1787,44,92,
32766,8004,1792,57,82,
32766,7997,1804,45,62,
32766,8012,1798,65,66,
32766,8011,1792,56,68,
32766,8041,1797,53,79,
32766,8048,1803,53,84,
32766,8065,1782,57,70,
32766,8063,1818,51,78,
32766,8089,1790,44,73,
32766,8087,1793,67,41,
32766,8110,1775,47,54,
32766,8094,1816,42,85,
32766,8089,1828,60,73,
32766,8116,1782,70,70,
32766,8128,1774,34,52,
32766,8157,1788,57,51,
32766,8140,1811,40,81,
32766,8151,1801,59,60,
32766,8161,1810,55,73,
32766,8162,1823,44,84,
32766,8170,1807,47,74,
32766,8188,1796,54,68,
32766,8170,1827,51,65,
32766,8168,1815,62,91,
32766,8168,1804,40,32,
32766,8160,1805,28,82,
32766,8134,1831,72,64,
32766,8099,1809,61,65,
32766,8102,1831,91,61,
32766,8104,1782,32,79,
32766,8091,1818,101,83,
32766,8057,1807,43,65,
32766,8066,1795,69,54,
32766,8061,1795,53,67,
32766,8046,1799,50,76,
32766,8043,1802,44,67,
32766,8035,1790,55,69,
32766,8029,1804,60,80,
32766,8025,1796,55,53,
32766,8013,1805,39,77,
32766,8015,1821,38,73,
32766,8006,1796,52,60,
32766,8019,1796,44,80,
32766,8009,1798,61,46,
32766,7993,1795,61,52,
32766,8020,1785,84,81,
32766,7998,1817,60,77,
32766,7988,1782,44,65,
32766,7976,1786,55,59,
32766,7972,1792,58,87,
32766,7975,1779,46,61,
32766,7957,1797,48,62,
32766,7951,1800,57,64,
32766,7976,1819,65,73,
32766,7964,1804,67,60,
32766,7945,1834,34,69,
32766,7961,1798,66,49,
32766,7969,1782,52,81,
32766,7952,1792,41,86,
32766,7952,1782,62,36,
32766,7945,1781,56,40,
32766,7928,1815,58,74,
32766,7935,1799,51,74,
32766,7920,1799,63,59,
32766,7923,1807,54,75,
32766,7942,1797,61,58,
32766,7942,1808,80,81,
32766,7963,1792,57,77,
32766,7942,1796,48,48,
32766,7940,1791,57,83,
32766,7932,1795,70,90,
32766,7934,1813,63,110,
32766,7948,1779,38,56,
32766,7955,1796,68,72,
32766,7927,1776,37,58,
32766,7963,1775,61,64,
32766,7936,1804,45,83,
32766,7974,1796,54,70,
32766,7930,1796,41,63,
32766,7958,1789,34,55,
32766,7956,1793,58,63,
32766,7962,1789,48,80,
32766,7948,1787,52,93,
32766,7944,1779,38,77,
32766,7945,1796,65,61,
32766,7930,1821,49,85,
32766,7951,1781,75,41,
32766,7943,1810,66,76,
32766,7950,1805,68,71,
32766,7941,1795,34,90,
32766,7979,1803,103,97,
32766,7950,1806,64,54,
32766,7976,1794,51,74,
32766,7976,1793,54,75,
32766,7998,1790,66,78,
32766,8003,1804,57,81,
32766,8008,1795,41,86,
32766,8018,1799,51,72,
32766,8020,1795,58,76,
32766,8037,1804,67,81,
32766,8037,1779,81,87,
32766,8062,1826,37,61,
32766,8067,1783,60,69,
32766,8067,1795,63,63,
32766,8070,1860,89,93,
32766,8081,1775,70,36,
32766,8078,1821,50,72,
32766,8108,1812,52,78,
32766,8121,1800,65,76,
32766,8123,1804,53,65,
32766,8116,1804,55,63,
32766,8127,1807,49,62,
32766,8117,1817,56,64,
32766,8136,1813,64,85,
32766,8126,1823,38,83,
32766,8135,1793,77,66,
32766,8144,1797,60,71,
32766,8142,1810,67,54,
32766,8131,1799,37,74,
32766,8118,1780,64,23,
32766,8145,1808,41,69,
32766,8152,1824,46,72,
32766,8140,1817,59,70,
32766,8134,1805,58,80,
32766,8145,1813,59,89,
32766,8128,1809,51,74,
32766,8125,1808,45,49,
32766,8126,1824,47,76,
32766,8113,1804,42,74,
32766,8110,1808,44,43,
32766,8108,1805,66,60,
32766,8115,1801,63,65,
32766,8075,1811,24,79,
32766,8073,1806,59,65,
32766,8097,1810,52,87,
32766,8089,1790,45,70,
32766,8169,1803,46,78,
32766,8197,1814,50,76,
32766,8229,1824,61,94,
32766,8272,1822,65,73,
32766,8288,1817,46,83,
32766,8297,1802,63,68,
32766,8277,1823,52,80,
32766,8263,1822,50,60,
32766,8249,1816,48,57,
32766,8232,1801,71,78,
32766,8207,1827,83,83,
32766,8211,1774,35,65,
32766,8165,1802,51,83,
32766,8179,1814,93,58,
32766,8148,1808,58,80,
32766,8146,1821,50,84,
32766,8113,1807,54,75,
32766,8111,1790,65,75,
32766,8099,1815,69,74,
32766,8071,1800,56,77,
32766,8038,1805,49,74,
32766,8022,1812,59,62,
32766,8002,1806,60,65,
32766,7984,1811,57,50,
32766,8004,1770,32,91,
32766,8002,1803,61,58,
32766,7995,1800,63,98,
32766,7981,1805,63,53,
32766,7986,1799,33,75,
32766,7987,1825,62,93,
32766,7981,1801,82,43,
32766,7999,1791,45,80,
32766,8113,1804,56,65,
32766,8542,1845,48,74,
32766,9376,1890,53,57,
32766,10273,1943,42,68,
32766,10962,1987,57,64,
32766,11332,2053,35,84,
32766,11285,2050,67,73,
32766,11221,2066,52,79,
32766,11242,2067,81,77,
32766,11457,2095,52,80,
32766,11674,2151,56,75,
32766,11860,2239,71,115,
32766,11975,2233,59,78,
32766,12047,2248,67,57,
32766,12036,2285,50,73,
32766,11925,2296,55,65,
32766,11714,2309,66,71,
32766,11460,2297,65,92,
32766,11217,2277,65,72,
32766,11021,2262,67,79,
32766,10869,2256,68,84,
32766,10713,2225,61,93,
32766,10598,2243,48,59,
32766,10459,2224,61,73,
32766,10291,2198,74,60,
32766,10078,2138,62,87,
32766,9744,2115,66,81,
32766,9454,2016,45,72,
32766,9102,1964,84,79,
32766,8718,1922,68,78,
32766,8572,1918,56,87,
32766,8428,1886,74,63,
32766,8156,1851,49,58,
32766,7909,1825,53,60,
32766,7643,1803,53,63,
32766,7352,1759,53,65,
32766,7034,1725,47,46,
32766,6700,1708,73,32,
32766,6455,1703,49,48,
32766,6282,1639,48,88,
32766,6163,1652,45,85,
32766,6033,1609,28,69,
32766,5913,1630,70,76,
32766,5858,1635,51,84,
32766,5754,1616,61,63,
32766,5737,1620,33,100,
32766,5715,1602,56,51,
32766,5680,1570,49,68,
32766,5658,1587,46,90,
32766,5645,1595,51,61,
32766,5660,1601,49,74,
32766,5651,1597,36,66,
32766,5665,1597,72,60,
32766,5654,1610,33,71,
32766,5664,1588,33,64,
32766,5657,1593,53,67,
32766,5665,1580,55,61,
32766,5648,1589,72,64,
32766,5665,1582,79,97,
32766,5671,1595,48,71,
32766,5678,1590,67,75,
32766,5721,1586,47,69,
32766,5709,1582,61,74,
32766,5733,1583,43,79,
32766,5728,1590,51,83,
32766,5740,1587,58,60,
32766,5734,1585,50,70,
32766,5747,1552,60,67,
32766,5760,1586,20,86,
32766,5751,1573,52,41,
32766,5736,1572,37,85,
32766,5714,1550,58,67,
32766,5691,1600,43,67,
32766,5694,1544,70,34,
32766,5679,1589,47,65,
32766,5700,1584,46,86,
32766,5703,1581,29,91,
32766,5717,1578,56,81,
32766,5695,1576,52,69,
32766,5705,1593,49,75,
32766,5693,1593,61,65,
32766,5692,1590,63,61,
32766,5717,1607,49,64,
32766,5737,1605,85,85,
32766,5772,1606,37,72,
32766,5825,1597,42,63,
32766,5849,1585,24,69,
32766,5828,1614,82,73,
32766,5861,1582,36,62,
32766,5889,1602,45,72,
32766,5907,1609,58,70,
32766,5941,1609,22,89,
32766,5966,1603,55,57,
32766,5978,1617,33,70,
32766,6008,1623,43,90,
32766,6043,1616,42,71,
32766,6079,1611,52,69,
32766,6113,1637,65,56,
32766,6094,1637,45,64,
32766,6146,1601,71,63,
32766,6189,1611,51,59,
32766,6204,1618,51,67,
32766,6237,1622,62,60,
32766,6243,1639,52,53,
32766,6292,1652,42,96,
32766,6277,1639,29,59,
32766,6289,1642,57,72,
32766,6280,1653,38,55,
32766,6304,1643,52,76,
32766,6299,1632,58,79,
32766,6294,1636,30,65,
32766,6309,1630,32,64,
32766,6299,1636,33,62,
32766,6258,1668,72,87,
32766,6282,1660,62,39,
32766,6307,1678,54,85,
32766,6323,1647,35,79,
32766,6328,1652,25,57,
32766,6331,1647,20,69,
32766,6347,1656,98,82,
32766,6334,1649,47,67,
32766,6359,1649,52,63,
32766,6369,1648,66,72,
32766,6385,1651,57,51,
32766,6391,1648,55,83,
32766,6407,1655,45,77,
32766,6403,1655,60,69,
32766,6397,1620,68,67,
32766,6387,1648,91,70,
32766,6405,1629,66,94,
32766,6366,1641,62,56,
32766,6376,1617,27,84,
32766,6360,1627,59,58,
32766,6356,1642,31,46,
32766,6377,1621,27,87,
32766,6387,1656,47,67,
32766,6394,1651,62,63,
32766,6421,1649,50,96,
32766,6423,1652,55,59,
32766,6413,1641,50,60,
32766,6404,1649,43,69,
32766,6390,1656,48,57,
32766,6400,1674,35,69,
32766,6430,1662,48,76,
32766,6452,1657,69,51,
32766,6456,1638,64,69,
32766,6466,1648,26,89,
32766,6472,1621,5,90,
32766,6494,1648,67,74,
32766,6466,1644,62,76,
32766,6479,1643,41,87,
32766,6475,1653,60,49,
32766,6465,1660,47,56,
32766,6481,1660,48,64,
32766,6480,1653,56,64,
32766,6491,1660,48,84,
32766,6475,1644,54,55,
32766,6491,1655,63,52,
32766,6492,1656,58,54,
32766,6464,1656,34,81,
32766,6466,1639,80,76,
32766,6461,1679,49,50,
32766,6448,1642,35,21,
32766,6435,1660,49,55,
32766,6428,1644,61,59,
32766,6434,1658,61,57,
32766,6398,1636,55,55,
32766,6394,1652,56,92,
32766,6356,1628,67,79,
32766,6311,1653,69,65,
32766,6287,1645,57,82,
32766,6268,1639,32,78,
32766,6215,1628,68,75,
32766,6145,1634,53,38,
32766,6153,1628,13,87,
32766,6110,1600,52,60,
32766,6096,1624,60,48,
32766,6079,1659,28,122,
32766,6054,1620,44,81,
32766,6030,1608,44,55,
32766,6040,1621,51,55,
32766,6043,1622,44,71,
32766,6038,1626,39,72,
32766,6076,1627,64,76,
32766,6070,1631,61,67,
32766,6080,1632,66,42,
32766,6112,1629,44,91,
32766,6127,1633,69,83,
32766,6140,1647,34,81,
32766,6169,1648,41,82,
32766,6177,1636,49,90,
32766,6233,1645,58,85,
32766,6243,1636,95,45,
32766,6262,1631,66,85,
32766,6271,1655,56,58,
32766,6287,1629,35,71,
32766,6302,1655,53,68,
32766,6303,1638,55,74,
32766,6310,1648,57,65,
32766,6315,1627,40,94,
32766,6307,1656,49,79,
32766,6302,1639,45,74,
32766,6310,1637,52,70,
32766,6334,1641,62,66,
32766,6356,1652,61,70,
32766,6341,1677,53,80,
32766,6383,1622,40,74,
32766,6361,1627,56,46,
32766,6388,1647,70,33,
32766,6421,1672,33,65,
32766,6420,1659,57,58,
32766,6460,1657,55,83,
32766,6491,1644,40,80,
32766,6476,1665,66,64,
32766,6495,1651,68,61,
32766,6484,1640,68,74,
32766,6497,1655,59,76,
32766,6500,1665,52,41,
32766,6518,1661,40,104,
32766,6487,1681,70,95,
32766,6488,1667,42,66,
32766,6499,1663,51,70,
32766,6495,1652,53,99,
32766,6498,1661,51,112,
32766,6483,1662,31,82,
32766,6492,1664,50,55,
32766,6516,1652,54,77,
32766,6495,1678,45,71,
32766,6508,1650,45,73,
32766,6482,1643,65,80,
32766,6510,1653,56,74,
32766,6490,1660,37,74,
32766,6501,1648,87,66,
32766,6481,1634,61,84,
32766,6480,1652,27,84,
32766,6489,1670,23,49,
32766,6490,1638,50,70,
32766,6485,1676,57,64,
32766,6485,1666,76,71,
32766,6478,1664,31,67,
32766,6488,1658,57,67,
32766,6486,1660,55,82,
32766,6488,1661,57,72,
32766,6512,1664,47,71,
32766,6515,1664,58,73,
32766,6513,1647,65,66,
32766,6514,1642,31,81,
32766,6503,1642,50,92,
32766,6491,1684,84,37,
32766,6486,1631,55,74,
32766,6430,1668,61,43,
32766,6435,1644,33,73,
32766,6427,1661,80,72,
32766,6395,1651,16,101,
32766,6407,1661,58,91,
32766,6411,1672,48,74,
32766,6413,1656,55,68,
32766,6409,1665,48,87,
32766,6443,1639,44,57,
32766,6450,1636,40,81,
32766,6469,1660,43,70,
32766,6482,1655,49,70,
32766,6493,1660,44,78,
32766,6525,1670,38,49,
32766,6528,1670,42,99,
32766,6521,1654,36,78,
32766,6541,1647,44,59,
32766,6535,1674,50,50,
32766,6568,1672,60,84,
32766,6577,1670,40,68,
32766,6595,1673,41,84,
32766,6616,1678,55,67,
32766,6616,1664,56,65,
32766,6623,1669,52,72,
32766,6622,1681,42,88,
32766,6607,1679,38,72,
32766,6617,1669,46,65,
32766,6605,1670,48,74,
32766,6590,1654,56,125,
32766,6615,1681,33,76,
32766,6623,1710,79,61,
32766,6637,1690,55,74,
32766,6630,1669,40,104,
32766,6632,1679,31,62,
32766,6672,1678,54,55,
32766,6697,1681,56,62,
32766,6734,1678,43,76,
32766,6750,1690,49,74,
32766,6750,1695,51,77,
32766,6780,1682,49,70,
32766,6787,1687,33,63,
32766,6826,1705,61,75,
32766,6853,1687,45,71,
32766,6837,1696,35,106,
32766,6855,1665,83,51,
32766,6915,1710,48,49,
32766,6939,1669,48,55,
32766,6999,1717,61,86,
32766,7082,1680,49,59,
32766,7153,1717,52,69,
32766,7217,1707,25,67,
32766,7289,1731,60,59,
32766,7365,1725,52,66,
32766,7446,1735,52,63,
32766,7500,1724,53,56,
32766,7591,1742,48,73,
32766,7644,1741,42,81,
32766,7712,1757,49,91,
32766,7764,1743,36,74,
32766,7792,1764,42,89,
32766,7791,1795,46,58,
32766,7815,1767,53,64,
32766,7824,1782,41,73,
32766,7847,1774,58,72,
32766,7865,1762,65,58,
32766,7881,1771,46,47,
32766,7940,1776,51,76,
32766,7971,1783,56,75,
32766,8005,1779,65,81,
32766,8058,1805,74,66,
32766,8088,1800,62,68,
32766,8126,1792,46,65,
32766,8130,1794,63,55,
32766,8163,1793,70,65,
32766,8136,1823,62,57,
32766,8128,1805,58,82,
32766,8135,1799,57,87,
32766,8136,1809,89,69,
32766,8171,1802,81,92,
32766,8126,1812,53,77,
32766,8114,1789,49,83,
32766,8106,1787,45,72,
32766,8096,1793,48,57,
32766,8105,1783,47,88,
32766,8115,1797,40,87,
32766,8111,1789,55,68,
32766,8097,1790,33,68,
32766,8098,1790,45,76,
32766,8078,1776,54,80,
32766,8073,1782,84,51,
32766,8075,1787,16,72,
32766,8046,1780,52,84,
32766,8036,1774,68,64,
32766,8027,1795,58,75,
32766,7994,1772,56,79,
32766,7983,1773,20,76,
32766,7953,1789,61,75,
32766,7943,1788,59,69,
32766,7939,1772,42,71,
32766,7953,1762,47,74,
32766,7928,1774,56,63,
32766,7934,1763,51,68,
32766,7936,1792,60,81,
32766,7957,1772,56,66,
32766,7979,1774,50,64,
32766,7959,1791,74,42,
32766,7944,1772,52,77,
32766,7935,1785,77,88,
32766,7957,1757,64,70,
32766,7893,1808,75,76,
32766,7889,1764,52,85,
32766,7872,1784,56,57,
32766,7874,1768,53,69,
32766,7843,1777,57,75,
32766,7850,1771,58,66,
32766,7812,1776,46,70,
32766,7810,1769,41,74,
32766,7777,1779,51,87,
32766,7746,1765,40,89,
32766,7744,1779,52,62,
32766,7720,1739,13,119,
32766,7706,1785,85,57,
32766,7702,1765,49,72,
32766,7683,1780,36,92,
32766,7684,1736,32,54,
32766,7702,1736,29,64,
32766,7710,1773,64,71,
32766,7730,1761,58,60,
32766,7736,1773,58,77,
32766,7738,1781,66,72,
32766,7764,1766,47,67,
32766,7782,1771,50,65,
32766,7791,1779,45,86,
32766,7779,1761,69,71,
32766,7803,1790,73,62,
32766,7798,1765,36,93,
32766,7791,1763,50,104,
32766,7808,1780,25,94,
32766,7760,1781,59,71,
32766,7769,1782,100,73,
32766,7771,1758,28,79,
32766,7751,1792,43,79,
32766,7744,1751,44,75,
32766,7728,1784,47,75,
32766,7711,1774,56,64,
32766,7709,1763,44,68,
32766,7670,1761,44,89,
32766,7660,1760,41,73,
32766,7641,1753,53,72,
32766,7633,1776,69,83,
32766,7604,1768,79,66,
32766,7590,1757,49,40,
32766,7541,1751,54,75,
32766,7526,1777,74,79,
32766,7525,1747,50,73,
32766,7470,1793,55,76,
32766,7451,1759,65,43,
32766,7446,1751,51,61,
32766,7428,1761,45,76,
32766,7392,1757,65,77,
32766,7377,1741,51,68,
32766,7375,1751,37,69,
32766,7351,1744,56,79,
32766,7351,1762,51,63,
32766,7338,1748,60,72,
32766,7292,1727,70,65,
32766,7306,1734,33,80,
32766,7275,1754,57,62,
32766,7276,1756,36,96,
32766,7295,1689,41,70,
32766,7260,1737,41,91,
32766,7232,1742,69,47,
32766,7214,1733,60,75,
32766,7180,1730,46,57,
32766,7156,1732,37,66,
32766,7118,1735,54,73,
32766,7082,1737,55,90,
32766,7071,1733,49,92,
32766,7039,1721,79,49,
32766,7008,1726,59,40,
32766,6986,1739,90,72,
32766,6988,1702,67,90,
32766,6993,1693,69,55,
32766,6934,1710,63,72,
32766,6963,1708,36,119,
32766,6895,1722,77,48,
32766,6891,1698,60,60,
32766,6875,1709,63,73,
32766,6862,1704,44,71,
32766,6850,1715,65,64,
32766,6860,1701,54,86,
32766,6857,1674,48,81,
32766,6835,1706,42,55,
32766,6837,1690,58,71,
32766,6814,1708,26,62,
32766,6820,1717,67,68,
32766,6774,1704,57,93,
32766,6830,1692,43,37,
32766,6802,1704,59,74,
32766,6820,1698,67,71,
32766,6812,1721,55,102,
32766,6833,1690,48,75,
32766,6859,1699,64,74,
32766,6847,1709,67,63,
32766,6833,1703,58,72,
32766,6854,1708,52,74,
32766,6869,1694,70,60,
32766,6869,1708,42,80,
32766,6841,1693,48,69,
32766,6837,1709,27,81,
32766,6835,1690,50,70,
32766,6854,1698,25,69,
32766,6835,1705,45,75,
32766,6839,1662,43,62,
32766,6820,1677,52,53,
32766,6822,1688,65,33,
32766,6832,1701,47,42,
32766,6868,1691,48,77,
32766,6854,1697,46,68,
32766,6867,1701,48,67,
32766,6867,1707,52,63,
32766,6870,1702,43,73,
32766,6857,1706,57,74,
32766,6837,1715,23,75,
32766,6825,1727,51,68,
32766,6806,1673,28,84,
32766,6807,1686,47,73,
32766,6765,1691,60,47,
32766,6785,1705,46,82,
32766,6767,1698,41,54,
32766,6768,1700,44,107,
32766,6760,1713,42,48,
32766,6759,1684,58,67,
32766,6734,1690,61,76,
32766,6724,1689,59,77,
32766,6725,1691,62,65,
32766,6711,1698,61,75,
32766,6694,1698,44,66,
32766,6693,1681,41,84,
32766,6703,1698,49,65,
32766,6671,1695,56,61,
32766,6668,1684,56,108,
32766,6660,1669,42,90,
32766,6637,1710,64,49,
32766,6668,1709,64,63,
32766,6719,1689,35,111,
32766,6655,1716,79,80,
32766,6664,1695,54,79,
32766,6677,1687,49,80,
32766,6675,1693,44,63,
32766,6700,1675,41,79,
32766,6694,1685,59,65,
32766,6706,1702,55,81,
32766,6713,1687,67,79,
32766,6718,1687,50,62,
32766,6726,1673,71,49,
32766,6737,1673,41,58,
32766,6763,1666,43,74,
32766,6775,1699,73,71,
32766,6758,1689,79,75,
32766,6746,1676,35,64,
32766,6777,1682,30,89,
32766,6765,1685,33,60,
32766,6787,1700,49,59,
32766,6790,1707,52,85,
32766,6797,1699,64,53,
32766,6779,1708,49,70,
32766,6802,1700,59,76,
32766,6813,1687,49,72,
32766,6840,1695,44,54,
32766,6835,1672,57,86,
32766,6839,1727,71,49,
32766,6843,1695,28,74,
32766,6847,1688,49,58,
32766,6841,1704,23,97,
32766,6848,1723,63,88,
32766,6866,1720,38,70,
32766,6840,1700,51,83,
32766,6823,1710,55,80,
32766,6825,1706,48,78,
32766,6821,1704,44,65,
32766,6837,1690,47,75,
32766,6826,1700,59,79,
32766,6823,1694,32,87,
32766,6843,1711,55,81,
32766,6823,1711,49,59,
32766,6852,1686,59,89,
32766,6883,1687,61,88,
32766,6853,1684,55,47,
32766,6862,1700,52,53,
32766,6884,1735,67,82,
32766,6836,1686,18,61,
32766,6893,1714,62,80,
32766,6888,1710,60,73,
32766,6886,1711,66,70,
32766,6896,1698,46,52,
32766,6913,1707,64,81,
32766,6941,1703,60,80,
32766,6921,1716,45,70,
32766,6943,1690,51,75,
32766,6925,1673,76,71,
32766,6952,1687,68,40,
32766,6945,1731,16,93,
32766,6955,1718,49,60,
32766,7016,1704,33,80,
32766,7017,1695,18,69,
32766,7029,1705,24,59,
32766,7045,1709,54,78,
32766,7030,1719,59,69,
32766,7051,1703,51,74,
32766,7036,1706,47,87,
32766,7042,1726,41,89,
32766,7060,1720,59,62,
32766,7043,1707,39,64,
32766,7073,1700,73,70,
32766,7041,1752,41,67,
32766,7048,1754,78,50,
32766,7061,1716,80,55,
32766,7050,1707,34,48,
32766,7060,1715,52,73,
32766,7067,1735,77,70,
32766,7051,1719,72,88,
32766,7102,1731,47,81,
32766,7110,1724,58,75,
32766,7120,1724,39,85,
32766,7129,1730,65,68,
32766,7157,1720,59,83,
32766,7150,1714,67,79,
32766,7151,1732,63,73,
32766,7157,1726,51,79,
32766,7174,1704,39,79,
32766,7156,1688,54,70,
32766,7189,1721,31,84,
32766,7173,1716,51,56,
32766,7198,1721,44,78,
32766,7207,1708,52,29,
32766,7194,1731,76,47,
32766,7204,1715,62,97,
32766,7239,1722,58,78,
32766,7227,1718,61,68,
32766,7232,1717,46,70,
32766,7250,1727,49,79,
32766,7254,1731,44,68,
32766,7272,1737,46,91,
32766,7268,1729,57,73,
32766,7269,1741,44,85,
32766,7274,1742,48,64,
32766,7264,1736,47,55,
32766,7272,1736,76,76,
32766,7263,1718,53,61,
32766,7242,1724,35,87,
32766,7207,1747,78,69,
32766,7204,1698,29,65,
32766,7178,1714,48,78,
32766,7207,1720,48,77,
32766,7191,1730,65,68,
32766,7206,1727,47,86,
32766,7207,1725,63,66,
32766,7230,1740,57,70,
32766,7252,1722,50,86,
32766,7244,1716,42,87,
32766,7267,1733,64,62,
32766,7301,1710,37,75,
32766,7257,1701,25,92,
32766,7248,1723,59,69,
32766,7229,1723,57,82,
32766,7211,1753,50,112,
32766,7175,1726,34,64,
32766,7156,1720,58,78,
32766,7150,1718,50,80,
32766,7118,1723,39,87,
32766,7109,1742,61,77,
32766,7104,1705,61,53,
32766,7096,1725,43,75,
32766,7105,1713,48,68,
32766,7092,1716,47,52,
32766,7096,1709,21,75,
32766,7124,1692,56,36,
32766,7089,1703,42,67,
32766,7087,1718,51,81,
32766,7085,1705,51,46,
32766,7096,1710,44,87,
32766,7099,1715,86,56,
32766,7130,1718,47,76,
32766,7145,1696,42,73,
32766,7162,1714,41,59,
32766,7198,1724,46,81,
32766,7226,1717,58,69,
32766,7250,1718,59,60,
32766,7299,1728,66,74,
32766,7272,1733,54,78,
32766,7286,1731,87,65,
32766,7349,1727,45,53,
32766,7379,1731,56,85,
32766,7435,1714,53,76,
32766,7487,1737,64,75,
32766,7479,1767,70,70,
32766,7514,1740,50,87,
32766,7530,1750,54,82,
32766,7543,1746,51,68,
32766,7569,1749,63,61,
32766,7517,1735,53,78,
32766,7559,1739,42,69,
32766,7605,1758,49,82,
32766,7627,1757,48,85,
32766,7622,1745,66,71,
32766,7579,1749,55,62,
32766,7580,1736,55,82,
32766,7588,1775,50,66,
32766,7630,1738,49,67,
32766,7630,1748,22,62,
32766,7529,1747,54,55,
32766,7529,1760,33,93,
32766,7473,1760,54,71,
32766,7422,1745,49,65,
32766,7393,1733,51,81,
32766,7377,1719,59,60,
32766,7389,1726,28,63,
32766,7314,1718,38,82,
32766,7286,1730,54,67,
32766,7261,1738,42,60,
32766,7225,1716,56,54,
32766,7205,1729,32,79,
32766,7200,1721,95,40,
32766,7196,1696,37,94,
32766,7229,1716,63,66,
32766,7205,1692,21,79,
32766,7169,1723,42,63,
32766,7184,1726,44,68,
32766,7145,1725,66,74,
32766,7136,1711,67,74,
32766,7108,1714,41,81,
32766,7092,1716,65,79,
32766,7083,1707,48,68,
32766,7100,1717,46,68,
32766,7129,1725,48,86,
32766,7174,1715,75,46,
32766,7212,1685,53,97,
32766,7258,1742,69,72,
32766,7304,1736,56,67,
32766,7324,1741,58,82,
32766,7337,1743,46,45,
32766,7357,1716,32,50,
32766,7343,1746,58,67,
32766,7354,1717,69,66,
32766,7341,1715,54,51,
32766,7317,1743,48,74,
32766,7314,1730,46,75,
32766,7306,1722,61,59,
32766,7317,1720,58,70,
32766,7309,1728,44,87,
32766,7327,1703,41,68,
32766,7360,1752,35,79,
32766,7392,1756,49,83,
32766,7398,1768,64,81,
32766,7409,1732,69,71,
32766,7402,1744,62,55,
32766,7384,1771,67,111,
32766,7363,1706,52,69,
32766,7330,1745,53,72,
32766,7291,1708,47,81,
32766,7268,1720,42,73,
32766,7244,1715,51,68,
32766,7222,1735,57,74,
32766,7204,1718,62,59,
32766,7204,1714,44,71,
32766,7211,1727,43,67,
32766,7206,1717,38,69,
32766,7203,1713,64,76,
32766,7198,1746,78,74,
32766,7181,1707,51,89,
32766,7184,1728,41,102,
32766,7204,1694,36,70,
32766,7195,1689,36,73,
32766,7174,1728,57,80,
32766,7162,1724,63,85,
32766,7155,1720,49,80,
32766,7151,1719,50,76,
32766,7167,1718,48,78,
32766,7171,1720,79,71,
32766,7154,1724,56,76,
32766,7157,1708,51,83,
32766,7147,1739,61,64,
32766,7156,1732,38,93,
32766,7142,1694,27,68,
32766,7139,1722,64,87,
32766,7141,1731,54,59,
32766,7133,1687,34,28,
32766,7112,1743,81,48,
32766,7103,1716,54,67,
32766,7096,1705,48,58,
32766,7100,1700,49,56,
32766,7065,1725,47,51,
32766,7046,1727,82,67,
32766,7036,1724,77,72,
32766,7001,1705,52,80,
32766,6998,1710,42,73,
32766,6931,1705,40,93,
32766,6937,1695,51,80,
32766,6894,1696,63,44,
32766,6921,1670,37,82,
32766,6857,1707,50,76,
32766,6865,1683,61,103,
32766,6831,1703,65,123,
32766,6819,1671,67,75,
32766,6757,1700,74,76,
32766,6730,1679,46,57,
32766,6690,1680,41,73,
32766,6656,1672,45,68,
32766,6610,1677,56,63,
32766,6554,1668,53,66,
32766,6527,1664,63,56,
32766,6456,1654,53,68,
32766,6434,1670,20,94,
32766,6386,1628,70,63,
32766,6335,1686,47,78,
32766,6289,1664,52,74,
32766,6264,1665,40,74,
32766,6247,1669,46,74,
32766,6248,1638,40,55,
32766,6215,1636,46,69,
32766,6209,1635,47,77,
32766,6187,1649,45,76,
32766,6175,1648,64,80,
32766,6157,1643,63,87,
32766,6147,1648,33,66,
32766,6125,1629,56,64,
32766,6136,1647,51,43,
32766,6119,1618,44,74,
32766,6120,1621,21,101,
32766,6077,1645,29,89,
32766,6070,1638,49,74,
32766,6081,1613,12,83,
32766,6080,1638,60,65,
32766,6062,1625,46,67,
32766,6054,1644,57,60,
32766,6061,1624,64,73,
32766,6041,1634,42,70,
32766,6061,1621,71,69,
32766,6043,1620,52,79,
32766,6074,1623,52,78,
32766,6082,1630,38,70,
32766,6088,1631,15,61,
32766,6071,1632,38,63,
32766,6062,1646,37,74,
32766,6071,1635,44,82,
32766,6148,1630,54,72,
32766,6221,1672,85,64,
32766,6355,1666,76,99,
32766,6419,1656,44,59,
32766,6547,1669,48,70,
32766,6618,1690,61,68,
32766,6743,1685,42,67,
32766,6820,1682,50,93,
32766,6859,1682,47,80,
32766,6844,1691,45,85,
32766,6813,1689,61,79,
32766,6810,1706,47,74,
32766,6901,1694,38,37,
32766,7012,1693,0,130,
32766,7154,1689,65,61,
32766,7255,1709,49,56,
32766,7320,1689,44,85,
32766,7333,1701,63,79,
32766,7349,1732,59,74,
32766,7356,1718,64,65,
32766,7310,1710,50,61,
32766,7265,1712,56,66,
32766,7166,1692,56,74,
32766,7109,1700,52,72,
32766,7079,1709,42,84,
32766,7152,1710,28,68,
32766,7288,1732,37,68,
32766,7479,1751,52,64,
32766,7616,1726,48,92,
32766,7904,1731,45,70,
32766,7963,1759,37,89,
32766,8152,1804,46,64,
32766,8262,1778,81,73,
32766,8418,1792,38,87,
32766,8514,1812,65,78,
32766,8528,1806,45,74,
32766,8448,1828,56,82,
32766,8386,1824,56,91,
32766,8270,1786,49,69,
32766,8126,1771,65,69,
32766,8002,1780,58,84,
32766,7845,1770,59,55,
32766,7646,1738,54,71,
32766,7426,1728,14,82,
32766,7287,1716,65,77,
32766,7155,1707,56,94,
32766,7072,1689,39,59,
32766,7021,1691,28,57,
32766,6933,1729,36,48,
32766,6956,1671,67,78,
32766,6914,1700,43,50,
32766,6961,1687,43,72,
32766,6954,1715,49,70,
32766,7011,1709,46,76,
32766,7078,1696,43,58,
32766,7144,1694,55,71,
32766,7220,1722,53,72,
32766,7295,1730,41,93,
32766,7349,1731,112,32,
32766,7406,1700,67,64,
32766,7437,1720,58,58,
32766,7410,1709,42,71,
32766,7342,1759,84,49,
32766,7333,1750,104,47,
32766,7280,1725,67,58,
32766,7282,1715,62,75,
32766,7262,1739,47,94,
32766,7241,1717,63,68,
32766,7194,1716,59,69,
32766,7164,1715,48,89,
32766,7152,1728,42,57,
32766,7138,1712,53,70,
32766,7135,1701,67,97,
32766,7103,1730,61,66,
32766,7110,1694,84,67,
32766,7106,1724,12,95,
32766,7079,1724,62,73,
32766,7080,1710,62,118,
32766,7041,1734,70,74,
32766,7018,1700,56,93,
32766,6994,1711,69,63,
32766,6983,1713,54,70,
32766,6968,1696,46,89,
32766,6977,1707,53,72,
32766,6977,1725,41,72,
32766,6987,1690,43,69,
32766,7016,1705,73,63,
32766,6988,1713,78,69,
32766,6974,1724,35,76,
32766,6966,1668,61,86,
32766,6967,1697,58,107,
32766,6942,1692,57,56,
32766,6994,1702,28,83,
32766,7034,1712,82,61,
32766,7129,1676,44,79,
32766,7209,1730,54,77,
32766,7319,1733,46,60,
32766,7459,1731,49,79,
32766,7596,1735,54,73,
32766,7757,1765,51,73,
32766,7920,1776,65,79,
32766,8062,1771,64,63,
32766,8219,1796,57,76,
32766,8388,1817,37,97,
32766,8623,1819,56,73,
32766,8829,1810,65,46,
32766,8992,1845,42,81,
32766,9167,1842,51,42,
32766,9350,1838,57,39,
32766,9488,1889,44,50,
32766,9700,1887,46,54,
32766,9853,1902,40,63,
32766,10017,1938,61,63,
32766,10143,1940,69,78,
32766,10214,1962,62,85,
32766,10312,1953,54,59,
32766,10416,1998,60,74,
32766,10564,1998,57,91,
32766,10796,1979,49,56,
32766,11010,2005,32,102,
32766,11181,2073,70,36,
32766,11365,2089,68,50,
32766,11573,2070,77,61,
32766,11812,2137,84,99,
32766,12052,2173,89,78,
32766,12283,2185,49,71,
32766,12576,2223,69,77,
32766,12854,2249,54,75,
32766,13115,2305,52,69,
32766,13352,2333,53,75,
32766,13553,2371,61,67,
32766,13681,2405,47,71,
32766,13588,2401,45,73,
32766,13611,2439,77,45,
32766,13606,2410,51,110,
32766,13609,2443,20,120,
32766,13510,2451,63,66,
32766,13356,2444,57,67,
32766,13155,2456,78,84,
32766,12933,2426,49,72,
32766,12679,2367,48,87,
32766,12368,2341,54,58,
32766,12015,2335,64,68,
32766,11617,2284,56,74,
32766,11284,2233,39,74,
32766,11035,2205,64,71,
32766,10826,2170,46,55,
32766,10661,2160,64,72,
32766,10498,2147,45,64,
32766,10373,2131,53,109,
32766,10221,2106,56,60,
32766,10132,2087,52,120,
32766,10051,2063,52,71,
32766,10011,2072,31,69,
32766,9965,2074,38,53,
32766,9979,2069,57,60,
32766,9985,2078,42,66,
32766,10012,2084,56,77,
32766,10016,2082,50,60,
32766,10023,2084,47,78,
32766,9957,2102,37,58,
32766,9866,2071,42,81,
32766,9777,2049,57,63,
32766,9700,2041,65,82,
32766,9630,2045,44,73,
32766,9609,2032,48,67,
32766,9556,2017,64,83,
32766,9467,2019,46,67,
32766,9401,2027,45,74,
32766,9333,2003,54,75,
32766,9251,1986,55,72,
32766,9165,1973,50,71,
32766,9091,1959,49,65,
32766,8955,1927,71,58,
32766,8794,1916,42,92,
32766,8658,1907,58,81,
32766,8572,1897,57,56,
32766,8501,1896,55,77,
32766,8452,1887,45,78,
32766,8345,1849,56,51,
32766,8207,1866,60,53,
32766,8121,1840,49,79,
32766,8051,1835,63,81,
32766,7990,1809,96,56,
32766,7983,1806,39,69,
32766,7927,1842,58,86,
32766,7946,1807,57,79,
32766,7936,1831,46,82,
32766,7877,1811,62,58,
32766,7811,1819,50,59,
32766,7751,1791,69,64,
32766,7647,1792,63,74,
32766,7575,1774,59,83,
32766,7463,1766,80,76,
32766,7356,1759,60,82,
32766,7190,1716,66,74,
32766,7054,1710,47,74,
32766,6910,1679,47,96,
32766,6752,1667,47,56,
32766,6581,1680,46,39,
32766,6457,1649,11,42,
32766,6383,1656,36,78,
32766,6270,1664,53,58,
32766,6229,1650,40,69,
32766,6188,1649,42,76,
32766,6148,1640,52,64,
32766,6128,1643,60,67,
32766,6111,1644,82,72,
32766,6077,1654,53,80,
32766,6081,1662,82,52,
32766,6095,1626,35,104,
32766,6083,1642,36,54,
32766,6077,1653,44,78,
32766,6083,1629,61,75,
32766,6047,1669,70,89,
32766,6001,1643,85,86,
32766,5958,1657,47,62,
32766,5954,1632,45,76,
32766,5879,1624,59,75,
32766,5829,1628,65,63,
32766,5768,1599,64,67,
32766,5703,1595,56,71,
32766,5664,1597,50,61,
32766,5607,1571,62,63,
32766,5527,1597,54,66,
32766,5474,1586,62,50,
32766,5386,1560,66,42,
32766,5325,1556,49,81,
32766,5273,1538,38,56,
32766,5251,1528,67,38,
32766,5231,1531,61,74,
32766,5224,1516,58,67,
32766,5227,1550,67,67,
32766,5254,1554,48,53,
32766,5270,1535,33,84,
32766,5308,1536,38,72,
32766,5364,1540,42,56,
32766,5423,1560,37,62,
32766,5529,1560,41,49,
32766,5635,1578,26,55,
32766,5734,1591,77,44,
32766,5845,1548,53,61,
32766,5895,1565,56,87,
32766,5932,1585,45,67,
32766,5994,1556,3,85,
32766,6008,1601,99,62,
32766,6074,1572,34,89,
32766,6086,1593,59,71,
32766,6141,1601,58,63,
32766,6158,1589,74,68,
32766,6199,1602,68,71,
32766,6238,1602,42,60,
32766,6244,1605,55,74,
32766,6245,1601,53,78,
32766,6246,1585,65,82,
32766,6251,1588,11,69,
32766,6264,1580,62,88,
32766,6255,1629,49,53,
32766,6266,1586,49,72,
32766,6250,1585,17,43,
32766,6256,1607,83,20,
32766,6342,1586,50,33,
32766,6362,1618,74,63,
32766,6462,1611,54,65,
32766,6552,1625,61,71,
32766,6667,1623,32,78,
32766,6797,1635,46,63,
32766,6952,1642,30,67,
32766,7103,1669,56,100,
32766,7229,1690,57,77,
32766,7386,1689,31,77,
32766,7491,1692,38,113,
32766,7608,1738,63,71,
32766,7682,1742,57,84,
32766,7794,1737,24,81,
32766,7908,1758,62,81,
32766,8007,1741,58,74,
32766,8049,1778,63,55,
32766,8094,1802,72,76,
32766,8115,1801,62,70,
32766,8170,1769,55,80,
32766,8234,1790,82,64,
32766,8281,1783,45,56,
32766,8326,1793,56,56,
32766,8386,1799,50,78,
32766,8495,1783,125,86,
32766,8571,1871,34,101,
32766,8670,1812,39,87,
32766,8718,1847,23,91,
32766,8796,1838,36,46,
32766,8816,1845,31,75,
32766,8882,1864,96,51,
32766,8912,1863,86,78,
32766,8983,1848,37,63,
32766,9036,1870,39,84,
32766,9037,1878,45,74,
32766,9061,1876,41,75,
32766,9104,1879,62,70,
32766,9172,1873,49,63,
32766,9207,1881,35,77,
32766,9262,1883,54,52,
32766,9286,1908,69,110,
32766,9280,1932,102,72,
32766,9340,1896,29,90,
32766,9385,1930,28,70,
32766,9475,1928,21,74,
32766,9524,1934,54,50,
32766,9580,1930,77,78,
32766,9601,1940,53,84,
32766,9587,1950,63,73,
32766,9592,1949,52,75,
32766,9580,1957,46,83,
32766,9632,1969,40,80,
32766,9687,1963,55,52,
32766,9777,1976,71,70,
32766,9884,1973,45,81,
32766,9969,2025,42,61,
32766,10071,2012,34,59,
32766,10118,2044,63,73,
32766,10154,2018,61,57,
32766,10182,2021,50,67,
32766,10222,2025,44,58,
32766,10227,2052,56,95,
32766,10239,2046,61,54,
32766,10255,2056,73,71,
32766,10288,2064,61,73,
32766,10318,2066,43,64,
32766,10358,2057,78,63,
32766,10433,2084,29,57,
32766,10524,2097,35,77,
32766,10634,2104,37,81,
32766,10745,2127,47,64,
32766,10835,2179,35,85,
32766,10902,2161,102,38,
32766,11051,2179,73,70,
32766,10927,2143,114,42,
32766,11086,2188,37,93,
32766,11001,2207,84,107,
32766,11075,2182,57,72,
32766,11079,2188,65,79,
32766,10955,2168,33,89,
32766,11008,2165,72,51,
32766,10880,2163,79,52,
32766,10839,2147,53,66,
32766,10763,2147,65,78,
32766,10667,2103,70,68,
32766,10558,2126,46,61,
32766,10433,2138,4,49,
32766,10330,2088,62,60,
32766,10231,2100,71,47,
32766,10161,2089,68,58,
32766,10151,2044,44,28,
32766,10177,2104,52,86,
32766,10215,2092,64,68,
32766,10305,2105,47,67,
32766,10350,2111,44,54,
32766,10415,2113,79,73,
32766,10433,2139,62,74,
32766,10404,2147,55,79,
32766,10384,2142,54,67,
32766,10353,2137,61,57,
32766,10310,2118,59,62,
32766,10279,2131,42,55,
32766,10246,2108,28,108,
32766,10221,2120,66,56,
32766,10215,2130,60,81,
32766,10198,2099,56,64,
32766,10152,2126,40,79,
32766,10123,2105,46,88,
32766,10074,2101,37,50,
32766,10003,2102,64,71,
32766,9917,2079,40,69,
32766,9802,2084,70,66,
32766,9680,2044,43,90,
32766,9558,2040,65,71,
32766,9448,2019,53,75,
32766,9362,2041,63,69,
32766,9287,1992,20,56,
32766,9252,1981,38,78,
32766,9208,1961,70,55,
32766,9151,1966,98,55,
32766,9095,1969,99,71,
32766,9073,1947,68,108,
32766,8970,1938,69,70,
32766,8903,1944,69,74,
32766,8820,1912,53,77,
32766,8720,1888,61,67,
32766,8610,1884,65,67,
32766,8544,1862,64,78,
32766,8448,1857,56,45,
32766,8416,1836,65,77,
32766,8359,1842,68,84,
32766,8282,1796,66,78,
32766,8185,1820,68,120,
32766,8094,1793,38,53,
32766,8048,1793,54,75,
32766,8001,1808,70,90,
32766,7943,1798,44,62,
32766,7961,1804,27,94,
32766,7949,1808,63,92,
32766,8026,1804,84,57,
32766,8096,1792,49,62,
32766,8202,1828,62,77,
32766,8333,1846,61,59,
32766,8467,1858,59,64,
32766,8604,1885,55,87,
32766,8729,1920,37,55,
32766,8837,1884,27,84,
32766,8918,1972,57,68,
32766,9004,1940,53,87,
32766,9066,1936,68,27,
32766,9093,1928,46,81,
32766,9116,1941,102,64,
32766,9076,1940,32,88,
32766,9042,1916,41,69,
32766,8991,1918,72,60,
32766,8889,1900,50,65,
32766,8749,1886,55,89,
32766,8556,1863,60,87,
32766,8338,1820,51,56,
32766,8072,1789,55,72,
32766,7817,1764,48,70,
32766,7596,1738,28,94,
32766,7317,1738,36,45,
32766,7143,1692,5,115,
32766,6954,1704,80,47,
32766,6820,1658,15,65,
32766,6728,1632,70,49,
32766,6627,1660,35,81,
32766,6600,1651,60,48,
32766,6572,1660,81,67,
32766,6601,1683,49,56,
32766,6651,1671,53,71,
32766,6765,1679,52,64,
32766,6887,1677,54,65,
32766,7059,1679,65,63,
32766,7269,1706,63,80,
32766,7496,1720,41,63,
32766,7687,1756,32,101,
32766,7884,1784,63,69,
32766,8041,1783,42,118,
32766,8127,1780,42,71,
32766,8224,1805,33,82,
32766,8299,1783,34,95,
32766,8306,1818,92,73,
32766,8299,1800,42,58,
32766,8313,1817,79,73,
32766,8361,1807,63,33,
32766,8393,1824,38,76,
32766,8472,1822,67,86,
32766,8542,1832,50,51,
32766,8618,1825,68,50,
32766,8703,1836,69,45,
32766,8771,1851,93,62,
32766,8872,1812,73,53,
32766,8959,1871,66,86,
32766,9047,1873,71,88,
32766,9122,1843,88,43,
32766,9238,1933,61,115,
32766,9276,1887,62,69,
32766,9364,1908,63,55,
32766,9490,1910,51,58,
32766,9567,1926,57,84,
32766,9634,1934,67,65,
32766,9683,1923,64,84,
32766,9735,1933,45,76,
32766,9807,1951,30,85,
32766,9838,1978,24,86,
32766,9948,1990,53,53,
32766,10069,1971,41,80,
32766,10228,1971,63,44,
32766,10392,2023,68,74,
32766,10623,2032,65,80,
32766,10843,2085,58,88,
32766,11051,2104,26,89,
32766,11288,2142,53,76,
32766,11570,2161,77,71,
32766,11817,2191,53,67,
32766,12031,2214,39,53,
32766,12208,2231,51,78,
32766,12251,2256,59,73,
32766,12283,2262,52,83,
32766,12285,2288,9,81,
32766,12278,2285,64,89,
32766,12249,2273,20,87,
32766,12273,2255,77,27,
32766,12264,2265,50,72,
32766,12292,2262,67,42,
32766,12371,2265,56,67,
32766,12461,2302,33,69,
32766,12557,2284,50,66,
32766,12735,2330,44,74,
32766,12868,2345,53,62,
32766,12987,2394,53,66,
32766,13083,2386,66,62,
32766,13173,2381,58,58,
32766,13222,2419,58,77,
32766,13225,2437,46,66,
32766,13157,2447,81,60,
32766,13057,2440,68,61,
32766,12979,2394,60,84,
32766,12839,2419,31,75,
32766,12723,2415,62,81,
32766,12630,2394,50,53,
32766,12581,2373,59,84,
32766,12488,2391,66,43,
32766,12406,2350,44,49,
32766,12324,2351,72,79,
32766,12231,2337,73,50,
32766,12098,2343,36,71,
32766,11983,2303,67,42,
32766,11857,2289,48,75,
32766,11745,2270,50,70,
32766,11614,2262,24,45,
32766,11551,2253,74,64,
32766,11467,2229,40,67,
32766,11370,2221,44,57,
32766,11282,2206,50,84,
32766,11190,2195,34,105,
32766,11077,2191,74,71,
32766,10954,2177,42,42,
32766,10862,2156,52,63,
32766,10786,2172,42,73,
32766,10756,2146,51,70,
32766,10720,2136,46,65,
32766,10706,2124,64,58,
32766,10673,2147,47,76,
32766,10690,2138,55,72,
32766,10706,2125,64,70,
32766,10740,2177,43,71,
32766,10825,2146,55,67,
32766,10942,2178,49,74,
32766,11058,2186,65,61,
32766,11189,2205,46,50,
32766,11275,2222,37,92,
32766,11344,2251,109,60,
32766,11433,2248,63,63,
32766,11491,2278,48,63,
32766,11528,2275,41,99,
32766,11526,2273,47,82,
32766,11470,2265,62,69,
32766,11367,2256,54,67,
32766,11231,2243,33,66,
32766,11068,2203,45,76,
32766,10920,2208,31,63,
32766,10778,2179,57,61,
32766,10673,2167,42,65,
32766,10619,2167,61,53,
32766,10567,2156,87,63,
32766,10604,2139,30,55,
32766,10697,2160,66,73,
32766,10805,2191,65,68,
32766,10966,2195,59,65,
32766,11131,2232,54,82,
32766,11333,2266,61,74,
32766,11577,2287,56,62,
32766,11789,2312,48,73,
32766,12030,2353,45,66,
32766,12285,2382,56,82,
32766,12520,2395,71,74,
32766,12698,2433,50,86,
32766,12863,2444,49,52,
32766,12999,2449,48,62,
32766,13136,2489,61,51,
32766,13337,2518,45,71,
32766,13525,2566,39,102,
32766,13708,2577,63,92,
32766,13951,2644,73,80,
32766,14271,2699,65,79,
32766,14624,2757,47,70,
32766,15034,2871,43,62,
32766,15453,2955,49,54,
32766,15888,3084,67,61,
32766,16306,3192,53,71,
32766,16724,3325,81,48,
32766,17099,3505,61,89,
32766,17483,3629,58,80,
32766,17844,3795,64,79,
32766,18190,3978,82,63,
32766,18480,4148,67,61,
32766,18736,4322,43,65,
32766,19034,4522,50,53,
32766,19294,4753,61,79,
32766,19536,4947,67,65,
32766,19714,5126,67,60,
32766,19842,5294,69,86,
32766,19996,5414,68,77,
32766,20127,5527,62,68,
32766,20232,5637,76,67,
32766,20311,5722,57,57,
32766,20363,5786,68,81,
32766,20422,5852,75,59,
32766,20436,5891,76,61,
32766,20484,5954,64,60,
32766,20514,6019,84,71,
32766,20561,6088,87,93,
32766,20627,6151,81,80,
32766,20677,6235,82,56,
32766,20721,6328,80,73,
32766,20770,6418,62,68,
32766,20817,6486,57,76,
32766,20832,6538,73,66,
32766,20836,6560,81,71,
32766,20811,6575,66,76,
32766,20787,6563,81,53,
32766,20763,6552,56,97,
32766,20747,6542,66,62,
32766,20729,6524,77,56,
32766,20702,6508,71,69,
32766,20699,6492,69,61,
32766,20670,6448,38,100,
32766,20618,6408,51,53,
32766,20594,6355,71,70,
32766,20552,6305,70,60,
32766,20516,6267,75,78,
32766,20488,6225,71,69,
32766,20481,6211,70,75,
32766,20488,6208,73,69,
32766,20491,6223,83,67,
32766,20498,6226,67,86,
32766,20517,6256,87,41,
32766,20516,6293,91,65,
32766,20519,6313,64,82,
32766,20517,6320,74,65,
32766,20500,6302,67,84,
32766,20455,6276,89,77,
32766,20387,6225,69,72,
32766,20299,6144,71,56,
32766,20216,6048,91,74,
32766,20116,5941,75,62,
32766,19994,5855,65,60,
32766,19880,5732,66,59,
32766,19772,5638,78,67,
32766,19673,5530,68,75,
32766,19576,5437,73,62,
32766,19490,5349,78,79,
32766,19392,5267,62,94,
32766,19335,5200,80,63,
32766,19259,5165,65,81,
32766,19216,5110,60,72,
32766,19154,5062,103,55,
32766,19098,4989,79,42,
32766,19024,4942,67,68,
32766,18936,4882,63,71,
32766,18838,4819,76,82,
32766,18678,4692,60,82,
32766,18594,4661,72,63,
32766,18617,4670,66,67,
32766,18387,4530,75,71,
32766,18209,4413,94,83,
32766,18096,4343,59,67,
32766,17949,4278,74,72,
32766,17804,4223,74,73,
32766,17676,4153,70,70,
32766,17473,4052,88,55,
32766,17337,3994,56,70,
32766,17144,3927,74,104,
32766,16893,3791,50,79,
32766,16608,3688,69,82,
32766,16349,3592,69,77,
32766,15937,3424,73,81,
32766,15737,3365,63,84,
32766,15640,3337,53,63,
32766,15159,3179,82,60,
32766,14783,3078,52,71,
32766,14510,2993,47,83,
32766,14333,2933,57,96,
32766,14161,2890,39,87,
32766,13962,2837,95,96,
32766,13674,2759,48,89,
32766,13496,2713,32,73,
32766,13334,2714,74,111,
32766,13139,2636,60,74,
32766,12988,2595,66,82,
32766,12935,2582,60,72,
32766,12906,2575,76,90,
32766,12933,2591,75,92,
32766,13037,2647,72,93,
32766,13212,2708,65,78,
32766,13409,2776,76,73,
32766,13550,2811,54,69,
32766,13701,2880,73,88,
32766,13863,2912,45,86,
32766,14048,2944,73,76,
32766,14228,3034,60,93,
32766,14435,3062,61,87,
32766,14622,3148,83,87,
32766,14742,3162,45,45,
32766,14788,3169,51,89,
32766,14859,3195,70,83,
32766,14909,3225,64,90,
32766,14937,3217,70,83,
32766,14917,3203,75,87,
32766,14869,3183,71,97,
32766,14816,3161,73,85,
32766,14787,3137,46,87,
32766,14806,3154,54,66,
32766,14881,3144,60,94,
32766,14982,3210,97,92,
32766,15033,3231,73,82,
32766,15143,3275,56,96,
32766,15368,3362,77,71,
32766,15677,3478,82,88,
32766,15967,3582,72,64,
32766,16205,3690,80,64,
32766,16408,3775,79,84,
32766,16591,3840,75,73,
32766,16732,3910,55,84,
32766,16907,3964,90,74,
32766,17056,4040,64,87,
32766,17186,4081,65,93,
32766,17257,4117,71,73,
32766,17318,4143,90,66,
32766,17378,4152,75,49,
32766,17470,4190,88,90,
32766,17561,4203,46,77,
32766,17640,4252,38,95,
32766,17679,4297,53,91,
32766,17728,4293,74,78,
32766,17780,4325,74,76,
32766,17866,4368,82,80,
32766,17982,4424,82,74,
32766,18108,4481,71,92,
32766,18209,4535,56,81,
32766,18317,4600,63,90,
32766,18415,4652,93,76,
32766,18495,4676,90,86,
32766,18602,4736,90,97,
32766,18688,4782,79,75,
32766,18784,4844,73,87,
32766,18850,4857,73,81,
32766,18883,4882,51,109,
32766,18933,4916,33,128,
32766,19001,4942,91,82,
32766,19082,4993,71,98,
32766,19156,5045,81,81,
32766,19208,5069,74,74,
32766,19218,5061,71,100,
32766,19204,5058,76,83,
32766,19186,5046,80,78,
32766,19178,5042,60,88,
32766,19176,5036,77,67,
32766,19200,5053,58,87,
32766,19214,5063,82,103,
32766,19242,5089,52,91,
32766,19270,5094,78,90,
32766,19286,5084,47,78,
32766,19281,5100,72,87,
32766,19276,5099,90,86,
32766,19259,5097,91,74,
32766,19253,5085,76,81,
32766,19248,5085,76,81,
32766,19246,5075,62,80,
32766,19240,5084,78,72,
32766,19225,5069,77,102,
32766,19206,5053,77,88,
32766,19188,5054,70,88,
32766,19183,5054,87,89,
32766,19185,5043,86,57,
32766,19183,5045,76,61,
32766,19193,5050,68,97,
32766,19206,5054,46,98,
32766,19219,5095,65,98,
32766,19231,5083,68,87,
32766,19237,5074,76,88,
32766,19218,5079,89,83,
32766,19199,5071,76,71,
32766,19181,5056,81,101,
32766,19160,5040,69,78,
32766,19133,5021,81,88,
32766,19110,5010,78,78,
32766,19082,5010,79,85,
32766,19065,4968,104,66,
32766,19013,4945,72,69,
32766,18961,4915,91,100,
32766,18874,4892,78,75,
32766,18761,4821,85,82,
32766,18663,4753,87,85,
32766,18536,4702,79,83,
32766,18408,4634,73,78,
32766,18306,4573,65,83,
32766,18202,4528,83,96,
32766,18121,4474,99,80,
32766,18047,4455,73,85,
32766,17981,4424,78,86,
32766,17925,4384,74,81,
32766,17849,4346,79,84,
32766,17766,4331,98,97,
32766,17674,4286,60,102,
32766,17579,4233,79,96,
32766,17469,4178,65,93,
32766,17345,4119,65,81,
32766,17201,4052,69,75,
32766,17033,3999,69,91,
32766,16904,3931,45,106,
32766,16816,3906,86,77,
32766,16623,3825,74,73,
32766,16463,3759,71,89,
32766,16350,3721,83,83,
32766,16256,3695,68,85,
32766,16192,3673,65,87,
32766,16162,3667,62,86,
32766,16137,3663,60,83,
32766,16107,3656,54,110,
32766,16089,3667,56,116,
32766,16044,3639,68,83,
32766,15999,3634,70,84,
32766,15960,3609,99,60,
32766,15897,3583,40,101,
32766,15854,3574,66,93,
32766,15775,3548,63,96,
32766,15689,3519,70,85,
32766,15588,3462,59,93,
32766,15484,3424,64,77,
32766,15385,3385,76,81,
32766,15270,3339,72,91,
32766,15150,3305,70,78,
32766,15046,3267,81,80,
32766,14949,3213,67,92,
32766,14890,3183,95,61,
32766,14819,3200,82,77,
32766,14789,3162,65,79,
32766,14761,3139,84,60,
32766,14727,3138,82,78,
32766,14699,3126,60,88,
32766,14650,3117,75,83,
32766,14606,3095,61,94,
32766,14515,3072,75,76,
32766,14430,3046,73,85,
32766,14334,3023,83,106,
32766,14237,2989,64,77,
32766,14118,2952,71,93,
32766,14030,2924,61,88,
32766,13937,2888,72,85,
32766,13900,2871,50,89,
32766,13833,2875,63,83,
32766,13788,2840,71,78,
32766,13774,2836,56,90,
32766,13774,2831,58,79,
32766,13765,2847,75,88,
32766,13758,2827,68,78,
32766,13743,2825,63,91,
32766,13705,2806,68,73,
32766,13654,2797,79,93,
32766,13597,2782,65,77,
32766,13528,2765,68,84,
32766,13467,2748,69,88,
32766,13393,2735,85,87,
32766,13320,2711,63,94,
32766,13257,2683,76,91,
32766,13187,2701,58,109,
32766,13098,2632,54,90,
32766,13045,2615,96,86,
32766,12975,2594,56,85,
32766,12905,2574,48,67,
32766,12826,2562,56,110,
32766,12746,2531,77,93,
32766,12628,2488,60,83,
32766,12517,2459,72,71,
32766,12369,2417,78,82,
32766,12201,2361,64,74,
32766,12016,2312,70,83,
32766,11852,2259,71,89,
32766,11683,2210,57,70,
32766,11485,2131,81,62,
32766,11236,2138,67,79,
32766,10841,2008,56,84,
32766,10548,1959,68,67,
32766,10280,1920,79,89,
32766,9993,1828,61,97,
32766,9694,1777,52,63,
32766,9368,1737,61,96,
32766,9081,1720,50,84,
32766,8819,1684,58,80,
32766,8567,1650,72,86,
32766,8373,1639,64,95,
32766,8164,1617,71,79,
32766,7968,1611,70,81,
32766,7836,1590,42,110,
32766,7727,1568,63,72,
32766,7633,1584,36,86,
32766,7495,1604,74,87,
32766,7417,1568,64,74,
32766,7353,1534,92,59,
32766,7296,1556,90,89,
32766,7243,1564,71,66,
32766,7242,1549,76,96,
32766,7229,1559,60,84,
32766,7219,1560,42,80,
32766,7212,1551,53,76,
32766,7247,1570,71,64,
32766,7259,1569,68,69,
32766,7258,1559,59,74,
32766,7275,1569,64,65,
32766,7258,1547,65,67,
32766,7247,1577,50,85,
32766,7257,1570,54,71,
32766,7248,1577,58,100,
32766,7244,1571,52,65,
32766,7196,1571,29,68,
32766,7224,1581,46,93,
32766,7184,1583,56,84,
32766,7182,1584,54,80,
32766,7153,1570,66,84,
32766,7137,1583,60,79,
32766,7122,1575,62,78,
32766,7071,1573,47,79,
32766,7037,1569,61,74,
32766,7003,1557,73,78,
32766,6979,1552,78,79,
32766,6966,1579,73,89,
32766,6909,1562,59,76,
32766,6935,1561,51,85,
32766,6888,1526,54,42,
32766,6884,1547,38,75,
32766,6851,1578,68,76,
32766,6844,1572,52,76,
32766,6840,1566,51,68,
32766,6793,1568,50,86,
32766,6800,1564,64,82,
32766,6775,1564,66,79,
32766,6702,1566,51,80,
32766,6716,1560,47,80,
32766,6680,1556,47,80,
32766,6657,1535,53,63,
32766,6608,1571,81,51,
32766,6585,1541,68,95,
32766,6483,1534,50,108,
32766,6399,1544,83,72,
32766,6354,1542,85,76,
32766,6327,1539,50,108,
32766,6303,1530,51,78,
32766,6263,1541,57,67,
32766,6244,1546,64,68,
32766,6238,1542,52,85,
32766,6190,1525,67,75,
32766,6141,1526,56,77,
32766,6140,1527,65,75,
32766,6092,1529,55,72,
32766,6061,1503,69,71,
32766,6094,1505,41,62,
32766,6035,1538,61,64,
32766,6002,1518,53,45,
32766,5962,1546,84,82,
32766,5923,1566,79,105,
32766,5916,1546,81,62,
32766,5924,1514,68,71,
32766,5913,1526,61,73,
32766,5901,1523,42,73,
32766,5882,1520,50,63,
32766,5907,1522,61,74,
32766,5901,1506,66,74,
32766,5921,1526,48,84,
32766,5902,1522,56,65,
32766,5930,1511,69,77,
32766,5832,1528,57,49,
32766,5860,1528,50,70,
32766,5840,1534,30,100,
32766,5816,1505,47,51,
32766,5816,1510,44,70,
32766,5817,1546,77,78,
32766,5837,1491,33,78,
32766,5867,1534,63,93,
32766,5843,1500,53,78,
32766,5825,1498,68,80,
32766,5828,1513,61,63,
32766,5812,1512,67,61,
32766,5836,1525,51,67,
32766,5827,1528,45,75,
32766,5820,1499,63,79,
32766,5823,1508,54,61,
32766,5815,1527,73,88,
32766,5814,1539,78,92,
32766,5785,1510,36,74,
32766,5753,1538,79,65,
32766,5749,1522,66,67,
32766,5734,1531,65,74,
32766,5771,1523,69,69,
32766,5758,1516,58,82,
32766,5761,1528,65,82,
32766,5736,1519,69,93,
32766,5761,1507,61,66,
32766,5768,1520,61,82,
32766,5791,1528,59,77,
32766,5846,1548,43,78,
32766,5871,1537,46,97,
32766,5921,1523,33,79,
32766,5950,1530,37,76,
32766,5973,1547,52,91,
32766,6007,1537,68,80,
32766,6101,1541,39,93,
32766,6150,1540,57,79,
32766,6165,1551,57,82,
32766,6245,1558,68,78,
32766,6341,1565,63,72,
32766,6422,1586,51,84,
32766,6536,1595,60,87,
32766,6612,1586,67,82,
32766,6667,1595,67,76,
32766,6699,1580,55,79,
32766,6739,1585,45,84,
32766,6713,1609,81,61,
32766,6710,1608,67,73,
32766,6721,1611,43,102,
32766,6720,1582,56,64,
32766,6703,1610,65,84,
32766,6650,1606,64,64,
32766,6633,1608,50,75,
32766,6554,1582,56,84,
32766,6540,1587,64,77,
32766,6492,1586,65,84,
32766,6471,1583,61,82,
32766,6402,1583,55,76,
32766,6330,1562,58,88,
32766,6277,1587,58,81,
32766,6225,1548,60,80,
32766,6138,1588,72,89,
32766,6127,1560,71,81,
32766,6119,1538,55,89,
32766,6094,1562,66,70,
32766,6123,1559,60,56,
32766,6122,1582,72,89,
32766,6150,1585,71,62,
32766,6187,1580,57,81,
32766,6243,1578,62,64,
32766,6272,1590,46,69,
32766,6279,1585,59,75,
32766,6354,1605,62,72,
32766,6402,1604,56,77,
32766,6457,1614,74,78,
32766,6451,1615,57,82,
32766,6516,1600,69,80,
32766,6530,1581,65,72,
32766,6524,1612,53,99,
32766,6577,1621,51,84,
32766,6639,1639,69,82,
32766,6698,1603,60,53,
32766,6731,1602,62,92,
32766,6814,1634,46,74,
32766,6841,1628,58,89,
32766,6875,1652,45,74,
32766,6887,1659,54,77,
32766,6938,1650,70,89,
32766,6954,1643,65,65,
32766,7002,1648,50,88,
32766,7054,1633,63,85,
32766,7123,1636,91,61,
32766,7200,1685,61,96,
32766,7279,1691,74,59,
32766,7367,1684,60,66,
32766,7466,1690,76,78,
32766,7531,1683,77,61,
32766,7647,1702,71,92,
32766,7727,1691,56,85,
32766,7851,1718,68,72,
32766,7968,1721,51,78,
32766,8117,1735,66,76,
32766,8289,1765,76,88,
32766,8457,1764,65,63,
32766,8607,1781,68,78,
32766,8753,1792,75,80,
32766,8883,1804,84,76,
32766,9006,1818,78,70,
32766,9135,1835,71,77,
32766,9242,1848,59,92,
32766,9328,1887,49,97,
32766,9363,1876,61,92,
32766,9362,1885,63,87,
32766,9353,1888,69,80,
32766,9347,1875,56,81,
32766,9316,1898,66,77,
32766,9310,1876,68,88,
32766,9305,1889,64,90,
32766,9294,1902,56,75,
32766,9299,1886,58,71,
32766,9297,1906,41,74,
32766,9300,1877,62,95,
32766,9278,1886,52,93,
32766,9288,1910,65,93,
32766,9297,1894,64,84,
32766,9267,1901,69,85,
32766,9238,1905,79,85,
32766,9244,1903,68,103,
32766,9229,1913,66,103,
32766,9193,1893,74,84,
32766,9170,1892,78,92,
32766,9138,1893,78,87,
32766,9131,1880,65,88,
32766,9124,1906,66,82,
32766,9122,1895,68,79,
32766,9103,1910,55,71,
32766,9101,1891,56,75,
32766,9061,1929,58,77,
32766,9082,1882,78,69,
32766,9070,1906,58,78,
32766,9079,1894,49,92,
32766,9079,1904,51,90,
32766,9078,1922,64,94,
32766,9063,1883,61,104,
32766,9069,1885,66,85,
32766,9046,1887,69,70,
32766,9037,1885,59,84,
32766,9038,1894,62,90,
32766,9027,1890,58,74,
32766,9011,1890,69,88,
32766,8997,1879,62,85,
32766,9000,1868,71,71,
32766,8980,1871,89,100,
32766,8987,1873,61,81,
32766,8957,1908,58,69,
32766,8976,1896,61,90,
32766,8980,1888,49,92,
32766,8999,1918,67,84,
32766,8993,1887,63,78,
32766,9005,1887,61,79,
32766,9017,1901,65,89,
32766,9022,1890,72,92,
32766,9027,1890,61,85,
32766,9022,1893,47,80,
32766,9051,1910,59,80,
32766,9062,1900,58,74,
32766,9113,1905,53,74,
32766,9185,1915,71,76,
32766,9297,1922,46,101,
32766,9374,1943,49,92,
32766,9527,1954,61,87,
32766,9669,1973,69,93,
32766,9782,1997,64,75,
32766,9895,1989,67,69,
32766,9990,2015,64,86,
32766,10060,2015,70,75,
32766,10092,2016,57,87,
32766,10088,2027,64,82,
32766,10066,2027,62,67,
32766,10034,2037,60,86,
32766,10005,2014,65,85,
32766,9954,2049,62,82,
32766,9924,2024,63,84,
32766,9869,2041,55,79,
32766,9862,2039,64,75,
32766,9848,2020,67,80,
32766,9855,2040,88,70,
32766,9891,2034,66,102,
32766,9877,2051,75,73,
32766,9908,2059,75,89,
32766,9907,2068,61,83,
32766,9901,2070,76,81,
32766,9886,2072,62,88,
32766,9895,2086,66,82,
32766,9904,2082,77,85,
32766,9919,2079,67,73,
32766,9939,2076,62,90,
32766,9950,2078,85,95,
32766,9947,2067,59,110,
32766,9958,2098,77,59,
32766,9978,2122,66,72,
32766,9992,2085,46,86,
32766,10009,2141,89,88,
32766,10029,2144,64,76,
32766,10048,2132,68,69,
32766,10080,2145,76,78,
32766,10113,2161,68,94,
32766,10186,2174,73,79,
32766,10262,2176,71,85,
32766,10286,2188,65,85,
32766,10325,2191,62,85,
32766,10332,2221,62,80,
32766,10323,2208,80,75,
32766,10317,2222,72,93,
32766,10314,2195,70,85,
32766,10336,2210,83,102,
32766,10393,2229,68,90,
32766,10440,2241,95,83,
32766,10499,2296,82,87,
32766,10685,2314,61,98,
32766,10866,2366,77,84,
32766,11107,2412,78,75,
32766,11283,2456,70,81,
32766,11412,2495,72,99,
32766,11541,2544,72,87,
32766,11656,2593,63,92,
32766,11770,2623,84,98,
32766,11835,2645,62,83,
32766,11803,2666,86,94,
32766,11738,2661,79,104,
32766,11646,2673,58,101,
32766,11574,2656,76,94,
32766,11501,2682,90,95,
32766,11487,2669,84,101,
32766,11470,2649,70,83,
32766,11471,2670,85,83,
32766,11470,2681,70,90,
32766,11503,2671,71,99,
32766,11521,2699,65,80,
32766,11547,2695,61,92,
32766,11560,2714,75,88,
32766,11568,2709,84,85,
32766,11551,2727,74,89,
32766,11537,2735,73,92,
32766,11518,2740,68,84,
32766,11531,2740,81,97,
32766,11484,2748,69,83,
32766,11476,2770,75,87,
32766,11479,2760,73,112,
32766,11470,2770,89,98,
32766,11482,2786,80,81,
32766,11466,2774,84,83,
32766,11463,2785,87,94,
32766,11456,2785,78,92,
32766,11449,2778,79,101,
32766,11438,2780,76,92,
32766,11430,2780,73,88,
32766,11421,2776,66,96,
32766,11411,2785,68,87,
32766,11404,2802,73,88,
32766,11383,2776,82,94,
32766,11383,2779,80,91,
32766,11368,2754,61,87,
32766,11347,2759,60,71,
32766,11333,2770,75,72,
32766,11344,2775,67,97,
32766,11334,2780,73,93,
32766,11325,2770,73,90,
32766,11309,2771,71,100,
32766,11302,2774,81,109,
32766,11278,2761,67,107,
32766,11264,2770,75,88,
32766,11261,2743,72,105,
32766,11260,2750,66,89,
32766,11255,2725,53,94,
32766,11229,2751,84,82,
32766,11225,2739,66,101,
32766,11218,2743,81,87,
32766,11204,2775,82,77,
32766,11219,2751,85,85,
32766,11223,2752,73,105,
32766,11226,2759,78,87,
32766,11216,2750,73,90,
32766,11213,2739,72,91,
32766,11201,2725,92,98,
32766,11176,2732,80,109,
32766,11156,2707,68,95,
32766,11130,2716,70,90,
32766,11111,2694,78,79,
32766,11099,2697,82,98,
32766,11084,2698,61,96,
32766,11061,2676,72,96,
32766,11044,2676,80,98,
32766,11051,2659,69,98,
32766,11078,2642,95,95,
32766,11062,2649,82,108,
32766,11051,2642,69,90,
32766,11048,2651,88,85,
32766,11054,2638,67,96,
32766,11053,2640,78,94,
32766,11038,2619,65,89,
32766,11016,2635,74,98,
32766,10984,2639,73,98,
32766,10951,2601,92,90,
32766,10929,2614,70,96,
32766,10909,2648,71,117,
32766,10926,2588,73,92,
32766,10928,2607,71,86,
32766,10923,2624,68,88,
32766,10929,2614,56,98,
32766,10948,2638,74,94,
32766,10950,2625,73,101,
32766,10968,2642,81,98,
32766,10958,2614,78,84,
32766,10924,2595,73,89,
32766,10901,2578,78,94,
32766,10855,2556,72,86,
32766,10802,2538,82,88,
32766,10760,2495,78,102,
32766,10721,2476,64,99,
32766,10667,2471,71,99,
32766,10630,2450,75,82,
32766,10591,2432,74,88,
32766,10561,2411,61,120,
32766,10525,2403,77,78,
32766,10515,2393,67,78,
32766,10512,2415,75,85,
32766,10505,2412,74,102,
32766,10489,2405,85,87,
32766,10476,2408,73,82,
32766,10460,2401,75,94,
32766,10424,2389,72,90,
32766,10404,2380,79,92,
32766,10368,2371,70,100,
32766,10379,2378,64,100,
32766,10384,2375,71,65,
32766,10406,2381,65,92,
32766,10437,2388,70,99,
32766,10476,2407,77,87,
32766,10516,2427,74,122,
32766,10518,2440,75,91,
32766,10545,2457,82,92,
32766,10561,2445,81,87,
32766,10582,2474,71,103,
32766,10565,2458,77,115,
32766,10567,2472,79,89,
32766,10583,2483,76,83,
32766,10592,2494,75,94,
32766,10635,2487,83,96,
32766,10643,2491,57,98,
32766,10653,2501,94,90,
32766,10653,2521,98,80,
32766,10665,2504,71,83,
32766,10649,2511,67,95,
32766,10650,2510,73,69,
32766,10676,2523,88,93,
32766,10684,2527,65,103,
32766,10701,2505,75,92,
32766,10738,2520,75,92,
32766,10763,2540,78,90,
32766,10788,2550,87,98,
32766,10823,2552,75,88,
32766,10856,2557,83,87,
32766,10875,2554,80,90,
32766,10902,2592,66,93,
32766,10909,2594,76,94,
32766,10923,2565,79,97,
32766,10931,2569,69,78,
32766,10969,2584,64,99,
32766,10971,2583,92,98,
32766,11003,2589,59,97,
32766,11019,2592,87,99,
32766,11036,2604,83,91,
32766,11045,2601,77,98,
32766,11043,2603,63,103,
32766,11044,2612,73,98,
32766,11049,2608,81,97,
32766,11042,2591,70,94,
32766,11054,2586,72,93,
32766,11063,2572,80,95,
32766,11078,2614,104,80,
32766,11078,2602,70,99,
32766,11052,2634,91,87,
32766,11039,2618,86,113,
32766,11012,2586,80,104,
32766,10971,2570,103,65,
32766,10960,2578,76,96,
32766,10977,2558,80,85,
32766,10993,2557,78,96,
32766,11000,2523,72,95,
32766,10993,2547,82,92,
32766,11020,2526,70,98,
32766,11061,2518,70,80,
32766,11081,2531,74,78,
32766,11093,2506,73,100,
32766,11116,2512,81,80,
32766,11122,2499,74,80,
32766,11086,2522,94,83,
32766,11101,2491,79,91,
32766,11086,2474,67,100,
32766,11078,2471,72,112,
32766,11063,2472,68,105,
32766,11046,2459,79,87,
32766,11040,2432,59,93,
32766,11054,2444,63,102,
32766,11083,2451,71,105,
32766,11088,2454,78,96,
32766,11082,2444,69,90,
32766,11085,2443,77,93,
32766,11069,2421,72,97,
32766,11056,2425,69,112,
32766,11021,2454,74,105,
32766,11006,2425,92,103,
32766,10973,2431,57,87,
32766,10956,2410,77,96,
32766,10914,2389,70,82,
32766,10893,2422,71,98,
32766,10855,2383,69,85,
32766,10834,2392,73,105,
32766,10811,2387,75,94,
32766,10790,2381,63,90,
32766,10756,2373,72,88,
32766,10724,2378,70,87,
32766,10705,2350,77,79,
32766,10674,2344,80,87,
32766,10663,2389,73,87,
32766,10631,2363,78,94,
32766,10629,2367,76,80,
32766,10624,2342,81,74,
32766,10606,2315,67,86,
32766,10587,2324,72,69,
32766,10553,2297,51,92,
32766,10522,2335,67,103,
32766,10500,2312,78,92,
32766,10466,2299,77,95,
32766,10432,2301,73,81,
32766,10420,2303,69,92,
32766,10398,2292,71,110,
32766,10379,2278,78,98,
32766,10359,2269,66,92,
32766,10339,2271,74,100,
32766,10307,2274,90,100,
32766,10296,2255,68,89,
32766,10270,2280,76,73,
32766,10270,2287,94,87,
32766,10300,2266,78,107,
32766,10294,2263,66,112,
32766,10284,2287,96,79,
32766,10271,2287,75,94,
32766,10294,2292,78,98,
32766,10278,2293,75,99,
32766,10272,2270,84,91,
32766,10260,2259,82,91,
32766,10242,2285,76,99,
32766,10231,2274,64,81,
32766,10242,2281,72,90,
32766,10226,2276,71,102,
32766,10256,2295,96,105,
32766,10259,2262,67,94,
32766,10235,2283,83,82,
32766,10251,2246,45,92,
32766,10221,2257,72,80,
32766,10215,2253,83,86,
32766,10212,2267,62,96,
32766,10194,2277,75,103,
32766,10195,2269,72,93,
32766,10194,2258,89,92,
32766,10180,2271,77,103,
32766,10183,2276,75,96,
32766,10188,2261,63,92,
32766,10188,2267,74,94,
32766,10198,2264,90,68,
32766,10197,2288,47,100,
32766,10197,2274,85,74,
32766,10212,2289,74,90,
32766,10208,2250,67,99,
32766,10222,2262,80,91,
32766,10211,2291,77,73,
32766,10218,2299,79,94,
32766,10239,2278,73,83,
32766,10241,2292,75,91,
32766,10233,2285,77,94,
32766,10249,2293,75,72,
32766,10254,2283,84,81,
32766,10250,2284,75,98,
32766,10264,2292,60,90,
32766,10259,2290,99,91,
32766,10246,2291,96,64,
32766,10258,2288,49,104,
32766,10247,2273,72,89,
32766,10219,2303,70,90,
32766,10215,2260,75,83,
32766,10203,2293,67,83,
32766,10224,2277,86,90,
32766,10212,2284,80,98,
32766,10225,2274,72,89,
32766,10215,2269,69,95,
32766,10202,2270,77,82,
32766,10193,2274,67,99,
32766,10171,2276,71,74,
32766,10163,2269,62,94,
32766,10141,2240,83,94,
32766,10127,2247,84,86,
32766,10126,2239,57,93,
32766,10109,2225,77,91,
32766,10092,2248,72,97,
32766,10060,2229,69,72,
32766,10054,2249,78,97,
32766,10024,2229,70,84,
32766,9985,2212,79,82,
32766,9957,2198,78,74,
32766,9923,2190,73,93,
32766,9915,2181,72,87,
32766,9898,2176,68,90,
32766,9888,2198,83,91,
32766,9877,2178,81,89,
32766,9888,2212,59,96,
32766,9872,2190,55,100,
32766,9842,2179,57,85,
32766,9835,2191,91,86,
32766,9829,2171,82,89,
32766,9818,2194,80,50,
32766,9811,2164,51,95,
32766,9793,2173,82,103,
32766,9795,2151,69,83,
32766,9772,2158,75,96,
32766,9762,2141,72,97,
32766,9727,2136,72,89,
32766,9726,2149,59,98,
32766,9703,2143,78,80,
32766,9690,2116,79,101,
32766,9678,2135,77,99,
32766,9675,2133,57,87,
32766,9682,2115,68,97,
32766,9690,2136,79,83,
32766,9677,2115,61,95,
32766,9679,2119,59,103,
32766,9684,2098,62,94,
32766,9678,2134,79,103,
32766,9667,2118,78,86,
32766,9639,2122,76,86,
32766,9638,2108,69,88,
32766,9645,2109,70,100,
32766,9664,2102,83,96,
32766,9762,2102,73,96,
32766,9858,2104,66,88,
32766,9963,2123,86,94,
32766,10062,2148,83,86,
32766,10152,2146,57,95,
32766,10230,2165,78,72,
32766,10296,2174,69,96,
32766,10333,2200,90,77,
32766,10375,2210,75,80,
32766,10378,2230,94,72,
32766,10392,2243,74,87,
32766,10389,2252,76,93,
32766,10415,2249,67,106,
32766,10454,2288,74,90,
32766,10494,2297,76,93,
32766,10516,2308,73,93,
32766,10506,2314,68,90,
32766,10481,2312,71,92,
32766,10484,2327,69,95,
32766,10480,2324,91,98,
32766,10476,2336,64,93,
32766,10497,2362,92,85,
32766,10503,2360,74,100,
32766,10472,2344,94,96,
32766,10436,2363,65,83,
32766,10456,2380,73,89,
32766,10424,2384,71,85,
32766,10423,2401,75,90,
32766,10401,2413,70,82,
32766,10392,2413,76,97,
32766,10365,2415,78,85,
32766,10326,2421,75,99,
32766,10307,2418,76,98,
32766,10303,2427,84,94,
32766,10301,2420,77,87,
32766,10293,2415,78,101,
32766,10270,2394,56,120,
32766,10261,2415,65,99,
32766,10255,2417,74,86,
32766,10241,2423,92,71,
32766,10233,2374,77,87,
32766,10199,2397,79,79,
32766,10188,2401,77,94,
32766,10159,2378,68,78,
32766,10140,2361,78,82,
32766,10131,2362,78,86,
32766,10115,2365,86,96,
32766,10101,2361,64,85,
32766,10084,2350,89,95,
32766,10107,2350,85,77,
32766,10067,2369,79,92,
32766,10065,2337,69,87,
32766,10056,2315,52,115,
32766,10028,2297,81,81,
32766,10009,2339,81,102,
32766,10019,2298,70,102,
32766,10001,2309,73,89,
32766,10007,2295,79,87,
32766,10009,2308,67,87,
32766,9980,2313,60,96,
32766,9980,2295,78,91,
32766,9983,2300,77,91,
32766,9986,2300,68,93,
32766,9979,2285,79,96,
32766,9969,2279,80,91,
32766,9968,2294,80,80,
32766,9951,2274,73,92,
32766,9961,2291,81,74,
32766,9959,2294,74,92,
32766,9965,2304,91,97,
32766,9957,2293,89,110,
32766,9952,2297,80,101,
32766,9952,2275,57,91,
32766,9946,2271,67,91,
32766,9938,2260,73,86,
32766,9924,2280,75,89,
32766,9898,2273,82,106,
32766,9896,2283,76,94,
32766,9881,2262,75,86,
32766,9871,2264,70,100,
32766,9865,2270,75,99,
32766,9850,2256,84,86,
32766,9857,2253,64,96,
32766,9846,2231,78,81,
32766,9826,2287,80,122,
32766,9832,2246,86,116,
32766,9822,2267,77,97,
32766,9814,2259,64,78,
32766,9820,2257,74,100,
32766,9810,2235,79,94,
32766,9792,2242,82,87,
32766,9780,2226,63,97,
32766,9790,2243,68,94,
32766,9780,2248,83,89,
32766,9774,2210,81,84,
32766,9749,2221,87,93,
32766,9724,2218,75,79,
32766,9703,2234,86,102,
32766,9676,2235,84,89,
32766,9656,2248,59,104,
32766,9646,2211,79,84,
32766,9643,2206,82,95,
32766,9620,2188,74,102,
32766,9607,2205,78,93,
32766,9601,2191,72,90,
32766,9583,2196,78,104,
32766,9568,2193,64,89,
32766,9566,2196,72,90,
32766,9558,2178,81,76,
32766,9560,2184,69,94,
32766,9556,2187,82,91,
32766,9559,2196,83,95,
32766,9543,2200,98,102,
32766,9567,2221,70,99,
32766,9570,2176,74,76,
32766,9575,2184,50,95,
32766,9581,2191,75,85,
32766,9581,2199,78,93,
32766,9576,2206,69,86,
32766,9576,2205,75,97,
32766,9575,2204,70,88,
32766,9566,2184,69,80,
32766,9558,2180,77,81,
32766,9544,2201,81,89,
32766,9548,2185,44,102,
32766,9527,2176,69,106,
32766,9517,2162,60,84,
32766,9505,2199,72,70,
32766,9515,2188,72,89,
32766,9513,2167,96,72,
32766,9498,2184,86,86,
32766,9510,2178,91,93,
32766,9496,2157,78,82,
32766,9491,2163,81,77,
32766,9486,2163,85,100,
32766,9497,2158,75,92,
32766,9487,2168,79,99,
32766,9486,2162,72,97,
32766,9497,2172,64,97,
32766,9495,2143,68,89,
32766,9510,2153,61,93,
32766,9514,2163,72,88,
32766,9503,2149,82,70,
32766,9497,2153,76,94,
32766,9500,2151,85,72,
32766,9496,2158,69,92,
32766,9490,2169,96,119,
32766,9508,2152,73,106,
32766,9504,2163,81,93,
32766,9509,2171,86,92,
32766,9506,2165,84,109,
32766,9518,2173,67,97,
32766,9502,2188,80,86,
32766,9512,2179,82,92,
32766,9528,2155,80,84,
32766,9530,2158,78,109,
32766,9537,2193,91,87,
32766,9522,2164,65,87,
32766,9547,2166,78,94,
32766,9541,2143,61,72,
32766,9543,2179,65,96,
32766,9548,2172,54,95,
32766,9550,2173,78,80,
32766,9547,2179,79,92,
32766,9549,2176,74,91,
32766,9549,2177,66,89,
32766,9544,2176,77,98,
32766,9550,2177,70,77,
32766,9558,2172,84,96,
32766,9566,2171,77,92,
32766,9575,2192,67,106,
32766,9556,2193,71,104,
32766,9569,2169,80,95,
32766,9576,2202,66,109,
32766,9565,2169,77,93,
32766,9567,2190,87,104,
32766,9585,2186,83,77,
32766,9582,2172,86,84,
32766,9588,2183,88,98,
32766,9586,2185,80,92,
32766,9592,2186,81,88,
32766,9616,2202,72,87,
32766,9622,2200,76,82,
32766,9639,2202,77,92,
32766,9644,2210,75,97,
32766,9658,2209,76,88,
32766,9656,2214,66,97,
32766,9648,2245,71,80,
32766,9659,2198,67,101,
32766,9673,2209,74,84,
32766,9664,2202,79,85,
32766,9690,2182,54,81,
32766,9688,2219,70,101,
32766,9672,2210,62,83,
32766,9676,2207,74,91,
32766,9673,2209,87,90,
32766,9688,2201,82,98,
32766,9675,2214,71,90,
32766,9678,2215,70,95,
32766,9680,2204,75,94,
32766,9670,2199,71,97,
32766,9666,2220,69,98,
32766,9660,2199,99,76,
32766,9661,2211,89,77,
32766,9678,2212,63,99,
32766,9668,2193,69,88,
32766,9672,2209,92,68,
32766,9682,2215,73,95,
32766,9685,2215,73,92,
32766,9710,2214,73,94,
32766,9710,2212,79,93,
32766,9700,2209,65,93,
32766,9714,2206,78,92,
32766,9712,2212,78,76,
32766,9696,2203,66,95,
32766,9708,2232,76,98,
32766,9716,2208,62,91,
32766,9710,2202,77,94,
32766,9699,2220,73,92,
32766,9706,2227,76,103,
32766,9690,2219,96,71,
32766,9689,2222,82,69,
32766,9694,2239,89,102,
32766,9684,2210,66,86,
32766,9699,2216,81,86,
32766,9697,2215,65,104,
32766,9709,2225,63,90,
32766,9720,2213,71,86,
32766,9723,2236,68,94,
32766,9734,2216,65,88,
32766,9742,2222,62,93,
32766,9734,2230,66,82,
32766,9741,2217,87,79,
32766,9755,2228,68,79,
32766,9751,2205,72,108,
32766,9754,2230,79,82,
32766,9781,2242,68,105,
32766,9776,2253,69,88,
32766,9790,2258,71,101,
32766,9791,2231,61,87,
32766,9802,2226,65,89,
32766,9788,2245,77,81,
32766,9808,2232,82,95,
32766,9807,2252,80,78,
32766,9812,2245,74,87,
32766,9823,2241,73,89,
32766,9831,2266,70,89,
32766,9839,2233,65,98,
32766,9823,2251,73,91,
32766,9837,2247,78,87,
32766,9845,2259,72,95,
32766,9844,2276,93,76,
32766,9856,2284,86,88,
32766,9855,2272,86,76,
32766,9864,2249,58,104,
32766,9887,2265,72,92,
32766,9892,2279,88,90,
32766,9897,2271,69,78,
32766,9906,2289,75,93,
32766,9914,2275,79,105,
32766,9943,2274,91,83,
32766,9933,2287,74,83,
32766,9929,2290,67,102,
32766,9932,2291,66,87,
32766,9933,2301,94,87,
32766,9933,2305,71,88,
32766,9935,2287,77,83,
32766,9925,2282,57,76,
32766,9975,2295,74,93,
32766,10005,2332,78,100,
32766,10011,2320,73,87,
32766,10039,2327,75,89,
32766,10055,2324,85,95,
32766,10109,2335,66,95,
32766,10168,2346,83,90,
32766,10235,2369,69,107,
32766,10279,2360,62,80,
32766,10344,2376,84,72,
32766,10378,2378,81,90,
32766,10398,2394,75,91,
32766,10414,2378,60,98,
32766,10445,2382,75,106,
32766,10495,2385,99,98,
32766,10548,2400,76,92,
32766,10603,2435,89,90,
32766,10653,2436,77,105,
32766,10686,2426,75,87,
32766,10739,2461,75,96,
32766,10781,2464,69,86,
32766,10804,2467,72,83,
32766,10830,2481,80,87,
32766,10830,2490,68,87,
32766,10848,2491,56,101,
32766,10855,2499,78,76,
32766,10875,2482,63,106,
32766,10855,2505,69,90,
32766,10886,2511,77,83,
32766,10873,2525,74,110,
32766,10877,2503,79,88,
32766,10867,2490,70,105,
32766,10843,2496,67,103,
32766,10825,2504,70,90,
32766,10796,2483,56,97,
32766,10761,2471,73,100,
32766,10742,2475,83,83,
32766,10732,2474,68,105,
32766,10709,2461,67,97,
32766,10682,2460,85,97,
32766,10662,2460,79,94,
32766,10638,2445,86,96,
32766,10628,2447,67,108,
32766,10603,2424,66,90,
32766,10563,2440,75,120,
32766,10545,2405,79,85,
32766,10523,2412,63,82,
32766,10493,2394,74,101,
32766,10477,2393,72,90,
32766,10463,2382,77,90,
32766,10462,2378,68,97,
32766,10452,2378,75,102,
32766,10442,2395,77,84,
32766,10436,2373,88,96,
32766,10440,2399,71,94,
32766,10446,2367,80,94,
32766,10446,2378,54,112,
32766,10436,2380,62,101,
32766,10449,2369,74,89,
32766,10441,2394,96,76,
32766,10455,2398,95,101,
32766,10460,2403,106,59,
32766,10463,2390,64,91,
32766,10471,2388,80,84,
32766,10484,2386,84,91,
32766,10497,2385,71,85,
32766,10498,2395,84,88,
32766,10499,2401,71,79,
32766,10509,2408,81,85,
32766,10503,2408,76,94,
32766,10510,2383,91,80,
32766,10514,2421,84,88,
32766,10525,2400,84,96,
32766,10514,2379,82,94,
32766,10519,2397,87,76,
32766,10521,2410,82,81,
32766,10551,2385,70,93,
32766,10537,2402,86,82,
32766,10544,2404,82,99,
32766,10561,2411,78,96,
32766,10554,2418,71,109,
32766,10570,2420,84,105,
32766,10593,2420,80,95,
32766,10604,2444,69,101,
32766,10624,2429,81,95,
32766,10636,2449,65,88,
32766,10624,2465,70,82,
32766,10641,2445,79,106,
32766,10609,2454,77,86,
32766,10604,2437,79,102,
32766,10569,2434,76,89,
32766,10557,2416,68,100,
32766,10545,2409,59,89,
32766,10499,2391,68,88,
32766,10480,2389,78,84,
32766,10472,2389,68,102,
32766,10448,2394,77,95,
32766,10454,2404,68,95,
32766,10468,2405,75,88,
32766,10470,2421,70,90,
32766,10489,2410,93,100,
32766,10508,2391,86,87,
32766,10514,2428,81,105,
32766,10515,2425,78,98,
32766,10532,2448,94,78,
32766,10548,2440,71,92,
32766,10550,2444,54,92,
32766,10560,2457,77,96,
32766,10573,2471,85,77,
32766,10607,2477,71,84,
32766,10622,2478,87,98,
32766,10625,2491,71,102,
32766,10653,2463,77,82,
32766,10651,2497,78,91,
32766,10657,2487,67,95,
32766,10669,2481,58,80,
32766,10664,2481,63,91,
32766,10638,2473,61,113,
32766,10650,2462,57,81,
32766,10625,2450,70,91,
32766,10632,2457,92,82,
32766,10628,2460,79,102,
32766,10627,2442,78,86,
32766,10644,2447,75,93,
32766,10654,2476,71,88,
32766,10684,2450,85,89,
32766,10702,2466,72,82,
32766,10715,2471,80,98,
32766,10720,2473,75,95,
32766,10720,2478,70,104,
32766,10742,2468,71,93,
32766,10747,2498,52,108,
32766,10752,2471,72,106,
32766,10751,2481,75,76,
32766,10763,2499,73,90,
32766,10770,2497,68,93,
32766,10767,2484,93,85,
32766,10801,2479,81,94,
32766,10779,2491,63,102,
32766,10777,2481,72,86,
32766,10753,2468,78,80,
32766,10761,2472,62,100,
32766,10742,2466,74,88,
32766,10742,2472,71,92,
32766,10739,2479,82,100,
32766,10751,2461,85,91,
32766,10749,2463,69,93,
32766,10720,2490,89,87,
32766,10722,2428,82,80,
32766,10722,2464,71,98,
32766,10741,2451,73,99,
32766,10766,2466,78,89,
32766,10792,2484,65,98,
32766,10839,2499,57,115,
32766,10880,2506,73,92,
32766,10913,2501,68,84,
32766,10952,2523,63,102,
32766,10959,2514,70,97,
32766,10969,2525,67,89,
32766,10956,2516,64,96,
32766,10958,2507,69,99,
32766,10942,2511,80,91,
32766,10934,2477,77,68,
32766,10920,2482,64,97,
32766,10893,2466,71,90,
32766,10876,2472,74,83,
32766,10897,2452,67,80,
32766,10880,2448,75,103,
32766,10872,2474,82,103,
32766,10861,2437,75,87,
32766,10870,2427,85,83,
32766,10867,2427,67,104,
32766,10836,2422,83,92,
32766,10811,2414,80,90,
32766,10792,2399,64,86,
32766,10767,2398,79,91,
32766,10744,2402,76,92,
32766,10719,2372,79,73,
32766,10672,2376,51,109,
32766,10655,2353,56,100,
32766,10657,2356,55,98,
32766,10630,2354,77,73,
32766,10617,2347,65,99,
32766,10597,2350,74,78,
32766,10587,2336,73,98,
32766,10602,2338,75,86,
32766,10594,2345,69,88,
32766,10584,2329,63,78,
32766,10589,2338,78,96,
32766,10575,2331,70,98,
32766,10581,2330,74,94,
32766,10581,2337,78,103,
32766,10586,2345,64,103,
32766,10595,2330,74,99,
32766,10593,2342,65,93,
32766,10596,2348,67,74,
32766,10592,2339,78,98,
32766,10563,2345,84,88,
32766,10583,2343,63,102,
32766,10584,2317,62,98,
32766,10565,2342,78,98,
32766,10555,2327,72,91,
32766,10556,2326,73,86,
32766,10541,2320,80,82,
32766,10535,2318,75,87,
32766,10515,2306,55,84,
32766,10501,2308,74,82,
32766,10514,2333,73,102,
32766,10508,2316,64,69,
32766,10514,2323,55,84,
32766,10507,2315,61,80,
32766,10500,2330,61,96,
32766,10495,2323,53,97,
32766,10515,2335,83,100,
32766,10481,2313,76,98,
32766,10475,2318,76,89,
32766,10478,2313,84,91,
32766,10491,2309,66,93,
32766,10496,2319,77,93,
32766,10502,2310,73,102,
32766,10525,2326,69,85,
32766,10524,2317,74,84,
32766,10523,2308,68,104,
32766,10529,2334,63,106,
32766,10533,2366,73,89,
32766,10526,2347,97,77,
32766,10533,2336,69,106,
32766,10527,2323,78,76,
32766,10550,2308,70,95,
32766,10543,2310,77,65,
32766,10565,2353,69,92,
32766,10576,2344,81,86,
32766,10589,2356,78,87,
32766,10601,2372,75,89,
32766,10615,2360,75,88,
32766,10610,2368,85,89,
32766,10606,2366,68,82,
32766,10606,2351,77,88,
32766,10607,2363,81,79,
32766,10613,2339,69,97,
32766,10600,2353,69,80,
32766,10581,2380,76,79,
32766,10612,2355,69,96,
32766,10596,2382,86,89,
32766,10611,2389,77,111,
32766,10631,2367,67,84,
32766,10626,2374,76,93,
32766,10620,2375,74,74,
32766,10632,2371,62,98,
32766,10619,2380,70,82,
32766,10629,2383,72,93,
32766,10644,2379,69,91,
32766,10651,2391,68,98,
32766,10690,2399,74,104,
32766,10729,2406,57,95,
32766,10779,2446,64,118,
32766,10793,2445,71,80,
32766,10853,2474,71,104,
32766,10887,2463,67,98,
32766,10907,2480,68,80,
32766,10924,2484,75,75,
32766,10964,2473,81,80,
32766,10968,2499,81,96,
32766,10985,2481,78,87,
32766,11000,2491,77,97,
32766,11042,2501,77,95,
32766,11063,2512,63,97,
32766,11096,2524,55,94,
32766,11154,2527,77,86,
32766,11173,2528,87,95,
32766,11228,2554,55,83,
32766,11231,2561,72,84,
32766,11285,2562,74,88,
32766,11295,2556,81,87,
32766,11328,2565,73,108,
32766,11354,2589,69,88,
32766,11368,2583,78,95,
32766,11393,2587,71,93,
32766,11431,2596,67,97,
32766,11476,2615,92,87,
32766,11515,2610,69,103,
32766,11548,2630,74,84,
32766,11588,2643,79,91,
32766,11653,2660,76,87,
32766,11721,2673,91,71,
32766,11772,2686,64,92,
32766,11839,2709,78,88,
32766,11885,2702,83,67,
32766,11951,2731,80,95,
32766,11995,2745,71,93,
32766,12050,2759,71,95,
32766,12095,2783,86,86,
32766,12166,2797,68,96,
32766,12204,2806,76,90,
32766,12262,2814,66,97,
32766,12297,2826,67,99,
32766,12323,2866,83,109,
32766,12378,2862,73,94,
32766,12408,2880,73,102,
32766,12451,2879,82,73,
32766,12471,2902,107,100,
32766,12520,2903,91,100,
32766,12539,2903,68,95,
32766,12562,2901,81,104,
32766,12582,2932,99,89,
32766,12574,2947,74,81,
32766,12603,2945,76,106,
32766,12608,2930,77,89,
32766,12622,2946,68,97,
32766,12634,2940,88,95,
32766,12629,2931,81,98,
32766,12627,2936,82,97,
32766,12622,2955,73,97,
32766,12624,2933,70,90,
32766,12625,2934,80,101,
32766,12636,2944,74,90,
32766,12632,2964,86,83,
32766,12674,2953,54,113,
32766,12704,2971,66,110,
32766,12751,2990,78,88,
32766,12798,3003,86,100,
32766,12839,3033,67,110,
32766,12855,3036,74,103,
32766,12889,3050,72,102,
32766,12911,3065,78,96,
32766,12934,3069,71,101,
32766,12940,3044,68,92,
32766,12948,3052,83,96,
32766,12918,3046,80,102,
32766,12933,3034,62,88,
32766,12900,3025,69,83,
32766,12854,3008,84,101,
32766,12794,2978,79,66,
32766,12740,2986,88,87,
32766,12684,2946,74,105,
32766,12611,2912,66,92,
32766,12550,2908,67,107,
32766,12441,2882,67,85,
32766,12375,2859,81,101,
32766,12291,2815,71,86,
32766,12215,2783,84,99,
32766,12129,2742,73,97,
32766,12063,2722,82,95,
32766,11993,2709,70,102,
32766,11918,2660,77,101,
32766,11872,2651,69,97,
32766,11816,2620,62,103,
32766,11781,2635,79,90,
32766,11728,2604,94,75,
32766,11678,2592,82,100,
32766,11635,2579,71,68,
32766,11614,2566,64,92,
32766,11608,2554,70,84,
32766,11572,2548,69,93,
32766,11558,2546,89,90,
32766,11545,2530,74,98,
32766,11532,2554,73,82,
32766,11509,2535,74,90,
32766,11501,2536,77,99,
32766,11464,2508,85,94,
32766,11460,2502,76,80,
32766,11420,2520,71,86,
32766,11402,2534,53,85,
32766,11401,2512,75,96,
32766,11371,2505,83,90,
32766,11363,2437,82,75,
32766,11363,2488,61,91,
32766,11344,2503,77,87,
32766,11337,2496,79,92,
32766,11310,2492,79,88,
32766,11295,2479,81,97,
32766,11290,2490,74,106,
32766,11264,2486,71,89,
32766,11243,2475,81,102,
32766,11219,2471,60,93,
32766,11191,2477,85,82,
32766,11161,2452,91,91,
32766,11114,2451,70,82,
32766,11095,2444,52,113,
32766,11034,2409,65,74,
32766,11011,2407,67,104,
32766,10962,2444,71,101,
32766,10957,2414,82,80,
32766,10954,2402,78,91,
32766,10940,2402,81,108,
32766,10910,2395,72,88,
32766,10891,2393,65,108,
32766,10885,2389,68,87,
32766,10859,2399,74,94,
32766,10842,2397,82,111,
32766,10828,2373,86,82,
32766,10828,2366,73,89,
32766,10799,2359,74,94,
32766,10816,2359,66,84,
32766,10798,2374,72,103,
32766,10793,2343,61,85,
32766,10778,2389,66,91,
32766,10755,2382,71,89,
32766,10747,2377,57,104,
32766,10735,2380,76,86,
32766,10737,2359,72,103,
32766,10726,2369,70,102,
32766,10709,2381,62,84,
32766,10705,2348,59,100,
32766,10692,2362,78,92,
32766,10670,2334,73,91,
32766,10674,2328,71,92,
32766,10643,2313,67,96,
32766,10635,2310,82,97,
32766,10658,2335,68,95,
32766,10668,2351,76,97,
32766,10653,2343,78,101,
32766,10641,2341,83,80,
32766,10643,2351,80,94,
32766,10632,2338,76,95,
32766,10617,2328,73,96,
32766,10610,2326,73,76,
32766,10611,2340,73,88,
32766,10592,2328,59,96,
32766,10585,2324,81,104,
32766,10565,2310,68,88,
32766,10560,2324,75,99,
32766,10551,2311,71,89,
32766,10560,2339,59,81,
32766,10539,2311,72,103,
32766,10539,2303,73,97,
32766,10517,2326,76,123,
32766,10498,2302,72,75,
32766,10472,2324,91,76,
32766,10485,2293,61,84,
32766,10471,2305,68,92,
32766,10488,2298,71,111,
32766,10474,2316,68,96,
32766,10492,2303,81,91,
32766,10493,2314,69,83,
32766,10487,2317,79,87,
32766,10515,2322,82,85,
32766,10533,2318,87,103,
32766,10539,2327,69,91,
32766,10573,2366,65,111,
32766,10597,2359,75,100,
32766,10624,2366,79,107,
32766,10633,2367,96,83,
32766,10666,2384,70,105,
32766,10692,2371,74,82,
32766,10725,2375,73,100,
32766,10760,2386,75,85,
32766,10794,2402,63,95,
32766,10837,2405,82,91,
32766,10854,2408,73,83,
32766,10892,2429,78,88,
32766,10918,2431,73,88,
32766,10946,2417,78,70,
32766,10961,2446,79,88,
32766,10997,2446,74,85,
32766,11014,2444,78,76,
32766,11037,2452,69,101,
32766,11060,2472,106,74,
32766,11084,2436,65,95,
32766,11080,2479,72,83,
32766,11096,2467,74,100,
32766,11106,2456,88,87,
32766,11105,2455,77,102,
32766,11105,2460,87,97,
32766,11086,2432,74,99,
32766,11061,2433,73,110,
32766,11057,2434,69,89,
32766,11023,2431,87,78,
32766,11013,2414,80,78,
32766,11022,2414,82,70,
32766,11040,2455,89,91,
32766,11072,2454,79,96,
32766,11093,2477,83,92,
32766,11134,2484,93,79,
32766,11148,2477,88,89,
32766,11142,2472,73,86,
32766,11173,2493,75,92,
32766,11178,2502,57,105,
32766,11190,2512,70,103,
32766,11207,2524,65,93,
32766,11196,2524,78,96,
32766,11209,2508,75,95,
32766,11194,2529,81,107,
32766,11172,2516,67,88,
32766,11111,2492,72,116,
32766,11078,2468,84,108,
32766,11047,2489,71,115,
32766,11004,2478,70,92,
32766,10961,2455,71,96,
32766,10933,2446,85,85,
32766,10890,2452,89,111,
32766,10847,2454,76,103,
32766,10798,2418,75,103,
32766,10752,2406,76,91,
32766,10711,2398,71,91,
32766,10658,2377,85,85,
32766,10617,2361,90,92,
32766,10570,2350,77,93,
32766,10518,2317,89,95,
32766,10482,2320,73,98,
32766,10449,2308,79,85,
32766,10408,2305,62,112,
32766,10391,2297,88,92,
32766,10365,2266,90,62,
32766,10343,2249,81,86,
32766,10303,2252,79,85,
32766,10258,2252,68,89,
32766,10242,2261,79,102,
32766,10233,2253,87,94,
32766,10232,2243,77,93,
32766,10220,2243,63,85,
32766,10206,2239,73,100,
32766,10198,2230,77,90,
32766,10174,2217,63,114,
32766,10166,2209,66,108,
32766,10150,2203,66,89,
32766,10144,2187,73,107,
32766,10135,2206,82,108,
32766,10127,2210,92,89,
32766,10111,2219,69,109,
32766,10107,2208,60,92,
32766,10100,2191,77,95,
32766,10100,2191,59,100,
32766,10083,2195,80,92,
32766,10072,2175,69,84,
32766,10073,2180,60,101,
32766,10057,2190,61,94,
32766,10052,2181,73,91,
32766,10046,2183,78,91,
32766,10042,2158,89,95,
32766,10029,2180,79,95,
32766,10005,2178,69,110,
32766,10007,2163,70,103,
32766,9979,2159,70,80,
32766,9972,2182,59,96,
32766,9970,2174,72,111,
32766,9957,2157,72,96,
32766,9949,2166,72,95,
32766,9960,2166,75,102,
32766,9959,2176,78,97,
32766,9958,2191,71,90,
32766,9965,2178,70,89,
32766,9956,2179,82,107,
32766,9922,2167,71,100,
32766,9914,2158,60,98,
32766,9892,2174,69,92,
32766,9889,2171,81,80,
32766,9869,2171,74,92,
32766,9855,2145,64,105,
32766,9848,2137,51,94,
32766,9841,2161,77,98,
32766,9832,2129,76,104,
32766,9833,2156,73,96,
32766,9820,2158,81,105,
32766,9820,2172,85,96,
32766,9814,2153,72,89,
32766,9846,2159,75,105,
32766,9832,2163,69,90,
32766,9832,2166,69,103,
32766,9843,2170,69,99,
32766,9851,2144,84,98,
32766,9861,2189,70,122,
32766,9862,2196,80,77,
32766,9875,2178,75,90,
32766,9902,2179,68,103,
32766,9936,2214,64,104,
32766,9949,2215,75,84,
32766,9983,2210,58,79,
32766,9985,2221,65,97,
32766,10010,2224,73,98,
32766,10028,2243,75,83,
32766,10040,2229,74,99,
32766,10064,2254,67,95,
32766,10078,2254,74,86,
32766,10098,2245,72,88,
32766,10115,2242,71,110,
32766,10118,2289,71,98,
32766,10121,2275,84,103,
32766,10133,2269,71,103,
32766,10127,2237,68,97,
32766,10140,2272,67,84,
32766,10142,2276,63,95,
32766,10148,2286,85,95,
32766,10144,2285,70,95,
32766,10145,2261,72,116,
32766,10132,2273,57,97,
32766,10122,2258,76,93,
32766,10110,2253,75,88,
32766,10089,2254,77,90,
32766,10073,2240,85,80,
32766,10059,2236,80,92,
32766,10029,2227,66,108,
32766,10039,2229,84,82,
32766,10016,2231,77,106,
32766,10011,2243,85,86,
32766,9995,2230,101,76,
32766,10024,2227,85,109,
32766,9986,2231,71,97,
32766,9990,2219,81,90,
32766,9986,2209,73,93,
32766,10000,2205,77,99,
32766,9994,2206,77,96,
32766,10000,2214,73,88,
32766,10006,2197,65,88,
32766,9997,2214,72,86,
32766,10001,2191,76,99,
32766,9992,2230,96,109,
32766,10006,2223,69,109,
32766,10010,2211,73,87,
32766,10006,2222,73,90,
32766,9995,2194,52,96,
32766,10017,2217,52,112,
32766,10020,2212,95,78,
32766,10022,2221,70,95,
32766,10017,2222,79,98,
32766,10018,2219,77,91,
32766,10023,2222,69,105,
32766,10027,2221,69,90,
32766,10023,2241,63,98,
32766,10035,2226,82,82,
32766,10045,2219,75,101,
32766,10041,2235,78,87,
32766,10047,2220,64,104,
32766,10053,2248,93,100,
32766,10077,2227,74,82,
32766,10088,2255,65,96,
32766,10085,2270,78,99,
32766,10073,2258,67,87,
32766,10090,2238,83,96,
32766,10073,2250,80,88,
32766,10080,2242,68,100,
32766,10084,2238,78,102,
32766,10075,2233,69,100,
32766,10085,2242,65,98,
32766,10101,2231,90,78,
32766,10098,2254,79,92,
32766,10091,2234,105,83,
32766,10089,2248,76,84,
32766,10091,2213,76,94,
32766,10110,2229,84,95,
32766,10107,2227,54,73,
32766,10121,2229,61,96,
32766,10113,2256,67,94,
32766,10081,2217,60,89,
32766,10060,2221,66,101,
32766,10015,2210,69,80,
32766,10017,2194,74,93,
32766,10013,2194,71,89,
32766,9985,2199,75,80,
32766,9979,2175,63,102,
32766,9954,2181,76,99,
32766,9928,2174,57,92,
32766,9918,2143,57,105,
32766,9897,2182,48,101,
32766,9894,2149,89,93,
32766,9885,2147,78,99,
32766,9865,2169,75,98,
32766,9857,2131,57,101,
32766,9882,2151,65,75,
32766,9887,2157,85,97,
32766,9899,2167,77,88,
32766,9894,2152,66,96,
32766,9910,2156,84,93,
32766,9902,2159,67,98,
32766,9901,2187,83,92,
32766,9920,2164,77,95,
32766,9949,2161,70,89,
32766,9933,2158,84,90,
32766,9929,2166,75,93,
32766,9950,2182,73,107,
32766,9954,2189,70,109,
32766,9973,2187,80,100,
32766,9960,2195,83,109,
32766,9939,2182,84,98,
32766,9924,2145,63,94,
32766,9901,2148,80,91,
32766,9874,2158,93,102,
32766,9841,2139,67,92,
32766,9810,2137,72,90,
32766,9805,2115,70,91,
32766,9750,2105,77,92,
32766,9715,2092,73,101,
32766,9668,2080,70,98,
32766,9640,2071,66,82,
32766,9625,2057,83,87,
32766,9600,2060,72,90,
32766,9602,2082,77,103,
32766,9610,2069,104,77,
32766,9599,2062,90,88,
32766,9596,2067,60,78,
32766,9609,2072,84,89,
32766,9609,2076,78,103,
32766,9617,2080,74,97,
32766,9628,2077,65,87,
32766,9632,2090,74,88,
32766,9648,2089,73,97,
32766,9663,2102,72,97,
32766,9671,2101,71,95,
32766,9695,2108,56,92,
32766,9712,2121,71,121,
32766,9739,2145,47,73,
32766,9770,2134,85,93,
32766,9804,2115,100,70,
32766,9833,2142,88,86,
32766,9848,2142,65,94,
32766,9863,2157,64,86,
32766,9903,2158,67,92,
32766,9926,2178,74,94,
32766,9935,2183,73,91,
32766,9935,2177,77,84,
32766,9958,2162,68,106,
32766,9959,2185,73,102,
32766,9978,2189,85,102,
32766,9986,2205,71,88,
32766,9992,2201,67,71,
32766,10020,2178,61,102,
32766,10004,2173,66,98,
32766,10007,2185,85,100,
32766,10006,2204,83,120,
32766,9980,2183,62,71,
32766,9952,2176,84,92,
32766,9957,2177,71,87,
32766,9930,2161,80,97,
32766,9932,2161,83,96,
32766,9943,2150,70,86,
32766,9927,2171,70,98,
32766,9918,2173,71,100,
32766,9932,2185,65,81,
32766,9937,2188,70,97,
32766,9912,2195,70,69,
32766,9917,2202,57,100,
32766,9936,2206,72,95,
32766,9947,2227,79,96,
32766,9992,2245,80,119,
32766,10037,2264,85,86,
32766,10113,2281,78,99,
32766,10139,2307,78,85,
32766,10152,2294,82,87,
32766,10128,2300,77,87,
32766,10123,2291,64,99,
32766,10090,2292,76,94,
32766,10081,2264,80,103,
32766,10061,2268,74,98,
32766,10053,2280,75,86,
32766,10050,2274,60,116,
32766,10042,2266,102,73,
32766,10067,2270,85,100,
32766,10064,2284,76,89,
32766,10078,2262,65,79,
32766,10062,2286,87,85,
32766,10055,2239,78,99,
32766,10079,2276,77,103,
32766,10072,2277,74,86,
32766,10074,2297,82,90,
32766,10089,2295,87,94,
32766,10094,2282,76,90,
32766,10079,2281,76,96,
32766,10075,2286,85,89,
32766,10094,2300,65,113,
32766,10074,2285,72,108,
32766,10077,2293,71,108,
32766,10092,2298,99,81,
32766,10094,2297,76,90,
32766,10109,2309,79,98,
32766,10102,2293,88,74,
32766,10152,2325,86,100,
32766,10187,2325,70,84,
32766,10227,2337,69,105,
32766,10264,2361,85,102,
32766,10293,2360,67,92,
32766,10317,2377,75,97,
32766,10344,2384,87,99,
32766,10399,2395,81,105,
32766,10443,2422,85,91,
32766,10513,2426,81,89,
32766,10588,2496,74,89,
32766,10646,2494,57,76,
32766,10686,2516,99,98,
32766,10721,2541,102,86,
32766,10750,2511,78,90,
32766,10764,2516,70,96,
32766,10809,2562,73,98,
32766,10870,2577,81,90,
32766,10934,2597,78,98,
32766,11009,2618,89,102,
32766,11095,2671,76,101,
32766,11151,2680,72,105,
32766,11187,2688,76,96,
32766,11198,2689,74,97,
32766,11179,2676,77,112,
32766,11150,2681,79,99,
32766,11114,2656,63,90,
32766,11095,2661,90,100,
32766,11091,2642,83,110,
32766,11092,2661,74,98,
32766,11080,2625,93,89,
32766,11066,2645,74,106,
32766,11073,2630,63,105,
32766,11046,2638,81,93,
32766,11043,2624,78,94,
32766,10999,2609,68,104,
32766,10962,2588,77,97,
32766,10945,2589,72,105,
32766,10914,2568,70,84,
32766,10901,2579,79,107,
32766,10901,2576,70,99,
32766,10888,2565,72,98,
32766,10837,2531,92,90,
32766,10819,2535,84,99,
32766,10807,2515,76,95,
32766,10769,2532,103,84,
32766,10752,2501,91,83,
32766,10756,2526,71,97,
32766,10738,2521,77,109,
32766,10744,2503,64,103,
32766,10751,2510,68,92,
32766,10731,2520,81,82,
32766,10718,2518,88,101,
32766,10699,2502,85,86,
32766,10703,2497,87,91,
32766,10663,2485,70,94,
32766,10647,2488,83,107,
32766,10644,2477,74,110,
32766,10631,2481,87,107,
32766,10641,2493,96,93,
32766,10668,2472,81,106,
32766,10675,2487,81,100,
32766,10684,2478,81,90,
32766,10679,2480,84,94,
32766,10668,2490,79,93,
32766,10666,2487,77,89,
32766,10669,2469,69,95,
32766,10695,2499,72,108,
32766,10716,2516,77,99,
32766,10721,2510,87,105,
