32766,7189,1998,83,78,
32766,7189,2007,89,95,
32766,7180,2025,77,91,
32766,7200,1994,66,84,
32766,7210,2027,76,96,
32766,7215,2005,63,76,
32766,7214,2009,79,79,
32766,7220,2009,67,90,
32766,7202,2017,87,52,
32766,7198,2032,70,84,
32766,7218,2016,92,93,
32766,7201,2015,72,89,
32766,7204,1997,84,100,
32766,7185,2010,75,83,
32766,7198,2005,74,84,
32766,7196,2018,88,92,
32766,7201,2017,76,70,
32766,7204,2005,79,92,
32766,7205,1988,89,88,
32766,7210,2004,99,96,
32766,7224,2024,77,74,
32766,7211,2025,88,103,
32766,7227,1996,84,106,
32766,7232,1997,117,79,
32766,7251,2015,82,72,
32766,7226,2003,91,85,
32766,7238,1995,87,72,
32766,7231,2038,91,85,
32766,7225,2000,91,89,
32766,7218,2009,87,103,
32766,7219,2000,80,104,
32766,7226,2016,85,104,
32766,7228,2011,69,85,
32766,7220,2021,97,86,
32766,7218,2010,69,89,
32766,7210,2019,71,91,
32766,7212,2030,81,76,
32766,7238,2017,87,85,
32766,7246,2012,89,97,
32766,7235,2009,92,81,
32766,7238,2004,90,91,
32766,7236,1999,43,82,
32766,7243,2017,90,79,
32766,7249,2005,86,85,
32766,7251,2010,98,83,
32766,7241,2021,71,91,
32766,7241,2014,93,80,
32766,7241,2013,81,96,
32766,7244,2027,83,80,
32766,7249,2003,84,84,
32766,7244,2016,82,86,
32766,7247,1988,76,89,
32766,7256,1995,85,84,
32766,7238,2016,91,88,
32766,7226,2020,96,87,
32766,7229,2024,87,90,
32766,7220,1998,107,73,
32766,7223,2002,109,56,
32766,7225,2008,80,95,
32766,7210,2002,94,83,
32766,7196,2002,83,74,
32766,7206,2000,79,80,
32766,7192,1997,93,83,
32766,7191,2008,97,91,
32766,7198,2000,92,77,
32766,7184,2004,79,84,
32766,7183,2015,84,65,
32766,7175,1984,101,96,
32766,7164,2005,63,117,
32766,7163,2003,88,82,
32766,7145,2006,89,89,
32766,7129,1981,81,82,
32766,7139,2005,72,101,
32766,7147,1978,80,81,
32766,7136,2009,78,89,
32766,7151,2001,93,88,
32766,7150,2013,82,81,
32766,7153,1995,75,94,
32766,7145,1993,95,80,
32766,7153,2009,88,85,
32766,7146,2004,77,86,
32766,7131,2002,89,90,
32766,7135,1999,83,100,
32766,7119,1987,88,99,
32766,7133,1978,74,82,
32766,7109,1987,92,82,
32766,7097,1975,113,84,
32766,7092,1982,93,69,
32766,7093,1993,75,97,
32766,7105,2000,80,74,
32766,7108,1994,73,86,
32766,7082,1984,76,82,
32766,7085,1987,80,97,
32766,7087,2002,84,90,
32766,7074,1984,86,89,
32766,7104,1985,84,84,
32766,7094,1993,83,80,
32766,7088,1998,61,73,
32766,7077,1991,88,84,
32766,7075,1985,57,77,
32766,7054,1980,73,108,
32766,7056,1986,117,88,
32766,7049,1991,105,77,
32766,7037,1975,103,92,
32766,7054,1984,96,80,
32766,7029,1972,95,83,
32766,7027,1980,100,94,
32766,7037,1981,78,74,
32766,7039,1981,96,85,
32766,7041,1975,88,84,
32766,7016,1984,75,71,
32766,7016,1978,100,74,
32766,7009,1976,71,103,
32766,6991,1980,93,71,
32766,7022,1993,81,102,
32766,7008,1967,84,75,
32766,6993,1995,94,78,
32766,6990,1988,84,68,
32766,6995,1981,97,107,
32766,6995,1987,77,100,
32766,6983,1972,90,100,
32766,6997,1970,66,92,
32766,6979,1973,74,79,
32766,6971,1972,85,91,
32766,7000,1971,79,81,
32766,6973,1984,81,93,
32766,6992,1975,78,91,
32766,6951,1989,85,95,
32766,6982,1967,97,89,
32766,6961,2004,78,82,
32766,6947,1976,80,90,
32766,6952,1973,95,79,
32766,6945,1975,97,50,
32766,6940,1961,78,92,
32766,6956,1963,90,91,
32766,6955,1970,96,88,
32766,6967,1972,73,88,
32766,6947,1971,89,88,
32766,6965,1956,71,78,
32766,6947,1981,69,84,
32766,6962,1961,87,98,
32766,6947,1969,73,97,
32766,6955,1980,40,85,
32766,6988,1942,76,100,
32766,6984,1963,65,90,
32766,6957,1975,97,93,
32766,6975,1971,85,85,
32766,6994,1977,89,84,
32766,6993,1969,72,100,
32766,6989,1971,101,80,
32766,7006,1973,72,84,
32766,6989,1987,86,87,
32766,7008,1978,85,94,
32766,7029,1968,89,86,
32766,7015,1983,81,96,
32766,7013,1984,70,74,
32766,7023,1978,71,80,
32766,7032,1968,55,106,
32766,7004,1973,105,107,
32766,7016,1967,80,81,
32766,7030,1985,61,109,
32766,7014,1976,83,85,
32766,7002,1961,104,62,
32766,6998,1994,87,90,
32766,7048,1981,75,88,
32766,7024,1976,88,97,
32766,7031,1985,85,92,
32766,7008,1990,73,81,
32766,7020,1969,94,98,
32766,7043,1983,84,95,
32766,7050,1981,83,84,
32766,7046,1991,81,90,
32766,7054,1972,87,107,
32766,7081,1981,73,68,
32766,7057,2001,77,86,
32766,7067,1988,80,75,
32766,7078,1965,86,97,
32766,7075,1978,89,99,
32766,7068,1978,116,95,
32766,7086,1978,70,86,
32766,7096,1971,67,82,
32766,7087,1989,95,83,
32766,7074,1985,86,90,
32766,7088,1993,99,80,
32766,7096,1969,71,84,
32766,7077,1991,85,101,
32766,7076,1995,77,95,
32766,7071,1972,60,109,
32766,7080,2007,87,74,
32766,7101,1986,85,72,
32766,7077,1985,79,62,
32766,7088,1989,76,86,
32766,7077,1984,82,99,
32766,7105,2005,64,107,
32766,7101,1991,84,105,
32766,7098,1987,78,84,
32766,7110,1987,92,94,
32766,7097,1981,73,99,
32766,7106,1975,77,93,
32766,7106,1984,88,97,
32766,7102,1973,77,79,
32766,7082,1985,78,87,
32766,7077,1996,78,88,
32766,7076,1990,75,83,
32766,7088,1989,71,86,
32766,7090,1971,93,102,
32766,7086,1967,71,98,
32766,7060,2008,75,105,
32766,7061,1990,72,99,
32766,7053,1987,89,84,
32766,7045,1986,66,95,
32766,7048,1996,90,82,
32766,7052,1974,103,83,
32766,7066,1973,91,81,
32766,7068,1970,70,84,
32766,7046,1989,87,83,
32766,7058,1978,84,91,
32766,7057,2002,80,97,
32766,7076,1976,77,89,
32766,7067,1981,90,90,
32766,7072,1985,91,74,
32766,7102,1997,82,93,
32766,7085,1993,77,84,
32766,7071,2016,91,99,
32766,7099,1998,113,105,
32766,7113,1991,66,85,
32766,7105,1980,95,82,
32766,7102,1978,96,90,
32766,7096,1988,82,91,
32766,7098,1990,77,93,
32766,7083,1985,86,83,
32766,7108,1981,83,81,
32766,7105,1991,68,91,
32766,7104,1998,71,86,
32766,7094,1968,86,97,
32766,7093,2010,81,106,
32766,7079,1991,75,85,
32766,7097,1992,89,77,
32766,7111,1986,93,88,
32766,7104,1996,98,109,
32766,7100,1990,86,89,
32766,7095,2000,63,84,
32766,7085,1992,69,92,
32766,7104,1984,68,88,
32766,7106,1984,85,78,
32766,7085,1987,76,85,
32766,7094,1990,64,97,
32766,7113,1973,82,88,
32766,7120,1992,80,93,
32766,7090,2008,80,96,
32766,7102,1984,61,103,
32766,7098,2003,84,74,
32766,7098,2002,98,84,
32766,7118,1991,63,115,
32766,7092,1939,70,58,
32766,7099,1996,84,78,
32766,7101,1989,78,86,
32766,7091,1997,77,86,
32766,7115,1987,86,91,
32766,7110,1987,85,80,
32766,7092,1985,84,95,
32766,7110,1993,89,86,
32766,7116,1992,77,75,
32766,7113,1979,68,87,
32766,7102,1998,48,102,
32766,7123,1989,89,100,
32766,7127,1983,96,92,
32766,7111,1976,78,95,
32766,7122,1982,90,86,
32766,7111,1987,58,74,
32766,7106,1973,95,86,
32766,7121,1983,77,80,
32766,7113,1980,85,78,
32766,7118,1990,81,90,
32766,7136,1989,87,82,
32766,7124,1987,72,86,
32766,7112,1992,99,72,
32766,7123,1975,84,92,
32766,7106,1980,79,87,
32766,7152,1963,78,81,
32766,7112,1983,80,97,
32766,7121,1977,83,79,
32766,7110,1985,81,99,
32766,7122,1990,83,108,
32766,7125,1967,66,93,
32766,7125,1988,75,89,
32766,7128,1986,90,90,
32766,7116,1996,79,71,
32766,7106,1990,97,76,
32766,7128,1997,62,94,
32766,7119,1992,73,81,
32766,7130,1978,76,96,
32766,7122,1980,82,84,
32766,7119,2001,92,75,
32766,7114,1989,90,102,
32766,7126,1982,70,76,
32766,7126,2000,76,97,
32766,7108,2001,86,82,
32766,7116,2001,91,100,
32766,7096,1993,94,81,
32766,7121,1979,84,71,
32766,7111,1986,75,88,
32766,7124,1981,87,92,
32766,7121,1994,87,84,
32766,7119,1988,81,96,
32766,7125,1978,86,79,
32766,7119,1983,91,85,
32766,7106,1979,83,81,
32766,7107,1973,68,100,
32766,7102,1993,72,86,
32766,7088,2012,95,83,
32766,7112,1976,66,77,
32766,7093,1985,87,68,
32766,7094,1991,89,66,
32766,7082,1962,77,56,
32766,7082,1991,97,61,
32766,7095,1988,84,97,
32766,7100,1985,91,87,
32766,7094,1982,80,76,
32766,7091,1982,77,87,
32766,7089,1990,91,89,
32766,7076,1992,72,82,
32766,7097,1973,90,79,
32766,7073,1981,73,83,
32766,7074,2003,66,89,
32766,7077,1996,74,119,
32766,7078,1971,78,85,
32766,7080,1981,80,100,
32766,7068,1984,72,81,
32766,7090,1990,73,95,
32766,7065,1968,103,80,
32766,7065,1970,76,90,
32766,7066,2002,85,99,
32766,7071,1982,85,74,
32766,7069,1984,83,94,
32766,7078,1971,81,93,
32766,7067,1975,78,75,
32766,7060,1993,71,71,
32766,7067,1982,93,88,
32766,7055,1973,108,83,
32766,7055,1989,94,77,
32766,7076,1994,86,95,
32766,7045,1983,75,94,
32766,7053,1964,82,76,
32766,7054,1981,73,80,
32766,7022,1973,77,87,
32766,7062,1989,86,96,
32766,7057,1969,84,86,
32766,7031,1983,83,83,
32766,7050,1980,81,85,
32766,7052,1973,94,86,
32766,7038,1978,95,86,
32766,7046,1984,79,87,
32766,7053,1968,94,82,
32766,7035,1987,97,81,
32766,7050,1980,73,95,
32766,7058,1951,94,102,
32766,7057,1964,105,77,
32766,7036,1977,69,86,
32766,7066,1980,114,83,
32766,7054,1988,69,90,
32766,7046,1974,85,77,
32766,7037,1982,82,88,
32766,7036,1978,95,97,
32766,7041,1982,79,90,
32766,7045,1978,77,94,
32766,7039,1986,83,88,
32766,7036,1967,91,93,
32766,7036,1980,72,97,
32766,7042,1974,67,82,
32766,7033,1985,85,85,
32766,7032,1980,104,110,
32766,7051,1979,51,92,
32766,7042,1985,93,96,
32766,7047,1970,85,66,
32766,7017,1995,100,85,
32766,7038,1975,92,102,
32766,7043,1984,76,94,
32766,7059,1974,81,84,
32766,7045,1976,85,90,
32766,7029,1970,81,85,
32766,7036,1980,85,79,
32766,7045,1978,77,83,
32766,7035,1975,90,91,
32766,7019,1993,63,87,
32766,7038,1981,79,84,
32766,7054,1954,116,90,
32766,7040,1962,62,95,
32766,7028,1968,100,79,
32766,7021,2002,100,78,
32766,7037,2004,96,95,
32766,7030,1990,84,82,
32766,7049,1968,79,75,
32766,7035,1985,75,83,
32766,7049,1981,83,81,
32766,7048,1980,89,84,
32766,7050,1985,74,81,
32766,7051,1966,75,72,
32766,7047,1964,95,76,
32766,7064,1972,77,90,
32766,7070,1982,88,62,
32766,7093,1965,91,96,
32766,7095,1971,83,111,
32766,7099,1979,89,83,
32766,7084,1973,87,69,
32766,7100,2000,66,93,
32766,7126,1984,72,99,
32766,7119,1994,67,79,
32766,7146,1997,87,91,
32766,7140,1987,96,86,
32766,7166,1980,66,81,
32766,7147,1993,102,77,
32766,7160,2002,87,88,
32766,7145,1973,82,89,
32766,7152,1985,88,97,
32766,7166,1983,63,96,
32766,7158,1994,76,88,
32766,7164,1992,102,100,
32766,7175,1985,89,83,
32766,7190,1992,96,111,
32766,7169,1991,107,100,
32766,7143,2001,89,96,
32766,7170,1992,87,84,
32766,7168,1981,82,70,
32766,7149,1990,91,78,
32766,7160,1987,93,81,
32766,7180,2001,81,81,
32766,7162,1982,93,99,
32766,7155,1984,72,97,
32766,7157,1989,76,90,
32766,7158,1981,96,97,
32766,7150,2008,87,93,
32766,7161,1998,78,93,
32766,7161,1993,107,75,
32766,7155,1972,98,63,
32766,7194,1971,60,86,
32766,7174,2009,62,96,
32766,7206,2002,72,89,
32766,7176,2000,89,80,
32766,7197,1999,83,94,
32766,7202,2016,65,72,
32766,7188,1996,71,92,
32766,7185,1998,80,86,
32766,7201,1986,82,97,
32766,7213,1996,86,93,
32766,7220,1989,99,76,
32766,7188,1997,53,94,
32766,7203,2007,76,89,
32766,7201,1979,57,80,
32766,7223,1994,73,75,
32766,7211,2000,81,89,
32766,7241,1989,96,77,
32766,7207,2003,92,87,
32766,7215,1993,75,92,
32766,7202,1999,84,82,
32766,7216,2002,94,96,
32766,7209,1999,88,94,
32766,7220,2006,80,95,
32766,7241,2006,73,93,
32766,7227,1991,88,108,
32766,7237,1982,112,91,
32766,7228,2005,98,104,
32766,7252,2003,71,96,
32766,7266,2003,58,86,
32766,7254,2000,73,100,
32766,7254,2000,64,93,
32766,7251,2018,97,89,
32766,7254,2007,62,85,
32766,7233,2002,92,97,
32766,7229,1987,84,82,
32766,7222,1988,60,80,
32766,7198,2005,86,77,
32766,7202,2007,97,73,
32766,7181,1984,71,98,
32766,7183,1977,81,91,
32766,7172,1990,91,100,
32766,7144,2022,111,88,
32766,7191,1973,74,103,
32766,7185,1989,94,84,
32766,7176,1995,61,91,
32766,7164,1991,73,80,
32766,7182,1984,63,92,
32766,7177,1965,70,96,
32766,7180,1989,76,84,
32766,7179,1977,88,82,
32766,7196,2004,82,88,
32766,7172,1988,81,91,
32766,7190,1985,102,83,
32766,7162,1990,77,94,
32766,7157,1993,97,95,
32766,7162,1981,96,88,
32766,7122,1967,85,100,
32766,7154,2009,81,78,
32766,7129,1988,93,98,
32766,7134,1989,74,84,
32766,7129,1994,74,110,
32766,7107,1990,73,72,
32766,7095,1958,96,85,
32766,7105,1993,70,87,
32766,7104,2000,102,87,
32766,7107,1989,73,82,
32766,7122,1979,80,97,
32766,7131,1990,93,76,
32766,7136,2000,84,83,
32766,7151,1991,81,97,
32766,7158,1969,74,91,
32766,7163,1991,82,90,
32766,7177,2001,104,80,
32766,7162,2002,100,72,
32766,7193,1983,86,85,
32766,7189,1997,75,99,
32766,7158,1998,111,66,
32766,7162,1997,89,80,
32766,7180,1998,85,93,
32766,7174,1997,98,83,
32766,7158,1995,85,90,
32766,7143,1986,88,100,
32766,7158,1978,75,84,
32766,7143,1987,82,98,
32766,7124,1980,67,75,
32766,7106,1990,71,79,
32766,7103,1994,86,83,
32766,7085,1996,87,107,
32766,7093,1971,83,78,
32766,7102,1959,92,88,
32766,7098,1992,91,97,
32766,7094,2008,92,83,
32766,7102,1977,75,80,
32766,7089,1981,93,83,
32766,7099,1990,83,82,
32766,7114,1968,87,79,
32766,7107,1982,86,93,
32766,7096,1977,93,97,
32766,7101,1993,94,80,
32766,7106,1995,75,95,
32766,7100,1984,80,88,
32766,7108,1984,74,91,
32766,7119,1964,77,77,
32766,7120,1993,78,83,
32766,7125,1990,75,84,
32766,7153,1985,81,82,
32766,7171,1984,84,82,
32766,7184,1984,65,78,
32766,7176,1991,93,84,
32766,7174,1994,83,74,
32766,7198,2010,87,86,
32766,7173,2013,73,86,
32766,7191,2007,98,93,
32766,7192,2000,73,98,
32766,7191,2004,74,92,
32766,7160,2001,100,77,
32766,7176,1972,96,68,
32766,7187,1976,71,107,
32766,7159,1959,107,71,
32766,7188,1977,85,75,
32766,7180,1994,60,108,
32766,7169,2005,77,92,
32766,7174,2010,99,91,
32766,7166,1998,76,86,
32766,7162,1980,77,77,
32766,7175,1993,81,79,
32766,7183,1991,89,73,
32766,7196,1986,88,86,
32766,7182,2003,91,93,
32766,7182,1985,65,93,
32766,7186,1995,77,67,
32766,7191,1991,84,95,
32766,7187,1977,74,76,
32766,7191,2009,65,108,
32766,7197,2000,75,88,
32766,7191,1989,82,81,
32766,7190,1984,91,90,
32766,7199,1979,95,60,
32766,7172,2006,79,104,
32766,7183,2008,72,83,
32766,7213,1998,86,97,
32766,7194,1991,76,91,
32766,7193,1994,62,90,
32766,7207,1986,82,86,
32766,7190,2005,98,80,
32766,7209,1992,85,82,
32766,7206,2004,76,70,
32766,7202,1976,82,79,
32766,7215,2002,60,74,
32766,7218,1981,90,91,
32766,7186,2011,77,86,
32766,7200,1971,68,75,
32766,7188,1993,84,86,
32766,7192,1993,73,87,
32766,7194,1993,78,87,
32766,7175,1992,87,68,
32766,7181,2002,65,95,
32766,7172,1990,89,98,
32766,7181,1993,78,96,
32766,7154,1998,76,78,
32766,7170,1997,69,86,
32766,7171,1989,90,67,
32766,7147,1980,88,76,
32766,7167,1995,90,74,
32766,7152,2003,90,92,
32766,7161,1978,82,76,
32766,7171,1974,86,79,
32766,7134,2001,120,65,
32766,7155,2002,85,112,
32766,7152,1982,96,79,
32766,7160,1983,79,74,
32766,7158,1994,90,87,
32766,7160,1994,74,85,
32766,7156,1992,89,98,
32766,7159,1991,86,96,
32766,7148,1975,83,102,
32766,7165,1997,58,93,
32766,7173,1980,90,74,
32766,7152,1982,95,71,
32766,7161,2011,79,96,
32766,7149,2002,75,91,
32766,7154,1974,88,67,
32766,7157,2008,94,66,
32766,7153,1994,86,68,
32766,7166,1977,85,82,
32766,7162,1986,73,80,
32766,7156,1995,69,80,
32766,7148,1987,88,104,
32766,7148,1997,66,83,
32766,7146,2000,71,65,
32766,7163,1992,72,79,
32766,7143,1973,67,86,
32766,7159,1983,83,76,
32766,7174,1979,74,63,
32766,7146,1968,71,88,
32766,7169,1997,89,75,
32766,7184,1987,63,88,
32766,7141,1993,78,84,
32766,7151,1989,93,81,
32766,7166,1990,93,95,
32766,7151,1999,88,103,
32766,7174,1987,78,84,
32766,7167,1976,79,87,
32766,7162,1992,77,86,
32766,7173,1991,81,83,
32766,7161,1987,82,86,
32766,7173,1989,65,86,
32766,7152,1992,83,95,
32766,7176,2003,60,108,
32766,7174,1999,81,118,
32766,7168,1999,102,80,
32766,7181,1996,81,101,
32766,7177,1990,83,76,
32766,7192,1970,78,82,
32766,7179,1995,89,70,
32766,7183,1999,96,81,
32766,7173,1994,78,77,
32766,7169,1999,92,77,
32766,7174,1988,76,88,
32766,7176,1990,98,95,
32766,7178,1981,73,88,
32766,7174,1979,81,85,
32766,7160,1998,75,72,
32766,7174,2012,99,62,
32766,7180,1977,62,111,
32766,7180,1992,77,57,
32766,7169,1976,104,101,
32766,7197,1980,87,94,
32766,7200,1984,73,104,
32766,7199,2011,84,76,
32766,7186,1993,83,89,
32766,7193,1985,85,82,
32766,7188,1978,83,85,
32766,7193,1987,84,78,
32766,7189,1997,75,108,
32766,7191,1989,86,85,
32766,7176,2001,90,93,
32766,7183,1990,90,78,
32766,7201,1969,68,121,
32766,7203,1989,93,82,
32766,7170,1977,100,80,
32766,7174,1996,98,80,
32766,7209,1996,86,107,
32766,7218,2005,73,104,
32766,7195,1993,97,78,
32766,7189,1989,100,92,
32766,7210,1985,82,78,
32766,7190,1998,65,78,
32766,7228,1997,87,82,
32766,7201,1993,77,88,
32766,7220,1988,73,75,
32766,7214,1999,64,88,
32766,7223,2011,120,75,
32766,7222,1993,61,99,
32766,7208,2030,76,75,
32766,7217,2028,84,73,
32766,7227,2006,83,84,
32766,7240,1973,71,82,
32766,7224,2021,88,99,
32766,7227,1985,89,74,
32766,7242,2005,94,91,
32766,7252,1994,68,94,
32766,7235,2005,97,85,
32766,7246,1987,96,76,
32766,7248,2000,95,74,
32766,7237,2004,77,82,
32766,7233,1997,89,77,
32766,7228,2003,65,83,
32766,7248,2011,75,63,
32766,7262,2007,123,91,
32766,7244,2015,87,74,
32766,7260,2008,88,88,
32766,7253,2007,70,81,
32766,7265,1987,75,86,
32766,7279,2007,82,97,
32766,7290,1992,84,89,
32766,7258,2023,61,85,
32766,7262,2006,98,77,
32766,7288,2013,90,81,
32766,7274,2003,86,83,
32766,7277,2007,90,81,
32766,7260,1996,75,75,
32766,7269,1979,86,94,
32766,7238,2006,61,119,
32766,7265,2020,74,80,
32766,7254,1994,103,85,
32766,7268,2007,96,88,
32766,7251,2005,75,75,
32766,7267,2026,89,93,
32766,7266,1964,94,94,
32766,7265,1988,72,88,
32766,7258,1999,82,82,
32766,7271,2002,80,90,
32766,7268,2010,95,79,
32766,7264,1997,99,77,
32766,7260,2006,79,87,
32766,7270,1986,87,88,
32766,7249,2009,88,83,
32766,7252,2010,81,101,
32766,7287,2003,82,88,
32766,7246,2000,73,89,
32766,7266,2001,87,77,
32766,7274,2019,89,85,
32766,7242,1992,82,65,
32766,7246,2004,85,104,
32766,7250,2014,82,76,
32766,7271,1998,88,85,
32766,7258,2002,94,83,
32766,7273,2003,61,89,
32766,7273,2005,77,81,
32766,7265,1985,95,95,
32766,7261,2009,86,94,
32766,7258,2015,90,85,
32766,7261,2001,94,108,
32766,7271,2023,65,95,
32766,7257,1989,66,102,
32766,7267,1989,79,89,
32766,7278,1986,53,98,
32766,7269,2007,96,97,
32766,7272,2018,74,67,
32766,7273,2000,74,90,
32766,7275,2000,82,92,
32766,7275,2019,74,89,
32766,7273,1980,71,80,
32766,7283,1989,74,87,
32766,7279,2002,68,88,
32766,7270,2017,79,79,
32766,7284,2004,75,86,
32766,7274,1988,60,104,
32766,7283,2010,83,90,
32766,7270,2006,59,107,
32766,7273,2016,100,87,
32766,7275,2022,87,99,
32766,7281,1971,75,71,
32766,7254,1975,86,78,
32766,7281,2009,79,102,
32766,7279,2009,80,100,
32766,7277,2004,83,83,
32766,7282,2006,73,91,
32766,7299,2017,83,92,
32766,7269,2010,73,75,
32766,7281,2000,81,82,
32766,7280,2004,80,82,
32766,7291,2018,97,88,
32766,7288,2016,100,70,
32766,7273,1990,63,105,
32766,7267,2033,109,69,
32766,7287,2003,66,94,
32766,7299,1999,80,103,
32766,7293,2019,76,96,
32766,7304,1992,89,77,
32766,7319,2006,96,97,
32766,7294,2010,76,99,
32766,7293,2003,86,104,
32766,7302,2024,88,84,
32766,7323,2000,94,98,
32766,7298,1994,76,75,
32766,7294,1994,95,85,
32766,7302,1988,87,89,
32766,7310,1999,87,89,
32766,7313,1994,75,97,
32766,7331,1996,85,75,
32766,7321,1990,83,97,
32766,7320,1999,57,89,
32766,7307,2020,102,91,
32766,7286,2008,93,90,
32766,7322,1999,82,81,
32766,7300,2000,82,74,
32766,7305,2004,70,85,
32766,7296,2011,60,84,
32766,7314,2001,77,85,
32766,7311,1991,74,92,
32766,7304,2011,86,91,
32766,7323,2008,95,68,
32766,7298,1978,98,115,
32766,7310,2002,88,83,
32766,7296,2008,77,88,
32766,7293,2029,83,88,
32766,7307,2013,73,82,
32766,7317,1997,88,90,
32766,7294,1999,86,84,
32766,7306,2004,79,77,
32766,7290,2006,92,76,
32766,7299,2002,90,93,
32766,7289,2001,76,83,
32766,7275,1996,82,85,
32766,7313,2003,82,88,
32766,7303,1996,70,77,
32766,7277,2001,104,84,
32766,7264,2015,97,103,
32766,7299,2002,64,93,
32766,7297,2010,86,86,
32766,7301,1996,92,93,
32766,7305,2018,71,73,
32766,7292,2016,92,94,
32766,7283,2011,91,88,
32766,7300,2003,67,98,
32766,7294,2004,94,87,
32766,7299,1994,90,78,
32766,7306,2004,72,84,
32766,7291,2019,87,85,
32766,7302,1993,80,83,
32766,7296,1999,87,96,
32766,7305,1987,65,95,
32766,7292,2004,49,91,
32766,7311,1985,62,104,
32766,7324,1990,76,101,
32766,7316,1995,75,84,
32766,7296,1987,82,82,
32766,7287,1997,50,112,
32766,7311,2009,69,81,
32766,7330,2014,73,95,
32766,7303,1998,71,83,
32766,7300,2004,68,91,
32766,7294,2011,88,87,
32766,7306,1997,89,92,
32766,7294,2007,88,87,
32766,7305,1994,80,80,
32766,7303,2022,79,96,
32766,7304,2018,113,98,
32766,7307,2004,105,107,
32766,7307,1997,86,114,
32766,7292,2003,84,82,
32766,7307,2007,89,92,
32766,7326,1996,68,90,
32766,7285,2036,93,103,
32766,7300,1991,98,77,
32766,7303,2006,80,81,
32766,7300,1992,84,92,
32766,7297,1998,92,92,
32766,7305,2010,78,82,
32766,7301,2002,75,93,
32766,7310,1988,94,82,
32766,7313,2009,80,99,
32766,7300,2022,61,76,
32766,7294,2024,87,71,
32766,7308,2004,94,95,
32766,7303,2020,95,95,
32766,7316,1999,90,84,
32766,7309,1988,45,78,
32766,7300,2019,68,93,
32766,7304,2005,103,91,
32766,7303,1994,84,88,
32766,7291,1992,53,86,
32766,7283,1999,73,84,
32766,7294,2008,74,83,
32766,7288,2003,90,85,
32766,7288,1987,70,102,
32766,7287,1984,83,90,
32766,7287,1990,107,91,
32766,7287,2009,77,86,
32766,7270,2026,86,77,
32766,7273,2010,74,94,
32766,7293,1987,47,87,
32766,7255,1972,66,85,
32766,7270,2003,63,89,
32766,7286,1985,77,100,
32766,7284,2004,99,96,
32766,7271,1988,91,73,
32766,7268,1984,76,100,
32766,7257,1980,80,90,
32766,7254,2001,69,82,
32766,7249,1988,85,92,
32766,7254,1990,84,85,
32766,7242,1995,74,80,
32766,7246,1998,94,84,
32766,7215,1990,84,59,
32766,7228,1995,77,91,
32766,7231,2003,86,82,
32766,7247,1968,53,90,
32766,7228,2011,102,73,
32766,7211,1997,73,80,
32766,7210,2007,84,88,
32766,7218,1982,78,86,
32766,7212,1989,77,108,
32766,7218,1985,91,84,
32766,7220,2000,81,77,
32766,7216,2005,68,86,
32766,7216,1993,73,78,
32766,7209,2003,100,94,
32766,7201,1976,86,83,
32766,7219,1991,94,86,
32766,7200,1986,88,80,
32766,7208,2010,94,80,
32766,7198,1975,83,97,
32766,7190,2004,67,72,
32766,7213,1987,68,84,
32766,7191,1992,93,99,
32766,7193,1978,87,95,
32766,7190,1984,77,83,
32766,7175,1992,97,87,
32766,7187,1980,91,77,
32766,7190,1981,84,88,
32766,7179,1979,105,97,
32766,7190,2000,85,89,
32766,7200,1983,79,89,
32766,7216,1994,81,71,
32766,7194,1999,60,100,
32766,7186,1991,89,96,
32766,7173,1964,110,62,
32766,7163,2000,91,85,
32766,7162,1979,75,80,
32766,7184,1978,97,98,
32766,7190,1988,68,67,
32766,7177,1995,74,82,
32766,7198,1997,74,86,
32766,7198,2001,72,85,
32766,7209,1996,74,80,
32766,7200,1982,76,95,
32766,7185,1977,71,89,
32766,7208,1985,71,108,
32766,7180,1998,77,117,
32766,7183,1989,70,92,
32766,7207,1984,84,92,
32766,7197,1988,96,65,
32766,7194,1986,81,82,
32766,7218,2012,93,91,
32766,7218,1977,81,76,
32766,7229,1984,58,99,
32766,7220,1992,94,81,
32766,7225,2004,71,87,
32766,7215,1987,76,95,
32766,7230,1993,78,93,
32766,7241,1989,81,84,
32766,7228,2015,81,82,
32766,7246,1981,85,75,
32766,7253,1981,76,103,
32766,7237,1990,92,67,
32766,7240,1995,73,87,
32766,7226,2013,121,86,
32766,7243,1982,91,68,
32766,7234,1985,60,84,
32766,7254,1997,82,87,
32766,7242,1986,82,89,
32766,7239,1999,81,87,
32766,7233,1997,86,90,
32766,7245,2012,82,79,
32766,7246,2004,77,103,
32766,7250,1979,71,92,
32766,7240,1982,69,86,
32766,7248,1972,91,98,
32766,7257,1992,84,87,
32766,7269,2001,113,66,
32766,7270,2002,87,75,
32766,7273,1998,98,103,
32766,7231,2010,74,69,
32766,7278,2022,96,75,
32766,7251,1991,86,89,
32766,7258,1999,90,80,
32766,7269,1991,88,88,
32766,7253,2005,77,98,
32766,7256,2006,89,82,
32766,7282,1996,74,75,
32766,7259,2003,70,95,
32766,7277,1997,94,77,
32766,7273,1996,100,89,
32766,7273,2014,92,84,
32766,7254,1968,89,77,
32766,7272,1994,79,82,
32766,7261,1982,91,91,
32766,7246,1990,86,66,
32766,7250,2005,78,69,
32766,7236,2001,82,92,
32766,7236,2004,95,86,
32766,7250,1994,88,87,
32766,7232,1995,93,83,
32766,7248,1999,65,83,
32766,7250,1976,97,88,
32766,7227,1986,90,95,
32766,7226,1972,100,81,
32766,7219,1992,94,103,
32766,7243,1990,92,95,
32766,7233,1993,73,69,
32766,7217,1979,85,86,
32766,7224,1976,66,85,
32766,7247,1979,81,75,
32766,7200,1972,88,78,
32766,7244,1987,73,100,
32766,7235,1984,62,83,
32766,7234,1998,79,98,
32766,7224,1999,86,97,
32766,7229,1996,91,86,
32766,7244,1980,89,87,
32766,7226,1997,78,79,
32766,7241,2005,85,78,
32766,7259,1989,99,96,
32766,7248,1987,94,91,
32766,7265,1981,99,89,
32766,7239,1980,65,82,
32766,7244,1994,82,87,
32766,7244,1991,84,86,
32766,7245,1977,95,94,
32766,7263,1995,76,82,
32766,7244,2000,80,84,
32766,7253,1992,72,97,
32766,7238,1990,86,87,
32766,7239,1991,91,101,
32766,7252,1986,90,89,
32766,7237,2006,67,94,
32766,7234,1995,93,92,
32766,7216,2000,77,81,
32766,7271,1988,75,78,
32766,7230,1988,92,92,
32766,7229,1983,95,75,
32766,7238,2022,99,88,
32766,7271,2003,53,100,
32766,7231,2007,89,89,
32766,7267,1979,60,103,
32766,7257,1991,88,94,
32766,7250,1986,82,97,
32766,7250,1990,86,93,
32766,7267,1998,87,102,
32766,7273,1996,79,85,
32766,7284,2016,83,94,
32766,7254,2012,81,79,
32766,7279,1990,85,89,
32766,7292,1994,75,90,
32766,7254,2018,57,75,
32766,7284,2001,98,89,
32766,7266,1997,64,94,
32766,7268,2010,54,90,
32766,7286,2018,79,95,
32766,7289,2003,77,89,
32766,7266,2001,95,92,
32766,7279,2005,80,96,
32766,7294,1998,75,102,
32766,7267,2004,75,99,
32766,7263,1995,94,91,
32766,7276,1999,87,87,
32766,7293,1994,84,90,
32766,7274,1998,83,90,
32766,7277,1987,86,94,
32766,7256,1998,66,84,
32766,7278,1997,82,94,
32766,7278,1987,86,93,
32766,7287,1990,80,79,
32766,7270,2000,86,92,
32766,7288,2012,87,98,
32766,7297,2016,70,85,
32766,7279,1999,82,92,
32766,7293,1998,78,79,
32766,7288,1996,85,88,
32766,7288,2003,85,85,
32766,7289,2007,74,85,
32766,7297,1998,88,76,
32766,7294,1991,87,79,
32766,7277,2003,65,91,
32766,7283,1998,91,83,
32766,7279,2002,95,93,
32766,7278,1994,87,97,
32766,7273,1994,84,86,
32766,7282,2023,86,94,
32766,7278,1987,69,82,
32766,7277,2001,74,88,
32766,7287,2005,92,84,
32766,7261,2012,80,84,
32766,7260,2000,77,80,
32766,7277,1991,70,95,
32766,7281,2012,84,75,
32766,7277,2003,86,93,
32766,7269,1991,85,90,
32766,7265,2001,49,99,
32766,7262,2005,88,82,
32766,7279,1996,80,93,
32766,7279,1989,71,90,
32766,7264,2003,107,92,
32766,7273,1989,67,101,
32766,7268,1998,103,89,
32766,7246,1988,78,70,
32766,7264,1988,85,92,
32766,7271,2002,74,87,
32766,7258,1989,83,87,
32766,7246,1988,95,89,
32766,7270,2005,77,84,
32766,7263,2001,87,90,
32766,7270,1990,83,98,
32766,7250,2005,83,80,
32766,7276,1970,96,74,
32766,7255,1988,77,100,
32766,7277,1990,91,73,
32766,7270,1998,106,88,
32766,7275,1996,70,98,
32766,7249,2002,97,61,
32766,7286,1982,70,93,
32766,7269,1989,86,83,
32766,7278,1985,88,89,
32766,7282,1986,84,98,
32766,7262,2007,75,86,
32766,7274,2002,95,84,
32766,7261,1991,78,87,
32766,7267,1989,89,92,
32766,7262,2013,84,89,
32766,7274,1998,76,97,
32766,7276,2006,94,91,
32766,7278,2016,93,89,
32766,7290,1997,61,101,
32766,7271,1987,61,99,
32766,7278,1998,79,78,
32766,7294,1997,86,76,
32766,7279,2000,92,93,
32766,7294,2004,84,81,
32766,7271,2005,74,96,
32766,7283,1999,80,93,
32766,7280,1986,95,105,
32766,7286,1992,79,76,
32766,7293,1989,70,78,
32766,7289,1998,75,109,
32766,7281,2029,84,83,
32766,7294,1993,74,95,
32766,7271,2002,60,86,
32766,7266,1978,78,71,
32766,7267,2018,91,88,
32766,7281,1986,77,65,
32766,7292,2008,84,82,
32766,7267,1988,81,80,
32766,7281,1997,73,75,
32766,7289,1997,75,96,
32766,7295,1995,80,87,
32766,7291,1992,95,77,
32766,7265,1991,80,95,
32766,7273,1988,84,91,
32766,7271,1993,77,87,
32766,7256,1989,80,101,
32766,7279,1970,74,80,
32766,7276,1990,79,91,
32766,7296,1986,67,79,
32766,7270,1984,93,89,
32766,7276,2013,80,100,
32766,7301,1998,85,105,
32766,7286,1994,93,90,
32766,7274,1994,81,84,
32766,7294,1990,92,105,
32766,7293,1986,83,92,
32766,7286,2019,76,83,
32766,7277,1997,82,96,
32766,7282,2007,72,72,
32766,7297,1988,88,80,
32766,7276,1991,61,93,
32766,7277,2019,69,79,
32766,7267,1991,99,82,
32766,7290,1998,78,78,
32766,7281,2007,101,75,
32766,7266,2000,89,85,
32766,7254,2009,80,98,
32766,7270,1999,86,82,
32766,7268,1986,86,102,
32766,7272,1985,78,87,
32766,7268,1994,82,80,
32766,7277,1990,92,90,
32766,7271,1998,72,96,
32766,7269,1986,83,93,
32766,7256,2001,79,92,
32766,7254,2001,51,110,
32766,7277,2009,80,67,
32766,7234,1998,78,87,
32766,7256,1992,81,102,
32766,7247,1972,61,66,
32766,7267,2005,100,76,
32766,7264,1989,97,100,
32766,7269,1999,78,88,
32766,7278,1997,87,89,
32766,7257,1991,82,81,
32766,7271,1993,74,85,
32766,7266,1985,90,75,
32766,7279,2006,67,88,
32766,7271,2001,95,77,
32766,7272,1993,79,84,
32766,7268,1998,69,96,
32766,7280,1997,66,74,
32766,7282,2005,93,83,
32766,7275,1984,70,87,
32766,7252,1995,109,77,
32766,7277,1981,73,108,
32766,7277,1991,58,77,
32766,7281,1995,79,86,
32766,7271,1992,71,87,
32766,7260,1990,82,92,
32766,7261,2003,86,83,
32766,7258,2002,91,91,
32766,7257,1997,83,83,
32766,7250,1996,83,86,
32766,7245,1984,92,90,
32766,7253,1980,94,97,
32766,7230,2004,74,97,
32766,7239,1977,39,101,
32766,7232,1979,93,101,
32766,7245,1979,83,108,
32766,7260,1960,69,96,
32766,7251,1968,81,68,
32766,7227,1979,93,97,
32766,7230,1992,74,96,
32766,7234,1973,88,96,
32766,7220,1983,87,97,
32766,7233,1991,87,78,
32766,7228,1981,79,98,
32766,7220,1997,82,84,
32766,7228,1994,89,105,
32766,7243,1997,83,95,
32766,7214,1994,86,101,
32766,7206,1993,80,95,
32766,7208,2007,50,125,
32766,7220,1980,92,79,
32766,7204,2001,69,94,
32766,7224,1962,100,76,
32766,7210,1977,81,86,
32766,7217,1995,77,75,
32766,7217,1985,97,84,
32766,7217,1995,75,96,
32766,7203,1981,74,84,
32766,7204,1981,77,89,
32766,7201,1990,94,91,
32766,7210,1968,83,78,
32766,7213,1981,95,79,
32766,7208,1990,58,101,
32766,7192,1973,64,90,
32766,7211,1983,54,89,
32766,7189,1985,71,82,
32766,7193,2002,71,83,
32766,7174,1989,89,71,
32766,7172,1989,77,103,
32766,7187,1997,80,89,
32766,7161,2004,82,89,
32766,7167,1981,86,97,
32766,7175,1985,71,94,
32766,7183,1997,77,87,
32766,7182,1980,73,94,
32766,7176,1983,73,104,
32766,7164,1997,72,83,
32766,7188,1978,103,77,
32766,7162,1997,70,76,
32766,7177,1966,87,86,
32766,7151,1997,84,91,
32766,7170,1999,99,98,
32766,7166,2020,103,112,
32766,7161,1970,79,87,
32766,7177,1985,84,81,
32766,7177,1987,81,88,
32766,7171,1982,102,80,
32766,7187,1992,77,79,
32766,7195,1990,76,72,
32766,7196,1985,85,74,
32766,7201,1993,84,96,
32766,7206,1989,48,110,
32766,7222,1973,88,76,
32766,7238,1978,75,92,
32766,7259,1967,76,106,
32766,7241,1991,88,89,
32766,7221,1974,103,69,
32766,7237,2005,77,108,
32766,7229,1983,69,72,
32766,7230,1983,80,89,
32766,7223,1992,71,92,
32766,7225,1992,76,82,
32766,7210,1986,92,85,
32766,7218,1983,88,86,
32766,7224,1988,64,78,
32766,7230,1981,71,76,
32766,7227,1973,91,87,
32766,7224,1991,69,97,
32766,7210,1987,98,68,
32766,7219,1983,104,75,
32766,7224,1983,100,75,
32766,7213,2015,49,112,
32766,7239,2000,93,91,
32766,7227,1983,70,89,
32766,7262,1977,79,74,
32766,7248,1979,95,80,
32766,7236,1992,83,99,
32766,7236,1989,89,103,
32766,7242,1993,102,85,
32766,7250,2000,72,81,
32766,7261,1992,74,77,
32766,7264,1999,76,86,
32766,7249,1989,94,84,
32766,7268,1995,97,68,
32766,7262,1968,83,107,
32766,7272,1974,80,74,
32766,7263,1996,90,74,
32766,7274,1972,93,80,
32766,7295,1992,73,76,
32766,7277,1985,84,95,
32766,7271,1999,84,83,
32766,7265,1979,79,100,
32766,7284,1996,82,75,
32766,7274,2006,68,83,
32766,7271,1989,89,90,
32766,7271,1998,87,78,
32766,7285,1990,75,77,
32766,7256,2001,64,96,
32766,7252,2011,107,97,
32766,7274,1995,95,106,
32766,7278,1982,88,89,
32766,7234,1992,92,90,
32766,7268,2001,69,90,
32766,7271,1978,49,95,
32766,7258,1980,93,95,
32766,7262,1983,76,63,
32766,7257,2001,81,91,
32766,7252,2001,80,88,
32766,7257,1986,88,88,
32766,7244,1986,82,86,
32766,7249,1992,68,100,
32766,7248,1996,80,97,
32766,7273,1990,77,91,
32766,7244,1973,71,90,
32766,7244,1992,91,72,
32766,7256,2002,77,75,
32766,7261,1965,98,96,
32766,7245,1989,81,88,
32766,7205,1972,71,93,
32766,7229,1998,75,96,
32766,7227,1990,73,88,
32766,7213,1991,86,96,
32766,7229,1988,91,98,
32766,7222,1998,96,83,
32766,7230,1979,93,82,
32766,7224,1988,72,88,
32766,7225,1990,62,79,
32766,7209,2006,97,69,
32766,7216,1979,95,77,
32766,7215,1997,99,85,
32766,7215,1992,95,73,
32766,7224,1993,64,84,
32766,7224,1982,84,75,
32766,7231,1977,77,95,
32766,7213,1976,82,78,
32766,7224,1986,79,91,
32766,7232,1974,77,83,
32766,7224,1988,82,86,
32766,7238,1982,77,91,
32766,7222,1993,85,79,
32766,7242,1985,92,98,
32766,7223,1993,74,102,
32766,7236,2002,74,105,
32766,7250,1987,72,78,
32766,7266,1991,74,95,
32766,7255,1993,83,78,
32766,7265,2006,88,102,
32766,7260,1973,81,86,
32766,7260,1982,88,69,
32766,7292,2003,66,92,
32766,7263,2013,81,94,
32766,7286,1993,73,77,
32766,7271,1990,73,91,
32766,7277,2001,85,78,
32766,7284,1984,75,80,
32766,7270,1991,96,96,
32766,7279,1994,80,96,
32766,7278,1982,62,104,
32766,7287,1984,100,68,
32766,7264,2016,83,94,
32766,7275,1986,75,96,
32766,7282,1979,71,73,
32766,7303,1972,75,81,
32766,7263,2004,97,72,
32766,7287,1988,92,97,
32766,7292,1999,86,87,
32766,7274,1981,93,86,
32766,7284,2001,89,86,
32766,7291,1999,88,84,
32766,7295,2006,94,83,
32766,7293,1992,69,100,
32766,7308,1986,77,94,
32766,7305,1996,79,80,
32766,7305,2001,70,86,
32766,7288,2009,93,92,
32766,7313,1991,74,116,
32766,7319,1977,76,93,
32766,7294,1972,72,79,
32766,7316,2017,94,54,
32766,7307,1987,90,100,
32766,7305,1990,87,91,
32766,7309,1994,74,91,
32766,7306,2001,82,93,
32766,7314,2001,79,98,
32766,7312,1984,82,77,
32766,7301,2002,78,87,
32766,7317,2002,95,76,
32766,7321,1982,72,87,
32766,7322,1995,61,85,
32766,7306,1975,74,98,
32766,7295,1981,69,74,
32766,7288,1985,68,101,
32766,7285,2004,80,110,
32766,7290,2011,86,84,
32766,7273,2001,104,96,
32766,7296,1998,84,89,
32766,7287,1985,76,104,
32766,7287,1976,98,76,
32766,7268,1997,87,79,
32766,7293,2007,69,86,
32766,7276,1996,87,81,
32766,7266,1990,76,88,
32766,7277,1974,76,111,
32766,7244,2007,85,97,
32766,7281,1979,72,81,
32766,7278,1964,78,79,
32766,7261,2008,92,75,
32766,7254,2000,89,93,
32766,7257,1999,70,113,
32766,7272,1990,91,73,
32766,7273,1995,71,75,
32766,7250,2005,73,88,
32766,7251,1979,70,96,
32766,7247,1992,84,81,
32766,7256,1988,83,93,
32766,7256,1992,85,81,
32766,7248,1999,87,93,
32766,7256,1997,85,80,
32766,7250,1963,112,80,
32766,7287,1978,75,94,
32766,7256,1979,72,89,
32766,7242,1988,72,96,
32766,7263,1996,91,77,
32766,7269,1984,95,91,
32766,7251,1998,77,86,
32766,7251,1994,83,85,
32766,7247,1983,91,96,
32766,7237,1987,72,95,
32766,7248,1998,91,90,
32766,7236,1982,88,90,
32766,7243,1991,78,81,
32766,7252,1994,85,85,
32766,7232,1981,98,97,
32766,7232,2002,71,92,
32766,7256,1972,104,78,
32766,7224,2008,82,88,
32766,7240,1989,59,86,
32766,7245,1969,78,77,
32766,7249,1973,88,65,
32766,7219,1999,73,97,
32766,7225,1966,90,101,
32766,7229,1978,79,85,
32766,7238,1984,72,92,
32766,7225,1986,78,97,
32766,7252,1990,98,96,
32766,7236,1996,81,83,
32766,7252,1993,66,82,
32766,7237,1975,75,96,
32766,7258,2014,100,59,
32766,7256,1974,78,72,
32766,7233,1974,93,63,
32766,7251,1988,81,73,
32766,7235,1987,58,90,
32766,7231,2002,92,92,
32766,7237,1997,94,68,
32766,7229,1998,76,90,
32766,7235,1982,88,78,
32766,7222,1999,72,84,
32766,7243,1984,68,84,
32766,7238,1983,78,89,
32766,7241,1977,72,83,
32766,7229,1987,93,90,
32766,7230,1977,98,84,
32766,7224,2010,59,95,
32766,7221,1992,88,68,
32766,7240,1980,71,98,
32766,7240,1974,79,82,
32766,7208,1982,70,86,
32766,7237,1962,108,81,
32766,7233,1970,75,80,
32766,7225,2001,102,90,
32766,7230,1990,85,96,
32766,7226,1982,79,84,
32766,7219,1994,63,90,
32766,7233,1987,86,83,
32766,7220,1977,81,94,
32766,7221,1986,87,98,
32766,7220,1990,75,81,
32766,7233,1972,78,99,
32766,7216,1973,94,95,
32766,7194,1981,88,79,
32766,7210,1993,74,69,
32766,7214,1982,72,106,
32766,7206,1975,84,77,
32766,7199,1995,95,103,
32766,7205,1985,86,83,
32766,7206,1973,83,72,
32766,7209,1987,89,72,
32766,7190,1985,66,72,
32766,7202,1986,85,92,
32766,7210,1966,93,86,
32766,7178,1983,73,80,
32766,7197,1982,67,81,
32766,7214,1961,92,86,
32766,7182,2010,94,106,
32766,7212,1969,88,74,
32766,7210,1986,83,93,
32766,7233,1947,83,98,
32766,7212,1966,45,85,
32766,7213,1973,66,98,
32766,7200,1975,100,76,
32766,7200,1991,72,88,
32766,7209,1996,78,80,
32766,7210,1982,78,86,
32766,7202,1980,91,85,
32766,7198,1987,81,90,
32766,7206,1979,89,77,
32766,7204,1968,57,76,
32766,7206,1999,55,71,
32766,7204,1975,87,85,
32766,7231,1955,79,76,
32766,7199,1987,73,89,
32766,7196,1988,88,83,
32766,7197,1986,57,87,
32766,7245,1997,93,76,
32766,7213,1994,82,94,
32766,7214,1986,84,86,
32766,7216,1980,93,75,
32766,7208,1976,78,103,
32766,7196,1991,83,88,
32766,7224,1981,81,82,
32766,7207,1982,97,84,
32766,7212,1996,93,81,
32766,7203,1992,88,86,
32766,7186,2006,66,100,
32766,7211,1994,71,99,
32766,7226,1966,85,98,
32766,7202,1993,83,78,
32766,7223,1967,81,86,
32766,7214,1964,55,89,
32766,7218,2000,70,93,
32766,7216,1978,103,89,
32766,7214,1975,77,94,
32766,7214,1998,79,100,
32766,7205,1995,82,95,
32766,7221,1994,84,84,
32766,7190,1991,92,82,
32766,7225,1986,88,71,
32766,7202,1985,97,79,
32766,7193,1987,54,93,
32766,7170,1975,85,98,
32766,7175,1962,77,88,
32766,7162,1988,65,89,
32766,7176,1978,91,84,
32766,7156,1982,90,96,
32766,7153,1972,94,72,
32766,7175,1989,84,94,
32766,7171,1972,95,89,
32766,7175,1971,100,96,
32766,7165,1975,79,89,
32766,7171,1968,76,91,
32766,7159,1968,76,76,
32766,7183,1966,79,88,
32766,7189,1983,91,68,
32766,7187,1953,76,75,
32766,7182,1970,87,65,
32766,7193,1971,76,83,
32766,7174,1966,71,100,
32766,7165,2008,97,72,
32766,7192,1996,86,98,
32766,7188,1992,67,84,
32766,7185,1974,73,76,
32766,7167,1989,82,78,
32766,7182,1981,78,81,
32766,7177,1969,91,91,
32766,7181,1991,75,84,
32766,7191,1970,91,87,
32766,7185,1978,99,73,
32766,7176,1974,49,83,
32766,7180,2002,82,85,
32766,7203,1990,79,94,
32766,7202,1988,88,80,
32766,7202,2012,93,87,
32766,7212,1987,73,80,
32766,7194,1991,86,102,
32766,7223,1969,76,86,
32766,7222,1977,88,80,
32766,7223,1987,98,89,
32766,7231,1983,87,75,
32766,7236,1989,96,88,
32766,7244,1980,82,85,
32766,7253,1987,98,75,
32766,7250,2004,61,94,
32766,7255,1983,90,82,
32766,7258,2006,78,64,
32766,7235,1995,103,86,
32766,7259,1997,87,90,
32766,7251,1969,91,76,
32766,7262,1996,102,89,
32766,7276,2000,85,101,
32766,7276,1975,71,90,
32766,7264,1991,72,101,
32766,7263,1998,83,89,
32766,7254,1989,80,80,
32766,7272,1989,78,85,
32766,7278,1978,90,76,
32766,7268,1976,67,77,
32766,7278,1979,71,79,
32766,7267,1959,110,90,
32766,7241,2000,73,71,
32766,7268,2005,59,103,
32766,7278,2003,88,63,
32766,7269,1998,82,89,
32766,7286,1984,86,78,
32766,7292,1985,84,85,
32766,7290,1986,65,85,
32766,7283,1993,91,71,
32766,7293,1990,93,80,
32766,7289,1998,83,73,
32766,7284,1997,96,86,
32766,7280,1991,85,93,
32766,7285,1987,77,81,
32766,7285,2009,77,98,
32766,7293,1991,87,78,
32766,7258,1987,82,97,
32766,7282,1999,99,69,
32766,7286,2000,78,95,
32766,7275,1999,87,88,
32766,7249,2001,84,99,
32766,7312,1965,72,80,
32766,7274,2006,89,87,
32766,7288,1975,76,85,
32766,7283,1990,68,80,
32766,7275,1991,93,82,
32766,7268,1981,80,96,
32766,7284,1983,82,91,
32766,7277,1988,79,84,
32766,7288,1988,74,106,
32766,7281,1986,84,82,
32766,7286,1983,89,72,
32766,7265,1996,72,82,
32766,7321,1991,98,75,
32766,7293,1988,85,100,
32766,7282,1994,87,98,
32766,7292,2003,98,66,
32766,7280,1991,84,87,
32766,7283,1985,84,93,
32766,7301,1978,72,90,
32766,7287,1995,92,91,
32766,7295,1987,87,91,
32766,7289,1981,85,84,
32766,7286,1986,73,77,
32766,7291,1994,89,88,
32766,7293,1996,81,104,
32766,7291,2007,54,71,
32766,7293,1990,93,78,
32766,7295,1996,86,73,
32766,7292,1981,80,78,
32766,7310,1972,76,83,
32766,7268,1980,79,75,
32766,7303,1999,83,84,
32766,7282,2002,80,91,
32766,7298,1998,62,93,
32766,7294,1995,91,87,
32766,7288,2013,77,79,
32766,7309,2005,80,84,
32766,7285,1984,87,101,
32766,7299,1988,95,93,
32766,7324,2002,86,87,
32766,7322,2004,71,78,
32766,7293,2002,51,82,
32766,7305,1991,90,82,
32766,7319,1978,75,95,
32766,7307,1979,82,65,
32766,7292,1994,98,93,
32766,7307,1985,75,67,
32766,7319,1983,92,75,
32766,7317,2006,102,83,
32766,7305,1998,86,82,
32766,7302,2004,82,77,
32766,7312,1992,83,87,
32766,7317,2000,94,95,
32766,7290,1998,93,84,
32766,7294,1987,67,109,
32766,7301,2002,96,84,
32766,7286,1982,71,86,
32766,7293,1976,76,98,
32766,7278,2000,76,79,
32766,7300,2004,61,98,
32766,7315,1971,75,95,
32766,7291,1998,92,69,
32766,7301,2009,91,85,
32766,7296,2004,86,98,
32766,7309,2005,84,88,
32766,7302,2009,88,100,
32766,7295,2007,80,70,
32766,7312,1989,82,83,
32766,7308,1986,83,77,
32766,7302,1990,121,72,
32766,7306,1994,76,80,
32766,7300,1979,90,97,
32766,7279,2019,67,80,
32766,7303,1998,75,88,
32766,7308,1992,71,81,
32766,7317,1973,78,87,
32766,7306,2023,69,103,
32766,7313,1986,103,87,
32766,7312,1999,80,94,
32766,7323,1986,81,89,
32766,7325,1978,87,89,
32766,7306,1997,66,85,
32766,7329,1990,87,87,
32766,7305,2000,63,92,
32766,7322,1993,80,97,
32766,7327,1994,82,77,
32766,7321,2021,87,91,
32766,7322,2005,76,93,
32766,7352,2004,65,81,
32766,7344,2019,91,62,
32766,7348,1985,65,72,
32766,7381,2007,104,91,
32766,7355,1986,86,92,
32766,7377,2003,85,84,
32766,7362,2022,71,84,
32766,7390,2012,85,96,
32766,7390,2015,66,79,
32766,7387,2002,83,93,
32766,7402,1997,83,80,
32766,7414,2021,73,78,
32766,7393,2021,76,88,
32766,7445,2023,79,78,
32766,7434,2006,93,71,
32766,7442,2007,78,83,
32766,7440,2011,82,70,
32766,7471,2014,73,100,
32766,7456,1989,86,59,
32766,7508,2013,94,84,
32766,7476,2019,84,85,
32766,7481,2025,91,85,
32766,7502,2022,83,104,
32766,7492,2009,80,71,
32766,7503,2030,72,84,
32766,7511,2012,80,74,
32766,7525,2023,87,87,
32766,7517,2031,54,108,
32766,7546,2018,88,91,
32766,7524,2022,48,89,
32766,7531,2015,82,85,
32766,7533,2015,65,72,
32766,7535,2025,95,76,
32766,7537,2005,56,81,
32766,7530,2026,89,96,
32766,7535,2019,83,100,
32766,7532,2026,80,99,
32766,7539,2028,103,82,
32766,7525,2030,81,81,
32766,7523,2010,97,79,
32766,7530,2012,85,81,
32766,7541,2034,79,83,
32766,7537,2031,74,67,
32766,7560,2017,95,93,
32766,7529,2025,78,100,
32766,7525,2014,84,76,
32766,7533,2026,67,84,
32766,7547,2020,75,74,
32766,7558,2037,96,98,
32766,7551,2031,65,83,
32766,7554,2034,75,92,
32766,7556,2017,80,84,
32766,7573,2019,86,95,
32766,7559,2041,88,81,
32766,7565,2022,80,76,
32766,7554,2042,85,90,
32766,7559,2033,80,90,
32766,7568,2025,96,69,
32766,7537,2026,81,89,
32766,7579,2000,104,79,
32766,7602,2024,68,102,
32766,7611,2014,100,72,
32766,7600,2026,80,77,
32766,7628,2021,81,90,
32766,7642,2039,63,95,
32766,7654,2037,80,106,
32766,7656,2032,103,84,
32766,7658,2033,83,90,
32766,7693,2039,87,99,
32766,7687,2051,84,84,
32766,7718,2037,73,91,
32766,7722,2038,75,101,
32766,7730,2033,103,97,
32766,7738,2084,97,72,
32766,7780,2061,95,86,
32766,7784,2032,78,103,
32766,7789,2044,102,100,
32766,7788,2067,116,110,
32766,7794,2050,91,91,
32766,7785,2048,89,94,
32766,7812,2049,78,89,
32766,7821,2046,82,96,
32766,7823,2037,79,82,
32766,7815,2059,91,74,
32766,7837,2060,95,76,
32766,7825,2049,80,83,
32766,7825,2052,77,108,
32766,7832,2074,77,103,
32766,7858,2085,89,72,
32766,7844,2047,63,88,
32766,7849,2075,64,81,
32766,7883,2040,63,116,
32766,7887,2069,116,90,
32766,7893,2081,83,92,
32766,7885,2068,95,94,
32766,7908,2056,75,81,
32766,7886,2052,87,94,
32766,7902,2071,89,95,
32766,7904,2063,85,92,
32766,7889,2065,79,86,
32766,7887,2075,74,100,
32766,7897,2059,84,94,
32766,7877,2082,74,86,
32766,7879,2062,83,87,
32766,7876,2084,93,91,
32766,7904,2049,83,75,
32766,7853,2066,97,80,
32766,7871,2051,75,76,
32766,7844,2082,87,107,
32766,7857,2059,81,93,
32766,7837,2074,82,103,
32766,7842,2053,96,90,
32766,7865,2058,76,88,
32766,7845,2074,81,90,
32766,7829,2048,85,81,
32766,7839,2062,89,95,
32766,7824,2067,77,88,
32766,7811,2027,86,99,
32766,7810,2020,84,94,
32766,7811,2061,101,80,
32766,7810,2057,97,80,
32766,7759,2061,109,82,
32766,7779,2040,70,84,
32766,7751,2035,98,92,
32766,7747,2036,83,102,
32766,7760,2061,92,84,
32766,7750,2053,79,94,
32766,7748,2044,90,99,
32766,7737,2047,86,83,
32766,7735,2044,70,86,
32766,7731,2057,78,77,
32766,7733,2029,95,97,
32766,7744,2061,62,101,
32766,7746,2029,104,81,
32766,7715,2044,83,83,
32766,7710,2037,82,109,
32766,7700,2046,77,91,
32766,7707,2056,64,102,
32766,7717,2057,81,106,
32766,7712,2025,90,73,
32766,7706,2035,92,95,
32766,7704,2034,88,81,
32766,7691,2040,77,82,
32766,7695,2046,101,90,
32766,7695,2048,87,104,
32766,7701,2031,74,79,
32766,7700,2032,97,90,
32766,7686,2036,104,97,
32766,7671,2056,50,110,
32766,7690,2047,75,112,
32766,7679,2046,94,93,
32766,7698,2058,88,79,
32766,7679,2064,104,85,
32766,7730,2045,108,87,
32766,7720,2050,92,85,
32766,7734,2034,93,96,
32766,7728,2047,72,86,
32766,7730,2052,96,86,
32766,7739,2037,71,103,
32766,7748,2063,77,82,
32766,7759,2042,86,89,
32766,7756,2064,73,93,
32766,7771,2042,95,79,
32766,7766,2088,112,81,
32766,7763,2063,83,95,
32766,7757,2042,77,79,
32766,7771,2045,88,76,
32766,7763,2041,83,69,
32766,7770,2052,64,94,
32766,7772,2049,93,76,
32766,7742,2054,80,79,
32766,7775,2050,81,88,
32766,7766,2052,87,69,
32766,7779,2039,93,100,
32766,7773,2034,82,99,
32766,7771,2050,96,94,
32766,7783,2054,76,97,
32766,7787,2042,100,90,
32766,7789,2073,103,83,
32766,7777,2034,83,107,
32766,7806,2046,71,77,
32766,7797,2061,89,88,
32766,7813,2071,69,88,
32766,7805,2039,84,55,
32766,7796,2055,91,75,
32766,7803,2056,77,93,
32766,7797,2054,76,94,
32766,7804,2060,81,99,
32766,7794,2058,63,85,
32766,7792,2062,69,84,
32766,7786,2064,82,89,
32766,7788,2042,81,95,
32766,7797,2060,99,107,
32766,7796,2050,87,75,
32766,7754,2057,82,113,
32766,7796,2042,83,95,
32766,7790,2036,89,89,
32766,7798,2042,100,79,
32766,7782,2076,92,86,
32766,7789,2069,102,79,
32766,7793,2062,94,86,
32766,7784,2060,78,90,
32766,7793,2053,70,103,
32766,7789,2043,89,86,
32766,7797,2062,64,86,
32766,7788,2055,80,96,
32766,7793,2056,97,89,
32766,7800,2032,75,102,
32766,7774,2028,70,102,
32766,7797,2041,71,92,
32766,7778,2042,89,94,
32766,7781,2043,81,91,
32766,7766,2041,82,70,
32766,7766,2044,64,74,
32766,7754,2057,72,87,
32766,7774,2029,77,80,
32766,7739,2052,75,87,
32766,7757,2053,83,82,
32766,7737,2032,88,89,
32766,7750,2043,78,93,
32766,7742,2041,84,97,
32766,7748,2039,92,95,
32766,7746,2038,76,91,
32766,7736,2069,96,63,
32766,7761,2071,105,99,
32766,7755,2042,75,82,
32766,7742,2065,92,75,
32766,7751,2055,81,101,
32766,7743,2071,92,95,
32766,7760,2044,85,84,
32766,7751,2054,97,97,
32766,7760,2041,97,104,
32766,7756,2034,93,91,
32766,7759,2055,82,84,
32766,7758,2049,90,74,
32766,7773,2052,92,92,
32766,7755,2046,94,97,
32766,7774,2044,63,81,
32766,7763,2020,85,82,
32766,7745,2049,95,87,
32766,7771,2049,89,96,
32766,7759,2057,92,92,
32766,7766,2048,75,100,
32766,7740,2036,70,60,
32766,7760,2051,80,117,
32766,7755,2048,76,94,
32766,7760,2037,70,106,
32766,7767,2034,93,93,
32766,7756,2068,75,84,
32766,7780,2054,76,85,
32766,7767,2045,88,97,
32766,7770,2073,79,77,
32766,7763,2042,82,85,
32766,7762,2052,111,89,
32766,7791,2053,68,88,
32766,7761,2073,75,93,
32766,7790,2042,86,92,
32766,7806,2042,81,85,
32766,7757,2064,85,93,
32766,7757,2059,96,66,
32766,7777,2050,75,101,
32766,7769,2051,87,91,
32766,7772,2057,82,73,
32766,7769,2049,89,94,
32766,7777,2042,94,90,
32766,7765,2060,75,74,
32766,7766,2061,102,96,
32766,7763,2063,93,86,
32766,7765,2061,70,103,
32766,7743,2058,95,76,
32766,7784,2057,89,97,
32766,7774,2039,72,84,
32766,7775,2071,100,98,
32766,7778,2053,91,95,
32766,7768,2054,95,97,
32766,7758,2047,85,91,
32766,7760,2060,88,85,
32766,7778,2040,94,80,
32766,7771,2039,75,104,
32766,7773,2051,89,73,
32766,7770,2052,97,80,
32766,7762,2051,61,83,
32766,7753,2029,85,99,
32766,7786,2050,78,73,
32766,7773,2032,59,100,
32766,7773,2044,95,98,
32766,7756,2046,67,88,
32766,7761,2040,55,95,
32766,7731,2068,95,75,
32766,7721,2062,88,104,
32766,7758,2044,88,90,
32766,7765,2049,96,90,
32766,7762,2059,83,95,
32766,7776,2062,76,77,
32766,7772,2044,96,87,
32766,7757,2029,69,96,
32766,7767,2048,87,90,
32766,7795,2039,103,68,
32766,7787,2056,91,99,
32766,7778,2043,88,52,
32766,7786,2065,72,74,
32766,7790,2050,79,89,
32766,7783,2048,96,74,
32766,7786,2079,82,85,
32766,7788,2071,96,93,
32766,7793,2053,76,78,
32766,7786,2043,89,97,
32766,7796,2060,86,85,
32766,7790,2061,69,98,
32766,7781,2055,70,86,
32766,7778,2046,81,83,
32766,7779,2054,87,88,
32766,7797,2038,106,94,
32766,7766,2064,71,70,
32766,7769,2069,77,74,
32766,7805,2042,73,59,
32766,7794,2063,104,88,
32766,7799,2049,60,69,
32766,7790,2062,74,98,
32766,7782,2079,81,80,
32766,7781,2060,89,74,
32766,7799,2056,79,99,
32766,7817,2045,81,89,
32766,7808,2065,75,101,
32766,7818,2052,85,87,
32766,7828,2070,83,82,
32766,7835,2066,87,89,
32766,7834,2071,58,84,
32766,7860,2055,70,100,
32766,7854,2076,85,85,
32766,7878,2077,75,96,
32766,7880,2067,86,82,
32766,7889,2045,84,94,
32766,7890,2058,82,79,
32766,7905,2067,82,84,
32766,7892,2076,99,89,
32766,7900,2054,87,95,
32766,7890,2075,98,81,
32766,7897,2063,81,102,
32766,7892,2057,74,96,
32766,7896,2077,98,83,
32766,7901,2060,82,94,
32766,7905,2089,77,92,
32766,7932,2061,83,68,
32766,7894,2060,98,92,
32766,7918,2075,88,82,
32766,7895,2063,77,81,
32766,7918,2081,59,85,
32766,7912,2095,90,101,
32766,7918,2057,105,99,
32766,7920,2073,80,95,
32766,7926,2065,98,97,
32766,7922,2068,75,87,
32766,7926,2062,81,92,
32766,7922,2060,70,83,
32766,7923,2066,96,79,
32766,7944,2083,72,93,
32766,7949,2060,65,94,
32766,7937,2074,89,77,
32766,7936,2074,71,102,
32766,7948,2103,74,102,
32766,7937,2085,92,82,
32766,7962,2092,104,84,
32766,7950,2070,107,73,
32766,7954,2071,82,100,
32766,7943,2088,90,84,
32766,7947,2074,78,79,
32766,7947,2078,91,88,
32766,7928,2060,65,87,
32766,7939,2082,87,89,
32766,7928,2067,84,98,
32766,7933,2077,82,95,
32766,7937,2069,77,90,
32766,7937,2068,88,105,
32766,7928,2063,96,93,
32766,7908,2059,72,87,
32766,7925,2066,75,96,
32766,7915,2051,89,63,
32766,7914,2055,90,83,
32766,7902,2072,70,97,
32766,7906,2076,86,98,
32766,7907,2059,84,95,
32766,7891,2062,74,76,
32766,7913,2066,89,86,
32766,7907,2066,78,84,
32766,7909,2076,82,80,
32766,7891,2064,62,70,
32766,7898,2045,69,96,
32766,7882,2043,70,100,
32766,7838,2081,73,100,
32766,7877,2061,65,103,
32766,7867,2050,61,88,
32766,7884,2055,98,78,
32766,7854,2085,100,87,
32766,7857,2051,81,96,
32766,7861,2066,85,80,
32766,7860,2073,76,87,
32766,7866,2064,81,94,
32766,7877,2061,86,88,
32766,7886,2061,73,73,
32766,7868,2063,74,90,
32766,7882,2077,69,93,
32766,7880,2056,98,89,
32766,7869,2049,91,77,
32766,7846,2079,86,84,
32766,7861,2077,84,75,
32766,7852,2043,88,90,
32766,7852,2047,100,68,
32766,7840,2063,109,88,
32766,7856,2047,103,83,
32766,7857,2079,98,87,
32766,7853,2067,87,85,
32766,7853,2065,87,91,
32766,7856,2075,92,81,
32766,7845,2060,85,92,
32766,7844,2063,83,84,
32766,7846,2064,88,94,
32766,7841,2056,79,95,
32766,7830,2054,67,69,
32766,7850,2047,77,72,
32766,7872,2053,78,64,
32766,7841,2050,66,89,
32766,7846,2073,76,87,
32766,7848,2056,84,65,
32766,7826,2070,69,87,
32766,7858,2047,83,96,
32766,7831,2061,76,89,
32766,7855,2057,90,72,
32766,7833,2056,83,84,
32766,7839,2064,98,75,
32766,7832,2050,86,93,
32766,7819,2065,73,92,
32766,7827,2059,118,94,
32766,7811,2062,113,96,
32766,7822,2066,84,83,
32766,7824,2058,61,83,
32766,7831,2059,91,93,
32766,7812,2056,101,103,
32766,7817,2073,73,84,
32766,7832,2085,79,105,
32766,7814,2064,85,94,
32766,7836,2072,78,97,
32766,7823,2066,91,89,
32766,7826,2059,85,86,
32766,7819,2055,72,80,
32766,7828,2068,84,90,
32766,7817,2052,94,86,
32766,7831,2062,79,85,
32766,7820,2054,70,89,
32766,7803,2062,99,90,
32766,7829,2065,88,99,
32766,7823,2066,77,87,
32766,7807,2058,54,86,
32766,7791,2056,91,76,
32766,7812,2045,66,88,
32766,7813,2055,85,98,
32766,7813,2059,87,77,
32766,7800,2046,83,90,
32766,7797,2067,81,90,
32766,7793,2057,63,86,
32766,7784,2062,85,74,
32766,7779,2043,75,97,
32766,7775,2050,74,88,
32766,7795,2066,102,71,
32766,7767,2060,62,94,
32766,7794,2040,73,95,
32766,7769,2061,86,96,
32766,7779,2060,100,89,
32766,7782,2055,84,93,
32766,7784,2054,96,71,
32766,7753,2064,69,96,
32766,7766,2054,75,86,
32766,7751,2042,78,96,
32766,7758,2071,76,84,
32766,7744,2048,80,82,
32766,7753,2063,87,77,
32766,7735,2040,70,80,
32766,7747,2073,72,87,
32766,7737,2025,79,83,
32766,7726,2052,106,79,
32766,7741,2037,68,100,
32766,7744,2044,75,103,
32766,7720,2042,83,95,
32766,7741,2036,93,66,
32766,7717,2030,66,82,
32766,7724,2053,88,74,
32766,7725,2038,77,92,
32766,7735,2043,98,86,
32766,7732,2043,87,81,
32766,7739,2050,73,94,
32766,7746,2071,87,99,
32766,7732,2035,91,88,
32766,7747,2057,101,97,
32766,7730,2036,106,104,
32766,7750,2018,76,107,
32766,7774,2062,77,109,
32766,7761,2062,84,94,
32766,7770,2038,76,100,
32766,7734,2044,67,64,
32766,7753,2053,83,66,
32766,7757,2042,80,89,
32766,7750,2047,74,101,
32766,7776,2051,99,75,
32766,7757,2040,84,82,
32766,7756,2057,83,76,
32766,7774,2065,90,91,
32766,7787,2070,91,81,
32766,7788,2046,69,95,
32766,7776,2072,78,105,
32766,7781,2069,91,71,
32766,7803,2061,69,88,
32766,7809,2038,88,95,
32766,7823,2065,93,109,
32766,7772,2076,109,82,
32766,7828,2052,80,105,
32766,7826,2059,83,83,
32766,7803,2062,85,94,
32766,7815,2051,76,97,
32766,7800,2069,89,95,
32766,7821,2069,94,99,
32766,7830,2055,63,94,
32766,7824,2066,89,86,
32766,7813,2078,86,91,
32766,7828,2048,93,71,
32766,7852,2036,76,90,
32766,7820,2050,84,77,
32766,7811,2049,70,95,
32766,7793,2068,101,56,
32766,7828,2039,89,75,
32766,7781,2058,95,73,
32766,7795,2044,91,86,
32766,7795,2060,78,90,
32766,7798,2049,90,84,
32766,7809,2057,84,96,
32766,7818,2061,74,86,
32766,7811,2059,103,76,
32766,7803,2062,90,83,
32766,7812,2057,64,87,
32766,7800,2080,80,76,
32766,7817,2067,87,74,
32766,7784,2072,73,78,
32766,7809,2045,99,90,
32766,7806,2045,70,116,
32766,7792,2050,65,98,
32766,7812,2054,73,85,
32766,7791,2040,82,85,
32766,7808,2053,82,88,
32766,7803,2051,78,85,
32766,7795,2046,87,95,
32766,7807,2056,89,80,
32766,7780,2062,86,85,
32766,7792,2040,100,92,
32766,7790,2057,70,101,
32766,7787,2061,68,95,
32766,7787,2060,90,101,
32766,7789,2062,84,65,
32766,7784,2070,102,80,
32766,7817,2032,68,98,
32766,7803,2040,99,80,
32766,7819,2056,84,106,
32766,7793,2053,91,89,
32766,7810,2061,106,81,
32766,7808,2064,89,84,
32766,7826,2067,86,104,
32766,7846,2063,82,67,
32766,7849,2073,73,85,
32766,7858,2076,68,89,
32766,7875,2066,102,90,
32766,7886,2053,78,76,
32766,7866,2085,89,82,
32766,7885,2051,102,87,
32766,7914,2077,103,100,
32766,7909,2075,71,67,
32766,7895,2081,86,74,
32766,7907,2059,102,96,
32766,7908,2062,75,90,
32766,7900,2074,77,75,
32766,7893,2072,81,95,
32766,7906,2064,88,80,
32766,7923,2072,77,81,
32766,7901,2059,75,82,
32766,7899,2071,78,93,
32766,7907,2061,86,94,
32766,7928,2055,55,95,
32766,7906,2062,84,82,
32766,7929,2078,75,82,
32766,7929,2066,93,87,
32766,7948,2089,87,79,
32766,7980,2068,79,94,
32766,7979,2084,78,94,
32766,7996,2085,85,81,
32766,8022,2075,75,94,
32766,8024,2080,91,90,
32766,8046,2089,78,92,
32766,8064,2094,72,89,
32766,8075,2085,83,89,
32766,8079,2098,87,86,
32766,8085,2111,103,80,
32766,8077,2076,82,96,
32766,8083,2081,88,84,
32766,8077,2071,84,94,
32766,8069,2087,89,63,
32766,8038,2082,72,86,
32766,8038,2079,90,83,
32766,8027,2087,86,78,
32766,8020,2068,82,75,
32766,7975,2083,89,77,
32766,7991,2065,76,94,
32766,7990,2076,84,95,
32766,7961,2085,90,89,
32766,7961,2074,71,88,
32766,7966,2088,88,90,
32766,7983,2082,86,99,
32766,7965,2093,93,91,
32766,7997,2083,76,86,
32766,8004,2098,80,83,
32766,8003,2093,96,74,
32766,8010,2078,92,89,
32766,7986,2106,92,86,
32766,7982,2086,99,111,
32766,7991,2094,86,93,
32766,7981,2088,83,82,
32766,7991,2076,78,92,
32766,7978,2078,85,87,
32766,7967,2081,81,82,
32766,7958,2076,101,85,
32766,7950,2086,96,86,
32766,7924,2062,83,89,
32766,7928,2089,76,75,
32766,7917,2072,80,108,
32766,7922,2060,93,91,
32766,7917,2077,85,79,
32766,7927,2062,70,95,
32766,7893,2095,113,69,
32766,7916,2081,106,87,
32766,7911,2056,75,94,
32766,7901,2065,85,90,
32766,7912,2066,85,87,
32766,7908,2059,90,89,
32766,7885,2062,82,90,
32766,7874,2070,85,96,
32766,7889,2076,81,77,
32766,7847,2076,85,99,
32766,7864,2078,85,111,
32766,7844,2069,82,81,
32766,7823,2077,73,91,
32766,7860,2067,68,86,
32766,7837,2076,63,72,
32766,7862,2082,84,101,
32766,7865,2054,77,81,
32766,7867,2054,89,75,
32766,7878,2068,87,85,
32766,7875,2073,95,80,
32766,7881,2078,91,89,
32766,7883,2063,83,84,
32766,7885,2077,96,77,
32766,7888,2064,78,75,
32766,7888,2079,79,82,
32766,7904,2054,97,99,
32766,7898,2067,92,82,
32766,7910,2067,83,70,
32766,7900,2070,86,87,
32766,7909,2061,91,73,
32766,7913,2082,101,85,
32766,7916,2072,78,85,
32766,7916,2078,95,84,
32766,7932,2075,82,89,
32766,7927,2081,71,90,
32766,7909,2088,70,88,
32766,7905,2071,97,85,
32766,7918,2079,89,91,
32766,7894,2080,68,94,
32766,7916,2079,85,88,
32766,7900,2074,83,78,
32766,7916,2067,61,98,
32766,7909,2052,79,81,
32766,7883,2061,77,84,
32766,7895,2047,68,97,
32766,7862,2071,66,95,
32766,7876,2068,88,72,
32766,7867,2081,80,96,
32766,7860,2064,79,88,
32766,7851,2069,91,94,
32766,7865,2065,96,84,
32766,7866,2050,96,93,
32766,7840,2072,73,91,
32766,7861,2060,86,89,
32766,7857,2078,72,83,
32766,7859,2077,69,101,
32766,7854,2065,61,80,
32766,7859,2084,81,94,
32766,7869,2061,93,85,
32766,7839,2095,103,93,
32766,7846,2080,71,114,
32766,7857,2085,76,89,
32766,7850,2090,71,82,
32766,7832,2081,79,97,
32766,7840,2062,89,86,
32766,7850,2077,79,85,
32766,7839,2077,88,90,
32766,7820,2063,87,87,
32766,7823,2061,86,87,
32766,7812,2067,99,79,
32766,7798,2062,55,102,
32766,7805,2045,85,105,
32766,7796,2068,87,87,
32766,7813,2053,83,101,
32766,7794,2085,84,88,
32766,7769,2049,73,69,
32766,7777,2061,84,81,
32766,7788,2064,75,91,
32766,7785,2066,88,99,
32766,7778,2059,82,104,
32766,7783,2060,85,78,
32766,7772,2049,96,83,
32766,7774,2061,86,97,
32766,7770,2058,89,90,
32766,7768,2066,86,88,
32766,7777,2061,70,73,
32766,7779,2054,64,113,
32766,7778,2029,79,100,
32766,7782,2055,64,97,
32766,7795,2066,65,110,
32766,7792,2088,98,107,
32766,7798,2073,90,85,
32766,7783,2055,69,93,
32766,7788,2078,85,81,
32766,7783,2054,73,84,
32766,7789,2067,83,82,
32766,7810,2078,74,80,
32766,7801,2054,88,69,
32766,7814,2070,70,85,
32766,7799,2062,72,76,
32766,7820,2079,71,84,
32766,7814,2046,99,103,
32766,7819,2054,75,78,
32766,7810,2071,93,96,
32766,7825,2061,106,79,
32766,7846,2056,73,77,
32766,7810,2056,82,70,
32766,7828,2069,97,88,
32766,7818,2066,79,79,
32766,7818,2069,81,89,
32766,7816,2055,70,91,
32766,7817,2060,89,107,
32766,7819,2059,75,95,
32766,7804,2066,78,88,
32766,7809,2073,74,100,
32766,7821,2077,106,79,
32766,7819,2058,87,105,
32766,7794,2066,84,91,
32766,7816,2073,83,90,
32766,7810,2086,113,85,
32766,7839,2077,83,105,
32766,7801,2068,99,81,
32766,7818,2076,78,79,
32766,7833,2071,87,76,
32766,7825,2056,92,85,
32766,7825,2071,88,88,
32766,7844,2064,88,96,
32766,7831,2058,83,97,
32766,7836,2074,74,84,
32766,7851,2068,82,82,
32766,7827,2078,98,75,
32766,7802,2070,109,96,
32766,7837,2065,99,61,
32766,7817,2070,92,87,
32766,7825,2054,87,85,
32766,7808,2076,97,70,
32766,7819,2046,82,71,
32766,7814,2057,72,83,
32766,7819,2060,95,76,
32766,7825,2078,73,91,
32766,7819,2054,88,86,
32766,7815,2066,83,87,
32766,7818,2059,89,84,
32766,7812,2070,76,80,
32766,7807,2060,92,76,
32766,7813,2065,83,84,
32766,7811,2056,96,115,
32766,7818,2032,74,86,
32766,7802,2056,79,90,
32766,7802,2072,75,78,
32766,7819,2064,104,85,
32766,7809,2059,76,69,
32766,7817,2062,66,101,
32766,7815,2061,82,89,
32766,7819,2081,85,101,
32766,7834,2073,82,91,
32766,7829,2068,103,90,
32766,7827,2054,68,92,
32766,7818,2066,75,80,
32766,7807,2080,69,80,
32766,7815,2063,67,80,
32766,7808,2063,85,78,
32766,7826,2063,62,93,
32766,7803,2061,102,87,
32766,7802,2068,74,88,
32766,7814,2063,66,107,
32766,7819,2040,83,85,
32766,7794,2074,77,90,
32766,7797,2060,85,87,
32766,7803,2070,82,74,
32766,7802,2066,78,92,
32766,7802,2056,75,74,
32766,7793,2070,70,82,
32766,7790,2067,86,97,
32766,7797,2067,97,79,
32766,7791,2085,83,88,
32766,7821,2061,59,96,
32766,7810,2072,78,98,
32766,7800,2064,85,95,
32766,7793,2062,72,91,
32766,7803,2073,69,95,
32766,7812,2081,83,94,
32766,7801,2065,83,91,
32766,7796,2058,86,93,
32766,7793,2064,82,84,
32766,7793,2076,74,81,
32766,7789,2064,90,86,
32766,7789,2070,81,90,
32766,7796,2052,93,73,
32766,7800,2061,69,93,
32766,7798,2053,86,96,
32766,7801,2051,79,77,
32766,7792,2083,81,91,
32766,7802,2061,67,96,
32766,7797,2050,100,86,
32766,7791,2053,110,70,
32766,7817,2064,69,99,
32766,7826,2064,69,91,
32766,7807,2073,90,81,
32766,7816,2054,85,89,
32766,7805,2057,78,82,
32766,7807,2067,78,90,
32766,7819,2061,78,90,
32766,7801,2061,82,83,
32766,7818,2068,83,67,
32766,7834,2065,88,85,
32766,7807,2066,96,88,
32766,7822,2053,73,64,
32766,7815,2069,87,80,
32766,7829,2071,96,98,
32766,7792,2084,88,85,
32766,7806,2074,90,93,
32766,7813,2067,80,97,
32766,7796,2079,82,88,
32766,7817,2072,93,74,
32766,7801,2053,85,94,
32766,7805,2068,70,93,
32766,7793,2050,89,104,
32766,7794,2062,69,84,
32766,7801,2052,86,106,
32766,7801,2062,90,92,
32766,7801,2053,91,65,
32766,7795,2070,69,99,
32766,7803,2080,82,105,
32766,7788,2088,81,99,
32766,7799,2065,93,72,
32766,7795,2054,116,84,
32766,7772,2067,100,95,
32766,7777,2059,85,96,
32766,7783,2064,81,74,
32766,7784,2056,103,94,
32766,7786,2054,82,100,
32766,7796,2045,79,95,
32766,7785,2066,95,94,
32766,7796,2057,88,84,
32766,7769,2050,65,97,
32766,7777,2065,57,87,
32766,7809,2057,83,97,
32766,7788,2051,90,90,
32766,7786,2048,100,85,
32766,7782,2098,108,92,
32766,7779,2044,92,98,
32766,7787,2051,92,92,
32766,7787,2061,83,87,
32766,7792,2068,93,94,
32766,7782,2071,77,96,
32766,7771,2076,82,93,
32766,7770,2052,72,99,
32766,7776,2052,86,86,
32766,7777,2055,81,85,
32766,7757,2080,85,91,
32766,7798,2071,67,88,
32766,7749,2074,81,98,
32766,7763,2039,94,105,
32766,7741,2071,77,84,
32766,7739,2050,79,82,
32766,7753,2065,101,102,
32766,7740,2065,102,101,
32766,7740,2039,75,89,
32766,7732,2040,81,91,
32766,7741,2069,85,101,
32766,7733,2070,72,98,
32766,7713,2058,84,83,
32766,7731,2070,86,95,
32766,7701,2066,89,89,
32766,7705,2031,116,66,
32766,7698,2044,65,91,
32766,7686,2059,96,83,
32766,7703,2068,84,80,
32766,7721,2043,77,93,
32766,7718,2039,98,90,
32766,7700,2037,61,88,
32766,7704,2057,84,96,
32766,7714,2047,85,81,
32766,7699,2048,87,102,
32766,7722,2051,83,63,
32766,7699,2053,97,80,
32766,7709,2061,90,84,
32766,7709,2045,79,97,
32766,7703,2050,72,81,
32766,7705,2041,72,77,
32766,7718,2059,78,102,
32766,7685,2051,71,80,
32766,7708,2069,75,111,
32766,7702,2051,107,77,
32766,7728,2042,85,91,
32766,7695,2086,110,88,
32766,7702,2069,85,64,
32766,7699,2054,93,85,
32766,7705,2059,70,87,
32766,7699,2061,86,87,
32766,7706,2062,92,84,
32766,7702,2060,93,99,
32766,7700,2044,78,86,
32766,7692,2053,101,89,
32766,7694,2040,102,81,
32766,7663,2062,68,113,
32766,7676,2037,79,93,
32766,7671,2046,103,98,
32766,7700,2046,89,89,
32766,7697,2067,75,83,
32766,7695,2038,90,71,
32766,7669,2048,82,93,
32766,7674,2057,87,93,
32766,7676,2049,90,79,
32766,7669,2059,94,87,
32766,7657,2053,94,89,
32766,7654,2058,67,76,
32766,7654,2040,88,81,
32766,7648,2042,76,98,
32766,7636,2029,105,92,
32766,7643,2061,72,99,
32766,7621,2058,81,83,
32766,7613,2057,67,89,
32766,7652,2049,84,103,
32766,7630,2047,78,86,
32766,7631,2049,92,80,
32766,7619,2052,85,93,
32766,7621,2030,76,72,
32766,7618,2056,86,97,
32766,7624,2044,100,95,
32766,7611,2062,63,83,
32766,7621,2052,88,85,
32766,7628,2053,91,84,
32766,7618,2042,89,63,
32766,7592,2040,86,82,
32766,7604,2026,79,103,
32766,7573,2039,79,88,
32766,7573,2043,69,88,
32766,7568,2035,92,89,
32766,7549,2048,79,88,
32766,7553,2059,71,110,
32766,7532,2039,87,85,
32766,7528,2039,74,94,
32766,7533,2033,78,86,
32766,7547,2027,93,82,
32766,7532,2036,78,88,
32766,7526,2046,87,88,
32766,7520,2031,79,84,
32766,7536,2024,85,97,
32766,7528,2032,97,90,
32766,7532,2028,51,116,
32766,7538,2032,71,71,
32766,7524,2041,67,113,
32766,7553,2022,86,78,
32766,7525,2058,97,71,
32766,7529,2048,91,80,
32766,7499,2033,71,83,
32766,7525,2043,88,79,
32766,7526,2035,85,93,
32766,7512,2023,74,77,
32766,7509,2027,68,93,
32766,7523,2035,77,85,
32766,7523,2027,98,75,
32766,7531,2030,96,88,
32766,7542,2010,73,97,
32766,7524,2029,97,93,
32766,7516,2066,82,60,
32766,7529,2042,69,74,
32766,7552,2021,97,96,
32766,7552,2048,106,84,
32766,7575,2061,75,95,
32766,7574,2045,71,83,
32766,7575,2042,83,82,
32766,7585,2032,84,103,
32766,7590,2027,83,80,
32766,7604,2040,80,91,
32766,7575,2041,95,78,
32766,7576,2029,99,90,
32766,7570,2037,95,89,
32766,7569,2028,67,99,
32766,7590,2027,66,108,
32766,7582,2039,78,77,
32766,7583,2034,89,93,
32766,7589,2024,91,93,
32766,7576,2059,79,93,
32766,7590,2027,69,84,
32766,7589,2027,73,90,
32766,7578,2038,91,92,
32766,7568,2042,73,76,
32766,7566,2058,71,88,
32766,7558,2032,75,90,
32766,7546,2030,85,88,
32766,7559,2033,86,97,
32766,7548,2045,81,93,
32766,7541,2048,79,80,
32766,7531,2045,85,69,
32766,7544,2028,105,95,
32766,7579,2024,49,94,
32766,7530,2038,80,87,
32766,7535,2032,87,96,
32766,7531,2016,88,73,
32766,7528,2031,81,101,
32766,7547,2029,71,89,
32766,7536,2037,96,84,
32766,7525,2041,75,90,
32766,7547,2039,83,95,
32766,7525,2033,79,92,
32766,7536,2030,97,92,
32766,7532,2040,83,95,
32766,7531,2040,91,62,
32766,7534,2030,65,95,
32766,7530,2044,89,79,
32766,7541,2044,76,84,
32766,7534,2056,87,84,
32766,7535,2046,96,82,
32766,7518,2031,86,97,
32766,7525,2041,88,87,
32766,7516,2036,83,98,
32766,7493,2024,77,99,
32766,7519,2024,92,82,
32766,7521,2033,77,92,
32766,7510,2018,92,81,
32766,7500,2023,89,97,
32766,7512,2034,89,87,
32766,7511,2030,104,83,
32766,7481,2023,50,123,
32766,7517,2033,77,84,
32766,7496,2055,97,85,
32766,7513,2043,83,86,
32766,7502,2029,92,102,
32766,7520,2040,68,106,
32766,7516,2028,80,69,
32766,7518,2041,91,81,
32766,7548,2031,73,94,
32766,7511,2027,70,77,
32766,7542,2030,75,99,
32766,7516,2034,80,90,
32766,7532,2041,87,89,
32766,7523,2037,82,98,
32766,7550,2028,85,77,
32766,7585,2009,87,77,
32766,7523,2038,80,92,
32766,7533,2015,74,81,
32766,7557,2030,72,89,
32766,7552,2030,69,86,
32766,7546,2032,49,97,
32766,7539,2031,82,96,
32766,7552,2046,87,82,
32766,7546,2033,78,79,
32766,7575,2031,69,94,
32766,7567,2042,81,91,
32766,7571,2058,70,89,
32766,7592,2056,85,76,
32766,7588,2039,81,91,
32766,7605,2036,85,77,
32766,7587,2038,88,82,
32766,7616,2025,98,93,
32766,7635,2041,86,91,
32766,7626,2046,79,94,
32766,7642,2034,109,74,
32766,7628,2064,82,119,
32766,7635,2049,37,81,
32766,7622,2052,77,98,
32766,7618,2046,89,85,
32766,7626,2050,70,95,
32766,7604,2043,94,85,
32766,7595,2045,71,94,
32766,7598,2033,74,89,
32766,7595,2046,80,91,
32766,7579,2053,82,89,
32766,7563,2032,95,86,
32766,7570,2030,73,61,
32766,7572,2041,112,66,
32766,7583,2047,94,91,
32766,7560,2016,74,97,
32766,7554,2044,87,103,
32766,7545,2025,71,92,
32766,7544,2032,83,82,
32766,7556,2039,86,96,
32766,7539,2036,65,83,
32766,7535,2044,85,83,
32766,7554,2025,88,100,
32766,7560,2033,60,100,
32766,7557,2025,76,74,
32766,7535,2028,72,97,
32766,7542,2038,82,80,
32766,7555,2041,83,84,
32766,7567,2033,88,61,
32766,7550,2022,76,80,
32766,7564,2048,84,74,
32766,7525,2044,112,112,
32766,7545,2056,72,99,
32766,7543,2042,80,89,
32766,7551,2032,89,78,
32766,7551,2024,80,80,
32766,7537,2041,88,81,
32766,7542,2025,91,93,
32766,7532,2035,91,87,
32766,7536,2036,90,84,
32766,7519,2032,82,68,
32766,7510,2034,79,103,
32766,7494,2059,94,93,
32766,7511,2018,53,116,
32766,7522,2020,83,94,
32766,7528,2020,81,97,
32766,7520,2052,75,88,
32766,7527,2039,80,88,
32766,7514,2055,85,80,
32766,7513,2038,81,82,
32766,7512,2026,87,98,
32766,7525,2023,79,83,
32766,7523,2027,75,82,
32766,7516,2040,74,81,
32766,7522,2037,80,83,
32766,7520,2028,96,99,
32766,7532,2037,90,81,
32766,7538,2035,73,85,
32766,7528,2029,72,93,
32766,7533,2033,75,86,
32766,7548,2021,59,80,
32766,7541,2048,101,86,
32766,7562,2043,76,97,
32766,7549,2049,84,84,
32766,7532,2040,67,82,
32766,7546,2034,84,73,
32766,7555,2040,92,79,
32766,7553,2045,90,82,
32766,7539,2049,79,85,
32766,7566,2050,82,76,
32766,7565,2034,92,92,
32766,7579,2016,77,90,
32766,7554,2048,68,77,
32766,7567,2035,74,106,
32766,7588,2044,83,81,
32766,7574,2030,83,111,
32766,7558,2000,43,71,
32766,7574,2036,70,100,
32766,7575,2035,71,84,
32766,7557,2029,81,91,
32766,7556,2040,82,92,
32766,7567,2031,83,92,
32766,7541,2028,70,66,
32766,7555,2043,93,80,
32766,7546,2030,84,82,
32766,7546,2038,88,77,
32766,7566,2027,76,71,
32766,7546,2030,75,91,
32766,7544,2014,85,78,
32766,7560,2041,79,92,
32766,7568,2044,86,103,
32766,7564,2028,67,117,
32766,7555,2025,59,79,
32766,7556,2046,91,81,
32766,7568,2049,94,92,
32766,7583,2030,96,102,
32766,7589,2044,78,83,
32766,7584,2035,83,85,
32766,7583,2034,84,93,
32766,7592,2054,83,86,
32766,7598,2021,89,85,
32766,7602,2027,93,78,
32766,7588,2051,85,101,
32766,7595,2045,78,96,
32766,7604,2035,96,91,
32766,7589,2040,61,72,
32766,7612,2043,67,76,
32766,7586,2066,83,99,
32766,7605,2033,75,100,
32766,7590,2033,84,86,
32766,7591,2062,90,67,
32766,7597,2040,96,73,
32766,7610,2035,85,96,
32766,7597,2053,83,80,
32766,7608,2036,87,87,
32766,7596,2040,96,95,
32766,7598,2021,81,89,
32766,7587,2047,94,74,
32766,7591,2017,91,85,
32766,7595,2015,74,74,
32766,7583,2036,105,81,
32766,7593,2051,95,116,
32766,7579,2051,74,77,
32766,7583,2044,86,103,
32766,7594,2039,92,81,
32766,7582,2036,92,99,
32766,7581,2039,77,72,
32766,7569,2033,76,98,
32766,7594,2025,79,92,
32766,7572,2039,80,88,
32766,7578,2033,68,95,
32766,7587,2065,58,85,
32766,7597,2039,52,95,
32766,7636,2024,79,73,
32766,7596,2065,84,93,
32766,7640,2021,78,80,
32766,7631,2050,89,93,
32766,7655,2033,88,88,
32766,7666,2037,98,88,
32766,7664,2054,96,86,
32766,7687,2045,70,89,
32766,7688,2044,72,74,
32766,7678,2053,79,93,
32766,7672,2042,85,104,
32766,7667,2062,76,89,
32766,7680,2047,97,87,
32766,7683,2031,68,92,
32766,7649,2037,80,75,
32766,7657,2038,82,85,
32766,7652,2030,90,81,
32766,7657,2050,87,96,
32766,7642,2081,91,83,
32766,7633,2035,55,84,
32766,7626,2033,82,61,
32766,7606,2043,103,69,
32766,7611,2035,79,81,
32766,7613,2025,86,89,
32766,7608,2034,69,83,
32766,7620,2043,78,99,
32766,7608,2042,85,77,
32766,7615,2042,73,85,
32766,7613,2035,79,90,
32766,7582,2037,84,88,
32766,7579,2026,92,103,
32766,7560,2022,81,91,
32766,7556,2038,101,66,
32766,7554,2031,51,78,
32766,7518,2036,81,92,
32766,7547,2059,98,105,
32766,7544,2035,71,88,
32766,7541,2039,76,82,
32766,7551,2028,85,81,
32766,7538,2025,92,91,
32766,7554,2026,90,107,
32766,7535,2027,96,87,
32766,7550,2027,65,84,
32766,7547,2051,87,91,
32766,7546,2032,105,78,
32766,7544,2040,89,113,
32766,7558,2035,52,112,
32766,7558,2051,78,91,
32766,7550,2020,68,84,
32766,7562,2021,57,90,
32766,7561,2039,86,87,
32766,7564,2039,90,69,
32766,7576,2022,79,80,
32766,7571,2028,68,86,
32766,7570,2028,66,88,
32766,7567,2039,69,88,
32766,7580,2031,73,77,
32766,7561,2057,72,82,
32766,7585,2022,75,89,
32766,7576,2027,95,78,
32766,7603,2031,65,97,
32766,7573,2044,72,87,
32766,7592,2037,82,72,
32766,7575,2050,96,84,
32766,7557,2051,97,65,
32766,7581,2045,102,96,
32766,7593,2042,93,88,
32766,7605,2040,68,91,
32766,7588,2030,79,97,
32766,7602,2036,75,75,
32766,7599,2030,74,79,
32766,7616,2037,87,81,
32766,7614,2046,80,94,
32766,7598,2046,74,88,
32766,7590,2046,104,77,
32766,7585,2056,109,66,
32766,7593,2053,111,80,
32766,7610,2029,74,77,
32766,7578,2034,90,48,
32766,7551,2034,74,67,
32766,7573,2035,83,84,
32766,7566,2042,90,84,
32766,7561,2040,74,91,
32766,7561,2029,78,73,
32766,7556,2044,76,89,
32766,7543,2023,92,93,
32766,7548,2022,66,77,
32766,7555,2031,91,85,
32766,7528,2030,82,77,
32766,7538,2021,67,99,
32766,7525,2039,102,80,
32766,7553,2017,102,63,
32766,7557,2044,94,115,
32766,7542,2040,81,94,
32766,7543,2019,98,62,
32766,7528,2056,100,86,
32766,7541,2033,88,85,
32766,7541,2030,100,88,
32766,7528,2022,74,95,
32766,7521,2026,84,88,
32766,7526,2028,71,79,
32766,7511,2023,72,94,
32766,7512,2017,89,88,
32766,7513,2036,67,107,
32766,7516,2020,85,100,
32766,7517,2053,76,77,
32766,7538,2036,91,86,
32766,7516,2013,66,86,
32766,7518,2038,72,83,
32766,7503,2016,116,77,
32766,7527,2041,109,102,
32766,7497,2045,90,88,
32766,7503,2025,83,91,
32766,7495,2028,76,97,
32766,7491,2018,75,100,
32766,7501,2012,101,99,
32766,7485,2028,97,88,
32766,7488,2018,73,77,
32766,7487,2022,87,89,
32766,7512,1996,79,101,
32766,7504,2014,78,69,
32766,7505,2025,69,67,
32766,7495,2020,80,87,
32766,7493,2024,83,99,
32766,7493,2029,93,83,
32766,7519,2022,95,83,
32766,7514,2014,93,84,
32766,7498,2034,94,95,
32766,7506,2043,87,98,
32766,7507,2021,75,94,
32766,7504,2027,79,82,
32766,7491,2012,93,79,
32766,7502,2030,83,93,
32766,7518,2038,72,77,
32766,7530,2007,99,108,
32766,7509,2011,76,104,
32766,7484,2042,85,112,
32766,7515,2026,82,77,
32766,7522,2022,91,87,
32766,7513,2039,93,109,
32766,7536,2002,83,104,
32766,7535,2036,84,75,
32766,7536,2040,76,82,
32766,7545,2028,67,96,
32766,7551,2034,87,87,
32766,7542,2031,73,87,
32766,7549,2040,93,86,
32766,7553,2043,71,85,
32766,7587,2034,55,76,
32766,7579,2042,91,82,
32766,7570,2054,87,99,
32766,7544,2016,61,93,
32766,7564,2029,87,80,
32766,7561,2010,88,81,
32766,7566,2016,68,89,
32766,7542,2024,89,73,
32766,7565,2032,84,87,
32766,7580,2041,85,83,
32766,7555,2028,83,86,
32766,7561,2015,89,79,
32766,7555,2033,80,77,
32766,7565,2032,85,86,
32766,7593,2039,75,83,
32766,7565,2032,75,86,
32766,7577,2040,95,74,
32766,7571,2025,60,92,
32766,7580,2018,80,89,
32766,7564,2041,84,88,
32766,7558,2033,89,86,
32766,7572,2053,96,65,
32766,7574,2030,87,105,
32766,7560,2051,92,89,
32766,7580,2033,85,103,
32766,7563,2033,83,84,
32766,7565,2036,76,86,
32766,7580,2030,73,84,
32766,7583,2041,78,78,
32766,7580,2047,79,93,
32766,7569,2033,63,102,
32766,7562,2039,67,78,
32766,7581,2017,90,86,
32766,7570,2048,96,98,
32766,7575,2047,89,93,
32766,7570,2037,86,97,
32766,7553,2020,67,78,
32766,7567,2028,82,90,
32766,7580,2033,94,84,
32766,7579,2030,72,89,
32766,7584,2035,78,90,
32766,7566,2035,93,71,
32766,7574,2038,97,93,
32766,7559,2028,76,96,
32766,7557,2033,62,88,
32766,7571,2040,75,86,
32766,7533,2043,77,103,
32766,7555,2061,82,72,
32766,7571,2018,88,89,
32766,7566,2019,100,85,
32766,7558,2025,98,95,
32766,7549,2024,50,97,
32766,7549,2003,54,92,
32766,7574,2038,91,92,
32766,7547,2025,92,88,
32766,7549,2026,95,65,
32766,7543,2031,75,87,
32766,7560,2027,89,82,
32766,7547,2028,75,93,
32766,7543,2026,83,87,
32766,7544,2010,100,104,
32766,7543,2017,90,99,
32766,7535,2035,77,94,
32766,7528,2032,75,85,
32766,7538,2009,86,102,
32766,7539,2023,71,99,
32766,7523,2045,82,87,
32766,7543,2046,79,54,
32766,7527,2030,89,85,
32766,7531,2025,69,78,
32766,7535,2040,99,92,
32766,7527,2031,89,84,
32766,7525,2039,88,82,
32766,7539,2013,76,91,
32766,7539,2038,81,99,
32766,7522,2039,77,89,
32766,7515,2051,84,91,
32766,7550,2012,62,95,
32766,7518,2048,77,78,
32766,7526,2008,53,92,
32766,7513,2031,88,85,
32766,7515,2048,104,111,
32766,7527,2019,88,54,
32766,7536,2012,96,82,
32766,7519,2026,72,86,
32766,7526,2027,90,94,
32766,7514,2023,75,89,
32766,7536,2028,66,85,
32766,7508,2040,88,90,
32766,7498,2016,79,97,
32766,7521,2041,88,82,
32766,7525,2033,104,72,
32766,7528,2040,67,89,
32766,7532,2015,85,90,
32766,7514,2029,87,81,
32766,7517,2019,108,85,
32766,7495,2034,75,65,
32766,7495,2036,94,91,
32766,7492,2027,93,69,
32766,7500,2023,63,86,
32766,7512,2017,75,79,
32766,7504,2018,72,87,
32766,7489,2033,74,76,
32766,7500,2018,92,81,
32766,7493,2021,80,76,
32766,7490,2016,95,83,
32766,7506,2007,81,100,
32766,7475,2024,75,80,
32766,7467,2023,80,80,
32766,7488,2003,62,118,
32766,7492,2007,91,88,
32766,7495,2023,73,106,
32766,7486,2048,65,91,
32766,7507,2024,101,103,
32766,7481,2026,90,78,
32766,7471,2009,89,89,
32766,7490,2034,75,94,
32766,7470,2010,100,88,
32766,7471,2028,72,75,
32766,7479,2025,80,72,
32766,7482,2027,85,90,
32766,7485,2037,73,89,
32766,7507,2035,70,76,
32766,7492,2030,85,74,
32766,7477,2040,79,70,
32766,7483,2036,67,98,
32766,7481,2016,70,87,
32766,7463,2000,76,76,
32766,7466,2020,89,105,
32766,7477,2012,86,85,
32766,7476,2007,88,89,
32766,7477,2030,94,85,
32766,7459,2010,81,85,
32766,7472,2016,93,93,
32766,7486,2025,85,93,
32766,7484,2011,85,94,
32766,7478,2019,106,93,
32766,7487,2040,93,88,
32766,7497,2029,49,114,
32766,7502,2007,69,80,
32766,7462,2022,87,86,
32766,7480,2038,92,108,
32766,7522,2047,63,96,
32766,7515,2014,74,94,
32766,7505,2012,71,96,
32766,7511,2030,81,89,
32766,7524,2020,84,93,
32766,7520,2034,92,87,
32766,7507,2027,74,92,
32766,7523,2025,84,74,
32766,7526,2022,70,94,
32766,7520,2038,88,86,
32766,7527,2042,76,93,
32766,7537,1998,76,92,
32766,7529,2017,81,92,
32766,7517,2020,92,88,
32766,7539,2016,92,85,
32766,7548,2014,86,82,
32766,7541,2026,75,81,
32766,7519,2023,72,89,
32766,7544,2031,72,90,
32766,7539,2018,87,86,
32766,7546,2038,62,85,
32766,7551,2031,75,87,
32766,7551,2033,84,94,
32766,7557,2031,86,85,
32766,7543,2034,95,73,
32766,7550,2006,77,86,
32766,7529,2042,95,93,
32766,7536,2044,64,64,
32766,7547,2045,73,75,
32766,7571,2019,73,106,
32766,7527,2012,97,68,
32766,7556,2010,85,95,
32766,7544,2029,89,99,
32766,7529,2030,93,86,
32766,7525,2024,78,96,
32766,7548,2027,102,72,
32766,7549,2028,103,105,
32766,7558,2021,98,91,
32766,7573,2015,85,80,
32766,7580,2023,84,101,
32766,7585,2015,100,64,
32766,7575,2055,111,69,
32766,7594,2026,95,82,
32766,7596,2026,86,90,
32766,7591,2048,77,102,
32766,7590,2005,104,60,
32766,7609,2029,61,95,
32766,7573,2025,100,93,
32766,7577,2043,73,86,
32766,7585,2040,88,85,
32766,7563,2036,95,93,
32766,7546,2041,71,87,
32766,7554,2020,72,72,
32766,7554,2028,78,84,
32766,7551,2016,62,100,
32766,7518,2029,68,98,
32766,7524,2047,116,63,
32766,7504,2010,83,102,
32766,7500,2026,93,75,
32766,7466,2017,60,93,
32766,7486,1989,95,81,
32766,7452,2031,89,89,
32766,7460,2017,77,80,
32766,7436,2021,69,79,
32766,7443,2015,67,90,
32766,7422,2010,80,80,
32766,7418,2032,74,85,
32766,7421,2023,71,95,
32766,7426,2016,74,103,
32766,7449,2008,72,90,
32766,7440,2006,48,95,
32766,7465,2022,73,73,
32766,7450,2026,72,90,
32766,7490,2028,92,82,
32766,7507,2029,88,106,
32766,7539,2026,88,87,
32766,7521,2013,68,65,
32766,7552,2014,81,73,
32766,7540,2045,91,87,
32766,7554,2025,83,86,
32766,7543,2028,70,74,
32766,7555,2034,82,94,
32766,7568,2032,78,91,
32766,7563,2034,86,72,
32766,7564,2042,72,87,
32766,7551,2049,85,70,
32766,7562,2022,84,88,
32766,7626,2021,88,81,
32766,7604,2037,91,82,
32766,7634,2020,81,92,
32766,7657,2022,59,80,
32766,7668,2015,95,86,
32766,7660,2043,86,86,
32766,7680,2040,82,83,
32766,7687,2057,74,90,
32766,7693,2046,78,86,
32766,7684,2031,84,86,
32766,7718,2058,74,84,
32766,7720,2046,82,106,
32766,7728,2039,89,82,
32766,7744,2064,100,89,
32766,7730,2041,76,84,
32766,7717,2073,69,97,
32766,7725,2043,84,87,
32766,7760,2055,91,84,
32766,7731,2050,74,104,
32766,7750,2035,67,79,
32766,7768,2047,99,88,
32766,7774,2055,91,91,
32766,7797,2042,82,94,
32766,7808,2050,71,77,
32766,7798,2062,77,81,
32766,7801,2061,93,83,
32766,7810,2051,74,89,
32766,7813,2066,79,85,
32766,7807,2077,81,62,
32766,7800,2048,96,90,
32766,7842,2050,48,93,
32766,7811,2085,79,90,
32766,7820,2065,107,77,
32766,7815,2053,85,95,
32766,7820,2061,58,87,
32766,7817,2048,71,92,
32766,7806,2061,69,84,
32766,7805,2045,84,82,
32766,7787,2069,69,96,
32766,7792,2044,85,79,
32766,7804,2043,86,77,
32766,7779,2052,103,82,
32766,7783,2047,76,105,
32766,7791,2039,92,75,
32766,7753,2067,96,67,
32766,7764,2031,97,83,
32766,7739,2054,97,89,
32766,7760,2055,92,102,
32766,7761,2054,92,75,
32766,7757,2041,75,68,
32766,7732,2057,65,74,
32766,7738,2053,79,83,
32766,7734,2043,85,88,
32766,7735,2057,94,106,
32766,7726,2056,91,79,
32766,7722,2049,81,85,
32766,7726,2049,81,85,
32766,7716,2046,86,85,
32766,7719,2049,75,77,
32766,7721,2050,92,105,
32766,7714,2038,94,69,
32766,7721,2056,90,100,
32766,7699,2048,98,92,
32766,7702,2051,60,88,
32766,7708,2059,84,88,
32766,7702,2057,80,80,
32766,7697,2046,68,78,
32766,7704,2059,97,91,
32766,7688,2029,73,90,
32766,7675,2038,76,73,
32766,7702,2031,88,87,
32766,7679,2053,66,87,
32766,7678,2043,82,88,
32766,7683,2036,65,79,
32766,7675,2057,70,70,
32766,7687,2060,97,95,
32766,7662,2046,96,93,
32766,7668,2039,78,64,
32766,7684,2037,86,74,
32766,7679,2048,74,92,
32766,7646,2056,81,79,
32766,7672,2043,80,95,
32766,7656,2037,92,81,
32766,7651,2042,83,72,
32766,7638,2045,88,75,
32766,7645,2047,82,87,
32766,7638,2045,90,88,
32766,7643,2043,80,86,
32766,7668,2029,97,82,
32766,7644,2023,81,88,
32766,7654,2029,88,61,
32766,7652,2046,84,80,
32766,7676,2036,88,81,
32766,7661,2047,105,90,
32766,7709,2051,72,95,
32766,7694,2055,95,110,
32766,7710,2042,86,78,
32766,7731,2050,77,90,
32766,7736,2053,78,83,
32766,7738,2043,79,82,
32766,7734,2051,70,86,
32766,7743,2037,78,96,
32766,7751,2048,86,94,
32766,7753,2047,88,80,
32766,7767,2081,74,73,
32766,7748,2075,103,64,
32766,7784,2037,94,76,
32766,7762,2058,90,69,
32766,7782,2050,101,78,
32766,7762,2033,59,78,
32766,7792,2035,71,66,
32766,7789,2044,78,80,
32766,7764,2056,78,82,
32766,7786,2052,83,81,
32766,7773,2047,87,83,
32766,7776,2033,77,77,
32766,7765,2051,86,92,
32766,7757,2058,87,95,
32766,7740,2047,69,91,
32766,7733,2033,75,103,
32766,7736,2049,100,70,
32766,7721,2028,78,114,
32766,7720,2030,82,86,
32766,7714,2033,60,102,
32766,7697,2028,90,81,
32766,7692,2069,96,91,
32766,7674,2048,76,97,
32766,7678,2055,84,92,
32766,7669,2049,78,92,
32766,7666,2039,68,98,
32766,7665,2038,82,98,
32766,7666,2044,81,95,
32766,7664,2053,68,74,
32766,7670,2044,99,87,
32766,7661,2039,84,72,
32766,7653,2049,60,100,
32766,7639,2034,80,75,
32766,7631,2025,76,80,
32766,7634,2048,52,84,
32766,7624,2043,85,92,
32766,7602,2032,91,105,
32766,7622,2024,79,91,
32766,7606,2023,92,92,
32766,7598,2045,82,80,
32766,7587,2033,71,93,
32766,7589,2042,79,83,
32766,7586,2022,86,83,
32766,7574,2026,86,79,
32766,7573,2029,68,81,
32766,7547,2050,102,74,
32766,7547,2025,90,96,
32766,7515,2049,94,62,
32766,7523,2032,77,81,
32766,7506,2032,67,101,
32766,7515,2012,75,86,
32766,7514,2040,78,116,
32766,7516,2011,66,87,
32766,7488,2016,91,96,
32766,7479,2024,81,87,
32766,7504,2025,90,78,
32766,7480,2010,90,94,
32766,7479,2001,91,96,
32766,7465,2026,79,86,
32766,7450,2016,79,78,
32766,7451,1993,83,99,
32766,7434,2002,75,98,
32766,7444,2006,76,113,
32766,7432,2022,69,93,
32766,7446,2022,86,82,
32766,7424,2022,89,90,
32766,7466,1995,63,85,
32766,7449,2006,89,98,
32766,7423,2020,74,89,
32766,7437,2016,65,85,
32766,7421,2026,84,86,
32766,7420,2004,81,87,
32766,7416,1998,91,87,
32766,7426,2013,83,94,
32766,7425,1999,93,85,
32766,7418,2006,74,103,
32766,7406,2021,61,105,
32766,7441,2026,71,83,
32766,7426,2019,76,89,
32766,7428,2028,103,78,
32766,7450,1998,67,87,
32766,7450,1993,80,100,
32766,7429,2024,91,87,
32766,7448,2010,83,84,
32766,7455,2009,80,97,
32766,7438,2013,80,85,
32766,7453,2026,99,84,
32766,7450,2006,74,91,
32766,7479,2018,70,90,
32766,7459,2019,80,94,
32766,7463,2003,96,92,
32766,7459,2028,84,68,
32766,7496,2017,59,110,
32766,7502,2001,93,92,
32766,7488,2009,65,96,
32766,7502,2016,75,79,
32766,7494,2048,100,99,
32766,7512,2023,70,66,
32766,7508,2032,96,93,
32766,7517,2033,86,88,
32766,7507,2014,83,83,
32766,7526,2027,82,90,
32766,7529,2014,77,85,
32766,7521,2023,76,85,
32766,7535,2023,70,99,
32766,7542,2021,81,86,
32766,7537,2037,65,87,
32766,7563,2020,86,102,
32766,7557,2046,83,81,
32766,7547,2023,89,89,
32766,7536,2026,70,92,
32766,7552,2045,61,93,
32766,7578,2003,73,87,
32766,7552,2032,71,93,
32766,7573,2017,78,88,
32766,7583,2029,83,91,
32766,7566,2036,81,91,
32766,7579,2039,87,89,
32766,7583,2017,82,87,
32766,7598,2037,104,93,
32766,7600,2043,81,74,
32766,7580,2029,89,90,
32766,7588,2034,71,75,
32766,7599,2043,89,83,
32766,7584,2039,76,79,
32766,7580,2051,94,99,
32766,7586,2033,50,98,
32766,7570,2050,58,92,
32766,7597,2035,65,87,
32766,7569,2032,85,94,
32766,7571,2031,80,84,
32766,7552,2026,90,99,
32766,7566,2019,85,81,
32766,7573,2021,84,97,
32766,7549,2030,91,84,
32766,7552,2022,94,76,
32766,7535,2059,88,70,
32766,7519,2010,88,74,
32766,7555,2022,87,69,
32766,7537,2029,79,84,
32766,7541,1998,73,90,
32766,7525,2003,85,82,
32766,7521,2024,60,99,
32766,7516,2017,78,97,
32766,7517,2024,89,86,
32766,7518,2025,79,96,
32766,7507,2019,90,76,
32766,7501,2030,88,82,
32766,7499,2025,90,92,
32766,7506,2044,80,87,
32766,7492,2032,53,92,
32766,7512,2026,91,90,
32766,7500,2008,69,103,
32766,7515,2024,79,96,
32766,7516,2019,81,82,
32766,7514,2033,62,78,
32766,7504,2036,89,75,
32766,7529,2006,85,85,
32766,7530,2022,96,94,
32766,7535,2025,90,81,
32766,7537,2026,102,73,
32766,7527,2041,70,71,
32766,7550,2024,84,79,
32766,7538,2023,77,78,
32766,7552,2046,78,91,
32766,7541,2031,76,75,
32766,7553,2013,101,92,
32766,7564,2018,87,94,
32766,7553,2014,79,87,
32766,7537,2029,92,86,
32766,7524,2046,97,94,
32766,7520,2023,80,64,
32766,7521,2009,76,64,
32766,7514,2034,79,102,
32766,7501,2023,87,84,
32766,7501,2018,97,77,
32766,7499,2031,83,94,
32766,7481,2023,74,89,
32766,7492,2024,71,79,
32766,7483,2018,78,93,
32766,7485,2025,85,95,
32766,7479,2041,80,102,
32766,7470,2021,97,78,
32766,7471,2034,60,102,
32766,7478,2008,87,91,
32766,7476,1988,58,79,
32766,7482,1990,58,93,
32766,7477,2032,87,89,
32766,7493,2011,96,85,
32766,7483,2033,73,83,
32766,7508,2022,75,81,
32766,7505,2029,75,87,
32766,7500,2023,68,92,
32766,7497,2012,77,74,
32766,7494,2019,87,96,
32766,7506,2027,70,72,
32766,7507,2014,100,84,
32766,7503,2036,80,102,
32766,7501,2021,109,68,
32766,7486,2022,73,91,
32766,7470,2027,56,90,
32766,7483,2030,63,106,
32766,7488,2014,79,83,
32766,7479,2021,77,82,
32766,7480,2016,89,89,
32766,7469,2028,86,91,
32766,7478,2027,85,77,
32766,7463,2035,63,66,
32766,7449,2023,77,85,
32766,7450,2014,90,97,
32766,7446,2031,72,86,
32766,7446,2002,69,105,
32766,7460,2032,68,106,
32766,7442,2020,82,112,
32766,7451,2022,92,91,
32766,7451,2018,75,76,
32766,7425,2021,104,82,
32766,7467,2021,96,105,
32766,7441,2027,76,106,
32766,7434,2007,93,92,
32766,7425,2013,82,83,
32766,7436,2031,80,82,
32766,7415,2009,81,94,
32766,7417,2019,92,88,
32766,7425,2022,83,92,
32766,7416,2009,94,90,
32766,7427,1999,82,92,
32766,7428,2029,91,92,
32766,7408,2026,80,88,
32766,7424,2006,96,96,
32766,7433,2042,119,77,
32766,7424,2016,56,85,
32766,7422,2012,59,95,
32766,7419,2016,70,95,
32766,7410,2027,102,73,
32766,7404,2022,77,94,
32766,7405,2016,82,93,
32766,7425,2013,76,79,
32766,7409,2016,91,74,
32766,7413,2016,69,84,
32766,7419,2026,97,87,
32766,7402,2009,105,75,
32766,7388,2027,82,69,
32766,7422,2007,61,77,
32766,7416,2016,94,80,
32766,7396,2017,85,76,
32766,7395,1996,63,91,
32766,7392,2019,84,56,
32766,7397,2019,108,92,
32766,7412,2011,82,80,
32766,7411,2009,74,85,
32766,7407,2014,87,89,
32766,7410,2000,95,89,
32766,7407,2012,70,89,
32766,7410,2018,92,86,
32766,7401,2030,74,84,
32766,7426,2013,83,84,
32766,7450,2011,76,73,
32766,7406,2016,67,117,
32766,7391,2027,93,74,
32766,7399,2011,90,92,
32766,7403,2018,88,84,
32766,7410,1984,77,62,
32766,7400,2016,72,106,
32766,7426,2008,75,79,
32766,7413,2017,77,82,
32766,7413,2008,88,89,
32766,7416,2029,96,91,
32766,7406,2008,82,93,
32766,7425,2011,77,94,
32766,7420,2012,87,82,
32766,7412,2005,113,86,
32766,7426,2018,43,85,
32766,7443,1998,101,58,
32766,7401,2005,79,79,
32766,7391,2014,78,100,
32766,7418,2029,90,92,
32766,7430,2031,79,107,
32766,7403,2033,89,103,
32766,7413,2001,70,82,
32766,7403,2011,90,79,
32766,7405,2034,81,70,
32766,7405,2014,67,84,
32766,7390,2009,72,98,
32766,7407,2007,92,100,
32766,7396,2002,77,92,
32766,7403,2020,92,102,
32766,7400,2016,92,85,
32766,7418,2019,121,88,
32766,7401,2007,86,86,
32766,7413,1979,80,105,
32766,7406,2018,70,90,
32766,7372,2000,88,85,
32766,7392,2015,59,100,
32766,7401,2018,94,89,
32766,7393,2026,80,101,
32766,7397,2012,70,90,
32766,7393,2025,81,92,
32766,7415,2008,87,75,
32766,7381,2022,94,75,
32766,7401,2012,77,87,
32766,7364,2015,77,84,
32766,7393,1995,87,94,
32766,7408,1989,46,93,
32766,7417,1992,100,84,
32766,7378,2020,81,89,
32766,7369,2003,93,63,
32766,7406,2019,92,101,
32766,7401,2030,92,103,
32766,7394,1996,101,75,
32766,7366,2008,80,78,
32766,7400,1995,87,98,
32766,7378,2017,57,91,
32766,7377,2018,92,77,
32766,7382,2017,89,85,
32766,7376,2007,71,95,
32766,7385,2006,84,88,
32766,7374,2023,65,99,
32766,7370,2014,76,75,
32766,7390,2014,106,83,
32766,7380,2009,82,77,
32766,7364,2008,93,93,
32766,7398,1993,82,105,
32766,7345,2014,87,70,
32766,7365,2003,88,87,
32766,7379,2021,83,95,
32766,7377,2014,85,85,
32766,7368,2007,79,82,
32766,7383,2010,72,80,
32766,7381,2009,64,97,
32766,7388,2009,83,82,
32766,7381,1994,85,94,
32766,7349,2041,51,86,
32766,7397,1999,100,80,
32766,7390,2012,92,71,
32766,7368,2020,77,96,
32766,7366,2001,67,94,
32766,7354,2005,90,92,
32766,7360,2010,73,85,
32766,7376,2003,91,78,
32766,7370,2015,82,89,
32766,7362,2011,78,75,
32766,7379,2002,88,87,
32766,7360,2012,83,88,
32766,7379,2017,91,75,
32766,7378,2005,76,91,
32766,7386,2005,90,80,
32766,7398,1999,86,71,
32766,7365,2004,70,109,
32766,7400,2013,67,98,
32766,7367,2009,75,102,
32766,7385,1994,89,92,
32766,7371,2001,105,89,
32766,7345,2030,93,98,
32766,7379,2000,86,85,
32766,7378,2001,78,68,
32766,7359,2005,71,84,
32766,7381,2007,75,72,
32766,7370,2016,68,87,
32766,7378,1990,88,102,
32766,7375,2024,89,86,
32766,7355,2007,97,97,
32766,7399,2005,82,92,
32766,7393,2004,77,80,
32766,7384,2022,82,69,
32766,7376,2009,76,99,
32766,7391,2010,71,87,
32766,7381,2029,108,82,
32766,7394,2002,82,79,
32766,7381,2025,89,87,
32766,7389,2013,90,97,
32766,7389,2005,64,88,
32766,7395,2005,86,83,
32766,7374,1999,78,101,
32766,7370,2025,68,84,
32766,7372,2013,68,93,
32766,7355,2012,74,105,
32766,7383,2008,65,76,
32766,7389,1994,72,90,
32766,7378,2012,78,59,
32766,7375,2018,77,92,
32766,7350,2022,93,110,
32766,7385,2006,83,82,
32766,7392,2037,91,90,
32766,7377,2000,75,81,
32766,7399,2000,88,78,
32766,7373,2003,84,95,
32766,7391,2015,74,94,
32766,7381,2020,88,86,
32766,7391,1994,74,104,
32766,7384,2014,86,97,
32766,7396,2012,98,95,
32766,7403,1996,113,99,
32766,7390,2019,84,88,
32766,7401,2001,90,72,
32766,7417,2013,92,95,
32766,7385,2022,101,95,
32766,7403,1995,62,83,
32766,7430,1988,93,87,
32766,7401,2007,94,63,
32766,7414,2011,71,86,
32766,7427,1998,85,90,
32766,7418,2016,78,84,
32766,7412,2007,94,82,
32766,7424,2017,86,94,
32766,7438,2020,70,81,
32766,7441,2030,85,82,
32766,7449,2021,62,94,
32766,7417,2016,80,90,
32766,7420,2009,55,81,
32766,7401,2017,90,82,
32766,7418,2003,70,77,
32766,7405,2004,77,89,
32766,7386,2027,77,86,
32766,7400,2018,83,93,
32766,7398,2020,79,82,
32766,7401,2005,87,78,
32766,7390,2018,87,82,
32766,7370,2004,92,90,
32766,7373,2017,83,92,
32766,7386,2019,77,73,
32766,7381,2030,84,101,
32766,7359,1992,72,104,
32766,7406,1996,119,68,
32766,7367,2006,98,99,
32766,7371,2013,94,90,
32766,7400,1996,92,67,
32766,7425,2025,106,78,
32766,7422,2017,67,98,
32766,7417,2009,66,85,
32766,7405,2013,76,80,
32766,7413,2029,96,85,
32766,7410,2015,81,95,
32766,7402,1999,85,100,
32766,7420,2001,74,92,
32766,7427,2021,81,95,
32766,7396,1996,65,84,
32766,7394,2011,71,101,
32766,7382,2012,67,99,
32766,7380,2000,78,86,
32766,7399,2002,86,106,
32766,7367,2014,100,93,
32766,7369,2032,94,117,
32766,7357,2015,88,84,
32766,7360,2003,75,82,
32766,7368,2009,73,94,
32766,7347,1996,82,82,
32766,7361,2008,88,84,
32766,7356,2008,76,73,
32766,7360,2011,74,92,
32766,7364,2017,72,93,
32766,7373,2003,79,92,
32766,7389,1987,116,75,
32766,7418,1980,87,85,
32766,7381,2008,68,92,
32766,7387,2009,80,73,
32766,7403,2004,98,87,
32766,7418,1980,72,81,
32766,7414,2011,53,100,
32766,7421,2023,78,81,
32766,7432,2017,98,104,
32766,7437,2011,73,91,
32766,7466,2016,82,85,
32766,7465,2012,66,95,
32766,7463,2028,88,89,
32766,7473,2025,89,81,
32766,7478,2018,84,83,
32766,7499,2015,75,79,
32766,7515,2010,70,80,
32766,7491,2009,73,79,
32766,7501,2016,77,86,
32766,7498,2022,82,95,
32766,7473,2011,125,53,
32766,7514,2024,74,90,
32766,7480,2042,88,80,
32766,7502,2031,102,84,
32766,7509,2021,75,88,
32766,7538,2022,94,78,
32766,7519,2027,89,88,
32766,7536,2021,81,94,
32766,7543,2030,84,74,
32766,7540,2018,93,100,
32766,7579,2016,83,96,
32766,7559,2016,74,88,
32766,7595,2017,104,79,
32766,7576,2026,83,97,
32766,7587,2031,79,87,
32766,7599,2033,87,82,
32766,7642,2039,81,103,
32766,7614,2026,79,81,
32766,7629,2037,79,87,
32766,7635,2034,92,76,
32766,7638,2050,91,83,
32766,7636,2042,84,84,
32766,7627,2043,94,92,
32766,7626,2026,93,90,
32766,7648,2050,77,85,
32766,7625,2023,70,101,
32766,7607,2059,70,76,
32766,7636,2031,53,103,
32766,7621,2036,66,88,
32766,7611,2050,96,75,
32766,7616,2038,87,59,
32766,7618,2029,72,80,
32766,7585,2046,79,82,
32766,7602,2036,77,85,
32766,7594,2044,69,95,
32766,7574,2033,94,100,
32766,7585,2020,92,90,
32766,7569,2034,71,111,
32766,7580,2023,78,92,
32766,7562,2034,81,77,
32766,7558,2018,92,95,
32766,7533,2038,81,103,
32766,7570,2029,80,72,
32766,7559,2032,77,87,
32766,7520,2036,96,89,
32766,7514,1995,74,70,
32766,7522,2010,86,95,
32766,7516,2037,73,94,
32766,7501,2027,83,82,
32766,7495,2024,85,81,
32766,7494,2028,77,81,
32766,7499,2031,82,76,
32766,7486,2017,75,95,
32766,7495,2020,73,95,
32766,7505,2033,84,94,
32766,7483,1994,81,106,
32766,7505,2024,67,90,
32766,7498,2000,94,82,
32766,7490,2030,87,68,
32766,7496,2013,81,86,
32766,7485,2037,82,82,
32766,7496,1998,54,81,
32766,7480,2031,78,79,
32766,7467,2027,88,91,
32766,7472,2013,87,98,
32766,7461,2012,98,89,
32766,7451,2004,73,82,
32766,7443,2000,77,92,
32766,7422,1999,73,91,
32766,7395,2013,98,102,
32766,7387,2020,78,74,
32766,7385,1999,79,95,
32766,7360,2000,89,89,
32766,7348,2010,94,95,
32766,7328,2004,89,104,
32766,7349,2006,83,83,
32766,7286,1996,87,77,
32766,7304,2010,85,64,
32766,7294,2012,96,92,
32766,7308,1997,78,90,
32766,7322,2000,65,80,
32766,7341,2005,95,85,
32766,7364,2016,61,85,
32766,7382,1993,74,75,
32766,7375,2008,69,81,
32766,7370,2006,93,72,
32766,7385,1988,88,70,
32766,7387,2000,91,58,
32766,7342,2003,73,76,
32766,7336,1981,58,79,
32766,7301,1998,80,67,
32766,7301,1982,39,123,
32766,7251,2024,88,85,
32766,7259,1991,89,78,
32766,7234,1986,87,76,
32766,7215,1983,91,79,
32766,7181,1996,63,96,
32766,7154,1978,81,89,
32766,7171,1963,78,110,
32766,7143,1958,90,82,
32766,7152,1995,106,66,
32766,7125,1969,76,82,
32766,7130,1988,63,97,
32766,7131,1954,82,85,
32766,7118,1964,81,92,
32766,7128,1949,88,70,
32766,7131,1985,76,88,
32766,7113,1976,70,75,
32766,7106,1967,86,86,
32766,7099,1977,73,79,
32766,7090,1952,74,86,
32766,7080,1953,85,107,
32766,7063,1958,96,86,
32766,7049,1950,87,94,
32766,7043,1968,77,79,
32766,7026,1939,88,64,
32766,7020,1937,83,82,
32766,7017,1955,75,95,
32766,7014,1944,72,112,
32766,7008,1960,91,80,
32766,7020,1946,75,70,
32766,7027,1951,87,71,
32766,6995,1977,93,88,
32766,7004,1951,74,73,
32766,7006,1944,74,93,
32766,7009,1949,96,83,
32766,7023,1955,75,77,
32766,6996,1958,96,86,
32766,7002,1959,103,92,
32766,7006,1943,87,84,
32766,6997,1968,81,104,
32766,6997,1943,105,98,
32766,7009,1958,76,92,
32766,7006,1964,92,93,
32766,6980,1957,75,91,
32766,6966,1946,51,95,
32766,6949,1947,74,71,
32766,6957,1941,94,59,
32766,6925,1946,92,88,
32766,6923,1931,77,83,
32766,6919,1936,99,81,
32766,6923,1932,94,82,
32766,6895,1939,74,86,
32766,6886,1946,76,75,
32766,6887,1939,90,96,
32766,6865,1933,87,88,
32766,6887,1953,64,73,
32766,6894,1915,77,84,
32766,6868,1921,94,76,
32766,6844,1927,85,95,
32766,6872,1924,77,79,
32766,6857,1909,46,56,
32766,6857,1942,72,83,
32766,6829,1930,94,86,
32766,6843,1927,83,80,
32766,6816,1913,95,90,
32766,6817,1922,90,86,
32766,6818,1923,74,93,
32766,6808,1922,75,81,
32766,6815,1934,77,85,
32766,6812,1913,86,85,
32766,6821,1913,60,78,
32766,6795,1915,89,89,
32766,6796,1931,98,93,
32766,6800,1923,73,77,
32766,6798,1918,74,77,
32766,6817,1936,64,96,
32766,6791,1924,95,79,
32766,6800,1928,61,86,
32766,6805,1924,92,91,
32766,6816,1915,82,74,
32766,6808,1930,74,77,
32766,6815,1930,73,68,
32766,6814,1928,71,76,
32766,6813,1937,68,76,
32766,6826,1931,74,67,
32766,6820,1931,92,71,
32766,6821,1892,86,109,
32766,6844,1934,81,82,
32766,6850,1935,68,80,
32766,6824,1915,72,80,
32766,6831,1946,88,74,
32766,6839,1937,65,82,
32766,6845,1930,80,90,
32766,6852,1937,89,79,
32766,6840,1943,76,93,
32766,6868,1938,69,83,
32766,6838,1940,76,86,
32766,6846,1940,75,77,
32766,6832,1935,73,79,
32766,6848,1944,81,93,
32766,6858,1940,64,101,
32766,6858,1934,80,95,
32766,6826,1938,88,79,
32766,6866,1953,88,80,
32766,6867,1926,91,60,
32766,6840,1942,73,102,
32766,6849,1919,87,79,
32766,6853,1945,76,80,
32766,6856,1925,74,94,
32766,6860,1939,60,84,
32766,6840,1922,87,100,
32766,6868,1944,94,72,
32766,6858,1926,70,85,
32766,6865,1951,60,85,
32766,6856,1945,77,97,
32766,6870,1928,94,102,
32766,6843,1924,72,69,
32766,6871,1903,85,80,
32766,6859,1920,82,88,
32766,6865,1948,103,101,
32766,6870,1940,82,99,
32766,6870,1922,71,64,
32766,6862,1928,67,91,
32766,6873,1919,71,76,
32766,6882,1938,93,92,
32766,6872,1930,81,85,
32766,6880,1930,62,78,
32766,6877,1936,96,91,
32766,6886,1936,79,77,
32766,6869,1932,88,76,
32766,6874,1941,85,87,
32766,6886,1918,82,111,
32766,6880,1931,83,68,
32766,6859,1944,73,69,
32766,6867,1927,90,77,
32766,6888,1914,67,85,
32766,6849,1907,71,70,
32766,6845,1905,94,71,
32766,6865,1928,73,92,
32766,6863,1948,86,76,
32766,6874,1932,77,84,
32766,6859,1924,68,87,
32766,6859,1924,78,83,
32766,6850,1924,87,82,
32766,6860,1939,78,94,
32766,6879,1924,86,81,
32766,6854,1933,103,75,
32766,6865,1915,84,81,
32766,6863,1940,89,83,
32766,6855,1929,64,91,
32766,6864,1911,87,86,
32766,6870,1947,45,100,
32766,6863,1941,90,85,
32766,6850,1920,84,91,
32766,6868,1930,69,97,
32766,6856,1934,86,89,
32766,6843,1948,66,72,
32766,6866,1935,80,78,
32766,6857,1935,88,84,
32766,6832,1932,74,94,
32766,6850,1944,82,69,
32766,6843,1929,92,79,
32766,6852,1944,78,77,
32766,6826,1935,99,86,
32766,6849,1919,94,78,
32766,6838,1916,60,89,
32766,6824,1912,86,74,
32766,6827,1935,94,84,
32766,6853,1926,92,82,
32766,6825,1931,91,76,
32766,6835,1928,77,87,
32766,6824,1911,63,76,
32766,6834,1917,75,90,
32766,6842,1932,84,80,
32766,6843,1929,80,79,
32766,6819,1929,75,88,
32766,6852,1921,78,80,
32766,6804,1945,68,86,
32766,6833,1918,71,72,
32766,6825,1913,93,91,
32766,6811,1923,86,76,
32766,6816,1941,71,70,
32766,6807,1918,70,92,
32766,6811,1913,72,92,
32766,6802,1924,83,83,
32766,6808,1931,79,90,
32766,6802,1924,89,90,
32766,6806,1922,87,85,
32766,6795,1929,82,84,
32766,6778,1923,96,85,
32766,6791,1933,86,97,
32766,6786,1946,105,65,
32766,6791,1930,88,85,
32766,6786,1926,51,82,
32766,6804,1928,76,76,
32766,6805,1888,71,57,
32766,6769,1928,87,87,
32766,6775,1935,75,89,
32766,6808,1919,91,97,
32766,6789,1916,85,90,
32766,6802,1908,88,92,
32766,6807,1926,87,99,
32766,6802,1931,91,100,
32766,6802,1932,83,73,
32766,6790,1934,82,75,
32766,6791,1934,54,88,
32766,6782,1942,61,93,
32766,6793,1945,84,75,
32766,6795,1917,70,80,
32766,6771,1920,96,86,
32766,6775,1931,75,48,
32766,6792,1908,48,79,
32766,6786,1890,90,82,
32766,6790,1916,86,78,
32766,6765,1916,73,84,
32766,6776,1928,85,62,
32766,6782,1926,96,79,
32766,6777,1914,76,92,
32766,6778,1925,77,71,
32766,6783,1913,87,80,
32766,6765,1917,59,90,
32766,6792,1914,73,111,
32766,6807,1918,59,120,
32766,6780,1918,106,59,
32766,6774,1945,78,82,
32766,6785,1939,91,69,
32766,6770,1940,98,78,
32766,6790,1911,79,86,
32766,6797,1928,87,76,
32766,6795,1919,85,89,
32766,6777,1917,70,67,
32766,6790,1928,90,77,
32766,6777,1938,76,95,
32766,6782,1912,96,92,
32766,6772,1918,70,82,
32766,6788,1913,89,81,
32766,6766,1935,78,86,
32766,6803,1901,67,67,
32766,6789,1919,72,79,
32766,6792,1918,64,103,
32766,6771,1947,82,82,
32766,6765,1958,108,89,
32766,6768,1940,95,90,
32766,6765,1929,77,93,
32766,6777,1932,83,81,
32766,6763,1906,85,83,
32766,6772,1921,73,84,
32766,6781,1917,80,88,
32766,6773,1913,77,84,
32766,6766,1920,92,71,
32766,6768,1929,72,88,
32766,6773,1899,87,101,
32766,6750,1937,64,104,
32766,6750,1894,100,64,
32766,6752,1920,101,92,
32766,6750,1950,83,83,
32766,6742,1930,110,67,
32766,6758,1915,72,92,
32766,6779,1911,86,78,
32766,6772,1916,92,79,
32766,6764,1927,79,71,
32766,6766,1924,76,82,
32766,6765,1921,78,70,
32766,6763,1913,78,85,
32766,6762,1916,86,86,
32766,6777,1923,82,85,
32766,6786,1916,70,68,
32766,6753,1923,86,96,
32766,6759,1917,63,75,
32766,6741,1918,63,81,
32766,6755,1917,88,79,
32766,6747,1943,83,98,
32766,6763,1933,67,56,
32766,6752,1918,76,94,
32766,6751,1921,60,92,
32766,6746,1914,86,82,
32766,6771,1918,72,84,
32766,6756,1914,90,86,
32766,6762,1903,80,80,
32766,6752,1913,76,82,
32766,6764,1905,80,92,
32766,6768,1918,71,86,
32766,6760,1916,74,101,
32766,6738,1921,84,91,
32766,6751,1917,85,77,
32766,6733,1925,96,103,
32766,6764,1900,77,75,
32766,6760,1910,60,68,
32766,6747,1926,74,86,
32766,6737,1919,77,85,
32766,6736,1914,91,73,
32766,6723,1907,83,78,
32766,6725,1910,75,86,
32766,6740,1914,82,91,
32766,6734,1915,77,79,
32766,6713,1896,92,93,
32766,6718,1899,90,101,
32766,6748,1910,70,110,
32766,6722,1903,74,87,
32766,6734,1923,64,77,
32766,6725,1903,71,75,
32766,6725,1908,104,113,
32766,6720,1902,79,66,
32766,6711,1919,72,101,
32766,6741,1913,91,103,
32766,6717,1922,73,65,
32766,6713,1918,80,74,
32766,6721,1925,91,78,
32766,6727,1912,87,67,
32766,6705,1906,81,80,
32766,6723,1913,69,92,
32766,6724,1891,110,76,
32766,6741,1912,75,73,
32766,6733,1904,57,100,
32766,6734,1891,85,94,
32766,6697,1922,93,70,
32766,6725,1886,70,74,
32766,6687,1932,91,78,
32766,6698,1907,87,87,
32766,6719,1906,84,72,
32766,6693,1907,86,74,
32766,6689,1898,71,88,
32766,6694,1907,90,71,
32766,6694,1901,67,92,
32766,6679,1927,77,72,
32766,6697,1905,76,84,
32766,6684,1913,57,95,
32766,6686,1908,59,82,
32766,6655,1913,83,64,
32766,6660,1923,75,91,
32766,6690,1894,59,111,
32766,6660,1927,97,98,
32766,6673,1902,91,88,
32766,6647,1897,76,80,
32766,6673,1908,74,84,
32766,6660,1901,69,79,
32766,6654,1911,75,78,
32766,6673,1918,80,79,
32766,6664,1898,90,97,
32766,6651,1912,82,80,
32766,6667,1900,85,92,
32766,6667,1939,71,100,
32766,6640,1906,72,85,
32766,6661,1884,83,104,
32766,6671,1912,74,97,
32766,6686,1901,64,68,
32766,6671,1929,97,83,
32766,6652,1902,98,84,
32766,6676,1901,67,90,
32766,6672,1901,89,92,
32766,6672,1909,75,97,
32766,6671,1892,75,91,
32766,6680,1906,72,101,
32766,6684,1917,85,83,
32766,6687,1913,83,69,
32766,6663,1896,84,100,
32766,6684,1880,109,58,
32766,6699,1914,70,72,
32766,6695,1885,68,101,
32766,6706,1897,78,73,
32766,6680,1906,63,87,
32766,6695,1918,77,94,
32766,6694,1899,81,81,
32766,6703,1898,75,86,
32766,6699,1899,74,69,
32766,6693,1923,77,82,
32766,6706,1922,90,100,
32766,6699,1899,97,65,
32766,6703,1895,92,68,
32766,6695,1928,91,78,
32766,6702,1919,77,67,
32766,6695,1924,61,92,
32766,6732,1895,100,91,
32766,6702,1930,79,70,
32766,6709,1901,81,74,
32766,6724,1895,64,80,
32766,6682,1920,63,99,
32766,6728,1920,90,101,
32766,6708,1892,87,97,
32766,6707,1914,77,74,
32766,6713,1895,84,85,
32766,6723,1921,87,81,
32766,6718,1917,96,89,
32766,6711,1921,74,72,
32766,6724,1916,76,92,
32766,6720,1914,61,102,
32766,6729,1890,79,64,
32766,6732,1909,89,79,
32766,6726,1927,73,103,
32766,6711,1908,95,77,
32766,6722,1940,101,82,
32766,6722,1908,73,76,
32766,6727,1894,63,76,
32766,6719,1918,84,76,
32766,6734,1925,67,81,
32766,6730,1903,83,90,
32766,6727,1896,95,83,
32766,6740,1936,75,94,
32766,6744,1902,75,75,
32766,6726,1929,73,83,
32766,6743,1909,83,67,
32766,6748,1933,89,70,
32766,6724,1917,78,73,
32766,6735,1911,86,73,
32766,6739,1922,81,95,
32766,6736,1918,72,102,
32766,6747,1917,82,92,
32766,6714,1927,94,80,
32766,6743,1918,78,89,
32766,6744,1915,76,91,
32766,6745,1907,92,77,
32766,6728,1915,94,83,
32766,6716,1902,81,75,
32766,6724,1923,66,84,
32766,6729,1920,97,82,
32766,6728,1919,101,72,
32766,6711,1949,61,87,
32766,6713,1919,70,58,
32766,6712,1918,90,65,
32766,6699,1912,79,90,
32766,6725,1914,72,72,
32766,6706,1905,55,99,
32766,6701,1899,66,76,
32766,6705,1897,79,91,
32766,6714,1914,69,79,
32766,6720,1918,75,94,
32766,6705,1909,77,86,
32766,6714,1913,81,91,
32766,6708,1901,93,84,
32766,6712,1895,89,76,
32766,6714,1902,78,81,
32766,6710,1913,103,80,
32766,6724,1927,73,109,
32766,6716,1897,79,100,
32766,6726,1914,95,71,
32766,6726,1929,103,82,
32766,6716,1893,83,78,
32766,6705,1905,63,96,
32766,6702,1927,80,81,
32766,6704,1916,88,68,
32766,6707,1922,75,87,
32766,6722,1907,77,79,
32766,6728,1927,77,67,
32766,6729,1920,70,75,
32766,6744,1926,69,69,
32766,6733,1903,78,82,
32766,6728,1891,81,83,
32766,6723,1917,78,104,
32766,6734,1913,58,82,
32766,6738,1916,102,86,
32766,6731,1912,87,94,
32766,6741,1894,86,66,
32766,6723,1928,115,65,
32766,6717,1908,66,83,
32766,6745,1917,72,89,
32766,6740,1910,98,76,
32766,6738,1909,92,90,
32766,6735,1923,78,85,
32766,6730,1921,96,82,
32766,6733,1911,97,81,
32766,6724,1919,96,87,
32766,6738,1915,57,75,
32766,6729,1894,77,72,
32766,6739,1915,73,102,
32766,6728,1919,85,78,
32766,6728,1894,98,60,
32766,6710,1920,90,88,
32766,6737,1884,68,81,
32766,6737,1926,92,81,
32766,6732,1916,67,73,
32766,6728,1910,82,83,
32766,6716,1915,93,75,
32766,6728,1901,80,85,
32766,6739,1907,74,84,
32766,6737,1923,81,91,
32766,6726,1910,82,100,
32766,6719,1919,85,68,
32766,6742,1909,62,113,
32766,6712,1933,54,85,
32766,6744,1922,78,78,
32766,6742,1898,73,91,
32766,6713,1911,76,77,
32766,6729,1920,82,88,
32766,6738,1913,85,89,
32766,6732,1922,99,87,
32766,6725,1915,72,86,
32766,6727,1916,93,79,
32766,6712,1911,76,85,
32766,6723,1918,80,81,
32766,6725,1911,67,85,
32766,6742,1907,70,92,
32766,6725,1917,84,71,
32766,6712,1917,69,95,
32766,6759,1891,60,87,
32766,6719,1926,88,100,
32766,6720,1944,74,85,
32766,6684,1924,94,98,
32766,6728,1891,101,69,
32766,6720,1909,77,95,
32766,6712,1912,78,76,
32766,6713,1924,80,78,
32766,6706,1914,82,94,
32766,6698,1923,81,86,
32766,6707,1909,79,87,
32766,6726,1912,60,80,
32766,6703,1911,96,81,
32766,6700,1901,90,111,
32766,6685,1921,80,82,
32766,6686,1904,61,93,
32766,6724,1910,71,90,
32766,6702,1910,79,83,
32766,6699,1901,76,79,
32766,6709,1929,73,96,
32766,6735,1912,92,70,
32766,6708,1899,70,74,
32766,6714,1910,88,79,
32766,6718,1908,79,78,
32766,6728,1915,74,87,
32766,6746,1918,64,72,
32766,6751,1910,68,88,
32766,6747,1910,80,71,
32766,6756,1910,102,89,
32766,6758,1903,71,84,
32766,6781,1915,69,65,
32766,6790,1917,82,67,
32766,6776,1913,78,84,
32766,6788,1915,86,59,
32766,6782,1952,77,110,
32766,6767,1934,75,90,
32766,6773,1914,81,74,
32766,6760,1918,72,69,
32766,6762,1921,87,94,
32766,6758,1909,77,78,
32766,6780,1930,83,76,
32766,6782,1909,86,73,
32766,6765,1915,72,100,
32766,6773,1902,70,81,
32766,6771,1916,93,70,
32766,6747,1905,95,85,
32766,6748,1926,79,83,
32766,6782,1924,76,79,
32766,6784,1916,87,61,
32766,6774,1921,72,85,
32766,6768,1911,87,57,
32766,6768,1918,91,80,
32766,6766,1918,62,80,
32766,6758,1926,77,91,
32766,6765,1922,82,82,
32766,6763,1907,79,90,
32766,6746,1918,68,83,
32766,6753,1910,79,83,
32766,6737,1906,88,97,
32766,6770,1922,70,104,
32766,6756,1943,98,75,
32766,6749,1911,59,73,
32766,6759,1914,66,71,
32766,6770,1874,78,78,
32766,6751,1946,66,102,
32766,6736,1912,102,86,
32766,6744,1909,81,85,
32766,6741,1910,91,78,
32766,6747,1917,75,81,
32766,6734,1913,62,102,
32766,6735,1909,76,89,
32766,6734,1899,71,73,
32766,6714,1914,73,82,
32766,6709,1906,61,79,
32766,6704,1894,99,82,
32766,6700,1926,104,69,
32766,6697,1896,81,82,
32766,6696,1913,88,85,
32766,6708,1924,91,76,
32766,6696,1897,59,56,
32766,6685,1906,80,69,
32766,6689,1907,84,78,
32766,6698,1895,66,82,
32766,6689,1906,86,82,
32766,6689,1892,80,79,
32766,6684,1908,66,93,
32766,6685,1895,67,95,
32766,6693,1902,64,88,
32766,6678,1904,66,79,
32766,6683,1907,46,104,
32766,6688,1902,90,85,
32766,6706,1892,71,82,
32766,6694,1911,53,81,
32766,6681,1894,91,80,
32766,6709,1917,74,106,
32766,6684,1912,74,67,
32766,6694,1891,64,86,
32766,6683,1916,93,74,
32766,6681,1906,92,81,
32766,6687,1907,72,78,
32766,6688,1904,83,96,
32766,6687,1897,87,87,
32766,6665,1905,91,108,
32766,6690,1887,89,88,
32766,6706,1921,94,74,
32766,6699,1918,60,84,
32766,6694,1905,55,83,
32766,6684,1918,79,90,
32766,6697,1877,65,87,
32766,6680,1927,89,82,
32766,6697,1896,98,95,
32766,6703,1909,82,91,
32766,6691,1914,93,89,
32766,6699,1899,74,89,
32766,6694,1907,76,84,
32766,6689,1904,84,88,
32766,6687,1900,77,76,
32766,6691,1902,80,85,
32766,6697,1901,54,79,
32766,6688,1910,97,90,
32766,6678,1897,107,78,
32766,6691,1916,97,70,
32766,6685,1903,85,64,
32766,6700,1897,109,50,
32766,6717,1910,67,92,
32766,6717,1930,71,80,
32766,6721,1891,76,79,
32766,6728,1896,72,88,
32766,6706,1911,73,90,
32766,6707,1921,84,87,
32766,6725,1914,83,83,
32766,6713,1907,92,92,
32766,6710,1896,89,69,
32766,6728,1919,68,77,
32766,6721,1916,60,85,
32766,6726,1888,78,65,
32766,6717,1886,73,76,
32766,6728,1913,66,80,
32766,6703,1943,50,74,
32766,6712,1901,74,67,
32766,6719,1924,86,79,
32766,6716,1924,82,79,
32766,6724,1913,82,78,
32766,6714,1910,74,82,
32766,6708,1907,78,86,
32766,6724,1880,97,88,
32766,6720,1908,84,74,
32766,6725,1909,76,85,
32766,6706,1931,56,63,
32766,6732,1908,68,81,
32766,6691,1904,86,96,
32766,6716,1896,73,73,
32766,6711,1892,85,87,
32766,6721,1895,56,67,
32766,6728,1902,99,82,
32766,6725,1911,92,107,
32766,6718,1900,73,94,
32766,6697,1892,80,89,
32766,6713,1903,83,83,
32766,6715,1920,69,88,
32766,6725,1904,82,60,
32766,6738,1911,76,69,
32766,6719,1902,74,84,
32766,6727,1914,88,91,
32766,6739,1927,67,64,
32766,6720,1924,110,74,
32766,6719,1921,78,91,
32766,6710,1908,58,80,
32766,6717,1900,65,52,
32766,6730,1926,62,100,
32766,6731,1911,61,64,
32766,6694,1913,83,83,
32766,6694,1905,79,86,
32766,6689,1897,92,85,
32766,6680,1893,66,89,
32766,6687,1896,83,82,
32766,6673,1899,58,70,
32766,6667,1896,77,87,
32766,6659,1898,54,79,
32766,6677,1892,86,76,
32766,6637,1898,97,97,
32766,6643,1899,97,92,
32766,6641,1878,74,85,
32766,6641,1885,75,80,
32766,6615,1907,74,88,
32766,6638,1862,52,62,
32766,6632,1882,75,93,
32766,6623,1901,89,85,
32766,6623,1890,76,95,
32766,6620,1885,75,84,
32766,6633,1909,68,91,
32766,6623,1887,74,83,
32766,6629,1902,85,82,
32766,6623,1883,61,89,
32766,6626,1889,80,105,
32766,6666,1890,76,53,
32766,6624,1916,79,71,
32766,6646,1882,82,78,
32766,6647,1897,94,62,
32766,6628,1923,86,89,
32766,6624,1882,91,80,
32766,6644,1880,80,72,
32766,6620,1883,66,67,
32766,6644,1899,81,85,
32766,6644,1876,85,83,
32766,6649,1888,88,84,
32766,6635,1901,74,92,
32766,6620,1882,87,88,
32766,6637,1898,76,87,
32766,6613,1886,61,88,
32766,6641,1921,72,75,
32766,6642,1879,67,80,
32766,6653,1894,75,85,
32766,6652,1891,79,84,
32766,6627,1923,98,73,
32766,6658,1903,68,74,
32766,6674,1890,84,77,
32766,6670,1882,80,82,
32766,6665,1888,95,85,
32766,6677,1909,66,78,
32766,6689,1907,73,81,
32766,6684,1893,76,85,
32766,6688,1892,78,83,
32766,6665,1901,86,88,
32766,6679,1884,68,82,
32766,6686,1886,108,68,
32766,6707,1908,58,81,
32766,6692,1913,87,101,
32766,6680,1919,101,91,
32766,6690,1889,53,90,
32766,6693,1925,83,93,
32766,6683,1888,64,76,
32766,6689,1902,78,85,
32766,6689,1903,81,79,
32766,6683,1906,76,100,
32766,6694,1891,94,68,
32766,6688,1903,78,78,
32766,6693,1907,80,83,
32766,6710,1889,89,91,
32766,6706,1911,80,84,
32766,6689,1911,78,92,
32766,6723,1891,87,104,
32766,6703,1885,80,64,
32766,6703,1903,98,69,
32766,6687,1933,65,100,
32766,6697,1882,81,85,
32766,6712,1897,95,85,
32766,6706,1917,86,88,
32766,6703,1898,64,94,
32766,6697,1911,89,71,
32766,6696,1919,75,92,
32766,6696,1892,84,86,
32766,6691,1899,88,85,
32766,6695,1896,71,78,
32766,6666,1905,82,81,
32766,6690,1880,87,81,
32766,6664,1919,68,81,
32766,6668,1902,85,99,
32766,6688,1948,112,106,
32766,6708,1893,66,80,
32766,6682,1902,68,89,
32766,6675,1889,80,94,
32766,6665,1896,75,82,
32766,6684,1890,67,83,
32766,6667,1905,82,81,
32766,6668,1901,66,95,
32766,6663,1897,89,75,
32766,6669,1885,81,74,
32766,6666,1871,63,79,
32766,6669,1889,58,82,
32766,6675,1872,80,117,
32766,6673,1893,75,88,
32766,6665,1896,64,93,
32766,6660,1899,107,76,
32766,6690,1894,93,100,
32766,6643,1916,69,114,
32766,6643,1889,64,93,
32766,6642,1893,75,81,
32766,6647,1896,89,90,
32766,6641,1897,71,82,
32766,6644,1900,70,75,
32766,6632,1883,67,68,
32766,6642,1904,75,79,
32766,6645,1908,65,81,
32766,6644,1908,55,93,
32766,6609,1891,73,75,
32766,6639,1872,94,79,
32766,6620,1901,90,91,
32766,6630,1901,97,79,
32766,6636,1887,93,71,
32766,6631,1905,68,79,
32766,6649,1901,81,87,
32766,6621,1890,79,66,
32766,6623,1883,79,85,
32766,6626,1895,65,88,
32766,6618,1890,95,85,
32766,6624,1894,64,72,
32766,6613,1887,66,85,
32766,6618,1897,78,87,
32766,6609,1897,70,97,
32766,6639,1865,68,55,
32766,6633,1917,57,99,
32766,6625,1918,109,76,
32766,6636,1923,100,80,
32766,6663,1873,60,82,
32766,6640,1898,91,77,
32766,6633,1868,68,70,
32766,6646,1898,73,78,
32766,6645,1901,68,91,
32766,6642,1893,75,77,
32766,6629,1908,73,72,
32766,6652,1884,86,74,
32766,6653,1905,65,85,
32766,6649,1902,61,82,
32766,6670,1910,65,89,
32766,6651,1910,72,104,
32766,6633,1886,76,90,
32766,6637,1880,88,88,
32766,6649,1893,65,74,
32766,6626,1922,113,71,
32766,6649,1878,83,51,
32766,6635,1887,90,81,
32766,6659,1905,57,73,
32766,6641,1907,82,68,
32766,6640,1907,86,78,
32766,6650,1898,90,82,
32766,6643,1913,88,96,
32766,6652,1903,67,92,
32766,6658,1879,65,79,
32766,6655,1903,54,87,
32766,6653,1897,65,92,
32766,6651,1873,74,87,
32766,6668,1912,83,79,
32766,6657,1917,96,76,
32766,6631,1913,66,94,
32766,6665,1912,71,93,
32766,6656,1906,73,75,
32766,6667,1887,78,80,
32766,6665,1895,67,81,
32766,6659,1906,70,90,
32766,6667,1895,80,81,
32766,6650,1877,87,86,
32766,6670,1910,85,69,
32766,6663,1905,74,89,
32766,6670,1903,56,95,
32766,6646,1903,60,103,
32766,6670,1884,107,78,
32766,6677,1909,85,76,
32766,6672,1896,81,78,
32766,6681,1913,76,103,
32766,6659,1926,72,97,
32766,6653,1902,80,89,
32766,6662,1893,95,69,
32766,6656,1915,75,88,
32766,6649,1888,80,83,
32766,6656,1885,78,94,
32766,6666,1897,79,79,
32766,6660,1893,76,93,
32766,6653,1896,105,78,
32766,6660,1877,93,74,
32766,6685,1908,80,65,
32766,6653,1895,53,83,
32766,6661,1888,101,88,
32766,6654,1882,79,67,
32766,6653,1918,65,78,
32766,6662,1888,71,85,
32766,6657,1899,69,86,
32766,6673,1880,80,80,
32766,6666,1900,88,81,
32766,6665,1899,79,72,
32766,6672,1894,73,85,
32766,6670,1899,72,82,
32766,6669,1895,84,86,
32766,6660,1912,67,102,
32766,6669,1900,108,86,
32766,6705,1878,91,85,
32766,6656,1918,76,56,
32766,6663,1886,72,105,
32766,6685,1905,98,88,
32766,6712,1902,48,103,
32766,6698,1926,93,83,
32766,6709,1907,62,82,
32766,6687,1902,83,74,
32766,6692,1902,83,90,
32766,6702,1907,65,80,
32766,6706,1914,82,87,
32766,6710,1900,79,83,
32766,6709,1902,72,89,
32766,6711,1908,94,64,
32766,6704,1906,73,66,
32766,6703,1892,70,84,
32766,6688,1904,89,82,
32766,6722,1899,89,80,
32766,6725,1890,66,96,
32766,6693,1887,109,71,
32766,6718,1884,79,45,
32766,6703,1917,74,76,
32766,6693,1903,64,71,
32766,6702,1897,94,88,
32766,6688,1897,93,89,
32766,6689,1895,77,76,
32766,6693,1903,76,83,
32766,6704,1906,81,82,
32766,6690,1904,93,84,
32766,6705,1904,71,87,
32766,6704,1905,108,85,
32766,6705,1908,85,83,
32766,6688,1901,55,82,
32766,6704,1883,75,94,
32766,6712,1916,83,91,
32766,6698,1926,93,63,
32766,6693,1900,82,105,
32766,6698,1883,84,84,
32766,6696,1898,69,79,
32766,6703,1907,75,84,
32766,6703,1899,68,87,
32766,6705,1903,70,82,
32766,6703,1919,77,73,
32766,6696,1883,73,78,
32766,6685,1886,81,83,
32766,6682,1906,78,96,
32766,6687,1891,69,74,
32766,6688,1915,83,94,
32766,6706,1893,72,83,
32766,6686,1902,76,70,
32766,6693,1894,66,72,
32766,6707,1903,79,83,
32766,6691,1901,81,78,
32766,6683,1909,68,85,
32766,6696,1890,100,72,
32766,6688,1900,75,97,
32766,6691,1899,69,93,
32766,6684,1893,65,70,
32766,6675,1913,82,80,
32766,6671,1895,60,83,
32766,6698,1868,92,97,
32766,6669,1899,78,62,
32766,6685,1906,78,76,
32766,6671,1883,88,76,
32766,6674,1906,76,72,
32766,6684,1879,88,62,
32766,6692,1914,68,105,
32766,6676,1904,83,73,
32766,6681,1897,74,103,
32766,6697,1908,71,75,
32766,6695,1909,82,83,
32766,6727,1915,70,77,
32766,6738,1902,73,80,
32766,6738,1907,70,75,
32766,6756,1906,85,83,
32766,6759,1907,57,86,
32766,6734,1913,73,92,
32766,6751,1878,53,63,
32766,6724,1926,78,87,
32766,6751,1874,39,87,
32766,6719,1896,71,84,
32766,6729,1920,93,94,
32766,6730,1912,80,80,
32766,6725,1914,83,83,
32766,6733,1901,80,81,
32766,6714,1898,70,78,
32766,6711,1926,87,91,
32766,6710,1912,73,89,
32766,6717,1904,68,84,
32766,6716,1893,82,95,
32766,6723,1905,114,53,
32766,6698,1895,62,86,
32766,6675,1905,60,92,
32766,6709,1902,95,93,
32766,6700,1907,87,91,
32766,6693,1904,89,65,
32766,6695,1897,75,83,
32766,6702,1906,84,85,
32766,6710,1906,78,86,
32766,6700,1898,75,66,
32766,6709,1910,78,86,
32766,6698,1906,80,91,
32766,6704,1907,70,94,
32766,6707,1903,74,70,
32766,6705,1904,96,85,
32766,6710,1905,88,67,
32766,6727,1915,49,93,
32766,6714,1901,72,55,
32766,6721,1904,72,75,
32766,6718,1907,60,80,
32766,6742,1920,54,95,
32766,6754,1900,67,78,
32766,6741,1906,71,72,
32766,6724,1905,81,88,
32766,6753,1904,71,83,
32766,6747,1916,74,100,
32766,6749,1916,67,82,
32766,6749,1912,73,70,
32766,6741,1925,91,75,
32766,6752,1913,79,88,
32766,6767,1926,81,84,
32766,6745,1924,58,90,
32766,6744,1898,88,89,
32766,6742,1894,65,90,
32766,6757,1899,67,89,
32766,6726,1898,84,79,
32766,6737,1911,94,60,
32766,6741,1904,85,94,
32766,6741,1914,63,85,
32766,6734,1921,77,77,
32766,6721,1906,63,90,
32766,6731,1908,97,82,
32766,6722,1893,78,91,
32766,6720,1892,94,91,
32766,6734,1896,76,80,
32766,6730,1897,73,85,
32766,6695,1904,84,71,
32766,6712,1890,99,98,
32766,6700,1895,84,92,
32766,6696,1887,69,79,
32766,6714,1894,64,95,
32766,6701,1893,77,86,
32766,6680,1891,67,76,
32766,6678,1902,69,78,
32766,6676,1888,92,91,
32766,6674,1898,70,86,
32766,6690,1880,96,81,
32766,6682,1899,81,92,
32766,6680,1888,74,87,
32766,6703,1879,74,74,
32766,6675,1913,76,76,
32766,6689,1895,74,95,
32766,6694,1889,83,80,
32766,6677,1895,85,98,
32766,6695,1891,92,87,
32766,6665,1907,92,81,
32766,6676,1891,82,87,
32766,6682,1879,71,92,
32766,6681,1894,88,77,
32766,6667,1897,92,86,
32766,6682,1892,73,93,
32766,6673,1897,79,88,
32766,6667,1879,69,75,
32766,6690,1923,77,88,
32766,6667,1925,62,86,
32766,6677,1895,88,74,
32766,6655,1901,100,69,
32766,6678,1903,75,64,
32766,6696,1889,51,77,
32766,6661,1900,100,60,
32766,6684,1894,104,90,
32766,6676,1885,77,70,
32766,6687,1889,88,84,
32766,6701,1883,82,97,
32766,6710,1900,79,67,
32766,6688,1903,75,84,
32766,6697,1887,74,81,
32766,6684,1883,85,79,
32766,6682,1899,88,77,
32766,6681,1904,60,63,
32766,6674,1902,91,42,
32766,6687,1887,65,71,
32766,6676,1894,70,66,
32766,6674,1884,77,76,
32766,6668,1861,44,71,
32766,6668,1903,85,78,
32766,6666,1896,81,65,
32766,6672,1880,78,89,
32766,6664,1903,82,80,
32766,6666,1909,83,90,
32766,6666,1892,86,85,
32766,6671,1910,81,82,
32766,6655,1898,70,69,
32766,6668,1890,79,85,
32766,6669,1871,72,69,
32766,6672,1873,73,86,
32766,6654,1911,74,68,
32766,6657,1892,71,96,
32766,6669,1899,96,72,
32766,6632,1905,70,75,
32766,6661,1891,84,82,
32766,6663,1867,99,85,
32766,6665,1899,81,94,
32766,6663,1901,75,84,
32766,6652,1886,102,80,
32766,6669,1882,99,71,
32766,6652,1912,85,77,
32766,6657,1894,92,87,
32766,6649,1889,84,95,
32766,6667,1887,90,94,
32766,6650,1893,51,98,
32766,6672,1858,85,76,
32766,6665,1899,95,70,
32766,6663,1881,72,75,
32766,6652,1881,112,62,
32766,6675,1890,99,71,
32766,6659,1886,91,63,
32766,6649,1885,70,78,
32766,6657,1890,83,74,
32766,6661,1893,77,93,
32766,6652,1891,95,82,
32766,6652,1896,98,69,
32766,6672,1879,71,77,
32766,6657,1890,88,75,
32766,6641,1882,107,88,
32766,6650,1884,81,85,
32766,6675,1908,82,67,
32766,6630,1898,69,97,
32766,6663,1900,77,91,
32766,6646,1906,104,60,
32766,6683,1895,59,103,
32766,6670,1904,82,79,
32766,6664,1891,77,77,
32766,6667,1889,82,83,
32766,6654,1883,87,83,
32766,6653,1898,58,85,
32766,6665,1881,76,92,
32766,6650,1894,76,83,
32766,6656,1910,73,62,
32766,6665,1883,85,75,
32766,6671,1882,80,73,
32766,6660,1905,71,65,
32766,6666,1881,49,88,
32766,6669,1901,76,76,
32766,6636,1911,64,64,
32766,6673,1916,57,86,
32766,6680,1900,65,85,
32766,6681,1909,78,81,
32766,6662,1901,71,84,
32766,6664,1884,95,92,
32766,6675,1902,83,91,
32766,6682,1890,89,74,
32766,6700,1898,85,82,
32766,6689,1886,79,86,
32766,6675,1911,78,88,
32766,6700,1864,70,75,
32766,6703,1889,89,55,
32766,6704,1899,65,76,
32766,6693,1908,97,81,
32766,6710,1911,77,68,
32766,6726,1894,43,85,
32766,6711,1900,85,65,
32766,6701,1895,77,99,
32766,6692,1893,94,78,
32766,6701,1908,95,71,
32766,6679,1905,71,71,
32766,6695,1895,74,79,
32766,6692,1888,78,71,
32766,6696,1889,89,88,
32766,6692,1895,93,68,
32766,6700,1913,80,71,
32766,6690,1896,66,71,
32766,6696,1880,53,97,
32766,6688,1896,99,66,
32766,6707,1919,95,81,
32766,6695,1922,95,100,
32766,6678,1891,57,74,
32766,6691,1895,74,73,
32766,6702,1898,77,91,
32766,6702,1891,71,84,
32766,6691,1901,71,83,
32766,6694,1893,73,74,
32766,6691,1908,78,69,
32766,6698,1897,70,82,
32766,6704,1911,69,76,
32766,6696,1914,99,60,
32766,6701,1892,109,71,
32766,6697,1882,82,78,
32766,6712,1901,98,78,
32766,6686,1916,58,86,
32766,6697,1883,46,67,
32766,6696,1889,84,72,
32766,6699,1891,74,98,
32766,6710,1910,89,84,
32766,6704,1887,82,81,
32766,6693,1908,88,65,
32766,6696,1901,67,90,
32766,6692,1894,84,74,
32766,6699,1892,66,81,
32766,6717,1889,68,84,
32766,6697,1895,80,84,
32766,6700,1889,81,62,
32766,6683,1894,98,82,
32766,6686,1902,69,96,
32766,6685,1898,92,75,
32766,6696,1903,57,97,
32766,6680,1912,75,69,
32766,6697,1885,70,92,
32766,6695,1893,74,80,
32766,6676,1909,74,90,
32766,6695,1899,73,93,
32766,6692,1892,65,75,
32766,6680,1905,67,81,
32766,6690,1899,76,72,
32766,6691,1892,98,72,
32766,6691,1901,96,82,
32766,6703,1916,82,66,
32766,6669,1917,67,81,
32766,6668,1903,82,94,
32766,6682,1909,64,92,
32766,6697,1873,44,95,
32766,6695,1885,78,94,
32766,6688,1885,90,73,
32766,6677,1909,72,81,
32766,6687,1904,74,69,
32766,6688,1895,81,79,
32766,6697,1902,90,91,
32766,6687,1899,95,87,
32766,6684,1898,92,76,
32766,6680,1907,72,77,
32766,6673,1914,83,74,
32766,6712,1914,80,72,
32766,6692,1897,68,89,
32766,6703,1897,98,81,
32766,6695,1874,64,82,
32766,6710,1869,42,102,
32766,6677,1916,79,83,
32766,6702,1887,69,87,
32766,6700,1893,72,76,
32766,6709,1893,83,85,
32766,6705,1904,73,94,
32766,6697,1893,73,82,
32766,6711,1900,77,72,
32766,6715,1881,70,79,
32766,6721,1918,59,84,
32766,6732,1887,80,91,
32766,6703,1900,88,75,
32766,6709,1894,62,76,
32766,6700,1888,83,68,
32766,6718,1885,48,66,
32766,6694,1918,111,78,
32766,6706,1913,72,76,
32766,6727,1900,79,95,
32766,6737,1898,72,72,
32766,6753,1893,64,76,
32766,6740,1911,91,73,
32766,6747,1904,98,89,
32766,6751,1895,73,76,
32766,6766,1915,69,89,
32766,6756,1900,84,60,
32766,6754,1917,77,73,
32766,6794,1916,60,77,
32766,6792,1900,62,97,
32766,6802,1902,97,68,
32766,6804,1889,75,81,
32766,6786,1917,70,86,
32766,6789,1897,82,84,
32766,6778,1891,76,95,
32766,6785,1911,103,96,
32766,6798,1913,89,75,
32766,6782,1907,68,104,
32766,6782,1932,58,94,
32766,6794,1920,67,79,
32766,6780,1917,82,79,
32766,6778,1897,99,77,
32766,6763,1894,63,110,
32766,6770,1901,50,87,
32766,6762,1921,40,79,
32766,6762,1897,79,89,
32766,6757,1891,49,75,
32766,6732,1917,93,60,
32766,6707,1919,90,82,
32766,6749,1911,72,77,
32766,6747,1898,78,80,
32766,6759,1902,62,95,
32766,6754,1908,72,80,
32766,6756,1893,69,75,
32766,6763,1906,68,78,
32766,6754,1907,78,88,
32766,6756,1919,87,77,
32766,6761,1908,85,68,
32766,6755,1898,66,74,
32766,6747,1910,62,76,
32766,6743,1900,74,86,
32766,6752,1905,67,82,
32766,6746,1891,77,79,
32766,6759,1902,83,76,
32766,6739,1901,71,74,
32766,6745,1895,64,67,
32766,6731,1918,75,67,
32766,6722,1885,69,78,
32766,6728,1896,97,74,
32766,6739,1909,77,79,
32766,6731,1894,79,91,
32766,6755,1894,94,85,
32766,6719,1903,62,96,
32766,6709,1904,69,62,
32766,6735,1897,85,68,
32766,6734,1890,72,81,
32766,6724,1911,65,83,
32766,6743,1890,91,87,
32766,6701,1887,65,82,
32766,6711,1895,91,87,
32766,6712,1914,67,81,
32766,6702,1917,87,73,
32766,6710,1902,67,83,
32766,6727,1890,80,73,
32766,6725,1886,69,83,
32766,6722,1890,88,78,
32766,6723,1894,80,94,
32766,6715,1902,70,76,
32766,6744,1900,74,67,
32766,6747,1887,74,92,
32766,6721,1899,80,94,
32766,6713,1890,64,78,
32766,6717,1881,106,34,
32766,6750,1913,85,98,
32766,6734,1892,88,73,
32766,6728,1887,82,75,
32766,6729,1885,59,82,
32766,6721,1897,94,81,
32766,6730,1899,72,81,
32766,6741,1906,82,93,
32766,6758,1889,82,75,
32766,6726,1921,90,64,
32766,6719,1922,74,73,
32766,6735,1856,84,74,
32766,6743,1884,69,71,
32766,6746,1894,84,97,
32766,6733,1895,80,80,
32766,6710,1918,99,66,
32766,6746,1889,82,81,
32766,6725,1891,76,82,
32766,6725,1889,77,69,
32766,6732,1900,90,91,
32766,6722,1915,88,88,
32766,6728,1900,89,81,
32766,6732,1902,87,74,
32766,6730,1892,82,93,
32766,6730,1878,81,91,
32766,6733,1883,88,97,
32766,6715,1885,74,80,
32766,6731,1892,76,77,
32766,6732,1896,68,105,
32766,6704,1898,89,71,
32766,6714,1897,47,91,
32766,6727,1904,59,75,
32766,6734,1896,80,86,
32766,6710,1910,67,76,
32766,6721,1897,81,84,
32766,6737,1880,88,76,
32766,6728,1894,73,84,
32766,6719,1910,75,89,
32766,6721,1886,86,94,
32766,6722,1912,67,74,
32766,6748,1871,70,61,
32766,6738,1879,76,93,
32766,6698,1897,97,94,
32766,6727,1910,77,88,
32766,6717,1893,79,103,
32766,6693,1879,84,91,
32766,6698,1900,101,103,
32766,6701,1895,87,85,
32766,6702,1902,81,83,
32766,6690,1890,68,72,
32766,6693,1888,78,88,
32766,6698,1898,79,85,
32766,6707,1889,80,88,
32766,6690,1895,67,72,
32766,6698,1899,66,88,
32766,6682,1913,77,81,
32766,6714,1881,81,103,
32766,6699,1898,93,97,
32766,6704,1890,59,94,
32766,6669,1879,58,92,
32766,6698,1908,87,85,
32766,6678,1903,76,60,
32766,6677,1896,74,83,
32766,6678,1896,97,59,
32766,6677,1901,86,84,
32766,6699,1893,81,79,
32766,6695,1885,81,87,
32766,6669,1908,79,92,
32766,6700,1898,76,81,
32766,6679,1897,38,71,
32766,6693,1895,46,104,
32766,6685,1868,75,80,
32766,6675,1885,94,77,
32766,6701,1883,61,72,
32766,6681,1897,64,88,
32766,6667,1896,71,82,
32766,6683,1891,91,80,
32766,6684,1894,64,84,
32766,6653,1886,87,91,
32766,6673,1903,83,85,
32766,6666,1872,78,75,
32766,6680,1891,89,81,
32766,6680,1901,59,85,
32766,6669,1905,80,85,
32766,6672,1905,72,89,
32766,6675,1863,68,74,
32766,6720,1877,95,69,
32766,6654,1902,61,84,
32766,6704,1890,67,93,
32766,6706,1865,75,107,
32766,6688,1898,61,88,
32766,6648,1880,97,72,
32766,6684,1892,83,76,
32766,6692,1889,87,90,
32766,6682,1884,81,78,
32766,6682,1882,70,80,
32766,6659,1877,79,83,
32766,6664,1891,91,82,
32766,6671,1882,88,77,
32766,6665,1899,72,54,
32766,6663,1904,63,82,
32766,6659,1893,80,74,
32766,6685,1880,61,85,
32766,6672,1886,77,83,
32766,6654,1896,110,68,
32766,6649,1879,64,80,
32766,6652,1868,77,83,
32766,6667,1874,84,79,
32766,6656,1894,77,86,
32766,6654,1892,73,80,
32766,6661,1891,77,71,
32766,6664,1896,72,72,
32766,6642,1896,68,89,
32766,6658,1900,88,99,
32766,6650,1897,78,71,
32766,6661,1886,91,95,
32766,6651,1904,91,81,
32766,6668,1881,74,84,
32766,6662,1882,95,90,
32766,6645,1885,93,102,
32766,6658,1885,108,84,
32766,6668,1886,71,87,
32766,6661,1879,81,96,
32766,6652,1884,87,90,
32766,6662,1896,77,78,
32766,6639,1883,78,95,
32766,6646,1889,82,107,
32766,6679,1873,67,86,
32766,6650,1882,85,91,
32766,6674,1893,92,94,
32766,6653,1865,46,101,
32766,6666,1882,74,109,
32766,6644,1865,86,80,
32766,6663,1880,67,74,
32766,6662,1881,84,88,
32766,6655,1864,70,77,
32766,6636,1888,96,74,
32766,6649,1891,94,76,
32766,6643,1891,74,89,
32766,6661,1893,83,80,
32766,6653,1890,74,73,
32766,6662,1868,90,75,
32766,6643,1881,68,110,
32766,6647,1892,78,76,
32766,6661,1886,43,80,
32766,6662,1862,90,77,
32766,6657,1866,90,95,
32766,6637,1911,62,86,
32766,6641,1886,70,90,
32766,6638,1874,78,76,
32766,6661,1880,77,86,
32766,6653,1881,56,87,
32766,6653,1891,61,80,
32766,6648,1879,87,89,
32766,6645,1887,71,79,
32766,6647,1883,91,90,
32766,6660,1886,88,79,
32766,6663,1891,82,76,
32766,6664,1888,73,76,
32766,6669,1896,100,74,
32766,6648,1870,77,92,
32766,6663,1867,86,88,
32766,6648,1896,66,64,
32766,6654,1901,75,85,
32766,6656,1878,88,92,
32766,6657,1875,81,90,
32766,6648,1897,96,66,
32766,6652,1876,74,81,
32766,6649,1900,83,93,
32766,6667,1893,76,82,
32766,6659,1889,76,85,
32766,6666,1874,71,91,
32766,6659,1896,83,74,
32766,6660,1879,85,69,
32766,6671,1890,71,70,
32766,6675,1862,88,93,
32766,6659,1904,67,85,
32766,6670,1900,79,86,
32766,6666,1875,71,85,
32766,6661,1892,105,72,
32766,6707,1893,70,109,
32766,6648,1886,81,94,
32766,6671,1895,81,80,
32766,6650,1884,84,77,
32766,6669,1881,83,80,
32766,6665,1887,99,91,
32766,6668,1899,61,92,
32766,6666,1882,61,87,
32766,6665,1890,76,79,
32766,6665,1914,58,90,
32766,6648,1908,56,93,
32766,6662,1912,72,88,
32766,6680,1854,86,58,
32766,6674,1890,77,74,
32766,6675,1886,118,54,
32766,6666,1869,66,54,
32766,6690,1900,78,99,
32766,6665,1899,85,81,
32766,6677,1897,83,76,
32766,6659,1895,84,95,
32766,6664,1889,78,81,
32766,6667,1898,84,67,
32766,6679,1889,72,85,
32766,6660,1888,91,82,
32766,6672,1886,61,75,
32766,6671,1908,48,89,
32766,6675,1899,76,82,
32766,6657,1886,96,90,
32766,6676,1885,87,82,
32766,6691,1857,71,92,
32766,6634,1892,59,86,
32766,6632,1909,88,68,
32766,6665,1891,61,84,
32766,6666,1895,78,86,
32766,6665,1880,83,74,
32766,6673,1888,83,98,
32766,6676,1892,83,83,
32766,6690,1896,76,86,
32766,6667,1881,95,90,
32766,6672,1879,72,77,
32766,6663,1899,71,68,
32766,6670,1884,73,81,
32766,6678,1868,74,65,
32766,6665,1892,77,78,
32766,6650,1866,69,53,
32766,6665,1894,84,70,
32766,6664,1884,94,71,
32766,6668,1887,50,86,
32766,6663,1902,78,76,
32766,6661,1886,60,75,
32766,6666,1879,80,83,
32766,6681,1888,71,80,
32766,6656,1889,68,81,
32766,6652,1893,82,74,
32766,6671,1886,78,79,
32766,6674,1870,63,67,
32766,6666,1867,68,74,
32766,6648,1904,59,103,
32766,6665,1884,84,68,
32766,6678,1865,64,61,
32766,6669,1877,64,85,
32766,6659,1897,92,79,
32766,6669,1884,72,89,
32766,6661,1901,76,82,
32766,6664,1879,81,75,
32766,6674,1880,84,86,
32766,6671,1899,91,88,
32766,6667,1898,94,83,
32766,6648,1889,80,78,
32766,6674,1887,80,72,
32766,6674,1871,107,78,
32766,6655,1905,35,97,
32766,6676,1902,82,79,
32766,6658,1898,73,93,
32766,6623,1902,63,95,
32766,6656,1891,80,92,
32766,6679,1864,89,78,
32766,6662,1887,80,63,
32766,6667,1891,77,76,
32766,6674,1884,86,79,
32766,6669,1894,76,73,
32766,6680,1896,77,70,
32766,6681,1901,77,78,
32766,6680,1887,73,66,
32766,6675,1881,94,70,
32766,6701,1856,96,65,
32766,6673,1885,92,80,
32766,6661,1897,78,65,
32766,6675,1888,73,84,
32766,6688,1866,56,91,
32766,6666,1911,85,56,
32766,6685,1903,73,93,
32766,6676,1881,74,82,
32766,6681,1891,93,60,
32766,6680,1897,76,75,
32766,6660,1889,79,85,
32766,6667,1878,68,88,
32766,6664,1886,76,79,
32766,6671,1882,76,78,
32766,6673,1889,56,77,
32766,6674,1888,59,81,
32766,6662,1912,54,60,
32766,6692,1876,42,76,
32766,6676,1895,88,75,
32766,6659,1884,77,81,
32766,6668,1892,66,58,
32766,6639,1873,65,72,
32766,6665,1878,92,78,
32766,6665,1887,78,77,
32766,6667,1882,69,83,
32766,6674,1895,89,67,
32766,6654,1889,76,86,
32766,6686,1891,68,91,
32766,6669,1900,68,80,
32766,6680,1884,69,80,
32766,6659,1873,100,86,
32766,6675,1899,57,84,
32766,6668,1897,110,80,
32766,6675,1893,70,90,
32766,6665,1902,95,102,
32766,6671,1902,98,89,
32766,6678,1893,101,75,
32766,6675,1895,74,89,
32766,6675,1885,73,76,
32766,6690,1887,71,81,
32766,6666,1904,82,73,
32766,6658,1894,70,94,
32766,6660,1877,64,96,
32766,6675,1895,87,83,
32766,6667,1876,93,59,
32766,6649,1877,57,85,
32766,6677,1869,90,74,
32766,6665,1880,68,93,
32766,6660,1880,91,77,
32766,6652,1880,74,70,
32766,6651,1868,82,70,
32766,6663,1891,73,103,
32766,6641,1899,85,81,
32766,6651,1883,81,81,
32766,6653,1883,84,71,
32766,6656,1909,72,85,
32766,6654,1872,84,85,
32766,6649,1880,81,89,
32766,6647,1883,85,77,
32766,6650,1865,87,79,
32766,6652,1871,72,99,
32766,6639,1876,82,84,
32766,6641,1871,82,73,
32766,6655,1885,87,76,
32766,6668,1885,68,103,
32766,6631,1897,96,82,
32766,6657,1887,80,79,
32766,6652,1893,91,69,
32766,6663,1887,72,91,
32766,6638,1881,74,78,
32766,6662,1890,78,89,
32766,6656,1890,79,56,
32766,6649,1876,62,78,
32766,6638,1880,79,73,
32766,6643,1861,75,83,
32766,6634,1880,65,91,
32766,6646,1868,51,93,
32766,6613,1895,82,84,
32766,6634,1883,61,94,
32766,6642,1898,79,81,
32766,6647,1862,55,79,
32766,6659,1889,75,86,
32766,6638,1879,85,81,
32766,6672,1890,74,86,
32766,6662,1884,78,78,
32766,6658,1877,81,81,
32766,6653,1884,77,77,
32766,6657,1890,66,99,
32766,6652,1870,72,67,
32766,6659,1891,88,75,
32766,6645,1893,70,63,
32766,6647,1867,50,77,
32766,6645,1907,97,70,
32766,6653,1874,56,91,
32766,6667,1904,79,113,
32766,6663,1876,59,91,
32766,6654,1893,68,81,
32766,6635,1888,61,96,
32766,6656,1877,87,77,
32766,6636,1882,72,79,
32766,6655,1882,75,77,
32766,6645,1877,89,83,
32766,6653,1894,73,86,
32766,6657,1882,68,83,
32766,6636,1898,66,63,
32766,6650,1867,78,74,
32766,6617,1884,79,66,
32766,6634,1876,84,89,
32766,6648,1880,104,66,
32766,6642,1879,95,58,
32766,6650,1874,56,72,
32766,6677,1881,87,80,
32766,6642,1895,70,66,
32766,6643,1880,76,74,
32766,6660,1890,79,71,
32766,6638,1885,85,85,
32766,6640,1891,74,80,
32766,6643,1881,80,94,
32766,6651,1881,65,80,
32766,6654,1902,69,93,
32766,6644,1891,68,70,
32766,6639,1862,55,85,
32766,6665,1879,99,52,
32766,6646,1892,84,88,
32766,6642,1875,60,76,
32766,6643,1900,115,76,
32766,6626,1891,72,90,
32766,6662,1870,88,84,
32766,6626,1870,71,88,
32766,6624,1899,65,80,
32766,6630,1878,71,82,
32766,6619,1876,97,77,
32766,6626,1867,76,87,
32766,6631,1894,76,89,
32766,6610,1883,98,75,
32766,6601,1871,91,103,
32766,6600,1904,71,78,
32766,6607,1870,57,60,
32766,6586,1888,91,81,
32766,6599,1869,92,73,
32766,6585,1892,77,68,
32766,6619,1878,64,93,
32766,6612,1876,74,93,
32766,6598,1885,78,76,
32766,6601,1884,75,77,
32766,6598,1887,77,92,
32766,6591,1881,86,82,
32766,6608,1881,75,92,
32766,6600,1862,85,83,
32766,6607,1888,74,88,
32766,6606,1878,52,82,
32766,6617,1877,70,83,
32766,6597,1887,103,85,
32766,6588,1884,92,78,
32766,6616,1872,57,70,
32766,6614,1894,68,88,
32766,6594,1886,92,72,
32766,6591,1882,81,103,
32766,6613,1880,81,81,
32766,6599,1873,90,90,
32766,6581,1874,77,84,
32766,6596,1868,70,80,
32766,6606,1889,60,85,
32766,6605,1865,69,69,
32766,6610,1885,102,71,
32766,6647,1888,78,81,
32766,6632,1881,92,95,
32766,6613,1883,80,92,
32766,6630,1901,81,68,
32766,6634,1878,85,79,
32766,6664,1866,90,84,
32766,6620,1886,88,82,
32766,6631,1894,81,79,
32766,6627,1870,78,78,
32766,6628,1880,94,88,
32766,6646,1887,79,80,
32766,6621,1874,78,82,
32766,6632,1890,72,89,
32766,6631,1870,73,83,
32766,6621,1881,65,99,
32766,6651,1859,77,87,
32766,6624,1863,75,92,
32766,6632,1887,88,94,
32766,6639,1879,65,97,
32766,6624,1879,62,83,
32766,6628,1882,70,62,
32766,6646,1884,85,74,
32766,6634,1902,80,60,
32766,6651,1888,77,89,
32766,6638,1878,70,76,
32766,6648,1882,90,64,
32766,6636,1875,72,82,
32766,6651,1878,83,78,
32766,6655,1875,79,87,
32766,6649,1876,65,73,
32766,6638,1895,61,94,
32766,6644,1882,74,94,
32766,6631,1890,89,83,
32766,6655,1888,72,94,
32766,6659,1892,74,95,
32766,6666,1883,81,69,
32766,6696,1888,71,96,
32766,6659,1881,82,83,
32766,6675,1883,82,87,
32766,6684,1879,81,74,
32766,6665,1887,73,65,
32766,6672,1882,83,79,
32766,6661,1895,73,83,
32766,6662,1885,79,82,
32766,6670,1898,100,65,
32766,6666,1882,81,96,
32766,6654,1893,96,74,
32766,6684,1885,77,79,
32766,6671,1879,83,88,
32766,6658,1900,77,84,
32766,6671,1868,81,94,
32766,6673,1879,74,82,
32766,6679,1877,84,80,
32766,6676,1874,87,76,
32766,6667,1892,74,76,
32766,6659,1908,93,74,
32766,6661,1887,85,80,
32766,6667,1879,66,97,
32766,6652,1894,74,80,
32766,6665,1874,88,66,
32766,6657,1883,121,82,
32766,6644,1925,56,74,
32766,6701,1872,59,88,
32766,6668,1888,80,92,
32766,6668,1880,65,90,
32766,6670,1881,66,95,
32766,6665,1915,78,74,
32766,6672,1886,74,75,
32766,6648,1889,72,88,
32766,6649,1893,73,81,
32766,6646,1874,70,81,
32766,6658,1889,63,82,
32766,6655,1883,83,96,
32766,6664,1871,77,81,
32766,6662,1875,99,65,
32766,6655,1887,77,76,
32766,6668,1889,75,65,
32766,6673,1870,80,73,
32766,6653,1890,76,93,
32766,6656,1890,80,85,
32766,6669,1878,79,78,
32766,6654,1882,66,66,
32766,6667,1892,76,81,
32766,6679,1881,95,81,
32766,6683,1878,78,83,
32766,6675,1902,91,83,
32766,6669,1883,91,76,
32766,6669,1889,96,83,
32766,6664,1885,91,87,
32766,6680,1874,108,77,
32766,6680,1901,78,79,
32766,6651,1915,105,66,
32766,6680,1890,82,86,
32766,6670,1882,49,88,
32766,6647,1902,98,91,
32766,6666,1863,60,87,
32766,6659,1869,93,61,
32766,6672,1871,83,82,
32766,6673,1887,78,67,
32766,6668,1895,83,87,
32766,6676,1881,75,82,
32766,6669,1887,79,74,
32766,6686,1872,65,86,
32766,6669,1881,84,81,
32766,6654,1906,79,89,
32766,6653,1897,89,80,
32766,6667,1886,61,80,
32766,6663,1882,92,85,
32766,6667,1887,82,83,
32766,6670,1876,66,69,
32766,6672,1874,76,85,
32766,6640,1873,78,62,
32766,6669,1887,74,73,
32766,6657,1884,83,79,
32766,6654,1891,72,84,
32766,6659,1887,74,91,
32766,6666,1886,77,74,
32766,6669,1885,76,83,
32766,6667,1870,72,72,
32766,6662,1892,69,78,
32766,6660,1881,69,98,
32766,6658,1892,100,79,
32766,6635,1886,74,67,
32766,6661,1898,84,74,
32766,6657,1878,101,93,
32766,6684,1895,92,78,
32766,6654,1858,76,78,
32766,6679,1892,73,88,
32766,6651,1871,64,93,
32766,6653,1873,94,83,
32766,6667,1877,89,73,
32766,6651,1892,78,78,
32766,6657,1892,81,83,
32766,6667,1886,96,88,
32766,6652,1871,86,90,
32766,6662,1866,69,94,
32766,6658,1868,70,100,
32766,6641,1866,97,91,
32766,6656,1879,83,77,
32766,6656,1885,84,109,
32766,6622,1884,92,82,
32766,6661,1867,75,78,
32766,6644,1884,68,90,
32766,6646,1886,84,82,
32766,6654,1881,75,78,
32766,6633,1882,80,73,
32766,6648,1875,78,87,
32766,6661,1887,89,80,
32766,6661,1882,65,88,
32766,6660,1893,86,81,
32766,6645,1868,113,90,
32766,6655,1896,66,85,
32766,6650,1882,47,88,
32766,6652,1897,75,80,
32766,6626,1907,89,97,
32766,6671,1876,70,77,
32766,6667,1866,56,100,
32766,6629,1879,80,70,
32766,6661,1868,80,69,
32766,6656,1872,79,90,
32766,6655,1879,79,73,
32766,6654,1882,73,79,
32766,6675,1884,70,66,
32766,6667,1889,78,87,
32766,6663,1881,67,78,
32766,6666,1892,71,87,
32766,6666,1896,63,73,
32766,6668,1875,78,83,
32766,6680,1878,77,93,
32766,6674,1893,77,84,
32766,6683,1892,94,90,
32766,6679,1892,74,93,
32766,6657,1888,88,79,
32766,6658,1882,78,85,
32766,6670,1886,89,95,
32766,6659,1860,58,71,
32766,6645,1881,84,63,
32766,6667,1892,81,72,
32766,6658,1886,83,68,
32766,6666,1902,97,68,
32766,6634,1889,83,68,
32766,6658,1862,97,86,
32766,6660,1881,86,82,
32766,6663,1882,72,76,
32766,6685,1875,75,93,
32766,6671,1877,87,83,
32766,6669,1899,68,64,
32766,6662,1892,78,77,
32766,6667,1888,74,85,
32766,6684,1878,79,79,
32766,6670,1883,85,60,
32766,6647,1890,86,89,
32766,6670,1880,68,85,
32766,6666,1867,85,94,
32766,6679,1886,73,77,
32766,6656,1884,85,71,
32766,6638,1880,101,81,
32766,6660,1878,61,78,
32766,6652,1881,111,83,
32766,6647,1864,70,67,
32766,6668,1905,86,90,
32766,6661,1904,98,71,
32766,6662,1887,76,79,
32766,6659,1864,79,89,
32766,6664,1870,79,75,
32766,6658,1886,86,79,
32766,6644,1888,69,72,
32766,6641,1886,70,74,
32766,6662,1874,77,97,
32766,6662,1893,62,81,
32766,6659,1869,66,87,
32766,6635,1883,63,67,
32766,6660,1873,66,76,
32766,6656,1878,83,82,
32766,6646,1885,88,73,
32766,6660,1875,81,72,
32766,6642,1875,66,86,
32766,6639,1887,62,78,
32766,6661,1887,60,90,
32766,6628,1871,80,87,
32766,6652,1878,77,74,
32766,6631,1886,92,86,
32766,6637,1903,76,76,
32766,6635,1876,85,86,
32766,6639,1866,68,83,
32766,6624,1902,61,71,
32766,6629,1877,74,91,
32766,6629,1883,73,78,
32766,6628,1866,82,70,
32766,6651,1880,60,84,
32766,6628,1847,69,73,
32766,6616,1885,64,64,
32766,6627,1865,93,79,
32766,6629,1868,69,100,
32766,6624,1880,70,82,
32766,6631,1884,84,86,
32766,6616,1894,71,83,
32766,6614,1899,65,64,
32766,6613,1864,97,67,
32766,6624,1871,66,77,
32766,6628,1875,76,101,
32766,6613,1864,69,100,
32766,6616,1864,58,88,
32766,6609,1877,88,86,
32766,6625,1865,88,91,
32766,6626,1887,81,101,
32766,6638,1879,74,72,
32766,6634,1855,79,72,
32766,6631,1880,77,71,
32766,6639,1878,86,82,
32766,6629,1877,83,93,
32766,6616,1885,92,83,
32766,6619,1879,87,74,
32766,6631,1884,76,87,
32766,6622,1874,95,70,
32766,6629,1913,61,83,
32766,6623,1884,69,69,
32766,6617,1877,75,73,
32766,6623,1870,92,70,
32766,6637,1890,77,86,
32766,6646,1869,93,87,
32766,6601,1865,90,64,
32766,6622,1875,79,81,
32766,6640,1893,88,85,
32766,6637,1882,77,87,
32766,6636,1877,66,91,
32766,6627,1884,71,69,
32766,6644,1881,91,73,
32766,6633,1873,75,74,
32766,6638,1876,58,101,
32766,6632,1876,71,93,
32766,6634,1875,81,71,
32766,6621,1883,90,100,
32766,6638,1872,95,88,
32766,6644,1874,93,75,
32766,6655,1874,67,74,
32766,6636,1875,46,88,
32766,6653,1882,59,74,
32766,6640,1867,67,78,
32766,6642,1879,82,73,
32766,6659,1878,70,86,
32766,6634,1874,67,90,
32766,6648,1878,77,75,
32766,6652,1890,89,83,
