32766,7447,2383,84,46,
32766,7484,2384,77,57,
32766,7462,2350,83,45,
32766,7471,2370,42,76,
32766,7462,2363,62,104,
32766,7497,2349,59,0,
32766,7472,2358,65,78,
32766,7481,2353,71,41,
32766,7470,2360,65,51,
32766,7485,2349,86,73,
32766,7477,2362,82,71,
32766,7480,2349,72,72,
32766,7467,2367,79,47,
32766,7472,2366,56,61,
32766,7492,2355,0,33,
32766,7476,2340,39,39,
32766,7475,2368,50,43,
32766,7483,2386,53,75,
32766,7502,2371,100,67,
32766,7466,2333,40,24,
32766,7450,2377,76,58,
32766,7459,2363,72,50,
32766,7457,2347,68,51,
32766,7460,2353,62,64,
32766,7472,2344,102,54,
32766,7475,2362,74,72,
32766,7473,2349,55,58,
32766,7490,2353,48,51,
32766,7499,2345,75,39,
32766,7484,2358,51,65,
32766,7478,2367,81,10,
32766,7470,2381,35,72,
32766,7478,2328,65,79,
32766,7473,2378,55,64,
32766,7478,2357,43,44,
32766,7496,2371,43,56,
32766,7490,2342,92,62,
32766,7492,2374,89,66,
32766,7483,2358,63,70,
32766,7489,2381,47,65,
32766,7470,2360,70,82,
32766,7487,2366,61,53,
32766,7487,2374,55,53,
32766,7487,2348,56,69,
32766,7475,2334,77,38,
32766,7493,2363,37,81,
32766,7516,2375,46,72,
32766,7484,2345,38,69,
32766,7508,2350,67,81,
32766,7481,2380,79,83,
32766,7515,2362,35,88,
32766,7467,2344,38,61,
32766,7504,2361,76,41,
32766,7485,2355,68,51,
32766,7493,2361,92,23,
32766,7491,2357,51,53,
32766,7478,2367,37,63,
32766,7480,2369,58,50,
32766,7486,2380,45,40,
32766,7489,2374,80,74,
32766,7500,2352,96,90,
32766,7470,2351,111,0,
32766,7476,2378,90,50,
32766,7499,2367,82,51,
32766,7467,2356,88,28,
32766,7480,2346,9,53,
32766,7495,2377,56,77,
32766,7480,2347,59,32,
32766,7486,2368,64,51,
32766,7483,2372,61,67,
32766,7476,2360,88,44,
32766,7482,2364,83,59,
32766,7489,2361,45,76,
32766,7491,2351,47,49,
32766,7500,2374,94,60,
32766,7522,2356,56,63,
32766,7470,2357,60,45,
32766,7486,2379,115,36,
32766,7487,2367,87,68,
32766,7494,2375,99,91,
32766,7468,2346,31,28,
32766,7506,2345,57,90,
32766,7488,2364,87,51,
32766,7492,2364,57,57,
32766,7477,2342,67,36,
32766,7483,2336,41,57,
32766,7481,2363,44,76,
32766,7486,2373,63,48,
32766,7482,2373,57,71,
32766,7486,2337,81,42,
32766,7490,2351,85,24,
32766,7513,2363,43,75,
32766,7458,2330,41,94,
32766,7479,2350,82,59,
32766,7456,2365,59,75,
32766,7464,2361,50,62,
32766,7500,2324,96,19,
32766,7463,2366,72,60,
32766,7485,2355,53,61,
32766,7468,2372,71,42,
32766,7476,2369,72,27,
32766,7481,2364,61,61,
32766,7483,2348,61,48,
32766,7469,2356,78,57,
32766,7486,2360,66,73,
32766,7472,2354,48,85,
32766,7446,2379,81,33,
32766,7447,2342,56,69,
32766,7478,2386,74,61,
32766,7486,2372,97,40,
32766,7465,2365,84,44,
32766,7484,2354,46,68,
32766,7479,2346,75,88,
32766,7476,2361,43,74,
32766,7486,2361,61,74,
32766,7473,2352,55,59,
32766,7488,2351,42,80,
32766,7464,2376,65,75,
32766,7489,2365,43,50,
32766,7475,2359,48,44,
32766,7489,2340,85,48,
32766,7474,2351,72,46,
32766,7506,2335,24,62,
32766,7453,2327,87,72,
32766,7498,2377,76,45,
32766,7480,2357,36,73,
32766,7431,2371,139,13,
32766,7453,2370,74,84,
32766,7503,2351,88,46,
32766,7482,2350,77,34,
32766,7483,2378,64,72,
32766,7488,2355,81,44,
32766,7481,2364,35,70,
32766,7493,2371,69,75,
32766,7487,2372,58,44,
32766,7470,2371,77,98,
32766,7482,2368,83,86,
32766,7507,2333,83,64,
32766,7486,2367,108,82,
32766,7494,2374,92,50,
32766,7500,2363,66,60,
32766,7485,2350,53,84,
32766,7467,2360,112,0,
32766,7517,2373,84,38,
32766,7490,2357,44,85,
32766,7489,2359,46,54,
32766,7479,2367,56,80,
32766,7481,2360,41,60,
32766,7507,2354,65,45,
32766,7510,2373,64,77,
32766,7502,2352,72,45,
32766,7466,2350,90,45,
32766,7476,2346,37,125,
32766,7474,2382,66,92,
32766,7475,2374,69,57,
32766,7484,2355,70,35,
32766,7471,2386,31,80,
32766,7484,2386,73,71,
32766,7488,2367,72,57,
32766,7475,2375,77,43,
32766,7486,2350,46,74,
32766,7509,2350,75,75,
32766,7483,2363,60,44,
32766,7472,2375,86,58,
32766,7495,2362,68,49,
32766,7469,2378,58,55,
32766,7478,2372,90,46,
32766,7499,2342,44,83,
32766,7473,2383,52,105,
32766,7519,2366,45,58,
32766,7485,2369,70,56,
32766,7538,2328,37,68,
32766,7489,2369,93,20,
32766,7494,2357,49,61,
32766,7501,2355,88,84,
32766,7519,2347,78,76,
32766,7498,2373,55,56,
32766,7493,2365,56,61,
32766,7501,2362,44,43,
32766,7506,2366,75,53,
32766,7502,2339,78,73,
32766,7481,2347,47,64,
32766,7482,2350,81,28,
32766,7476,2364,82,70,
32766,7488,2340,89,38,
32766,7457,2378,91,43,
32766,7489,2360,62,38,
32766,7464,2362,42,68,
32766,7463,2355,27,102,
32766,7508,2350,103,58,
32766,7486,2355,79,69,
32766,7468,2339,68,40,
32766,7490,2355,59,63,
32766,7491,2353,59,47,
32766,7498,2351,64,44,
32766,7478,2358,59,64,
32766,7480,2355,45,49,
32766,7481,2374,118,50,
32766,7479,2373,91,52,
32766,7475,2387,73,28,
32766,7478,2384,39,75,
32766,7510,2346,39,74,
32766,7488,2380,91,69,
32766,7466,2370,48,38,
32766,7517,2392,60,80,
32766,7491,2361,88,43,
32766,7492,2374,67,54,
32766,7499,2353,64,57,
32766,7472,2378,69,58,
32766,7488,2362,64,67,
32766,7483,2356,79,53,
32766,7493,2363,71,54,
32766,7473,2344,46,49,
32766,7481,2372,84,51,
32766,7468,2377,21,94,
32766,7477,2360,59,39,
32766,7506,2355,62,69,
32766,7474,2392,80,49,
32766,7470,2359,100,41,
32766,7532,2358,78,48,
32766,7497,2368,49,43,
32766,7504,2356,55,77,
32766,7496,2380,53,38,
32766,7505,2350,62,65,
32766,7502,2350,64,63,
32766,7513,2358,61,77,
32766,7501,2374,71,71,
32766,7490,2348,100,76,
32766,7496,2341,100,34,
32766,7499,2388,41,77,
32766,7495,2361,87,68,
32766,7470,2360,73,60,
32766,7473,2377,58,76,
32766,7513,2347,25,49,
32766,7485,2349,100,29,
32766,7484,2373,67,54,
32766,7492,2367,72,72,
32766,7521,2355,76,47,
32766,7501,2360,65,51,
32766,7504,2360,55,57,
32766,7478,2362,77,71,
32766,7509,2356,65,77,
32766,7480,2376,48,49,
32766,7505,2334,122,12,
32766,7526,2343,63,105,
32766,7495,2368,55,43,
32766,7505,2350,39,94,
32766,7504,2349,35,61,
32766,7465,2364,20,23,
32766,7497,2379,64,90,
32766,7482,2378,64,74,
32766,7480,2347,55,51,
32766,7486,2365,62,47,
32766,7485,2355,81,67,
32766,7485,2363,44,51,
32766,7502,2352,71,68,
32766,7495,2354,58,59,
32766,7489,2364,26,98,
32766,7498,2340,64,86,
32766,7502,2341,93,58,
32766,7487,2356,51,68,
32766,7505,2362,64,63,
32766,7519,2344,33,71,
32766,7490,2400,120,60,
32766,7523,2375,13,96,
32766,7493,2367,61,54,
32766,7517,2367,87,55,
32766,7490,2362,67,52,
32766,7506,2369,64,50,
32766,7500,2357,66,65,
32766,7504,2375,57,42,
32766,7509,2373,73,45,
32766,7513,2366,65,52,
32766,7495,2365,32,55,
32766,7493,2382,88,35,
32766,7496,2366,52,49,
32766,7488,2371,67,83,
32766,7494,2369,67,56,
32766,7511,2360,43,38,
32766,7498,2355,84,14,
32766,7533,2382,95,50,
32766,7493,2357,75,55,
32766,7488,2378,82,50,
32766,7493,2373,62,56,
32766,7498,2362,86,60,
32766,7488,2362,51,88,
32766,7491,2366,58,29,
32766,7485,2363,75,85,
32766,7507,2384,54,57,
32766,7507,2347,81,19,
32766,7479,2352,68,94,
32766,7518,2362,21,104,
32766,7518,2368,45,67,
32766,7509,2378,83,49,
32766,7517,2342,66,62,
32766,7518,2379,45,83,
32766,7501,2368,44,61,
32766,7497,2370,69,54,
32766,7500,2357,60,58,
32766,7492,2377,72,63,
32766,7510,2355,65,55,
32766,7496,2372,54,44,
32766,7508,2366,77,58,
32766,7484,2364,83,62,
32766,7494,2369,74,87,
32766,7475,2385,69,45,
32766,7507,2373,62,44,
32766,7504,2409,83,42,
32766,7488,2361,92,8,
32766,7494,2365,36,73,
32766,7523,2351,91,29,
32766,7515,2367,68,59,
32766,7494,2368,52,55,
32766,7525,2361,64,88,
32766,7512,2361,72,66,
32766,7509,2372,61,58,
32766,7503,2362,37,70,
32766,7496,2359,64,20,
32766,7489,2362,76,56,
32766,7501,2363,82,50,
32766,7488,2366,75,58,
32766,7504,2354,49,43,
32766,7508,2374,63,96,
32766,7494,2351,63,71,
32766,7517,2368,54,66,
32766,7541,2354,63,89,
32766,7510,2336,24,62,
32766,7481,2368,50,65,
32766,7493,2352,68,48,
32766,7520,2361,84,51,
32766,7508,2360,72,42,
32766,7503,2371,66,74,
32766,7509,2365,68,59,
32766,7501,2357,52,69,
32766,7493,2352,48,60,
32766,7513,2372,42,53,
32766,7516,2366,76,88,
32766,7504,2356,41,49,
32766,7517,2360,35,58,
32766,7516,2391,86,37,
32766,7499,2366,52,68,
32766,7529,2354,118,37,
32766,7501,2377,51,67,
32766,7506,2370,54,63,
32766,7491,2368,80,28,
32766,7497,2360,90,26,
32766,7505,2353,61,47,
32766,7500,2377,67,63,
32766,7522,2370,70,33,
32766,7515,2365,16,71,
32766,7503,2377,72,93,
32766,7527,2350,70,40,
32766,7523,2372,53,70,
32766,7530,2351,99,67,
32766,7518,2363,39,58,
32766,7487,2384,75,47,
32766,7524,2356,70,54,
32766,7504,2362,49,56,
32766,7514,2366,60,52,
32766,7515,2351,86,46,
32766,7504,2359,67,62,
32766,7489,2349,56,56,
32766,7500,2346,71,73,
32766,7513,2366,78,62,
32766,7489,2363,72,54,
32766,7517,2347,64,51,
32766,7518,2321,53,70,
32766,7494,2357,87,76,
32766,7508,2370,80,20,
32766,7510,2335,57,36,
32766,7476,2377,76,44,
32766,7521,2357,80,91,
32766,7513,2364,78,67,
32766,7514,2365,30,53,
32766,7495,2366,55,61,
32766,7505,2352,67,60,
32766,7523,2361,78,65,
32766,7504,2353,63,87,
32766,7510,2350,71,49,
32766,7500,2367,79,48,
32766,7476,2366,30,35,
32766,7525,2366,78,31,
32766,7525,2341,66,76,
32766,7531,2369,79,69,
32766,7507,2358,50,52,
32766,7512,2387,95,102,
32766,7495,2327,57,43,
32766,7505,2352,99,44,
32766,7486,2361,55,36,
32766,7502,2348,66,82,
32766,7499,2377,63,62,
32766,7489,2371,46,29,
32766,7498,2364,53,71,
32766,7503,2350,63,57,
32766,7493,2375,39,98,
32766,7501,2355,33,58,
32766,7520,2340,76,77,
32766,7466,2375,34,72,
32766,7487,2376,78,71,
32766,7501,2379,64,59,
32766,7503,2363,74,53,
32766,7498,2363,95,61,
32766,7465,2378,55,113,
32766,7515,2345,66,72,
32766,7486,2353,75,50,
32766,7490,2345,61,37,
32766,7509,2341,86,68,
32766,7492,2354,53,57,
32766,7496,2345,45,62,
32766,7502,2373,53,74,
32766,7492,2356,69,50,
32766,7479,2343,93,74,
32766,7496,2373,23,77,
32766,7516,2336,65,87,
32766,7521,2356,85,69,
32766,7510,2355,94,85,
32766,7495,2356,14,44,
32766,7510,2358,66,60,
32766,7481,2374,90,75,
32766,7505,2365,65,58,
32766,7514,2367,67,59,
32766,7518,2357,72,78,
32766,7509,2369,56,74,
32766,7522,2360,65,64,
32766,7493,2350,74,53,
32766,7496,2369,55,43,
32766,7509,2324,53,80,
32766,7514,2379,70,58,
32766,7491,2375,57,117,
32766,7523,2365,35,48,
32766,7507,2383,95,71,
32766,7491,2337,84,30,
32766,7491,2395,62,56,
32766,7516,2370,77,61,
32766,7504,2353,65,52,
32766,7498,2348,41,69,
32766,7506,2370,35,44,
32766,7482,2373,74,55,
32766,7496,2373,75,67,
32766,7497,2352,93,52,
32766,7514,2362,94,57,
32766,7520,2352,58,55,
32766,7506,2376,96,21,
32766,7521,2356,77,57,
32766,7507,2382,21,94,
32766,7497,2369,15,97,
32766,7521,2349,56,74,
32766,7496,2340,48,61,
32766,7515,2376,44,100,
32766,7495,2354,76,54,
32766,7514,2364,51,60,
32766,7518,2343,83,52,
32766,7501,2342,63,47,
32766,7506,2377,57,43,
32766,7510,2371,61,48,
32766,7501,2358,69,49,
32766,7511,2350,61,66,
32766,7512,2378,53,46,
32766,7550,2337,79,67,
32766,7474,2352,29,83,
32766,7480,2369,77,71,
32766,7482,2363,56,60,
32766,7522,2361,75,51,
32766,7524,2367,36,85,
32766,7502,2356,70,69,
32766,7515,2357,41,96,
32766,7496,2351,57,52,
32766,7510,2371,41,82,
32766,7492,2372,51,59,
32766,7506,2382,70,53,
32766,7532,2346,52,58,
32766,7509,2351,69,49,
32766,7499,2355,80,42,
32766,7512,2352,57,48,
32766,7503,2376,47,35,
32766,7496,2353,79,55,
32766,7501,2365,50,32,
32766,7492,2334,41,69,
32766,7508,2361,92,4,
32766,7498,2363,79,65,
32766,7517,2357,92,58,
32766,7494,2353,79,47,
32766,7509,2374,67,74,
32766,7495,2361,34,65,
32766,7508,2364,86,39,
32766,7502,2362,83,73,
32766,7521,2347,51,52,
32766,7488,2374,63,59,
32766,7492,2345,103,52,
32766,7513,2373,42,58,
32766,7492,2358,96,61,
32766,7522,2350,85,61,
32766,7516,2337,0,72,
32766,7571,2348,97,68,
32766,7519,2344,67,52,
32766,7510,2357,43,61,
32766,7510,2365,57,73,
32766,7492,2362,71,73,
32766,7523,2359,54,53,
32766,7519,2378,39,59,
32766,7530,2362,78,56,
32766,7500,2389,64,67,
32766,7519,2366,64,61,
32766,7524,2368,110,40,
32766,7535,2323,19,47,
32766,7503,2377,46,81,
32766,7520,2371,61,68,
32766,7497,2364,75,38,
32766,7521,2392,64,58,
32766,7532,2373,84,74,
32766,7525,2368,46,52,
32766,7528,2367,55,78,
32766,7503,2353,49,64,
32766,7518,2351,81,49,
32766,7523,2355,52,51,
32766,7515,2371,80,49,
32766,7512,2373,78,57,
32766,7503,2360,65,49,
32766,7504,2390,86,66,
32766,7540,2326,19,80,
32766,7535,2359,60,58,
32766,7531,2350,73,92,
32766,7501,2392,87,82,
32766,7498,2350,82,0,
32766,7549,2388,78,136,
32766,7530,2353,57,42,
32766,7529,2362,25,87,
32766,7531,2368,67,32,
32766,7536,2374,70,57,
32766,7536,2357,71,60,
32766,7520,2362,73,68,
32766,7501,2354,76,42,
32766,7517,2350,88,94,
32766,7533,2361,33,72,
32766,7516,2353,91,59,
32766,7511,2400,77,49,
32766,7495,2343,64,44,
32766,7517,2348,49,59,
32766,7503,2353,86,20,
32766,7476,2401,109,32,
32766,7520,2349,85,75,
32766,7534,2356,64,59,
32766,7506,2363,47,47,
32766,7511,2348,62,42,
32766,7501,2360,55,39,
32766,7506,2363,80,52,
32766,7526,2344,49,52,
32766,7509,2373,58,54,
32766,7506,2355,81,43,
32766,7511,2344,24,88,
32766,7499,2388,84,58,
32766,7513,2336,27,104,
32766,7510,2343,86,39,
32766,7517,2308,51,16,
32766,7490,2368,104,39,
32766,7507,2378,58,36,
32766,7524,2359,70,57,
32766,7504,2355,72,51,
32766,7508,2364,70,69,
32766,7520,2358,78,37,
32766,7510,2364,50,53,
32766,7504,2374,40,71,
32766,7513,2360,80,57,
32766,7538,2380,43,63,
32766,7552,2350,63,98,
32766,7549,2360,20,109,
32766,7518,2350,57,43,
32766,7530,2361,52,76,
32766,7507,2349,51,81,
32766,7523,2369,92,41,
32766,7518,2377,44,118,
32766,7517,2364,68,58,
32766,7513,2358,71,48,
32766,7546,2363,64,46,
32766,7508,2373,69,61,
32766,7521,2363,70,53,
32766,7524,2353,57,40,
32766,7531,2338,87,45,
32766,7499,2370,34,47,
32766,7509,2339,74,91,
32766,7533,2347,6,91,
32766,7528,2353,88,44,
32766,7527,2365,89,28,
32766,7526,2340,33,82,
32766,7502,2344,3,70,
32766,7544,2368,89,42,
32766,7522,2370,59,63,
32766,7530,2351,67,39,
32766,7516,2341,52,40,
32766,7513,2358,49,71,
32766,7526,2354,73,44,
32766,7497,2365,95,57,
32766,7524,2372,74,54,
32766,7502,2363,51,98,
32766,7507,2358,77,49,
32766,7520,2359,73,34,
32766,7494,2336,49,73,
32766,7522,2349,50,55,
32766,7518,2346,64,49,
32766,7496,2367,52,65,
32766,7509,2336,95,28,
32766,7493,2344,42,70,
32766,7504,2357,74,71,
32766,7492,2360,52,49,
32766,7513,2353,53,57,
32766,7512,2357,61,48,
32766,7487,2338,45,52,
32766,7522,2337,62,55,
32766,7510,2362,108,0,
32766,7484,2382,34,72,
32766,7514,2347,66,56,
32766,7459,2370,79,69,
32766,7478,2355,72,62,
32766,7516,2348,59,59,
32766,7483,2360,44,24,
32766,7528,2326,62,65,
32766,7479,2357,54,50,
32766,7488,2358,86,75,
32766,7513,2332,59,60,
32766,7511,2337,76,60,
32766,7504,2358,44,66,
32766,7515,2361,63,55,
32766,7507,2350,77,34,
32766,7517,2349,34,35,
32766,7514,2357,68,51,
32766,7483,2370,117,38,
32766,7526,2336,73,32,
32766,7484,2373,67,27,
32766,7508,2360,65,56,
32766,7492,2377,151,31,
32766,7496,2322,2,14,
32766,7478,2363,73,28,
32766,7504,2339,84,53,
32766,7490,2368,58,73,
32766,7489,2361,62,68,
32766,7487,2334,62,58,
32766,7498,2337,42,44,
32766,7482,2360,40,60,
32766,7505,2342,52,49,
32766,7493,2350,85,26,
32766,7480,2347,78,34,
32766,7506,2335,19,61,
32766,7499,2345,73,39,
32766,7486,2343,71,55,
32766,7457,2367,80,52,
32766,7476,2338,34,62,
32766,7469,2344,45,55,
32766,7484,2346,77,57,
32766,7493,2356,92,45,
32766,7479,2354,48,67,
32766,7495,2353,43,48,
32766,7475,2354,57,64,
32766,7486,2339,59,70,
32766,7479,2333,54,64,
32766,7489,2350,63,73,
32766,7499,2359,68,57,
32766,7485,2336,83,47,
32766,7474,2369,33,85,
32766,7491,2319,35,64,
32766,7484,2351,41,44,
32766,7506,2312,0,18,
32766,7484,2356,81,79,
32766,7494,2357,76,85,
32766,7489,2331,59,53,
32766,7497,2356,64,63,
32766,7484,2344,63,43,
32766,7470,2341,69,87,
32766,7483,2338,65,61,
32766,7482,2338,66,56,
32766,7477,2360,61,46,
32766,7489,2377,67,69,
32766,7478,2316,106,74,
32766,7482,2361,57,49,
32766,7467,2359,51,54,
32766,7481,2352,90,80,
32766,7456,2367,119,43,
32766,7495,2330,87,8,
32766,7454,2344,91,86,
32766,7477,2345,77,36,
32766,7478,2350,47,67,
32766,7489,2372,79,46,
32766,7485,2358,39,48,
32766,7485,2340,93,46,
32766,7481,2354,32,50,
32766,7497,2369,39,69,
32766,7476,2338,55,81,
32766,7492,2372,40,47,
32766,7453,2341,93,14,
32766,7515,2350,75,69,
32766,7479,2345,38,56,
32766,7489,2332,83,58,
32766,7476,2336,45,76,
32766,7474,2359,67,85,
32766,7493,2333,87,50,
32766,7471,2354,39,76,
32766,7468,2347,69,74,
32766,7499,2340,80,27,
32766,7492,2344,79,43,
32766,7490,2346,88,80,
32766,7490,2327,78,45,
32766,7467,2335,97,57,
32766,7470,2349,36,109,
32766,7499,2345,100,46,
32766,7496,2323,33,40,
32766,7478,2326,85,45,
32766,7477,2294,50,49,
32766,7461,2383,99,100,
32766,7487,2340,86,83,
32766,7475,2353,57,74,
32766,7472,2349,44,53,
32766,7489,2335,80,46,
32766,7469,2339,59,49,
32766,7478,2358,63,65,
32766,7484,2335,62,77,
32766,7479,2334,60,59,
32766,7494,2343,119,46,
32766,7478,2356,90,43,
32766,7497,2351,68,9,
32766,7473,2324,47,80,
32766,7484,2316,62,39,
32766,7484,2353,88,81,
32766,7453,2352,75,14,
32766,7486,2339,43,57,
32766,7466,2378,48,62,
32766,7480,2349,55,58,
32766,7468,2346,56,70,
32766,7455,2334,73,57,
32766,7485,2329,59,59,
32766,7464,2344,55,41,
32766,7475,2338,84,61,
32766,7472,2358,61,82,
32766,7469,2338,67,47,
32766,7493,2326,102,66,
32766,7491,2343,12,37,
32766,7474,2324,78,70,
32766,7482,2330,46,60,
32766,7456,2324,46,26,
32766,7476,2375,109,64,
32766,7460,2361,62,91,
32766,7471,2328,67,75,
32766,7469,2354,65,33,
32766,7473,2351,64,58,
32766,7474,2348,85,44,
32766,7484,2362,48,85,
32766,7474,2352,64,70,
32766,7491,2333,90,76,
32766,7503,2330,74,51,
32766,7498,2324,88,76,
32766,7466,2330,37,65,
32766,7446,2359,52,77,
32766,7467,2342,115,42,
32766,7502,2340,64,99,
32766,7458,2345,99,38,
32766,7461,2366,58,25,
32766,7495,2338,62,76,
32766,7482,2357,68,58,
32766,7455,2365,49,38,
32766,7464,2351,60,49,
32766,7474,2336,68,49,
32766,7462,2344,72,67,
32766,7466,2327,61,53,
32766,7489,2320,77,79,
32766,7479,2327,59,88,
32766,7487,2329,82,21,
32766,7451,2365,38,85,
32766,7462,2355,50,64,
32766,7487,2357,66,38,
32766,7512,2362,85,81,
32766,7459,2350,73,39,
32766,7476,2337,62,57,
32766,7483,2354,66,77,
32766,7484,2339,58,46,
32766,7482,2326,55,62,
32766,7454,2348,77,47,
32766,7483,2342,58,41,
32766,7471,2353,94,38,
32766,7492,2321,37,44,
32766,7497,2362,35,54,
32766,7468,2373,56,79,
32766,7499,2339,21,79,
32766,7515,2333,27,73,
32766,7493,2333,50,47,
32766,7508,2358,80,82,
32766,7490,2358,50,44,
32766,7489,2355,70,58,
32766,7482,2361,58,65,
32766,7487,2335,45,70,
32766,7479,2339,46,78,
32766,7478,2351,66,48,
32766,7475,2345,72,47,
32766,7461,2349,50,84,
32766,7468,2358,53,71,
32766,7473,2345,97,53,
32766,7472,2342,54,69,
32766,7492,2316,48,48,
32766,7462,2352,69,39,
32766,7487,2334,31,71,
32766,7519,2326,38,44,
32766,7488,2359,79,61,
32766,7487,2355,70,54,
32766,7471,2353,75,58,
32766,7480,2360,63,37,
32766,7492,2338,64,67,
32766,7492,2354,72,61,
32766,7472,2340,47,57,
32766,7486,2352,59,44,
32766,7501,2365,53,56,
32766,7526,2333,87,74,
32766,7485,2312,21,121,
32766,7499,2328,68,16,
32766,7483,2325,32,53,
32766,7487,2331,0,39,
32766,7510,2335,54,10,
32766,7492,2352,34,64,
32766,7464,2355,42,48,
32766,7482,2354,64,78,
32766,7471,2351,49,54,
32766,7492,2343,31,94,
32766,7472,2351,80,61,
32766,7510,2350,53,48,
32766,7489,2362,88,33,
32766,7491,2317,68,90,
32766,7508,2352,74,35,
32766,7490,2338,73,48,
32766,7465,2337,59,18,
32766,7477,2354,89,37,
32766,7483,2368,72,74,
32766,7474,2379,96,87,
32766,7486,2324,0,112,
32766,7502,2360,81,57,
32766,7508,2358,68,59,
32766,7493,2348,61,57,
32766,7484,2353,71,48,
32766,7496,2330,54,49,
32766,7466,2339,69,75,
32766,7481,2329,66,51,
32766,7466,2340,64,68,
32766,7477,2335,125,49,
32766,7486,2313,62,127,
32766,7467,2372,87,48,
32766,7518,2334,67,70,
32766,7495,2357,56,28,
32766,7494,2326,71,42,
32766,7518,2357,49,83,
32766,7495,2332,61,54,
32766,7477,2345,66,69,
32766,7481,2346,64,48,
32766,7480,2345,66,101,
32766,7492,2350,54,81,
32766,7493,2343,65,63,
32766,7483,2330,50,36,
32766,7487,2347,89,59,
32766,7493,2347,48,58,
32766,7482,2376,78,55,
32766,7493,2345,86,37,
32766,7479,2364,118,29,
32766,7477,2347,51,34,
32766,7525,2350,80,59,
32766,7462,2341,90,0,
32766,7490,2342,49,30,
32766,7502,2353,67,28,
32766,7484,2344,38,52,
32766,7482,2334,59,46,
32766,7502,2344,78,58,
32766,7495,2336,69,73,
32766,7481,2329,70,67,
32766,7476,2352,49,60,
32766,7478,2362,69,31,
32766,7507,2330,119,95,
32766,7448,2352,29,101,
32766,7510,2313,54,61,
32766,7507,2323,33,62,
32766,7494,2341,85,83,
32766,7490,2332,39,42,
32766,7486,2341,33,35,
32766,7494,2354,84,39,
32766,7494,2349,83,66,
32766,7488,2356,68,33,
32766,7493,2355,57,76,
32766,7484,2364,48,29,
32766,7487,2346,80,62,
32766,7501,2361,92,42,
32766,7502,2347,52,58,
32766,7486,2370,66,68,
32766,7482,2396,45,47,
32766,7494,2303,76,84,
32766,7509,2353,84,67,
32766,7494,2350,74,42,
32766,7502,2360,98,72,
32766,7505,2355,72,73,
32766,7497,2329,23,88,
32766,7488,2342,82,57,
32766,7481,2336,64,53,
32766,7488,2337,61,94,
32766,7490,2339,83,64,
32766,7503,2361,53,51,
32766,7504,2338,89,45,
32766,7514,2355,58,54,
32766,7515,2328,89,63,
32766,7536,2335,69,35,
32766,7489,2368,35,60,
32766,7536,2341,99,32,
32766,7509,2333,68,52,
32766,7488,2318,103,32,
32766,7484,2319,63,34,
32766,7524,2369,38,62,
32766,7495,2329,85,43,
32766,7497,2345,49,59,
32766,7490,2342,60,48,
32766,7498,2339,68,64,
32766,7503,2347,63,29,
32766,7500,2334,63,42,
32766,7507,2342,73,60,
32766,7499,2322,79,47,
32766,7516,2336,48,90,
32766,7485,2321,78,41,
32766,7499,2368,88,54,
32766,7500,2350,79,46,
32766,7478,2356,68,63,
32766,7516,2329,82,52,
32766,7482,2341,69,49,
32766,7487,2343,73,73,
32766,7513,2359,71,72,
32766,7511,2328,68,55,
32766,7493,2348,46,56,
32766,7481,2339,46,75,
32766,7512,2345,48,67,
32766,7514,2338,70,67,
32766,7493,2361,55,49,
32766,7491,2353,84,72,
32766,7494,2356,35,63,
32766,7502,2320,30,121,
32766,7527,2332,64,71,
32766,7509,2337,110,56,
32766,7481,2359,36,93,
32766,7563,2325,27,81,
32766,7492,2344,79,65,
32766,7516,2349,63,66,
32766,7499,2325,72,53,
32766,7510,2343,40,80,
32766,7500,2325,63,42,
32766,7506,2359,69,63,
32766,7518,2348,62,53,
32766,7518,2374,66,60,
32766,7501,2378,42,66,
32766,7506,2328,117,51,
32766,7491,2373,55,77,
32766,7530,2354,52,90,
32766,7542,2338,77,70,
32766,7541,2349,73,87,
32766,7491,2356,64,27,
32766,7515,2350,45,84,
32766,7499,2350,66,42,
32766,7510,2343,54,65,
32766,7506,2329,66,57,
32766,7516,2328,42,41,
32766,7520,2358,65,41,
32766,7510,2329,61,87,
32766,7503,2337,72,26,
32766,7498,2357,64,57,
32766,7505,2375,74,26,
32766,7441,2343,21,114,
32766,7516,2340,53,80,
32766,7507,2352,69,80,
32766,7495,2326,115,68,
32766,7495,2336,33,32,
32766,7485,2340,60,38,
32766,7472,2321,45,72,
32766,7475,2342,67,40,
32766,7488,2343,54,53,
32766,7487,2340,76,74,
32766,7487,2334,82,51,
32766,7469,2347,66,74,
32766,7480,2332,46,54,
32766,7478,2300,78,70,
32766,7495,2349,8,97,
32766,7497,2324,114,1,
32766,7488,2370,47,78,
32766,7490,2357,70,80,
32766,7496,2346,24,78,
32766,7475,2346,98,52,
32766,7515,2338,40,97,
32766,7476,2342,91,48,
32766,7494,2336,63,71,
32766,7500,2328,62,55,
32766,7479,2337,67,63,
32766,7472,2354,52,66,
32766,7493,2347,68,57,
32766,7482,2337,58,94,
32766,7505,2318,70,55,
32766,7502,2368,43,54,
32766,7504,2339,101,68,
32766,7468,2329,59,39,
32766,7478,2313,47,32,
32766,7504,2291,24,33,
32766,7494,2383,88,46,
32766,7508,2346,40,37,
32766,7490,2335,65,59,
32766,7505,2330,61,52,
32766,7500,2341,59,34,
32766,7480,2334,67,51,
32766,7493,2339,61,53,
32766,7500,2341,69,55,
32766,7521,2346,58,61,
32766,7500,2338,47,52,
32766,7513,2322,59,88,
32766,7486,2350,61,109,
32766,7518,2311,47,86,
32766,7487,2362,62,76,
32766,7465,2359,84,50,
32766,7522,2312,39,46,
32766,7475,2341,75,88,
32766,7498,2335,63,76,
32766,7524,2319,78,51,
32766,7502,2333,61,41,
32766,7490,2335,80,50,
32766,7505,2359,52,45,
32766,7483,2337,70,34,
32766,7509,2344,52,43,
32766,7482,2360,79,24,
32766,7502,2314,50,48,
32766,7495,2368,40,75,
32766,7480,2365,131,21,
32766,7504,2336,103,66,
32766,7481,2364,86,68,
32766,7476,2320,110,28,
32766,7498,2351,83,152,
32766,7488,2344,48,69,
32766,7497,2336,55,63,
32766,7505,2342,61,50,
32766,7495,2359,68,39,
32766,7495,2334,50,56,
32766,7501,2336,74,63,
32766,7488,2336,61,56,
32766,7503,2326,59,41,
32766,7510,2363,35,48,
32766,7473,2360,71,74,
32766,7495,2321,75,27,
32766,7503,2357,77,30,
32766,7494,2347,71,77,
32766,7478,2349,52,53,
32766,7525,2361,42,105,
32766,7496,2338,40,73,
32766,7516,2344,60,49,
32766,7516,2350,72,62,
32766,7514,2336,73,68,
32766,7517,2335,74,64,
32766,7517,2336,45,62,
32766,7492,2333,55,52,
32766,7515,2337,38,54,
32766,7496,2333,75,75,
32766,7519,2344,83,63,
32766,7490,2317,86,48,
32766,7495,2342,67,70,
32766,7500,2351,88,69,
32766,7502,2342,91,45,
32766,7513,2326,94,33,
32766,7498,2341,40,55,
32766,7498,2339,72,78,
32766,7516,2330,35,74,
32766,7495,2333,57,67,
32766,7504,2340,57,50,
32766,7521,2344,61,32,
32766,7498,2350,36,76,
32766,7519,2336,83,52,
32766,7515,2312,76,78,
32766,7497,2344,18,36,
32766,7554,2333,112,15,
32766,7501,2369,80,36,
32766,7501,2356,79,48,
32766,7515,2334,97,43,
32766,7500,2349,4,14,
32766,7514,2315,100,57,
32766,7509,2341,64,48,
32766,7510,2343,75,62,
32766,7495,2334,68,44,
32766,7506,2348,65,59,
32766,7523,2367,40,49,
32766,7507,2348,89,51,
32766,7523,2351,55,47,
32766,7516,2342,83,47,
32766,7512,2328,83,47,
32766,7509,2356,9,55,
32766,7507,2328,88,24,
32766,7521,2332,65,57,
32766,7521,2358,50,60,
32766,7509,2336,40,74,
32766,7500,2338,52,40,
32766,7507,2354,76,25,
32766,7512,2320,74,52,
32766,7509,2360,106,55,
32766,7523,2360,62,72,
32766,7525,2358,52,28,
32766,7530,2340,77,91,
32766,7501,2376,62,48,
32766,7508,2338,72,16,
32766,7505,2375,79,31,
32766,7534,2318,122,8,
32766,7526,2338,117,48,
32766,7526,2328,77,41,
32766,7532,2334,60,63,
32766,7544,2346,81,82,
32766,7494,2351,58,12,
32766,7547,2340,53,55,
32766,7511,2355,64,23,
32766,7529,2350,69,47,
32766,7526,2357,64,48,
32766,7536,2331,72,64,
32766,7539,2349,76,32,
32766,7538,2352,62,35,
32766,7533,2342,48,53,
32766,7535,2339,86,66,
32766,7521,2326,76,59,
32766,7514,2354,39,45,
32766,7516,2353,76,52,
32766,7533,2335,96,95,
32766,7500,2375,73,56,
32766,7539,2332,68,73,
32766,7536,2335,49,90,
32766,7517,2341,53,65,
32766,7533,2329,66,63,
32766,7523,2326,35,31,
32766,7524,2355,50,56,
32766,7540,2344,51,74,
32766,7517,2336,64,73,
32766,7509,2348,67,52,
32766,7533,2352,49,58,
32766,7505,2349,78,68,
32766,7525,2348,47,52,
32766,7512,2338,97,52,
32766,7540,2328,88,27,
32766,7533,2360,70,82,
32766,7510,2349,38,35,
32766,7545,2332,47,67,
32766,7511,2332,78,70,
32766,7508,2360,77,44,
32766,7526,2344,63,50,
32766,7523,2368,94,42,
32766,7527,2345,88,57,
32766,7524,2346,65,44,
32766,7508,2347,55,45,
32766,7533,2350,63,47,
32766,7532,2356,85,32,
32766,7567,2322,73,41,
32766,7524,2336,78,58,
32766,7525,2342,47,36,
32766,7510,2325,32,44,
32766,7486,2367,99,12,
32766,7539,2365,34,62,
32766,7512,2342,83,45,
32766,7524,2358,84,51,
32766,7527,2348,83,58,
32766,7513,2356,62,59,
32766,7518,2345,72,43,
32766,7520,2344,59,78,
32766,7537,2344,59,33,
32766,7538,2359,46,27,
32766,7505,2341,36,55,
32766,7524,2352,42,73,
32766,7530,2333,67,77,
32766,7514,2368,85,80,
32766,7510,2371,99,62,
32766,7499,2323,61,37,
32766,7531,2318,35,55,
32766,7497,2359,65,52,
32766,7509,2339,81,29,
32766,7519,2348,69,77,
32766,7516,2343,39,64,
32766,7498,2382,46,31,
32766,7531,2341,77,67,
32766,7523,2346,58,56,
32766,7521,2361,65,37,
32766,7508,2325,36,71,
32766,7506,2351,69,13,
32766,7551,2340,64,60,
32766,7499,2369,64,63,
32766,7508,2353,73,78,
32766,7527,2341,84,35,
32766,7518,2341,41,41,
32766,7530,2336,80,68,
32766,7512,2337,64,71,
32766,7538,2354,85,46,
32766,7517,2346,69,52,
32766,7513,2339,79,77,
32766,7522,2347,52,81,
32766,7543,2346,66,49,
32766,7538,2351,49,61,
32766,7521,2346,41,36,
32766,7509,2329,39,96,
32766,7535,2332,76,46,
32766,7519,2339,67,55,
32766,7522,2354,81,41,
32766,7558,2317,49,2,
32766,7542,2332,60,69,
32766,7530,2337,36,64,
32766,7518,2341,75,67,
32766,7524,2350,99,38,
32766,7538,2339,68,59,
32766,7543,2343,67,55,
32766,7528,2343,76,51,
32766,7511,2353,74,78,
32766,7538,2355,81,48,
32766,7539,2359,63,45,
32766,7523,2356,87,13,
32766,7538,2326,21,41,
32766,7515,2366,66,65,
32766,7516,2346,70,29,
32766,7511,2344,79,28,
32766,7524,2337,54,59,
32766,7532,2339,95,24,
32766,7532,2331,71,50,
32766,7513,2329,75,44,
32766,7523,2339,68,44,
32766,7509,2353,48,54,
32766,7532,2342,70,57,
32766,7536,2342,49,75,
32766,7505,2348,73,56,
32766,7519,2343,75,55,
32766,7519,2345,70,66,
32766,7541,2309,49,75,
32766,7527,2335,84,65,
32766,7512,2339,70,45,
32766,7495,2345,78,53,
32766,7493,2337,26,29,
32766,7491,2344,80,31,
32766,7531,2338,53,74,
32766,7517,2334,66,72,
32766,7517,2340,64,48,
32766,7516,2349,65,29,
32766,7511,2349,63,58,
32766,7514,2352,51,51,
32766,7532,2317,78,72,
32766,7511,2337,91,81,
32766,7541,2321,54,50,
32766,7544,2328,17,87,
32766,7476,2368,78,26,
32766,7529,2324,48,77,
32766,7506,2332,95,40,
32766,7501,2355,62,85,
32766,7504,2352,17,57,
32766,7530,2341,62,50,
32766,7517,2333,58,70,
32766,7529,2334,71,61,
32766,7517,2343,37,57,
32766,7529,2328,84,35,
32766,7535,2349,60,63,
32766,7521,2340,65,37,
32766,7510,2324,67,51,
32766,7528,2345,77,45,
32766,7537,2349,68,53,
32766,7479,2340,94,53,
32766,7523,2345,83,66,
32766,7531,2345,66,63,
32766,7502,2364,102,62,
32766,7505,2327,27,19,
32766,7527,2357,60,60,
32766,7527,2330,44,30,
32766,7508,2338,65,43,
32766,7532,2349,80,53,
32766,7518,2354,55,61,
32766,7538,2332,69,74,
32766,7525,2353,68,48,
32766,7530,2343,69,69,
32766,7514,2325,34,76,
32766,7537,2332,87,68,
32766,7536,2314,38,48,
32766,7527,2298,71,51,
32766,7513,2328,42,52,
32766,7525,2351,48,70,
32766,7529,2345,105,67,
32766,7542,2318,58,45,
32766,7521,2343,73,42,
32766,7523,2336,84,81,
32766,7517,2352,69,88,
32766,7515,2339,49,62,
32766,7518,2344,81,69,
32766,7520,2345,61,47,
32766,7511,2350,64,62,
32766,7553,2346,66,46,
32766,7529,2344,52,52,
32766,7509,2347,28,58,
32766,7502,2354,55,40,
32766,7534,2348,78,62,
32766,7510,2362,70,125,
32766,7502,2359,71,35,
32766,7519,2342,73,82,
32766,7567,2356,52,73,
32766,7521,2340,64,69,
32766,7522,2352,59,47,
32766,7515,2352,52,50,
32766,7508,2341,76,71,
32766,7526,2338,69,60,
32766,7532,2347,77,58,
32766,7527,2367,89,60,
32766,7524,2332,27,60,
32766,7518,2364,84,29,
32766,7520,2345,24,72,
32766,7507,2346,68,58,
32766,7538,2339,44,62,
32766,7495,2351,95,58,
32766,7507,2341,56,117,
32766,7510,2351,88,79,
32766,7507,2343,51,57,
32766,7512,2339,92,33,
32766,7523,2327,62,63,
32766,7516,2326,54,61,
32766,7498,2352,62,62,
32766,7517,2332,63,73,
32766,7519,2354,71,48,
32766,7490,2332,97,49,
32766,7525,2322,78,23,
32766,7497,2342,89,21,
32766,7484,2373,51,58,
32766,7480,2357,48,55,
32766,7510,2301,49,0,
32766,7481,2349,77,77,
32766,7516,2331,51,45,
32766,7513,2341,72,58,
32766,7504,2342,55,47,
32766,7492,2324,65,60,
32766,7477,2323,64,57,
32766,7504,2333,73,54,
32766,7505,2339,51,89,
32766,7500,2342,43,44,
32766,7503,2338,54,19,
32766,7511,2332,62,64,
32766,7508,2342,0,68,
32766,7471,2345,47,38,
32766,7503,2345,56,78,
32766,7479,2350,80,34,
32766,7514,2285,50,43,
32766,7508,2333,166,0,
32766,7507,2336,56,50,
32766,7494,2325,68,40,
32766,7501,2326,79,56,
32766,7481,2332,69,96,
32766,7490,2332,62,39,
32766,7505,2334,76,58,
32766,7506,2327,65,55,
32766,7515,2326,53,63,
32766,7502,2345,51,47,
32766,7466,2335,62,69,
32766,7498,2306,39,84,
32766,7509,2318,32,99,
32766,7495,2368,81,73,
32766,7465,2316,46,44,
32766,7488,2346,70,80,
32766,7496,2316,41,47,
32766,7508,2311,68,51,
32766,7488,2327,62,62,
32766,7498,2330,73,51,
32766,7483,2323,81,42,
32766,7502,2342,47,45,
32766,7491,2351,62,53,
32766,7504,2352,46,64,
32766,7533,2323,85,53,
32766,7456,2358,52,41,
32766,7496,2325,58,73,
32766,7484,2335,86,77,
32766,7477,2336,98,55,
32766,7507,2302,45,32,
32766,7491,2336,43,47,
32766,7511,2326,60,53,
32766,7498,2336,74,56,
32766,7503,2335,75,68,
32766,7502,2310,75,45,
32766,7500,2338,67,50,
32766,7488,2313,81,78,
32766,7502,2338,78,52,
32766,7494,2316,38,51,
32766,7505,2324,45,52,
32766,7502,2339,64,54,
32766,7485,2338,56,94,
32766,7521,2323,28,76,
32766,7504,2326,28,83,
32766,7537,2366,60,143,
32766,7517,2310,41,44,
32766,7522,2352,102,68,
32766,7506,2338,68,64,
32766,7508,2328,75,71,
32766,7501,2331,78,76,
32766,7502,2334,68,48,
32766,7515,2342,71,57,
32766,7506,2343,62,39,
32766,7507,2331,80,57,
32766,7492,2356,33,36,
32766,7528,2330,47,50,
32766,7491,2325,66,58,
32766,7487,2337,65,50,
32766,7514,2331,92,63,
32766,7491,2329,98,52,
32766,7513,2286,28,27,
32766,7508,2332,86,42,
32766,7486,2331,65,68,
32766,7493,2332,60,45,
32766,7494,2330,92,48,
32766,7516,2337,63,68,
32766,7496,2339,51,62,
32766,7505,2321,81,50,
32766,7506,2345,70,62,
32766,7512,2341,53,58,
32766,7495,2351,82,53,
32766,7529,2315,107,28,
32766,7482,2351,65,16,
32766,7493,2330,39,24,
32766,7505,2330,61,62,
32766,7470,2348,54,81,
32766,7469,2358,34,105,
32766,7497,2323,67,77,
32766,7517,2356,43,45,
32766,7502,2323,40,60,
32766,7520,2340,60,22,
32766,7495,2317,91,80,
32766,7515,2347,64,22,
32766,7504,2329,75,63,
32766,7482,2343,85,60,
32766,7493,2342,116,45,
32766,7526,2304,71,45,
32766,7517,2319,90,22,
32766,7498,2327,63,49,
32766,7482,2351,51,53,
32766,7481,2412,84,125,
32766,7517,2325,16,46,
32766,7507,2335,69,60,
32766,7489,2349,51,72,
32766,7502,2332,69,56,
32766,7501,2342,47,50,
32766,7506,2334,46,68,
32766,7499,2331,78,62,
32766,7509,2337,65,57,
32766,7487,2322,50,57,
32766,7479,2342,38,89,
32766,7535,2339,105,46,
32766,7513,2313,62,40,
32766,7485,2335,68,89,
32766,7516,2325,74,52,
32766,7501,2300,13,22,
32766,7522,2360,95,100,
32766,7506,2335,59,47,
32766,7500,2319,51,82,
32766,7502,2330,62,54,
32766,7495,2335,82,40,
32766,7499,2340,62,54,
32766,7491,2333,61,64,
32766,7501,2320,59,53,
32766,7504,2342,66,53,
32766,7485,2346,54,73,
32766,7501,2341,71,62,
32766,7511,2318,86,7,
32766,7503,2377,94,56,
32766,7485,2328,65,74,
32766,7530,2309,75,39,
32766,7525,2342,84,19,
32766,7502,2309,87,65,
32766,7511,2338,63,72,
32766,7496,2341,66,63,
32766,7505,2323,76,41,
32766,7515,2328,62,60,
32766,7490,2318,74,56,
32766,7498,2337,67,59,
32766,7515,2325,81,47,
32766,7515,2339,67,53,
32766,7509,2328,82,75,
32766,7537,2351,5,92,
32766,7518,2347,57,94,
32766,7508,2339,71,43,
32766,7514,2345,75,40,
32766,7480,2351,58,69,
32766,7523,2324,89,57,
32766,7522,2327,48,51,
32766,7497,2337,73,39,
32766,7500,2343,55,74,
32766,7508,2337,82,45,
32766,7506,2339,48,50,
32766,7495,2351,43,79,
32766,7519,2329,42,72,
32766,7502,2347,69,62,
32766,7492,2346,40,74,
32766,7459,2332,34,85,
32766,7502,2341,81,53,
32766,7499,2348,76,69,
32766,7529,2344,140,57,
32766,7478,2327,29,43,
32766,7503,2336,54,36,
32766,7491,2341,53,68,
32766,7495,2333,52,42,
32766,7497,2333,70,61,
32766,7499,2317,59,79,
32766,7524,2316,68,41,
32766,7498,2334,98,69,
32766,7500,2326,46,51,
32766,7508,2306,82,67,
32766,7491,2336,48,76,
32766,7523,2342,67,43,
32766,7469,2317,46,74,
32766,7487,2325,85,36,
32766,7492,2322,61,18,
32766,7518,2305,39,19,
32766,7467,2340,101,93,
32766,7508,2359,48,93,
32766,7505,2338,72,76,
32766,7502,2326,72,62,
32766,7512,2336,72,31,
32766,7509,2346,74,51,
32766,7511,2329,49,64,
32766,7514,2339,57,42,
32766,7504,2327,60,40,
32766,7491,2303,82,64,
32766,7520,2333,49,65,
32766,7472,2366,72,51,
32766,7476,2333,65,56,
32766,7509,2324,67,81,
32766,7501,2324,67,51,
32766,7523,2313,0,74,
32766,7482,2310,28,58,
32766,7505,2323,53,37,
32766,7518,2335,81,63,
32766,7513,2330,61,58,
32766,7487,2326,68,75,
32766,7497,2339,65,73,
32766,7511,2343,67,36,
32766,7508,2333,90,58,
32766,7503,2360,72,67,
32766,7488,2325,98,22,
32766,7494,2311,54,76,
32766,7481,2335,70,46,
32766,7501,2340,77,77,
32766,7496,2334,76,61,
32766,7477,2288,102,8,
32766,7495,2354,108,96,
32766,7523,2329,46,68,
32766,7505,2331,63,61,
32766,7505,2334,69,53,
32766,7494,2327,51,66,
32766,7518,2328,57,40,
32766,7515,2321,71,48,
32766,7504,2315,71,57,
32766,7516,2337,60,81,
32766,7506,2352,49,44,
32766,7524,2305,67,35,
32766,7526,2331,50,2,
32766,7502,2351,36,73,
32766,7522,2331,91,30,
32766,7487,2354,37,86,
32766,7496,2308,56,93,
32766,7508,2356,62,46,
32766,7495,2329,53,54,
32766,7501,2326,58,67,
32766,7519,2344,93,35,
32766,7495,2339,46,62,
32766,7503,2329,66,60,
32766,7521,2326,57,51,
32766,7512,2341,81,71,
32766,7508,2317,79,48,
32766,7498,2337,43,58,
32766,7515,2336,63,89,
32766,7503,2341,78,54,
32766,7500,2354,80,48,
32766,7526,2328,79,72,
32766,7486,2339,55,44,
32766,7530,2329,55,56,
32766,7517,2321,65,58,
32766,7504,2321,71,62,
32766,7507,2333,53,38,
32766,7513,2339,77,57,
32766,7512,2324,55,87,
32766,7494,2331,62,47,
32766,7523,2315,44,57,
32766,7515,2326,63,51,
32766,7538,2335,34,43,
32766,7495,2333,50,104,
32766,7524,2337,54,25,
32766,7508,2322,96,63,
32766,7496,2330,32,60,
32766,7507,2336,57,57,
32766,7530,2343,82,65,
32766,7510,2320,70,62,
32766,7506,2326,53,48,
32766,7511,2335,54,80,
32766,7519,2328,57,59,
32766,7509,2324,64,59,
32766,7514,2337,71,76,
32766,7506,2315,65,36,
32766,7510,2318,69,64,
32766,7495,2331,57,74,
32766,7508,2325,81,79,
32766,7522,2326,61,51,
32766,7517,2338,71,56,
32766,7515,2327,32,88,
32766,7524,2322,99,54,
32766,7500,2317,61,71,
32766,7502,2323,54,61,
32766,7536,2331,67,57,
32766,7511,2337,67,64,
32766,7516,2330,68,45,
32766,7517,2330,87,38,
32766,7505,2330,95,82,
32766,7508,2326,65,41,
32766,7525,2345,66,36,
32766,7523,2335,69,44,
32766,7495,2326,32,79,
32766,7520,2349,73,68,
32766,7486,2352,102,52,
32766,7500,2301,97,29,
32766,7504,2322,38,44,
32766,7535,2334,29,129,
32766,7512,2313,64,56,
32766,7509,2336,48,86,
32766,7513,2324,39,61,
32766,7520,2320,48,84,
32766,7502,2336,49,74,
32766,7519,2331,49,75,
32766,7498,2329,50,75,
32766,7500,2315,64,73,
32766,7503,2319,45,83,
32766,7530,2335,89,3,
32766,7484,2336,119,39,
32766,7526,2316,87,79,
32766,7506,2340,92,78,
32766,7522,2335,27,53,
32766,7511,2315,90,35,
32766,7528,2323,86,41,
32766,7509,2335,76,76,
32766,7519,2325,59,34,
32766,7520,2322,57,61,
32766,7533,2331,87,73,
32766,7520,2328,63,81,
32766,7517,2328,43,45,
32766,7514,2342,49,50,
32766,7501,2317,57,60,
32766,7542,2309,68,108,
32766,7534,2330,88,57,
32766,7516,2326,111,61,
32766,7501,2331,74,35,
32766,7497,2368,68,35,
32766,7519,2395,116,109,
32766,7517,2328,35,33,
32766,7511,2355,49,35,
32766,7511,2333,41,65,
32766,7520,2336,67,47,
32766,7522,2325,46,58,
32766,7518,2316,59,65,
32766,7529,2342,57,71,
32766,7513,2335,65,49,
32766,7515,2329,49,65,
32766,7539,2339,37,61,
32766,7509,2342,120,31,
32766,7495,2343,93,44,
32766,7537,2315,73,65,
32766,7482,2351,75,76,
32766,7514,2305,49,9,
32766,7523,2352,122,85,
32766,7525,2320,53,78,
32766,7530,2344,58,65,
32766,7516,2330,73,70,
32766,7531,2326,69,76,
32766,7511,2321,65,44,
32766,7519,2338,79,31,
32766,7505,2325,68,63,
32766,7522,2342,67,43,
32766,7506,2358,32,60,
32766,7515,2342,103,46,
32766,7545,2326,26,71,
32766,7524,2340,63,58,
32766,7510,2347,31,80,
32766,7499,2341,64,59,
32766,7476,2345,72,68,
32766,7489,2338,63,31,
32766,7528,2319,66,59,
32766,7490,2339,59,48,
32766,7515,2336,59,58,
32766,7512,2338,91,70,
32766,7493,2333,71,60,
32766,7505,2352,77,54,
32766,7509,2342,75,26,
32766,7504,2337,37,44,
32766,7535,2323,12,66,
32766,7530,2331,38,70,
32766,7491,2311,33,39,
32766,7509,2316,48,54,
32766,7524,2329,92,34,
32766,7510,2308,61,49,
32766,7515,2336,66,56,
32766,7523,2337,70,42,
32766,7508,2330,78,31,
32766,7500,2330,62,59,
32766,7509,2331,99,41,
32766,7507,2321,60,47,
32766,7503,2340,63,76,
32766,7517,2333,102,55,
32766,7533,2316,73,82,
32766,7512,2307,39,100,
32766,7499,2361,85,47,
32766,7516,2307,58,63,
32766,7532,2294,36,67,
32766,7501,2331,113,22,
32766,7542,2342,109,64,
32766,7513,2331,37,45,
32766,7519,2345,65,59,
32766,7526,2325,45,86,
32766,7520,2338,56,70,
32766,7496,2335,78,48,
32766,7520,2330,85,51,
32766,7498,2347,63,75,
32766,7507,2321,66,64,
32766,7502,2335,50,69,
32766,7524,2329,69,37,
32766,7503,2351,37,63,
32766,7495,2307,15,94,
32766,7500,2342,56,39,
32766,7513,2305,34,38,
32766,7486,2369,111,67,
32766,7504,2337,42,92,
32766,7503,2332,38,61,
32766,7528,2337,66,58,
32766,7489,2335,78,60,
32766,7517,2305,82,55,
32766,7514,2332,63,82,
32766,7518,2335,56,44,
32766,7511,2323,58,40,
32766,7510,2340,61,54,
32766,7509,2330,64,80,
32766,7500,2301,136,14,
32766,7536,2367,24,51,
32766,7503,2327,60,21,
32766,7516,2325,68,32,
32766,7524,2340,101,54,
32766,7524,2330,35,62,
32766,7515,2341,64,82,
32766,7496,2337,68,65,
32766,7504,2329,48,64,
32766,7530,2333,63,52,
32766,7503,2337,57,67,
32766,7512,2329,79,46,
32766,7507,2331,38,46,
32766,7511,2324,61,56,
32766,7486,2341,61,61,
32766,7496,2300,62,39,
32766,7502,2344,26,57,
32766,7469,2325,95,33,
32766,7504,2320,53,49,
32766,7540,2312,33,64,
32766,7536,2321,118,19,
32766,7512,2343,85,79,
32766,7507,2339,74,42,
32766,7503,2341,71,47,
32766,7500,2325,65,80,
32766,7520,2325,44,61,
32766,7508,2334,64,60,
32766,7484,2322,60,66,
32766,7524,2323,48,39,
32766,7515,2335,83,67,
32766,7503,2322,117,99,
32766,7500,2325,114,52,
32766,7505,2356,19,62,
32766,7491,2339,102,58,
32766,7510,2315,94,46,
32766,7473,2350,95,41,
32766,7503,2325,60,62,
32766,7529,2337,79,90,
32766,7518,2323,65,52,
32766,7504,2328,73,59,
32766,7508,2332,60,55,
32766,7505,2332,46,50,
32766,7516,2329,69,33,
32766,7508,2317,60,62,
32766,7510,2318,57,57,
32766,7515,2354,58,46,
32766,7500,2343,48,73,
32766,7509,2286,63,43,
32766,7509,2347,101,54,
32766,7491,2348,108,109,
32766,7502,2306,69,36,
32766,7536,2348,130,87,
32766,7520,2327,73,72,
32766,7507,2318,73,66,
32766,7500,2332,60,68,
32766,7516,2334,60,38,
32766,7507,2351,53,47,
32766,7538,2334,49,69,
32766,7497,2316,31,41,
32766,7526,2309,80,69,
32766,7524,2338,108,59,
32766,7509,2311,51,90,
32766,7526,2299,57,76,
32766,7521,2296,94,62,
32766,7523,2327,65,62,
32766,7525,2332,63,47,
32766,7482,2301,46,42,
32766,7517,2327,52,50,
32766,7505,2312,77,50,
32766,7512,2325,57,48,
32766,7518,2314,69,34,
32766,7513,2348,60,56,
32766,7510,2320,69,43,
32766,7516,2325,79,47,
32766,7522,2339,59,27,
32766,7521,2344,52,32,
32766,7517,2313,99,51,
32766,7490,2334,91,68,
32766,7525,2357,46,90,
32766,7516,2363,37,74,
32766,7513,2340,80,68,
32766,7496,2359,120,86,
32766,7506,2325,50,33,
32766,7510,2312,83,89,
32766,7515,2320,59,53,
32766,7501,2326,75,45,
32766,7513,2324,81,28,
32766,7498,2316,78,81,
32766,7495,2304,53,42,
32766,7489,2336,79,70,
32766,7511,2327,35,58,
32766,7523,2313,81,53,
32766,7478,2359,67,38,
32766,7487,2331,50,74,
32766,7483,2326,68,66,
32766,7486,2320,93,72,
32766,7518,2341,74,72,
32766,7501,2331,47,42,
32766,7508,2325,87,83,
32766,7520,2324,67,56,
32766,7505,2323,55,70,
32766,7488,2330,43,54,
32766,7508,2334,76,48,
32766,7509,2327,70,65,
32766,7502,2301,66,80,
32766,7495,2330,45,65,
32766,7499,2323,62,81,
32766,7507,2327,12,89,
32766,7496,2310,79,69,
32766,7511,2346,40,60,
32766,7509,2313,54,45,
32766,7501,2311,86,112,
32766,7543,2324,51,99,
32766,7491,2313,46,45,
32766,7493,2328,48,59,
32766,7505,2306,64,58,
32766,7494,2345,64,53,
32766,7502,2319,65,73,
32766,7509,2331,68,44,
32766,7490,2317,57,38,
32766,7493,2335,96,57,
32766,7495,2316,39,72,
32766,7498,2313,59,67,
32766,7473,2341,85,42,
32766,7496,2332,25,91,
32766,7518,2327,58,52,
32766,7495,2325,53,72,
32766,7496,2306,54,56,
32766,7506,2303,33,17,
32766,7497,2317,69,31,
32766,7495,2320,85,37,
32766,7495,2311,53,66,
32766,7507,2337,72,36,
32766,7496,2326,57,65,
32766,7493,2324,94,55,
32766,7502,2326,46,74,
32766,7510,2314,59,61,
32766,7483,2344,41,37,
32766,7492,2304,116,24,
32766,7522,2328,88,35,
32766,7500,2317,96,5,
32766,7514,2335,42,51,
32766,7517,2329,80,64,
32766,7507,2320,53,23,
32766,7492,2339,58,62,
32766,7508,2323,52,53,
32766,7505,2315,73,76,
32766,7487,2314,85,57,
32766,7501,2315,57,60,
32766,7504,2327,44,60,
32766,7495,2317,99,46,
32766,7513,2332,41,53,
32766,7515,2334,41,57,
32766,7516,2325,68,53,
32766,7484,2329,76,20,
32766,7485,2326,86,19,
32766,7471,2323,68,32,
32766,7511,2330,62,29,
32766,7498,2350,80,74,
32766,7495,2349,31,94,
32766,7499,2320,62,50,
32766,7517,2319,64,52,
32766,7490,2326,68,55,
32766,7508,2322,92,46,
32766,7500,2333,58,56,
32766,7509,2316,67,45,
32766,7483,2335,69,47,
32766,7484,2311,78,77,
32766,7477,2363,38,89,
32766,7523,2282,66,76,
32766,7514,2327,87,28,
32766,7516,2291,60,29,
32766,7491,2331,36,103,
32766,7514,2327,100,14,
32766,7471,2314,84,38,
32766,7511,2304,70,104,
32766,7485,2323,29,57,
32766,7510,2314,77,68,
32766,7502,2327,56,69,
32766,7491,2317,81,52,
32766,7499,2325,71,71,
32766,7495,2331,65,50,
32766,7492,2327,76,54,
32766,7517,2340,89,44,
32766,7469,2336,23,54,
32766,7505,2294,77,67,
32766,7479,2326,77,70,
32766,7497,2334,29,87,
32766,7454,2334,115,12,
32766,7509,2330,75,33,
32766,7512,2338,92,60,
32766,7496,2332,72,54,
32766,7495,2320,73,57,
32766,7510,2319,51,84,
32766,7521,2331,61,65,
32766,7507,2317,56,57,
32766,7508,2326,54,65,
32766,7526,2328,43,68,
32766,7528,2324,77,52,
32766,7460,2328,36,109,
32766,7521,2307,44,55,
32766,7509,2322,63,77,
32766,7480,2329,33,74,
32766,7501,2334,132,51,
32766,7501,2364,50,101,
32766,7515,2331,49,63,
32766,7500,2313,72,72,
32766,7519,2331,74,63,
32766,7508,2322,71,58,
32766,7517,2322,55,65,
32766,7510,2333,62,37,
32766,7499,2335,76,46,
32766,7509,2330,50,60,
32766,7494,2335,63,30,
32766,7496,2315,98,48,
32766,7506,2346,79,33,
32766,7512,2357,50,58,
32766,7512,2325,65,50,
32766,7516,2283,62,29,
32766,7489,2363,83,69,
32766,7513,2331,0,68,
32766,7505,2316,67,64,
32766,7491,2316,65,83,
32766,7508,2333,58,90,
32766,7502,2313,52,83,
32766,7498,2313,87,65,
32766,7500,2323,50,74,
32766,7503,2335,59,61,
32766,7506,2333,37,33,
32766,7499,2313,65,53,
32766,7509,2313,58,93,
32766,7499,2317,26,95,
32766,7497,2331,49,59,
32766,7513,2340,88,29,
32766,7484,2292,51,15,
32766,7471,2324,82,51,
32766,7461,2333,55,52,
32766,7500,2339,56,57,
32766,7489,2317,62,77,
32766,7518,2314,49,52,
32766,7509,2319,76,65,
32766,7501,2312,55,62,
32766,7499,2319,52,83,
32766,7504,2324,69,61,
32766,7493,2312,55,59,
32766,7499,2309,52,80,
32766,7520,2302,59,88,
32766,7497,2339,28,48,
32766,7495,2329,75,52,
32766,7509,2297,114,46,
32766,7492,2278,39,21,
32766,7488,2349,96,74,
32766,7493,2314,42,72,
32766,7499,2325,79,71,
32766,7495,2310,41,30,
32766,7517,2326,64,54,
32766,7526,2313,71,53,
32766,7522,2322,82,59,
32766,7511,2324,46,51,
32766,7489,2325,46,74,
32766,7507,2291,46,70,
32766,7475,2325,50,90,
32766,7486,2345,65,77,
32766,7502,2352,51,96,
32766,7516,2328,75,88,
32766,7519,2316,47,23,
32766,7506,2307,55,83,
32766,7526,2339,84,26,
32766,7502,2341,78,65,
32766,7494,2324,45,65,
32766,7472,2337,79,69,
32766,7480,2316,73,71,
32766,7500,2329,59,54,
32766,7512,2323,45,59,
32766,7495,2314,54,84,
32766,7503,2325,117,57,
32766,7494,2344,28,60,
32766,7482,2317,37,91,
32766,7511,2332,57,55,
32766,7500,2333,71,67,
32766,7515,2337,31,141,
32766,7480,2330,74,61,
32766,7468,2322,68,38,
32766,7497,2327,71,64,
32766,7493,2316,67,48,
32766,7496,2310,104,41,
32766,7480,2308,79,60,
32766,7493,2323,69,61,
32766,7494,2318,63,46,
32766,7500,2320,76,70,
32766,7500,2340,41,50,
32766,7483,2318,37,121,
32766,7478,2318,44,44,
32766,7481,2322,49,51,
32766,7495,2309,52,59,
32766,7505,2305,19,103,
32766,7498,2309,74,52,
32766,7508,2337,50,45,
32766,7501,2328,45,66,
32766,7519,2322,47,58,
32766,7488,2307,51,50,
32766,7508,2321,69,56,
32766,7483,2322,54,35,
32766,7502,2323,49,53,
32766,7491,2317,59,51,
32766,7518,2314,38,79,
32766,7501,2331,95,43,
32766,7476,2338,45,73,
32766,7496,2330,64,42,
32766,7491,2314,70,35,
32766,7508,2335,47,87,
32766,7496,2314,32,96,
32766,7521,2321,48,79,
32766,7515,2312,36,42,
32766,7500,2330,65,40,
32766,7493,2308,52,65,
32766,7510,2325,80,74,
32766,7498,2317,63,76,
32766,7497,2332,62,55,
32766,7478,2313,80,69,
32766,7502,2328,46,56,
32766,7485,2333,98,41,
32766,7515,2314,69,39,
32766,7520,2314,67,75,
32766,7493,2326,84,35,
32766,7494,2324,56,51,
32766,7472,2353,85,78,
32766,7504,2322,75,36,
32766,7516,2311,53,32,
32766,7499,2328,52,36,
32766,7504,2314,53,61,
32766,7511,2310,60,56,
32766,7510,2327,75,37,
32766,7505,2334,61,54,
32766,7510,2328,73,54,
32766,7511,2324,55,41,
32766,7503,2329,13,43,
32766,7492,2348,76,57,
32766,7499,2305,48,73,
32766,7496,2344,102,0,
32766,7491,2343,86,52,
32766,7487,2335,103,39,
32766,7514,2315,86,46,
32766,7531,2306,75,33,
32766,7470,2315,70,52,
32766,7486,2318,52,49,
32766,7518,2317,55,67,
32766,7512,2316,69,83,
32766,7493,2329,50,46,
32766,7505,2316,52,41,
32766,7500,2328,94,43,
32766,7511,2334,86,41,
32766,7525,2302,69,71,
32766,7507,2360,108,31,
32766,7511,2328,78,76,
32766,7487,2360,79,54,
32766,7487,2346,53,60,
32766,7548,2307,24,103,
32766,7504,2297,67,15,
32766,7531,2328,51,95,
32766,7502,2321,47,56,
32766,7526,2339,80,42,
32766,7528,2332,68,42,
32766,7519,2329,44,47,
32766,7511,2336,66,50,
32766,7507,2332,45,73,
32766,7516,2321,61,46,
32766,7502,2342,62,52,
32766,7511,2310,95,21,
32766,7485,2337,70,52,
32766,7485,2350,78,40,
32766,7508,2315,81,71,
32766,7503,2317,17,57,
32766,7509,2338,100,31,
32766,7524,2372,61,63,
32766,7517,2335,93,35,
32766,7515,2314,77,51,
32766,7506,2339,72,51,
32766,7517,2317,49,54,
32766,7516,2336,55,38,
32766,7518,2322,70,55,
32766,7520,2317,57,53,
32766,7521,2328,90,80,
32766,7504,2309,84,35,
32766,7583,2327,70,25,
32766,7516,2328,49,99,
32766,7490,2335,56,46,
32766,7507,2318,37,33,
32766,7520,2359,66,138,
32766,7496,2310,41,13,
32766,7519,2329,80,67,
32766,7517,2329,55,42,
32766,7504,2321,57,62,
32766,7510,2315,45,66,
32766,7518,2317,64,47,
32766,7514,2327,79,64,
32766,7518,2314,69,30,
32766,7509,2324,63,66,
32766,7521,2317,58,70,
32766,7506,2323,119,32,
32766,7507,2348,87,54,
32766,7515,2344,44,32,
32766,7529,2339,64,50,
32766,7510,2303,14,77,
32766,7513,2326,51,49,
32766,7502,2316,62,56,
32766,7511,2321,52,41,
32766,7503,2320,38,61,
32766,7521,2342,63,67,
32766,7521,2312,49,53,
32766,7501,2340,53,52,
32766,7518,2321,56,84,
32766,7508,2315,55,72,
32766,7515,2331,91,40,
32766,7522,2306,43,93,
32766,7499,2310,65,56,
32766,7504,2322,62,56,
32766,7499,2333,75,56,
32766,7489,2356,110,63,
32766,7510,2320,40,61,
32766,7487,2353,46,53,
32766,7512,2325,59,70,
32766,7507,2328,69,55,
32766,7523,2318,62,56,
32766,7515,2322,45,61,
32766,7515,2328,80,45,
32766,7517,2314,67,43,
32766,7513,2340,83,68,
32766,7516,2327,58,87,
32766,7529,2339,23,78,
32766,7492,2293,109,28,
32766,7524,2330,55,103,
32766,7521,2347,74,46,
32766,7532,2338,75,49,
32766,7524,2314,73,0,
32766,7502,2324,63,39,
32766,7532,2326,91,56,
32766,7515,2316,49,30,
32766,7519,2345,70,76,
32766,7538,2312,55,54,
32766,7526,2327,57,40,
32766,7534,2314,88,61,
32766,7512,2341,76,62,
32766,7528,2328,86,2,
32766,7529,2312,78,60,
32766,7512,2350,64,21,
32766,7504,2344,70,118,
32766,7525,2335,37,79,
32766,7523,2310,44,59,
32766,7547,2303,50,77,
32766,7523,2315,65,60,
32766,7510,2350,90,50,
32766,7538,2329,68,72,
32766,7527,2332,72,52,
32766,7508,2353,65,76,
32766,7511,2319,72,68,
32766,7514,2340,37,71,
32766,7515,2330,61,28,
32766,7527,2345,62,69,
32766,7535,2296,46,41,
32766,7518,2328,73,47,
32766,7530,2326,67,46,
32766,7501,2350,82,42,
32766,7511,2327,53,33,
32766,7550,2323,64,40,
32766,7490,2364,56,88,
32766,7544,2351,47,69,
32766,7523,2318,48,75,
32766,7530,2326,56,43,
32766,7516,2342,64,62,
32766,7516,2326,82,68,
32766,7535,2328,97,64,
32766,7512,2327,61,60,
32766,7514,2320,92,62,
32766,7511,2310,43,52,
32766,7540,2337,21,0,
32766,7510,2315,71,108,
32766,7552,2311,35,62,
32766,7528,2336,55,57,
32766,7529,2333,38,84,
32766,7496,2335,64,60,
32766,7541,2323,83,86,
32766,7542,2324,62,40,
32766,7540,2320,42,45,
32766,7509,2328,102,58,
32766,7522,2311,70,51,
32766,7506,2327,61,71,
32766,7514,2331,71,42,
32766,7527,2332,81,59,
32766,7522,2331,61,61,
32766,7512,2329,108,34,
32766,7531,2330,39,42,
32766,7550,2301,52,46,
32766,7514,2319,60,81,
32766,7508,2337,61,75,
32766,7492,2333,16,57,
32766,7532,2299,79,42,
32766,7537,2322,94,43,
32766,7495,2330,59,59,
32766,7528,2320,77,52,
32766,7514,2321,83,53,
32766,7516,2322,76,66,
32766,7516,2309,97,57,
32766,7524,2303,51,66,
32766,7524,2319,87,71,
32766,7506,2333,37,106,
32766,7518,2300,126,54,
32766,7552,2335,26,32,
32766,7537,2323,43,36,
32766,7507,2329,58,72,
32766,7524,2312,54,63,
32766,7556,2309,56,68,
32766,7525,2311,50,67,
32766,7516,2314,61,60,
32766,7514,2315,84,50,
32766,7520,2304,57,63,
32766,7524,2318,63,60,
32766,7515,2326,60,48,
32766,7509,2333,53,69,
32766,7509,2320,75,49,
32766,7499,2313,60,66,
32766,7524,2328,44,63,
32766,7515,2351,43,57,
32766,7526,2306,86,52,
32766,7534,2292,44,43,
32766,7514,2353,99,61,
32766,7501,2329,101,39,
32766,7531,2357,74,12,
32766,7528,2291,65,59,
32766,7506,2322,79,57,
32766,7507,2314,59,56,
32766,7508,2309,63,39,
32766,7530,2318,76,57,
32766,7520,2325,59,66,
32766,7513,2317,43,69,
32766,7505,2322,46,92,
32766,7529,2310,56,50,
32766,7505,2362,54,69,
32766,7530,2283,49,105,
32766,7547,2303,86,51,
32766,7508,2331,37,68,
32766,7515,2322,45,39,
32766,7515,2334,38,40,
32766,7527,2323,62,116,
32766,7511,2325,74,34,
32766,7525,2323,60,49,
32766,7497,2340,57,55,
32766,7511,2313,59,63,
32766,7509,2314,88,51,
32766,7534,2329,49,59,
32766,7518,2329,55,55,
32766,7528,2332,48,94,
32766,7468,2308,62,70,
32766,7502,2292,64,62,
32766,7512,2314,75,84,
32766,7519,2314,50,66,
32766,7507,2291,57,44,
32766,7517,2317,108,74,
32766,7515,2320,39,29,
32766,7517,2321,21,53,
32766,7527,2315,80,56,
32766,7526,2326,83,28,
32766,7527,2312,61,42,
32766,7514,2329,78,34,
32766,7527,2319,75,54,
32766,7514,2336,80,59,
32766,7525,2324,66,29,
32766,7530,2334,71,40,
32766,7512,2339,75,67,
32766,7529,2283,45,72,
32766,7496,2311,31,44,
32766,7501,2336,78,53,
32766,7516,2318,76,41,
32766,7497,2319,69,105,
32766,7503,2327,81,36,
32766,7520,2317,52,82,
32766,7515,2333,73,61,
32766,7523,2312,75,47,
32766,7508,2315,56,76,
32766,7514,2328,60,58,
32766,7505,2333,88,77,
32766,7500,2314,52,38,
32766,7530,2351,63,18,
32766,7525,2310,63,4,
32766,7513,2310,47,43,
32766,7516,2278,54,81,
32766,7518,2321,47,69,
32766,7507,2323,71,42,
32766,7493,2326,94,49,
32766,7526,2324,98,31,
32766,7512,2303,85,59,
32766,7508,2313,51,67,
32766,7494,2339,75,59,
32766,7516,2326,52,39,
32766,7510,2297,64,60,
32766,7521,2328,71,47,
32766,7500,2322,68,70,
32766,7495,2315,41,61,
32766,7489,2304,52,85,
32766,7529,2322,68,82,
32766,7497,2311,61,23,
32766,7510,2295,57,66,
32766,7503,2303,79,33,
32766,7524,2340,56,61,
32766,7504,2322,71,26,
32766,7493,2314,46,30,
32766,7496,2307,48,60,
32766,7505,2309,79,56,
32766,7508,2321,48,70,
32766,7497,2324,81,39,
32766,7487,2315,39,65,
32766,7500,2319,81,59,
32766,7500,2308,46,62,
32766,7507,2325,67,66,
32766,7476,2347,60,86,
32766,7502,2318,48,85,
32766,7500,2327,79,44,
32766,7508,2293,69,58,
32766,7509,2334,30,63,
32766,7495,2297,23,3,
32766,7505,2344,78,67,
32766,7495,2314,48,56,
32766,7519,2318,70,60,
32766,7515,2310,50,54,
32766,7520,2325,79,26,
32766,7507,2331,64,54,
32766,7511,2314,78,61,
32766,7517,2327,68,30,
32766,7502,2319,57,92,
32766,7530,2294,47,58,
32766,7501,2317,141,48,
32766,7485,2335,53,96,
32766,7517,2322,62,63,
32766,7514,2296,99,39,
32766,7513,2357,50,117,
32766,7511,2321,59,54,
32766,7504,2320,89,34,
32766,7524,2305,80,39,
32766,7510,2328,80,42,
32766,7501,2319,75,49,
32766,7503,2317,48,61,
32766,7504,2320,64,43,
32766,7510,2333,85,56,
32766,7501,2312,81,40,
32766,7530,2306,63,26,
32766,7495,2335,71,39,
32766,7529,2309,79,91,
32766,7520,2315,55,54,
32766,7508,2314,47,71,
32766,7494,2337,76,32,
32766,7488,2337,88,94,
32766,7490,2318,40,41,
32766,7517,2330,67,42,
32766,7500,2313,94,47,
32766,7498,2318,50,43,
32766,7509,2337,47,58,
32766,7525,2322,73,65,
32766,7517,2326,37,38,
32766,7496,2316,87,75,
32766,7502,2310,38,53,
32766,7460,2360,81,50,
32766,7513,2307,35,64,
32766,7473,2328,47,62,
32766,7501,2319,104,32,
32766,7487,2334,72,82,
32766,7518,2341,60,73,
32766,7507,2288,28,72,
32766,7510,2320,52,46,
32766,7512,2321,68,24,
32766,7506,2328,72,40,
32766,7494,2333,63,64,
32766,7511,2315,56,72,
32766,7517,2332,62,38,
32766,7502,2312,83,52,
32766,7483,2309,69,70,
32766,7503,2340,50,20,
32766,7492,2312,77,51,
32766,7500,2309,66,87,
32766,7493,2318,68,55,
32766,7525,2313,74,10,
32766,7505,2333,48,56,
32766,7499,2327,93,53,
32766,7523,2315,72,70,
32766,7505,2311,68,61,
32766,7514,2317,74,74,
32766,7495,2325,81,43,
32766,7501,2314,81,64,
32766,7493,2306,51,75,
32766,7512,2330,56,57,
32766,7502,2313,102,18,
32766,7499,2307,89,87,
32766,7479,2316,67,16,
32766,7503,2319,23,128,
32766,7493,2353,44,69,
32766,7489,2327,77,48,
32766,7479,2306,71,18,
32766,7487,2341,84,58,
32766,7519,2306,51,74,
32766,7489,2304,63,74,
32766,7494,2333,88,42,
32766,7494,2323,64,41,
32766,7516,2306,50,26,
32766,7509,2324,73,78,
32766,7514,2312,58,64,
32766,7505,2312,84,60,
32766,7499,2310,80,64,
32766,7474,2347,27,45,
32766,7518,2307,120,44,
32766,7482,2334,78,46,
32766,7492,2308,86,31,
32766,7499,2322,78,63,
32766,7515,2328,76,38,
32766,7513,2291,39,66,
32766,7500,2328,68,60,
32766,7508,2305,70,54,
32766,7508,2298,43,73,
32766,7490,2313,47,62,
32766,7503,2315,55,39,
32766,7503,2319,64,52,
32766,7504,2309,53,73,
32766,7515,2320,93,44,
32766,7573,2304,76,104,
32766,7569,2281,40,82,
32766,7545,2313,65,69,
32766,7576,2297,75,53,
32766,7594,2310,69,52,
32766,7580,2267,41,35,
32766,7624,2321,44,74,
32766,7632,2346,55,49,
32766,7652,2317,90,66,
32766,7702,2349,59,24,
32766,7688,2344,63,76,
32766,7724,2339,49,62,
32766,7756,2346,77,39,
32766,7798,2341,65,59,
32766,7810,2328,51,68,
32766,7822,2333,54,61,
32766,7832,2320,74,73,
32766,7838,2335,9,35,
32766,7818,2343,57,51,
32766,7866,2362,72,25,
32766,7837,2372,44,53,
32766,7894,2378,99,92,
32766,7906,2387,50,54,
32766,7903,2356,66,57,
32766,7897,2365,59,48,
32766,7918,2378,43,58,
32766,7917,2355,61,57,
32766,7939,2369,55,51,
32766,7946,2369,65,50,
32766,7935,2371,65,42,
32766,7935,2399,43,12,
32766,7936,2374,86,41,
32766,7978,2373,75,54,
32766,7948,2394,25,83,
32766,7930,2413,62,43,
32766,7954,2388,52,64,
32766,7967,2382,63,83,
32766,7966,2373,62,43,
32766,7965,2371,42,63,
32766,7983,2377,48,76,
32766,7978,2367,46,60,
32766,7982,2371,80,49,
32766,7991,2370,64,56,
32766,7969,2380,56,54,
32766,7961,2377,70,70,
32766,8010,2380,78,41,
32766,7966,2393,60,53,
32766,8025,2339,58,84,
32766,7999,2373,39,33,
32766,8006,2373,74,59,
32766,8009,2395,67,69,
32766,7954,2403,30,41,
32766,8010,2404,65,53,
32766,8013,2387,88,74,
32766,7987,2375,66,56,
32766,7978,2377,60,50,
32766,7956,2377,69,54,
32766,7954,2374,81,58,
32766,7970,2370,49,55,
32766,7978,2383,35,51,
32766,7982,2390,49,40,
32766,7980,2333,67,65,
32766,7949,2393,47,66,
32766,7958,2339,28,88,
32766,7964,2363,41,73,
32766,7967,2389,76,49,
32766,7979,2375,37,81,
32766,7983,2390,71,53,
32766,7993,2359,68,73,
32766,7969,2374,44,73,
32766,7953,2360,87,58,
32766,7972,2384,58,56,
32766,7972,2392,50,50,
32766,7989,2373,77,43,
32766,7990,2365,70,90,
32766,7987,2372,58,73,
32766,7969,2354,62,100,
32766,7965,2359,37,69,
32766,7954,2347,25,27,
32766,7940,2399,60,38,
32766,7933,2403,67,14,
32766,7934,2406,50,92,
32766,7928,2401,54,76,
32766,7968,2424,79,111,
32766,7937,2377,70,49,
32766,7945,2386,54,51,
32766,7916,2415,62,46,
32766,7885,2396,55,63,
32766,7842,2389,90,61,
32766,7822,2389,52,52,
32766,7801,2385,62,53,
32766,7777,2396,73,49,
32766,7787,2412,59,63,
32766,7743,2364,101,89,
32766,7726,2422,83,39,
32766,7724,2372,60,55,
32766,7699,2400,41,100,
32766,7692,2385,75,51,
32766,7723,2343,73,88,
32766,7707,2375,83,76,
32766,7671,2378,79,53,
32766,7682,2394,71,66,
32766,7649,2377,70,62,
32766,7650,2379,86,48,
32766,7636,2389,41,67,
32766,7638,2360,62,54,
32766,7628,2365,69,64,
32766,7623,2376,62,53,
32766,7589,2373,103,48,
32766,7618,2373,47,107,
32766,7582,2372,115,57,
32766,7566,2373,79,77,
32766,7537,2361,85,56,
32766,7551,2337,33,93,
32766,7536,2354,103,76,
32766,7529,2357,51,66,
32766,7522,2345,71,54,
32766,7522,2350,70,70,
32766,7520,2340,56,35,
32766,7504,2335,56,80,
32766,7497,2340,63,64,
32766,7499,2354,64,75,
32766,7494,2359,74,73,
32766,7502,2329,61,41,
32766,7511,2361,39,91,
32766,7503,2353,45,83,
32766,7497,2323,47,52,
32766,7493,2347,42,81,
32766,7471,2384,71,80,
32766,7458,2346,80,22,
32766,7509,2355,86,62,
32766,7479,2339,83,70,
32766,7488,2342,67,90,
32766,7501,2340,70,51,
32766,7497,2354,63,53,
32766,7490,2346,63,53,
32766,7507,2338,75,78,
32766,7493,2344,73,61,
32766,7509,2373,71,49,
32766,7486,2354,86,82,
32766,7488,2366,58,85,
32766,7521,2339,65,46,
32766,7512,2375,42,85,
32766,7505,2330,88,58,
32766,7514,2361,81,51,
32766,7482,2390,66,22,
32766,7516,2346,73,65,
32766,7500,2363,61,62,
32766,7492,2363,77,67,
32766,7523,2358,75,53,
32766,7498,2350,72,72,
32766,7511,2370,87,69,
32766,7510,2354,55,69,
32766,7507,2382,55,90,
32766,7489,2376,10,82,
32766,7523,2343,90,71,
32766,7507,2361,58,94,
32766,7523,2370,38,81,
32766,7518,2359,113,57,
32766,7478,2361,58,54,
32766,7512,2355,84,105,
32766,7510,2386,67,63,
32766,7505,2383,65,80,
32766,7508,2362,54,58,
32766,7502,2379,62,64,
32766,7511,2366,79,84,
32766,7501,2369,71,65,
32766,7517,2381,57,55,
32766,7515,2371,42,84,
32766,7510,2374,103,28,
32766,7480,2347,82,83,
32766,7554,2362,80,62,
32766,7530,2357,51,70,
32766,7515,2400,78,70,
32766,7502,2373,57,67,
32766,7515,2372,42,63,
32766,7525,2364,36,54,
32766,7517,2384,80,77,
32766,7513,2370,78,50,
32766,7509,2391,60,81,
32766,7512,2361,89,83,
32766,7510,2381,76,84,
32766,7531,2377,78,56,
32766,7525,2402,77,27,
32766,7533,2406,68,49,
32766,7504,2395,64,70,
32766,7510,2374,64,81,
32766,7517,2382,85,97,
32766,7511,2382,51,68,
32766,7509,2404,84,64,
32766,7523,2364,78,80,
32766,7530,2396,88,73,
32766,7505,2381,74,58,
32766,7508,2378,64,56,
32766,7497,2373,50,65,
32766,7497,2375,76,63,
32766,7491,2387,65,94,
32766,7515,2397,71,63,
32766,7498,2365,80,55,
32766,7496,2410,64,74,
32766,7489,2369,54,68,
32766,7504,2356,82,93,
32766,7509,2385,61,65,
32766,7487,2355,74,87,
32766,7506,2387,86,92,
32766,7462,2347,29,38,
32766,7471,2389,81,88,
32766,7490,2387,59,70,
32766,7474,2373,70,48,
32766,7481,2381,61,57,
32766,7479,2379,78,56,
32766,7478,2372,78,70,
32766,7474,2372,56,74,
32766,7484,2392,68,66,
32766,7476,2390,65,70,
32766,7481,2365,108,82,
32766,7493,2363,96,101,
32766,7496,2367,100,49,
32766,7502,2387,84,67,
32766,7500,2386,71,52,
32766,7515,2349,32,86,
32766,7487,2396,72,77,
32766,7475,2394,62,78,
32766,7481,2395,63,50,
32766,7490,2389,77,55,
32766,7502,2393,77,56,
32766,7471,2385,71,71,
32766,7488,2383,92,85,
32766,7481,2386,98,70,
32766,7498,2378,55,58,
32766,7483,2389,74,108,
32766,7492,2393,68,81,
32766,7481,2375,88,79,
32766,7484,2379,99,43,
32766,7477,2394,74,49,
32766,7502,2359,70,51,
32766,7494,2440,115,60,
32766,7495,2377,40,54,
32766,7509,2391,99,80,
32766,7511,2391,89,51,
32766,7512,2374,77,53,
32766,7491,2383,84,73,
32766,7502,2404,72,57,
32766,7513,2391,58,46,
32766,7521,2391,68,76,
32766,7496,2394,60,65,
32766,7528,2389,89,81,
32766,7541,2390,65,74,
32766,7531,2368,103,65,
32766,7543,2366,86,80,
32766,7509,2410,80,62,
32766,7520,2399,90,64,
32766,7473,2396,98,58,
32766,7528,2374,72,48,
32766,7502,2396,76,58,
32766,7528,2395,59,81,
32766,7539,2374,70,63,
32766,7526,2397,75,46,
32766,7523,2408,80,73,
32766,7522,2389,51,81,
32766,7529,2382,70,54,
32766,7525,2393,54,58,
32766,7537,2383,96,92,
32766,7518,2408,89,16,
32766,7498,2405,109,68,
32766,7506,2399,83,83,
32766,7523,2378,49,36,
32766,7507,2424,108,45,
32766,7507,2406,89,67,
32766,7512,2396,76,74,
32766,7506,2390,54,77,
32766,7523,2393,70,85,
32766,7537,2394,39,55,
32766,7534,2394,61,62,
32766,7533,2395,42,43,
32766,7530,2402,62,70,
32766,7530,2393,35,68,
32766,7520,2372,58,64,
32766,7548,2393,87,55,
32766,7513,2398,105,74,
32766,7542,2400,69,79,
32766,7535,2402,77,88,
32766,7536,2411,44,111,
32766,7507,2385,79,36,
32766,7513,2394,89,67,
32766,7512,2412,85,51,
32766,7521,2407,73,74,
32766,7535,2406,74,44,
32766,7526,2394,84,68,
32766,7531,2401,70,74,
32766,7533,2393,64,73,
32766,7541,2397,99,98,
32766,7515,2381,55,93,
32766,7536,2401,58,35,
32766,7538,2408,83,41,
32766,7528,2419,35,51,
32766,7531,2399,67,59,
32766,7541,2388,48,80,
32766,7577,2377,65,73,
32766,7531,2388,57,50,
32766,7518,2393,70,61,
32766,7539,2391,81,74,
32766,7532,2399,59,60,
32766,7546,2391,77,45,
32766,7539,2399,95,62,
32766,7519,2401,87,61,
32766,7537,2398,64,75,
32766,7545,2412,96,59,
32766,7551,2430,61,45,
32766,7532,2379,84,75,
32766,7542,2432,63,90,
32766,7539,2415,77,66,
32766,7556,2418,101,93,
32766,7553,2380,52,56,
32766,7539,2411,78,64,
32766,7539,2407,75,79,
32766,7560,2403,59,86,
32766,7539,2398,74,61,
32766,7554,2382,100,65,
32766,7558,2383,74,64,
32766,7534,2405,77,81,
32766,7532,2408,81,63,
32766,7543,2401,60,86,
32766,7534,2393,112,114,
32766,7558,2389,95,59,
32766,7510,2408,62,76,
32766,7527,2429,53,91,
32766,7545,2413,49,67,
32766,7575,2398,32,76,
32766,7582,2419,102,60,
32766,7538,2373,86,47,
32766,7549,2412,90,83,
32766,7544,2411,63,78,
32766,7563,2399,99,74,
32766,7564,2403,63,70,
32766,7556,2401,76,78,
32766,7567,2410,75,87,
32766,7566,2417,58,71,
32766,7579,2410,60,47,
32766,7557,2405,92,59,
32766,7562,2403,98,32,
32766,7601,2366,97,54,
32766,7570,2384,94,74,
32766,7549,2415,110,74,
32766,7553,2376,32,50,
32766,7570,2398,68,62,
32766,7567,2410,78,65,
32766,7583,2391,62,58,
32766,7591,2418,59,63,
32766,7588,2386,68,66,
32766,7579,2421,58,71,
32766,7571,2408,82,40,
32766,7588,2412,67,70,
32766,7578,2400,106,50,
32766,7583,2404,52,54,
32766,7596,2416,54,85,
32766,7607,2385,117,16,
32766,7583,2410,84,39,
32766,7588,2421,87,45,
32766,7586,2419,91,81,
32766,7610,2405,54,101,
32766,7605,2407,109,87,
32766,7591,2396,87,71,
32766,7598,2428,101,58,
32766,7607,2407,73,60,
32766,7603,2404,64,63,
32766,7585,2417,70,72,
32766,7586,2420,55,51,
32766,7611,2412,87,58,
32766,7595,2403,88,85,
32766,7586,2413,87,28,
32766,7596,2419,66,111,
32766,7591,2421,54,61,
32766,7601,2401,89,28,
32766,7617,2409,62,93,
32766,7615,2414,78,81,
32766,7613,2404,58,69,
32766,7592,2412,68,85,
32766,7601,2433,70,87,
32766,7608,2419,81,55,
32766,7588,2407,87,63,
32766,7607,2422,82,49,
32766,7606,2411,89,69,
32766,7595,2423,88,67,
32766,7611,2436,67,65,
32766,7601,2426,104,83,
32766,7610,2414,30,55,
32766,7614,2420,61,96,
32766,7625,2392,68,77,
32766,7617,2398,51,135,
32766,7613,2429,85,74,
32766,7598,2389,75,74,
32766,7625,2411,79,58,
32766,7613,2423,66,66,
32766,7617,2417,81,54,
32766,7621,2409,68,65,
32766,7604,2408,79,60,
32766,7609,2412,86,57,
32766,7620,2420,73,48,
32766,7616,2415,80,55,
32766,7617,2407,77,66,
32766,7625,2422,54,75,
32766,7622,2421,49,91,
32766,7652,2403,43,94,
32766,7622,2432,101,68,
32766,7604,2435,40,84,
32766,7592,2414,98,30,
32766,7616,2423,94,38,
32766,7612,2439,71,53,
32766,7615,2406,85,65,
32766,7615,2420,74,62,
32766,7606,2422,97,80,
32766,7613,2432,76,65,
32766,7604,2432,76,72,
32766,7595,2421,59,70,
32766,7609,2419,62,46,
32766,7615,2443,71,63,
32766,7605,2432,63,86,
32766,7605,2434,31,111,
32766,7598,2427,61,76,
32766,7610,2412,89,60,
32766,7612,2419,40,77,
32766,7626,2403,69,83,
32766,7599,2424,66,70,
32766,7609,2420,75,78,
32766,7609,2418,75,70,
32766,7604,2426,65,48,
32766,7606,2431,77,68,
32766,7597,2422,77,66,
32766,7594,2426,82,61,
32766,7603,2439,81,57,
32766,7594,2414,101,68,
32766,7578,2402,45,97,
32766,7601,2411,75,49,
32766,7603,2425,92,58,
32766,7582,2427,93,58,
32766,7590,2413,41,40,
32766,7603,2419,63,63,
32766,7601,2403,47,70,
32766,7603,2413,91,54,
32766,7606,2405,64,78,
32766,7586,2411,83,94,
32766,7598,2421,86,74,
32766,7605,2414,98,44,
32766,7591,2408,78,72,
32766,7586,2427,84,86,
32766,7579,2419,83,100,
32766,7571,2441,69,56,
32766,7623,2415,62,76,
32766,7609,2431,63,36,
32766,7581,2438,91,97,
32766,7605,2386,67,25,
32766,7599,2425,56,86,
32766,7614,2450,66,76,
32766,7596,2421,58,67,
32766,7611,2417,78,54,
32766,7601,2418,65,47,
32766,7591,2415,96,64,
32766,7609,2426,84,64,
32766,7589,2417,84,71,
32766,7605,2424,59,73,
32766,7585,2412,87,79,
32766,7584,2425,80,53,
32766,7591,2437,40,75,
32766,7582,2410,71,44,
32766,7600,2392,68,48,
32766,7584,2446,65,70,
32766,7602,2420,76,88,
32766,7632,2403,82,54,
32766,7612,2409,71,64,
32766,7628,2419,78,66,
32766,7612,2413,63,64,
32766,7601,2413,82,61,
32766,7622,2425,77,59,
32766,7606,2413,95,59,
32766,7606,2411,69,86,
32766,7613,2415,68,69,
32766,7612,2411,88,73,
32766,7616,2405,90,38,
32766,7622,2400,80,11,
32766,7604,2408,87,65,
32766,7622,2403,56,77,
32766,7614,2424,87,40,
32766,7599,2431,37,80,
32766,7612,2415,51,65,
32766,7603,2426,69,57,
32766,7628,2413,77,74,
32766,7611,2426,62,64,
32766,7604,2426,68,52,
32766,7614,2419,58,81,
32766,7619,2407,73,86,
32766,7606,2423,80,57,
32766,7624,2410,96,63,
32766,7613,2430,52,63,
32766,7612,2417,54,79,
32766,7590,2453,81,47,
32766,7618,2405,90,67,
32766,7633,2429,75,78,
32766,7605,2445,47,91,
32766,7628,2434,90,68,
32766,7629,2426,82,88,
32766,7637,2422,70,63,
32766,7638,2429,64,66,
32766,7637,2413,88,70,
32766,7625,2409,88,62,
32766,7631,2415,82,59,
32766,7624,2408,65,71,
32766,7639,2437,97,39,
32766,7630,2422,74,90,
32766,7630,2397,80,21,
32766,7636,2437,97,91,
32766,7633,2436,77,72,
32766,7624,2404,72,62,
32766,7648,2414,36,72,
32766,7643,2423,92,107,
32766,7617,2435,89,68,
32766,7645,2442,74,57,
32766,7630,2434,67,53,
32766,7632,2433,77,69,
32766,7633,2432,94,55,
32766,7643,2418,85,61,
32766,7643,2433,76,70,
32766,7644,2405,77,78,
32766,7631,2414,105,38,
32766,7644,2409,78,83,
32766,7651,2410,107,41,
32766,7623,2431,53,53,
32766,7645,2435,79,72,
32766,7626,2427,60,52,
32766,7645,2417,80,67,
32766,7655,2442,63,43,
32766,7640,2437,67,92,
32766,7643,2428,68,63,
32766,7650,2412,65,64,
32766,7641,2418,70,49,
32766,7639,2419,58,70,
32766,7634,2415,91,64,
32766,7628,2434,53,65,
32766,7628,2413,76,42,
32766,7655,2421,77,82,
32766,7640,2428,96,72,
32766,7656,2429,75,82,
32766,7620,2421,67,69,
32766,7648,2430,39,60,
32766,7659,2401,69,37,
32766,7645,2440,108,71,
32766,7649,2430,92,68,
32766,7639,2426,67,93,
32766,7632,2415,88,65,
32766,7638,2427,72,65,
32766,7659,2418,49,79,
32766,7629,2424,74,71,
32766,7641,2417,68,72,
32766,7639,2423,84,76,
32766,7630,2422,91,68,
32766,7649,2426,63,66,
32766,7636,2445,120,50,
32766,7640,2437,96,79,
32766,7642,2429,101,87,
32766,7593,2423,57,41,
32766,7627,2441,61,85,
32766,7638,2431,103,73,
32766,7637,2432,82,53,
32766,7633,2436,89,90,
32766,7633,2439,69,66,
32766,7639,2412,81,73,
32766,7634,2437,64,74,
32766,7625,2412,75,45,
32766,7624,2419,82,78,
32766,7630,2416,93,73,
32766,7625,2445,68,71,
32766,7626,2424,99,22,
32766,7633,2422,82,73,
32766,7615,2420,73,83,
32766,7628,2421,75,72,
32766,7666,2402,99,92,
32766,7636,2414,83,68,
32766,7628,2422,44,68,
32766,7611,2411,64,62,
32766,7626,2413,76,80,
32766,7639,2417,81,82,
32766,7635,2424,69,59,
32766,7632,2426,72,58,
32766,7625,2424,67,67,
32766,7632,2398,74,58,
32766,7621,2412,86,47,
32766,7625,2415,83,66,
32766,7655,2418,81,80,
32766,7627,2418,86,76,
32766,7618,2416,54,54,
32766,7641,2427,38,44,
32766,7600,2401,79,52,
32766,7635,2405,55,42,
32766,7610,2410,51,63,
32766,7623,2407,73,64,
32766,7626,2426,58,65,
32766,7612,2423,64,75,
32766,7627,2427,64,52,
32766,7626,2435,83,65,
32766,7639,2410,79,61,
32766,7618,2416,82,68,
32766,7642,2406,47,51,
32766,7610,2443,62,67,
32766,7611,2426,72,34,
32766,7614,2402,42,59,
32766,7649,2400,50,82,
32766,7617,2434,89,68,
32766,7604,2428,77,103,
32766,7630,2393,68,77,
32766,7605,2418,62,75,
32766,7624,2416,71,79,
32766,7612,2418,73,91,
32766,7616,2422,86,50,
32766,7618,2407,78,100,
32766,7616,2418,82,46,
32766,7628,2401,85,77,
32766,7630,2402,50,94,
32766,7625,2398,99,75,
32766,7624,2416,54,46,
32766,7644,2421,59,93,
32766,7623,2417,72,83,
32766,7626,2428,109,61,
32766,7607,2413,61,62,
32766,7628,2404,64,71,
32766,7623,2417,67,66,
32766,7609,2424,61,54,
32766,7621,2422,46,78,
32766,7642,2423,99,46,
32766,7618,2407,83,89,
32766,7614,2404,66,71,
32766,7621,2403,80,66,
32766,7605,2416,82,72,
32766,7634,2386,91,54,
32766,7626,2412,75,72,
32766,7618,2416,41,84,
32766,7615,2410,74,61,
32766,7608,2422,96,31,
32766,7612,2411,74,48,
32766,7608,2408,38,55,
32766,7625,2407,87,58,
32766,7618,2413,77,62,
32766,7617,2414,55,86,
32766,7609,2417,42,62,
32766,7634,2407,76,67,
32766,7630,2422,69,32,
32766,7625,2410,76,69,
32766,7623,2410,63,69,
32766,7636,2429,75,59,
32766,7603,2427,87,57,
32766,7617,2405,81,31,
32766,7635,2415,69,47,
32766,7637,2440,57,95,
32766,7629,2408,89,59,
32766,7608,2411,90,85,
32766,7627,2413,100,72,
32766,7623,2427,81,66,
32766,7620,2414,68,70,
32766,7621,2412,65,56,
32766,7626,2415,89,58,
32766,7623,2406,62,79,
32766,7625,2405,68,67,
32766,7625,2418,56,78,
32766,7617,2427,42,61,
32766,7616,2435,75,56,
32766,7612,2433,77,85,
32766,7619,2415,69,72,
32766,7633,2407,59,76,
32766,7618,2433,106,79,
32766,7614,2406,63,47,
32766,7633,2419,82,62,
32766,7616,2432,52,60,
32766,7625,2410,68,57,
32766,7616,2421,59,69,
32766,7623,2403,62,45,
32766,7633,2413,67,51,
32766,7627,2403,65,55,
32766,7634,2395,88,64,
32766,7635,2400,78,66,
32766,7637,2383,67,101,
32766,7644,2415,79,47,
32766,7634,2395,57,36,
32766,7625,2391,80,69,
32766,7630,2405,82,58,
32766,7663,2410,88,58,
32766,7628,2422,70,59,
32766,7612,2404,60,87,
32766,7633,2416,69,54,
32766,7609,2431,84,71,
32766,7619,2395,78,57,
32766,7630,2421,88,61,
32766,7629,2427,62,82,
32766,7642,2428,61,84,
32766,7633,2423,99,72,
32766,7629,2413,61,38,
32766,7635,2428,53,62,
32766,7648,2414,27,124,
32766,7659,2411,57,83,
32766,7644,2405,104,32,
32766,7619,2427,93,38,
32766,7647,2424,71,106,
32766,7640,2408,53,62,
32766,7628,2409,95,70,
32766,7638,2412,76,74,
32766,7645,2431,86,68,
32766,7618,2419,96,81,
32766,7645,2415,60,72,
32766,7655,2420,75,69,
32766,7649,2426,69,78,
32766,7649,2433,108,42,
32766,7645,2432,56,80,
32766,7640,2419,65,51,
32766,7660,2406,78,72,
32766,7653,2398,71,70,
32766,7685,2424,56,96,
32766,7622,2405,81,0,
32766,7646,2434,77,55,
32766,7646,2413,61,65,
32766,7647,2423,69,60,
32766,7645,2399,78,61,
32766,7658,2408,73,78,
32766,7662,2423,52,53,
32766,7653,2434,69,87,
32766,7652,2416,75,75,
32766,7662,2436,53,64,
32766,7655,2419,77,52,
32766,7679,2440,41,55,
32766,7648,2408,95,53,
32766,7664,2409,61,63,
32766,7671,2413,57,69,
32766,7672,2410,76,39,
32766,7650,2387,50,69,
32766,7650,2418,63,83,
32766,7668,2413,73,65,
32766,7654,2418,67,45,
32766,7662,2430,80,63,
32766,7663,2428,74,76,
32766,7664,2404,82,51,
32766,7644,2421,72,65,
32766,7671,2427,108,55,
32766,7671,2431,88,70,
32766,7673,2410,67,113,
32766,7670,2405,120,43,
32766,7619,2431,71,51,
32766,7660,2412,77,39,
32766,7660,2418,57,54,
32766,7665,2415,99,66,
32766,7646,2438,64,46,
32766,7657,2421,87,73,
32766,7652,2428,61,65,
32766,7647,2424,64,56,
32766,7660,2431,72,67,
32766,7655,2420,88,74,
32766,7660,2415,96,61,
32766,7638,2414,63,66,
32766,7642,2417,97,69,
32766,7655,2432,103,77,
32766,7644,2416,80,60,
32766,7653,2417,97,44,
32766,7642,2421,99,71,
32766,7634,2415,103,61,
32766,7637,2453,63,86,
32766,7640,2424,27,96,
32766,7646,2422,59,62,
32766,7643,2405,67,50,
32766,7628,2423,73,47,
32766,7649,2407,112,63,
32766,7642,2419,56,49,
32766,7634,2425,58,59,
32766,7638,2417,83,88,
32766,7656,2422,86,42,
32766,7636,2438,53,59,
32766,7650,2418,67,62,
32766,7622,2419,100,50,
32766,7626,2458,67,79,
32766,7646,2415,72,78,
32766,7626,2428,95,45,
32766,7656,2428,96,76,
32766,7632,2426,70,70,
32766,7627,2412,71,69,
32766,7636,2401,79,78,
32766,7641,2413,63,42,
32766,7632,2403,69,63,
32766,7641,2423,86,71,
32766,7638,2429,83,81,
32766,7645,2422,75,70,
32766,7657,2406,77,89,
32766,7631,2435,46,103,
32766,7678,2420,74,97,
32766,7669,2411,97,41,
32766,7645,2422,69,86,
32766,7647,2415,107,46,
32766,7622,2414,64,49,
32766,7673,2440,69,96,
32766,7623,2402,56,52,
32766,7622,2414,54,74,
32766,7632,2402,54,62,
32766,7645,2393,81,73,
32766,7655,2400,86,61,
32766,7634,2419,77,69,
32766,7637,2412,49,64,
32766,7640,2408,83,67,
32766,7622,2423,61,45,
32766,7638,2386,86,43,
32766,7654,2430,60,43,
32766,7614,2435,71,75,
32766,7631,2408,68,46,
32766,7619,2452,42,77,
32766,7622,2415,50,61,
32766,7652,2405,87,46,
32766,7622,2418,62,80,
32766,7614,2414,69,65,
32766,7618,2388,69,77,
32766,7636,2418,62,73,
32766,7613,2407,60,72,
32766,7599,2413,96,61,
32766,7610,2412,73,85,
32766,7628,2432,57,65,
32766,7617,2426,73,67,
32766,7606,2407,91,44,
32766,7602,2402,64,70,
32766,7613,2393,69,72,
32766,7599,2398,96,61,
32766,7614,2432,89,79,
32766,7590,2414,53,55,
32766,7618,2404,98,69,
32766,7609,2397,64,70,
32766,7605,2400,52,63,
32766,7599,2405,78,72,
32766,7598,2400,75,53,
32766,7602,2411,48,60,
32766,7618,2383,84,58,
32766,7595,2395,56,52,
32766,7616,2426,97,17,
32766,7590,2402,82,78,
32766,7626,2372,57,83,
32766,7615,2388,77,68,
32766,7618,2416,98,55,
32766,7638,2400,51,81,
32766,7622,2427,112,63,
32766,7626,2403,52,79,
32766,7632,2421,83,67,
32766,7622,2405,81,65,
32766,7619,2412,96,79,
32766,7608,2416,58,69,
32766,7619,2412,57,67,
32766,7613,2420,74,58,
32766,7633,2409,82,53,
32766,7649,2402,70,19,
32766,7666,2380,81,20,
32766,7593,2449,66,69,
32766,7623,2404,73,66,
32766,7625,2415,99,58,
32766,7622,2409,85,59,
32766,7645,2398,78,42,
32766,7657,2409,67,93,
32766,7636,2417,67,72,
32766,7622,2419,87,58,
32766,7641,2419,61,82,
32766,7627,2429,67,59,
32766,7662,2394,73,55,
32766,7647,2404,63,50,
32766,7649,2405,76,52,
32766,7662,2430,50,62,
32766,7688,2415,85,34,
32766,7656,2418,125,78,
32766,7637,2431,81,52,
32766,7657,2410,66,64,
32766,7658,2421,86,68,
32766,7677,2405,84,40,
32766,7657,2401,54,52,
32766,7661,2423,84,68,
32766,7666,2442,71,67,
32766,7660,2427,53,76,
32766,7647,2430,64,71,
32766,7652,2416,45,84,
32766,7657,2397,77,56,
32766,7654,2444,67,70,
32766,7646,2413,113,77,
32766,7654,2409,76,91,
32766,7633,2392,121,66,
32766,7652,2442,68,78,
32766,7650,2434,61,103,
32766,7644,2426,80,66,
32766,7688,2403,74,63,
32766,7690,2437,52,108,
32766,7658,2404,60,68,
32766,7660,2413,85,68,
32766,7680,2414,62,68,
32766,7660,2416,66,62,
32766,7664,2416,86,61,
32766,7663,2439,62,79,
32766,7673,2438,77,67,
32766,7653,2434,72,65,
32766,7677,2424,92,49,
32766,7679,2428,101,60,
32766,7659,2408,57,73,
32766,7658,2422,110,32,
32766,7666,2416,71,71,
32766,7675,2451,84,74,
32766,7678,2441,75,128,
32766,7696,2426,43,60,
32766,7666,2437,79,73,
32766,7663,2434,70,51,
32766,7666,2428,78,70,
32766,7675,2436,68,78,
32766,7684,2421,67,59,
32766,7673,2429,50,45,
32766,7658,2432,56,64,
32766,7675,2415,82,75,
32766,7676,2423,71,85,
32766,7701,2419,107,65,
32766,7690,2431,82,58,
32766,7691,2436,62,49,
32766,7705,2418,53,83,
32766,7664,2425,108,33,
32766,7666,2425,98,56,
32766,7672,2430,82,89,
32766,7668,2433,62,57,
32766,7677,2430,81,45,
32766,7669,2414,70,67,
32766,7666,2445,71,55,
32766,7667,2437,87,74,
32766,7658,2445,73,70,
32766,7679,2441,80,53,
32766,7689,2439,83,75,
32766,7666,2435,47,110,
32766,7695,2427,81,50,
32766,7690,2439,55,105,
32766,7686,2447,68,75,
32766,7687,2447,126,68,
32766,7684,2439,105,44,
32766,7656,2443,51,73,
32766,7694,2434,93,43,
32766,7675,2429,50,63,
32766,7674,2442,67,77,
32766,7664,2436,79,62,
32766,7668,2433,65,77,
32766,7649,2437,71,76,
32766,7661,2433,58,68,
32766,7671,2447,59,47,
32766,7673,2408,92,41,
32766,7638,2451,69,86,
32766,7678,2438,78,64,
32766,7667,2441,58,77,
32766,7660,2447,88,66,
32766,7678,2432,130,49,
32766,7639,2416,64,76,
32766,7647,2440,72,65,
32766,7650,2421,71,70,
32766,7642,2432,79,73,
32766,7630,2413,97,57,
32766,7639,2434,82,53,
32766,7626,2425,82,78,
32766,7622,2409,74,74,
32766,7624,2419,57,59,
32766,7609,2428,99,65,
32766,7627,2434,105,74,
32766,7606,2435,70,63,
32766,7601,2403,104,49,
32766,7625,2405,61,82,
32766,7596,2439,61,77,
32766,7634,2398,69,28,
32766,7587,2409,105,29,
32766,7593,2432,64,58,
32766,7599,2419,85,73,
32766,7587,2412,67,73,
32766,7576,2421,73,64,
32766,7589,2409,82,44,
32766,7583,2416,58,64,
32766,7587,2404,98,79,
32766,7588,2410,45,54,
32766,7606,2414,71,98,
32766,7570,2431,34,73,
32766,7578,2407,69,89,
32766,7576,2420,97,70,
32766,7574,2400,123,43,
32766,7572,2411,75,49,
32766,7591,2431,74,84,
32766,7588,2405,78,69,
32766,7568,2416,63,57,
32766,7563,2398,78,50,
32766,7573,2404,63,62,
32766,7565,2421,64,62,
32766,7564,2420,90,58,
32766,7580,2405,65,69,
32766,7561,2395,80,90,
32766,7556,2417,91,38,
32766,7577,2406,106,72,
32766,7586,2424,91,33,
32766,7573,2417,68,56,
32766,7546,2418,69,70,
32766,7571,2385,76,34,
32766,7553,2433,89,51,
32766,7561,2405,72,33,
32766,7556,2398,83,66,
32766,7554,2386,71,70,
32766,7560,2417,68,64,
32766,7554,2411,85,56,
32766,7553,2386,72,55,
32766,7546,2423,68,71,
32766,7556,2404,73,60,
32766,7557,2393,42,87,
32766,7590,2418,93,45,
32766,7556,2405,55,51,
32766,7535,2411,97,68,
32766,7546,2401,88,58,
32766,7564,2395,45,74,
32766,7558,2410,103,63,
32766,7551,2414,117,70,
32766,7567,2420,82,67,
32766,7564,2399,66,94,
32766,7550,2415,70,75,
32766,7549,2403,61,80,
32766,7564,2401,80,71,
32766,7555,2413,70,63,
32766,7564,2402,73,72,
32766,7549,2411,86,93,
32766,7532,2421,108,27,
32766,7565,2409,44,71,
32766,7557,2389,80,65,
32766,7566,2394,57,72,
32766,7568,2396,64,67,
32766,7575,2387,94,50,
32766,7566,2399,72,31,
32766,7572,2409,51,63,
32766,7574,2415,86,80,
32766,7573,2408,70,66,
32766,7564,2406,66,91,
32766,7568,2412,80,75,
32766,7575,2418,74,75,
32766,7578,2406,79,75,
32766,7593,2416,109,50,
32766,7593,2410,88,24,
32766,7585,2415,5,112,
32766,7617,2436,50,49,
32766,7588,2405,54,89,
32766,7607,2400,69,87,
32766,7588,2411,69,51,
32766,7609,2407,109,59,
32766,7605,2426,52,68,
32766,7603,2436,66,65,
32766,7593,2415,63,67,
32766,7601,2415,79,70,
32766,7609,2419,83,56,
32766,7600,2424,74,84,
32766,7595,2412,71,72,
32766,7602,2408,68,63,
32766,7586,2410,101,74,
32766,7619,2377,104,71,
32766,7561,2425,53,68,
32766,7597,2408,52,104,
32766,7561,2422,70,78,
32766,7614,2425,61,102,
32766,7607,2365,91,13,
32766,7606,2433,70,78,
32766,7571,2389,54,74,
32766,7582,2415,88,71,
32766,7585,2413,91,76,
32766,7570,2408,81,55,
32766,7567,2416,63,63,
32766,7565,2414,78,73,
32766,7577,2405,82,57,
32766,7591,2405,88,77,
32766,7579,2426,118,83,
32766,7577,2423,95,95,
32766,7577,2399,81,62,
32766,7570,2396,68,64,
32766,7556,2420,72,66,
32766,7596,2385,71,91,
32766,7563,2423,69,70,
32766,7597,2405,72,44,
32766,7591,2412,67,48,
32766,7602,2418,81,50,
32766,7602,2415,83,73,
32766,7593,2422,76,56,
32766,7614,2414,81,67,
32766,7606,2420,61,86,
32766,7606,2421,98,58,
32766,7606,2394,79,69,
32766,7608,2416,74,75,
32766,7618,2413,45,55,
32766,7619,2411,68,52,
32766,7626,2419,45,46,
32766,7609,2428,108,63,
32766,7586,2431,86,86,
32766,7596,2415,86,53,
32766,7591,2428,55,60,
32766,7594,2430,65,73,
32766,7593,2427,80,65,
32766,7608,2414,64,72,
32766,7590,2420,61,55,
32766,7591,2420,93,65,
32766,7585,2422,65,62,
32766,7577,2408,102,67,
32766,7582,2400,66,92,
32766,7627,2425,39,80,
32766,7611,2386,53,33,
32766,7595,2409,55,71,
32766,7605,2432,67,96,
32766,7591,2431,92,0,
32766,7595,2413,36,72,
32766,7611,2424,102,50,
32766,7603,2420,79,49,
32766,7604,2424,54,70,
32766,7618,2427,86,65,
32766,7606,2424,74,39,
32766,7615,2432,69,56,
32766,7623,2425,97,64,
32766,7625,2431,75,64,
32766,7628,2422,56,58,
32766,7629,2416,80,67,
32766,7611,2447,86,37,
32766,7609,2421,56,83,
32766,7608,2455,77,70,
32766,7629,2430,80,63,
32766,7631,2410,71,78,
32766,7628,2409,75,32,
32766,7601,2421,50,78,
32766,7609,2431,83,65,
32766,7612,2432,88,78,
32766,7614,2428,78,56,
32766,7605,2423,91,83,
32766,7622,2422,81,77,
32766,7625,2430,48,67,
32766,7636,2423,54,78,
32766,7612,2437,18,83,
32766,7615,2398,62,53,
32766,7619,2417,83,55,
32766,7621,2416,87,83,
32766,7623,2426,56,65,
32766,7617,2441,83,70,
32766,7601,2429,103,36,
32766,7591,2434,59,56,
32766,7599,2427,82,75,
32766,7624,2422,64,80,
32766,7621,2424,67,57,
32766,7621,2420,87,79,
32766,7629,2433,76,49,
32766,7609,2407,78,66,
32766,7608,2416,84,74,
32766,7605,2430,71,85,
32766,7649,2399,65,62,
32766,7651,2413,89,35,
32766,7643,2421,87,41,
32766,7633,2430,54,69,
32766,7620,2395,83,31,
32766,7616,2409,37,36,
32766,7623,2412,75,63,
32766,7630,2424,107,58,
32766,7622,2431,72,51,
32766,7612,2438,73,56,
32766,7624,2439,90,79,
32766,7627,2417,75,62,
32766,7622,2436,62,64,
32766,7632,2440,85,77,
32766,7645,2405,105,90,
32766,7628,2413,56,75,
32766,7629,2422,89,63,
32766,7643,2420,61,76,
32766,7664,2426,59,71,
32766,7630,2420,62,54,
32766,7616,2406,131,4,
32766,7632,2438,64,67,
32766,7633,2438,70,78,
32766,7624,2445,72,83,
32766,7624,2433,54,59,
32766,7640,2435,69,79,
32766,7639,2423,81,65,
32766,7650,2440,95,67,
32766,7639,2451,63,63,
32766,7622,2456,75,57,
32766,7631,2404,88,46,
32766,7637,2487,74,79,
32766,7652,2467,40,113,
32766,7636,2456,68,71,
32766,7639,2417,58,92,
32766,7659,2398,24,61,
32766,7632,2394,82,23,
32766,7645,2418,62,75,
32766,7651,2426,69,63,
32766,7641,2421,57,61,
32766,7630,2427,79,58,
32766,7644,2442,65,76,
32766,7636,2438,95,56,
32766,7640,2441,81,60,
32766,7624,2432,84,76,
32766,7634,2427,100,84,
32766,7660,2426,66,105,
32766,7660,2422,60,63,
32766,7649,2425,70,77,
32766,7606,2457,120,68,
32766,7662,2416,16,96,
32766,7658,2409,70,90,
32766,7639,2432,76,52,
32766,7618,2427,67,67,
32766,7637,2456,86,64,
32766,7631,2435,76,74,
32766,7631,2431,84,69,
32766,7634,2432,60,48,
32766,7656,2426,83,78,
32766,7633,2406,82,83,
32766,7622,2427,79,53,
32766,7627,2427,33,106,
32766,7643,2410,100,55,
32766,7623,2422,71,43,
32766,7615,2434,59,78,
32766,7628,2396,48,36,
32766,7607,2434,108,56,
32766,7617,2420,84,104,
32766,7638,2434,89,79,
32766,7625,2418,51,76,
32766,7625,2419,63,64,
32766,7619,2428,102,66,
32766,7625,2410,79,68,
32766,7615,2443,88,76,
32766,7613,2415,60,72,
32766,7611,2434,62,45,
32766,7615,2422,59,58,
32766,7627,2412,75,51,
32766,7591,2422,82,63,
32766,7605,2417,68,68,
32766,7611,2448,100,87,
32766,7603,2422,80,38,
32766,7599,2425,87,82,
32766,7609,2408,83,53,
32766,7605,2425,50,55,
32766,7608,2412,75,49,
32766,7612,2416,58,48,
32766,7600,2425,63,64,
32766,7595,2400,82,73,
32766,7593,2414,99,81,
32766,7604,2407,79,69,
32766,7600,2426,86,78,
32766,7588,2408,70,76,
32766,7616,2424,61,88,
32766,7621,2401,59,59,
32766,7594,2408,83,95,
32766,7616,2409,76,57,
32766,7587,2427,78,85,
32766,7601,2432,65,70,
32766,7598,2415,82,70,
32766,7606,2409,69,83,
32766,7616,2414,65,73,
32766,7616,2409,89,72,
32766,7622,2417,87,94,
32766,7626,2414,91,72,
32766,7618,2404,83,71,
32766,7621,2417,84,59,
32766,7615,2428,85,68,
32766,7605,2456,57,105,
32766,7645,2412,82,60,
32766,7638,2410,68,110,
32766,7595,2413,66,50,
32766,7599,2420,105,85,
32766,7602,2415,82,78,
32766,7616,2433,56,70,
32766,7601,2412,90,68,
32766,7606,2422,70,65,
32766,7620,2408,70,72,
32766,7622,2424,74,66,
32766,7627,2419,53,52,
32766,7630,2431,54,49,
32766,7632,2439,36,48,
32766,7637,2420,112,47,
32766,7631,2420,43,66,
32766,7624,2420,66,70,
32766,7643,2422,61,69,
32766,7633,2434,113,49,
32766,7657,2414,67,72,
32766,7628,2409,68,77,
32766,7649,2439,88,43,
32766,7640,2419,80,40,
32766,7635,2425,94,66,
32766,7634,2436,82,55,
32766,7646,2419,57,62,
32766,7635,2421,63,59,
32766,7637,2404,48,85,
32766,7631,2421,84,75,
32766,7636,2397,71,73,
32766,7608,2459,0,145,
32766,7636,2419,59,37,
32766,7638,2432,73,65,
32766,7619,2451,78,57,
32766,7631,2406,86,64,
32766,7653,2417,36,71,
32766,7636,2419,83,75,
32766,7637,2419,77,59,
32766,7626,2427,83,45,
32766,7639,2418,78,63,
32766,7631,2431,73,48,
32766,7637,2418,72,51,
32766,7631,2408,70,60,
32766,7635,2414,59,93,
32766,7636,2416,68,61,
32766,7605,2402,39,70,
32766,7636,2413,67,89,
32766,7608,2401,91,48,
32766,7625,2408,60,52,
32766,7595,2429,94,71,
32766,7628,2397,77,48,
32766,7617,2417,84,86,
32766,7625,2425,74,55,
32766,7625,2406,66,74,
32766,7618,2405,73,62,
32766,7633,2405,69,63,
32766,7622,2405,70,69,
32766,7624,2430,82,63,
32766,7598,2417,85,61,
32766,7614,2420,109,62,
32766,7614,2439,61,59,
32766,7647,2395,48,75,
32766,7630,2393,81,72,
32766,7623,2425,88,81,
32766,7636,2430,62,62,
32766,7633,2458,89,128,
32766,7626,2396,38,73,
32766,7641,2433,80,69,
32766,7643,2417,73,75,
32766,7626,2432,64,49,
32766,7642,2410,61,63,
32766,7645,2416,92,70,
32766,7642,2421,56,73,
32766,7649,2419,101,66,
32766,7645,2439,74,60,
32766,7636,2442,107,60,
32766,7675,2422,60,49,
32766,7638,2421,115,60,
32766,7641,2428,88,86,
32766,7657,2415,52,58,
32766,7657,2444,67,88,
32766,7640,2411,80,59,
32766,7663,2433,78,50,
32766,7630,2430,69,63,
32766,7655,2424,60,84,
32766,7653,2422,61,67,
32766,7652,2432,69,52,
32766,7661,2433,84,77,
32766,7644,2430,77,59,
32766,7653,2437,62,64,
32766,7619,2438,94,98,
32766,7649,2404,17,90,
32766,7679,2416,88,56,
32766,7676,2430,94,48,
32766,7678,2441,51,46,
32766,7637,2428,40,71,
32766,7677,2427,87,71,
32766,7640,2445,51,21,
32766,7670,2440,69,80,
32766,7678,2423,74,86,
32766,7678,2448,55,78,
32766,7672,2435,91,64,
32766,7687,2436,88,76,
32766,7687,2436,70,87,
32766,7688,2427,74,62,
32766,7678,2406,115,59,
32766,7710,2413,62,76,
32766,7685,2435,95,73,
32766,7696,2440,62,51,
32766,7700,2432,80,61,
32766,7661,2463,79,104,
32766,7684,2441,39,61,
32766,7690,2438,48,72,
32766,7666,2438,65,81,
32766,7699,2449,81,71,
32766,7687,2452,74,69,
32766,7687,2436,69,57,
32766,7685,2432,86,61,
32766,7684,2439,70,71,
32766,7678,2447,102,48,
32766,7681,2444,84,37,
32766,7697,2465,93,78,
32766,7683,2451,78,91,
32766,7680,2462,87,32,
32766,7709,2454,75,55,
32766,7698,2452,86,91,
32766,7683,2467,102,92,
32766,7703,2433,43,37,
32766,7698,2446,96,53,
32766,7687,2428,97,44,
32766,7700,2454,77,74,
32766,7696,2451,73,68,
32766,7717,2448,101,44,
32766,7697,2456,73,81,
32766,7707,2438,83,65,
32766,7710,2440,75,64,
32766,7704,2446,84,71,
32766,7706,2465,78,49,
32766,7691,2441,95,44,
32766,7707,2441,83,63,
32766,7732,2449,77,54,
32766,7692,2438,65,47,
32766,7732,2423,46,76,
32766,7704,2452,70,68,
32766,7709,2459,65,57,
32766,7691,2448,65,61,
32766,7702,2451,71,73,
32766,7695,2449,99,56,
32766,7700,2439,67,58,
32766,7690,2455,81,68,
32766,7712,2442,93,72,
32766,7708,2439,54,44,
32766,7713,2463,72,79,
32766,7708,2461,103,73,
32766,7698,2466,39,56,
32766,7698,2442,82,44,
32766,7708,2449,79,76,
32766,7703,2448,47,74,
32766,7701,2442,83,45,
32766,7708,2461,84,77,
32766,7698,2448,55,55,
32766,7700,2443,88,62,
32766,7685,2466,75,46,
32766,7687,2447,79,62,
32766,7693,2438,70,43,
32766,7672,2457,101,83,
32766,7675,2440,61,93,
32766,7678,2439,42,109,
32766,7665,2439,68,75,
32766,7714,2423,81,62,
32766,7680,2435,82,53,
32766,7672,2435,97,52,
32766,7686,2437,57,61,
32766,7657,2439,42,48,
32766,7661,2430,73,83,
32766,7664,2431,73,49,
32766,7658,2434,90,61,
32766,7661,2420,94,51,
32766,7650,2448,82,73,
32766,7656,2430,84,52,
32766,7670,2425,67,68,
32766,7651,2436,48,69,
32766,7639,2450,35,64,
32766,7633,2416,64,88,
32766,7638,2409,52,72,
32766,7641,2436,59,61,
32766,7664,2406,51,77,
32766,7639,2447,71,91,
32766,7645,2427,118,59,
32766,7617,2429,49,55,
32766,7625,2414,55,65,
32766,7628,2410,76,60,
32766,7625,2415,58,72,
32766,7629,2415,88,67,
32766,7620,2409,85,66,
32766,7612,2418,55,71,
32766,7619,2411,66,60,
32766,7618,2394,93,85,
32766,7614,2416,75,84,
32766,7613,2411,66,46,
32766,7607,2414,92,46,
32766,7612,2399,63,61,
32766,7610,2400,78,41,
32766,7608,2424,86,45,
32766,7616,2411,82,64,
32766,7607,2408,98,56,
32766,7615,2420,90,76,
32766,7610,2415,71,82,
32766,7624,2411,70,60,
32766,7617,2413,69,63,
32766,7611,2396,73,60,
32766,7586,2393,96,56,
32766,7623,2404,90,59,
32766,7615,2404,43,95,
32766,7570,2427,131,37,
32766,7602,2393,75,81,
32766,7598,2410,113,59,
32766,7599,2382,54,90,
32766,7574,2413,45,63,
32766,7633,2416,81,98,
32766,7605,2401,50,74,
32766,7610,2396,91,76,
32766,7600,2399,76,62,
32766,7601,2396,74,73,
32766,7605,2402,86,70,
32766,7592,2406,88,48,
32766,7594,2420,69,56,
32766,7577,2414,96,60,
32766,7582,2413,87,65,
32766,7613,2385,86,87,
32766,7580,2414,91,36,
32766,7583,2412,102,72,
32766,7615,2404,70,82,
32766,7570,2406,58,49,
32766,7606,2417,34,97,
32766,7591,2377,64,77,
32766,7593,2399,58,75,
32766,7605,2394,75,62,
32766,7587,2416,90,76,
32766,7603,2402,60,64,
32766,7577,2401,88,82,
32766,7585,2387,86,67,
32766,7588,2396,75,74,
32766,7605,2409,91,62,
32766,7593,2398,56,102,
32766,7575,2408,66,40,
32766,7575,2425,65,74,
32766,7593,2421,79,57,
32766,7591,2406,75,83,
32766,7608,2398,42,95,
32766,7615,2403,87,72,
32766,7583,2391,78,38,
32766,7621,2406,66,66,
32766,7609,2412,81,68,
32766,7594,2396,62,61,
32766,7599,2389,92,86,
32766,7608,2392,80,61,
32766,7590,2416,57,52,
32766,7603,2389,53,64,
32766,7606,2402,11,52,
32766,7572,2392,103,27,
32766,7600,2410,59,74,
32766,7598,2398,65,47,
32766,7604,2396,72,48,
32766,7610,2423,90,89,
32766,7603,2409,57,64,
32766,7606,2410,80,63,
32766,7609,2408,66,64,
32766,7593,2398,77,57,
32766,7599,2407,85,68,
32766,7582,2412,69,52,
32766,7597,2425,91,55,
32766,7604,2403,71,57,
32766,7598,2413,88,47,
32766,7603,2414,111,65,
32766,7596,2418,49,78,
32766,7610,2406,107,54,
32766,7600,2373,88,48,
32766,7592,2377,32,89,
32766,7592,2431,82,40,
32766,7589,2401,67,68,
32766,7592,2410,76,57,
32766,7589,2406,68,71,
32766,7597,2417,93,49,
32766,7584,2403,72,54,
32766,7603,2395,68,99,
32766,7595,2408,67,80,
32766,7587,2409,94,59,
32766,7596,2396,72,66,
32766,7599,2419,61,58,
32766,7593,2427,64,40,
32766,7604,2404,77,52,
32766,7598,2398,81,72,
32766,7592,2377,111,27,
32766,7589,2405,6,109,
32766,7614,2411,81,87,
32766,7596,2398,86,69,
32766,7596,2393,52,80,
32766,7596,2415,62,67,
32766,7597,2407,59,74,
32766,7615,2409,66,73,
32766,7596,2423,72,51,
32766,7599,2397,78,71,
32766,7586,2403,68,59,
32766,7603,2420,59,71,
32766,7630,2368,34,80,
32766,7612,2415,96,58,
32766,7607,2399,73,49,
32766,7591,2411,114,46,
32766,7581,2399,21,83,
32766,7610,2404,69,25,
32766,7605,2437,82,69,
32766,7615,2408,62,68,
32766,7607,2414,83,65,
32766,7606,2416,72,81,
32766,7611,2434,58,64,
32766,7625,2412,73,76,
32766,7621,2389,87,61,
32766,7609,2417,65,59,
32766,7577,2419,72,54,
32766,7597,2402,106,32,
32766,7606,2391,99,118,
32766,7623,2399,79,39,
32766,7606,2411,65,54,
32766,7622,2390,64,80,
32766,7633,2417,56,74,
32766,7596,2419,84,49,
32766,7617,2403,75,80,
32766,7603,2414,85,93,
32766,7598,2397,67,66,
32766,7606,2402,90,72,
32766,7604,2394,72,76,
32766,7595,2403,85,45,
32766,7593,2424,62,66,
32766,7614,2422,53,69,
32766,7593,2405,79,51,
32766,7594,2424,67,77,
32766,7609,2408,80,43,
32766,7614,2400,60,81,
32766,7627,2413,52,94,
32766,7604,2415,112,44,
32766,7591,2421,98,76,
32766,7612,2415,96,96,
32766,7613,2409,74,48,
32766,7624,2409,53,85,
32766,7616,2425,68,54,
32766,7612,2414,82,56,
32766,7608,2417,85,53,
32766,7606,2395,71,60,
32766,7608,2404,79,56,
32766,7601,2392,89,58,
32766,7627,2391,52,50,
32766,7617,2416,52,105,
32766,7613,2405,64,52,
32766,7624,2424,38,83,
32766,7615,2427,85,59,
32766,7611,2406,90,87,
32766,7613,2400,61,55,
32766,7609,2411,67,81,
32766,7626,2405,54,75,
32766,7611,2409,45,50,
32766,7612,2416,91,51,
32766,7639,2409,78,71,
32766,7628,2404,68,85,
32766,7616,2415,87,76,
32766,7606,2402,63,64,
32766,7630,2410,62,57,
32766,7597,2420,91,63,
32766,7604,2430,46,103,
32766,7621,2421,72,71,
32766,7622,2435,83,83,
32766,7600,2417,87,85,
32766,7608,2386,47,79,
32766,7626,2409,72,63,
32766,7611,2425,71,48,
32766,7617,2429,89,49,
32766,7616,2415,80,61,
32766,7619,2417,78,42,
32766,7619,2414,84,59,
32766,7614,2413,73,60,
32766,7617,2435,33,85,
32766,7612,2434,83,49,
32766,7628,2396,100,40,
32766,7636,2409,50,82,
32766,7621,2407,58,63,
32766,7616,2407,48,51,
32766,7617,2418,67,104,
32766,7618,2412,76,61,
32766,7621,2407,71,78,
32766,7613,2410,81,59,
32766,7620,2404,74,44,
32766,7622,2413,63,53,
32766,7615,2403,64,95,
32766,7608,2406,57,61,
32766,7620,2412,96,40,
32766,7643,2409,71,59,
32766,7662,2418,91,59,
32766,7608,2404,92,108,
32766,7639,2397,48,81,
32766,7621,2407,43,84,
32766,7632,2418,51,90,
32766,7602,2427,93,38,
32766,7609,2402,65,20,
32766,7633,2413,82,71,
32766,7613,2419,77,50,
32766,7620,2406,72,43,
32766,7625,2407,72,65,
32766,7621,2399,59,66,
32766,7610,2406,69,75,
32766,7637,2406,78,51,
32766,7621,2397,93,61,
32766,7620,2413,97,36,
32766,7622,2420,66,72,
32766,7591,2393,77,79,
32766,7611,2405,83,45,
32766,7618,2417,86,63,
32766,7611,2397,85,55,
32766,7610,2407,28,122,
32766,7607,2379,99,74,
32766,7613,2420,83,55,
32766,7608,2415,69,68,
32766,7608,2397,68,61,
32766,7595,2431,91,76,
32766,7617,2414,64,46,
32766,7622,2419,74,83,
32766,7589,2418,58,66,
32766,7616,2406,72,55,
32766,7610,2415,68,100,
32766,7622,2393,66,52,
32766,7632,2397,66,86,
32766,7624,2408,78,80,
32766,7593,2408,57,51,
32766,7605,2424,67,99,
32766,7628,2386,69,72,
32766,7608,2421,78,71,
32766,7608,2405,76,76,
32766,7612,2413,72,47,
32766,7605,2400,74,69,
32766,7619,2431,74,67,
32766,7621,2410,82,68,
32766,7624,2415,106,67,
32766,7647,2429,63,54,
32766,7642,2423,59,69,
32766,7632,2383,93,77,
32766,7651,2408,91,91,
32766,7622,2420,104,68,
32766,7662,2435,85,69,
32766,7607,2437,114,28,
32766,7635,2417,101,13,
32766,7633,2424,56,85,
32766,7655,2432,75,52,
32766,7658,2438,67,64,
32766,7674,2416,67,67,
32766,7640,2436,60,67,
32766,7638,2417,78,60,
32766,7678,2428,74,58,
32766,7663,2425,87,70,
32766,7668,2421,66,92,
32766,7648,2420,67,112,
32766,7663,2416,68,84,
32766,7665,2426,104,61,
32766,7673,2429,52,89,
32766,7623,2426,66,55,
32766,7674,2422,96,35,
32766,7653,2424,96,71,
32766,7660,2423,81,80,
32766,7670,2426,93,55,
32766,7678,2444,77,82,
32766,7660,2435,71,61,
32766,7660,2434,92,52,
32766,7660,2424,76,62,
32766,7654,2416,55,80,
32766,7650,2436,54,92,
32766,7666,2452,96,46,
32766,7660,2436,58,100,
32766,7683,2407,64,70,
32766,7666,2428,75,64,
32766,7657,2420,75,95,
32766,7636,2438,97,34,
32766,7651,2438,24,96,
32766,7650,2426,85,70,
32766,7651,2438,68,49,
32766,7639,2424,67,81,
32766,7640,2429,85,62,
32766,7638,2433,62,79,
32766,7639,2418,102,66,
32766,7645,2439,73,55,
32766,7641,2456,58,69,
32766,7643,2452,85,53,
32766,7644,2411,84,64,
32766,7666,2438,90,56,
32766,7671,2422,69,71,
32766,7627,2460,111,95,
32766,7661,2418,41,82,
32766,7653,2422,65,79,
32766,7643,2423,78,79,
32766,7645,2419,78,68,
32766,7649,2437,64,73,
32766,7634,2430,96,40,
32766,7633,2428,83,70,
32766,7638,2442,66,44,
32766,7645,2429,69,68,
32766,7635,2442,64,74,
32766,7613,2464,51,64,
32766,7631,2457,82,65,
32766,7641,2423,56,72,
32766,7627,2432,41,73,
32766,7658,2427,79,52,
32766,7619,2429,79,52,
32766,7645,2428,76,86,
32766,7640,2410,92,69,
32766,7646,2417,81,79,
32766,7634,2428,73,67,
32766,7644,2425,78,72,
32766,7646,2425,83,69,
32766,7627,2426,61,64,
32766,7639,2419,64,73,
32766,7647,2437,62,52,
32766,7654,2439,59,61,
32766,7633,2424,85,59,
32766,7628,2423,84,43,
32766,7645,2446,82,57,
32766,7661,2438,90,64,
32766,7654,2395,79,82,
32766,7639,2423,77,53,
32766,7656,2428,82,107,
32766,7647,2430,85,62,
32766,7635,2424,85,56,
32766,7640,2428,74,54,
32766,7636,2432,90,80,
32766,7642,2423,72,72,
32766,7652,2433,88,45,
32766,7630,2410,61,61,
32766,7638,2426,87,83,
32766,7640,2403,84,71,
32766,7635,2449,69,39,
32766,7620,2435,54,68,
32766,7657,2423,69,75,
32766,7636,2433,88,74,
32766,7661,2433,83,70,
32766,7646,2433,51,72,
32766,7656,2425,96,43,
32766,7650,2424,79,60,
32766,7656,2439,64,72,
32766,7633,2441,62,58,
32766,7658,2418,81,62,
32766,7652,2428,97,58,
32766,7641,2424,71,43,
32766,7665,2422,70,65,
32766,7669,2442,60,48,
32766,7625,2417,104,60,
32766,7656,2433,75,85,
32766,7662,2411,71,72,
32766,7648,2441,77,84,
32766,7645,2432,78,36,
32766,7652,2431,66,59,
32766,7673,2409,75,42,
32766,7669,2437,82,64,
32766,7659,2432,66,80,
32766,7665,2427,67,54,
32766,7658,2448,77,67,
32766,7669,2418,86,67,
32766,7669,2448,81,79,
32766,7663,2430,62,101,
32766,7687,2409,69,99,
32766,7667,2436,85,62,
32766,7656,2436,65,64,
32766,7671,2425,20,68,
32766,7674,2453,52,95,
32766,7671,2421,70,61,
32766,7642,2434,44,59,
32766,7693,2422,68,75,
32766,7668,2435,85,65,
32766,7674,2431,72,70,
32766,7680,2426,75,69,
32766,7675,2430,95,81,
32766,7675,2425,86,51,
32766,7664,2443,64,53,
32766,7670,2430,69,84,
32766,7664,2430,78,58,
32766,7670,2432,97,60,
32766,7699,2449,77,65,
32766,7665,2433,65,83,
32766,7683,2441,64,54,
32766,7671,2419,101,83,
32766,7681,2455,77,89,
32766,7683,2438,79,90,
32766,7668,2432,77,74,
32766,7660,2436,70,74,
32766,7686,2431,93,64,
32766,7662,2445,87,57,
32766,7690,2420,65,65,
32766,7674,2417,81,73,
32766,7670,2426,70,58,
32766,7663,2427,74,76,
32766,7682,2417,104,47,
32766,7680,2439,68,97,
32766,7688,2416,44,62,
32766,7680,2419,68,81,
32766,7673,2443,66,64,
32766,7665,2421,58,56,
32766,7666,2427,59,70,
32766,7658,2407,61,66,
32766,7673,2425,73,67,
32766,7670,2422,70,59,
32766,7664,2429,90,75,
32766,7664,2432,56,66,
32766,7690,2424,77,54,
32766,7682,2425,69,64,
32766,7663,2429,73,59,
32766,7678,2460,74,49,
32766,7678,2432,89,89,
32766,7652,2416,79,53,
32766,7637,2416,83,88,
32766,7660,2411,49,79,
32766,7684,2420,86,75,
32766,7656,2439,81,45,
32766,7670,2431,81,71,
32766,7667,2426,78,57,
32766,7661,2432,55,72,
32766,7665,2440,69,71,
32766,7666,2433,70,66,
32766,7652,2425,80,67,
32766,7658,2423,95,67,
32766,7676,2431,75,76,
32766,7665,2440,66,71,
32766,7657,2430,88,65,
32766,7691,2415,73,72,
32766,7675,2437,73,83,
32766,7666,2424,60,80,
32766,7665,2437,73,68,
32766,7654,2407,80,61,
32766,7662,2439,75,63,
32766,7654,2431,97,73,
32766,7658,2410,75,85,
32766,7657,2430,61,70,
32766,7658,2439,88,80,
32766,7662,2423,92,57,
32766,7658,2421,65,77,
32766,7677,2415,69,64,
32766,7655,2419,52,57,
32766,7654,2410,105,14,
32766,7668,2450,39,78,
32766,7670,2421,47,89,
32766,7660,2418,49,78,
32766,7674,2437,49,74,
32766,7663,2432,106,71,
32766,7649,2416,75,35,
32766,7673,2427,63,85,
32766,7676,2430,82,60,
32766,7673,2430,90,55,
32766,7667,2433,76,76,
32766,7662,2428,70,61,
32766,7672,2434,88,70,
32766,7668,2429,83,64,
32766,7687,2424,70,84,
32766,7676,2436,112,41,
32766,7637,2442,52,97,
32766,7664,2418,87,22,
32766,7671,2425,88,67,
32766,7659,2413,75,70,
32766,7710,2418,92,66,
32766,7672,2425,46,84,
32766,7674,2422,71,75,
32766,7666,2441,70,70,
32766,7657,2446,71,78,
32766,7672,2435,80,62,
32766,7658,2438,69,70,
32766,7660,2425,74,81,
32766,7668,2432,77,63,
32766,7652,2427,71,79,
32766,7668,2420,93,56,
32766,7671,2417,71,79,
32766,7670,2435,75,55,
32766,7646,2456,60,66,
32766,7655,2440,75,65,
32766,7653,2456,79,42,
32766,7667,2428,58,33,
32766,7654,2440,71,69,
32766,7677,2436,72,63,
32766,7670,2434,51,60,
32766,7675,2428,78,65,
32766,7695,2433,74,54,
32766,7678,2433,71,62,
32766,7677,2437,72,73,
32766,7679,2429,84,80,
32766,7690,2425,79,59,
32766,7678,2426,68,68,
32766,7681,2403,97,37,
32766,7679,2460,37,108,
32766,7670,2450,81,86,
32766,7671,2400,68,62,
32766,7679,2467,133,80,
32766,7704,2440,72,92,
32766,7689,2433,71,83,
32766,7681,2431,72,50,
32766,7667,2423,77,50,
32766,7687,2428,62,69,
32766,7684,2438,60,70,
32766,7676,2430,78,69,
32766,7686,2453,76,61,
32766,7682,2442,48,61,
32766,7703,2419,80,79,
32766,7672,2419,61,78,
32766,7675,2437,57,80,
32766,7681,2450,72,73,
32766,7683,2436,123,72,
32766,7690,2433,97,93,
32766,7709,2450,67,126,
32766,7682,2433,74,80,
32766,7690,2438,80,77,
32766,7675,2422,87,60,
32766,7692,2435,72,58,
32766,7688,2432,49,55,
32766,7685,2453,61,79,
32766,7695,2439,87,62,
32766,7692,2423,64,49,
32766,7679,2424,93,118,
32766,7688,2467,42,71,
32766,7695,2427,55,69,
32766,7706,2435,64,67,
32766,7689,2463,59,78,
32766,7706,2415,76,54,
32766,7665,2442,117,18,
32766,7699,2455,77,72,
32766,7682,2440,88,78,
32766,7701,2454,85,77,
32766,7681,2433,92,57,
32766,7684,2416,87,56,
32766,7695,2428,71,57,
32766,7691,2438,78,82,
32766,7695,2418,80,58,
32766,7685,2426,66,110,
32766,7696,2430,63,91,
32766,7706,2425,34,84,
32766,7685,2445,56,64,
32766,7684,2421,72,60,
32766,7693,2424,17,72,
32766,7730,2440,58,68,
32766,7674,2415,47,81,
32766,7693,2440,71,61,
32766,7719,2442,99,71,
32766,7688,2445,84,53,
32766,7696,2440,67,67,
32766,7701,2450,65,66,
32766,7693,2446,75,70,
32766,7691,2443,98,77,
32766,7701,2434,72,65,
32766,7700,2428,68,68,
32766,7688,2440,84,51,
32766,7689,2438,79,52,
32766,7687,2426,90,68,
32766,7696,2421,68,79,
32766,7687,2440,57,64,
32766,7672,2467,82,73,
32766,7697,2432,66,75,
32766,7691,2436,73,54,
32766,7679,2421,76,79,
32766,7687,2427,84,52,
32766,7692,2426,85,60,
32766,7697,2462,65,74,
32766,7681,2439,83,58,
32766,7663,2428,92,73,
32766,7680,2424,72,70,
32766,7692,2455,63,49,
32766,7671,2417,32,83,
32766,7685,2438,78,66,
32766,7681,2444,72,47,
32766,7688,2413,47,100,
32766,7691,2435,70,80,
32766,7680,2436,82,77,
32766,7685,2441,79,62,
32766,7684,2442,77,66,
32766,7694,2450,73,67,
32766,7687,2435,95,76,
32766,7681,2422,80,68,
32766,7690,2430,73,78,
32766,7677,2437,79,80,
32766,7699,2425,68,66,
32766,7698,2442,70,80,
32766,7670,2453,120,60,
32766,7690,2417,69,96,
32766,7677,2440,89,77,
32766,7682,2411,44,81,
32766,7705,2450,116,78,
32766,7696,2438,73,74,
32766,7674,2437,66,59,
32766,7676,2441,87,66,
32766,7688,2442,65,78,
32766,7686,2441,72,70,
32766,7696,2438,68,64,
32766,7685,2446,81,67,
32766,7690,2431,58,71,
32766,7678,2436,80,69,
32766,7681,2404,121,88,
32766,7674,2448,58,74,
32766,7672,2433,68,54,
32766,7689,2423,75,50,
32766,7691,2440,83,50,
32766,7706,2438,71,62,
32766,7694,2418,55,83,
32766,7711,2430,57,73,
32766,7677,2428,92,58,
32766,7693,2432,80,68,
32766,7693,2443,69,60,
32766,7693,2432,64,54,
32766,7708,2435,76,72,
32766,7705,2433,67,63,
32766,7688,2424,96,85,
32766,7668,2416,79,68,
32766,7679,2439,106,48,
32766,7693,2427,33,90,
32766,7704,2425,59,77,
32766,7711,2437,71,82,
32766,7695,2432,79,79,
32766,7677,2427,99,59,
32766,7675,2448,68,85,
32766,7681,2444,59,70,
32766,7703,2442,80,60,
32766,7694,2434,96,76,
32766,7701,2443,79,48,
32766,7695,2435,88,83,
32766,7699,2435,82,63,
32766,7696,2435,84,58,
32766,7725,2421,112,48,
32766,7708,2424,54,74,
32766,7701,2423,87,90,
32766,7711,2440,80,64,
32766,7702,2433,94,57,
32766,7707,2417,71,95,
32766,7699,2417,63,47,
32766,7696,2433,98,34,
32766,7701,2429,60,78,
32766,7709,2429,65,68,
32766,7708,2448,77,68,
32766,7704,2444,86,74,
32766,7691,2447,67,68,
32766,7700,2434,67,50,
32766,7705,2450,74,46,
32766,7692,2424,78,69,
32766,7706,2446,42,100,
32766,7702,2446,105,51,
32766,7709,2420,94,75,
32766,7715,2424,86,80,
32766,7678,2436,57,82,
32766,7693,2436,110,64,
32766,7713,2445,59,97,
32766,7685,2443,92,86,
32766,7715,2437,78,67,
32766,7700,2439,60,58,
32766,7701,2454,73,79,
32766,7723,2432,66,75,
32766,7695,2429,82,54,
32766,7716,2432,64,61,
32766,7698,2435,64,66,
32766,7697,2432,68,62,
32766,7695,2430,53,92,
32766,7702,2419,68,66,
32766,7704,2435,100,57,
32766,7717,2443,73,73,
32766,7687,2462,68,65,
32766,7702,2432,45,51,
32766,7697,2441,64,82,
32766,7703,2422,77,62,
32766,7704,2435,88,68,
32766,7697,2430,78,78,
32766,7703,2436,68,69,
32766,7690,2424,77,74,
32766,7689,2432,60,71,
32766,7699,2459,55,78,
32766,7707,2458,34,76,
32766,7698,2435,114,27,
32766,7727,2428,47,70,
32766,7701,2430,72,44,
32766,7704,2439,67,58,
32766,7706,2442,79,41,
32766,7701,2444,63,62,
32766,7713,2433,83,46,
32766,7697,2425,96,72,
32766,7695,2442,91,45,
32766,7681,2443,91,66,
32766,7700,2445,68,79,
32766,7708,2435,85,62,
32766,7704,2435,69,63,
32766,7707,2451,49,53,
32766,7691,2438,77,52,
32766,7706,2424,65,62,
32766,7700,2436,95,74,
32766,7704,2443,72,60,
32766,7719,2427,55,72,
32766,7708,2454,94,109,
32766,7704,2455,83,76,
32766,7706,2433,66,26,
32766,7705,2446,71,65,
32766,7701,2437,56,62,
32766,7702,2426,65,76,
32766,7699,2442,69,63,
32766,7696,2429,84,65,
32766,7696,2435,78,73,
32766,7695,2427,62,66,
32766,7686,2439,85,88,
32766,7682,2463,89,43,
32766,7716,2449,56,70,
32766,7670,2458,64,86,
32766,7698,2442,92,73,
32766,7701,2453,56,80,
32766,7702,2435,74,47,
32766,7698,2416,51,36,
32766,7709,2430,93,83,
32766,7689,2436,73,68,
32766,7691,2445,63,63,
32766,7697,2438,67,73,
32766,7690,2439,92,61,
32766,7696,2437,70,76,
32766,7702,2424,96,67,
32766,7676,2433,83,78,
32766,7710,2420,65,55,
32766,7687,2406,39,137,
32766,7694,2433,96,57,
32766,7715,2439,71,76,
32766,7705,2428,98,85,
32766,7679,2441,98,77,
32766,7696,2436,91,51,
32766,7698,2431,59,54,
32766,7700,2432,85,82,
32766,7685,2426,73,83,
32766,7699,2420,63,70,
32766,7702,2434,86,81,
32766,7698,2412,48,84,
32766,7674,2438,69,47,
32766,7704,2433,79,75,
32766,7711,2450,95,47,
32766,7716,2428,75,68,
32766,7681,2450,96,48,
32766,7681,2439,97,60,
32766,7695,2451,104,51,
32766,7720,2435,57,97,
32766,7681,2417,53,33,
32766,7696,2426,69,53,
32766,7714,2434,76,73,
32766,7700,2455,63,65,
32766,7707,2436,76,62,
32766,7694,2454,50,89,
32766,7697,2434,75,42,
32766,7705,2431,64,76,
32766,7717,2437,67,45,
32766,7700,2430,70,63,
32766,7730,2409,36,78,
32766,7706,2449,63,82,
32766,7694,2428,61,94,
32766,7701,2419,79,58,
32766,7710,2425,64,74,
32766,7690,2435,75,76,
32766,7700,2441,84,107,
32766,7691,2436,58,66,
32766,7699,2431,69,73,
32766,7699,2431,66,66,
32766,7701,2424,89,72,
32766,7686,2440,73,55,
32766,7715,2436,86,50,
32766,7703,2437,57,86,
32766,7711,2430,86,76,
32766,7720,2422,41,102,
32766,7689,2451,51,54,
32766,7697,2440,76,75,
32766,7711,2435,80,78,
32766,7678,2476,132,74,
32766,7685,2429,52,57,
32766,7742,2447,68,83,
32766,7691,2423,45,85,
32766,7692,2435,77,64,
32766,7704,2434,78,52,
32766,7698,2440,72,84,
32766,7711,2456,78,57,
32766,7694,2416,66,62,
32766,7705,2420,71,72,
32766,7684,2446,94,57,
32766,7702,2442,94,101,
32766,7668,2442,76,68,
32766,7691,2432,117,46,
32766,7682,2426,104,62,
32766,7698,2450,74,76,
32766,7705,2415,33,68,
32766,7697,2443,75,46,
32766,7698,2438,71,52,
32766,7703,2445,90,69,
32766,7694,2426,60,89,
32766,7689,2419,77,73,
32766,7700,2441,78,83,
32766,7695,2426,73,45,
32766,7699,2429,74,58,
32766,7698,2437,69,70,
32766,7705,2416,68,88,
32766,7689,2436,91,85,
32766,7674,2447,77,56,
32766,7677,2439,74,57,
32766,7672,2435,64,63,
32766,7649,2441,48,18,
32766,7685,2434,72,68,
32766,7680,2449,50,54,
32766,7699,2420,90,51,
32766,7684,2443,68,68,
32766,7686,2433,47,71,
32766,7688,2436,61,75,
32766,7688,2436,83,68,
32766,7682,2426,49,62,
32766,7681,2427,88,64,
32766,7682,2419,80,68,
32766,7686,2433,65,49,
32766,7665,2442,107,81,
32766,7708,2435,84,55,
32766,7691,2408,84,46,
32766,7694,2415,53,73,
32766,7693,2442,82,74,
32766,7684,2401,51,93,
32766,7686,2420,73,64,
32766,7695,2425,53,80,
32766,7677,2439,56,73,
32766,7684,2436,88,79,
32766,7662,2428,101,61,
32766,7686,2437,63,67,
32766,7669,2427,67,82,
32766,7665,2430,60,59,
32766,7664,2414,58,75,
32766,7679,2435,21,110,
32766,7673,2410,49,70,
32766,7666,2406,43,101,
32766,7665,2448,53,89,
32766,7670,2433,73,75,
32766,7667,2425,62,93,
32766,7671,2410,65,62,
32766,7673,2410,78,60,
32766,7678,2421,85,47,
32766,7672,2420,66,72,
32766,7686,2415,70,64,
32766,7671,2428,65,71,
32766,7679,2431,72,59,
32766,7668,2422,75,80,
32766,7666,2398,88,66,
32766,7651,2432,38,117,
32766,7687,2410,93,80,
32766,7684,2423,83,59,
32766,7689,2417,86,63,
32766,7702,2436,73,112,
32766,7686,2420,79,53,
32766,7675,2429,78,76,
32766,7683,2427,83,58,
32766,7677,2426,91,75,
32766,7679,2433,66,58,
32766,7664,2424,77,91,
32766,7679,2434,85,54,
32766,7680,2417,79,76,
32766,7678,2421,74,64,
32766,7675,2419,123,66,
32766,7661,2432,91,84,
32766,7688,2403,66,32,
32766,7681,2420,68,88,
32766,7696,2419,84,64,
32766,7690,2441,59,68,
32766,7681,2437,73,77,
32766,7705,2413,34,57,
32766,7698,2424,72,59,
32766,7684,2428,72,66,
32766,7678,2438,68,67,
32766,7689,2427,56,84,
32766,7687,2422,95,40,
32766,7688,2431,64,72,
32766,7690,2432,68,78,
32766,7673,2440,59,76,
32766,7692,2439,87,68,
32766,7686,2442,109,60,
32766,7675,2442,66,51,
32766,7673,2433,70,85,
32766,7712,2432,62,90,
32766,7671,2469,88,36,
32766,7730,2424,61,100,
32766,7675,2441,71,64,
32766,7710,2428,70,61,
32766,7698,2432,71,66,
32766,7698,2433,84,70,
32766,7700,2426,74,62,
32766,7695,2439,82,73,
32766,7708,2430,66,76,
32766,7705,2437,78,52,
32766,7719,2445,72,76,
32766,7720,2434,98,62,
32766,7694,2431,78,83,
32766,7713,2444,71,73,
32766,7719,2430,55,71,
32766,7714,2447,62,80,
32766,7729,2442,55,96,
32766,7713,2430,70,59,
32766,7718,2439,56,50,
32766,7701,2451,75,73,
32766,7703,2430,76,67,
32766,7716,2417,104,64,
32766,7707,2435,73,48,
32766,7702,2440,64,77,
32766,7723,2422,71,72,
32766,7705,2438,110,47,
32766,7700,2422,64,65,
32766,7668,2448,56,56,
32766,7691,2424,95,60,
32766,7725,2439,88,65,
32766,7698,2454,78,55,
32766,7713,2415,63,55,
32766,7700,2436,81,79,
32766,7700,2442,70,67,
32766,7692,2448,66,66,
32766,7704,2430,77,79,
32766,7711,2434,77,70,
32766,7705,2431,96,77,
32766,7697,2433,78,88,
32766,7691,2439,95,66,
32766,7689,2438,78,70,
32766,7715,2439,47,31,
32766,7688,2455,81,67,
32766,7675,2423,50,58,
32766,7722,2431,69,64,
32766,7701,2433,54,59,
32766,7688,2449,77,43,
32766,7703,2439,89,80,
32766,7692,2426,97,69,
32766,7698,2423,91,75,
32766,7690,2435,75,47,
32766,7700,2420,81,67,
32766,7707,2417,88,81,
32766,7685,2437,74,67,
32766,7691,2452,67,53,
32766,7704,2443,71,65,
32766,7712,2437,49,86,
32766,7726,2393,84,84,
32766,7695,2447,107,18,
32766,7703,2446,95,65,
32766,7694,2414,84,70,
32766,7717,2454,71,50,
32766,7696,2419,94,57,
32766,7720,2440,71,49,
32766,7707,2418,85,58,
32766,7693,2449,65,79,
32766,7702,2428,100,70,
32766,7706,2422,75,57,
32766,7686,2434,74,82,
32766,7715,2441,85,51,
32766,7706,2451,66,65,
32766,7709,2416,81,86,
32766,7697,2425,33,72,
32766,7730,2434,118,105,
32766,7722,2437,60,45,
32766,7707,2431,76,56,
32766,7696,2423,41,33,
32766,7689,2439,138,89,
32766,7719,2448,68,76,
32766,7720,2441,58,74,
32766,7699,2434,82,56,
32766,7706,2445,48,80,
32766,7708,2450,76,70,
32766,7705,2437,75,69,
32766,7703,2450,68,81,
32766,7737,2434,98,79,
32766,7724,2442,94,55,
32766,7734,2440,68,90,
32766,7706,2427,114,39,
32766,7735,2437,87,60,
32766,7722,2442,97,74,
32766,7702,2431,65,66,
32766,7732,2424,32,68,
32766,7709,2411,78,54,
32766,7699,2436,84,76,
32766,7709,2423,58,49,
32766,7710,2451,91,65,
32766,7711,2437,66,86,
32766,7705,2442,88,62,
32766,7703,2438,65,88,
32766,7714,2436,94,59,
32766,7700,2446,73,53,
32766,7700,2456,99,57,
32766,7716,2437,46,69,
32766,7718,2426,73,55,
32766,7716,2416,77,46,
32766,7704,2452,58,72,
32766,7721,2440,74,103,
32766,7714,2464,67,47,
32766,7731,2439,76,72,
32766,7728,2446,82,72,
32766,7708,2457,56,43,
32766,7722,2442,70,63,
32766,7719,2434,93,77,
32766,7723,2460,65,78,
32766,7719,2453,58,56,
32766,7718,2442,91,63,
32766,7716,2453,69,81,
32766,7724,2440,83,86,
32766,7727,2419,70,61,
32766,7695,2451,85,46,
32766,7718,2451,70,59,
32766,7719,2449,67,40,
32766,7728,2457,50,68,
32766,7725,2467,75,61,
32766,7718,2445,71,71,
32766,7710,2440,68,72,
32766,7696,2438,79,55,
32766,7710,2439,78,63,
32766,7738,2435,69,59,
32766,7714,2453,77,60,
32766,7703,2424,68,68,
32766,7703,2443,70,65,
32766,7707,2450,83,37,
32766,7700,2451,64,77,
32766,7702,2428,51,58,
32766,7693,2450,85,73,
32766,7679,2452,37,54,
32766,7733,2398,58,86,
32766,7697,2440,84,59,
32766,7707,2433,59,88,
32766,7693,2439,55,70,
32766,7701,2439,80,71,
32766,7697,2440,64,63,
32766,7701,2438,69,78,
32766,7718,2441,79,74,
32766,7701,2446,50,78,
32766,7706,2437,60,59,
32766,7718,2425,44,57,
32766,7730,2412,86,66,
32766,7687,2441,113,48,
32766,7687,2448,66,76,
32766,7704,2418,66,73,
32766,7723,2423,72,70,
32766,7688,2417,110,71,
32766,7685,2441,56,77,
32766,7693,2441,90,68,
32766,7704,2444,70,54,
32766,7682,2452,73,80,
32766,7708,2424,74,46,
32766,7694,2441,80,61,
32766,7700,2435,90,60,
32766,7697,2433,94,73,
32766,7691,2432,66,46,
32766,7718,2391,70,76,
32766,7709,2431,100,27,
32766,7686,2430,78,53,
32766,7707,2427,66,93,
32766,7689,2421,90,55,
32766,7681,2424,46,43,
32766,7695,2436,82,85,
32766,7692,2440,69,52,
32766,7688,2441,66,79,
32766,7704,2433,82,76,
32766,7691,2428,69,55,
32766,7694,2442,58,62,
32766,7697,2421,80,60,
32766,7685,2445,72,46,
32766,7704,2424,104,62,
32766,7697,2427,124,81,
32766,7679,2464,83,55,
32766,7687,2425,42,85,
32766,7708,2441,69,44,
32766,7695,2417,69,87,
32766,7676,2431,65,70,
32766,7705,2442,81,91,
32766,7680,2436,66,54,
32766,7686,2431,91,72,
32766,7693,2452,62,35,
32766,7684,2429,108,76,
32766,7676,2440,65,73,
32766,7691,2426,96,70,
32766,7686,2432,79,52,
32766,7698,2441,88,76,
32766,7697,2449,79,70,
32766,7678,2466,52,70,
32766,7690,2441,64,88,
32766,7702,2443,78,102,
32766,7700,2444,82,55,
32766,7693,2408,49,73,
32766,7684,2457,65,65,
32766,7685,2421,58,71,
32766,7696,2441,85,67,
32766,7692,2434,63,79,
32766,7694,2433,63,46,
32766,7701,2438,64,76,
32766,7692,2448,60,64,
32766,7696,2430,81,56,
32766,7694,2440,102,70,
32766,7690,2435,45,91,
32766,7688,2417,79,72,
32766,7684,2453,51,102,
32766,7700,2438,36,94,
32766,7703,2442,68,82,
32766,7686,2460,92,54,
32766,7709,2405,60,46,
32766,7700,2430,81,62,
32766,7693,2455,73,108,
32766,7699,2437,62,69,
32766,7710,2436,64,82,
32766,7695,2438,68,58,
32766,7705,2432,64,77,
32766,7707,2425,75,76,
32766,7687,2427,74,72,
32766,7698,2428,107,63,
32766,7689,2431,63,81,
32766,7697,2419,92,49,
32766,7701,2429,78,54,
32766,7686,2430,69,58,
32766,7700,2440,49,84,
32766,7677,2444,70,58,
32766,7690,2428,88,61,
32766,7699,2439,77,78,
32766,7687,2442,58,62,
32766,7700,2423,61,64,
32766,7702,2427,77,55,
32766,7686,2432,72,63,
32766,7692,2429,78,64,
32766,7687,2421,65,82,
32766,7706,2465,77,49,
32766,7711,2451,51,69,
32766,7677,2446,98,74,
32766,7692,2435,57,79,
32766,7695,2429,68,83,
32766,7677,2432,76,29,
32766,7685,2438,60,91,
32766,7683,2435,76,77,
32766,7675,2439,67,72,
32766,7694,2421,83,74,
32766,7686,2423,56,75,
32766,7710,2428,61,64,
32766,7683,2441,85,64,
32766,7694,2441,56,78,
32766,7681,2419,86,71,
32766,7681,2429,66,70,
32766,7696,2451,83,59,
32766,7685,2416,100,13,
32766,7685,2421,117,55,
32766,7686,2415,101,70,
32766,7674,2410,79,44,
32766,7682,2445,57,83,
32766,7678,2440,76,79,
32766,7694,2412,82,70,
32766,7701,2431,95,56,
32766,7675,2440,56,63,
32766,7706,2444,79,56,
32766,7692,2430,79,68,
32766,7702,2439,86,60,
32766,7702,2442,77,58,
32766,7703,2448,70,77,
32766,7710,2449,74,63,
32766,7707,2454,50,33,
32766,7711,2420,99,54,
32766,7692,2452,78,37,
32766,7689,2430,80,42,
32766,7702,2448,47,58,
32766,7681,2433,74,81,
32766,7708,2441,76,69,
32766,7708,2455,74,68,
32766,7703,2441,79,49,
32766,7716,2440,82,71,
32766,7690,2442,65,69,
32766,7702,2438,73,71,
32766,7701,2441,67,58,
32766,7693,2437,77,107,
32766,7689,2419,88,85,
32766,7684,2440,59,90,
32766,7700,2436,68,60,
32766,7686,2439,97,101,
32766,7707,2413,80,64,
32766,7718,2408,58,42,
32766,7699,2454,87,87,
32766,7694,2422,85,68,
32766,7690,2445,60,84,
32766,7697,2422,91,63,
32766,7685,2441,76,61,
32766,7680,2438,82,51,
32766,7683,2438,67,88,
32766,7700,2437,68,47,
32766,7682,2433,64,68,
32766,7692,2440,73,74,
32766,7689,2454,56,93,
32766,7696,2434,57,56,
32766,7656,2450,97,51,
32766,7659,2436,78,49,
32766,7696,2448,69,83,
32766,7672,2423,38,50,
32766,7687,2441,96,35,
32766,7663,2434,55,45,
32766,7662,2437,62,72,
32766,7666,2433,62,79,
32766,7663,2439,82,73,
32766,7651,2419,79,63,
32766,7657,2429,58,51,
32766,7646,2415,57,61,
32766,7646,2422,91,51,
32766,7656,2416,97,19,
32766,7662,2416,39,92,
32766,7663,2422,86,33,
32766,7671,2411,44,66,
32766,7640,2424,57,81,
32766,7656,2434,90,89,
32766,7672,2435,73,80,
32766,7682,2407,54,86,
32766,7666,2425,113,47,
32766,7650,2433,61,68,
32766,7661,2436,90,82,
32766,7668,2440,79,59,
32766,7666,2441,65,64,
32766,7653,2426,56,81,
32766,7644,2417,86,73,
32766,7680,2419,93,59,
32766,7651,2452,60,61,
32766,7644,2420,73,102,
32766,7651,2424,88,42,
32766,7667,2440,52,60,
32766,7670,2434,105,55,
32766,7658,2456,70,81,
32766,7653,2451,67,90,
32766,7680,2431,68,56,
32766,7690,2428,96,61,
32766,7687,2442,78,77,
32766,7697,2422,84,69,
32766,7683,2434,62,66,
32766,7676,2443,71,60,
32766,7696,2426,62,78,
32766,7684,2432,44,73,
32766,7686,2437,48,91,
32766,7679,2454,76,34,
32766,7645,2432,69,65,
32766,7681,2448,67,62,
32766,7695,2412,87,38,
32766,7663,2448,64,49,
32766,7679,2450,73,51,
32766,7679,2440,79,97,
32766,7677,2433,75,68,
32766,7677,2435,76,69,
32766,7696,2443,67,62,
32766,7652,2438,69,78,
32766,7679,2450,70,77,
32766,7683,2453,72,75,
32766,7683,2434,67,62,
32766,7664,2443,88,76,
32766,7684,2452,51,83,
32766,7687,2427,57,66,
32766,7686,2442,102,48,
32766,7690,2425,68,53,
32766,7673,2452,55,74,
32766,7694,2430,125,37,
32766,7702,2439,91,65,
32766,7689,2434,65,69,
32766,7682,2435,77,68,
32766,7685,2454,68,62,
32766,7702,2448,83,61,
32766,7693,2441,73,55,
32766,7694,2435,74,66,
32766,7692,2439,74,48,
32766,7694,2434,51,97,
32766,7709,2442,107,85,
32766,7680,2433,108,45,
32766,7712,2463,83,60,
32766,7699,2428,95,65,
32766,7663,2459,51,43,
32766,7701,2441,75,88,
32766,7728,2429,83,54,
32766,7691,2458,89,49,
32766,7701,2447,60,73,
32766,7702,2431,68,79,
32766,7696,2450,87,52,
32766,7717,2448,84,73,
32766,7694,2454,68,68,
32766,7713,2447,89,69,
32766,7692,2435,117,67,
32766,7688,2467,87,81,
32766,7698,2457,32,89,
32766,7703,2455,72,49,
32766,7729,2446,81,52,
32766,7712,2442,41,105,
32766,7749,2417,47,88,
32766,7713,2460,56,41,
32766,7697,2455,66,65,
32766,7712,2459,88,66,
32766,7717,2440,71,61,
32766,7688,2456,95,71,
32766,7713,2441,62,67,
32766,7706,2455,91,59,
32766,7714,2443,61,63,
32766,7712,2457,74,44,
32766,7715,2452,70,93,
32766,7712,2438,83,48,
32766,7674,2452,63,62,
32766,7717,2433,99,81,
32766,7688,2460,94,81,
32766,7712,2412,56,23,
32766,7695,2452,75,45,
32766,7702,2455,64,96,
32766,7693,2451,89,66,
32766,7697,2442,72,57,
32766,7696,2438,87,94,
32766,7700,2440,80,97,
32766,7689,2437,55,102,
32766,7711,2446,73,78,
32766,7692,2441,95,48,
32766,7691,2456,76,75,
32766,7703,2417,96,41,
32766,7705,2443,93,101,
32766,7691,2434,75,107,
32766,7689,2459,90,63,
32766,7700,2456,103,74,
32766,7685,2460,79,47,
32766,7682,2450,96,72,
32766,7693,2431,75,58,
32766,7697,2429,82,64,
32766,7686,2445,81,88,
32766,7695,2427,96,63,
32766,7674,2456,78,66,
32766,7685,2447,70,60,
32766,7679,2434,79,77,
32766,7671,2447,79,46,
32766,7703,2439,79,49,
32766,7670,2449,99,89,
32766,7690,2448,31,114,
32766,7687,2453,93,68,
32766,7661,2434,45,52,
32766,7671,2442,74,60,
32766,7652,2456,78,53,
32766,7659,2435,89,52,
32766,7694,2431,74,69,
32766,7676,2442,78,60,
32766,7676,2456,87,52,
32766,7686,2430,85,63,
32766,7678,2451,76,71,
32766,7659,2439,68,58,
32766,7663,2423,83,104,
32766,7670,2456,81,74,
32766,7683,2437,69,66,
32766,7655,2456,101,42,
32766,7653,2431,74,65,
32766,7676,2459,73,53,
32766,7658,2451,54,71,
32766,7674,2439,89,84,
32766,7662,2434,95,44,
32766,7662,2441,79,73,
32766,7651,2430,75,69,
32766,7657,2447,78,85,
32766,7664,2449,63,56,
32766,7674,2430,77,57,
32766,7661,2441,55,76,
32766,7684,2424,60,58,
32766,7685,2450,56,68,
32766,7659,2472,77,56,
32766,7703,2432,47,103,
32766,7678,2430,93,41,
32766,7683,2435,58,45,
32766,7642,2447,100,31,
32766,7656,2457,79,71,
32766,7663,2434,64,57,
32766,7661,2455,78,54,
32766,7672,2443,72,43,
32766,7688,2442,77,78,
32766,7688,2444,78,67,
32766,7686,2424,91,51,
32766,7687,2443,65,73,
32766,7690,2430,66,71,
32766,7665,2443,73,69,
32766,7723,2457,108,67,
32766,7684,2444,82,41,
32766,7692,2436,100,74,
32766,7717,2432,49,69,
32766,7696,2440,64,75,
32766,7698,2463,93,53,
32766,7708,2464,106,66,
32766,7695,2444,78,75,
32766,7707,2454,98,60,
32766,7705,2441,79,73,
32766,7723,2454,90,88,
32766,7696,2463,80,74,
32766,7695,2465,75,65,
32766,7711,2450,86,52,
32766,7723,2453,85,47,
32766,7690,2454,84,72,
32766,7714,2446,83,80,
32766,7700,2441,76,55,
32766,7715,2438,88,76,
32766,7713,2468,83,74,
32766,7692,2429,71,29,
32766,7684,2456,71,73,
32766,7711,2456,73,68,
32766,7716,2449,73,67,
32766,7715,2456,70,76,
32766,7716,2445,86,75,
32766,7700,2461,60,73,
32766,7714,2451,77,70,
32766,7721,2441,66,72,
32766,7709,2439,59,76,
32766,7727,2433,61,86,
32766,7695,2464,98,51,
32766,7703,2445,58,88,
32766,7702,2486,58,71,
32766,7709,2461,117,46,
32766,7710,2440,62,46,
32766,7695,2442,87,43,
32766,7720,2458,85,83,
32766,7719,2454,73,67,
32766,7706,2442,73,65,
32766,7706,2460,65,67,
32766,7711,2442,88,57,
32766,7706,2448,83,69,
32766,7709,2450,69,66,
32766,7695,2448,72,59,
32766,7675,2455,58,89,
32766,7673,2446,94,52,
32766,7700,2450,85,48,
32766,7696,2462,73,54,
32766,7702,2457,102,58,
32766,7710,2447,95,114,
32766,7680,2457,113,45,
32766,7727,2441,75,88,
32766,7693,2453,71,65,
32766,7711,2454,76,80,
32766,7705,2445,78,68,
32766,7701,2451,75,63,
32766,7695,2455,64,78,
32766,7687,2438,79,66,
32766,7681,2441,55,78,
32766,7702,2447,74,89,
32766,7697,2447,116,48,
32766,7683,2468,0,93,
32766,7683,2466,65,84,
32766,7670,2447,84,74,
32766,7707,2419,96,23,
32766,7688,2454,71,62,
32766,7692,2441,81,54,
32766,7695,2446,78,52,
32766,7689,2445,68,64,
32766,7684,2434,88,72,
32766,7679,2437,79,57,
32766,7686,2448,67,91,
32766,7680,2419,79,62,
32766,7670,2441,77,69,
32766,7656,2457,95,80,
32766,7673,2449,56,93,
32766,7654,2452,77,70,
32766,7671,2456,94,38,
32766,7684,2456,92,48,
32766,7661,2452,114,23,
32766,7691,2447,52,94,
32766,7697,2438,47,61,
32766,7682,2446,78,101,
32766,7678,2436,92,62,
32766,7674,2441,59,62,
32766,7678,2431,58,45,
32766,7656,2434,94,75,
32766,7674,2439,87,59,
32766,7665,2425,66,43,
32766,7671,2440,90,59,
32766,7661,2427,80,94,
32766,7669,2442,69,52,
32766,7653,2439,63,71,
32766,7663,2426,62,75,
32766,7671,2420,62,81,
32766,7670,2430,65,73,
32766,7688,2432,108,43,
32766,7666,2442,82,50,
32766,7662,2430,80,63,
32766,7642,2421,83,79,
32766,7653,2430,74,73,
32766,7669,2438,83,67,
32766,7661,2443,60,54,
32766,7653,2434,89,56,
32766,7641,2430,79,92,
32766,7646,2430,69,94,
32766,7636,2427,87,75,
32766,7653,2449,41,69,
32766,7651,2419,90,77,
32766,7654,2440,52,58,
32766,7644,2436,58,76,
32766,7666,2436,95,68,
32766,7681,2422,93,89,
32766,7664,2434,83,72,
32766,7646,2434,72,73,
32766,7658,2414,87,47,
32766,7654,2443,56,52,
32766,7653,2424,77,75,
32766,7668,2423,96,63,
32766,7654,2437,55,74,
32766,7650,2421,94,71,
32766,7669,2437,79,48,
32766,7662,2432,82,84,
32766,7673,2449,43,58,
32766,7670,2438,80,56,
32766,7668,2427,98,89,
32766,7688,2433,68,73,
32766,7628,2423,76,55,
32766,7644,2427,78,67,
32766,7668,2428,69,79,
32766,7640,2422,73,58,
32766,7653,2430,85,67,
32766,7631,2425,77,60,
32766,7668,2424,80,77,
32766,7672,2445,80,71,
32766,7664,2441,70,73,
32766,7645,2456,72,54,
32766,7673,2448,88,60,
32766,7657,2426,76,49,
32766,7654,2434,78,66,
32766,7641,2426,102,38,
32766,7668,2449,50,132,
32766,7653,2428,61,59,
32766,7654,2448,73,46,
32766,7648,2426,85,55,
32766,7655,2440,81,71,
32766,7650,2430,60,81,
32766,7657,2431,79,65,
32766,7656,2429,64,87,
32766,7652,2434,77,71,
32766,7666,2447,90,45,
32766,7681,2429,72,51,
32766,7667,2431,102,49,
32766,7645,2426,49,82,
32766,7645,2434,55,88,
32766,7649,2416,62,62,
32766,7634,2438,48,49,
32766,7651,2453,135,53,
32766,7644,2441,78,81,
32766,7635,2427,74,94,
32766,7653,2420,82,69,
32766,7644,2427,66,72,
32766,7663,2437,81,57,
32766,7664,2422,91,62,
32766,7646,2437,79,69,
32766,7662,2432,67,73,
32766,7644,2446,75,60,
32766,7634,2460,77,78,
32766,7673,2457,80,51,
32766,7653,2409,72,46,
32766,7630,2422,54,58,
32766,7640,2429,60,68,
32766,7663,2405,113,43,
32766,7633,2438,94,55,
32766,7649,2427,76,45,
32766,7661,2436,75,52,
32766,7645,2422,73,80,
32766,7660,2437,86,69,
32766,7656,2420,84,58,
32766,7647,2426,88,45,
32766,7639,2436,34,75,
32766,7642,2422,83,88,
32766,7614,2419,98,57,
32766,7603,2443,69,45,
32766,7668,2423,70,124,
32766,7660,2432,71,75,
32766,7622,2427,95,72,
32766,7626,2403,45,52,
32766,7651,2427,105,64,
32766,7636,2435,93,62,
32766,7642,2414,98,55,
32766,7637,2433,82,68,
32766,7626,2422,74,64,
32766,7636,2426,92,60,
32766,7632,2422,84,65,
32766,7627,2421,60,84,
32766,7645,2421,109,85,
32766,7618,2411,75,84,
32766,7635,2404,99,80,
32766,7638,2420,37,54,
32766,7647,2404,61,83,
32766,7600,2435,72,74,
32766,7621,2431,51,43,
32766,7642,2456,43,102,
32766,7616,2416,100,49,
32766,7627,2428,57,63,
32766,7597,2416,80,80,
32766,7617,2419,77,70,
32766,7609,2412,95,71,
32766,7591,2417,83,78,
32766,7598,2421,81,46,
32766,7606,2418,54,51,
32766,7611,2433,101,54,
32766,7605,2418,58,60,
32766,7634,2416,91,102,
32766,7624,2401,61,62,
32766,7606,2436,43,70,
32766,7619,2415,84,68,
32766,7597,2418,66,90,
32766,7592,2434,80,73,
32766,7609,2414,75,63,
32766,7618,2432,59,73,
32766,7607,2419,72,71,
32766,7604,2415,77,51,
32766,7612,2421,76,68,
32766,7614,2414,81,52,
32766,7610,2427,68,64,
32766,7613,2434,80,66,
32766,7628,2457,101,20,
32766,7627,2398,67,52,
32766,7620,2412,96,52,
32766,7644,2412,82,79,
32766,7635,2432,46,88,
32766,7615,2416,54,45,
32766,7653,2426,38,65,
32766,7644,2430,78,49,
32766,7632,2430,78,65,
32766,7624,2422,56,66,
32766,7637,2423,72,65,
32766,7628,2446,68,62,
32766,7630,2425,81,76,
32766,7648,2428,62,75,
32766,7649,2440,81,70,
32766,7652,2432,93,97,
32766,7613,2448,79,45,
32766,7665,2415,85,96,
32766,7650,2416,79,51,
32766,7628,2441,70,80,
32766,7658,2465,82,77,
32766,7618,2442,56,68,
32766,7643,2419,94,53,
32766,7639,2451,67,57,
32766,7642,2444,72,74,
32766,7634,2432,83,72,
32766,7646,2431,81,78,
32766,7660,2439,57,64,
32766,7657,2430,97,72,
32766,7667,2433,84,108,
32766,7674,2434,61,53,
32766,7685,2421,59,94,
32766,7668,2394,101,32,
32766,7658,2411,75,52,
32766,7663,2418,64,56,
32766,7627,2444,55,66,
32766,7639,2441,86,54,
32766,7641,2437,82,61,
32766,7647,2432,74,59,
32766,7659,2427,93,74,
32766,7647,2438,74,55,
32766,7655,2420,88,66,
32766,7654,2433,83,67,
32766,7660,2442,68,69,
32766,7660,2420,101,57,
32766,7642,2451,47,60,
32766,7657,2418,97,36,
32766,7635,2458,56,73,
32766,7631,2435,73,83,
32766,7639,2439,94,38,
32766,7658,2425,126,38,
32766,7636,2419,46,46,
32766,7657,2441,72,47,
32766,7643,2435,60,64,
32766,7669,2434,59,65,
32766,7646,2434,83,77,
32766,7641,2436,71,66,
32766,7658,2429,73,71,
32766,7649,2431,76,40,
32766,7661,2447,83,77,
32766,7652,2439,97,66,
32766,7642,2426,90,54,
32766,7709,2414,89,62,
32766,7630,2427,77,18,
32766,7650,2420,85,36,
32766,7627,2445,129,45,
32766,7633,2473,53,116,
32766,7659,2439,84,75,
32766,7645,2421,73,73,
32766,7649,2423,79,75,
32766,7653,2422,75,65,
32766,7662,2429,76,97,
32766,7646,2435,86,58,
32766,7664,2420,81,74,
32766,7652,2435,63,51,
32766,7644,2449,59,51,
32766,7658,2439,81,23,
32766,7673,2411,64,120,
32766,7641,2423,65,38,
32766,7652,2424,59,42,
32766,7673,2433,40,100,
32766,7665,2423,81,97,
32766,7645,2424,54,46,
32766,7654,2437,74,77,
32766,7639,2432,51,68,
32766,7649,2440,81,86,
32766,7638,2426,86,68,
32766,7653,2438,56,66,
32766,7638,2413,66,55,
32766,7631,2427,71,58,
32766,7620,2415,73,88,
32766,7637,2437,48,61,
32766,7670,2412,95,57,
32766,7623,2427,91,70,
32766,7626,2433,75,87,
32766,7628,2420,63,59,
32766,7666,2424,20,117,
32766,7639,2408,91,73,
32766,7629,2434,78,73,
32766,7625,2430,54,79,
32766,7644,2416,98,63,
32766,7632,2407,63,84,
32766,7627,2435,88,54,
32766,7645,2419,74,83,
32766,7641,2432,59,59,
32766,7622,2427,66,49,
32766,7644,2414,75,71,
32766,7639,2433,71,84,
32766,7613,2463,92,50,
32766,7639,2440,76,100,
32766,7639,2423,75,54,
32766,7632,2435,69,73,
32766,7656,2398,77,68,
32766,7632,2423,101,50,
32766,7646,2433,74,84,
32766,7628,2430,93,61,
32766,7624,2414,68,68,
32766,7628,2430,70,59,
32766,7631,2426,93,56,
32766,7613,2421,75,69,
32766,7599,2416,81,76,
32766,7604,2439,106,64,
32766,7614,2437,97,78,
32766,7624,2426,47,83,
32766,7629,2408,71,92,
32766,7626,2413,92,78,
32766,7622,2421,30,58,
32766,7647,2427,53,57,
32766,7636,2442,78,45,
32766,7634,2416,83,66,
32766,7646,2422,85,59,
32766,7638,2428,80,86,
32766,7630,2417,82,80,
32766,7646,2408,89,67,
32766,7633,2430,71,80,
32766,7640,2425,59,60,
32766,7624,2408,43,87,
32766,7628,2407,79,54,
32766,7639,2450,120,72,
32766,7638,2436,56,68,
32766,7629,2423,59,72,
32766,7622,2440,54,60,
32766,7625,2441,93,86,
32766,7630,2429,90,60,
32766,7636,2413,73,49,
32766,7614,2418,59,75,
32766,7615,2440,67,61,
32766,7625,2414,79,68,
32766,7611,2409,84,91,
32766,7621,2421,76,66,
32766,7606,2432,73,61,
32766,7615,2437,75,99,
32766,7629,2429,74,94,
32766,7627,2451,63,90,
32766,7630,2419,94,95,
32766,7653,2435,53,80,
32766,7642,2423,109,88,
32766,7638,2423,32,109,
32766,7633,2427,108,41,
32766,7641,2431,75,43,
32766,7625,2438,67,74,
32766,7645,2428,81,50,
32766,7616,2420,58,63,
32766,7629,2421,72,56,
32766,7608,2416,84,71,
32766,7613,2432,102,53,
32766,7627,2428,72,50,
32766,7621,2414,53,80,
32766,7647,2447,65,34,
32766,7599,2427,90,83,
32766,7627,2437,95,69,
32766,7649,2435,67,57,
32766,7633,2408,97,56,
32766,7603,2432,78,34,
32766,7626,2448,85,45,
32766,7613,2416,64,78,
32766,7616,2417,79,57,
32766,7623,2411,84,81,
32766,7606,2434,70,59,
32766,7606,2425,64,70,
32766,7639,2429,64,75,
32766,7622,2418,80,62,
32766,7657,2439,54,74,
32766,7654,2428,64,77,
32766,7608,2429,65,73,
32766,7641,2431,71,96,
32766,7639,2423,90,53,
32766,7628,2447,62,72,
32766,7667,2430,72,106,
32766,7629,2426,91,87,
32766,7626,2405,67,63,
32766,7636,2428,77,66,
32766,7650,2410,67,66,
32766,7653,2435,73,63,
32766,7654,2415,86,83,
32766,7648,2427,79,72,
32766,7660,2412,109,62,
32766,7646,2447,70,44,
32766,7660,2455,99,26,
32766,7642,2443,39,72,
32766,7630,2428,57,62,
32766,7628,2440,62,67,
32766,7629,2453,117,49,
32766,7664,2421,72,92,
32766,7648,2416,87,41,
32766,7654,2424,67,51,
32766,7648,2440,90,74,
32766,7651,2437,65,74,
32766,7661,2417,90,47,
32766,7644,2439,50,67,
32766,7670,2431,67,56,
32766,7659,2438,85,80,
32766,7672,2443,72,57,
32766,7666,2433,67,71,
32766,7635,2469,119,67,
32766,7669,2428,58,77,
32766,7655,2432,64,64,
32766,7659,2441,117,72,
32766,7642,2472,85,49,
32766,7675,2425,60,92,
32766,7666,2447,84,74,
32766,7664,2438,61,81,
32766,7675,2439,68,71,
32766,7682,2423,66,76,
32766,7683,2436,55,59,
32766,7676,2434,82,76,
32766,7659,2434,73,70,
32766,7675,2441,79,58,
32766,7683,2453,90,74,
32766,7664,2439,102,79,
32766,7672,2431,72,73,
32766,7649,2436,95,62,
32766,7660,2445,52,70,
32766,7659,2439,39,85,
32766,7684,2453,103,47,
32766,7657,2428,71,48,
32766,7678,2445,97,83,
32766,7685,2453,80,64,
32766,7667,2432,67,55,
32766,7662,2436,92,41,
32766,7669,2448,81,72,
32766,7671,2450,64,65,
32766,7676,2427,90,79,
32766,7677,2417,101,66,
32766,7676,2451,55,59,
32766,7671,2432,75,57,
32766,7671,2442,62,76,
32766,7671,2442,65,57,
32766,7647,2454,87,55,
32766,7675,2445,77,40,
32766,7671,2443,63,87,
32766,7671,2443,76,67,
32766,7671,2426,79,64,
32766,7670,2435,98,57,
32766,7652,2452,80,49,
32766,7661,2435,111,78,
32766,7654,2439,81,95,
32766,7648,2429,85,66,
32766,7644,2448,86,62,
32766,7665,2427,60,61,
32766,7648,2430,87,101,
32766,7670,2421,80,34,
32766,7649,2440,85,50,
32766,7668,2435,104,78,
32766,7635,2425,81,74,
32766,7633,2436,55,68,
32766,7659,2430,78,63,
32766,7659,2438,87,75,
32766,7681,2453,96,49,
32766,7655,2432,81,75,
32766,7638,2435,83,57,
32766,7652,2420,78,39,
32766,7657,2434,68,74,
32766,7659,2419,87,73,
32766,7677,2412,83,64,
32766,7639,2437,47,71,
32766,7683,2433,106,74,
32766,7671,2419,84,76,
32766,7638,2443,57,68,
32766,7627,2426,78,59,
32766,7654,2443,48,73,
32766,7655,2431,57,67,
32766,7653,2424,77,76,
32766,7646,2437,63,86,
32766,7656,2422,64,61,
32766,7646,2426,66,65,
32766,7650,2441,71,38,
32766,7623,2435,71,88,
32766,7654,2432,74,51,
32766,7630,2431,61,60,
32766,7614,2424,75,79,
32766,7656,2421,97,70,
32766,7635,2419,61,46,
32766,7629,2431,79,39,
32766,7657,2429,71,97,
32766,7682,2409,72,77,
32766,7650,2443,88,78,
32766,7654,2430,77,43,
32766,7647,2449,65,79,
32766,7652,2441,76,66,
32766,7641,2441,63,76,
32766,7652,2442,61,55,
32766,7646,2434,105,46,
32766,7647,2430,78,75,
32766,7667,2422,85,73,
32766,7656,2444,76,99,
32766,7651,2425,58,50,
32766,7677,2437,63,84,
32766,7652,2447,68,75,
32766,7629,2439,112,28,
32766,7658,2443,60,96,
32766,7664,2435,84,68,
32766,7664,2442,64,73,
32766,7673,2439,82,48,
32766,7651,2446,77,64,
32766,7670,2450,66,70,
32766,7660,2422,67,71,
32766,7645,2437,64,77,
32766,7639,2418,81,62,
32766,7645,2443,65,63,
32766,7660,2440,92,54,
32766,7625,2442,91,88,
32766,7650,2440,63,123,
32766,7651,2431,62,97,
32766,7658,2433,40,98,
32766,7667,2442,66,100,
32766,7688,2432,74,61,
32766,7648,2440,94,58,
32766,7655,2443,73,61,
32766,7655,2431,87,67,
32766,7654,2440,78,73,
32766,7671,2432,89,63,
32766,7644,2436,56,70,
32766,7634,2430,72,73,
32766,7647,2466,64,48,
32766,7661,2459,94,49,
32766,7615,2451,53,83,
32766,7666,2414,87,79,
32766,7656,2435,89,64,
32766,7661,2440,122,53,
32766,7606,2465,48,56,
32766,7650,2428,57,86,
32766,7628,2432,87,57,
32766,7630,2419,83,73,
32766,7626,2426,67,65,
32766,7641,2415,65,69,
32766,7618,2421,69,75,
32766,7624,2437,55,84,
32766,7645,2428,90,87,
32766,7633,2419,93,42,
32766,7653,2416,51,74,
32766,7628,2432,75,89,
32766,7649,2424,48,60,
32766,7652,2433,78,72,
32766,7638,2419,68,89,
32766,7623,2453,54,73,
32766,7641,2432,76,72,
32766,7632,2416,78,84,
32766,7646,2423,68,76,
32766,7632,2424,64,85,
32766,7647,2438,77,67,
32766,7633,2429,66,70,
32766,7637,2423,60,58,
32766,7641,2417,92,55,
32766,7607,2427,58,71,
32766,7639,2407,108,56,
32766,7630,2421,62,48,
32766,7670,2433,58,59,
32766,7616,2439,82,57,
32766,7607,2433,70,65,
32766,7633,2416,58,91,
32766,7594,2412,100,61,
32766,7623,2411,81,72,
32766,7627,2432,67,73,
32766,7630,2450,88,67,
32766,7619,2430,76,69,
32766,7631,2423,64,99,
32766,7628,2417,80,63,
32766,7640,2424,59,70,
32766,7625,2417,70,82,
32766,7648,2414,69,98,
32766,7632,2429,68,86,
32766,7623,2435,57,23,
32766,7624,2429,95,55,
32766,7631,2434,53,91,
32766,7633,2421,116,37,
32766,7656,2419,53,83,
32766,7638,2424,58,66,
32766,7628,2422,77,52,
32766,7618,2431,64,63,
32766,7651,2426,76,68,
32766,7628,2434,75,80,
32766,7633,2431,76,53,
32766,7646,2433,94,67,
32766,7628,2427,52,79,
32766,7633,2434,58,68,
32766,7614,2430,133,46,
32766,7651,2417,70,45,
32766,7641,2441,81,73,
32766,7620,2451,65,60,
32766,7648,2455,102,92,
32766,7620,2433,126,30,
32766,7625,2428,102,66,
32766,7644,2431,70,75,
32766,7652,2405,91,77,
32766,7653,2440,83,60,
32766,7652,2434,68,70,
32766,7639,2439,84,61,
32766,7644,2446,82,66,
32766,7654,2429,57,86,
32766,7648,2420,75,56,
32766,7626,2428,39,99,
32766,7624,2428,94,79,
32766,7677,2413,64,59,
32766,7634,2432,50,67,
32766,7606,2452,76,65,
32766,7659,2400,74,38,
32766,7655,2421,81,100,
32766,7652,2430,86,67,
32766,7646,2444,63,48,
32766,7640,2444,76,71,
32766,7644,2435,76,75,
32766,7647,2426,85,67,
32766,7648,2434,89,70,
32766,7659,2422,86,63,
32766,7654,2421,110,73,
32766,7646,2457,72,71,
32766,7649,2449,132,38,
32766,7647,2409,78,50,
32766,7631,2433,73,80,
32766,7631,2439,68,67,
32766,7659,2430,45,44,
32766,7655,2401,76,71,
32766,7641,2421,64,77,
32766,7640,2420,94,63,
32766,7642,2433,91,79,
32766,7649,2436,88,70,
32766,7653,2427,88,56,
32766,7663,2447,76,78,
32766,7654,2423,72,58,
32766,7646,2431,89,79,
32766,7647,2434,79,98,
32766,7617,2448,77,71,
32766,7637,2452,68,56,
32766,7634,2449,86,89,
32766,7615,2445,75,59,
32766,7628,2421,56,56,
32766,7665,2434,69,79,
32766,7633,2441,65,70,
32766,7649,2426,89,83,
32766,7644,2433,87,69,
32766,7626,2438,67,73,
32766,7638,2433,76,53,
32766,7646,2425,70,57,
32766,7634,2425,74,57,
32766,7650,2415,82,34,
32766,7624,2418,77,63,
32766,7621,2445,48,58,
32766,7661,2424,73,103,
32766,7647,2411,59,74,
32766,7646,2441,47,81,
32766,7619,2448,88,61,
32766,7632,2424,82,83,
32766,7639,2420,95,64,
32766,7652,2424,82,65,
32766,7631,2428,65,76,
32766,7624,2434,72,71,
32766,7634,2438,78,60,
32766,7632,2417,86,57,
32766,7636,2425,62,58,
32766,7651,2427,62,73,
32766,7652,2406,58,82,
32766,7623,2432,103,41,
32766,7617,2414,63,81,
32766,7621,2418,86,49,
32766,7643,2422,90,90,
32766,7610,2454,120,64,
32766,7629,2409,57,49,
32766,7624,2445,72,55,
32766,7628,2426,78,81,
32766,7633,2402,64,57,
32766,7629,2425,84,88,
32766,7626,2430,68,73,
32766,7612,2432,86,84,
32766,7627,2419,73,61,
32766,7626,2422,85,63,
32766,7626,2436,43,38,
32766,7622,2429,96,29,
32766,7627,2412,55,61,
32766,7622,2418,101,35,
32766,7610,2414,72,65,
32766,7637,2414,20,89,
32766,7602,2425,80,65,
32766,7627,2426,79,55,
32766,7618,2415,94,52,
32766,7622,2422,91,67,
32766,7607,2414,71,70,
32766,7625,2429,68,54,
32766,7608,2424,76,79,
32766,7614,2433,88,66,
32766,7622,2425,64,77,
32766,7608,2418,70,78,
32766,7615,2407,46,64,
32766,7587,2440,82,86,
32766,7626,2393,56,77,
32766,7610,2445,93,57,
32766,7589,2451,102,44,
32766,7639,2404,107,73,
32766,7591,2417,60,53,
32766,7611,2418,92,78,
32766,7617,2415,78,74,
32766,7599,2416,57,61,
32766,7606,2427,78,53,
32766,7631,2422,72,72,
32766,7607,2413,79,49,
32766,7597,2416,72,74,
32766,7598,2401,50,98,
32766,7590,2441,36,95,
32766,7610,2438,89,44,
32766,7593,2417,62,82,
