32766,4773,1569,113,73
32766,4759,1539,89,95
32766,4755,1542,93,56
32766,4783,1537,51,72
32766,4759,1548,92,64
32766,4767,1536,86,53
32766,4766,1570,60,65
32766,4778,1543,70,64
32766,4777,1546,67,93
32766,4787,1567,83,68
32766,4794,1553,70,61
32766,4811,1560,78,65
32766,4806,1557,69,83
32766,4792,1575,100,50
32766,4788,1570,94,43
32766,4804,1600,85,66
32766,4814,1566,74,50
32766,4828,1580,60,80
32766,4827,1577,56,87
32766,4859,1570,72,70
32766,4827,1573,71,78
32766,4850,1576,72,72
32766,4842,1571,45,69
32766,4830,1587,84,66
32766,4861,1574,67,80
32766,4844,1562,78,74
32766,4848,1580,70,85
32766,4859,1592,77,78
32766,4849,1579,82,85
32766,4866,1569,72,85
32766,4864,1578,90,58
32766,4868,1576,57,97
32766,4869,1593,60,85
32766,4873,1570,56,73
32766,4859,1570,80,58
32766,4860,1586,98,69
32766,4862,1607,77,58
32766,4876,1588,55,98
32766,4850,1595,84,61
32766,4863,1600,72,87
32766,4863,1584,77,79
32766,4873,1584,66,75
32766,4865,1575,59,100
32766,4874,1602,102,42
32766,4860,1553,128,72
32766,4851,1602,109,74
32766,4871,1600,65,54
32766,4877,1607,84,87
32766,4896,1580,80,72
32766,4874,1609,89,30
32766,4891,1592,66,95
32766,4878,1611,76,48
32766,4875,1589,81,66
32766,4885,1585,78,80
32766,4894,1586,80,54
32766,4892,1589,89,56
32766,4892,1604,73,83
32766,4906,1597,80,71
32766,4882,1596,72,68
32766,4912,1619,85,92
32766,4903,1581,47,82
32766,4893,1598,80,66
32766,4898,1609,30,63
32766,4913,1596,36,76
32766,4901,1589,60,67
32766,4926,1608,73,64
32766,4902,1597,71,82
32766,4903,1598,82,64
32766,4913,1606,74,74
32766,4911,1599,79,67
32766,4913,1612,47,75
32766,4921,1605,69,59
32766,4888,1610,55,61
32766,4908,1604,142,51
32766,4922,1593,61,114
32766,4916,1616,93,53
32766,4919,1599,73,55
32766,4919,1616,42,135
32766,4943,1615,50,46
32766,4920,1612,71,74
32766,4928,1605,69,74
32766,4922,1598,73,72
32766,4926,1615,53,54
32766,4911,1599,97,73
32766,4925,1606,64,63
32766,4914,1595,81,80
32766,4916,1610,88,72
32766,4890,1617,86,72
32766,4934,1621,79,98
32766,4964,1591,88,61
32766,4928,1622,81,85
32766,4941,1624,80,76
32766,4926,1646,116,93
32766,4934,1618,72,76
32766,4922,1616,68,72
32766,4941,1617,87,77
32766,4955,1618,71,72
32766,4942,1616,91,51
32766,4938,1613,70,89
32766,4956,1597,79,68
32766,4958,1610,94,43
32766,4965,1623,74,81
32766,4967,1607,84,77
32766,4976,1630,52,107
32766,4979,1599,77,57
32766,4963,1626,97,46
32766,4989,1618,90,48
32766,4971,1631,132,53
32766,4966,1632,55,58
32766,4970,1610,93,53
32766,4974,1631,54,88
32766,4979,1630,91,56
32766,4978,1626,88,67
32766,4966,1626,92,52
32766,4975,1623,77,72
32766,4993,1623,68,82
32766,4959,1619,67,73
32766,4975,1627,93,67
32766,4969,1638,49,82
32766,4960,1621,54,83
32766,4946,1617,65,72
32766,4969,1624,58,69
32766,4953,1626,68,68
32766,4963,1623,89,66
32766,4979,1603,70,58
32766,4976,1645,70,76
32766,4986,1608,73,73
32766,4975,1620,85,63
32766,4979,1628,94,65
32766,4969,1618,74,74
32766,4981,1626,74,68
32766,4974,1615,74,65
32766,4990,1625,74,57
32766,4970,1661,87,68
32766,4973,1642,97,63
32766,4978,1597,94,31
32766,4975,1617,73,66
32766,4963,1633,69,78
32766,4972,1637,57,71
32766,4976,1640,92,51
32766,4972,1624,72,79
32766,4968,1618,69,86
32766,4971,1619,62,80
32766,4973,1615,78,55
32766,4961,1635,90,58
32766,4971,1619,78,54
32766,4982,1619,92,52
32766,4970,1635,90,61
32766,4960,1632,52,100
32766,4978,1628,57,58
32766,4955,1626,68,67
32766,4965,1627,66,83
32766,4975,1626,97,44
32766,4943,1632,99,50
32766,4981,1619,66,72
32766,4983,1620,62,59
32766,4979,1621,75,66
32766,4994,1627,75,52
32766,4981,1618,64,91
32766,4967,1621,63,70
32766,4959,1629,57,61
32766,4971,1610,69,67
32766,4969,1631,110,53
32766,4969,1645,66,77
32766,4974,1637,36,69
32766,4968,1640,72,72
32766,4971,1636,71,81
32766,4945,1642,91,85
32766,4961,1642,103,73
32766,4954,1653,73,65
32766,4970,1617,71,62
32766,4969,1617,75,68
32766,4962,1621,92,47
32766,4979,1615,64,71
32766,4970,1636,66,63
32766,4974,1627,65,88
32766,4977,1617,52,61
32766,4986,1618,65,75
32766,4977,1628,54,76
32766,5003,1616,80,60
32766,4980,1613,52,57
32766,4987,1637,70,62
32766,4992,1597,80,60
32766,4993,1617,73,65
32766,4970,1639,97,75
32766,4964,1627,72,75
32766,4998,1635,69,83
32766,4986,1625,81,62
32766,4990,1619,64,67
32766,4963,1630,96,70
32766,5001,1638,75,67
32766,4989,1625,65,70
32766,5009,1619,83,53
32766,4989,1654,86,74
32766,4995,1644,59,89
32766,5019,1638,65,75
32766,5008,1650,73,74
32766,5000,1673,114,76
32766,5012,1651,82,47
32766,5029,1651,84,82
32766,5020,1635,92,52
32766,5028,1647,79,62
32766,5035,1644,96,65
32766,5037,1633,84,73
32766,5028,1644,82,99
32766,5026,1643,76,70
32766,5044,1635,70,59
32766,5020,1642,78,46
32766,5048,1654,99,48
32766,5044,1625,91,80
32766,5016,1666,81,73
32766,5024,1651,96,65
32766,5022,1652,82,70
32766,5038,1660,75,74
32766,5022,1647,83,51
32766,5042,1668,51,50
32766,5028,1653,66,57
32766,5033,1656,75,77
32766,5042,1670,69,74
32766,5036,1651,58,62
32766,5042,1651,80,68
32766,5043,1645,62,71
32766,5038,1653,52,60
32766,5017,1639,94,79
32766,5062,1644,73,87
32766,5078,1640,83,92
32766,5053,1657,77,65
32766,5050,1654,65,91
32766,5037,1653,108,46
32766,5073,1660,85,75
32766,5062,1659,73,72
32766,5054,1670,86,64
32766,5069,1653,61,77
32766,5077,1655,83,73
32766,5071,1661,84,61
32766,5074,1655,78,69
32766,5057,1675,65,72
32766,5064,1667,67,63
32766,5065,1663,68,67
32766,5076,1646,60,68
32766,5097,1648,54,94
32766,5079,1666,69,81
32766,5064,1669,50,79
32766,5054,1665,78,28
32766,5070,1665,98,88
32766,5062,1663,83,53
32766,5062,1669,79,58
32766,5057,1659,96,69
32766,5064,1660,68,79
32766,5061,1667,82,75
32766,5067,1669,80,68
32766,5061,1660,100,71
32766,5046,1642,57,67
32766,5077,1647,46,67
32766,5091,1643,93,84
32766,5062,1637,59,62
32766,5073,1650,102,74
32766,5054,1670,90,55
32766,5047,1637,75,53
32766,5057,1657,62,60
32766,5055,1670,69,73
32766,5065,1649,86,68
32766,5081,1651,62,70
32766,5061,1651,81,81
32766,5071,1648,62,69
32766,5048,1677,79,72
32766,5076,1656,61,58
32766,5062,1635,98,67
32766,5058,1627,58,46
32766,5046,1655,102,65
32766,5077,1643,67,78
32766,5078,1637,91,48
32766,5068,1668,107,81
32766,5030,1660,114,26
32766,5053,1665,80,71
32766,5056,1653,77,72
32766,5060,1667,86,82
32766,5056,1663,72,67
32766,5064,1654,75,74
32766,5056,1659,82,84
32766,5063,1652,78,72
32766,5068,1657,70,61
32766,5073,1670,84,41
32766,5070,1646,96,30
32766,5050,1642,36,96
32766,5053,1643,68,76
32766,5056,1664,64,42
32766,5064,1630,72,106
32766,5057,1662,88,57
32766,5060,1641,56,67
32766,5052,1638,85,61
32766,5069,1653,77,82
32766,5054,1664,63,77
32766,5071,1655,90,68
32766,5073,1651,72,66
32766,5084,1653,81,56
32766,5071,1646,76,62
32766,5076,1665,67,47
32766,5070,1668,59,82
32766,5082,1655,89,78
32766,5105,1646,62,91
32766,5086,1682,92,77
32766,5108,1644,46,45
32766,5077,1667,81,79
32766,5092,1662,52,76
32766,5087,1666,65,67
32766,5101,1665,61,74
32766,5091,1648,76,80
32766,5094,1641,60,77
32766,5094,1668,71,74
32766,5103,1660,65,63
32766,5090,1662,97,86
32766,5084,1638,61,72
32766,5093,1667,99,68
32766,5098,1652,92,52
32766,5100,1652,118,22
32766,5092,1656,78,85
32766,5078,1660,82,59
32766,5108,1677,63,97
32766,5097,1644,72,66
32766,5098,1643,59,69
32766,5105,1648,107,78
32766,5086,1655,73,80
32766,5089,1644,78,67
32766,5082,1671,89,56
32766,5095,1659,69,81
32766,5090,1663,89,73
32766,5073,1643,70,75
32766,5113,1663,67,68
32766,5100,1641,70,70
32766,5076,1663,61,72
32766,5082,1635,64,65
32766,5083,1646,67,36
32766,5094,1642,61,72
32766,5098,1641,95,51
32766,5094,1646,75,63
32766,5108,1667,82,68
32766,5103,1661,79,73
32766,5091,1652,80,69
32766,5092,1659,80,64
32766,5102,1649,80,66
32766,5101,1667,69,56
32766,5094,1697,82,35
32766,5113,1662,94,73
32766,5076,1678,96,59
32766,5088,1686,105,63
32766,5093,1661,93,59
32766,5117,1648,81,61
32766,5118,1668,54,79
32766,5093,1647,101,38
32766,5115,1680,70,76
32766,5104,1654,85,47
32766,5104,1653,76,62
32766,5106,1677,74,65
32766,5106,1660,95,64
32766,5103,1662,71,66
32766,5105,1664,76,61
32766,5114,1682,78,65
32766,5113,1643,111,103
32766,5122,1665,83,36
32766,5111,1656,107,63
32766,5116,1641,88,85
32766,5126,1672,143,85
32766,5120,1654,68,69
32766,5100,1661,46,72
32766,5115,1662,73,74
32766,5104,1648,64,90
32766,5107,1662,76,58
32766,5114,1657,64,70
32766,5110,1658,67,73
32766,5101,1669,89,62
32766,5098,1649,78,82
32766,5109,1652,71,74
32766,5118,1654,68,57
32766,5107,1660,54,68
32766,5103,1659,86,43
32766,5102,1655,87,63
32766,5108,1664,54,90
32766,5112,1672,40,110
32766,5125,1662,47,84
32766,5089,1665,74,65
32766,5105,1643,84,67
32766,5125,1650,89,51
32766,5113,1656,90,61
32766,5106,1655,73,73
32766,5110,1667,55,83
32766,5115,1658,70,72
32766,5104,1661,66,77
32766,5091,1675,113,50
32766,5125,1660,70,69
32766,5105,1648,83,98
32766,5130,1658,78,81
32766,5114,1659,78,62
32766,5121,1665,47,92
32766,5120,1660,69,61
32766,5118,1652,83,51
32766,5111,1653,60,77
32766,5121,1650,91,68
32766,5125,1657,65,82
32766,5113,1668,77,83
32766,5121,1660,75,59
32766,5117,1646,80,66
32766,5105,1659,70,61
32766,5117,1671,77,74
32766,5109,1652,61,81
32766,5133,1665,89,77
32766,5140,1677,90,67
32766,5133,1654,61,64
32766,5131,1659,95,67
32766,5145,1660,50,98
32766,5124,1664,85,54
32766,5127,1660,75,67
32766,5141,1666,75,48
32766,5141,1667,61,64
32766,5135,1661,70,62
32766,5157,1649,102,54
32766,5130,1678,78,65
32766,5134,1671,72,69
32766,5144,1653,84,59
32766,5150,1684,50,60
32766,5145,1688,109,41
32766,5152,1665,76,84
32766,5177,1664,58,69
32766,5143,1660,41,69
32766,5158,1689,110,74
32766,5158,1679,72,54
32766,5153,1677,57,76
32766,5163,1668,77,60
32766,5152,1672,76,64
32766,5149,1668,94,70
32766,5159,1675,78,68
32766,5153,1669,83,74
32766,5150,1660,83,80
32766,5142,1682,72,54
32766,5168,1648,119,45
32766,5155,1659,77,62
32766,5157,1670,74,74
32766,5150,1681,76,70
32766,5172,1640,86,80
32766,5166,1657,83,72
32766,5157,1672,66,73
32766,5160,1676,65,65
32766,5158,1654,60,86
32766,5156,1681,55,41
32766,5154,1681,59,56
32766,5151,1669,58,72
32766,5159,1681,65,65
32766,5166,1644,80,40
32766,5183,1655,78,40
32766,5166,1667,57,80
32766,5173,1659,94,46
32766,5147,1671,74,51
32766,5179,1679,109,49
32766,5137,1659,101,31
32766,5164,1678,58,60
32766,5160,1673,69,90
32766,5156,1675,55,51
32766,5157,1665,90,82
32766,5151,1670,65,81
32766,5163,1672,90,77
32766,5162,1669,82,61
32766,5151,1667,87,68
32766,5158,1665,63,59
32766,5177,1664,98,72
32766,5169,1661,79,77
32766,5151,1678,79,61
32766,5156,1663,64,54
32766,5151,1682,62,100
32766,5146,1662,115,34
32766,5163,1655,98,59
32766,5169,1663,60,69
32766,5148,1664,68,62
32766,5155,1671,105,44
32766,5143,1646,74,52
32766,5162,1667,64,63
32766,5153,1660,76,49
32766,5149,1666,66,74
32766,5156,1662,84,78
32766,5148,1647,70,89
32766,5169,1661,65,92
32766,5165,1667,65,81
32766,5162,1647,48,101
32766,5153,1661,60,65
32766,5168,1688,61,108
32766,5140,1681,107,50
32766,5147,1664,72,80
32766,5163,1667,70,63
32766,5164,1658,59,74
32766,5167,1653,65,75
32766,5140,1662,79,78
32766,5162,1650,91,61
32766,5156,1664,82,53
32766,5166,1657,101,45
32766,5139,1669,62,44
32766,5155,1649,93,65
32766,5157,1685,67,95
32766,5143,1688,80,78
32766,5161,1671,113,52
32766,5143,1668,80,56
32766,5148,1671,60,73
32766,5155,1676,80,47
32766,5160,1671,64,59
32766,5158,1660,73,64
32766,5165,1663,60,77
32766,5172,1670,77,58
32766,5156,1657,92,50
32766,5160,1658,76,67
32766,5158,1682,66,73
32766,5144,1675,60,77
32766,5173,1660,115,47
32766,5163,1665,81,84
32766,5157,1658,55,60
32766,5168,1660,53,56
32766,5152,1655,97,90
32766,5176,1668,89,69
32766,5182,1661,72,69
32766,5165,1666,69,76
32766,5170,1674,87,87
32766,5160,1682,68,72
32766,5187,1671,64,56
32766,5182,1658,82,60
32766,5174,1682,71,58
32766,5180,1679,65,70
32766,5170,1673,87,61
32766,5162,1681,83,105
32766,5181,1682,66,67
32766,5171,1671,63,89
32766,5176,1668,57,51
32766,5173,1668,94,11
32766,5183,1671,60,98
32766,5169,1651,82,93
32766,5167,1669,81,59
32766,5170,1675,93,64
32766,5179,1669,72,64
32766,5169,1674,81,69
32766,5168,1679,78,62
32766,5172,1673,69,66
32766,5178,1674,67,76
32766,5182,1645,88,61
32766,5168,1669,109,62
32766,5184,1652,70,74
32766,5176,1674,66,48
32766,5169,1673,74,54
32766,5187,1660,96,53
32766,5198,1650,81,68
32766,5176,1655,52,68
32766,5171,1654,58,64
32766,5181,1669,80,68
32766,5171,1663,88,63
32766,5173,1672,74,85
32766,5185,1661,97,51
32766,5181,1670,65,76
32766,5175,1663,80,72
32766,5170,1658,76,68
32766,5164,1650,83,51
32766,5162,1675,119,37
32766,5178,1674,94,50
32766,5181,1665,72,65
32766,5145,1677,101,61
32766,5143,1677,74,50
32766,5156,1649,105,63
32766,5163,1665,75,78
32766,5148,1665,73,73
32766,5150,1674,82,61
32766,5159,1666,78,54
32766,5158,1669,77,81
32766,5159,1668,87,64
32766,5162,1653,62,64
32766,5172,1660,77,94
32766,5179,1666,67,68
32766,5164,1641,89,73
32766,5156,1672,62,52
32766,5149,1663,68,43
32766,5159,1672,64,10
32766,5159,1644,55,38
32766,5145,1659,87,82
32766,5163,1656,90,64
32766,5149,1684,67,76
32766,5155,1686,59,65
32766,5160,1672,83,62
32766,5156,1661,77,64
32766,5155,1690,99,77
32766,5150,1664,88,77
32766,5167,1653,80,70
32766,5162,1667,89,70
32766,5170,1695,72,72
32766,5176,1663,112,57
32766,5166,1693,93,52
32766,5170,1685,77,78
32766,5156,1685,63,71
32766,5160,1672,75,60
32766,5158,1686,85,53
32766,5155,1700,96,69
32766,5154,1674,69,55
32766,5164,1675,64,49
32766,5143,1667,67,59
32766,5152,1653,69,59
32766,5150,1673,80,73
32766,5155,1687,48,40
32766,5160,1645,64,59
32766,5143,1664,81,76
32766,5149,1669,94,17
32766,5147,1660,76,67
32766,5122,1653,128,20
32766,5160,1670,71,46
32766,5151,1664,63,64
32766,5138,1653,81,76
32766,5145,1665,52,65
32766,5147,1651,82,46
32766,5137,1673,58,67
32766,5137,1654,67,57
32766,5130,1659,78,69
32766,5124,1663,60,64
32766,5136,1653,71,78
32766,5128,1642,106,87
32766,5096,1679,86,112
32766,5119,1668,64,75
32766,5110,1661,70,59
32766,5107,1640,71,55
32766,5114,1663,86,65
32766,5108,1648,33,67
32766,5090,1651,70,67
32766,5110,1645,60,73
32766,5084,1656,58,56
32766,5084,1660,55,76
32766,5091,1648,97,59
32766,5080,1658,46,65
32766,5088,1655,83,65
32766,5080,1645,69,80
32766,5087,1645,83,79
32766,5089,1658,101,54
32766,5089,1656,81,74
32766,5093,1635,62,74
32766,5064,1652,103,60
32766,5074,1658,57,75
32766,5073,1650,63,74
32766,5068,1652,82,72
32766,5079,1644,85,79
32766,5067,1647,71,71
32766,5078,1645,72,50
32766,5067,1648,67,73
32766,5082,1633,75,75
32766,5073,1644,84,61
32766,5080,1653,87,64
32766,5078,1640,62,80
32766,5034,1666,76,106
32766,5075,1655,94,66
32766,5077,1656,72,65
32766,5067,1638,42,57
32766,5065,1670,63,59
32766,5079,1664,77,78
32766,5073,1660,69,83
32766,5086,1652,82,71
32766,5076,1664,77,73
32766,5088,1658,58,72
32766,5066,1636,73,57
32766,5086,1650,79,67
32766,5074,1649,88,68
32766,5077,1658,88,75
32766,5081,1647,101,64
32766,5042,1641,65,72
32766,5077,1641,85,86
32766,5073,1659,97,80
32766,5082,1651,90,66
32766,5077,1659,42,80
32766,5062,1683,75,73
32766,5069,1649,78,64
32766,5056,1641,79,65
32766,5063,1659,66,90
32766,5066,1645,90,53
32766,5060,1645,68,61
32766,5065,1651,62,70
32766,5064,1640,65,56
32766,5078,1657,78,43
32766,5079,1655,81,92
32766,5085,1672,87,57
32766,5089,1635,57,81
32766,5066,1658,82,53
32766,5066,1636,43,61
32766,5069,1682,99,44
32766,5097,1677,74,77
32766,5079,1658,83,58
32766,5084,1656,82,74
32766,5096,1664,80,59
32766,5087,1672,81,71
32766,5082,1666,57,68
32766,5088,1662,84,70
32766,5092,1662,74,71
32766,5090,1657,84,84
32766,5089,1663,75,68
32766,5079,1667,86,56
32766,5096,1624,67,73
32766,5089,1668,80,67
32766,5082,1680,52,51
32766,5085,1672,42,88
32766,5088,1651,84,57
32766,5084,1668,106,72
32766,5093,1659,83,71
32766,5088,1653,76,76
32766,5112,1657,76,61
32766,5093,1673,72,60
32766,5097,1675,70,61
32766,5126,1664,84,63
32766,5124,1675,79,68
32766,5117,1677,91,45
32766,5125,1663,45,97
32766,5097,1685,91,40
32766,5129,1678,65,47
32766,5123,1698,65,48
32766,5150,1695,98,60
32766,5139,1675,56,98
32766,5171,1684,64,60
32766,5173,1698,57,52
32766,5167,1687,60,59
32766,5176,1689,90,56
32766,5176,1684,82,58
32766,5193,1686,85,57
32766,5202,1688,84,59
32766,5190,1706,77,87
32766,5193,1707,88,35
32766,5232,1696,79,61
32766,5213,1687,68,56
32766,5246,1694,65,66
32766,5254,1707,64,67
32766,5257,1724,63,101
32766,5289,1693,24,25
32766,5274,1694,76,70
32766,5290,1702,73,88
32766,5296,1712,83,79
32766,5317,1705,80,81
32766,5314,1711,81,76
32766,5314,1717,70,60
32766,5322,1711,73,74
32766,5350,1724,86,64
32766,5385,1717,89,60
32766,5361,1737,63,83
32766,5365,1738,58,43
32766,5394,1734,74,83
32766,5421,1704,55,53
32766,5396,1707,43,67
32766,5400,1731,68,69
32766,5412,1726,51,74
32766,5403,1720,70,71
32766,5392,1725,89,69
32766,5392,1720,71,66
32766,5371,1712,96,67
32766,5362,1716,71,80
32766,5348,1726,85,64
32766,5352,1707,64,63
32766,5324,1703,100,91
32766,5340,1725,83,62
32766,5327,1715,77,66
32766,5354,1699,77,57
32766,5332,1715,81,43
32766,5347,1727,128,40
32766,5352,1749,86,53
32766,5359,1717,59,52
32766,5380,1723,82,76
32766,5393,1719,80,101
32766,5395,1735,63,73
32766,5399,1715,60,73
32766,5398,1736,93,58
32766,5392,1733,99,62
32766,5405,1706,83,75
32766,5385,1726,65,93
32766,5373,1716,92,60
32766,5364,1732,93,56
32766,5357,1716,95,52
32766,5366,1721,63,76
32766,5328,1751,104,104
32766,5344,1710,79,85
32766,5353,1713,64,56
32766,5354,1723,75,90
32766,5351,1703,72,67
32766,5341,1713,75,63
32766,5336,1730,50,88
32766,5356,1722,61,51
32766,5357,1714,76,77
32766,5362,1737,88,72
32766,5378,1703,82,82
32766,5387,1735,86,55
32766,5396,1721,59,121
32766,5411,1732,106,53
32766,5420,1733,115,66
32766,5418,1745,43,102
32766,5411,1744,85,65
32766,5416,1737,75,60
32766,5432,1719,81,85
32766,5424,1712,65,72
32766,5430,1720,86,81
32766,5423,1733,66,82
32766,5413,1719,72,64
32766,5407,1711,82,75
32766,5404,1729,74,85
32766,5414,1725,93,57
32766,5397,1721,137,60
32766,5403,1712,80,67
32766,5368,1737,78,82
32766,5391,1718,91,75
32766,5401,1735,90,71
32766,5387,1726,103,55
32766,5391,1704,68,71
32766,5389,1718,72,71
32766,5370,1717,85,61
32766,5368,1732,68,60
32766,5357,1714,62,79
32766,5361,1727,86,59
32766,5369,1729,88,79
32766,5348,1713,72,91
32766,5350,1719,73,46
32766,5337,1696,72,101
32766,5349,1714,62,71
32766,5326,1730,93,53
32766,5325,1693,77,66
32766,5312,1692,40,34
32766,5302,1702,77,62
32766,5306,1705,94,85
32766,5324,1704,87,55
32766,5305,1703,85,69
32766,5302,1712,78,60
32766,5296,1715,61,92
32766,5310,1713,86,66
32766,5295,1713,69,60
32766,5320,1684,101,63
32766,5316,1714,78,79
32766,5287,1706,92,82
32766,5330,1722,31,96
32766,5318,1712,92,44
32766,5321,1711,91,85
32766,5348,1697,66,103
32766,5327,1711,67,53
32766,5310,1709,63,99
32766,5345,1716,82,68
32766,5343,1713,76,80
32766,5326,1710,73,58
32766,5332,1726,71,79
32766,5348,1702,77,57
32766,5339,1705,93,83
32766,5337,1704,71,67
32766,5326,1713,54,67
32766,5296,1698,77,77
32766,5335,1691,60,77
32766,5325,1714,93,50
32766,5325,1704,81,50
32766,5305,1709,78,96
32766,5319,1697,41,76
32766,5292,1694,77,65
32766,5295,1704,56,72
32766,5310,1711,84,73
32766,5290,1703,71,68
32766,5303,1708,72,56
32766,5277,1682,80,81
32766,5279,1694,69,56
32766,5271,1706,78,65
32766,5265,1702,89,69
32766,5277,1688,80,47
32766,5248,1708,78,73
32766,5270,1689,77,60
32766,5254,1711,87,76
32766,5249,1715,93,91
32766,5239,1701,32,81
32766,5252,1705,67,94
32766,5255,1695,95,68
32766,5240,1710,92,75
32766,5246,1695,77,67
32766,5253,1688,70,80
32766,5255,1712,63,70
32766,5248,1695,64,76
32766,5254,1693,49,71
32766,5242,1696,67,78
32766,5220,1690,109,69
32766,5239,1715,66,49
32766,5273,1711,137,54
32766,5262,1695,93,67
32766,5255,1711,97,63
32766,5261,1692,45,68
32766,5247,1705,94,50
32766,5257,1703,83,77
32766,5256,1686,82,67
32766,5252,1690,83,73
32766,5249,1696,94,55
32766,5235,1689,73,72
32766,5240,1681,88,65
32766,5237,1690,80,82
32766,5242,1689,86,64
32766,5237,1704,97,106
32766,5241,1687,90,70
32766,5229,1693,73,91
32766,5247,1683,44,94
32766,5237,1710,91,49
32766,5233,1681,62,48
32766,5228,1691,91,47
32766,5227,1689,78,63
32766,5244,1694,83,78
32766,5233,1697,77,85
32766,5230,1697,90,70
32766,5225,1697,75,62
32766,5228,1722,54,78
32766,5222,1705,73,76
32766,5225,1691,67,64
32766,5226,1709,66,64
32766,5236,1692,63,68
32766,5221,1715,82,53
32766,5227,1693,94,69
32766,5224,1694,93,89
32766,5213,1702,90,35
32766,5234,1688,106,82
32766,5229,1702,72,85
32766,5228,1693,72,83
32766,5211,1713,81,83
32766,5228,1687,63,80
32766,5232,1702,93,68
32766,5233,1697,67,77
32766,5232,1708,70,55
32766,5226,1686,65,77
32766,5214,1717,47,76
32766,5237,1708,85,45
32766,5238,1684,72,64
32766,5247,1686,71,70
32766,5243,1694,77,81
32766,5254,1672,70,51
32766,5236,1678,93,70
32766,5237,1681,75,77
32766,5237,1678,83,68
32766,5221,1698,70,67
32766,5219,1683,99,75
32766,5220,1698,82,68
32766,5225,1687,73,92
32766,5241,1694,75,74
32766,5234,1684,89,67
32766,5228,1689,55,72
32766,5215,1714,84,59
32766,5195,1699,109,37
32766,5211,1680,78,73
32766,5213,1691,64,70
32766,5215,1686,77,86
32766,5222,1684,56,69
32766,5192,1682,80,75
32766,5215,1695,71,70
32766,5216,1687,94,62
32766,5211,1695,89,68
32766,5197,1697,85,78
32766,5211,1694,85,76
32766,5211,1682,82,72
32766,5205,1699,82,80
32766,5191,1682,119,63
32766,5225,1687,101,99
32766,5212,1672,101,61
32766,5199,1682,94,72
32766,5211,1690,90,68
32766,5214,1689,67,40
32766,5207,1675,54,63
32766,5231,1691,69,74
32766,5206,1685,89,86
32766,5213,1695,87,80
32766,5215,1691,74,69
32766,5218,1676,87,58
32766,5199,1693,77,78
32766,5204,1694,76,78
32766,5199,1691,72,75
32766,5203,1705,59,67
32766,5185,1712,51,70
32766,5207,1676,67,63
32766,5193,1697,72,80
32766,5216,1678,49,85
32766,5215,1698,85,78
32766,5230,1678,43,109
32766,5198,1698,93,78
32766,5205,1695,69,71
32766,5200,1701,69,89
32766,5185,1702,85,85
32766,5204,1683,76,81
32766,5193,1686,82,78
32766,5197,1681,98,87
32766,5208,1674,76,72
32766,5192,1680,83,82
32766,5177,1681,79,84
32766,5199,1686,108,71
32766,5193,1694,63,94
32766,5187,1677,87,69
32766,5206,1661,76,52
32766,5172,1698,107,72
32766,5192,1688,73,72
32766,5186,1687,82,69
32766,5193,1690,73,72
32766,5182,1698,89,70
32766,5175,1703,80,73
32766,5182,1673,83,66
32766,5179,1670,88,79
32766,5174,1682,78,59
32766,5186,1669,96,50
32766,5164,1680,67,43
32766,5205,1651,102,39
32766,5164,1677,98,61
32766,5168,1688,50,59
32766,5182,1665,60,69
32766,5192,1681,70,76
32766,5174,1704,76,88
32766,5171,1672,71,62
32766,5178,1663,69,57
32766,5181,1679,82,58
32766,5171,1675,93,69
32766,5158,1684,54,79
32766,5174,1689,67,68
32766,5187,1683,92,50
32766,5173,1687,66,86
32766,5192,1686,100,27
32766,5174,1677,85,75
32766,5185,1673,68,80
32766,5164,1695,87,70
32766,5146,1667,66,53
32766,5175,1664,65,60
32766,5176,1676,87,63
32766,5173,1664,67,60
32766,5158,1679,73,74
32766,5168,1688,68,69
32766,5175,1680,85,73
32766,5180,1674,80,68
32766,5168,1679,78,71
32766,5172,1684,65,71
32766,5171,1713,82,66
32766,5182,1659,76,116
32766,5171,1681,107,26
32766,5164,1674,67,57
32766,5144,1695,88,67
32766,5159,1705,84,77
32766,5170,1690,63,82
32766,5153,1673,77,82
32766,5159,1687,83,61
32766,5158,1675,63,87
32766,5169,1677,60,56
32766,5161,1677,72,78
32766,5170,1660,68,66
32766,5175,1685,93,65
32766,5180,1679,79,68
32766,5169,1673,75,77
32766,5167,1684,90,62
32766,5173,1669,86,75
32766,5156,1676,102,24
32766,5161,1685,74,62
32766,5176,1685,96,69
32766,5136,1681,59,57
32766,5147,1673,102,41
32766,5170,1667,53,87
32766,5157,1684,90,63
32766,5174,1676,95,76
32766,5174,1684,54,55
32766,5151,1679,85,65
32766,5164,1678,74,72
32766,5166,1679,68,61
32766,5173,1671,63,62
32766,5183,1675,80,72
32766,5153,1682,80,91
32766,5143,1660,77,53
32766,5164,1668,68,81
32766,5159,1660,89,41
32766,5199,1657,99,44
32766,5161,1652,71,49
32766,5166,1675,78,56
32766,5159,1670,75,65
32766,5170,1681,82,75
32766,5166,1676,67,83
32766,5166,1667,62,60
32766,5159,1680,80,60
32766,5170,1671,90,73
32766,5174,1679,78,74
32766,5160,1688,114,72
32766,5163,1687,70,79
32766,5177,1660,68,112
32766,5158,1683,57,82
32766,5180,1682,82,66
32766,5180,1687,76,67
32766,5163,1664,75,50
32766,5159,1676,86,66
32766,5171,1688,83,75
32766,5167,1692,79,67
32766,5176,1676,62,73
32766,5165,1682,69,65
32766,5160,1681,112,58
32766,5178,1676,74,75
32766,5170,1679,91,46
32766,5180,1675,93,61
32766,5151,1706,31,85
32766,5153,1711,45,73
32766,5162,1695,83,54
32766,5168,1702,75,70
32766,5159,1665,63,58
32766,5155,1647,46,73
32766,5159,1688,83,81
32766,5175,1675,57,54
32766,5172,1667,67,65
32766,5171,1665,88,71
32766,5163,1673,91,84
32766,5168,1682,68,86
32766,5169,1687,75,90
32766,5155,1674,66,64
32766,5174,1671,90,55
32766,5160,1671,91,60
32766,5154,1686,101,47
32766,5163,1676,68,64
32766,5163,1682,49,84
32766,5157,1681,55,109
32766,5178,1650,28,80
32766,5145,1679,63,84
32766,5154,1675,68,69
32766,5165,1677,56,55
32766,5170,1677,64,56
32766,5155,1668,69,79
32766,5167,1678,69,73
32766,5163,1679,84,72
32766,5179,1677,102,61
32766,5155,1668,74,79
32766,5164,1689,68,91
32766,5154,1663,56,37
32766,5138,1686,93,65
32766,5155,1674,71,72
32766,5153,1672,78,69
32766,5162,1663,80,100
32766,5163,1679,84,59
32766,5166,1678,74,64
32766,5157,1680,81,81
32766,5170,1677,77,56
32766,5156,1677,71,68
32766,5159,1683,83,66
32766,5169,1665,74,65
32766,5148,1675,76,87
32766,5133,1694,77,96
32766,5134,1705,78,75
32766,5145,1671,65,64
32766,5148,1692,106,68
32766,5156,1667,79,75
32766,5144,1676,98,58
32766,5176,1666,93,62
32766,5163,1684,66,69
32766,5151,1673,90,65
32766,5167,1670,74,51
32766,5163,1663,88,49
32766,5164,1677,73,72
32766,5145,1687,90,74
32766,5160,1669,69,97
32766,5152,1678,68,54
32766,5172,1674,79,60
32766,5171,1699,91,56
32766,5161,1677,98,72
32766,5158,1682,66,91
32766,5155,1674,77,67
32766,5174,1675,70,59
32766,5163,1675,79,55
32766,5155,1692,55,82
32766,5175,1675,83,75
32766,5164,1672,92,70
32766,5165,1671,75,72
32766,5174,1663,85,50
32766,5155,1674,86,63
32766,5149,1683,61,62
32766,5160,1680,82,56
32766,5145,1664,68,73
32766,5158,1687,40,55
32766,5149,1680,104,75
32766,5179,1674,80,61
32766,5164,1675,70,68
32766,5169,1669,42,110
32766,5166,1672,75,77
32766,5162,1653,59,68
32766,5161,1658,63,58
32766,5168,1678,72,70
32766,5152,1675,73,54
32766,5177,1665,75,59
32766,5163,1672,63,76
32766,5177,1675,64,55
32766,5159,1669,73,75
32766,5177,1672,100,64
32766,5170,1677,107,90
32766,5159,1678,31,87
32766,5159,1668,78,68
32766,5178,1680,74,57
32766,5151,1676,76,61
32766,5167,1661,58,84
32766,5150,1673,95,59
32766,5156,1662,93,78
32766,5150,1675,76,64
32766,5150,1688,69,57
32766,5164,1682,65,68
32766,5150,1661,71,83
32766,5156,1674,91,67
32766,5155,1667,72,74
32766,5149,1685,58,73
32766,5167,1662,88,56
32766,5164,1688,65,68
32766,5149,1674,65,88
32766,5153,1685,37,88
32766,5180,1658,48,88
32766,5165,1658,68,91
32766,5158,1689,89,70
32766,5171,1688,88,67
32766,5157,1699,69,74
32766,5148,1668,62,66
32766,5161,1680,66,66
32766,5154,1660,83,58
32766,5153,1683,92,66
32766,5150,1683,73,66
32766,5146,1673,66,69
32766,5145,1671,91,74
32766,5180,1692,61,87
32766,5165,1669,45,80
32766,5131,1663,87,63
32766,5163,1685,81,57
32766,5132,1684,86,16
32766,5162,1679,105,93
32766,5158,1671,87,45
32766,5149,1678,57,66
32766,5165,1662,94,76
32766,5157,1662,70,83
32766,5174,1684,84,66
32766,5152,1681,75,58
32766,5165,1658,89,71
32766,5155,1670,95,56
32766,5163,1645,50,88
32766,5129,1681,91,75
32766,5174,1659,63,82
32766,5139,1684,74,93
32766,5149,1663,83,61
32766,5189,1677,103,78
32766,5150,1680,72,62
32766,5163,1702,72,85
32766,5158,1664,69,69
32766,5162,1658,59,74
32766,5153,1667,74,78
32766,5170,1683,70,61
32766,5154,1673,87,86
32766,5153,1680,79,57
32766,5158,1666,73,45
32766,5166,1688,93,71
32766,5169,1680,74,48
32766,5157,1689,79,42
32766,5129,1677,45,73
32766,5164,1664,68,47
32766,5168,1680,66,26
32766,5172,1670,73,68
32766,5161,1668,94,60
32766,5167,1672,78,66
32766,5163,1674,88,59
32766,5170,1666,94,69
32766,5161,1681,69,67
32766,5174,1671,75,88
32766,5164,1676,84,64
32766,5164,1677,63,72
32766,5156,1677,77,78
32766,5172,1670,92,56
32766,5149,1689,101,92
32766,5159,1676,54,110
32766,5161,1690,78,64
32766,5186,1654,60,66
32766,5167,1666,51,57
32766,5150,1674,71,55
32766,5147,1665,82,79
32766,5159,1657,76,73
32766,5161,1673,83,82
32766,5178,1670,72,53
32766,5154,1672,62,66
32766,5173,1678,91,65
32766,5163,1670,78,50
32766,5163,1678,82,74
32766,5187,1666,94,39
32766,5144,1667,66,56
32766,5157,1673,93,62
32766,5158,1663,93,74
32766,5157,1677,85,77
32766,5170,1662,75,41
32766,5164,1648,68,32
32766,5151,1683,66,86
32766,5158,1672,70,62
32766,5160,1664,61,84
32766,5160,1664,86,62
32766,5167,1682,74,75
32766,5158,1672,59,79
32766,5146,1670,71,53
32766,5151,1669,96,44
32766,5157,1655,73,79
32766,5162,1679,51,52
32766,5169,1677,93,46
32766,5156,1674,81,77
32766,5148,1673,68,48
32766,5189,1657,19,77
32766,5150,1694,67,83
32766,5153,1673,73,92
32766,5156,1685,81,55
32766,5153,1674,61,72
32766,5163,1682,75,71
32766,5155,1675,73,61
32766,5160,1665,80,78
32766,5175,1685,77,73
32766,5148,1664,87,76
32766,5168,1692,72,60
32766,5142,1673,74,69
32766,5144,1681,117,28
32766,5148,1665,69,50
32766,5156,1659,70,76
32766,5175,1696,91,95
32766,5160,1685,70,81
32766,5162,1679,57,75
32766,5165,1681,81,67
32766,5169,1663,69,64
32766,5154,1677,79,68
32766,5162,1677,71,88
32766,5159,1664,73,69
32766,5162,1672,82,69
32766,5165,1691,67,81
32766,5181,1682,94,68
32766,5179,1653,89,72
32766,5177,1653,70,68
32766,5158,1675,85,80
32766,5154,1659,89,58
32766,5166,1647,99,18
32766,5178,1642,89,48
32766,5173,1664,70,74
32766,5174,1674,85,76
32766,5166,1672,77,82
32766,5176,1688,99,66
32766,5140,1668,62,61
32766,5160,1666,84,62
32766,5155,1668,69,53
32766,5174,1665,63,49
32766,5177,1677,32,93
32766,5169,1653,51,100
32766,5175,1660,82,29
32766,5175,1667,72,56
32766,5177,1669,44,75
32766,5149,1664,62,89
32766,5160,1661,68,37
32766,5174,1663,70,68
32766,5159,1683,70,73
32766,5158,1674,70,48
32766,5184,1676,97,65
32766,5176,1664,81,68
32766,5170,1665,78,69
32766,5182,1659,93,65
32766,5173,1683,76,86
32766,5186,1682,80,67
32766,5152,1692,60,77
32766,5155,1665,67,47
32766,5182,1653,78,55
32766,5164,1687,69,84
32766,5165,1687,99,75
32766,5174,1661,60,63
32766,5164,1677,64,73
32766,5160,1687,65,62
32766,5162,1678,89,69
32766,5172,1669,94,63
32766,5181,1666,71,58
32766,5159,1687,71,87
32766,5185,1675,64,74
32766,5179,1675,92,87
32766,5175,1690,81,55
32766,5178,1679,65,73
32766,5180,1693,73,84
32766,5180,1671,51,86
32766,5158,1682,90,46
32766,5194,1680,44,90
32766,5175,1683,88,85
32766,5171,1677,82,42
32766,5176,1687,95,83
32766,5179,1673,74,63
32766,5184,1689,69,62
32766,5190,1684,57,61
32766,5169,1677,67,74
32766,5191,1681,71,65
32766,5172,1672,75,51
32766,5185,1676,54,53
32766,5183,1684,68,46
32766,5153,1709,78,64
32766,5182,1686,101,34
32766,5175,1684,105,61
32766,5160,1684,49,62
32766,5170,1679,54,86
32766,5175,1669,105,31
32766,5199,1670,72,46
32766,5186,1672,85,61
32766,5175,1691,76,68
32766,5181,1684,77,78
32766,5182,1678,97,67
32766,5191,1668,71,56
32766,5170,1670,76,60
32766,5180,1691,70,68
32766,5158,1688,75,68
32766,5191,1701,97,99
32766,5198,1668,77,83
32766,5191,1695,88,48
32766,5216,1675,76,81
32766,5194,1663,61,65
32766,5190,1681,65,68
32766,5190,1674,65,70
32766,5188,1681,75,73
32766,5187,1687,63,64
32766,5169,1680,62,73
32766,5204,1671,79,54
32766,5175,1673,83,75
32766,5182,1677,88,74
32766,5205,1701,88,78
32766,5201,1705,66,82
32766,5175,1662,85,52
32766,5193,1677,82,82
32766,5182,1680,87,35
32766,5179,1701,68,75
32766,5217,1683,86,128
32766,5158,1685,81,70
32766,5190,1681,69,57
32766,5191,1669,67,66
32766,5174,1674,73,72
32766,5183,1679,69,79
32766,5193,1680,75,63
32766,5187,1674,60,66
32766,5190,1672,67,58
32766,5185,1680,76,71
32766,5195,1663,51,75
32766,5165,1697,83,70
32766,5228,1655,81,72
32766,5190,1688,35,86
32766,5193,1688,57,49
32766,5172,1683,94,62
32766,5161,1687,95,69
32766,5191,1691,75,55
32766,5178,1695,59,62
32766,5178,1691,56,58
32766,5188,1679,73,54
32766,5178,1672,75,61
32766,5183,1680,74,58
32766,5187,1669,87,72
32766,5184,1687,74,79
32766,5173,1666,83,58
32766,5182,1683,84,74
32766,5182,1656,77,88
32766,5181,1678,95,67
32766,5182,1674,80,53
32766,5172,1670,86,73
32766,5205,1667,73,75
32766,5177,1678,62,70
32766,5188,1672,75,70
32766,5186,1680,73,61
32766,5199,1661,80,62
32766,5180,1671,75,81
32766,5193,1662,81,72
32766,5183,1675,61,64
32766,5171,1679,67,70
32766,5190,1675,64,73
32766,5165,1678,43,88
32766,5178,1661,69,59
32766,5193,1654,56,83
32766,5182,1662,85,52
32766,5180,1660,40,48
32766,5180,1671,53,72
32766,5184,1672,63,59
32766,5163,1674,89,69
32766,5173,1684,89,73
32766,5188,1686,91,81
32766,5187,1685,74,66
32766,5182,1676,66,55
32766,5175,1692,77,61
32766,5183,1667,79,82
32766,5176,1686,94,60
32766,5190,1665,52,82
32766,5181,1684,49,98
32766,5184,1694,75,84
32766,5177,1687,60,66
32766,5182,1668,75,44
32766,5169,1681,70,65
32766,5185,1693,56,52
32766,5185,1674,77,63
32766,5180,1673,81,72
32766,5190,1671,79,53
32766,5187,1667,89,74
32766,5175,1682,77,65
32766,5194,1677,78,74
32766,5186,1680,56,54
32766,5174,1673,94,87
32766,5183,1685,77,64
32766,5196,1667,67,80
32766,5195,1676,79,68
32766,5176,1668,61,75
32766,5184,1687,39,95
32766,5193,1667,47,80
32766,5160,1687,102,71
32766,5172,1673,85,81
32766,5187,1668,73,75
32766,5171,1675,80,59
32766,5184,1676,70,75
32766,5188,1673,80,64
32766,5181,1673,71,69
32766,5190,1677,85,61
32766,5186,1687,60,73
32766,5179,1676,73,68
32766,5203,1661,56,75
32766,5160,1675,108,46
32766,5184,1654,72,57
32766,5182,1683,105,58
32766,5178,1674,92,51
32766,5198,1673,63,55
32766,5188,1687,68,94
32766,5167,1689,82,73
32766,5164,1673,79,67
32766,5176,1675,79,74
32766,5179,1682,66,84
32766,5176,1673,84,64
32766,5172,1680,86,52
32766,5184,1667,99,65
32766,5177,1679,68,72
32766,5167,1674,81,35
32766,5179,1679,56,78
32766,5192,1677,88,51
32766,5179,1668,63,64
32766,5192,1671,71,64
32766,5186,1669,80,53
32766,5186,1673,75,76
32766,5174,1670,70,63
32766,5179,1681,111,71
32766,5198,1670,84,59
32766,5185,1678,91,67
32766,5173,1664,65,68
32766,5180,1681,90,64
32766,5186,1672,73,72
32766,5175,1658,87,70
32766,5193,1670,79,77
32766,5183,1682,133,76
32766,5184,1709,73,88
32766,5201,1666,71,69
32766,5188,1669,105,48
32766,5182,1684,66,75
32766,5191,1686,94,73
32766,5185,1670,91,57
32766,5187,1678,71,73
32766,5190,1682,68,66
32766,5187,1676,70,80
32766,5190,1687,71,64
32766,5180,1675,68,62
32766,5187,1687,71,55
32766,5179,1689,48,41
32766,5188,1675,72,101
32766,5187,1684,43,109
32766,5167,1676,93,40
32766,5193,1659,67,70
32766,5200,1669,107,56
32766,5188,1699,81,74
32766,5185,1660,53,53
32766,5185,1673,77,72
32766,5195,1690,60,85
32766,5180,1688,66,79
32766,5184,1680,57,75
32766,5187,1674,84,62
32766,5188,1670,75,75
32766,5195,1682,71,59
32766,5179,1683,61,69
32766,5186,1670,81,67
32766,5172,1703,93,74
32766,5180,1677,74,73
32766,5177,1684,105,51
32766,5173,1690,92,62
32766,5205,1674,53,37
32766,5196,1681,72,67
32766,5185,1684,87,71
32766,5204,1673,56,58
32766,5175,1685,60,69
32766,5182,1677,77,58
32766,5169,1678,61,58
32766,5182,1672,89,74
32766,5164,1692,68,71
32766,5269,1687,103,68
32766,5170,1683,83,32
32766,5182,1682,36,68
32766,5166,1690,65,37
32766,5170,1676,83,42
32766,5214,1673,38,76
32766,5210,1683,47,92
32766,5197,1691,76,47
32766,5191,1677,85,74
32766,5187,1677,80,46
32766,5188,1679,80,74
32766,5170,1686,77,65
32766,5189,1689,54,70
32766,5186,1688,70,66
32766,5186,1679,69,80
32766,5196,1679,74,61
32766,5200,1669,84,71
32766,5217,1683,93,76
32766,5189,1665,128,17
32766,5187,1681,66,82
32766,5173,1676,69,90
32766,5162,1683,61,60
32766,5180,1687,96,42
32766,5180,1669,83,76
32766,5170,1674,82,71
32766,5187,1670,72,59
32766,5176,1679,60,72
32766,5179,1677,92,68
32766,5199,1679,95,67
32766,5180,1696,68,88
32766,5168,1691,75,73
32766,5200,1664,65,66
32766,5174,1684,70,83
32766,5193,1640,80,59
32766,5176,1685,85,88
32766,5158,1682,94,72
32766,5171,1659,64,59
32766,5170,1679,48,63
32766,5199,1671,87,62
32766,5197,1680,65,66
32766,5188,1669,58,82
32766,5186,1684,77,68
32766,5180,1684,79,40
32766,5174,1670,66,53
32766,5174,1676,66,51
32766,5178,1671,56,61
32766,5182,1675,96,57
32766,5179,1686,29,30
32766,5174,1701,46,85
32766,5166,1664,82,49
32766,5186,1672,69,84
32766,5176,1691,78,68
32766,5195,1691,72,104
32766,5179,1699,68,68
32766,5191,1670,67,56
32766,5184,1679,71,64
32766,5168,1678,98,63
32766,5185,1674,82,74
32766,5187,1682,74,80
32766,5187,1683,91,54
32766,5182,1682,102,75
32766,5187,1671,63,68
32766,5195,1677,79,88
32766,5178,1722,75,50
32766,5191,1681,76,52
32766,5186,1687,86,64
32766,5190,1657,83,46
32766,5212,1655,27,74
32766,5186,1669,72,70
32766,5187,1679,79,68
32766,5196,1675,67,72
32766,5204,1675,84,71
32766,5194,1682,84,74
32766,5189,1671,99,68
32766,5196,1661,70,65
32766,5202,1668,83,63
32766,5183,1661,57,96
32766,5195,1679,57,72
32766,5208,1653,63,87
32766,5172,1686,99,81
32766,5193,1675,80,58
32766,5174,1725,91,83
32766,5165,1669,106,80
32766,5191,1692,101,72
32766,5188,1677,91,50
32766,5181,1663,56,55
32766,5205,1685,68,71
32766,5194,1688,77,61
32766,5199,1679,81,62
32766,5195,1686,90,69
32766,5183,1684,92,68
32766,5199,1678,83,63
32766,5178,1673,91,75
32766,5194,1689,72,24
32766,5185,1686,59,80
32766,5200,1672,72,52
32766,5197,1670,88,73
32766,5190,1696,69,44
32766,5203,1679,77,58
32766,5201,1671,73,60
32766,5192,1683,71,74
32766,5190,1676,66,70
32766,5199,1676,74,76
32766,5189,1679,83,80
32766,5186,1680,85,73
32766,5181,1683,87,69
32766,5201,1670,50,64
32766,5197,1647,96,50
32766,5205,1682,80,60
32766,5195,1661,100,64
32766,5199,1686,72,90
32766,5190,1681,96,63
32766,5177,1695,150,42
32766,5180,1673,95,62
32766,5192,1686,58,62
32766,5210,1673,88,60
32766,5193,1684,84,61
32766,5200,1682,72,58
32766,5205,1679,98,60
32766,5203,1679,69,72
32766,5198,1672,85,55
32766,5206,1678,68,74
32766,5207,1659,65,69
32766,5181,1665,76,31
32766,5215,1660,87,52
32766,5185,1682,79,54
32766,5185,1681,76,86
32766,5196,1719,116,65
32766,5216,1684,102,77
32766,5199,1668,62,52
32766,5194,1682,96,74
32766,5196,1675,77,61
32766,5200,1680,62,76
32766,5208,1687,81,67
32766,5196,1664,88,73
32766,5206,1676,62,70
32766,5207,1689,77,59
32766,5206,1682,114,52
32766,5201,1671,94,85
32766,5213,1680,119,53
32766,5197,1698,71,78
32766,5202,1678,68,54
32766,5208,1660,67,57
32766,5214,1668,72,60
32766,5184,1687,62,50
32766,5206,1670,77,77
32766,5209,1686,82,78
32766,5202,1669,94,74
32766,5196,1671,66,57
32766,5204,1696,85,62
32766,5196,1683,71,68
32766,5186,1682,74,60
32766,5202,1668,74,83
32766,5196,1663,73,73
32766,5227,1663,98,25
32766,5212,1672,67,78
32766,5186,1652,76,59
32766,5212,1627,51,59
32766,5197,1695,93,74
32766,5219,1694,73,81
32766,5211,1675,70,86
32766,5209,1676,74,58
32766,5206,1679,56,81
32766,5203,1671,93,70
32766,5202,1686,66,53
32766,5181,1687,67,73
32766,5202,1675,72,82
32766,5197,1690,63,69
32766,5204,1672,102,74
32766,5201,1656,98,53
32766,5211,1694,77,74
32766,5215,1683,68,79
32766,5196,1665,66,76
32766,5188,1669,60,44
32766,5194,1697,71,74
32766,5210,1680,60,51
32766,5196,1664,91,61
32766,5197,1684,69,72
32766,5192,1677,70,75
32766,5189,1685,89,67
32766,5197,1677,63,58
32766,5199,1684,67,74
32766,5202,1666,59,83
32766,5171,1680,95,87
32766,5178,1700,78,72
32766,5199,1665,96,92
32766,5232,1682,91,50
32766,5187,1678,78,49
32766,5208,1661,80,60
32766,5222,1695,43,71
32766,5204,1663,88,61
32766,5217,1683,83,62
32766,5215,1679,83,61
32766,5213,1694,81,61
32766,5211,1677,82,61
32766,5208,1679,79,73
32766,5220,1661,85,68
32766,5211,1682,91,64
32766,5226,1678,69,74
32766,5182,1701,44,84
32766,5187,1696,80,92
32766,5217,1661,66,70
32766,5210,1668,60,61
32766,5214,1671,80,66
32766,5223,1693,56,76
32766,5224,1670,57,77
32766,5216,1686,70,75
32766,5205,1679,71,79
32766,5206,1684,76,67
32766,5201,1684,86,56
32766,5209,1677,71,72
32766,5207,1678,75,61
32766,5208,1675,57,75
32766,5228,1682,68,58
32766,5216,1679,122,42
32766,5211,1669,80,86
32766,5201,1689,71,80
32766,5222,1694,65,75
32766,5229,1680,69,76
32766,5230,1675,73,56
32766,5227,1703,74,62
32766,5212,1682,74,82
32766,5222,1696,64,66
32766,5213,1681,67,61
32766,5218,1677,77,60
32766,5212,1677,82,57
32766,5216,1674,75,80
32766,5211,1683,70,62
32766,5214,1688,65,51
32766,5224,1678,94,52
32766,5217,1701,113,89
32766,5220,1674,82,51
32766,5230,1651,71,74
32766,5227,1676,67,75
32766,5221,1682,57,80
32766,5215,1665,58,89
32766,5207,1676,64,64
32766,5208,1686,87,67
32766,5198,1687,60,80
32766,5209,1685,76,75
32766,5203,1676,64,73
32766,5210,1675,91,64
32766,5207,1675,85,70
32766,5201,1684,52,48
32766,5201,1683,89,75
32766,5200,1683,33,91
32766,5211,1653,91,67
32766,5192,1686,79,61
32766,5208,1658,59,91
32766,5206,1664,69,53
32766,5183,1656,95,87
32766,5199,1651,59,82
32766,5202,1659,67,71
32766,5210,1665,84,72
32766,5187,1660,74,59
32766,5192,1659,86,43
32766,5196,1662,77,55
32766,5186,1655,75,67
32766,5197,1680,68,61
32766,5172,1663,70,51
32766,5171,1661,78,42
32766,5156,1684,51,50
32766,5161,1668,70,74
32766,5190,1662,81,71
32766,5176,1651,102,49
32766,5160,1652,84,64
32766,5177,1653,73,46
32766,5177,1656,75,65
32766,5172,1667,71,63
32766,5158,1655,74,67
32766,5179,1648,71,75
32766,5164,1660,69,65
32766,5156,1652,80,70
32766,5155,1658,95,58
32766,5136,1670,81,64
32766,5161,1650,57,77
32766,5148,1666,84,26
32766,5168,1649,76,71
32766,5166,1659,93,78
32766,5157,1679,70,73
32766,5153,1674,65,96
32766,5143,1672,67,59
32766,5155,1670,86,64
32766,5157,1667,102,63
32766,5173,1665,70,58
32766,5144,1662,67,81
32766,5166,1667,92,59
32766,5164,1660,72,78
32766,5150,1650,71,60
32766,5147,1672,56,88
32766,5145,1654,80,90
32766,5152,1638,92,58
32766,5153,1660,70,69
32766,5128,1640,63,64
32766,5141,1679,72,64
32766,5132,1650,79,55
32766,5122,1664,83,83
32766,5119,1641,75,60
32766,5121,1663,79,69
32766,5132,1647,79,60
32766,5112,1665,72,56
32766,5113,1647,76,77
32766,5096,1661,72,68
32766,5119,1655,56,77
32766,5146,1656,97,84
32766,5133,1659,68,62
32766,5132,1656,111,41
32766,5121,1655,80,59
32766,5148,1655,89,89
32766,5152,1659,109,40
32766,5133,1674,84,73
32766,5125,1669,87,45
32766,5134,1649,61,60
32766,5137,1650,89,71
32766,5129,1660,79,60
32766,5144,1659,72,71
32766,5127,1666,65,62
32766,5133,1681,87,69
32766,5126,1657,74,67
32766,5126,1661,80,62
32766,5137,1662,43,73
32766,5124,1662,73,61
32766,5154,1663,100,27
32766,5148,1668,89,89
32766,5156,1650,114,77
32766,5114,1645,101,65
32766,5140,1662,56,41
32766,5152,1645,50,45
32766,5144,1653,89,59
32766,5133,1658,84,68
32766,5132,1657,67,87
32766,5139,1654,70,83
32766,5155,1659,79,72
32766,5158,1666,78,46
32766,5126,1647,81,84
32766,5159,1653,62,35
32766,5144,1692,62,75
32766,5164,1675,86,42
32766,5182,1660,70,53
32766,5178,1662,78,50
32766,5196,1678,105,86
32766,5180,1665,102,63
32766,5184,1667,92,67
32766,5179,1672,65,69
32766,5176,1683,57,77
32766,5187,1650,61,67
32766,5187,1651,66,70
32766,5176,1654,87,75
32766,5177,1660,72,64
32766,5201,1655,80,73
32766,5201,1675,78,86
32766,5179,1638,64,98
32766,5192,1662,76,73
32766,5171,1660,81,78
32766,5185,1648,61,37
32766,5180,1636,89,38
32766,5177,1685,74,49
32766,5170,1650,84,49
32766,5197,1649,74,74
32766,5196,1663,78,74
32766,5187,1655,90,78
32766,5187,1659,55,54
32766,5205,1663,67,68
32766,5212,1674,93,66
32766,5203,1669,103,85
32766,5239,1665,67,54
32766,5224,1670,98,49
32766,5229,1684,54,70
32766,5224,1667,95,50
32766,5238,1665,70,87
32766,5236,1662,58,73
32766,5255,1668,82,66
32766,5237,1668,70,68
32766,5255,1671,67,52
32766,5254,1660,68,66
32766,5247,1655,65,81
32766,5246,1655,75,57
32766,5253,1656,64,68
32766,5252,1670,83,52
32766,5260,1648,103,76
32766,5249,1660,56,98
32766,5265,1674,71,70
32766,5297,1645,21,93
32766,5234,1650,71,92
32766,5274,1650,87,61
32766,5263,1679,92,76
32766,5265,1650,49,66
32766,5265,1673,73,52
32766,5253,1671,95,87
32766,5240,1648,73,71
32766,5259,1663,79,63
32766,5244,1655,65,82
32766,5256,1662,88,62
32766,5240,1663,80,60
32766,5254,1655,72,52
32766,5219,1656,87,79
32766,5263,1651,84,71
32766,5230,1641,64,89
32766,5208,1644,71,68
32766,5216,1656,72,60
32766,5238,1652,120,58
32766,5235,1667,90,99
32766,5207,1666,98,77
32766,5265,1648,71,82
32766,5228,1661,72,70
32766,5254,1652,93,68
32766,5242,1655,68,56
32766,5240,1655,76,60
32766,5240,1661,99,75
32766,5243,1654,84,73
32766,5244,1673,64,76
32766,5241,1669,53,57
32766,5229,1656,65,89
32766,5259,1655,83,72
32766,5237,1663,86,72
32766,5219,1638,49,66
32766,5223,1639,52,86
32766,5209,1636,78,100
32766,5194,1655,60,75
32766,5205,1656,87,40
32766,5190,1640,84,58
32766,5197,1654,73,78
32766,5202,1626,73,62
32766,5192,1649,70,66
32766,5177,1639,69,53
32766,5167,1656,67,60
32766,5188,1629,88,43
32766,5181,1636,74,78
32766,5158,1629,74,71
32766,5156,1644,76,61
32766,5163,1638,70,72
32766,5170,1624,82,47
32766,5153,1631,52,59
32766,5133,1632,79,85
32766,5138,1638,77,77
32766,5143,1625,91,52
32766,5144,1639,56,63
32766,5140,1636,76,74
32766,5126,1625,63,73
32766,5147,1637,81,76
32766,5149,1624,84,78
32766,5162,1603,98,76
32766,5160,1642,76,52
32766,5144,1616,66,74
32766,5154,1621,72,72
32766,5181,1630,65,83
32766,5193,1639,53,57
32766,5211,1667,68,110
32766,5221,1630,87,70
32766,5215,1630,80,78
32766,5217,1637,80,66
32766,5209,1646,64,81
32766,5230,1648,98,70
32766,5215,1644,73,60
32766,5207,1640,78,74
32766,5213,1635,74,92
32766,5207,1654,81,56
32766,5218,1617,44,85
32766,5217,1632,101,48
32766,5189,1632,78,66
32766,5209,1638,90,61
32766,5221,1634,93,83
32766,5174,1653,83,92
32766,5190,1622,83,68
32766,5182,1626,69,80
32766,5186,1625,62,81
32766,5180,1653,71,83
32766,5185,1630,70,76
32766,5180,1628,80,65
32766,5174,1631,69,56
32766,5180,1635,87,99
32766,5172,1638,52,64
32766,5150,1663,72,89
32766,5178,1631,39,78
32766,5187,1645,73,58
32766,5139,1633,65,77
32766,5147,1644,86,46
32766,5156,1607,114,14
32766,5162,1645,54,59
32766,5168,1629,78,79
32766,5164,1622,77,85
32766,5165,1632,82,63
32766,5170,1637,73,67
32766,5183,1638,68,76
32766,5180,1635,99,71
32766,5182,1648,78,61
32766,5197,1620,105,55
32766,5194,1630,46,98
32766,5192,1635,67,49
32766,5194,1631,83,70
32766,5182,1647,89,71
32766,5137,1618,76,35
32766,5160,1654,105,74
32766,5144,1619,76,57
32766,5146,1622,74,72
32766,5141,1624,81,72
32766,5143,1642,81,74
32766,5123,1629,83,53
32766,5145,1620,66,81
32766,5141,1636,89,81
32766,5135,1623,102,70
32766,5149,1618,73,67
32766,5150,1601,108,66
32766,5146,1615,88,100
32766,5155,1622,85,57
32766,5159,1624,96,60
32766,5134,1650,110,74
32766,5178,1622,60,57
32766,5148,1631,94,98
32766,5150,1638,73,69
32766,5164,1635,85,62
32766,5146,1630,81,82
32766,5174,1619,60,69
32766,5178,1643,70,71
32766,5177,1618,74,72
32766,5184,1655,70,65
32766,5165,1628,89,101
32766,5173,1648,66,71
32766,5183,1672,26,85
32766,5201,1640,63,99
32766,5181,1640,84,48
32766,5170,1646,87,57
32766,5201,1616,98,64
32766,5168,1651,68,75
32766,5193,1647,73,57
32766,5174,1633,51,89
32766,5179,1646,83,75
32766,5179,1634,83,75
32766,5161,1623,96,73
32766,5169,1644,92,81
32766,5159,1634,81,82
32766,5168,1620,85,68
32766,5162,1653,28,97
32766,5161,1623,74,82
32766,5179,1611,100,83
32766,5185,1641,64,85
32766,5206,1635,58,110
32766,5178,1638,67,40
32766,5203,1649,98,64
32766,5200,1662,75,77
32766,5185,1642,83,63
32766,5193,1666,86,70
32766,5207,1650,70,72
32766,5206,1662,71,74
32766,5218,1635,80,59
32766,5224,1652,85,66
32766,5221,1666,112,78
32766,5196,1682,68,67
32766,5242,1634,56,57
32766,5238,1630,63,91
32766,5217,1656,85,73
32766,5242,1681,102,60
32766,5234,1623,71,71
32766,5221,1659,58,39
32766,5238,1640,104,52
32766,5239,1656,48,81
32766,5240,1658,82,71
32766,5248,1654,82,85
32766,5236,1647,63,54
32766,5231,1637,88,74
32766,5212,1654,75,80
32766,5239,1657,108,68
32766,5234,1645,85,87
32766,5217,1649,73,92
32766,5208,1657,85,56
32766,5227,1642,52,84
32766,5206,1648,28,93
32766,5240,1669,56,68
32766,5234,1662,83,76
32766,5215,1658,83,60
32766,5224,1656,70,59
32766,5227,1650,77,66
32766,5231,1650,64,71
32766,5241,1659,68,74
32766,5237,1652,80,87
32766,5233,1665,70,87
32766,5234,1659,46,81
32766,5256,1667,84,56
32766,5239,1636,85,87
32766,5229,1678,80,68
32766,5247,1668,102,57
32766,5238,1670,58,78
32766,5266,1642,55,59
32766,5262,1662,62,83
32766,5230,1663,78,71
32766,5229,1662,94,71
32766,5237,1663,90,62
32766,5227,1659,72,82
32766,5240,1659,73,74
32766,5234,1654,69,80
32766,5226,1647,77,63
32766,5224,1656,74,81
32766,5213,1654,74,73
32766,5231,1654,45,87
32766,5241,1644,84,59
32766,5208,1666,62,76
32766,5235,1652,53,99
32766,5226,1618,65,97
32766,5239,1679,98,106
32766,5224,1650,61,88
32766,5230,1628,73,59
32766,5225,1669,90,62
32766,5216,1630,80,66
32766,5216,1651,80,73
32766,5223,1645,87,77
32766,5228,1640,70,54
32766,5212,1642,85,77
32766,5221,1647,83,83
32766,5217,1650,39,123
32766,5202,1622,95,67
32766,5236,1642,67,58
32766,5217,1646,76,84
32766,5225,1656,86,89
32766,5200,1619,23,56
32766,5190,1639,64,72
32766,5207,1649,70,79
32766,5213,1644,71,60
32766,5212,1652,91,70
32766,5211,1647,78,88
32766,5224,1653,83,74
32766,5222,1640,65,89
32766,5225,1641,86,76
32766,5224,1658,55,89
32766,5232,1644,64,108
32766,5210,1651,82,73
32766,5232,1645,92,61
32766,5231,1633,87,33
32766,5218,1664,57,79
32766,5188,1679,79,88
32766,5187,1639,97,33
32766,5195,1651,52,51
32766,5191,1639,85,71
32766,5176,1632,94,49
32766,5168,1630,59,81
32766,5174,1641,89,58
32766,5172,1658,84,81
32766,5177,1650,99,97
32766,5191,1636,47,90
32766,5173,1640,90,57
32766,5183,1637,79,64
32766,5167,1623,81,66
32766,5151,1631,82,74
32766,5160,1635,87,82
32766,5156,1637,113,55
32766,5158,1633,66,65
32766,5157,1643,74,71
32766,5137,1642,68,86
32766,5166,1647,70,62
32766,5154,1648,75,64
32766,5156,1647,90,88
32766,5163,1627,89,87
32766,5172,1640,69,62
32766,5161,1640,63,73
32766,5141,1635,117,63
32766,5152,1636,75,81
32766,5172,1652,65,55
32766,5148,1627,90,64
32766,5199,1630,82,64
32766,5144,1641,41,96
32766,5168,1662,44,107
32766,5163,1644,57,73
32766,5171,1635,63,80
32766,5180,1640,85,77
32766,5181,1649,91,66
32766,5188,1634,98,72
32766,5170,1649,56,84
32766,5187,1625,87,53
32766,5175,1636,76,66
32766,5187,1645,67,95
32766,5173,1640,108,78
32766,5155,1640,70,78
32766,5172,1622,59,91
32766,5172,1649,104,68
32766,5179,1636,75,78
32766,5171,1621,74,76
32766,5184,1630,84,66
32766,5161,1641,55,86
32766,5189,1639,84,76
32766,5181,1620,71,67
32766,5182,1632,72,85
32766,5169,1642,81,75
32766,5167,1642,74,70
32766,5155,1619,64,72
32766,5169,1636,48,80
32766,5165,1612,78,60
32766,5201,1623,81,81
32766,5145,1630,61,70
32766,5178,1619,54,58
32766,5156,1620,68,39
32766,5177,1632,81,81
32766,5171,1644,75,62
32766,5159,1631,59,63
32766,5155,1636,78,48
32766,5150,1637,66,52
32766,5169,1649,73,75
32766,5176,1643,87,73
32766,5168,1647,66,63
32766,5162,1637,68,63
32766,5177,1652,64,57
32766,5192,1618,89,74
32766,5153,1649,72,75
32766,5162,1645,73,74
32766,5173,1637,93,62
32766,5166,1638,100,63
32766,5179,1613,93,49
32766,5176,1651,54,71
32766,5190,1630,82,80
32766,5181,1644,89,77
32766,5175,1646,94,72
32766,5184,1648,73,81
32766,5190,1635,68,74
32766,5171,1664,96,69
32766,5161,1656,67,86
32766,5173,1641,88,52
32766,5194,1616,110,76
32766,5182,1627,52,63
32766,5184,1630,96,62
32766,5174,1618,86,52
32766,5177,1639,64,62
32766,5148,1640,112,67
32766,5189,1648,81,92
32766,5184,1637,84,58
32766,5173,1649,78,75
32766,5188,1639,74,82
32766,5187,1645,81,50
32766,5189,1646,96,60
32766,5195,1637,75,81
32766,5208,1649,93,60
32766,5207,1641,116,70
32766,5206,1651,98,67
32766,5227,1645,59,82
32766,5213,1662,77,85
32766,5219,1651,73,78
32766,5214,1651,83,82
32766,5220,1644,69,79
32766,5240,1634,76,77
32766,5226,1647,59,82
32766,5225,1651,90,69
32766,5213,1653,87,69
32766,5211,1644,76,53
32766,5209,1656,86,101
32766,5229,1633,85,65
32766,5205,1649,85,70
32766,5211,1643,67,64
32766,5205,1636,35,74
32766,5190,1636,110,61
32766,5217,1639,56,70
32766,5200,1656,53,54
32766,5218,1653,64,97
32766,5200,1639,52,76
32766,5191,1649,90,83
32766,5209,1637,80,73
32766,5197,1639,67,60
32766,5204,1635,88,63
32766,5196,1656,76,58
32766,5198,1634,79,68
32766,5206,1619,91,58
32766,5174,1640,103,70
32766,5196,1657,75,90
32766,5195,1641,85,83
32766,5183,1631,83,64
32766,5181,1638,78,48
32766,5190,1631,56,76
32766,5207,1636,76,80
32766,5214,1637,67,92
32766,5187,1633,62,69
32766,5186,1645,63,95
32766,5203,1635,89,74
32766,5193,1639,57,76
32766,5184,1648,72,69
32766,5182,1638,67,66
32766,5199,1648,71,70
32766,5195,1636,79,82
32766,5187,1637,84,67
32766,5204,1636,105,54
32766,5176,1620,54,69
32766,5205,1650,78,58
32766,5183,1628,80,51
32766,5173,1640,59,106
32766,5173,1644,48,76
32766,5182,1645,57,96
32766,5163,1651,73,60
32766,5177,1629,81,75
32766,5180,1634,89,85
32766,5166,1621,77,39
32766,5170,1651,68,61
32766,5164,1636,91,80
32766,5180,1633,67,66
32766,5183,1625,86,82
32766,5159,1639,53,99
32766,5175,1645,71,50
32766,5163,1657,84,54
32766,5175,1634,90,76
32766,5171,1641,82,69
32766,5171,1640,95,66
32766,5174,1617,77,43
32766,5167,1624,55,91
32766,5176,1623,90,91
32766,5167,1638,87,60
32766,5174,1627,79,60
32766,5160,1629,70,63
32766,5180,1640,82,60
32766,5184,1639,79,80
32766,5179,1624,65,85
32766,5159,1659,104,70
32766,5178,1638,63,83
32766,5164,1631,62,79
32766,5158,1639,84,84
32766,5184,1622,76,52
32766,5183,1656,91,80
32766,5206,1623,64,62
32766,5195,1634,86,76
32766,5179,1631,76,65
32766,5179,1634,82,72
32766,5166,1632,80,66
32766,5190,1644,62,100
32766,5182,1623,99,85
32766,5186,1639,79,87
32766,5196,1632,71,76
32766,5203,1636,86,79
32766,5191,1629,92,75
32766,5234,1611,65,61
32766,5203,1618,66,37
32766,5203,1642,88,95
32766,5183,1628,85,104
32766,5214,1633,36,72
32766,5188,1644,89,91
32766,5179,1626,65,78
32766,5169,1625,80,77
32766,5162,1622,69,54
32766,5164,1625,73,75
32766,5142,1633,93,73
32766,5151,1628,68,83
32766,5133,1637,63,57
32766,5128,1648,59,78
32766,5138,1610,75,100
32766,5146,1613,93,48
32766,5152,1625,85,75
32766,5142,1631,83,58
32766,5148,1624,78,46
32766,5159,1617,43,87
32766,5145,1618,88,72
32766,5151,1632,74,70
32766,5157,1622,60,68
32766,5159,1621,82,79
32766,5151,1642,79,87
32766,5170,1627,70,62
32766,5175,1632,79,57
32766,5179,1628,91,60
32766,5178,1620,84,77
32766,5167,1611,54,59
32766,5141,1638,72,102
32766,5179,1627,96,67
32766,5171,1644,77,83
32766,5189,1642,83,82
32766,5179,1618,80,57
32766,5173,1644,96,61
32766,5150,1633,69,88
32766,5164,1639,86,77
32766,5144,1620,60,67
32766,5161,1628,66,64
32766,5147,1622,89,61
32766,5147,1631,80,73
32766,5151,1617,83,83
32766,5168,1624,69,38
32766,5148,1608,56,73
32766,5159,1617,60,78
32766,5171,1610,50,79
32766,5160,1624,90,81
32766,5180,1637,60,112
32766,5141,1613,94,90
32766,5149,1640,64,88
32766,5158,1624,84,84
32766,5163,1618,88,77
32766,5164,1622,85,66
32766,5159,1628,87,55
32766,5159,1630,74,78
32766,5168,1620,60,72
32766,5169,1617,63,88
32766,5158,1622,90,97
32766,5149,1638,103,72
32766,5184,1616,59,60
32766,5150,1635,81,42
32766,5162,1627,69,54
32766,5193,1633,85,92
32766,5172,1648,81,76
32766,5174,1612,66,67
32766,5192,1637,74,77
32766,5174,1637,70,67
32766,5199,1631,71,68
32766,5190,1635,92,65
32766,5197,1641,74,47
32766,5202,1635,74,62
32766,5202,1634,85,65
32766,5193,1642,72,76
32766,5199,1616,56,113
32766,5208,1644,110,56
32766,5198,1627,65,72
32766,5212,1637,82,87
32766,5192,1636,125,64
32766,5216,1635,34,82
32766,5196,1625,62,69
32766,5187,1635,97,93
32766,5192,1633,87,59
32766,5210,1629,73,68
32766,5194,1647,74,69
32766,5209,1639,74,54
32766,5193,1639,84,57
32766,5200,1627,91,57
32766,5182,1638,88,82
32766,5183,1640,82,74
32766,5226,1591,78,95
32766,5234,1626,68,68
32766,5205,1632,87,55
32766,5200,1652,72,73
32766,5180,1637,88,70
32766,5177,1645,75,72
32766,5187,1631,70,63
32766,5200,1638,77,65
32766,5165,1637,72,72
32766,5185,1640,83,80
32766,5189,1624,76,68
32766,5187,1625,79,64
32766,5194,1629,78,71
32766,5187,1629,78,90
32766,5165,1634,78,82
32766,5195,1634,94,64
32766,5214,1609,57,61
32766,5167,1639,76,75
32766,5207,1606,60,63
32766,5189,1640,41,80
32766,5178,1618,85,48
32766,5186,1648,70,72
32766,5185,1632,82,52
32766,5192,1639,64,78
32766,5171,1624,60,75
32766,5197,1637,94,77
32766,5191,1627,73,100
32766,5189,1634,82,62
32766,5184,1632,67,64
32766,5183,1645,67,44
32766,5185,1646,65,82
32766,5179,1620,85,58
32766,5212,1638,88,92
32766,5160,1641,110,65
32766,5205,1652,122,72
32766,5171,1647,63,90
32766,5183,1637,67,74
32766,5170,1629,69,76
32766,5194,1622,87,65
32766,5185,1624,77,64
32766,5185,1656,70,53
32766,5186,1627,78,82
32766,5172,1628,89,65
32766,5176,1641,106,77
32766,5163,1620,58,92
32766,5155,1629,100,94
32766,5157,1619,96,70
32766,5171,1626,84,89
32766,5166,1626,89,73
32766,5169,1628,94,74
32766,5193,1666,66,109
32766,5145,1630,90,49
32766,5168,1623,78,57
32766,5170,1640,93,67
32766,5171,1623,91,85
32766,5179,1627,84,62
32766,5173,1627,99,90
32766,5173,1625,80,73
32766,5165,1637,47,64
32766,5190,1646,66,53
32766,5166,1630,51,121
32766,5167,1620,93,46
32766,5159,1649,92,61
32766,5159,1627,82,33
32766,5167,1631,88,79
32766,5177,1630,77,74
32766,5155,1624,78,74
32766,5173,1639,64,56
32766,5168,1626,85,53
32766,5161,1628,79,60
32766,5160,1637,81,57
32766,5172,1627,80,70
32766,5167,1639,83,68
32766,5182,1616,56,74
32766,5180,1608,82,87
32766,5163,1636,107,54
32766,5127,1624,64,55
32766,5173,1630,79,74
32766,5176,1620,106,54
32766,5153,1605,90,23
32766,5183,1638,68,74
32766,5179,1628,57,90
32766,5170,1636,86,81
32766,5167,1615,74,73
32766,5161,1633,91,49
32766,5174,1627,70,88
32766,5170,1628,76,77
32766,5179,1634,68,71
32766,5182,1609,71,85
32766,5171,1632,79,80
32766,5165,1627,46,74
32766,5172,1625,80,61
32766,5166,1634,80,76
32766,5167,1623,75,91
32766,5165,1652,81,61
32766,5159,1639,76,69
32766,5163,1620,97,86
32766,5171,1626,93,63
32766,5165,1636,86,54
32766,5157,1623,92,87
32766,5182,1638,74,62
32766,5171,1637,73,65
32766,5176,1619,84,69
32766,5159,1630,82,64
32766,5176,1636,71,80
32766,5163,1638,71,41
32766,5194,1610,68,72
32766,5170,1624,88,75
32766,5159,1621,69,70
32766,5173,1644,71,60
32766,5149,1618,80,40
32766,5174,1634,63,64
32766,5164,1622,88,73
32766,5168,1633,81,89
32766,5171,1627,88,54
32766,5169,1628,63,68
32766,5168,1618,84,104
32766,5160,1618,70,81
32766,5144,1624,81,59
32766,5162,1617,53,76
32766,5176,1642,79,51
32766,5155,1629,68,34
32766,5176,1610,60,73
32766,5152,1631,106,57
32766,5133,1628,70,71
32766,5167,1618,87,43
32766,5149,1620,83,57
32766,5156,1623,61,62
32766,5150,1620,102,65
32766,5167,1623,95,71
32766,5175,1631,67,64
32766,5154,1627,89,76
32766,5164,1615,84,65
32766,5177,1613,64,86
32766,5155,1626,96,49
32766,5145,1615,69,83
32766,5165,1631,120,57
32766,5170,1646,93,71
32766,5176,1610,108,47
32766,5154,1641,73,72
32766,5156,1635,77,80
32766,5171,1631,97,59
32766,5164,1619,67,65
32766,5168,1634,91,71
32766,5162,1612,70,72
32766,5159,1628,70,77
32766,5153,1621,85,81
32766,5174,1614,81,59
32766,5167,1626,84,58
32766,5150,1632,78,99
32766,5142,1621,90,74
32766,5173,1624,89,35
32766,5154,1629,98,59
32766,5159,1638,88,48
32766,5143,1625,108,48
32766,5188,1606,46,68
32766,5164,1642,70,88
32766,5163,1637,73,79
32766,5169,1628,74,93
32766,5164,1623,56,86
32766,5149,1623,66,70
32766,5159,1622,82,89
32766,5153,1634,86,78
32766,5162,1625,80,75
32766,5162,1613,90,65
32766,5152,1613,71,75
32766,5152,1607,122,47
32766,5169,1628,87,58
32766,5151,1617,94,87
32766,5127,1627,102,30
32766,5154,1637,55,82
32766,5169,1628,102,97
32766,5161,1648,95,88
32766,5157,1634,85,76
32766,5162,1622,76,58
32766,5170,1627,80,45
32766,5146,1622,76,83
32766,5153,1624,74,82
32766,5162,1626,79,96
32766,5164,1639,60,69
32766,5174,1622,72,76
32766,5162,1637,112,52
32766,5137,1635,73,89
32766,5161,1632,86,62
32766,5144,1638,124,74
32766,5177,1633,61,97
32766,5159,1627,70,76
32766,5156,1631,94,73
32766,5157,1628,87,63
32766,5142,1629,85,70
32766,5154,1619,65,68
32766,5147,1631,86,77
32766,5158,1620,93,83
32766,5159,1624,65,69
32766,5175,1624,65,59
32766,5165,1640,63,67
32766,5139,1608,72,79
32766,5152,1619,60,86
32766,5157,1613,65,74
32766,5161,1604,140,69
32766,5144,1626,110,65
32766,5139,1620,54,58
32766,5154,1618,89,67
32766,5153,1637,74,72
32766,5155,1621,55,83
32766,5150,1618,69,79
32766,5161,1634,69,73
32766,5143,1626,65,85
32766,5144,1619,73,64
32766,5165,1620,48,80
32766,5174,1604,85,85
32766,5155,1637,69,73
32766,5129,1640,46,109
32766,5148,1637,75,68
32766,5169,1626,55,75
32766,5182,1627,110,66
32766,5166,1618,68,69
32766,5150,1627,85,68
32766,5165,1608,67,86
32766,5164,1607,62,70
32766,5148,1623,88,82
32766,5162,1640,96,80
32766,5162,1636,76,57
32766,5160,1629,85,61
32766,5143,1610,108,45
32766,5160,1626,68,73
32766,5138,1622,50,78
32766,5179,1604,51,75
32766,5157,1603,60,65
32766,5164,1616,63,74
32766,5167,1621,90,85
32766,5126,1631,107,52
32766,5155,1628,77,79
32766,5148,1613,75,56
32766,5149,1600,79,92
32766,5160,1619,66,71
32766,5151,1612,91,86
32766,5151,1622,77,67
32766,5153,1618,88,74
32766,5159,1625,70,62
32766,5138,1613,60,81
32766,5181,1611,114,46
32766,5143,1632,75,65
32766,5145,1630,83,68
32766,5161,1640,67,87
32766,5155,1616,46,88
32766,5155,1622,64,44
32766,5155,1619,76,78
32766,5158,1619,64,63
32766,5156,1628,90,82
32766,5170,1626,76,79
32766,5151,1633,90,70
32766,5161,1623,90,78
32766,5153,1627,89,64
32766,5157,1659,75,48
32766,5166,1636,77,49
32766,5146,1594,66,66
32766,5172,1615,63,81
32766,5161,1625,66,78
32766,5147,1602,111,36
32766,5159,1605,74,59
32766,5150,1630,71,73
32766,5149,1629,90,58
32766,5157,1629,83,73
32766,5155,1622,65,75
32766,5150,1631,57,76
32766,5147,1614,82,58
32766,5157,1623,72,66
32766,5159,1631,62,71
32766,5157,1623,77,75
32766,5145,1611,59,111
32766,5179,1633,102,71
32766,5200,1610,52,81
32766,5152,1624,98,73
32766,5162,1603,60,55
32766,5189,1643,97,83
32766,5125,1631,85,49
32766,5152,1622,60,70
32766,5173,1605,91,57
32766,5161,1611,91,63
32766,5164,1624,83,79
32766,5156,1614,72,74
32766,5157,1617,52,50
32766,5167,1632,60,71
32766,5153,1614,59,55
32766,5152,1615,58,128
32766,5151,1658,72,39
32766,5144,1640,82,71
32766,5138,1627,82,65
32766,5166,1617,91,72
32766,5146,1629,53,102
32766,5160,1621,102,65
32766,5170,1611,74,76
32766,5174,1632,73,69
32766,5160,1623,60,46
32766,5164,1629,60,57
32766,5168,1620,94,69
32766,5163,1611,72,71
32766,5151,1625,76,76
32766,5160,1613,90,74
32766,5134,1631,52,92
32766,5159,1631,72,59
32766,5159,1621,75,66
32766,5146,1635,49,82
32766,5156,1622,111,32
32766,5143,1637,53,64
32766,5180,1617,115,82
32766,5162,1626,102,89
32766,5155,1621,60,75
32766,5153,1634,80,70
32766,5153,1631,64,78
32766,5150,1626,74,74
32766,5142,1620,79,83
32766,5168,1618,78,58
32766,5162,1615,54,76
32766,5172,1633,79,78
32766,5167,1608,51,85
32766,5150,1627,83,63
32766,5175,1623,94,90
32766,5152,1626,71,78
32766,5136,1633,61,73
32766,5145,1654,69,74
32766,5171,1637,90,71
32766,5170,1627,76,74
32766,5155,1629,79,65
32766,5154,1622,80,65
32766,5175,1638,101,51
32766,5149,1617,86,68
32766,5159,1638,77,73
32766,5166,1598,93,86
32766,5147,1616,82,78
32766,5163,1605,55,64
32766,5156,1596,80,36
32766,5172,1630,81,66
32766,5158,1632,64,108
32766,5159,1613,93,85
32766,5164,1632,73,46
32766,5165,1617,85,76
32766,5148,1630,68,56
32766,5158,1619,73,77
32766,5155,1629,77,73
32766,5165,1626,81,66
32766,5167,1625,76,61
32766,5154,1605,94,94
32766,5143,1632,95,77
32766,5175,1628,86,84
32766,5173,1594,109,49
32766,5173,1614,81,66
32766,5147,1624,110,51
32766,5164,1616,48,96
32766,5182,1613,116,75
32766,5138,1629,69,68
32766,5191,1621,76,79
32766,5178,1630,87,70
32766,5176,1616,70,94
32766,5158,1632,79,75
32766,5172,1628,85,75
32766,5173,1630,77,79
32766,5146,1630,80,88
32766,5145,1635,75,77
32766,5143,1646,78,92
32766,5147,1641,107,70
32766,5175,1615,48,95
32766,5160,1626,86,65
32766,5144,1625,36,89
32766,5172,1614,51,81
32766,5137,1617,71,66
32766,5160,1620,72,76
32766,5154,1615,79,65
32766,5145,1626,61,73
32766,5149,1616,66,67
32766,5155,1621,65,70
32766,5156,1610,62,55
32766,5161,1633,67,78
32766,5156,1635,89,77
32766,5154,1633,58,80
32766,5164,1634,103,83
32766,5172,1612,114,30
32766,5151,1619,95,60
32766,5152,1632,15,81
32766,5167,1626,90,58
32766,5170,1629,74,105
32766,5160,1627,75,74
32766,5169,1614,73,57
32766,5169,1627,90,54
32766,5182,1627,71,68
32766,5147,1621,92,68
32766,5163,1625,71,74
32766,5155,1626,79,56
32766,5157,1648,35,76
32766,5144,1629,60,87
32766,5181,1621,102,70
32766,5148,1615,67,74
32766,5162,1622,74,89
32766,5179,1636,54,97
32766,5193,1626,90,111
32766,5141,1617,62,76
32766,5173,1636,70,93
32766,5172,1623,76,68
32766,5152,1615,91,76
32766,5147,1616,82,66
32766,5155,1624,67,66
32766,5155,1634,74,58
32766,5159,1625,67,68
32766,5181,1626,115,82
32766,5185,1591,79,106
32766,5157,1623,75,75
32766,5165,1616,100,76
32766,5167,1612,66,85
32766,5165,1656,76,113
32766,5161,1600,72,101
32766,5151,1612,82,68
32766,5150,1614,80,55
32766,5170,1614,58,67
32766,5147,1630,89,67
32766,5171,1636,63,92
32766,5158,1620,80,54
32766,5154,1600,77,62
32766,5169,1642,85,74
32766,5154,1630,72,64
32766,5158,1606,82,41
32766,5160,1615,56,90
32766,5143,1604,87,75
32766,5160,1612,84,57
32766,5128,1629,90,75
32766,5165,1610,57,68
32766,5145,1625,85,105
32766,5181,1605,60,74
32766,5155,1631,73,70
32766,5157,1619,71,74
32766,5156,1615,70,46
32766,5158,1612,94,67
32766,5176,1635,60,50
32766,5158,1623,73,70
32766,5160,1635,67,82
32766,5129,1624,78,102
32766,5150,1627,57,86
32766,5145,1624,78,66
32766,5149,1630,53,93
32766,5188,1624,47,80
32766,5170,1609,58,58
32766,5170,1606,75,67
32766,5154,1620,78,70
32766,5176,1608,73,72
32766,5161,1608,73,68
32766,5156,1620,80,61
32766,5150,1611,77,67
32766,5161,1608,84,78
32766,5148,1621,81,50
32766,5147,1597,49,62
32766,5145,1642,54,60
32766,5150,1618,92,66
32766,5165,1629,78,98
32766,5162,1607,80,50
32766,5160,1614,63,52
32766,5180,1603,79,66
32766,5155,1636,54,59
32766,5151,1629,92,58
32766,5167,1628,67,67
32766,5143,1620,77,67
32766,5151,1628,78,83
32766,5154,1644,71,60
32766,5148,1614,77,88
32766,5164,1620,69,74
32766,5182,1625,71,82
32766,5161,1628,52,71
32766,5169,1606,93,76
32766,5131,1639,69,52
32766,5149,1608,48,75
32766,5145,1616,92,86
32766,5161,1617,85,53
32766,5141,1625,54,56
32766,5151,1614,78,92
32766,5152,1624,86,78
32766,5138,1608,70,72
32766,5142,1619,91,71
32766,5135,1616,74,106
32766,5137,1620,84,58
32766,5134,1631,76,68
32766,5135,1620,81,80
32766,5151,1638,43,70
32766,5135,1621,77,65
32766,5130,1641,68,76
32766,5133,1627,55,57
32766,5180,1618,65,82
32766,5188,1608,72,70
32766,5191,1613,63,78
32766,5210,1630,68,86
32766,5192,1617,58,96
32766,5214,1635,65,68
32766,5244,1620,83,73
32766,5259,1628,85,92
32766,5273,1632,96,61
32766,5292,1645,77,73
32766,5295,1628,68,85
32766,5317,1634,38,82
32766,5316,1652,46,36
32766,5331,1612,63,90
32766,5329,1653,66,66
32766,5369,1643,72,65
32766,5368,1644,82,89
32766,5362,1672,69,78
32766,5363,1653,70,65
32766,5370,1657,82,67
32766,5368,1649,72,69
32766,5359,1657,80,79
32766,5352,1660,87,73
32766,5355,1650,75,71
32766,5354,1642,86,81
32766,5349,1656,90,73
32766,5315,1666,58,74
32766,5394,1656,107,59
32766,5376,1652,52,48
32766,5390,1667,96,62
32766,5416,1647,82,74
32766,5415,1663,33,52
32766,5430,1683,70,98
32766,5471,1682,74,56
32766,5485,1667,91,70
32766,5505,1677,92,82
32766,5532,1689,92,86
32766,5531,1684,98,59
32766,5552,1682,90,61
32766,5557,1681,75,77
32766,5553,1679,56,84
32766,5570,1667,68,87
32766,5578,1696,88,58
32766,5561,1702,59,74
32766,5608,1694,73,91
32766,5616,1699,86,72
32766,5631,1683,85,74
32766,5664,1695,70,79
32766,5662,1709,83,62
32766,5694,1704,57,73
32766,5734,1714,86,77
32766,5753,1725,77,87
32766,5783,1720,82,72
32766,5812,1725,87,80
32766,5804,1734,78,57
32766,5814,1741,86,62
32766,5818,1723,83,49
32766,5804,1721,77,110
32766,5783,1747,106,64
32766,5771,1736,94,82
32766,5744,1724,93,86
32766,5724,1749,117,85
32766,5713,1735,103,67
32766,5725,1731,71,66
32766,5715,1717,95,72
32766,5701,1719,63,61
32766,5710,1731,82,77
32766,5724,1713,87,71
32766,5710,1714,71,66
32766,5716,1720,81,65
32766,5727,1705,95,66
32766,5731,1716,94,104
32766,5791,1731,80,62
32766,5765,1732,83,60
32766,5804,1729,91,69
32766,5809,1722,62,66
32766,5801,1745,104,55
32766,5833,1736,79,71
32766,5860,1724,89,85
32766,5886,1735,91,55
32766,5903,1729,82,62
32766,5906,1743,71,71
32766,5925,1736,96,57
32766,5919,1740,89,66
32766,5905,1721,75,80
32766,5913,1741,85,67
32766,5897,1746,119,49
32766,5925,1789,43,74
32766,5934,1752,80,50
32766,5946,1749,81,43
32766,5954,1746,62,77
32766,6029,1739,32,146
32766,5987,1758,78,65
32766,6004,1761,67,87
32766,5984,1744,93,73
32766,5967,1765,77,78
32766,5982,1761,76,78
32766,5966,1744,76,77
32766,5974,1749,87,66
32766,5967,1751,72,69
32766,5961,1742,91,74
32766,5981,1751,86,68
32766,5951,1747,77,125
32766,5943,1761,116,59
32766,5983,1752,90,79
32766,5953,1734,78,44
32766,5980,1755,105,53
32766,5952,1776,112,71
32766,5948,1750,98,63
32766,5935,1745,102,68
32766,5927,1748,88,79
32766,5902,1743,99,55
32766,5896,1740,82,84
32766,5874,1748,74,84
32766,5854,1742,76,78
32766,5844,1749,92,68
32766,5820,1733,99,50
32766,5821,1738,70,64
32766,5810,1735,83,84
32766,5784,1734,66,85
32766,5789,1732,61,88
32766,5792,1737,85,48
32766,5776,1720,86,71
32766,5788,1724,70,73
32766,5785,1720,83,72
32766,5767,1742,69,60
32766,5787,1729,76,68
32766,5782,1741,77,86
32766,5790,1747,99,83
32766,5777,1712,79,79
32766,5765,1724,78,76
32766,5768,1720,77,55
32766,5764,1735,85,71
32766,5734,1762,86,48
32766,5755,1747,68,75
32766,5764,1758,98,87
32766,5747,1732,68,75
32766,5757,1730,89,57
32766,5758,1728,75,63
32766,5774,1733,93,68
32766,5773,1719,89,66
32766,5796,1728,90,76
32766,5772,1738,89,71
32766,5808,1736,103,57
32766,5802,1724,72,71
32766,5804,1732,81,75
32766,5791,1719,76,93
32766,5786,1742,63,112
32766,5782,1735,69,57
32766,5763,1732,86,81
32766,5775,1750,67,119
32766,5787,1717,47,76
32766,5777,1723,79,83
32766,5769,1736,87,64
32766,5760,1744,68,68
32766,5747,1720,99,60
32766,5750,1738,81,91
32766,5754,1744,58,60
32766,5750,1718,72,63
32766,5751,1712,95,59
32766,5738,1729,93,65
32766,5746,1709,97,53
32766,5732,1730,114,46
32766,5760,1711,103,55
32766,5724,1731,66,77
32766,5698,1758,118,95
32766,5690,1709,57,35
32766,5711,1714,93,68
32766,5648,1717,75,72
32766,5631,1730,100,68
32766,5624,1713,85,71
32766,5618,1714,71,61
32766,5609,1716,88,57
32766,5589,1704,67,70
32766,5585,1703,63,83
32766,5577,1714,94,67
32766,5561,1705,53,90
32766,5569,1693,65,70
32766,5598,1704,83,64
32766,5553,1719,64,67
32766,5544,1714,65,76
32766,5578,1693,106,70
32766,5567,1716,79,83
32766,5581,1697,81,66
32766,5571,1700,67,69
32766,5581,1708,82,95
32766,5564,1694,72,77
32766,5590,1694,93,81
32766,5592,1713,90,72
32766,5615,1719,66,66
32766,5608,1713,32,96
32766,5622,1697,82,93
32766,5590,1730,101,81
32766,5608,1715,95,87
32766,5614,1707,103,70
32766,5588,1697,103,45
32766,5596,1735,61,61
32766,5585,1714,96,76
32766,5574,1695,66,87
32766,5559,1701,75,75
32766,5570,1708,59,68
32766,5559,1697,86,74
32766,5568,1706,89,71
32766,5564,1703,80,71
32766,5561,1715,83,90
32766,5573,1725,81,44
32766,5551,1713,106,58
32766,5540,1699,63,75
32766,5532,1711,84,66
32766,5524,1705,77,60
32766,5507,1713,108,68
32766,5506,1702,48,79
32766,5515,1708,96,74
32766,5503,1713,92,87
32766,5521,1703,90,77
32766,5518,1695,85,85
32766,5538,1698,91,84
32766,5522,1714,47,73
32766,5544,1706,93,55
32766,5551,1697,76,63
32766,5559,1704,118,73
32766,5538,1681,129,42
32766,5568,1686,84,60
32766,5562,1700,79,81
32766,5562,1686,80,55
32766,5564,1708,109,56
32766,5549,1711,86,75
32766,5563,1717,77,74
32766,5572,1705,86,66
32766,5573,1711,71,68
32766,5555,1702,102,69
32766,5561,1701,72,70
32766,5566,1715,67,86
32766,5548,1686,93,70
32766,5543,1699,61,73
32766,5532,1719,60,63
32766,5499,1710,92,56
32766,5487,1703,90,48
32766,5497,1710,110,73
32766,5497,1718,109,54
32766,5481,1698,87,56
32766,5505,1703,60,61
32766,5454,1694,81,67
32766,5456,1696,70,59
32766,5456,1702,74,71
32766,5440,1695,61,78
32766,5442,1694,73,68
32766,5422,1692,62,71
32766,5419,1693,89,73
32766,5407,1677,102,91
32766,5424,1699,70,57
32766,5410,1698,57,65
32766,5457,1695,91,67
32766,5437,1697,95,41
32766,5443,1701,89,60
32766,5468,1668,42,94
32766,5449,1693,73,64
32766,5444,1694,83,66
32766,5419,1690,65,72
32766,5447,1684,90,74
32766,5439,1677,91,90
32766,5453,1692,88,68
32766,5438,1685,91,67
32766,5426,1691,93,75
32766,5427,1709,88,66
32766,5407,1690,57,84
32766,5412,1670,79,97
32766,5421,1690,121,49
32766,5406,1711,92,99
32766,5393,1712,63,88
32766,5413,1671,66,65
32766,5421,1690,60,91
32766,5395,1686,98,69
32766,5386,1675,69,73
32766,5410,1681,98,69
32766,5395,1674,103,59
32766,5377,1687,86,70
32766,5389,1705,71,92
32766,5391,1680,89,73
32766,5394,1689,67,68
32766,5374,1688,92,66
32766,5370,1678,54,82
32766,5395,1681,94,63
32766,5380,1682,81,67
32766,5375,1703,89,56
32766,5368,1691,97,85
32766,5385,1678,64,88
32766,5393,1696,77,80
32766,5395,1676,76,76
32766,5410,1674,98,57
32766,5375,1678,64,75
32766,5392,1687,102,72
32766,5392,1675,78,77
32766,5386,1681,78,85
32766,5398,1660,102,95
32766,5400,1680,105,66
32766,5343,1705,102,55
32766,5412,1671,31,85
32766,5398,1671,68,55
32766,5370,1678,92,93
32766,5416,1675,54,94
32766,5385,1690,56,96
32766,5412,1675,73,76
32766,5404,1675,70,71
32766,5414,1687,87,61
32766,5402,1697,61,85
32766,5404,1679,67,63
32766,5414,1700,87,83
32766,5421,1697,70,74
32766,5414,1695,101,68
32766,5411,1697,84,55
32766,5396,1680,77,56
32766,5406,1668,98,96
32766,5427,1683,77,79
32766,5396,1714,113,62
32766,5430,1675,104,55
32766,5425,1660,101,77
32766,5414,1685,75,72
32766,5404,1685,88,66
32766,5398,1691,81,61
32766,5405,1684,80,76
32766,5411,1687,74,70
32766,5419,1674,80,65
32766,5434,1689,61,92
32766,5428,1697,83,79
32766,5410,1698,88,69
32766,5427,1711,88,78
32766,5419,1680,77,96
32766,5453,1674,86,64
32766,5441,1695,107,29
32766,5476,1684,93,111
32766,5445,1715,87,50
32766,5453,1697,73,86
32766,5444,1699,89,68
32766,5452,1683,76,82
32766,5449,1680,69,78
32766,5446,1689,78,76
32766,5444,1685,78,88
32766,5433,1692,72,72
32766,5441,1692,73,57
32766,5434,1697,58,97
32766,5445,1695,64,81
32766,5446,1703,89,63
32766,5424,1697,85,62
32766,5440,1671,13,64
32766,5458,1678,55,85
32766,5433,1681,89,72
32766,5447,1699,88,63
32766,5441,1705,79,70
32766,5455,1697,85,78
32766,5463,1678,100,76
32766,5449,1700,84,87
32766,5468,1676,83,84
32766,5464,1684,65,76
32766,5480,1679,70,69
32766,5454,1677,89,47
32766,5436,1669,35,90
32766,5436,1680,60,94
32766,5444,1704,96,81
32766,5471,1695,92,53
32766,5446,1677,79,49
32766,5437,1700,96,77
32766,5435,1694,84,83
32766,5415,1691,65,73
32766,5413,1683,82,68
32766,5427,1684,96,60
32766,5413,1688,71,83
32766,5437,1698,77,68
32766,5436,1702,91,71
32766,5481,1674,93,62
32766,5506,1665,121,68
32766,5491,1702,66,65
32766,5508,1692,58,67
32766,5501,1687,84,60
32766,5498,1704,66,79
32766,5499,1691,68,89
32766,5498,1673,73,74
32766,5489,1695,79,63
32766,5487,1702,82,59
32766,5482,1696,78,78
32766,5482,1698,100,73
32766,5477,1696,85,70
32766,5491,1693,80,67
32766,5482,1698,79,74
32766,5468,1709,86,75
32766,5511,1685,106,75
32766,5495,1699,75,36
32766,5484,1693,76,77
32766,5504,1687,72,72
32766,5463,1699,80,85
32766,5464,1692,60,59
32766,5452,1695,87,90
32766,5432,1705,71,92
32766,5427,1685,89,75
32766,5427,1690,60,63
32766,5424,1671,66,67
32766,5433,1689,93,71
32766,5412,1700,69,68
32766,5419,1696,96,66
32766,5427,1682,85,60
32766,5436,1675,85,70
32766,5423,1667,87,50
32766,5451,1709,97,83
32766,5443,1696,88,91
32766,5431,1697,82,94
32766,5455,1675,89,84
32766,5444,1700,61,92
32766,5445,1686,97,72
32766,5442,1681,84,85
32766,5418,1686,69,94
32766,5421,1677,70,59
32766,5405,1673,76,54
32766,5411,1672,64,76
32766,5378,1665,117,92
32766,5373,1678,56,90
32766,5352,1707,88,79
32766,5336,1672,56,58
32766,5339,1676,79,87
32766,5319,1657,80,65
32766,5303,1668,53,68
32766,5297,1657,65,81
32766,5279,1658,73,66
32766,5272,1654,66,81
32766,5266,1651,67,83
32766,5270,1646,84,82
32766,5261,1667,72,96
32766,5252,1661,76,64
32766,5237,1659,100,57
32766,5250,1659,73,65
32766,5232,1674,52,90
32766,5267,1669,53,56
32766,5217,1657,97,73
32766,5221,1654,51,71
32766,5249,1675,53,63
32766,5233,1634,51,70
32766,5255,1667,101,86
32766,5241,1648,95,63
32766,5235,1649,93,71
32766,5252,1657,65,61
32766,5261,1666,72,94
32766,5237,1648,85,92
32766,5250,1666,85,76
32766,5259,1663,69,73
32766,5239,1658,73,83
32766,5244,1651,93,58
32766,5250,1649,89,64
32766,5239,1667,61,70
32766,5251,1662,65,76
32766,5246,1654,101,96
32766,5254,1657,92,65
32766,5237,1675,88,69
32766,5230,1657,92,61
32766,5238,1658,91,70
32766,5247,1644,73,82
32766,5253,1659,67,91
32766,5251,1664,90,93
32766,5245,1655,65,76
32766,5239,1650,77,85
32766,5232,1671,70,61
32766,5254,1663,96,76
32766,5242,1644,67,57
32766,5241,1647,58,75
32766,5232,1661,77,79
32766,5246,1645,71,77
32766,5225,1653,99,64
32766,5221,1659,100,40
32766,5211,1648,84,81
32766,5196,1643,96,63
32766,5215,1648,59,80
32766,5206,1658,73,58
32766,5215,1655,78,76
32766,5219,1648,82,73
32766,5221,1650,83,83
32766,5209,1651,104,57
32766,5216,1650,80,41
32766,5232,1645,66,68
32766,5226,1663,70,100
32766,5230,1662,62,83
32766,5231,1649,91,54
32766,5235,1647,92,76
32766,5239,1659,73,75
32766,5218,1643,90,80
32766,5249,1647,90,86
32766,5231,1654,79,78
32766,5242,1646,76,79
32766,5252,1650,78,77
32766,5243,1650,82,64
32766,5233,1643,62,84
32766,5236,1660,62,77
32766,5235,1654,87,82
32766,5223,1649,90,92
32766,5215,1647,66,77
32766,5244,1648,80,87
32766,5206,1655,90,94
32766,5227,1647,92,88
32766,5204,1661,98,106
32766,5212,1654,68,69
32766,5212,1628,91,76
32766,5192,1647,64,61
32766,5196,1627,74,71
32766,5197,1645,87,61
32766,5206,1643,81,75
32766,5194,1639,63,91
32766,5207,1650,85,73
32766,5200,1639,76,74
32766,5179,1671,101,62
32766,5219,1633,56,61
32766,5194,1630,68,64
32766,5205,1648,57,75
32766,5222,1643,89,85
32766,5198,1654,53,81
32766,5189,1642,93,59
32766,5196,1643,87,75
32766,5191,1652,70,61
32766,5195,1650,78,61
32766,5218,1647,59,71
32766,5219,1643,85,76
32766,5207,1648,77,69
32766,5230,1635,114,72
32766,5204,1625,76,56
32766,5204,1665,92,35
32766,5239,1656,46,56
32766,5246,1643,74,80
32766,5270,1628,110,71
32766,5250,1655,86,112
32766,5266,1632,88,93
32766,5278,1657,90,67
32766,5273,1644,74,70
32766,5261,1634,84,74
32766,5255,1637,77,94
32766,5273,1653,67,71
32766,5267,1646,95,63
32766,5242,1656,63,68
32766,5227,1620,78,73
32766,5244,1636,73,57
32766,5247,1629,98,82
32766,5236,1640,88,42
32766,5237,1654,105,65
32766,5211,1651,125,60
32766,5196,1654,108,60
32766,5219,1644,79,82
32766,5205,1644,92,90
32766,5210,1649,74,67
32766,5220,1629,59,85
32766,5217,1636,69,69
32766,5231,1633,91,83
32766,5220,1644,77,77
32766,5216,1651,84,67
32766,5213,1645,59,91
32766,5225,1617,88,97
32766,5227,1644,57,76
32766,5214,1653,81,78
32766,5223,1653,104,77
32766,5225,1647,62,50
32766,5182,1659,98,66
32766,5214,1636,75,74
32766,5233,1654,76,84
32766,5221,1647,59,73
32766,5224,1639,83,75
32766,5219,1630,79,90
32766,5243,1645,62,65
32766,5232,1637,79,78
32766,5236,1635,90,84
32766,5242,1632,98,77
32766,5211,1645,81,101
32766,5213,1645,64,64
32766,5233,1641,93,79
32766,5235,1640,97,88
32766,5199,1625,45,79
32766,5225,1627,72,85
32766,5225,1649,70,82
32766,5214,1644,87,73
32766,5201,1645,82,83
32766,5229,1635,69,67
32766,5217,1638,80,42
32766,5215,1638,67,76
32766,5211,1627,55,81
32766,5205,1638,73,75
32766,5219,1619,54,81
32766,5198,1641,65,37
32766,5221,1642,82,68
32766,5201,1622,70,92
32766,5194,1640,93,61
32766,5216,1635,78,109
32766,5196,1654,102,113
32766,5209,1645,75,75
32766,5208,1631,69,57
32766,5211,1638,99,65
32766,5195,1631,66,71
32766,5203,1632,55,64
32766,5204,1638,67,48
32766,5200,1639,77,73
32766,5209,1648,62,100
32766,5211,1661,74,83
32766,5190,1637,82,84
32766,5202,1617,118,34
32766,5197,1630,68,58
32766,5216,1624,102,91
32766,5172,1635,119,39
32766,5196,1634,127,49
32766,5224,1637,60,74
32766,5220,1639,92,93
32766,5197,1629,82,67
32766,5194,1627,55,66
32766,5214,1638,79,57
32766,5201,1633,91,76
32766,5180,1640,73,68
32766,5215,1629,90,84
32766,5179,1632,68,51
32766,5179,1634,73,55
32766,5214,1640,73,89
32766,5179,1643,77,77
32766,5195,1612,83,104
32766,5158,1640,70,68
32766,5152,1639,96,52
32766,5169,1627,80,91
32766,5161,1633,88,65
32766,5168,1632,62,72
32766,5171,1628,84,66
32766,5180,1627,46,76
32766,5180,1629,81,83
32766,5172,1641,65,87
32766,5174,1635,80,42
32766,5191,1644,66,86
32766,5175,1620,85,63
32766,5167,1618,77,45
32766,5169,1624,73,60
32766,5195,1629,58,99
32766,5181,1643,72,38
32766,5159,1653,69,71
32766,5185,1653,73,86
32766,5171,1632,96,81
32766,5167,1634,89,60
32766,5181,1625,89,62
32766,5184,1636,76,60
32766,5179,1604,54,75
32766,5188,1639,54,93
32766,5173,1627,78,63
32766,5186,1633,62,56
32766,5176,1651,74,66
32766,5180,1625,45,55
32766,5173,1639,98,77
32766,5168,1625,93,60
32766,5164,1649,56,81
32766,5197,1598,85,86
32766,5174,1626,97,63
32766,5179,1637,69,76
32766,5179,1623,78,68
32766,5177,1625,77,71
32766,5175,1617,76,95
32766,5175,1632,66,77
32766,5184,1620,79,61
32766,5189,1620,73,76
32766,5195,1600,102,61
32766,5166,1607,114,30
32766,5183,1635,80,87
32766,5176,1628,83,65
32766,5186,1614,65,49
32766,5191,1635,112,55
32766,5182,1627,93,76
32766,5183,1638,75,83
32766,5176,1625,90,90
32766,5182,1626,79,70
32766,5193,1640,80,80
32766,5161,1607,92,54
32766,5172,1636,68,57
32766,5189,1617,61,79
32766,5205,1623,77,43
32766,5166,1612,106,87
32766,5191,1623,113,54
32766,5188,1626,74,61
32766,5188,1622,71,81
32766,5187,1625,51,87
32766,5199,1618,80,85
32766,5191,1613,70,67
32766,5184,1622,75,89
32766,5182,1620,65,72
32766,5180,1624,78,67
32766,5195,1619,108,55
32766,5178,1634,84,66
32766,5185,1624,91,71
32766,5195,1620,84,70
32766,5191,1632,63,53
32766,5185,1661,76,57
32766,5193,1647,70,61
32766,5179,1617,62,57
32766,5195,1642,52,79
32766,5199,1598,60,71
32766,5217,1623,69,55
32766,5165,1617,88,92
32766,5191,1632,88,69
32766,5188,1620,66,67
32766,5188,1628,76,52
32766,5185,1626,73,58
32766,5197,1636,82,67
32766,5178,1627,78,60
32766,5194,1626,72,45
32766,5174,1628,70,50
32766,5181,1633,50,37
32766,5174,1632,102,65
32766,5186,1627,89,82
32766,5189,1623,91,75
32766,5174,1657,121,74
32766,5167,1621,49,94
32766,5194,1630,41,82
32766,5177,1621,70,76
32766,5183,1625,68,67
32766,5202,1620,76,67
32766,5182,1621,82,65
32766,5171,1634,49,77
32766,5188,1618,79,55
32766,5204,1623,78,56
32766,5176,1654,113,80
32766,5200,1598,120,34
32766,5186,1651,50,106
32766,5198,1626,85,66
32766,5174,1622,73,71
32766,5205,1614,38,74
32766,5182,1642,75,90
32766,5205,1637,76,46
32766,5184,1628,89,66
32766,5196,1638,52,75
32766,5168,1632,52,70
32766,5167,1626,92,54
32766,5179,1636,74,67
32766,5189,1617,75,85
32766,5171,1635,45,71
32766,5157,1627,50,64
32766,5170,1644,78,45
32766,5180,1617,46,84
32766,5185,1638,80,65
32766,5177,1605,81,71
32766,5133,1614,99,36
32766,5165,1609,56,58
32766,5182,1649,74,47
32766,5180,1615,73,91
32766,5194,1626,80,67
32766,5180,1617,88,58
32766,5190,1642,71,61
32766,5185,1630,74,85
32766,5174,1618,69,58
32766,5195,1634,64,67
32766,5179,1639,57,76
32766,5183,1614,69,92
32766,5182,1634,95,69
32766,5176,1630,61,62
32766,5177,1613,90,63
32766,5178,1571,35,26
32766,5172,1643,66,61
32766,5186,1630,73,62
32766,5172,1627,85,66
32766,5194,1628,65,84
32766,5196,1618,92,46
32766,5202,1624,73,90
32766,5201,1610,86,77
32766,5191,1621,71,71
32766,5208,1621,65,51
32766,5177,1634,48,61
32766,5199,1638,55,78
32766,5170,1620,55,105
32766,5188,1650,52,83
32766,5207,1612,79,59
32766,5182,1641,70,86
32766,5219,1619,20,95
32766,5187,1642,79,87
32766,5205,1614,86,77
32766,5204,1618,86,87
32766,5197,1621,83,75
32766,5202,1637,69,78
32766,5191,1612,81,63
32766,5197,1636,66,80
32766,5195,1643,87,57
32766,5202,1614,74,89
32766,5191,1608,45,79
32766,5199,1627,107,62
32766,5208,1622,81,62
32766,5196,1616,65,48
32766,5181,1615,91,31
32766,5176,1622,68,68
32766,5202,1618,82,70
32766,5192,1615,73,68
32766,5206,1634,74,71
32766,5198,1631,68,76
32766,5203,1631,82,72
32766,5205,1648,76,74
32766,5220,1635,76,87
32766,5204,1631,91,55
32766,5205,1629,56,95
32766,5217,1613,92,72
32766,5208,1641,46,95
32766,5202,1616,93,66
32766,5225,1609,67,98
32766,5207,1638,96,68
32766,5208,1636,86,48
32766,5195,1625,65,70
32766,5193,1630,62,78
32766,5205,1629,68,71
32766,5190,1618,74,84
32766,5192,1618,82,76
32766,5200,1630,72,47
32766,5212,1615,72,81
32766,5187,1631,69,87
32766,5210,1637,105,40
32766,5230,1597,73,93
32766,5193,1626,107,86
32766,5204,1605,76,63
32766,5202,1634,74,98
32766,5203,1599,78,48
32766,5178,1621,101,66
32766,5177,1618,88,62
32766,5183,1613,65,68
32766,5193,1609,69,53
32766,5189,1637,88,60
32766,5181,1613,93,86
32766,5206,1639,82,67
32766,5196,1629,60,79
32766,5197,1620,70,55
32766,5170,1655,72,78
32766,5192,1619,111,40
32766,5187,1634,97,74
32766,5191,1607,103,40
32766,5167,1628,68,80
32766,5197,1608,51,39
32766,5183,1621,68,69
32766,5186,1615,79,66
32766,5178,1622,80,68
32766,5178,1622,59,71
32766,5166,1636,74,83
32766,5155,1613,84,90
32766,5166,1617,64,59
32766,5146,1625,56,68
32766,5158,1603,65,80
32766,5149,1641,84,46
32766,5135,1624,77,47
32766,5137,1609,53,58
32766,5158,1631,68,67
32766,5120,1640,73,87
32766,5144,1624,50,65
32766,5117,1628,62,72
32766,5111,1622,68,71
32766,5113,1624,75,53
32766,5108,1607,77,79
32766,5115,1599,97,89
32766,5116,1601,87,64
32766,5108,1622,80,70
32766,5110,1597,71,68
32766,5106,1609,70,78
32766,5101,1575,67,87
32766,5112,1587,91,46
32766,5109,1613,80,84
32766,5118,1597,67,55
32766,5118,1623,101,70
32766,5091,1610,54,54
32766,5113,1591,87,39
32766,5113,1619,70,74
32766,5130,1619,63,75
32766,5118,1592,75,65
32766,5121,1624,86,93
32766,5131,1615,70,79
32766,5130,1608,57,59
32766,5125,1612,84,75
32766,5146,1611,67,68
32766,5116,1635,38,75
32766,5125,1609,62,81
32766,5142,1611,70,74
32766,5159,1620,66,84
32766,5149,1612,92,55
32766,5166,1608,106,31
32766,5155,1618,61,63
32766,5173,1601,106,46
32766,5165,1615,89,65
32766,5156,1635,77,76
32766,5152,1625,64,97
32766,5166,1608,74,70
32766,5180,1605,88,73
32766,5170,1610,88,74
32766,5152,1645,94,70
32766,5179,1628,81,68
32766,5175,1612,77,92
32766,5182,1614,104,67
32766,5175,1609,62,84
32766,5188,1627,49,84
32766,5186,1618,81,65
32766,5160,1620,72,62
32766,5169,1606,62,81
32766,5179,1616,73,81
32766,5166,1617,75,51
32766,5166,1611,77,53
32766,5162,1612,88,74
32766,5160,1612,95,66
32766,5162,1613,80,46
32766,5168,1622,59,70
32766,5172,1630,89,38
32766,5157,1618,47,108
32766,5176,1625,76,81
32766,5197,1624,69,89
32766,5191,1630,48,71
32766,5193,1606,87,53
32766,5213,1629,71,81
32766,5224,1614,69,80
32766,5212,1597,76,75
32766,5227,1615,97,76
32766,5210,1629,83,42
32766,5223,1613,60,80
32766,5221,1617,57,46
32766,5233,1627,56,83
32766,5241,1605,70,69
32766,5221,1629,89,45
32766,5251,1599,101,42
32766,5243,1611,84,84
32766,5248,1614,82,68
32766,5262,1621,61,72
32766,5221,1603,114,52
32766,5248,1626,60,77
32766,5241,1637,75,64
32766,5244,1620,67,81
32766,5248,1632,73,79
32766,5243,1629,61,85
32766,5244,1629,53,76
32766,5240,1628,70,77
32766,5223,1618,73,49
32766,5220,1621,72,98
32766,5224,1643,73,56
32766,5218,1631,45,92
32766,5232,1637,47,78
32766,5229,1607,77,50
32766,5219,1643,79,85
32766,5238,1603,36,53
32766,5233,1613,90,68
32766,5223,1627,72,68
32766,5228,1627,70,66
32766,5244,1602,63,66
32766,5220,1635,67,86
32766,5227,1616,70,78
32766,5233,1601,80,53
32766,5235,1643,70,57
32766,5221,1621,74,34
32766,5224,1617,89,47
32766,5217,1592,91,33
32766,5205,1624,88,68
32766,5221,1622,89,62
32766,5226,1610,55,75
32766,5235,1581,70,77
32766,5210,1634,90,61
32766,5233,1606,61,72
32766,5225,1602,69,66
32766,5239,1608,75,62
32766,5223,1608,73,86
32766,5232,1626,96,53
32766,5232,1621,89,49
32766,5225,1606,109,49
32766,5214,1610,89,78
32766,5219,1647,76,93
32766,5197,1616,71,49
32766,5239,1622,77,48
32766,5236,1611,44,66
32766,5211,1603,56,40
32766,5230,1603,92,85
32766,5231,1628,89,60
32766,5239,1615,73,64
32766,5238,1616,69,79
32766,5242,1603,85,52
32766,5227,1616,78,61
32766,5238,1607,61,68
32766,5236,1612,59,75
32766,5236,1618,71,70
32766,5235,1610,56,77
32766,5262,1612,89,25
32766,5239,1606,71,47
32766,5260,1631,79,62
32766,5240,1638,55,55
32766,5231,1624,70,56
32766,5263,1598,46,58
32766,5293,1608,71,71
32766,5278,1618,64,67
32766,5277,1618,53,82
32766,5251,1608,89,98
32766,5272,1630,75,61
32766,5260,1615,78,55
32766,5261,1616,54,71
32766,5251,1617,65,72
32766,5258,1574,91,53
32766,5251,1588,83,55
32766,5246,1598,51,78
32766,5224,1629,88,73
32766,5242,1625,94,87
32766,5267,1601,68,74
32766,5257,1586,60,69
32766,5256,1615,77,86
32766,5257,1611,68,56
32766,5232,1610,85,68
32766,5236,1595,79,69
32766,5227,1622,58,78
32766,5230,1596,70,72
32766,5231,1628,65,73
32766,5238,1608,90,51
32766,5240,1615,89,51
32766,5253,1582,65,105
32766,5217,1623,121,40
32766,5218,1626,65,68
32766,5242,1616,72,113
32766,5227,1638,73,86
32766,5250,1599,105,66
32766,5252,1611,69,80
32766,5243,1613,82,63
32766,5242,1624,81,75
32766,5238,1621,66,50
32766,5242,1617,94,63
32766,5221,1620,75,61
32766,5235,1610,64,73
32766,5228,1623,81,62
32766,5216,1604,102,68
32766,5258,1617,59,56
32766,5238,1611,81,76
32766,5246,1616,103,73
32766,5242,1615,65,74
32766,5218,1618,100,83
32766,5242,1623,66,65
32766,5248,1622,79,100
32766,5232,1616,61,82
32766,5233,1605,93,63
32766,5228,1614,99,79
32766,5214,1626,89,78
32766,5236,1629,72,81
32766,5236,1606,61,86
32766,5237,1616,66,60
32766,5237,1590,97,106
32766,5266,1628,81,72
32766,5238,1617,80,63
32766,5236,1616,65,73
32766,5249,1621,57,76
32766,5239,1587,57,41
32766,5259,1618,87,67
32766,5221,1620,76,60
32766,5230,1606,88,69
32766,5247,1628,72,67
32766,5240,1616,80,57
32766,5231,1623,76,83
32766,5228,1603,83,92
32766,5251,1618,69,61
32766,5248,1624,106,59
32766,5246,1621,101,84
32766,5244,1612,59,64
32766,5225,1634,84,46
32766,5236,1623,76,73
32766,5235,1628,86,88
32766,5216,1628,119,55
32766,5232,1627,64,93
32766,5229,1631,93,76
32766,5233,1634,82,65
32766,5232,1620,81,81
32766,5250,1634,68,71
32766,5262,1632,86,71
32766,5260,1620,75,82
32766,5253,1635,72,71
32766,5270,1618,78,86
32766,5266,1609,57,59
32766,5248,1609,91,78
32766,5246,1623,70,76
32766,5247,1627,75,57
32766,5252,1621,65,49
32766,5251,1619,97,61
32766,5254,1637,81,65
32766,5251,1619,92,61
32766,5246,1614,80,79
32766,5239,1628,52,82
32766,5246,1626,54,76
32766,5226,1627,68,72
32766,5257,1624,58,68
32766,5230,1639,73,46
32766,5221,1630,34,82
32766,5220,1616,71,79
32766,5243,1632,53,95
32766,5229,1627,100,61
32766,5227,1631,102,61
32766,5255,1619,96,70
32766,5229,1608,70,76
32766,5239,1629,77,72
32766,5220,1627,84,79
32766,5230,1610,85,79
32766,5221,1628,82,76
32766,5230,1618,68,67
32766,5236,1625,75,73
32766,5235,1619,86,70
32766,5237,1631,90,49
32766,5252,1629,69,95
32766,5215,1641,96,37
32766,5230,1594,73,91
32766,5210,1642,88,63
32766,5243,1612,79,73
32766,5205,1615,104,68
32766,5260,1600,74,77
32766,5241,1634,86,65
32766,5222,1633,86,66
32766,5230,1621,77,65
32766,5238,1610,83,74
32766,5210,1632,77,83
32766,5231,1634,69,57
32766,5221,1613,75,73
32766,5227,1612,90,61
32766,5194,1641,48,69
32766,5219,1626,92,42
32766,5241,1610,56,46
32766,5221,1625,91,109
32766,5222,1596,75,65
32766,5201,1643,65,105
32766,5214,1606,77,93
32766,5209,1602,71,70
32766,5225,1612,59,62
32766,5214,1622,96,63
32766,5205,1626,63,85
32766,5205,1622,86,77
32766,5207,1618,82,64
32766,5207,1619,75,67
32766,5207,1641,95,74
32766,5206,1646,70,75
32766,5229,1630,104,45
32766,5199,1622,62,83
32766,5213,1618,55,66
32766,5213,1622,93,54
32766,5208,1616,95,71
32766,5231,1610,88,50
32766,5214,1608,64,83
32766,5211,1618,80,70
32766,5204,1623,70,77
32766,5201,1614,84,77
32766,5205,1625,73,63
32766,5206,1610,62,81
32766,5201,1619,85,70
32766,5198,1596,67,108
32766,5213,1610,74,89
32766,5203,1654,46,81
32766,5206,1615,66,54
32766,5207,1612,75,79
32766,5225,1616,19,77
32766,5191,1591,44,78
32766,5195,1601,54,71
32766,5181,1617,68,82
32766,5200,1628,71,76
32766,5197,1606,40,78
32766,5202,1614,69,69
32766,5208,1616,64,60
32766,5214,1620,87,67
32766,5207,1610,97,51
32766,5210,1594,95,58
32766,5209,1618,88,89
32766,5207,1624,62,108
32766,5193,1632,79,86
32766,5212,1612,87,51
32766,5198,1624,84,61
32766,5238,1584,61,39
32766,5211,1608,81,78
32766,5208,1619,80,58
32766,5208,1609,87,66
32766,5205,1612,67,73
32766,5201,1624,82,82
32766,5203,1623,70,57
32766,5210,1615,78,54
32766,5195,1615,73,83
32766,5213,1608,76,47
32766,5198,1611,73,112
32766,5195,1620,62,75
32766,5212,1583,95,55
32766,5197,1621,90,60
32766,5199,1623,80,76
32766,5169,1621,78,71
32766,5192,1617,58,86
32766,5179,1608,68,74
32766,5187,1623,71,63
32766,5189,1614,80,55
32766,5179,1632,60,68
32766,5186,1620,78,75
32766,5190,1615,81,70
32766,5210,1589,80,71
32766,5179,1623,65,76
32766,5177,1634,48,69
32766,5193,1604,83,73
32766,5213,1601,70,53
32766,5187,1618,99,86
32766,5182,1616,57,89
32766,5187,1615,91,71
32766,5203,1589,81,71
32766,5193,1606,79,60
32766,5186,1607,68,67
32766,5189,1603,48,82
32766,5179,1604,71,64
32766,5195,1612,55,66
32766,5192,1612,82,69
32766,5190,1607,65,71
32766,5192,1595,73,112
32766,5189,1607,77,54
32766,5192,1630,65,66
32766,5163,1625,60,68
32766,5182,1618,69,69
32766,5190,1610,86,82
32766,5171,1610,63,75
32766,5187,1604,33,77
32766,5189,1608,82,87
32766,5186,1592,86,53
32766,5202,1597,84,62
32766,5186,1611,68,65
32766,5182,1616,64,56
32766,5187,1602,73,81
32766,5173,1611,68,82
32766,5185,1617,47,58
32766,5170,1618,78,53
32766,5170,1613,83,67
32766,5173,1614,97,52
32766,5180,1594,54,64
32766,5159,1600,127,45
32766,5172,1612,51,106
32766,5198,1617,73,59
32766,5176,1605,78,52
32766,5176,1592,82,63
32766,5173,1613,91,54
32766,5179,1607,70,64
32766,5178,1603,70,67
32766,5179,1608,77,63
32766,5172,1596,89,64
32766,5165,1609,79,69
32766,5162,1613,79,74
32766,5159,1604,54,75
32766,5160,1628,63,84
32766,5178,1618,59,62
32766,5142,1626,57,60
32766,5172,1581,46,77
32766,5165,1612,86,85
32766,5183,1604,65,61
32766,5157,1618,83,66
32766,5180,1603,77,70
32766,5178,1613,88,70
32766,5170,1607,73,60
32766,5168,1609,61,57
32766,5166,1598,63,60
32766,5178,1588,109,63
32766,5147,1601,105,83
32766,5167,1622,53,92
32766,5171,1607,71,56
32766,5182,1622,93,104
32766,5184,1586,80,70
32766,5185,1602,64,96
32766,5196,1601,72,61
32766,5174,1604,62,75
32766,5185,1601,80,78
32766,5181,1603,76,65
32766,5175,1601,72,57
32766,5181,1609,83,84
32766,5187,1603,75,86
32766,5177,1627,75,64
32766,5191,1609,71,71
32766,5185,1626,96,72
32766,5181,1604,67,57
32766,5162,1618,97,74
32766,5189,1638,64,66
32766,5181,1595,64,101
32766,5184,1603,92,48
32766,5189,1610,80,67
32766,5176,1589,87,83
32766,5179,1611,71,69
32766,5165,1594,68,63
32766,5176,1590,59,63
32766,5171,1609,68,67
32766,5175,1603,75,71
32766,5173,1621,53,85
32766,5175,1606,100,84
32766,5174,1598,80,72
32766,5169,1632,50,74
32766,5166,1619,52,91
32766,5194,1602,72,70
32766,5177,1620,78,97
32766,5137,1606,91,93
32766,5169,1607,83,71
32766,5187,1605,83,71
32766,5170,1614,64,66
32766,5161,1613,65,74
32766,5171,1592,78,57
32766,5172,1603,89,68
32766,5163,1600,72,78
32766,5170,1604,107,68
32766,5151,1603,56,77
32766,5172,1605,68,65
32766,5155,1603,63,91
32766,5152,1598,62,62
32766,5164,1605,91,86
32766,5140,1624,104,35
32766,5169,1625,81,50
32766,5155,1593,92,53
32766,5175,1607,74,67
32766,5154,1603,87,43
32766,5153,1622,75,77
32766,5166,1596,74,71
32766,5165,1593,90,55
32766,5143,1586,56,52
32766,5150,1614,71,62
32766,5144,1603,66,93
32766,5179,1598,77,80
32766,5156,1590,70,53
32766,5134,1598,61,95
32766,5129,1605,99,52
32766,5165,1609,70,95
32766,5169,1602,63,66
32766,5144,1609,69,50
32766,5150,1587,90,71
32766,5147,1590,59,60
32766,5143,1611,80,78
32766,5154,1608,75,75
32766,5164,1584,89,64
32766,5144,1616,87,72
32766,5158,1620,42,46
32766,5138,1589,61,57
32766,5138,1596,85,53
32766,5138,1616,86,52
32766,5149,1600,59,74
32766,5160,1604,72,73
32766,5160,1621,126,41
32766,5158,1590,105,61
32766,5153,1603,69,89
32766,5161,1594,80,75
32766,5150,1605,99,70
32766,5174,1601,86,81
32766,5154,1604,60,58
32766,5154,1612,66,76
32766,5142,1600,88,81
32766,5167,1600,83,46
32766,5160,1606,51,108
32766,5158,1611,52,103
32766,5151,1610,81,31
32766,5159,1612,90,40
32766,5142,1645,62,71
32766,5153,1607,95,40
32766,5151,1618,74,63
32766,5152,1605,91,84
32766,5153,1605,92,72
32766,5163,1602,83,62
32766,5156,1611,95,56
32766,5166,1586,71,67
32766,5177,1608,85,68
32766,5182,1605,81,72
32766,5172,1599,59,52
32766,5178,1618,82,48
32766,5175,1595,64,89
32766,5163,1601,74,63
32766,5175,1620,90,66
32766,5182,1605,101,43
32766,5134,1589,88,0
32766,5178,1611,95,78
32766,5173,1612,92,60
32766,5172,1604,72,80
32766,5178,1586,73,73
32766,5167,1615,74,61
32766,5170,1614,67,70
32766,5176,1601,66,64
32766,5173,1601,77,78
32766,5176,1626,83,60
32766,5169,1605,88,75
32766,5185,1625,95,75
32766,5182,1601,80,52
32766,5180,1599,73,64
32766,5171,1588,81,49
32766,5179,1604,79,78
32766,5179,1611,80,80
32766,5180,1604,80,76
32766,5177,1625,74,62
32766,5163,1621,83,50
32766,5184,1606,90,63
32766,5181,1603,82,89
32766,5180,1607,64,71
32766,5180,1590,90,92
32766,5183,1628,65,77
32766,5178,1632,93,92
32766,5196,1632,98,74
32766,5209,1594,80,70
32766,5196,1617,98,74
32766,5180,1607,69,38
32766,5180,1603,58,55
32766,5208,1605,57,94
32766,5199,1601,93,63
32766,5178,1618,82,73
32766,5192,1601,81,87
32766,5186,1608,98,71
32766,5175,1603,75,56
32766,5200,1604,97,64
32766,5175,1600,88,67
32766,5191,1614,54,97
32766,5209,1620,102,60
32766,5171,1621,73,70
32766,5206,1602,71,73
32766,5180,1599,83,70
32766,5203,1614,38,99
32766,5211,1613,69,113
32766,5176,1582,95,83
32766,5192,1605,80,58
32766,5201,1606,73,61
32766,5180,1614,62,76
32766,5186,1610,66,84
32766,5200,1606,44,77
32766,5187,1610,70,79
32766,5215,1595,73,64
32766,5190,1613,68,67
32766,5180,1645,108,37
32766,5179,1645,66,70
32766,5215,1605,72,92
32766,5194,1623,80,57
32766,5189,1593,57,59
32766,5212,1612,73,52
32766,5199,1622,82,74
32766,5184,1604,72,80
32766,5204,1616,72,66
32766,5203,1603,76,70
32766,5195,1614,97,63
32766,5205,1612,66,82
32766,5188,1611,78,75
32766,5208,1610,73,74
32766,5205,1600,58,99
32766,5193,1627,39,61
32766,5218,1596,45,108
32766,5197,1592,88,40
32766,5208,1620,68,63
32766,5179,1608,96,47
32766,5181,1611,103,25
32766,5195,1599,85,65
32766,5210,1609,71,79
32766,5202,1608,83,75
32766,5189,1612,65,64
32766,5198,1616,71,87
32766,5193,1612,82,76
32766,5201,1619,84,88
32766,5210,1621,70,70
32766,5219,1617,88,72
32766,5245,1576,84,83
32766,5244,1618,116,54
32766,5205,1596,81,70
32766,5204,1619,106,74
32766,5224,1645,90,97
32766,5214,1626,35,101
32766,5216,1603,74,47
32766,5224,1621,74,78
32766,5210,1609,84,53
32766,5197,1627,68,72
32766,5205,1624,55,55
32766,5214,1623,69,62
32766,5216,1630,75,76
32766,5211,1603,73,70
32766,5214,1592,74,85
32766,5217,1608,98,39
32766,5204,1615,117,61
32766,5213,1611,85,74
32766,5215,1622,61,80
32766,5205,1555,63,29
32766,5218,1623,86,82
32766,5212,1610,57,76
32766,5231,1623,98,60
32766,5209,1630,69,68
32766,5214,1610,60,72
32766,5231,1618,82,59
32766,5209,1621,72,85
32766,5223,1609,75,87
32766,5211,1614,75,72
32766,5213,1617,48,93
32766,5244,1630,85,84
32766,5232,1606,84,68
32766,5189,1628,73,74
32766,5236,1633,83,82
32766,5226,1608,70,67
32766,5229,1616,50,56
32766,5222,1606,56,62
32766,5216,1623,85,67
32766,5228,1616,99,63
32766,5223,1619,64,73
32766,5223,1629,68,56
32766,5213,1609,65,76
32766,5218,1609,63,84
32766,5226,1601,87,69
32766,5219,1604,90,52
32766,5213,1620,55,69
32766,5225,1597,85,94
32766,5221,1594,90,58
32766,5195,1618,93,86
32766,5215,1608,81,86
32766,5214,1617,66,102
32766,5225,1609,90,82
32766,5227,1617,90,61
32766,5227,1603,79,56
32766,5222,1609,74,66
32766,5219,1611,90,74
32766,5205,1599,85,74
32766,5215,1620,64,59
32766,5214,1605,64,53
32766,5205,1614,63,78
32766,5194,1580,70,85
32766,5227,1592,81,83
32766,5195,1603,81,99
32766,5214,1614,62,73
32766,5209,1602,67,45
32766,5224,1608,92,35
32766,5219,1615,76,65
32766,5217,1617,73,78
32766,5214,1623,94,59
32766,5206,1594,77,63
32766,5196,1621,48,88
32766,5201,1611,78,67
32766,5196,1620,64,88
32766,5194,1604,80,72
32766,5177,1603,58,56
32766,5189,1606,81,92
32766,5191,1594,87,68
32766,5202,1605,60,85
32766,5203,1614,80,74
32766,5226,1609,62,50
32766,5210,1582,59,45
32766,5204,1589,76,77
32766,5223,1609,82,74
32766,5214,1609,95,58
32766,5197,1606,45,59
32766,5211,1613,63,68
32766,5214,1604,76,108
32766,5192,1616,81,76
32766,5221,1607,70,81
32766,5218,1612,99,60
32766,5193,1604,66,67
32766,5212,1612,89,80
32766,5216,1614,40,90
32766,5191,1622,84,50
32766,5223,1556,30,62
32766,5230,1584,65,58
32766,5191,1626,71,71
32766,5191,1610,76,74
32766,5195,1603,92,60
32766,5197,1604,72,77
32766,5200,1602,77,73
32766,5186,1585,80,73
32766,5177,1609,80,68
32766,5185,1591,85,77
32766,5208,1632,94,63
32766,5204,1603,69,78
32766,5181,1624,82,91
32766,5210,1617,63,65
32766,5209,1602,82,68
32766,5195,1592,62,55
32766,5209,1603,65,107
32766,5199,1616,80,53
32766,5193,1586,63,64
32766,5184,1592,78,73
32766,5189,1613,68,83
32766,5177,1609,84,56
32766,5184,1600,88,73
32766,5191,1598,75,74
32766,5183,1627,70,53
32766,5200,1591,32,112
32766,5180,1608,56,76
32766,5170,1588,80,53
32766,5200,1623,88,82
32766,5186,1605,50,79
32766,5190,1601,89,74
32766,5173,1589,68,55
32766,5207,1606,46,75
32766,5170,1594,74,79
32766,5188,1607,78,57
32766,5173,1601,73,68
32766,5168,1598,96,71
32766,5184,1584,76,67
32766,5195,1601,60,68
32766,5178,1615,71,61
32766,5170,1604,72,49
32766,5180,1593,107,36
32766,5168,1601,66,77
32766,5179,1598,80,51
32766,5181,1607,59,101
32766,5169,1584,37,57
32766,5166,1604,92,97
32766,5188,1606,77,56
32766,5176,1605,83,66
32766,5171,1596,70,63
32766,5176,1597,77,73
32766,5159,1611,83,51
32766,5180,1603,91,36
32766,5180,1605,74,84
32766,5163,1593,67,83
32766,5185,1586,89,90
32766,5177,1603,61,81
32766,5189,1588,73,68
32766,5160,1584,64,72
32766,5174,1574,99,59
32766,5154,1625,123,66
32766,5179,1606,68,83
32766,5182,1627,85,82
32766,5165,1592,87,77
32766,5158,1605,88,72
32766,5180,1601,84,79
32766,5188,1604,74,69
32766,5185,1610,61,88
32766,5194,1607,87,70
32766,5182,1613,60,66
32766,5179,1590,41,97
32766,5187,1599,81,49
32766,5165,1619,47,76
32766,5205,1604,78,78
32766,5200,1589,61,90
32766,5175,1585,62,27
32766,5169,1600,74,70
32766,5190,1596,81,85
32766,5175,1604,66,73
32766,5178,1595,60,79
32766,5185,1593,72,69
32766,5191,1609,57,57
32766,5179,1596,93,67
32766,5179,1601,83,63
32766,5178,1608,91,71
32766,5172,1590,68,83
32766,5167,1583,59,105
32766,5180,1612,76,101
32766,5179,1601,77,70
32766,5174,1581,86,70
32766,5203,1603,115,78
32766,5174,1582,62,65
32766,5171,1603,81,81
32766,5180,1606,70,61
32766,5165,1594,72,66
32766,5182,1615,91,58
32766,5177,1591,97,70
32766,5176,1587,61,90
32766,5175,1614,71,75
32766,5172,1600,73,60
32766,5188,1593,81,75
32766,5195,1602,45,80
32766,5181,1587,115,72
32766,5185,1600,71,74
32766,5200,1598,66,75
32766,5167,1615,92,80
32766,5192,1610,109,50
32766,5171,1594,69,80
32766,5179,1604,79,80
32766,5176,1602,92,44
32766,5182,1605,50,95
32766,5170,1592,82,78
32766,5193,1590,65,73
32766,5173,1593,71,72
32766,5159,1605,91,47
32766,5157,1602,65,80
32766,5163,1590,92,74
32766,5170,1602,85,77
32766,5161,1624,64,76
32766,5185,1592,89,79
32766,5160,1604,49,78
32766,5140,1587,83,38
32766,5156,1587,93,77
32766,5183,1590,79,66
32766,5172,1598,78,74
32766,5163,1605,66,51
32766,5160,1598,70,84
32766,5157,1596,77,86
32766,5163,1591,61,73
32766,5159,1595,92,71
32766,5146,1586,78,94
32766,5171,1588,72,78
32766,5154,1609,72,30
32766,5170,1607,71,82
32766,5171,1610,108,44
32766,5167,1579,51,95
32766,5183,1581,52,65
32766,5169,1599,79,54
32766,5164,1601,55,88
32766,5161,1604,75,72
32766,5150,1583,66,67
32766,5154,1584,72,88
32766,5142,1585,94,70
32766,5151,1595,81,94
32766,5162,1595,82,50
32766,5145,1623,90,55
32766,5160,1567,54,75
32766,5165,1593,54,69
32766,5154,1609,96,88
32766,5169,1585,84,82
32766,5131,1625,99,69
32766,5155,1607,70,61
32766,5165,1613,83,62
32766,5159,1604,50,71
32766,5157,1592,94,61
32766,5170,1597,78,60
32766,5175,1616,83,59
32766,5197,1605,65,80
32766,5170,1593,65,78
32766,5178,1592,63,81
32766,5182,1580,75,94
32766,5177,1625,48,75
32766,5166,1598,88,65
32766,5162,1596,84,60
32766,5178,1600,65,72
32766,5185,1561,60,74
32766,5160,1605,101,33
32766,5178,1581,94,82
32766,5154,1596,75,55
32766,5153,1593,77,72
32766,5176,1591,83,69
32766,5170,1596,72,69
32766,5162,1597,64,77
32766,5161,1596,76,68
32766,5152,1584,93,72
32766,5131,1599,79,100
32766,5165,1604,63,42
32766,5168,1571,83,44
32766,5153,1605,81,76
32766,5147,1597,87,50
32766,5162,1584,74,47
32766,5149,1592,79,46
32766,5154,1589,84,65
32766,5142,1603,83,80
32766,5157,1596,77,80
32766,5147,1589,54,58
32766,5159,1586,80,75
32766,5153,1588,72,74
32766,5141,1604,75,71
32766,5161,1607,61,78
32766,5163,1587,109,50
32766,5158,1617,81,41
32766,5160,1587,73,81
32766,5158,1581,72,51
32766,5146,1583,57,67
32766,5169,1582,49,70
32766,5132,1594,64,80
32766,5145,1594,72,73
32766,5160,1577,56,79
32766,5156,1594,72,60
32766,5156,1588,85,76
32766,5150,1599,85,69
32766,5149,1572,71,76
32766,5163,1591,74,73
32766,5146,1613,47,70
32766,5175,1581,56,78
32766,5143,1605,74,69
32766,5138,1603,74,8
32766,5164,1588,75,93
32766,5158,1579,56,60
32766,5172,1610,94,107
32766,5170,1559,90,42
32766,5149,1598,71,83
32766,5167,1609,58,66
32766,5160,1597,82,93
32766,5160,1599,76,86
32766,5151,1597,86,68
32766,5159,1585,81,60
32766,5172,1593,52,85
32766,5173,1617,67,43
32766,5178,1586,85,90
32766,5166,1590,85,47
32766,5165,1607,53,63
32766,5169,1573,43,77
32766,5173,1589,55,79
32766,5152,1604,59,71
32766,5174,1609,92,51
32766,5196,1592,68,85
32766,5167,1601,88,80
32766,5181,1602,46,74
32766,5159,1598,72,48
32766,5192,1592,85,78
32766,5176,1597,66,65
32766,5162,1597,76,63
32766,5181,1589,73,105
32766,5161,1594,65,59
32766,5160,1585,75,79
32766,5152,1586,82,32
32766,5188,1612,78,62
32766,5190,1593,58,72
32766,5168,1624,119,75
32766,5170,1587,65,36
32766,5188,1588,59,60
32766,5194,1603,75,69
32766,5195,1601,85,80
32766,5205,1611,58,77
32766,5202,1583,89,62
32766,5197,1596,91,77
32766,5208,1600,93,72
32766,5212,1593,90,56
32766,5230,1621,75,30
32766,5230,1602,77,83
32766,5199,1614,63,100
32766,5195,1615,87,62
32766,5199,1615,102,55
32766,5207,1605,69,61
32766,5200,1572,71,71
32766,5195,1592,72,80
32766,5193,1589,78,59
32766,5215,1594,70,75
32766,5216,1602,69,65
32766,5217,1609,54,77
32766,5202,1607,63,50
32766,5194,1603,86,73
32766,5209,1605,82,79
32766,5219,1609,66,87
32766,5190,1638,98,57
32766,5187,1631,102,81
32766,5196,1621,69,54
32766,5202,1600,89,88
32766,5223,1612,113,89
32766,5197,1592,69,40
32766,5199,1602,63,57
32766,5198,1619,86,76
32766,5203,1604,79,75
32766,5215,1599,93,60
32766,5207,1599,69,78
32766,5199,1604,70,62
32766,5213,1609,60,64
32766,5221,1605,85,69
32766,5181,1613,112,40
32766,5187,1590,94,72
32766,5223,1592,80,32
32766,5212,1605,55,75
32766,5191,1589,101,85
32766,5215,1605,113,90
32766,5207,1568,69,74
32766,5211,1605,74,73
32766,5215,1598,61,60
32766,5204,1593,77,92
32766,5191,1609,62,68
32766,5210,1601,88,70
32766,5202,1610,92,64
32766,5191,1601,89,88
32766,5193,1612,71,51
32766,5182,1592,74,55
32766,5181,1586,46,88
32766,5182,1595,77,90
32766,5197,1610,70,70
32766,5204,1591,80,74
32766,5201,1590,47,86
32766,5205,1586,81,78
32766,5193,1594,92,58
32766,5179,1606,83,84
32766,5189,1610,74,83
32766,5181,1591,76,78
32766,5183,1594,96,82
32766,5189,1600,67,55
32766,5192,1583,68,86
32766,5202,1575,73,49
32766,5219,1591,89,102
32766,5202,1614,45,76
32766,5171,1609,110,80
32766,5177,1603,67,69
32766,5200,1611,62,96
32766,5214,1619,75,107
32766,5167,1603,93,50
32766,5192,1592,58,58
32766,5165,1605,86,65
32766,5182,1599,63,71
32766,5171,1583,87,80
32766,5166,1599,79,53
32766,5180,1611,58,78
32766,5163,1588,70,59
32766,5193,1592,60,45
32766,5181,1612,63,85
32766,5187,1624,78,91
32766,5192,1588,93,81
32766,5182,1595,84,85
32766,5215,1588,65,87
32766,5208,1593,78,88
32766,5201,1592,103,90
32766,5190,1614,72,78
32766,5180,1609,77,76
32766,5192,1611,50,91
32766,5189,1592,99,70
32766,5188,1577,95,64
32766,5174,1607,92,91
32766,5182,1594,67,76
32766,5186,1603,77,68
32766,5171,1618,50,86
32766,5193,1606,80,75
32766,5178,1593,58,65
32766,5184,1594,61,68
32766,5172,1611,91,88
32766,5190,1600,61,48
32766,5183,1594,49,49
32766,5183,1597,57,46
32766,5181,1601,86,69
32766,5170,1602,81,59
32766,5184,1597,93,73
32766,5196,1590,86,66
32766,5172,1600,69,73
32766,5184,1599,88,79
32766,5195,1577,67,83
32766,5178,1620,54,77
32766,5189,1575,64,98
32766,5185,1595,76,69
32766,5178,1582,93,54
32766,5189,1608,33,118
32766,5184,1583,78,61
32766,5201,1604,74,57
32766,5172,1591,67,65
32766,5177,1599,75,68
32766,5191,1584,92,59
32766,5177,1594,96,61
32766,5170,1603,89,71
32766,5168,1602,84,68
32766,5161,1593,87,65
32766,5175,1580,77,40
32766,5171,1601,61,69
32766,5173,1590,87,47
32766,5170,1587,100,26
32766,5191,1574,76,88
32766,5180,1608,102,48
32766,5173,1607,79,71
32766,5185,1600,72,77
32766,5171,1595,76,68
32766,5162,1603,78,74
32766,5185,1577,60,72
32766,5171,1590,95,47
32766,5172,1581,73,68
32766,5161,1587,83,79
32766,5150,1583,74,74
32766,5143,1595,70,68
32766,5156,1590,37,68
32766,5173,1577,71,71
32766,5180,1578,68,58
32766,5160,1571,69,48
32766,5166,1604,65,106
32766,5144,1576,77,46
32766,5175,1583,86,56
32766,5157,1585,76,94
32766,5155,1607,94,65
32766,5157,1593,74,84
32766,5163,1588,94,71
32766,5153,1584,90,76
32766,5165,1587,93,56
32766,5161,1589,84,64
32766,5152,1584,59,77
32766,5176,1597,95,54
32766,5195,1543,49,91
32766,5168,1586,88,67
32766,5163,1580,54,86
32766,5141,1573,56,66
32766,5145,1582,64,40
32766,5164,1588,89,82
32766,5170,1595,81,79
32766,5167,1587,80,65
32766,5156,1582,79,52
32766,5168,1594,71,65
32766,5166,1600,84,57
32766,5158,1597,62,69
32766,5168,1596,55,78
32766,5164,1601,78,66
32766,5164,1622,40,82
32766,5192,1597,79,62
32766,5181,1591,55,60
32766,5191,1590,66,93
32766,5202,1594,81,66
32766,5191,1568,62,56
32766,5172,1626,93,84
32766,5189,1594,68,60
32766,5154,1602,67,62
32766,5161,1596,69,64
32766,5182,1585,78,77
32766,5171,1593,91,61
32766,5176,1601,73,62
32766,5170,1591,87,69
32766,5167,1588,73,91
32766,5163,1598,85,74
32766,5187,1591,115,34
32766,5185,1604,89,70
32766,5163,1565,84,74
32766,5175,1594,112,77
32766,5154,1608,110,78
32766,5154,1586,94,66
32766,5173,1600,66,83
32766,5173,1589,80,83
32766,5169,1590,75,78
32766,5164,1609,71,80
32766,5160,1594,82,81
32766,5159,1600,68,66
32766,5165,1591,96,69
32766,5177,1600,88,92
32766,5171,1602,47,52
32766,5159,1596,39,77
32766,5160,1605,57,54
32766,5182,1574,85,69
32766,5162,1591,115,65
32766,5166,1601,42,109
32766,5167,1576,78,48
32766,5178,1583,92,57
32766,5168,1576,68,55
32766,5167,1601,71,61
32766,5172,1613,86,81
32766,5156,1590,62,68
32766,5154,1588,86,84
32766,5170,1590,62,86
32766,5188,1591,75,61
32766,5151,1609,65,59
32766,5174,1594,60,38
32766,5182,1609,89,35
32766,5179,1585,76,82
32766,5158,1589,80,38
32766,5157,1586,82,55
32766,5177,1573,61,42
32766,5159,1599,71,69
32766,5147,1607,93,64
32766,5153,1600,84,82
32766,5165,1599,73,77
32766,5157,1593,89,69
32766,5156,1596,64,78
32766,5159,1592,74,55
32766,5158,1574,94,88
32766,5178,1549,97,64
32766,5141,1604,80,32
32766,5169,1577,61,87
32766,5150,1561,82,76
32766,5146,1608,87,65
32766,5185,1589,68,87
32766,5149,1593,39,75
32766,5170,1585,92,73
32766,5150,1591,68,78
32766,5151,1595,75,74
32766,5166,1585,50,83
32766,5163,1593,67,80
32766,5146,1597,74,75
32766,5142,1579,87,70
32766,5166,1584,67,80
32766,5137,1599,62,76
32766,5150,1596,62,63
32766,5156,1584,96,63
32766,5137,1579,80,53
32766,5160,1582,113,26
32766,5184,1582,69,73
32766,5152,1604,88,80
32766,5153,1581,102,70
32766,5148,1591,85,68
32766,5143,1605,65,55
32766,5147,1595,73,63
32766,5144,1579,79,73
32766,5149,1580,87,70
32766,5165,1593,79,74
32766,5152,1595,112,43
32766,5165,1584,83,85
32766,5171,1591,50,81
32766,5156,1582,50,96
32766,5167,1597,81,57
32766,5170,1609,99,69
32766,5144,1595,50,69
32766,5165,1608,97,71
32766,5172,1597,70,81
32766,5170,1593,70,70
32766,5172,1582,91,60
32766,5160,1587,65,62
32766,5165,1604,48,72
32766,5160,1596,67,87
32766,5176,1583,72,91
32766,5155,1597,63,76
32766,5175,1588,72,51
32766,5160,1562,55,81
32766,5163,1607,52,69
32766,5156,1595,65,41
32766,5140,1623,107,63
32766,5168,1582,64,63
32766,5172,1587,65,71
32766,5154,1593,92,54
32766,5157,1603,63,55
32766,5162,1603,72,62
32766,5165,1594,69,63
32766,5164,1602,73,85
32766,5172,1587,88,70
32766,5164,1599,68,84
32766,5162,1598,78,59
32766,5169,1603,90,73
32766,5168,1591,58,95
32766,5162,1602,109,68
32766,5179,1591,75,55
32766,5166,1605,62,93
32766,5166,1592,65,24
32766,5162,1581,69,89
32766,5163,1591,80,83
32766,5182,1589,72,66
32766,5176,1583,87,97
32766,5172,1590,69,84
32766,5183,1581,82,75
32766,5172,1593,76,65
32766,5172,1593,76,82
32766,5161,1609,79,69
32766,5172,1596,63,51
32766,5187,1613,71,78
32766,5165,1605,54,95
32766,5167,1592,72,67
32766,5190,1595,84,80
32766,5199,1609,123,74
32766,5172,1588,60,92
32766,5187,1581,77,98
32766,5180,1596,61,63
32766,5176,1592,75,69
32766,5170,1604,62,58
32766,5186,1610,78,47
32766,5166,1602,63,75
32766,5177,1586,74,73
32766,5174,1588,87,59
32766,5156,1598,81,61
32766,5171,1586,39,117
32766,5180,1603,67,78
32766,5198,1589,91,60
32766,5190,1610,61,93
32766,5182,1606,87,50
32766,5170,1597,81,32
32766,5196,1579,72,71
32766,5185,1605,82,67
32766,5182,1602,80,62
32766,5197,1609,68,48
32766,5179,1586,62,61
32766,5182,1597,67,76
32766,5189,1587,79,83
32766,5181,1589,73,53
32766,5191,1609,85,61
32766,5197,1599,76,67
32766,5198,1586,89,76
32766,5180,1596,71,90
32766,5199,1598,73,93
32766,5213,1598,41,88
32766,5181,1594,69,74
32766,5182,1592,62,72
32766,5186,1593,69,63
32766,5178,1605,75,72
32766,5179,1615,71,74
32766,5176,1599,65,77
32766,5192,1584,96,87
32766,5175,1611,59,65
32766,5198,1586,88,61
32766,5194,1596,74,89
32766,5201,1602,102,33
32766,5202,1565,89,51
32766,5204,1622,79,59
32766,5223,1595,66,84
32766,5225,1595,125,62
32766,5212,1589,50,70
32766,5202,1600,77,68
32766,5227,1610,80,52
32766,5219,1603,81,65
32766,5206,1599,79,84
32766,5215,1594,76,77
32766,5203,1602,72,88
32766,5201,1594,58,74
32766,5212,1596,65,65
32766,5183,1623,99,53
32766,5185,1598,129,58
32766,5224,1595,76,77
32766,5197,1617,81,68
32766,5213,1615,57,85
32766,5219,1577,92,35
32766,5224,1602,51,76
32766,5190,1605,88,58
32766,5203,1589,73,72
32766,5222,1605,80,84
32766,5219,1590,80,84
32766,5210,1594,91,76
32766,5214,1600,95,78
32766,5203,1596,62,73
32766,5218,1611,74,68
32766,5194,1615,110,54
32766,5210,1605,59,91
32766,5204,1596,111,32
32766,5187,1581,78,62
32766,5202,1600,86,101
32766,5210,1585,74,62
32766,5196,1602,82,48
32766,5201,1612,70,73
32766,5189,1588,70,57
32766,5185,1584,76,83
32766,5189,1594,59,82
32766,5183,1585,86,73
32766,5177,1593,58,93
32766,5163,1585,102,93
32766,5198,1601,94,86
32766,5180,1578,121,75
32766,5192,1599,83,39
32766,5164,1592,75,85
32766,5188,1590,74,62
32766,5193,1592,82,73
32766,5171,1595,66,91
32766,5177,1585,100,53
32766,5197,1587,78,58
32766,5185,1585,91,69
32766,5191,1579,74,76
32766,5183,1602,61,82
32766,5168,1585,79,79
32766,5181,1586,88,63
32766,5177,1594,83,81
32766,5166,1611,61,73
32766,5173,1593,99,65
32766,5166,1604,80,52
32766,5194,1583,77,66
32766,5181,1607,117,49
32766,5195,1582,59,78
32766,5204,1587,60,122
32766,5185,1626,79,90
32766,5173,1581,99,62
32766,5178,1604,95,58
32766,5163,1581,78,60
32766,5172,1591,81,81
32766,5173,1592,93,63
32766,5171,1598,63,52
32766,5177,1584,78,60
32766,5170,1593,74,64
32766,5174,1584,82,76
32766,5180,1595,80,51
32766,5177,1598,113,47
32766,5164,1569,121,50
32766,5179,1569,52,94
32766,5156,1611,127,67
32766,5157,1589,61,31
32766,5178,1595,49,80
32766,5176,1606,73,78
32766,5183,1596,82,54
32766,5182,1595,77,74
32766,5189,1583,69,62
32766,5197,1592,82,67
32766,5187,1590,67,74
32766,5169,1602,81,64
32766,5184,1600,81,38
32766,5191,1591,93,97
32766,5192,1606,64,97
32766,5174,1605,111,53
32766,5188,1586,89,86
32766,5162,1590,110,61
32766,5139,1583,94,61
32766,5169,1596,54,90
32766,5173,1606,56,67
32766,5179,1575,81,73
32766,5183,1582,82,62
32766,5167,1572,72,79
32766,5166,1597,58,67
32766,5150,1602,75,55
32766,5162,1598,77,63
32766,5165,1583,76,102
32766,5163,1628,66,58
32766,5173,1577,37,78
32766,5170,1579,82,66
32766,5172,1579,80,80
32766,5158,1593,66,69
32766,5158,1615,73,55
32766,5186,1599,65,56
32766,5171,1587,73,79
32766,5167,1578,85,81
32766,5167,1602,66,68
32766,5167,1598,83,77
32766,5167,1605,61,43
32766,5162,1594,96,61
32766,5160,1586,64,87
32766,5180,1564,72,59
32766,5156,1582,77,71
32766,5160,1555,95,64
32766,5153,1576,74,67
32766,5151,1587,92,78
32766,5156,1591,48,91
32766,5172,1590,103,72
32766,5171,1579,93,80
32766,5160,1584,75,67
32766,5155,1589,74,66
32766,5155,1579,72,43
32766,5156,1586,83,73
32766,5143,1583,89,77
32766,5161,1567,64,64
32766,5161,1572,71,78
32766,5159,1585,104,37
32766,5133,1583,85,49
32766,5155,1609,60,95
32766,5157,1598,82,63
32766,5146,1582,76,82
32766,5138,1569,63,27
32766,5155,1586,48,22
32766,5139,1584,78,49
32766,5152,1578,69,78
32766,5142,1586,82,56
32766,5146,1588,90,54
32766,5149,1591,87,47
32766,5153,1589,63,77
32766,5164,1586,73,82
32766,5138,1587,67,50
32766,5166,1581,95,49
32766,5161,1589,62,72
32766,5149,1563,74,78
32766,5165,1576,57,72
32766,5142,1586,86,53
32766,5171,1567,29,77
32766,5156,1599,100,69
32766,5124,1597,47,75
32766,5155,1583,74,52
32766,5156,1591,66,46
32766,5140,1584,73,84
32766,5150,1580,68,57
32766,5140,1587,86,57
32766,5148,1580,75,67
32766,5141,1600,65,65
32766,5184,1583,113,46
32766,5140,1583,69,71
32766,5171,1566,47,32
32766,5146,1580,84,67
32766,5149,1607,107,58
32766,5159,1577,112,32
32766,5148,1604,71,76
32766,5161,1599,66,52
32766,5151,1586,59,78
32766,5159,1577,86,75
32766,5151,1572,81,74
32766,5146,1585,74,78
32766,5156,1608,60,64
32766,5176,1586,93,56
32766,5150,1589,91,72
32766,5151,1582,94,60
32766,5147,1574,88,80
32766,5155,1590,98,48
32766,5166,1567,74,74
32766,5157,1595,68,89
32766,5175,1588,80,74
32766,5181,1578,81,27
32766,5148,1594,84,55
32766,5173,1597,75,86
32766,5147,1588,72,78
32766,5148,1589,70,73
32766,5164,1595,59,55
32766,5156,1583,92,60
32766,5164,1600,62,70
32766,5149,1574,103,66
32766,5167,1570,100,80
32766,5150,1605,93,69
32766,5166,1584,83,76
32766,5174,1580,42,99
32766,5147,1594,120,82
32766,5151,1604,74,56
32766,5132,1568,95,66
32766,5161,1593,86,50
32766,5157,1607,79,61
32766,5156,1591,78,73
32766,5155,1574,61,76
32766,5157,1582,84,59
32766,5159,1587,68,89
32766,5151,1595,81,77
32766,5169,1593,75,52
32766,5147,1594,109,107
32766,5147,1588,112,46
32766,5133,1585,53,108
32766,5138,1583,77,64
32766,5138,1596,47,60
32766,5105,1586,80,89
32766,5141,1573,100,70
32766,5131,1582,75,90
32766,5150,1589,63,69
32766,5155,1580,56,86
32766,5151,1597,71,48
32766,5148,1574,70,88
32766,5148,1579,63,84
32766,5147,1588,99,69
32766,5148,1574,39,80
32766,5135,1577,76,50
32766,5149,1607,72,40
32766,5118,1610,84,69
32766,5141,1579,84,69
32766,5131,1593,91,53
32766,5135,1597,75,47
32766,5129,1592,83,57
32766,5141,1575,87,101
32766,5145,1604,71,65
32766,5134,1592,72,79
32766,5154,1583,80,81
32766,5138,1574,102,78
32766,5160,1591,84,70
32766,5136,1573,73,66
32766,5151,1574,74,62
32766,5156,1574,83,39
32766,5162,1552,102,33
32766,5168,1572,75,98
32766,5132,1584,79,42
32766,5160,1583,74,92
32766,5129,1573,139,65
32766,5136,1582,48,59
32766,5137,1581,68,66
32766,5141,1570,79,70
32766,5146,1578,65,55
32766,5147,1589,80,58
32766,5140,1595,58,65
32766,5130,1589,72,80
32766,5149,1560,71,82
32766,5156,1559,74,59
32766,5118,1590,47,93
32766,5116,1623,98,68
32766,5095,1593,65,90
32766,5142,1581,77,80
32766,5149,1590,68,56
32766,5156,1591,92,94
32766,5155,1607,78,71
32766,5155,1604,55,98
32766,5154,1591,70,68
32766,5151,1585,75,72
32766,5174,1576,86,53
32766,5177,1595,86,81
32766,5165,1585,72,70
32766,5180,1594,75,66
32766,5171,1579,91,63
32766,5167,1603,67,75
32766,5139,1604,105,64
32766,5179,1594,98,51
32766,5187,1583,81,75
32766,5179,1598,59,83
32766,5139,1600,71,60
32766,5149,1587,93,56
32766,5150,1589,84,66
32766,5160,1594,69,71
32766,5179,1581,67,84
32766,5155,1584,75,65
32766,5164,1591,72,76
32766,5169,1586,71,75
32766,5152,1579,63,62
32766,5157,1583,54,85
32766,5173,1584,51,78
32766,5173,1612,97,39
32766,5164,1611,98,61
32766,5157,1571,77,65
32766,5179,1590,56,64
32766,5153,1611,129,76
32766,5178,1587,89,65
32766,5165,1584,84,95
32766,5178,1588,76,79
32766,5173,1580,67,80
32766,5167,1573,64,83
32766,5172,1580,64,67
32766,5164,1603,83,57
32766,5158,1585,72,72
32766,5166,1598,83,62
32766,5147,1584,45,55
32766,5151,1590,24,79
32766,5160,1590,51,66
32766,5161,1588,69,67
32766,5157,1591,89,46
32766,5180,1568,46,43
32766,5166,1574,68,51
32766,5180,1564,78,74
32766,5170,1583,80,79
32766,5155,1587,83,52
32766,5166,1579,71,70
32766,5166,1590,50,74
32766,5172,1591,68,65
32766,5165,1598,86,91
32766,5180,1593,68,66
32766,5177,1590,153,47
32766,5202,1567,84,77
32766,5173,1578,39,109
32766,5174,1587,85,71
32766,5176,1589,59,78
32766,5176,1613,71,67
32766,5168,1597,106,47
32766,5177,1605,73,68
32766,5162,1598,66,78
32766,5184,1583,74,85
32766,5178,1590,91,85
32766,5187,1588,87,52
32766,5179,1585,71,69
32766,5178,1596,69,80
32766,5192,1601,64,72
32766,5175,1590,47,106
32766,5176,1585,42,89
32766,5169,1570,70,94
32766,5182,1603,59,55
32766,5172,1576,61,47
32766,5207,1586,49,64
32766,5181,1597,94,46
32766,5187,1587,59,52
32766,5175,1578,68,78
32766,5181,1587,86,58
32766,5185,1606,82,65
32766,5188,1589,85,84
32766,5191,1598,66,82
32766,5186,1586,76,55
32766,5182,1586,80,71
32766,5202,1585,57,89
32766,5185,1607,76,79
32766,5209,1594,72,73
32766,5211,1609,73,106
32766,5201,1602,91,60
32766,5205,1610,80,63
32766,5210,1600,66,52
32766,5205,1620,63,89
32766,5205,1608,76,90
32766,5215,1589,92,70
32766,5202,1601,76,76
32766,5197,1610,97,75
32766,5209,1597,52,85
32766,5214,1601,66,50
32766,5209,1592,90,62
32766,5194,1583,102,80
32766,5191,1605,67,90
32766,5198,1589,55,102
32766,5222,1604,53,84
32766,5179,1610,73,68
32766,5178,1595,69,76
32766,5198,1591,102,66
32766,5200,1583,94,61
32766,5213,1588,85,70
32766,5198,1590,70,66
32766,5185,1584,62,74
32766,5202,1597,81,67
32766,5190,1593,72,74
32766,5185,1601,82,73
32766,5196,1581,68,66
32766,5200,1585,102,78
32766,5174,1577,92,95
32766,5206,1563,46,91
32766,5173,1577,60,59
32766,5149,1573,50,34
32766,5171,1599,56,94
32766,5194,1594,55,96
32766,5166,1584,82,90
32766,5178,1593,61,59
32766,5191,1603,113,74
32766,5186,1597,76,39
32766,5181,1609,89,70
32766,5172,1583,89,71
32766,5175,1587,71,43
32766,5171,1590,69,101
32766,5166,1605,102,92
32766,5162,1608,76,91
32766,5178,1583,71,86
32766,5186,1573,72,52
32766,5161,1603,90,55
32766,5165,1597,122,60
32766,5193,1584,43,80
32766,5174,1587,73,66
32766,5171,1598,73,60
32766,5183,1583,94,63
32766,5163,1610,63,69
32766,5170,1591,77,71
32766,5176,1581,90,77
32766,5178,1594,62,90
32766,5148,1603,60,80
32766,5191,1584,84,94
32766,5165,1613,54,94
32766,5148,1597,59,71
32766,5180,1604,73,79
32766,5146,1605,70,91
32766,5143,1592,57,73
32766,5173,1591,61,73
32766,5169,1593,94,67
32766,5161,1588,90,62
32766,5175,1583,79,76
32766,5160,1585,77,70
32766,5161,1584,89,70
32766,5164,1597,85,67
32766,5160,1579,55,70
32766,5173,1584,52,67
32766,5143,1579,41,88
32766,5177,1581,106,22
32766,5151,1570,65,79
32766,5149,1591,88,85
32766,5166,1591,83,57
32766,5156,1583,83,22
32766,5131,1596,84,73
32766,5150,1590,79,81
32766,5150,1586,81,65
32766,5170,1587,59,53
32766,5177,1591,50,59
32766,5155,1595,69,68
32766,5166,1579,61,70
32766,5177,1589,70,74
32766,5171,1572,72,80
32766,5172,1568,39,76
32766,5172,1589,73,36
32766,5163,1592,80,57
32766,5152,1597,82,68
32766,5185,1553,85,40
32766,5129,1563,56,39
32766,5153,1598,76,55
32766,5151,1581,62,67
32766,5162,1587,94,60
32766,5162,1587,75,61
32766,5159,1577,81,63
32766,5158,1600,85,79
32766,5159,1576,83,42
32766,5150,1592,58,64
32766,5171,1576,88,83
32766,5172,1567,133,42
32766,5155,1583,74,59
32766,5189,1576,92,48
32766,5155,1571,85,72
32766,5155,1586,60,70
32766,5174,1559,0,92
32766,5167,1567,68,81
32766,5140,1592,91,80
32766,5148,1586,67,68
32766,5161,1596,82,90
32766,5150,1584,87,73
32766,5160,1578,59,78
32766,5152,1590,66,56
32766,5144,1595,67,70
32766,5157,1577,92,66
32766,5142,1593,73,73
32766,5150,1577,85,50
32766,5137,1587,66,66
32766,5125,1582,77,57
32766,5122,1589,109,50
32766,5123,1572,78,35
32766,5176,1563,87,73
32766,5154,1591,80,54
32766,5157,1571,79,74
32766,5154,1572,78,79
32766,5137,1568,64,69
32766,5147,1581,83,51
32766,5162,1586,62,57
32766,5120,1575,78,84
32766,5149,1566,49,59
32766,5123,1554,91,90
32766,5141,1597,75,42
32766,5100,1583,78,75
32766,5140,1582,80,88
32766,5118,1619,84,67
32766,5135,1558,58,72
32766,5157,1582,54,71
32766,5144,1589,99,81
32766,5139,1571,74,47
32766,5140,1558,79,58
32766,5150,1579,70,74
32766,5133,1584,70,64
32766,5123,1588,79,64
32766,5144,1577,92,60
32766,5125,1561,90,71
32766,5123,1580,72,81
32766,5142,1583,75,41
32766,5099,1588,104,49
32766,5141,1558,87,76
32766,5115,1594,67,34
32766,5119,1582,104,63
32766,5111,1562,96,89
32766,5146,1564,75,59
32766,5119,1569,72,60
32766,5128,1575,66,58
32766,5147,1576,75,59
32766,5127,1584,82,74
32766,5134,1588,63,60
32766,5129,1568,74,79
32766,5105,1580,76,80
32766,5145,1579,31,72
32766,5123,1579,58,78
32766,5132,1552,85,53
32766,5119,1580,90,47
32766,5149,1574,56,71
32766,5121,1568,72,65
32766,5125,1557,62,75
32766,5141,1577,57,76
32766,5158,1586,80,72
32766,5153,1579,72,59
32766,5156,1575,79,65
32766,5149,1575,61,95
32766,5169,1584,77,68
32766,5157,1593,76,82
32766,5162,1614,84,67
32766,5144,1583,86,50
32766,5140,1581,119,63
32766,5154,1570,74,64
32766,5134,1586,90,53
32766,5162,1564,73,34
32766,5147,1577,77,55
32766,5156,1588,95,72
32766,5152,1567,60,66
32766,5147,1573,98,67
32766,5162,1587,68,70
32766,5161,1584,61,64
32766,5147,1586,73,89
32766,5161,1581,84,72
32766,5152,1598,93,65
32766,5144,1597,44,67
32766,5156,1595,60,96
32766,5145,1582,105,66
32766,5136,1582,79,62
32766,5157,1570,80,65
32766,5111,1592,99,29
32766,5151,1591,102,61
32766,5150,1583,79,76
32766,5138,1574,70,53
32766,5135,1590,84,79
32766,5149,1573,72,70
32766,5131,1578,83,56
32766,5152,1586,81,63
32766,5145,1579,85,69
32766,5156,1582,84,52
32766,5161,1567,39,104
32766,5158,1587,60,31
32766,5157,1575,71,55
32766,5144,1549,84,76
32766,5148,1564,82,55
32766,5155,1565,43,54
32766,5150,1583,62,60
32766,5154,1568,84,70
32766,5138,1588,92,78
32766,5141,1586,93,72
32766,5149,1586,80,63
32766,5142,1586,81,61
32766,5140,1572,76,66
32766,5132,1579,73,49
32766,5140,1575,88,73
32766,5139,1558,54,78
32766,5162,1582,81,56
32766,5125,1614,73,81
32766,5138,1574,82,84
32766,5148,1579,55,93
32766,5160,1572,109,38
32766,5143,1591,115,76
32766,5142,1576,81,61
32766,5145,1593,59,77
32766,5152,1578,72,74
32766,5136,1574,85,71
32766,5147,1586,84,49
32766,5148,1579,91,68
32766,5146,1590,78,57
32766,5132,1575,54,87
32766,5135,1562,38,45
32766,5143,1569,83,55
32766,5141,1577,66,60
32766,5141,1595,76,65
32766,5158,1575,76,89
32766,5132,1581,96,63
32766,5124,1588,69,77
32766,5145,1595,81,76
32766,5141,1590,63,91
32766,5144,1589,72,91
32766,5155,1566,71,62
32766,5140,1578,65,88
32766,5150,1595,50,83
32766,5138,1563,83,68
32766,5141,1570,67,77
32766,5147,1575,95,51
32766,5137,1604,95,29
32766,5137,1593,54,99
32766,5133,1596,82,71
32766,5134,1609,84,64
32766,5120,1583,99,45
32766,5114,1583,63,86
32766,5146,1592,81,66
32766,5142,1584,78,54
32766,5154,1579,77,46
32766,5148,1587,74,83
32766,5148,1586,61,72
32766,5157,1591,88,59
32766,5159,1585,82,61
32766,5141,1608,58,87
32766,5149,1586,74,58
32766,5172,1571,63,72
32766,5153,1587,79,71
32766,5179,1581,78,59
32766,5172,1583,61,89
32766,5160,1555,34,37
32766,5192,1590,70,68
32766,5167,1585,70,45
32766,5151,1574,82,86
32766,5168,1582,70,82
32766,5163,1582,86,76
32766,5160,1589,70,63
32766,5173,1578,77,59
32766,5174,1598,73,70
32766,5184,1574,80,88
32766,5163,1585,76,71
32766,5174,1572,64,101
32766,5151,1598,108,62
32766,5191,1578,104,57
32766,5184,1549,45,90
32766,5194,1602,38,97
32766,5165,1601,15,93
32766,5166,1598,76,74
32766,5161,1591,75,84
32766,5169,1594,96,51
32766,5174,1567,83,63
32766,5178,1580,81,71
32766,5173,1576,62,86
32766,5170,1587,84,76
32766,5188,1584,63,66
32766,5184,1594,50,91
32766,5190,1573,66,78
32766,5188,1593,89,65
32766,5176,1591,47,75
32766,5186,1572,41,87
32766,5188,1572,95,82
32766,5183,1604,76,82
32766,5186,1589,70,87
32766,5179,1586,73,82
32766,5172,1580,72,73
32766,5190,1590,84,72
32766,5186,1596,74,65
32766,5180,1590,83,85
32766,5194,1604,71,83
32766,5182,1581,84,83
32766,5207,1599,51,57
32766,5208,1564,62,48
32766,5218,1584,77,44
32766,5174,1600,45,71
32766,5199,1598,78,74
32766,5192,1595,45,107
32766,5183,1590,69,50
32766,5186,1587,68,63
32766,5185,1581,74,68
32766,5197,1600,94,74
32766,5180,1576,78,86
32766,5167,1587,63,58
32766,5188,1581,75,70
32766,5196,1580,77,63
32766,5199,1572,69,75
32766,5190,1573,113,64
32766,5187,1596,41,70
32766,5199,1577,49,85
32766,5202,1578,71,77
32766,5190,1583,40,67
32766,5202,1581,59,80
32766,5177,1591,62,64
32766,5192,1590,77,78
32766,5188,1585,98,67
32766,5210,1584,82,65
32766,5182,1585,92,83
32766,5199,1591,81,72
32766,5189,1593,66,58
32766,5188,1581,77,74
32766,5190,1611,69,91
32766,5185,1585,54,75
32766,5203,1583,110,77
32766,5189,1606,47,86
32766,5182,1578,71,62
32766,5193,1582,70,57
32766,5144,1601,109,64
32766,5207,1596,81,72
32766,5196,1587,110,62
32766,5178,1579,59,91
32766,5196,1587,72,68
32766,5189,1592,89,56
32766,5213,1594,77,64
32766,5189,1580,83,46
32766,5204,1583,70,79
32766,5197,1572,92,77
32766,5192,1584,80,72
32766,5215,1580,81,89
32766,5197,1587,85,29
32766,5192,1585,94,74
32766,5199,1598,87,70
32766,5178,1609,96,65
32766,5193,1591,59,67
32766,5185,1593,50,68
32766,5197,1574,69,70
32766,5186,1583,79,66
32766,5181,1590,64,72
32766,5175,1587,65,66
32766,5177,1579,80,77
32766,5176,1584,88,93
32766,5210,1567,75,60
32766,5183,1596,69,51
32766,5191,1591,63,87
32766,5178,1585,77,70
32766,5177,1596,81,67
32766,5156,1600,59,64
32766,5181,1601,35,119
32766,5176,1595,77,71
32766,5169,1581,71,84
32766,5178,1593,93,71
32766,5185,1569,89,48
32766,5181,1584,74,59
32766,5184,1585,84,59
32766,5183,1581,67,75
32766,5176,1600,74,67
32766,5166,1599,45,62
32766,5165,1592,67,107
32766,5203,1577,85,71
32766,5171,1596,74,96
32766,5149,1603,76,46
32766,5134,1575,49,73
32766,5187,1607,91,71
32766,5163,1606,79,76
32766,5179,1575,78,59
32766,5175,1593,47,62
32766,5180,1570,77,80
32766,5175,1594,75,55
32766,5174,1563,86,65
32766,5167,1592,61,49
32766,5166,1576,81,61
32766,5161,1594,59,59
32766,5178,1568,76,58
32766,5146,1568,51,75
32766,5185,1588,96,55
32766,5166,1571,45,58
32766,5177,1569,76,90
32766,5156,1573,87,47
32766,5154,1594,84,86
32766,5156,1593,83,56
32766,5152,1587,79,59
32766,5159,1578,95,75
32766,5164,1583,62,65
32766,5166,1574,68,73
32766,5153,1561,59,64
32766,5143,1586,87,70
32766,5154,1565,89,81
32766,5163,1569,89,62
32766,5147,1570,83,51
32766,5150,1571,101,80
32766,5160,1577,87,62
32766,5140,1578,90,53
32766,5146,1589,123,79
32766,5153,1568,84,53
32766,5155,1574,57,75
32766,5141,1587,78,64
32766,5162,1572,58,92
32766,5156,1561,62,72
32766,5144,1592,81,59
32766,5151,1579,60,74
32766,5146,1590,66,74
32766,5152,1595,118,47
32766,5162,1559,55,75
32766,5155,1584,27,74
32766,5146,1590,45,57
32766,5134,1587,67,85
32766,5145,1576,73,97
32766,5164,1582,115,86
32766,5148,1591,53,67
32766,5155,1583,56,83
32766,5147,1573,74,82
32766,5163,1581,64,54
32766,5173,1578,59,71
32766,5164,1576,70,81
32766,5165,1577,84,80
32766,5152,1599,69,55
32766,5172,1585,87,46
32766,5146,1580,62,78
32766,5142,1573,69,81
32766,5164,1585,67,55
32766,5128,1584,77,49
32766,5164,1585,88,77
32766,5167,1576,103,85
32766,5129,1584,75,57
32766,5126,1577,77,70
32766,5146,1571,70,70
32766,5152,1579,73,69
32766,5157,1582,75,74
32766,5152,1587,67,68
32766,5136,1579,76,81
32766,5156,1588,82,71
32766,5149,1585,46,80
32766,5143,1600,86,58
32766,5156,1565,79,70
32766,5158,1564,81,41
32766,5157,1563,62,59
32766,5154,1577,88,34
32766,5140,1554,34,57
32766,5157,1580,46,94
32766,5154,1584,61,62
32766,5135,1596,76,54
32766,5145,1564,76,91
32766,5149,1569,79,88
32766,5160,1579,60,74
32766,5152,1593,70,80
32766,5151,1589,90,78
32766,5126,1575,60,64
32766,5155,1590,98,74
32766,5156,1574,89,56
32766,5138,1591,60,88
32766,5158,1583,103,72
32766,5149,1547,86,47
32766,5167,1583,93,67
32766,5148,1588,77,84
32766,5146,1574,79,72
32766,5161,1578,69,73
32766,5140,1578,80,80
32766,5159,1577,47,71
32766,5162,1561,78,67
32766,5148,1577,62,71
32766,5145,1581,72,83
32766,5146,1569,102,57
32766,5138,1564,67,72
32766,5153,1581,87,65
32766,5129,1584,75,66
32766,5145,1574,122,51
32766,5148,1579,62,86
32766,5124,1576,107,58
32766,5133,1606,73,69
32766,5141,1585,49,81
32766,5147,1578,71,77
32766,5139,1585,84,84
32766,5145,1576,96,90
32766,5147,1574,69,65
32766,5139,1576,93,77
32766,5139,1590,64,58
32766,5127,1581,97,61
32766,5151,1599,77,11
32766,5139,1595,84,80
32766,5153,1577,94,54
32766,5135,1561,69,87
32766,5142,1559,74,66
32766,5152,1571,78,71
32766,5155,1581,83,56
32766,5138,1571,76,76
32766,5136,1571,73,74
32766,5134,1587,78,69
32766,5148,1572,64,65
32766,5150,1570,67,75
32766,5140,1556,70,74
32766,5137,1568,87,42
32766,5154,1560,97,52
32766,5111,1561,99,68
32766,5109,1588,85,83
32766,5124,1569,67,63
32766,5144,1580,92,81
32766,5125,1560,102,55
32766,5126,1598,94,64
32766,5120,1578,68,73
32766,5127,1573,63,75
32766,5133,1577,77,56
32766,5152,1570,61,74
32766,5157,1581,75,70
32766,5156,1591,92,74
32766,5160,1575,80,74
32766,5134,1581,75,69
32766,5166,1585,63,60
32766,5171,1580,74,74
32766,5152,1563,46,104
32766,5151,1577,64,76
32766,5148,1580,72,52
32766,5174,1571,91,51
32766,5118,1592,44,51
32766,5130,1577,81,74
32766,5165,1595,72,88
32766,5141,1559,74,67
32766,5146,1585,67,71
32766,5136,1580,63,75
32766,5139,1562,75,86
32766,5144,1576,74,72
32766,5131,1566,61,60
32766,5134,1572,81,81
32766,5126,1601,74,101
32766,5127,1591,92,59
32766,5154,1557,80,71
32766,5147,1569,72,67
32766,5143,1573,63,81
32766,5126,1563,51,24
32766,5153,1557,72,71
32766,5147,1569,57,78
32766,5126,1582,83,62
32766,5141,1561,68,67
32766,5137,1578,53,77
32766,5142,1560,85,68
32766,5141,1580,79,66
32766,5150,1576,61,68
32766,5137,1567,80,82
32766,5149,1565,113,39
32766,5129,1573,69,56
32766,5153,1579,102,77
32766,5158,1575,78,81
32766,5136,1565,55,91
32766,5138,1595,104,82
32766,5141,1555,62,66
32766,5153,1567,73,64
