32766,18317,5968,212,164,
32766,18323,5969,238,138,
32766,18312,6009,244,143,
32766,18323,5956,189,151,
32766,18342,5954,233,139,
32766,18351,5980,234,165,
32766,18378,5974,219,166,
32766,18354,5954,223,173,
32766,18350,5965,229,158,
32766,18374,5985,247,162,
32766,18417,5955,228,137,
32766,18398,5972,228,170,
32766,18390,5977,254,182,
32766,18433,5969,237,151,
32766,18380,5942,229,186,
32766,18396,5965,209,178,
32766,18396,5965,238,167,
32766,18423,5928,199,204,
32766,18378,5973,244,123,
32766,18394,5962,209,140,
32766,18356,5959,233,177,
32766,18363,5942,226,146,
32766,18353,5952,247,142,
32766,18349,5962,232,155,
32766,18354,5967,244,165,
32766,18349,5944,238,156,
32766,18357,5955,227,150,
32766,18334,5979,206,151,
32766,18353,5916,251,180,
32766,18351,5961,191,146,
32766,18359,5934,211,184,
32766,18358,5953,214,160,
32766,18352,5978,214,171,
32766,18374,5942,218,165,
32766,18366,5930,217,134,
32766,18366,5963,222,144,
32766,18375,5961,239,156,
32766,18376,5960,241,174,
32766,18372,5956,245,143,
32766,18371,5935,228,165,
32766,18359,5953,240,141,
32766,18355,5953,229,151,
32766,18347,5953,230,166,
32766,18342,5972,218,129,
32766,18337,5964,274,129,
32766,18361,5922,197,163,
32766,18345,5964,215,140,
32766,18345,5943,206,142,
32766,18368,5931,224,159,
32766,18323,5951,248,121,
32766,18308,5942,217,167,
32766,18279,5932,235,155,
32766,18257,5937,237,178,
32766,18231,5913,221,150,
32766,18203,5934,211,139,
32766,18195,5925,235,153,
32766,18164,5930,226,144,
32766,18144,5916,268,161,
32766,18160,5922,235,159,
32766,18141,5901,225,183,
32766,18135,5919,182,165,
32766,18126,5925,234,151,
32766,18180,5927,264,194,
32766,18161,5927,261,206,
32766,18139,5978,226,218,
32766,18196,5916,249,153,
32766,18187,5924,232,152,
32766,18172,5918,255,153,
32766,18167,5929,234,180,
32766,18141,5908,222,171,
32766,18104,5923,230,157,
32766,18063,5899,224,153,
32766,18017,5913,230,154,
32766,18014,5885,223,164,
32766,17971,5888,208,189,
32766,17969,5878,239,194,
32766,17926,5881,218,131,
32766,17903,5902,238,176,
32766,17900,5862,214,205,
32766,17891,5888,264,136,
32766,17886,5872,217,187,
32766,17865,5896,242,184,
32766,17872,5872,231,155,
32766,17877,5876,209,156,
32766,17863,5875,229,178,
32766,17888,5889,225,146,
32766,17908,5874,238,150,
32766,17914,5878,200,142,
32766,17942,5876,248,158,
32766,18005,5869,225,161,
32766,18025,5869,246,121,
32766,18021,5913,208,198,
32766,18034,5899,230,145,
32766,18082,5891,225,164,
32766,18110,5897,208,182,
32766,18122,5905,219,169,
32766,18147,5908,236,136,
32766,18153,5912,240,144,
32766,18176,5896,212,153,
32766,18194,5920,210,175,
32766,18185,5907,228,159,
32766,18220,5899,228,153,
32766,18233,5895,241,170,
32766,18250,5896,212,150,
32766,18239,5901,220,148,
32766,18250,5894,239,144,
32766,18278,5891,208,149,
32766,18259,5888,237,161,
32766,18266,5895,217,175,
32766,18274,5876,252,148,
32766,18282,5893,231,181,
32766,18289,5903,226,171,
32766,18273,5871,227,135,
32766,18262,5886,240,145,
32766,18308,5875,229,154,
32766,18301,5885,217,140,
32766,18313,5889,228,151,
32766,18346,5896,222,165,
32766,18358,5897,228,151,
32766,18390,5891,222,161,
32766,18434,5882,199,172,
32766,18459,5910,235,192,
32766,18519,5877,213,166,
32766,18558,5895,242,153,
32766,18606,5921,228,138,
32766,18648,5947,248,138,
32766,18714,5948,235,138,
32766,18744,5951,222,159,
32766,18832,5958,227,149,
32766,18899,5976,210,139,
32766,18957,5959,231,147,
32766,18980,5967,228,167,
32766,18996,5960,227,157,
32766,19014,5966,200,160,
32766,19014,5970,217,188,
32766,18996,5943,267,148,
32766,18984,5960,211,106,
32766,18936,5950,227,171,
32766,18933,5955,238,164,
32766,18926,5938,206,173,
32766,18930,5933,209,133,
32766,18954,5961,223,171,
32766,18918,5932,209,167,
32766,18899,5934,205,153,
32766,18897,5965,221,134,
32766,18903,5959,220,162,
32766,18909,5969,221,132,
32766,18933,5961,235,149,
32766,18942,5960,216,159,
32766,18949,5947,213,129,
32766,18945,5950,221,179,
32766,18933,5947,189,223,
32766,18978,5946,266,126,
32766,18972,5952,226,158,
32766,18991,5943,202,170,
32766,19004,5967,235,142,
32766,18982,5932,251,112,
32766,18985,5969,237,189,
32766,18960,5960,210,149,
32766,18915,5953,238,170,
32766,18866,5953,230,146,
32766,18821,5943,218,146,
32766,18758,5941,232,157,
32766,18695,5926,251,159,
32766,18658,5914,218,162,
32766,18613,5912,248,146,
32766,18610,5920,222,166,
32766,18556,5907,180,175,
32766,18529,5927,230,192,
32766,18515,5922,222,136,
32766,18509,5919,223,172,
32766,18542,5917,244,191,
32766,18496,5906,224,128,
32766,18503,5923,183,157,
32766,18491,5921,202,156,
32766,18487,5901,235,160,
32766,18479,5920,231,134,
32766,18491,5910,234,179,
32766,18503,5907,211,174,
32766,18487,5930,220,155,
32766,18485,5898,225,168,
32766,18470,5910,251,163,
32766,18446,5921,211,223,
32766,18458,5890,236,170,
32766,18409,5901,229,137,
32766,18407,5921,239,151,
32766,18384,5916,254,173,
32766,18382,5867,202,171,
32766,18354,5925,260,199,
32766,18340,5900,217,158,
32766,18322,5900,227,136,
32766,18337,5902,237,164,
32766,18318,5899,231,168,
32766,18317,5900,228,165,
32766,18309,5905,241,167,
32766,18297,5911,221,156,
32766,18304,5894,239,153,
32766,18317,5915,211,160,
32766,18266,5885,222,212,
32766,18300,5863,241,150,
32766,18255,5894,226,152,
32766,18266,5889,250,147,
32766,18221,5892,240,122,
32766,18220,5881,226,130,
32766,18214,5899,226,179,
32766,18204,5889,230,135,
32766,18184,5884,222,176,
32766,18177,5864,222,139,
32766,18165,5892,224,160,
32766,18181,5883,225,145,
32766,18164,5888,226,165,
32766,18169,5878,231,185,
32766,18171,5907,213,110,
32766,18151,5897,232,134,
32766,18215,5883,222,112,
32766,18214,5875,240,164,
32766,18218,5899,225,133,
32766,18208,5866,224,139,
32766,18215,5893,265,131,
32766,18206,5892,175,123,
32766,18217,5868,224,154,
32766,18230,5864,214,180,
32766,18228,5877,229,166,
32766,18215,5873,221,147,
32766,18196,5887,226,147,
32766,18201,5880,246,168,
32766,18183,5890,227,173,
32766,18179,5883,215,173,
32766,18197,5875,237,127,
32766,18220,5852,214,143,
32766,18175,5879,253,173,
32766,18202,5873,252,135,
32766,18222,5872,210,156,
32766,18168,5897,230,162,
32766,18180,5881,207,191,
32766,18214,5883,235,170,
32766,18186,5888,213,158,
32766,18192,5872,229,146,
32766,18178,5866,206,136,
32766,18190,5888,224,161,
32766,18178,5882,237,141,
32766,18198,5868,221,171,
32766,18175,5867,209,160,
32766,18164,5860,224,142,
32766,18213,5852,218,151,
32766,18136,5886,219,167,
32766,18169,5875,250,149,
32766,18190,5872,217,189,
32766,18167,5852,196,130,
32766,18161,5876,221,197,
32766,18191,5853,238,146,
32766,18155,5867,235,144,
32766,18140,5885,227,151,
32766,18133,5865,236,132,
32766,18142,5883,232,165,
32766,18163,5866,225,148,
32766,18143,5861,217,163,
32766,18142,5859,226,164,
32766,18171,5866,191,141,
32766,18149,5868,227,152,
32766,18151,5870,187,188,
32766,18103,5864,210,120,
32766,18110,5869,253,139,
32766,18114,5866,263,202,
32766,18103,5854,159,191,
32766,18049,5854,217,136,
32766,18040,5853,210,142,
32766,17984,5870,220,156,
32766,17958,5844,219,152,
32766,17900,5830,239,140,
32766,17855,5840,224,177,
32766,17819,5817,231,176,
32766,17758,5821,219,131,
32766,17745,5831,242,161,
32766,17707,5834,214,166,
32766,17664,5827,209,157,
32766,17694,5809,142,182,
32766,17664,5805,213,164,
32766,17649,5819,226,197,
32766,17670,5794,228,144,
32766,17669,5853,215,168,
32766,17668,5801,238,142,
32766,17688,5813,215,154,
32766,17706,5816,226,154,
32766,17710,5820,240,144,
32766,17716,5816,236,157,
32766,17749,5823,232,150,
32766,17741,5828,225,146,
32766,17770,5828,235,170,
32766,17749,5828,228,149,
32766,17732,5810,263,129,
32766,17783,5826,234,119,
32766,17729,5822,238,156,
32766,17711,5812,228,180,
32766,17746,5813,208,192,
32766,17737,5811,211,143,
32766,17736,5812,238,194,
32766,17718,5823,225,177,
32766,17736,5812,222,146,
32766,17746,5821,233,155,
32766,17767,5821,247,159,
32766,17773,5815,234,148,
32766,17782,5815,244,154,
32766,17789,5826,231,161,
32766,17814,5833,211,125,
32766,17808,5811,290,151,
32766,17796,5830,224,150,
32766,17858,5820,227,122,
32766,17837,5795,214,141,
32766,17800,5846,257,116,
32766,17845,5831,191,185,
32766,17822,5820,223,158,
32766,17799,5821,226,144,
32766,17814,5820,224,156,
32766,17797,5820,224,165,
32766,17780,5814,225,166,
32766,17766,5817,233,177,
32766,17732,5809,221,167,
32766,17718,5803,228,159,
32766,17670,5820,249,145,
32766,17667,5803,259,168,
32766,17639,5805,220,140,
32766,17632,5814,209,190,
32766,17622,5790,242,163,
32766,17634,5767,189,181,
32766,17639,5804,193,179,
32766,17610,5809,214,191,
32766,17588,5820,246,154,
32766,17602,5807,237,152,
32766,17599,5818,245,162,
32766,17611,5800,232,153,
32766,17627,5811,207,161,
32766,17621,5798,226,152,
32766,17655,5815,215,141,
32766,17670,5800,233,165,
32766,17672,5779,207,156,
32766,17698,5812,196,104,
32766,17691,5823,225,167,
32766,17698,5814,243,169,
32766,17678,5824,227,147,
32766,17667,5811,229,161,
32766,17651,5812,217,153,
32766,17607,5801,214,154,
32766,17584,5808,225,171,
32766,17591,5813,239,165,
32766,17577,5812,248,188,
32766,17549,5790,227,166,
32766,17529,5795,217,156,
32766,17520,5788,224,157,
32766,17512,5800,215,165,
32766,17491,5800,229,150,
32766,17481,5781,203,149,
32766,17479,5792,181,153,
32766,17466,5848,248,156,
32766,17436,5818,231,164,
32766,17447,5795,273,136,
32766,17441,5828,219,201,
32766,17435,5811,243,187,
32766,17440,5805,222,186,
32766,17441,5809,222,165,
32766,17442,5821,237,169,
32766,17464,5829,245,171,
32766,17456,5812,235,143,
32766,17475,5798,217,160,
32766,17482,5818,245,172,
32766,17460,5785,228,165,
32766,17475,5839,246,143,
32766,17460,5812,257,156,
32766,17459,5807,234,142,
32766,17451,5807,219,120,
32766,17437,5795,264,154,
32766,17412,5809,223,166,
32766,17371,5783,264,174,
32766,17397,5799,229,189,
32766,17357,5789,227,166,
32766,17360,5781,211,155,
32766,17363,5780,239,159,
32766,17384,5781,213,174,
32766,17390,5795,203,148,
32766,17399,5782,235,141,
32766,17412,5781,221,169,
32766,17423,5781,215,163,
32766,17399,5796,246,131,
32766,17390,5788,254,185,
32766,17411,5768,244,115,
32766,17425,5774,246,152,
32766,17402,5790,199,196,
32766,17424,5788,271,122,
32766,17403,5776,194,172,
32766,17379,5767,226,149,
32766,17395,5786,227,172,
32766,17398,5798,234,155,
32766,17428,5788,243,166,
32766,17445,5780,214,178,
32766,17456,5789,228,177,
32766,17513,5790,223,191,
32766,17533,5799,204,157,
32766,17556,5797,259,138,
32766,17579,5782,257,162,
32766,17573,5813,231,161,
32766,17624,5794,237,127,
32766,17640,5811,220,176,
32766,17656,5801,219,190,
32766,17668,5800,271,134,
32766,17663,5815,206,129,
32766,17669,5791,227,154,
32766,17670,5792,229,163,
32766,17682,5789,225,168,
32766,17662,5792,246,142,
32766,17651,5767,238,167,
32766,17650,5791,212,158,
32766,17628,5787,230,150,
32766,17639,5790,212,146,
32766,17651,5781,229,109,
32766,17628,5794,227,197,
32766,17586,5787,231,84,
32766,17589,5775,239,182,
32766,17569,5752,242,172,
32766,17507,5788,279,169,
32766,17483,5761,193,119,
32766,17461,5771,223,156,
32766,17434,5758,213,145,
32766,17428,5762,235,164,
32766,17397,5768,236,135,
32766,17412,5771,214,194,
32766,17430,5759,241,167,
32766,17439,5790,217,151,
32766,17444,5784,237,171,
32766,17503,5776,226,127,
32766,17513,5755,232,146,
32766,17556,5800,209,146,
32766,17585,5794,193,217,
32766,17646,5791,233,143,
32766,17705,5758,252,128,
32766,17738,5747,226,126,
32766,17725,5802,241,175,
32766,17749,5778,219,177,
32766,17756,5782,237,135,
32766,17729,5793,233,132,
32766,17728,5791,243,174,
32766,17692,5772,228,155,
32766,17676,5767,220,161,
32766,17646,5778,227,160,
32766,17623,5750,241,184,
32766,17590,5750,219,135,
32766,17566,5756,263,127,
32766,17581,5753,209,207,
32766,17541,5746,182,151,
32766,17512,5758,281,126,
32766,17507,5757,225,185,
32766,17493,5744,208,185,
32766,17476,5750,230,136,
32766,17469,5757,234,169,
32766,17457,5761,235,153,
32766,17458,5746,243,181,
32766,17475,5762,217,167,
32766,17485,5754,232,144,
32766,17518,5758,232,150,
32766,17559,5781,248,160,
32766,17580,5758,216,194,
32766,17647,5747,224,199,
32766,17679,5793,202,151,
32766,17712,5782,203,155,
32766,17755,5770,201,171,
32766,17769,5802,279,184,
32766,17808,5787,229,188,
32766,17847,5785,194,161,
32766,17863,5801,234,165,
32766,17859,5782,212,154,
32766,17826,5780,213,168,
32766,17811,5778,240,151,
32766,17794,5786,234,148,
32766,17765,5788,213,143,
32766,17729,5773,230,138,
32766,17710,5767,255,134,
32766,17676,5775,218,127,
32766,17668,5771,215,172,
32766,17635,5762,230,153,
32766,17602,5767,237,140,
32766,17583,5737,264,139,
32766,17600,5747,231,124,
32766,17583,5777,195,127,
32766,17566,5754,246,163,
32766,17528,5752,206,140,
32766,17508,5743,227,136,
32766,17480,5752,220,171,
32766,17477,5753,243,168,
32766,17445,5741,237,148,
32766,17437,5741,234,142,
32766,17408,5759,228,167,
32766,17427,5736,233,137,
32766,17409,5744,234,128,
32766,17424,5753,225,134,
32766,17479,5758,233,166,
32766,17476,5774,215,158,
32766,17529,5766,224,140,
32766,17579,5764,229,124,
32766,17641,5754,231,167,
32766,17696,5781,232,151,
32766,17755,5790,243,175,
32766,17821,5786,232,145,
32766,17876,5783,223,150,
32766,17924,5788,229,165,
32766,17954,5785,224,137,
32766,17967,5801,222,142,
32766,18016,5797,179,121,
32766,18010,5776,215,133,
32766,17962,5778,262,121,
32766,17939,5775,206,173,
32766,17896,5787,240,142,
32766,17832,5778,249,139,
32766,17808,5773,276,116,
32766,17802,5770,227,182,
32766,17756,5757,241,136,
32766,17734,5748,238,127,
32766,17688,5762,203,146,
32766,17682,5775,228,168,
32766,17665,5763,255,124,
32766,17646,5761,215,171,
32766,17612,5760,231,148,
32766,17591,5773,212,153,
32766,17553,5776,230,173,
32766,17552,5721,285,151,
32766,17524,5744,234,159,
32766,17540,5753,229,191,
32766,17517,5752,219,148,
32766,17544,5759,206,192,
32766,17542,5739,243,174,
32766,17592,5760,251,164,
32766,17588,5756,243,129,
32766,17599,5761,215,154,
32766,17631,5757,210,157,
32766,17650,5756,227,174,
32766,17686,5764,209,161,
32766,17690,5747,227,164,
32766,17724,5779,240,142,
32766,17743,5780,244,166,
32766,17720,5778,186,170,
32766,17762,5758,246,148,
32766,17727,5787,214,155,
32766,17721,5773,219,176,
32766,17673,5761,232,185,
32766,17686,5743,215,146,
32766,17630,5776,185,144,
32766,17608,5762,227,149,
32766,17567,5750,226,165,
32766,17531,5736,218,143,
32766,17525,5754,229,173,
32766,17511,5740,236,150,
32766,17496,5757,238,165,
32766,17460,5734,219,161,
32766,17470,5740,237,142,
32766,17444,5773,258,158,
32766,17447,5740,245,133,
32766,17450,5738,234,136,
32766,17425,5748,225,163,
32766,17444,5743,227,129,
32766,17406,5712,264,118,
32766,17390,5758,264,163,
32766,17412,5740,207,203,
32766,17411,5733,214,171,
32766,17393,5755,232,158,
32766,17417,5739,227,132,
32766,17412,5734,244,149,
32766,17420,5744,239,152,
32766,17427,5735,223,134,
32766,17451,5778,238,178,
32766,17463,5739,266,166,
32766,17455,5783,284,125,
32766,17424,5733,296,130,
32766,17487,5729,231,174,
32766,17487,5755,258,201,
32766,17482,5756,234,176,
32766,17452,5774,235,181,
32766,17475,5744,233,118,
32766,17458,5741,224,172,
32766,17449,5734,228,173,
32766,17448,5739,220,174,
32766,17443,5740,239,171,
32766,17420,5736,227,163,
32766,17411,5728,243,135,
32766,17400,5736,216,145,
32766,17378,5719,209,136,
32766,17358,5750,196,194,
32766,17337,5784,245,181,
32766,17341,5743,238,157,
32766,17350,5736,232,148,
32766,17330,5755,231,189,
32766,17303,5735,212,138,
32766,17356,5727,236,180,
32766,17348,5768,216,123,
32766,17357,5767,213,189,
32766,17390,5744,239,172,
32766,17411,5747,222,172,
32766,17446,5750,223,174,
32766,17471,5763,229,156,
32766,17511,5762,242,159,
32766,17540,5751,210,165,
32766,17525,5736,240,126,
32766,17568,5764,243,112,
32766,17586,5759,253,145,
32766,17627,5724,198,201,
32766,17606,5765,185,154,
32766,17615,5753,231,135,
32766,17618,5786,242,173,
32766,17640,5786,221,183,
32766,17652,5765,236,170,
32766,17654,5762,226,154,
32766,17650,5777,211,179,
32766,17645,5772,244,173,
32766,17649,5776,221,162,
32766,17653,5773,245,138,
32766,17654,5768,223,167,
32766,17631,5790,250,169,
32766,17629,5764,224,182,
32766,17624,5785,221,150,
32766,17626,5755,245,205,
32766,17601,5783,227,173,
32766,17610,5786,208,171,
32766,17571,5799,234,182,
32766,17571,5756,267,152,
32766,17556,5786,205,187,
32766,17560,5778,240,187,
32766,17534,5758,234,130,
32766,17509,5772,232,140,
32766,17516,5768,239,174,
32766,17490,5761,245,155,
32766,17484,5772,230,154,
32766,17495,5760,215,155,
32766,17483,5790,244,101,
32766,17463,5783,230,155,
32766,17497,5810,191,153,
32766,17509,5761,223,121,
32766,17500,5782,234,158,
32766,17520,5807,268,145,
32766,17559,5781,220,175,
32766,17561,5786,249,173,
32766,17558,5775,216,153,
32766,17583,5776,247,164,
32766,17593,5776,234,167,
32766,17621,5765,226,149,
32766,17616,5786,246,149,
32766,17631,5792,237,160,
32766,17633,5796,228,165,
32766,17657,5796,218,169,
32766,17659,5776,252,175,
32766,17654,5819,249,200,
32766,17656,5780,256,145,
32766,17659,5794,245,158,
32766,17692,5805,255,181,
32766,17689,5782,276,158,
32766,17674,5824,251,185,
32766,17664,5781,252,142,
32766,17685,5802,249,167,
32766,17696,5803,231,129,
32766,17699,5795,233,154,
32766,17679,5804,239,157,
32766,17690,5791,247,155,
32766,17686,5809,223,153,
32766,17681,5785,243,173,
32766,17678,5794,221,177,
32766,17696,5787,196,210,
32766,17655,5794,267,180,
32766,17718,5786,219,201,
32766,17671,5792,247,144,
32766,17669,5784,236,119,
32766,17675,5781,234,134,
32766,17663,5799,227,165,
32766,17676,5801,243,157,
32766,17669,5784,218,146,
32766,17676,5791,249,177,
32766,17667,5814,232,148,
32766,17690,5793,244,175,
32766,17681,5807,227,147,
32766,17687,5793,245,139,
32766,17667,5795,265,154,
32766,17674,5806,232,136,
32766,17681,5774,234,131,
32766,17696,5776,225,161,
32766,17632,5798,249,164,
32766,17668,5796,181,175,
32766,17663,5797,249,159,
32766,17636,5797,192,113,
32766,17685,5806,228,177,
32766,17678,5797,228,151,
32766,17689,5805,232,157,
32766,17669,5807,216,178,
32766,17683,5805,212,155,
32766,17698,5814,241,163,
32766,17693,5804,232,146,
32766,17696,5817,243,139,
32766,17669,5789,212,177,
32766,17682,5813,185,188,
32766,17691,5794,216,191,
32766,17671,5809,256,93,
32766,17697,5800,234,151,
32766,17700,5762,213,135,
32766,17665,5821,227,122,
32766,17709,5810,230,171,
32766,17712,5812,232,166,
32766,17705,5808,250,168,
32766,17687,5823,237,154,
32766,17692,5811,226,149,
32766,17671,5808,225,156,
32766,17700,5811,219,155,
32766,17680,5805,254,168,
32766,17685,5827,245,193,
32766,17674,5806,252,152,
32766,17678,5804,268,135,
32766,17706,5807,219,195,
32766,17675,5847,254,143,
32766,17680,5832,252,154,
32766,17698,5812,190,181,
32766,17677,5779,283,127,
32766,17669,5824,265,167,
32766,17696,5816,245,170,
32766,17688,5818,234,156,
32766,17670,5836,234,169,
32766,17702,5811,215,170,
32766,17693,5818,237,155,
32766,17695,5810,237,171,
32766,17678,5810,239,141,
32766,17698,5821,228,149,
32766,17686,5789,227,183,
32766,17692,5800,227,127,
32766,17661,5831,204,141,
32766,17689,5814,244,182,
32766,17670,5808,255,151,
32766,17688,5796,252,150,
32766,17648,5812,205,198,
32766,17663,5829,219,152,
32766,17659,5809,232,165,
32766,17653,5817,211,181,
32766,17664,5812,246,161,
32766,17655,5828,227,160,
32766,17666,5803,239,156,
32766,17666,5816,220,166,
32766,17681,5825,254,153,
32766,17669,5812,217,139,
32766,17668,5796,236,143,
32766,17692,5847,237,155,
32766,17672,5813,230,125,
32766,17696,5828,230,160,
32766,17676,5808,186,142,
32766,17699,5805,201,161,
32766,17721,5823,227,146,
32766,17698,5814,233,165,
32766,17711,5826,230,164,
32766,17717,5819,223,163,
32766,17722,5826,224,153,
32766,17739,5808,250,146,
32766,17740,5818,230,167,
32766,17757,5803,240,181,
32766,17745,5817,197,166,
32766,17786,5790,215,172,
32766,17789,5771,246,182,
32766,17739,5834,261,157,
32766,17777,5817,259,162,
32766,17771,5811,262,190,
32766,17788,5842,245,168,
32766,17783,5826,255,139,
32766,17747,5836,225,188,
32766,17775,5822,249,155,
32766,17771,5818,211,137,
32766,17769,5819,226,170,
32766,17787,5804,232,158,
32766,17793,5823,228,183,
32766,17776,5808,216,158,
32766,17770,5808,218,151,
32766,17767,5819,236,137,
32766,17789,5808,201,158,
32766,17743,5828,200,176,
32766,17740,5801,232,140,
32766,17763,5811,215,160,
32766,17785,5816,214,182,
32766,17759,5815,227,178,
32766,17714,5822,225,137,
32766,17747,5817,248,151,
32766,17742,5824,239,198,
32766,17756,5807,225,150,
32766,17742,5801,235,161,
32766,17721,5813,218,145,
32766,17733,5808,236,152,
32766,17729,5806,235,157,
32766,17718,5812,228,143,
32766,17741,5842,260,141,
32766,17728,5791,247,178,
32766,17709,5814,258,162,
32766,17751,5814,248,191,
32766,17744,5831,209,157,
32766,17761,5803,222,173,
32766,17717,5793,188,133,
32766,17726,5808,217,172,
32766,17741,5822,231,154,
32766,17732,5801,215,132,
32766,17725,5824,213,158,
32766,17743,5815,243,156,
32766,17732,5837,236,175,
32766,17737,5808,217,158,
32766,17743,5810,231,158,
32766,17731,5797,242,170,
32766,17749,5824,183,159,
32766,17764,5831,263,166,
32766,17733,5822,219,140,
32766,17728,5801,241,145,
32766,17721,5811,235,156,
32766,17734,5823,210,164,
32766,17724,5808,215,145,
32766,17736,5804,258,163,
32766,17746,5806,232,171,
32766,17742,5824,248,143,
32766,17738,5825,213,165,
32766,17722,5824,231,164,
32766,17731,5835,240,172,
32766,17733,5822,232,158,
32766,17719,5801,232,174,
32766,17710,5828,210,98,
32766,17731,5818,239,175,
32766,17723,5814,187,181,
32766,17724,5814,222,165,
32766,17720,5807,244,153,
32766,17748,5818,232,202,
32766,17754,5807,263,159,
32766,17736,5812,215,180,
32766,17752,5815,265,143,
32766,17754,5809,218,168,
32766,17739,5828,215,169,
32766,17754,5817,230,148,
32766,17758,5815,234,177,
32766,17755,5814,251,172,
32766,17746,5818,212,157,
32766,17745,5817,224,137,
32766,17783,5829,239,164,
32766,17767,5803,200,213,
32766,17739,5821,250,165,
32766,17772,5815,233,169,
32766,17761,5807,259,169,
32766,17756,5797,205,153,
32766,17789,5834,234,159,
32766,17774,5814,235,174,
32766,17759,5806,241,163,
32766,17758,5818,236,143,
32766,17765,5820,230,170,
32766,17781,5808,213,169,
32766,17764,5823,234,160,
32766,17780,5820,245,174,
32766,17770,5808,227,155,
32766,17782,5804,210,174,
32766,17748,5824,267,184,
32766,17779,5790,236,185,
32766,17774,5803,269,148,
32766,17777,5823,243,133,
32766,17750,5817,220,132,
32766,17761,5781,246,130,
32766,17743,5845,251,200,
32766,17759,5801,236,153,
32766,17754,5825,233,155,
32766,17757,5822,232,151,
32766,17746,5825,241,151,
32766,17742,5814,240,154,
32766,17734,5817,240,171,
32766,17753,5817,231,154,
32766,17752,5824,235,153,
32766,17757,5807,297,160,
32766,17751,5790,231,145,
32766,17775,5805,258,157,
32766,17749,5828,229,160,
32766,17721,5829,205,141,
32766,17775,5822,229,144,
32766,17783,5811,209,186,
32766,17772,5833,227,166,
32766,17758,5813,231,158,
32766,17748,5829,238,176,
32766,17765,5821,242,165,
32766,17745,5825,224,164,
32766,17767,5816,239,152,
32766,17760,5822,231,174,
32766,17775,5827,207,180,
32766,17746,5818,254,181,
32766,17753,5812,250,177,
32766,17737,5839,216,178,
32766,17758,5811,249,151,
32766,17762,5831,245,187,
32766,17760,5834,228,132,
32766,17766,5838,276,174,
32766,17821,5847,200,152,
32766,17791,5816,217,185,
32766,17803,5830,227,161,
32766,17819,5824,243,162,
32766,17805,5840,232,172,
32766,17817,5816,234,185,
32766,17806,5832,233,154,
32766,17837,5829,252,170,
32766,17824,5835,232,148,
32766,17838,5814,267,162,
32766,17841,5810,211,154,
32766,17861,5813,205,183,
32766,17822,5834,239,129,
32766,17857,5808,253,160,
32766,17865,5816,203,161,
32766,17848,5830,266,143,
32766,17868,5833,238,182,
32766,17873,5835,228,173,
32766,17897,5830,240,155,
32766,17865,5817,229,162,
32766,17879,5816,213,140,
32766,17873,5833,214,157,
32766,17894,5823,219,156,
32766,17900,5835,230,160,
32766,17920,5818,210,176,
32766,17899,5823,263,160,
32766,17888,5867,257,132,
32766,17933,5803,207,144,
32766,17909,5844,232,156,
32766,17936,5842,197,210,
32766,17982,5824,234,167,
32766,17929,5841,225,154,
32766,17937,5822,207,143,
32766,17942,5810,233,143,
32766,17938,5837,214,174,
32766,17955,5834,235,161,
32766,17957,5823,238,160,
32766,17961,5828,244,160,
32766,17973,5835,206,138,
32766,17963,5842,225,170,
32766,17980,5842,225,160,
32766,17975,5825,246,120,
32766,18001,5820,173,217,
32766,17992,5838,242,180,
32766,17993,5847,221,171,
32766,18020,5822,175,154,
32766,18026,5826,204,188,
32766,18027,5846,221,165,
32766,18002,5848,251,178,
32766,17998,5838,232,159,
32766,18016,5830,221,175,
32766,18011,5844,243,175,
32766,17996,5839,223,166,
32766,18009,5828,220,177,
32766,17998,5840,209,172,
32766,18005,5850,226,166,
32766,17983,5840,240,195,
32766,18010,5846,253,115,
32766,17994,5853,237,150,
32766,18005,5851,251,168,
32766,17997,5836,241,191,
32766,17994,5835,199,166,
32766,18005,5831,231,176,
32766,18015,5846,239,148,
32766,18000,5836,216,159,
32766,18013,5837,237,136,
32766,18014,5855,246,179,
32766,18021,5840,210,143,
32766,18020,5846,256,160,
32766,18006,5839,219,162,
32766,18009,5825,228,148,
32766,17985,5809,231,197,
32766,17989,5864,217,130,
32766,17986,5835,209,149,
32766,17993,5855,258,176,
32766,17990,5849,229,170,
32766,17973,5842,202,141,
32766,17929,5852,255,163,
32766,17979,5846,256,162,
32766,17949,5841,234,154,
32766,17953,5841,250,153,
32766,17960,5836,229,152,
32766,17940,5842,217,164,
32766,17936,5856,229,155,
32766,17944,5825,236,165,
32766,17934,5840,236,157,
32766,17931,5841,226,162,
32766,17923,5854,190,175,
32766,17941,5852,282,139,
32766,17952,5851,249,137,
32766,17958,5838,228,158,
32766,17953,5796,239,97,
32766,17957,5828,200,171,
32766,17927,5847,204,177,
32766,17944,5834,230,130,
32766,17969,5848,242,179,
32766,17974,5831,215,171,
32766,17973,5848,228,156,
32766,17975,5835,236,156,
32766,17986,5840,228,153,
32766,17996,5850,217,161,
32766,17990,5850,254,174,
32766,17988,5853,206,132,
32766,18015,5832,224,164,
32766,18004,5845,241,155,
32766,17955,5858,242,102,
32766,17995,5847,244,158,
32766,17998,5855,218,187,
32766,17995,5839,220,151,
32766,18004,5836,271,161,
32766,17983,5827,228,157,
32766,18004,5841,251,167,
32766,17994,5830,226,143,
32766,17994,5843,246,177,
32766,17991,5824,264,141,
32766,17984,5845,221,164,
32766,17990,5830,216,171,
32766,17988,5813,249,129,
32766,17962,5825,234,141,
32766,17969,5813,211,218,
32766,17962,5850,257,161,
32766,17959,5827,259,161,
32766,17955,5860,204,178,
32766,17968,5815,195,170,
32766,17973,5854,252,196,
32766,17955,5822,227,128,
32766,17972,5837,236,171,
32766,17966,5826,220,154,
32766,17966,5845,257,145,
32766,17957,5828,229,155,
32766,17984,5837,241,179,
32766,17978,5832,229,155,
32766,17987,5838,222,145,
32766,17986,5835,214,159,
32766,18014,5837,234,178,
32766,18016,5824,256,159,
32766,18003,5839,225,148,
32766,18019,5821,221,155,
32766,18019,5823,226,112,
32766,18027,5816,272,133,
32766,18002,5848,241,122,
32766,18042,5815,190,154,
32766,18036,5821,211,156,
32766,18039,5832,212,174,
32766,18051,5823,241,161,
32766,18046,5841,218,138,
32766,18052,5819,217,175,
32766,18044,5843,220,150,
32766,18043,5840,219,148,
32766,18066,5833,188,162,
32766,18064,5827,227,159,
32766,18042,5816,232,126,
32766,18061,5840,213,147,
32766,18056,5809,209,160,
32766,18069,5803,179,157,
32766,18016,5842,266,142,
32766,18065,5815,209,176,
32766,18058,5834,237,174,
32766,18038,5829,238,133,
32766,18045,5830,230,148,
32766,18049,5822,223,157,
32766,18044,5815,245,155,
32766,18041,5840,243,155,
32766,18040,5825,241,167,
32766,18042,5837,233,178,
32766,18039,5827,254,169,
32766,18056,5823,230,173,
32766,18028,5832,220,91,
32766,18023,5835,221,115,
32766,18037,5856,228,146,
32766,18029,5861,255,183,
32766,18035,5795,191,103,
32766,18073,5832,261,177,
32766,18057,5819,232,154,
32766,18039,5837,230,188,
32766,18041,5840,221,170,
32766,18028,5815,211,172,
32766,18036,5818,225,159,
32766,18030,5828,227,171,
32766,18020,5831,216,168,
32766,18020,5853,199,169,
32766,18028,5826,216,129,
32766,18003,5829,195,235,
32766,18000,5854,249,123,
32766,18008,5826,233,167,
32766,17997,5825,221,149,
32766,18010,5809,221,139,
32766,18009,5851,225,190,
32766,18008,5826,227,162,
32766,17975,5822,212,161,
32766,17980,5817,214,153,
32766,17965,5827,227,156,
32766,17991,5835,232,176,
32766,17972,5834,248,153,
32766,17986,5838,229,152,
32766,17963,5814,225,185,
32766,17967,5811,238,119,
32766,17965,5865,271,151,
32766,17928,5802,279,177,
32766,17983,5812,201,150,
32766,17944,5809,225,161,
32766,17907,5852,285,173,
32766,17946,5823,227,150,
32766,17919,5819,211,178,
32766,17939,5833,226,152,
32766,17943,5824,240,180,
32766,17939,5823,223,158,
32766,17950,5819,224,167,
32766,17931,5815,228,158,
32766,17924,5827,225,156,
32766,17927,5831,243,147,
32766,17904,5829,246,186,
32766,17906,5846,260,171,
32766,17918,5813,237,150,
32766,17936,5827,226,199,
32766,17910,5842,248,178,
32766,17927,5837,187,204,
32766,17926,5843,235,186,
32766,17931,5838,230,228,
32766,17901,5835,227,151,
32766,17912,5833,242,163,
32766,17922,5841,216,151,
32766,17923,5842,200,176,
32766,17930,5847,226,155,
32766,17924,5828,218,149,
32766,17913,5825,241,156,
32766,17917,5819,218,152,
32766,17907,5821,224,200,
32766,17894,5819,246,164,
32766,17924,5833,212,143,
32766,17895,5826,216,136,
32766,17896,5837,235,161,
32766,17876,5852,189,176,
32766,17884,5824,243,89,
32766,17911,5808,198,168,
32766,17908,5828,226,206,
32766,17910,5834,244,159,
32766,17929,5826,233,163,
32766,17910,5846,210,176,
32766,17904,5831,230,152,
32766,17915,5821,227,144,
32766,17922,5844,218,183,
32766,17926,5824,249,177,
32766,17920,5854,220,177,
32766,17908,5858,267,122,
32766,17913,5837,215,130,
32766,17935,5819,261,144,
32766,17904,5827,252,134,
32766,17918,5847,241,189,
32766,17912,5843,201,201,
32766,17922,5814,217,171,
32766,17904,5826,257,175,
32766,17897,5842,228,162,
32766,17917,5842,248,165,
32766,17910,5845,228,185,
32766,17908,5841,244,154,
32766,17915,5829,207,146,
32766,17931,5820,240,168,
32766,17917,5827,238,134,
32766,17910,5841,215,202,
32766,17923,5843,211,153,
32766,17926,5844,258,195,
32766,17918,5838,244,153,
32766,17921,5827,239,139,
32766,17923,5798,211,153,
32766,17915,5836,215,158,
32766,17923,5829,220,144,
32766,17896,5853,247,167,
32766,17921,5843,238,184,
32766,17914,5843,234,154,
32766,17933,5814,217,172,
32766,17935,5841,248,164,
32766,17923,5828,213,159,
32766,17923,5834,229,154,
32766,17931,5813,237,152,
32766,17951,5837,263,131,
32766,17912,5813,251,102,
32766,17913,5814,231,207,
32766,17917,5846,260,153,
32766,17926,5833,232,153,
32766,17960,5836,243,180,
32766,17938,5830,219,147,
32766,17951,5832,226,138,
32766,17953,5832,239,168,
32766,17926,5827,218,164,
32766,17933,5841,230,157,
32766,17943,5823,224,168,
32766,17951,5845,243,152,
32766,17949,5839,225,169,
32766,17951,5839,228,157,
32766,17954,5827,246,167,
32766,17948,5838,238,142,
32766,17962,5839,236,132,
32766,17936,5860,221,163,
32766,17956,5833,219,171,
32766,17973,5849,236,168,
32766,17958,5834,238,125,
32766,17981,5835,190,179,
32766,17957,5834,227,150,
32766,17978,5828,249,155,
32766,17965,5839,239,169,
32766,17978,5836,220,151,
32766,17969,5851,226,136,
32766,17973,5834,229,139,
32766,17985,5834,251,140,
32766,17969,5828,236,179,
32766,17974,5803,224,137,
32766,17968,5828,186,219,
32766,17952,5824,261,98,
32766,17975,5826,229,182,
32766,17981,5818,249,147,
32766,17953,5844,236,130,
32766,17941,5821,221,115,
32766,17966,5844,220,171,
32766,17961,5811,243,164,
32766,17943,5823,232,144,
32766,17939,5840,213,161,
32766,17940,5831,240,149,
32766,17953,5837,228,161,
32766,17944,5835,231,151,
32766,17941,5836,242,147,
32766,17936,5841,200,127,
32766,17915,5839,205,170,
32766,17949,5828,219,153,
32766,17948,5829,209,150,
32766,17943,5833,216,163,
32766,17943,5821,208,142,
32766,17964,5856,229,187,
32766,17940,5835,261,200,
32766,17941,5841,221,140,
32766,17940,5841,227,167,
32766,17933,5834,227,161,
32766,17948,5841,250,162,
32766,17951,5821,220,156,
32766,17946,5850,254,164,
32766,17925,5845,209,191,
32766,17947,5842,209,172,
32766,17953,5811,237,184,
32766,17973,5831,187,204,
32766,17956,5850,244,120,
32766,17942,5793,214,135,
32766,17943,5849,237,165,
32766,17963,5816,234,144,
32766,17957,5868,283,132,
32766,17950,5815,201,150,
32766,17953,5835,221,165,
32766,17962,5850,242,146,
32766,17971,5836,243,155,
32766,17965,5840,249,158,
32766,17955,5824,223,171,
32766,17951,5837,242,167,
32766,17958,5840,237,151,
32766,17943,5828,229,154,
32766,17955,5835,231,148,
32766,17952,5859,216,128,
32766,17979,5804,232,173,
32766,17974,5821,256,143,
32766,17982,5816,176,161,
32766,17937,5862,265,149,
32766,17978,5859,239,201,
32766,17985,5854,231,183,
32766,17975,5846,235,161,
32766,17982,5834,238,160,
32766,17977,5845,247,149,
32766,17991,5840,214,174,
32766,17978,5836,222,148,
32766,17994,5844,205,147,
32766,17991,5819,235,150,
32766,17977,5848,228,152,
32766,18000,5858,218,156,
32766,17978,5861,243,144,
32766,17993,5849,225,180,
32766,17984,5849,247,174,
32766,17985,5840,213,186,
32766,17974,5815,181,115,
32766,18015,5829,233,178,
32766,17991,5835,246,163,
32766,18001,5828,218,167,
32766,17996,5827,220,155,
32766,18008,5835,224,152,
32766,17988,5832,232,171,
32766,17997,5844,226,148,
32766,18005,5835,237,158,
32766,18004,5836,225,163,
32766,17968,5838,192,159,
32766,17991,5858,231,121,
32766,17970,5844,211,208,
32766,18013,5833,242,202,
32766,17976,5840,207,133,
32766,17988,5843,229,187,
32766,17979,5859,239,155,
32766,17952,5861,240,173,
32766,17978,5828,233,155,
32766,17981,5836,225,180,
32766,17953,5828,226,162,
32766,17950,5826,252,173,
32766,17982,5846,232,177,
32766,17966,5842,250,171,
32766,17972,5835,220,170,
32766,17971,5829,266,157,
32766,17944,5841,250,106,
32766,17972,5863,245,130,
32766,17963,5827,224,143,
32766,17959,5836,230,161,
32766,17971,5833,178,153,
32766,17994,5838,210,189,
32766,17958,5836,226,165,
32766,17982,5861,230,185,
32766,17972,5846,217,154,
32766,17979,5852,250,153,
32766,17992,5821,215,171,
32766,17993,5859,232,156,
32766,17979,5860,224,168,
32766,17979,5836,239,162,
32766,17989,5847,243,174,
32766,17965,5826,248,150,
32766,18006,5831,250,137,
32766,17986,5849,259,144,
32766,17972,5841,189,187,
32766,17981,5864,226,179,
32766,17974,5850,208,189,
32766,17973,5851,200,179,
32766,17980,5829,232,158,
32766,17969,5851,220,158,
32766,17960,5827,243,152,
32766,17968,5843,211,172,
32766,17962,5849,224,165,
32766,17961,5828,246,153,
32766,17968,5858,252,171,
32766,17971,5838,225,169,
32766,17950,5824,256,181,
32766,17942,5853,244,153,
32766,17924,5848,241,169,
32766,17938,5830,249,143,
32766,17939,5826,212,170,
32766,17968,5869,234,194,
32766,17948,5803,266,154,
32766,17982,5837,228,174,
32766,17962,5855,248,145,
32766,17971,5842,237,143,
32766,17982,5846,227,175,
32766,17985,5851,240,155,
32766,17972,5850,233,145,
32766,17978,5851,220,174,
32766,17982,5837,226,145,
32766,17983,5841,226,178,
32766,17962,5855,244,120,
32766,17981,5838,226,183,
32766,17980,5857,208,109,
32766,17983,5842,212,158,
32766,17975,5839,222,141,
32766,17981,5879,198,178,
32766,17975,5853,178,154,
32766,17962,5872,237,182,
32766,17988,5854,237,182,
32766,17970,5850,230,139,
32766,17974,5843,240,149,
32766,17962,5841,236,155,
32766,17974,5843,235,162,
32766,17964,5847,262,161,
32766,17967,5842,229,167,
32766,17991,5844,268,167,
32766,17990,5861,229,140,
32766,18018,5844,260,152,
32766,17968,5857,220,141,
32766,17980,5847,217,196,
32766,17996,5849,242,136,
32766,18012,5845,294,168,
32766,17970,5822,249,153,
32766,17977,5847,243,144,
32766,17959,5853,223,179,
32766,17970,5854,241,159,
32766,17980,5865,251,143,
32766,17995,5830,230,148,
32766,17996,5834,247,126,
32766,17970,5838,248,164,
32766,17989,5828,208,166,
32766,17975,5820,239,170,
32766,17969,5826,247,178,
32766,17996,5875,204,157,
32766,18014,5828,213,167,
32766,18011,5842,213,169,
32766,18015,5831,236,177,
32766,18056,5822,287,189,
32766,17989,5873,213,181,
32766,18000,5839,216,136,
32766,18002,5840,219,181,
32766,18011,5849,229,175,
32766,18018,5845,235,173,
32766,18005,5845,229,169,
32766,18021,5835,241,143,
32766,18004,5832,234,177,
32766,18013,5827,241,146,
32766,18020,5852,234,154,
32766,18012,5861,179,174,
32766,17988,5856,265,134,
32766,17999,5829,238,162,
32766,17990,5835,242,153,
32766,17995,5844,232,142,
32766,18008,5844,199,178,
32766,17999,5807,193,129,
32766,18031,5846,214,154,
32766,18008,5839,231,161,
32766,18003,5841,241,165,
32766,18005,5835,225,141,
32766,17999,5841,227,153,
32766,18018,5846,248,162,
32766,18015,5832,231,145,
32766,18010,5840,215,161,
32766,18022,5866,242,127,
32766,18012,5827,281,161,
32766,18016,5836,248,159,
32766,18015,5843,255,152,
32766,18017,5827,198,170,
32766,17993,5875,260,194,
32766,17998,5832,190,169,
32766,18052,5841,251,184,
32766,18020,5837,227,153,
32766,18031,5832,231,152,
32766,18021,5838,211,155,
32766,18023,5836,239,153,
32766,18023,5828,211,184,
32766,18015,5831,232,171,
32766,18027,5839,220,171,
32766,18008,5862,203,165,
32766,18005,5840,229,130,
32766,18006,5895,204,138,
32766,18005,5860,207,166,
32766,18019,5841,272,166,
32766,17997,5845,251,167,
32766,18009,5830,208,178,
32766,17987,5861,205,189,
32766,17970,5835,250,125,
32766,18002,5825,229,148,
32766,17989,5846,235,146,
32766,18003,5824,211,140,
32766,18013,5838,226,153,
32766,18008,5830,226,173,
32766,18018,5850,235,147,
32766,18009,5851,254,155,
32766,18004,5857,208,142,
32766,18024,5843,261,131,
32766,18003,5849,214,167,
32766,18002,5841,222,112,
32766,17983,5847,233,168,
32766,17996,5853,238,129,
32766,18021,5849,219,179,
32766,18004,5850,205,171,
32766,18019,5841,239,177,
32766,18002,5832,225,152,
32766,18010,5843,243,171,
32766,18009,5843,229,147,
32766,18009,5845,230,161,
32766,18013,5839,232,175,
32766,18016,5844,253,169,
32766,18013,5862,245,141,
32766,18031,5832,234,150,
32766,18014,5839,204,148,
32766,18005,5872,248,122,
32766,18025,5861,233,142,
32766,18008,5846,295,147,
32766,18014,5823,197,177,
32766,18001,5852,231,158,
32766,18023,5821,214,144,
32766,17990,5851,233,154,
32766,17994,5842,233,163,
32766,18011,5850,250,159,
32766,17998,5844,241,140,
32766,18003,5843,210,143,
32766,18008,5850,233,137,
32766,18003,5851,224,161,
32766,18008,5841,224,136,
32766,18033,5855,238,188,
32766,17999,5825,238,145,
32766,18023,5865,245,166,
32766,18007,5852,227,157,
32766,18025,5847,250,185,
32766,18009,5878,263,154,
32766,17986,5855,223,157,
32766,17975,5837,241,177,
32766,17996,5840,223,148,
32766,17989,5859,250,155,
32766,17991,5833,241,151,
32766,17996,5835,241,150,
32766,17971,5848,238,176,
32766,17985,5853,233,156,
32766,17983,5845,244,154,
32766,17985,5835,199,189,
32766,17981,5848,231,138,
32766,17992,5845,248,145,
32766,17994,5846,218,173,
32766,17977,5863,237,197,
32766,17983,5839,164,194,
32766,18005,5846,222,212,
32766,18009,5820,193,133,
32766,17987,5848,239,125,
32766,18005,5850,229,162,
32766,17998,5860,249,158,
32766,18019,5838,225,153,
32766,18031,5853,254,144,
32766,18004,5846,254,184,
32766,18021,5838,240,150,
32766,18020,5838,236,169,
32766,18012,5839,241,162,
32766,18023,5863,235,166,
32766,18050,5838,227,207,
32766,18010,5851,212,163,
32766,18038,5842,210,159,
32766,18062,5869,247,168,
32766,18083,5840,230,184,
32766,18049,5818,222,181,
32766,18071,5847,250,167,
32766,18056,5845,230,169,
32766,18063,5860,219,169,
32766,18077,5838,236,156,
32766,18069,5861,238,175,
32766,18054,5857,214,150,
32766,18081,5840,232,150,
32766,18067,5850,217,170,
32766,18066,5835,293,155,
32766,18058,5833,262,138,
32766,18084,5863,213,133,
32766,18073,5864,234,199,
32766,18071,5859,187,211,
32766,18072,5855,215,127,
32766,18089,5874,219,158,
32766,18065,5862,224,208,
32766,18094,5850,228,164,
32766,18083,5861,227,163,
32766,18091,5844,232,165,
32766,18071,5865,231,177,
32766,18091,5861,228,152,
32766,18088,5844,228,164,
32766,18087,5867,232,145,
32766,18059,5864,205,177,
32766,18067,5853,201,180,
32766,18059,5869,242,181,
32766,18094,5830,256,163,
32766,18073,5854,236,137,
32766,18098,5887,239,169,
32766,18106,5874,203,185,
32766,18074,5851,255,115,
32766,18101,5853,212,170,
32766,18104,5862,226,171,
32766,18092,5860,231,170,
32766,18074,5848,223,140,
32766,18077,5847,241,147,
32766,18076,5857,229,153,
32766,18070,5854,228,138,
32766,18071,5867,209,167,
32766,18092,5850,223,136,
32766,18098,5841,215,161,
32766,18053,5885,222,203,
32766,18087,5849,234,185,
32766,18065,5856,216,161,
32766,18078,5858,281,131,
32766,18071,5864,259,113,
32766,18097,5841,225,146,
32766,18096,5856,225,180,
32766,18085,5846,242,154,
32766,18069,5856,191,161,
32766,18079,5862,228,163,
32766,18082,5859,240,169,
32766,18087,5857,218,155,
32766,18080,5859,208,179,
32766,18089,5844,245,174,
32766,18076,5856,214,151,
32766,18077,5851,232,161,
32766,18073,5850,227,153,
32766,18068,5847,227,162,
32766,18048,5891,231,162,
32766,18043,5825,201,146,
32766,18080,5867,219,225,
32766,18068,5849,223,147,
32766,18072,5861,227,151,
32766,18083,5840,245,150,
32766,18077,5873,253,144,
32766,18071,5841,225,178,
32766,18065,5866,236,159,
32766,18084,5858,253,174,
32766,18077,5855,220,167,
32766,18078,5850,229,174,
32766,18073,5857,189,180,
32766,18054,5880,243,174,
32766,18064,5880,223,159,
32766,18100,5858,245,181,
32766,18082,5879,229,205,
32766,18069,5854,233,146,
32766,18061,5870,218,144,
32766,18074,5854,247,155,
32766,18086,5861,221,168,
32766,18090,5855,234,167,
32766,18079,5856,230,162,
32766,18101,5849,223,164,
32766,18088,5864,240,167,
32766,18099,5875,237,163,
32766,18105,5865,245,178,
32766,18099,5857,218,140,
32766,18099,5853,247,220,
32766,18095,5858,244,205,
32766,18089,5857,221,127,
32766,18079,5870,254,160,
32766,18114,5833,195,207,
32766,18088,5838,222,94,
32766,18104,5860,211,171,
32766,18118,5856,232,145,
32766,18115,5873,229,154,
32766,18123,5864,245,155,
32766,18108,5857,247,136,
32766,18113,5873,222,169,
32766,18127,5868,259,151,
32766,18100,5865,236,158,
32766,18126,5869,234,174,
32766,18112,5866,246,196,
32766,18115,5877,284,171,
32766,18112,5869,238,178,
32766,18128,5873,222,170,
32766,18134,5878,221,192,
32766,18092,5855,196,122,
32766,18120,5875,227,175,
32766,18119,5855,239,164,
32766,18119,5876,233,151,
32766,18131,5871,218,156,
32766,18130,5863,231,162,
32766,18129,5855,230,165,
32766,18124,5862,241,167,
32766,18115,5869,226,175,
32766,18131,5868,241,159,
32766,18123,5854,252,126,
32766,18106,5892,248,160,
32766,18133,5821,261,161,
32766,18121,5858,267,121,
32766,18112,5878,249,178,
32766,18134,5879,235,188,
32766,18121,5832,191,190,
32766,18126,5878,200,150,
32766,18136,5877,245,169,
32766,18122,5865,211,174,
32766,18132,5866,239,154,
32766,18124,5861,236,146,
32766,18133,5864,229,177,
32766,18115,5868,246,155,
32766,18147,5854,241,171,
32766,18131,5871,230,166,
32766,18152,5861,230,164,
32766,18173,5821,233,190,
32766,18150,5834,226,168,
32766,18126,5870,267,119,
32766,18141,5863,270,159,
32766,18146,5863,179,195,
32766,18149,5873,253,195,
32766,18162,5856,223,164,
32766,18140,5856,227,150,
32766,18110,5865,236,174,
32766,18124,5863,231,133,
32766,18139,5877,263,173,
32766,18110,5864,217,191,
32766,18123,5853,240,156,
32766,18123,5858,245,175,
32766,18106,5859,221,181,
32766,18086,5895,246,217,
32766,18109,5867,251,182,
32766,18133,5871,245,157,
32766,18117,5882,275,135,
32766,18134,5860,222,146,
32766,18171,5842,187,181,
32766,18148,5890,239,163,
32766,18123,5844,220,167,
32766,18127,5859,232,163,
32766,18130,5865,237,166,
32766,18115,5864,227,175,
32766,18129,5866,241,160,
32766,18155,5844,235,139,
32766,18138,5875,255,164,
32766,18128,5866,208,155,
32766,18134,5858,255,153,
32766,18137,5869,193,176,
32766,18113,5844,230,176,
32766,18116,5878,233,144,
32766,18152,5849,229,156,
32766,18103,5856,237,143,
32766,18136,5902,201,231,
32766,18149,5879,231,198,
32766,18143,5874,257,144,
32766,18149,5863,213,175,
32766,18132,5873,219,160,
32766,18169,5849,220,132,
32766,18156,5863,241,135,
32766,18139,5875,241,150,
32766,18160,5852,232,164,
32766,18154,5848,246,174,
32766,18148,5849,236,163,
32766,18154,5870,201,141,
32766,18154,5855,256,172,
32766,18134,5855,237,173,
32766,18132,5846,209,177,
32766,18120,5893,221,198,
32766,18147,5868,202,136,
32766,18146,5853,207,164,
32766,18155,5863,242,157,
32766,18136,5860,226,175,
32766,18148,5860,227,145,
32766,18149,5874,222,180,
32766,18138,5864,239,168,
32766,18152,5857,228,161,
32766,18167,5844,225,172,
32766,18161,5872,219,136,
32766,18146,5859,258,142,
32766,18193,5848,201,179,
32766,18137,5861,270,154,
32766,18163,5854,255,150,
32766,18164,5884,253,161,
32766,18140,5858,196,171,
32766,18158,5878,227,183,
32766,18149,5852,221,164,
32766,18153,5866,229,173,
32766,18141,5862,206,176,
32766,18159,5864,234,168,
32766,18146,5846,221,172,
32766,18140,5860,234,155,
32766,18148,5858,245,168,
32766,18143,5847,263,170,
32766,18157,5842,233,191,
32766,18149,5852,215,207,
32766,18124,5885,208,151,
32766,18142,5846,190,149,
32766,18132,5855,245,126,
32766,18132,5882,253,183,
32766,18134,5873,235,196,
32766,18108,5841,242,146,
32766,18152,5871,231,190,
32766,18122,5855,243,145,
32766,18151,5853,217,161,
32766,18157,5852,247,151,
32766,18148,5869,220,144,
32766,18144,5852,239,159,
32766,18151,5855,224,151,
32766,18150,5884,210,159,
32766,18179,5879,230,156,
32766,18189,5838,225,171,
32766,18187,5843,283,186,
32766,18164,5875,215,156,
32766,18132,5866,245,117,
32766,18139,5832,198,155,
32766,18152,5885,271,140,
32766,18163,5877,215,177,
32766,18150,5867,206,138,
32766,18175,5863,227,143,
32766,18160,5878,217,153,
32766,18183,5860,246,165,
32766,18181,5854,243,142,
32766,18170,5860,221,172,
32766,18175,5876,219,146,
32766,18158,5875,213,183,
32766,18173,5857,232,202,
32766,18178,5850,200,169,
32766,18155,5877,269,110,
32766,18197,5874,233,176,
32766,18176,5876,241,147,
32766,18151,5883,241,134,
32766,18149,5855,225,150,
32766,18189,5863,232,174,
32766,18170,5869,249,155,
32766,18171,5876,210,167,
32766,18178,5857,233,168,
32766,18170,5878,238,170,
32766,18174,5867,221,168,
32766,18175,5870,217,171,
32766,18172,5859,249,155,
32766,18174,5843,228,141,
32766,18143,5863,207,197,
32766,18188,5875,237,113,
32766,18170,5849,230,172,
32766,18158,5850,264,149,
32766,18142,5883,230,191,
32766,18142,5883,267,167,
32766,18151,5850,234,174,
32766,18150,5866,232,202,
32766,18161,5868,225,144,
32766,18165,5843,218,164,
32766,18174,5851,213,154,
32766,18179,5853,246,137,
32766,18157,5868,225,161,
32766,18172,5849,222,173,
32766,18179,5874,200,182,
32766,18185,5840,236,166,
32766,18190,5845,233,151,
32766,18186,5844,228,156,
32766,18184,5862,222,163,
32766,18191,5862,198,180,
32766,18180,5870,219,200,
32766,18171,5858,202,152,
32766,18186,5873,251,167,
32766,18181,5856,235,150,
32766,18185,5847,231,191,
32766,18182,5861,237,141,
32766,18188,5866,232,161,
32766,18189,5860,233,175,
32766,18194,5868,208,190,
32766,18175,5835,231,153,
32766,18193,5862,208,147,
32766,18205,5834,214,126,
32766,18174,5862,221,165,
32766,18197,5853,205,159,
32766,18165,5842,238,135,
32766,18143,5905,240,145,
32766,18153,5868,256,181,
32766,18157,5880,241,182,
32766,18178,5854,227,144,
32766,18171,5864,247,135,
32766,18175,5867,223,167,
32766,18147,5853,215,166,
32766,18159,5865,257,161,
32766,18157,5866,220,176,
32766,18155,5838,232,128,
32766,18167,5871,213,131,
32766,18169,5869,223,158,
32766,18152,5868,241,185,
32766,18184,5840,219,155,
32766,18150,5873,220,173,
32766,18192,5859,172,240,
32766,18173,5868,207,166,
32766,18128,5870,212,170,
32766,18145,5858,205,172,
32766,18159,5856,223,142,
32766,18170,5866,237,144,
32766,18152,5868,228,169,
32766,18157,5860,249,176,
32766,18176,5847,247,164,
32766,18166,5856,227,175,
32766,18169,5872,216,187,
32766,18181,5855,234,163,
32766,18153,5899,191,110,
32766,18156,5862,191,165,
32766,18173,5853,198,178,
32766,18172,5849,233,170,
32766,18174,5854,246,115,
32766,18172,5889,221,199,
32766,18167,5852,200,170,
32766,18160,5853,248,144,
32766,18168,5847,224,154,
32766,18163,5858,233,165,
32766,18169,5853,232,164,
32766,18180,5874,256,153,
32766,18188,5859,221,156,
32766,18184,5861,242,167,
32766,18166,5857,247,168,
32766,18179,5854,206,210,
32766,18178,5862,209,199,
32766,18173,5881,215,161,
32766,18181,5866,210,176,
32766,18155,5865,232,185,
32766,18199,5830,225,188,
32766,18169,5846,224,120,
32766,18182,5857,245,175,
32766,18181,5863,236,163,
32766,18191,5873,228,174,
32766,18188,5864,221,148,
32766,18182,5875,219,148,
32766,18192,5854,227,160,
32766,18198,5858,232,158,
32766,18171,5867,227,142,
32766,18189,5853,247,190,
32766,18169,5865,213,136,
32766,18230,5849,194,170,
32766,18172,5860,211,142,
32766,18196,5856,234,180,
32766,18211,5836,216,190,
32766,18203,5841,229,121,
32766,18208,5873,229,195,
32766,18199,5859,229,127,
32766,18219,5856,235,187,
32766,18198,5872,245,140,
32766,18194,5852,244,168,
32766,18199,5872,249,174,
32766,18204,5856,240,144,
32766,18194,5862,220,173,
32766,18207,5866,232,189,
32766,18173,5866,260,175,
32766,18179,5878,236,157,
32766,18192,5828,230,177,
32766,18192,5864,223,183,
32766,18209,5856,231,165,
32766,18175,5858,220,135,
32766,18206,5832,228,110,
32766,18225,5862,223,154,
32766,18191,5840,229,135,
32766,18204,5850,217,170,
32766,18212,5857,228,153,
32766,18202,5844,222,157,
32766,18190,5858,210,168,
32766,18199,5854,230,152,
32766,18185,5855,229,168,
32766,18203,5863,207,159,
32766,18208,5855,220,145,
32766,18232,5859,243,119,
32766,18208,5860,232,141,
32766,18221,5848,230,180,
32766,18216,5855,210,153,
32766,18206,5844,211,205,
32766,18195,5861,237,141,
32766,18194,5857,246,161,
32766,18202,5862,242,176,
32766,18197,5862,234,171,
32766,18190,5857,247,175,
32766,18193,5852,211,157,
32766,18200,5866,225,153,
32766,18207,5864,223,162,
32766,18212,5855,244,154,
32766,18196,5876,178,169,
32766,18216,5859,200,179,
32766,18199,5846,271,165,
32766,18180,5877,241,170,
32766,18187,5843,199,157,
32766,18184,5839,195,160,
32766,18160,5863,256,107,
32766,18214,5875,255,140,
32766,18193,5866,230,181,
32766,18202,5857,238,172,
32766,18189,5861,227,137,
32766,18173,5852,224,170,
32766,18188,5853,234,138,
32766,18190,5867,238,161,
32766,18190,5858,231,148,
32766,18185,5847,248,159,
32766,18184,5862,239,169,
32766,18179,5884,276,158,
32766,18201,5871,247,115,
32766,18215,5860,210,154,
32766,18199,5828,233,121,
32766,18191,5862,231,163,
32766,18225,5862,283,198,
32766,18222,5861,236,177,
32766,18236,5852,224,158,
32766,18232,5854,210,150,
32766,18225,5857,249,156,
32766,18235,5860,247,159,
32766,18247,5871,240,165,
32766,18234,5854,244,150,
32766,18232,5850,219,185,
32766,18265,5867,233,173,
32766,18252,5881,214,162,
32766,18233,5846,218,182,
32766,18252,5864,235,132,
32766,18238,5858,224,168,
32766,18277,5874,192,171,
32766,18250,5840,232,136,
32766,18254,5874,244,148,
32766,18260,5840,252,165,
32766,18262,5873,248,169,
32766,18264,5854,248,163,
32766,18250,5849,240,177,
32766,18262,5867,220,155,
32766,18255,5859,242,167,
32766,18254,5853,237,149,
32766,18271,5848,223,165,
32766,18266,5886,292,124,
32766,18266,5898,210,144,
32766,18281,5859,226,163,
32766,18274,5865,230,183,
32766,18293,5869,234,176,
32766,18290,5853,237,121,
32766,18274,5868,242,157,
32766,18299,5880,257,155,
32766,18292,5854,243,165,
32766,18275,5873,245,174,
32766,18285,5858,234,154,
32766,18280,5870,226,159,
32766,18284,5862,249,167,
32766,18277,5855,231,158,
32766,18281,5884,238,168,
32766,18291,5849,235,169,
32766,18267,5892,185,151,
32766,18303,5861,221,175,
32766,18276,5870,204,168,
32766,18257,5870,235,149,
32766,18269,5828,228,158,
32766,18271,5844,206,138,
32766,18291,5860,216,131,
32766,18284,5863,264,149,
32766,18287,5857,227,164,
32766,18274,5857,217,171,
32766,18283,5865,228,146,
32766,18281,5869,220,155,
32766,18268,5874,236,178,
32766,18271,5869,235,150,
32766,18267,5855,215,161,
32766,18279,5852,227,156,
32766,18279,5851,283,136,
32766,18289,5831,254,120,
32766,18296,5867,230,202,
32766,18277,5869,236,162,
32766,18295,5886,268,121,
32766,18303,5902,302,157,
32766,18281,5862,249,197,
32766,18291,5857,232,162,
32766,18278,5860,207,165,
32766,18288,5837,219,172,
32766,18294,5866,236,154,
32766,18265,5855,239,166,
32766,18285,5858,212,161,
32766,18276,5854,236,161,
32766,18285,5878,228,162,
32766,18310,5844,260,165,
32766,18282,5872,198,197,
32766,18291,5894,217,155,
32766,18287,5872,223,145,
32766,18295,5872,215,160,
32766,18317,5874,217,196,
32766,18340,5879,208,203,
32766,18319,5866,245,148,
32766,18315,5862,233,168,
32766,18314,5862,219,145,
32766,18312,5869,243,152,
32766,18330,5871,225,136,
32766,18329,5858,230,157,
32766,18345,5879,244,175,
32766,18327,5874,226,174,
32766,18324,5862,244,165,
32766,18337,5844,227,140,
32766,18296,5896,193,193,
32766,18332,5850,216,137,
32766,18342,5864,239,170,
32766,18351,5876,258,176,
32766,18353,5849,241,141,
32766,18349,5837,226,162,
32766,18351,5849,206,159,
32766,18341,5870,241,150,
32766,18346,5844,215,142,
32766,18344,5869,214,139,
32766,18360,5855,231,159,
32766,18339,5863,227,147,
32766,18354,5863,253,159,
32766,18342,5859,219,167,
32766,18364,5860,212,126,
32766,18348,5870,228,139,
32766,18341,5884,174,159,
32766,18321,5843,225,143,
32766,18321,5871,231,166,
32766,18322,5867,217,164,
32766,18330,5848,221,131,
32766,18326,5872,238,184,
32766,18339,5871,212,172,
32766,18332,5858,229,159,
32766,18329,5864,217,143,
32766,18327,5875,253,154,
32766,18327,5865,262,132,
32766,18308,5860,220,151,
32766,18331,5851,216,166,
32766,18299,5868,190,170,
32766,18323,5856,185,173,
32766,18304,5908,218,190,
32766,18360,5842,215,155,
32766,18318,5847,213,123,
32766,18313,5867,219,159,
32766,18302,5884,232,151,
32766,18314,5873,180,206,
32766,18324,5869,224,148,
32766,18309,5876,234,172,
32766,18300,5873,221,154,
32766,18303,5856,250,145,
32766,18302,5865,246,162,
32766,18305,5852,234,150,
32766,18309,5861,217,155,
32766,18311,5876,221,148,
32766,18304,5858,232,127,
32766,18314,5846,245,151,
32766,18288,5845,255,165,
32766,18298,5882,263,161,
32766,18298,5860,220,182,
32766,18273,5872,229,188,
32766,18247,5876,215,171,
32766,18284,5861,242,134,
32766,18258,5860,225,177,
32766,18292,5864,238,163,
32766,18277,5859,200,157,
32766,18287,5874,223,181,
32766,18291,5875,211,156,
32766,18253,5869,226,154,
32766,18275,5866,229,173,
32766,18271,5867,238,179,
32766,18239,5869,204,168,
32766,18284,5873,234,154,
32766,18290,5874,250,153,
32766,18306,5875,230,164,
32766,18296,5865,224,160,
32766,18275,5874,239,138,
32766,18284,5877,263,120,
32766,18309,5867,222,190,
32766,18278,5869,227,142,
32766,18288,5854,222,167,
32766,18302,5873,233,173,
32766,18298,5875,213,148,
32766,18300,5863,221,143,
32766,18312,5884,245,170,
32766,18294,5861,230,173,
32766,18332,5876,227,163,
32766,18290,5868,214,157,
32766,18302,5862,257,174,
32766,18285,5846,233,136,
32766,18289,5860,230,137,
32766,18306,5856,255,136,
32766,18333,5880,252,188,
32766,18276,5860,216,124,
32766,18303,5872,237,129,
32766,18291,5867,216,154,
32766,18305,5860,241,144,
32766,18299,5867,229,182,
32766,18302,5858,233,166,
32766,18289,5863,213,158,
32766,18296,5854,247,153,
32766,18284,5857,259,152,
32766,18258,5857,229,146,
32766,18277,5863,234,127,
32766,18263,5885,212,165,
32766,18279,5874,250,177,
32766,18291,5863,227,200,
32766,18292,5848,206,112,
32766,18273,5844,271,152,
32766,18272,5859,227,141,
32766,18283,5851,226,159,
32766,18279,5872,245,147,
32766,18284,5882,235,161,
32766,18306,5883,233,141,
32766,18291,5855,226,171,
32766,18300,5866,224,181,
32766,18302,5873,247,154,
32766,18293,5878,267,165,
32766,18313,5884,253,139,
32766,18286,5871,231,144,
32766,18315,5865,219,173,
32766,18303,5861,224,165,
32766,18325,5884,253,199,
32766,18292,5867,229,180,
32766,18302,5866,211,192,
32766,18280,5884,221,161,
32766,18300,5861,231,179,
32766,18304,5872,224,179,
32766,18297,5870,211,159,
32766,18303,5865,239,145,
32766,18287,5882,223,144,
32766,18300,5873,248,159,
32766,18296,5867,238,161,
32766,18281,5879,227,160,
32766,18282,5867,222,152,
32766,18261,5871,179,167,
32766,18292,5882,248,174,
32766,18301,5870,250,178,
32766,18307,5851,186,163,
32766,18278,5892,209,176,
32766,18327,5870,229,152,
32766,18302,5886,234,173,
32766,18301,5869,214,168,
32766,18304,5868,251,155,
32766,18303,5869,243,151,
32766,18298,5876,230,161,
32766,18322,5875,238,170,
32766,18304,5878,250,174,
32766,18316,5867,180,162,
32766,18300,5901,197,191,
32766,18288,5887,220,175,
32766,18343,5882,228,136,
32766,18328,5868,239,147,
32766,18304,5893,255,150,
32766,18345,5853,242,151,
32766,18317,5864,222,169,
32766,18335,5883,237,144,
32766,18345,5867,254,157,
32766,18326,5858,236,170,
32766,18315,5860,233,152,
32766,18323,5877,209,155,
32766,18332,5880,243,131,
32766,18330,5852,241,140,
32766,18327,5887,235,164,
32766,18347,5892,213,153,
32766,18302,5888,253,164,
32766,18373,5853,204,156,
32766,18302,5881,233,137,
32766,18312,5883,222,204,
32766,18268,5864,190,173,
32766,18306,5890,277,159,
32766,18309,5855,211,176,
32766,18308,5866,227,170,
32766,18311,5859,227,141,
32766,18313,5857,207,156,
32766,18304,5874,250,175,
32766,18304,5872,220,158,
32766,18310,5866,221,170,
32766,18307,5867,246,168,
32766,18324,5867,232,127,
32766,18333,5866,233,143,
32766,18310,5867,223,192,
32766,18348,5870,268,149,
32766,18330,5882,231,182,
32766,18347,5878,230,226,
32766,18322,5887,219,176,
32766,18342,5871,260,192,
32766,18330,5871,258,170,
32766,18328,5869,234,151,
32766,18320,5885,230,151,
32766,18336,5882,260,154,
32766,18323,5888,203,164,
32766,18319,5883,221,147,
32766,18321,5860,216,183,
32766,18336,5877,241,167,
32766,18306,5879,244,142,
32766,18328,5870,227,181,
32766,18278,5885,208,167,
32766,18359,5859,246,132,
32766,18292,5898,256,178,
32766,18306,5861,244,182,
32766,18328,5893,201,247,
32766,18294,5850,241,135,
32766,18317,5897,228,175,
32766,18319,5870,240,168,
32766,18312,5871,235,153,
32766,18316,5872,219,178,
32766,18324,5880,215,161,
32766,18313,5856,221,171,
32766,18338,5869,225,162,
32766,18333,5858,228,160,
32766,18326,5858,253,167,
32766,18356,5890,223,137,
32766,18360,5850,204,163,
32766,18329,5873,245,158,
32766,18382,5885,220,185,
32766,18359,5875,214,132,
32766,18320,5851,240,134,
32766,18372,5868,225,123,
32766,18364,5877,246,140,
32766,18366,5868,234,153,
32766,18376,5878,231,175,
32766,18367,5861,193,161,
32766,18364,5880,231,176,
32766,18376,5863,206,155,
32766,18364,5862,242,162,
32766,18376,5889,210,152,
32766,18389,5853,237,117,
32766,18375,5866,233,149,
32766,18400,5882,236,134,
32766,18385,5865,226,167,
32766,18372,5831,231,140,
32766,18365,5881,201,165,
32766,18416,5873,236,150,
32766,18396,5886,236,163,
32766,18397,5860,240,144,
32766,18412,5870,230,168,
32766,18412,5879,241,174,
32766,18402,5864,235,156,
32766,18421,5869,244,154,
32766,18414,5868,211,169,
32766,18430,5864,242,136,
32766,18420,5874,257,163,
32766,18424,5860,220,223,
32766,18454,5864,234,138,
32766,18453,5874,246,147,
32766,18494,5862,205,190,
32766,18440,5893,228,173,
32766,18443,5875,221,116,
32766,18474,5893,225,149,
32766,18454,5876,231,172,
32766,18462,5885,239,144,
32766,18460,5860,236,169,
32766,18462,5874,233,165,
32766,18454,5880,221,158,
32766,18451,5874,248,135,
32766,18434,5871,236,156,
32766,18424,5863,209,158,
32766,18421,5875,295,132,
32766,18359,5881,237,171,
32766,18421,5848,218,163,
32766,18408,5856,254,154,
32766,18419,5900,271,208,
32766,18366,5878,195,146,
32766,18415,5874,211,153,
32766,18406,5871,239,162,
32766,18398,5880,235,158,
32766,18390,5884,244,166,
32766,18380,5886,235,161,
32766,18404,5891,228,153,
32766,18420,5884,233,145,
32766,18432,5887,234,150,
32766,18443,5871,265,165,
32766,18442,5881,220,171,
32766,18465,5909,258,130,
32766,18472,5873,254,135,
32766,18488,5866,242,179,
32766,18484,5869,251,146,
32766,18502,5866,234,130,
32766,18477,5883,257,135,
32766,18489,5893,207,178,
32766,18461,5866,212,147,
32766,18477,5869,212,148,
32766,18465,5864,244,167,
32766,18493,5889,239,161,
32766,18474,5855,190,167,
32766,18458,5861,245,164,
32766,18452,5867,217,136,
32766,18428,5852,248,150,
32766,18449,5864,275,137,
32766,18399,5864,250,132,
32766,18444,5855,232,143,
32766,18422,5890,259,157,
32766,18418,5899,262,179,
32766,18415,5869,179,159,
32766,18433,5922,225,222,
32766,18447,5883,236,179,
32766,18451,5860,231,163,
32766,18447,5864,231,147,
32766,18470,5875,250,163,
32766,18446,5882,232,153,
32766,18444,5872,217,144,
32766,18424,5867,242,173,
32766,18409,5881,270,173,
32766,18390,5860,261,159,
32766,18394,5892,184,172,
32766,18413,5847,237,141,
32766,18369,5865,252,174,
32766,18353,5860,250,157,
32766,18335,5855,226,152,
32766,18336,5856,255,186,
32766,18337,5848,208,176,
32766,18314,5852,240,140,
32766,18284,5864,223,144,
32766,18273,5865,235,156,
32766,18267,5867,220,179,
32766,18234,5848,248,155,
32766,18236,5856,250,153,
32766,18243,5870,219,145,
32766,18235,5866,240,161,
32766,18201,5899,234,151,
32766,18227,5853,233,146,
32766,18269,5871,289,139,
32766,18246,5876,228,187,
32766,18242,5904,237,173,
32766,18291,5857,251,193,
32766,18282,5884,242,155,
32766,18264,5854,241,157,
32766,18294,5855,217,151,
32766,18298,5872,249,164,
32766,18318,5862,243,165,
32766,18320,5856,246,159,
32766,18322,5843,240,148,
32766,18342,5865,248,153,
32766,18363,5856,246,167,
32766,18323,5836,257,156,
32766,18372,5844,230,132,
32766,18362,5821,238,148,
32766,18326,5863,235,132,
32766,18325,5851,214,162,
32766,18323,5849,171,228,
32766,18318,5872,257,150,
32766,18301,5844,236,169,
32766,18294,5854,227,151,
32766,18286,5852,234,158,
32766,18302,5863,225,169,
32766,18301,5863,221,183,
32766,18306,5849,242,164,
32766,18293,5859,255,178,
32766,18280,5858,249,148,
32766,18287,5851,257,139,
32766,18282,5818,207,168,
32766,18280,5871,219,127,
32766,18267,5857,262,156,
32766,18258,5864,232,148,
32766,18248,5856,221,139,
32766,18261,5863,235,170,
32766,18239,5837,213,131,
32766,18254,5858,252,185,
32766,18265,5855,247,158,
32766,18269,5833,231,155,
32766,18270,5851,228,159,
32766,18281,5854,224,174,
32766,18309,5856,212,172,
32766,18278,5853,244,186,
32766,18296,5854,208,168,
32766,18298,5851,255,173,
32766,18321,5837,252,211,
32766,18271,5839,235,177,
32766,18286,5866,270,152,
32766,18292,5844,233,162,
32766,18293,5826,252,153,
32766,18306,5856,206,174,
32766,18308,5867,266,203,
32766,18295,5855,252,153,
32766,18307,5862,243,166,
32766,18318,5837,214,174,
32766,18296,5854,237,173,
32766,18290,5833,242,171,
32766,18290,5847,240,155,
32766,18283,5848,258,145,
32766,18282,5857,233,154,
32766,18278,5854,276,172,
32766,18265,5831,246,150,
32766,18262,5844,262,166,
32766,18283,5858,238,174,
32766,18269,5862,227,152,
32766,18245,5847,200,146,
32766,18249,5853,251,156,
32766,18273,5852,235,169,
32766,18256,5847,225,154,
32766,18264,5850,253,174,
32766,18280,5826,234,168,
32766,18251,5850,217,146,
32766,18263,5850,243,125,
32766,18257,5830,233,146,
32766,18277,5841,243,166,
32766,18247,5870,213,160,
32766,18256,5863,178,173,
32766,18275,5851,201,168,
32766,18276,5852,272,114,
32766,18276,5861,211,177,
32766,18294,5808,269,186,
32766,18261,5839,230,143,
32766,18279,5842,185,162,
32766,18284,5847,242,148,
32766,18286,5840,239,163,
32766,18284,5837,211,175,
32766,18285,5839,239,162,
32766,18301,5847,228,143,
32766,18293,5859,253,152,
32766,18300,5834,238,168,
32766,18317,5843,231,125,
32766,18300,5848,245,171,
32766,18314,5824,270,135,
32766,18327,5843,226,163,
32766,18336,5815,214,154,
32766,18341,5869,267,166,
32766,18304,5867,291,136,
32766,18368,5838,216,183,
32766,18338,5863,233,149,
32766,18346,5844,223,154,
32766,18364,5841,239,151,
32766,18348,5840,223,141,
32766,18384,5841,220,157,
32766,18388,5850,233,159,
32766,18396,5851,233,152,
32766,18408,5859,220,153,
32766,18416,5834,212,194,
32766,18384,5838,169,243,
32766,18427,5836,269,97,
32766,18425,5866,201,200,
32766,18428,5841,211,165,
32766,18429,5855,221,162,
32766,18443,5802,184,142,
32766,18417,5845,234,181,
32766,18445,5855,234,150,
32766,18459,5846,228,158,
32766,18469,5836,221,180,
32766,18466,5840,237,148,
32766,18478,5845,230,145,
32766,18471,5828,222,132,
32766,18495,5832,224,169,
32766,18484,5831,213,162,
32766,18471,5834,249,196,
32766,18463,5878,278,133,
32766,18480,5811,227,163,
32766,18463,5833,243,116,
32766,18461,5817,228,153,
32766,18459,5833,223,187,
32766,18428,5838,232,166,
32766,18454,5816,225,176,
32766,18473,5821,243,151,
32766,18450,5826,219,166,
32766,18454,5836,226,134,
32766,18473,5826,218,143,
32766,18497,5821,233,156,
32766,18493,5820,241,135,
32766,18509,5847,202,161,
32766,18512,5826,211,168,
32766,18525,5835,226,139,
32766,18546,5820,217,156,
32766,18552,5857,214,128,
32766,18555,5832,208,141,
32766,18567,5805,259,163,
32766,18536,5813,230,116,
32766,18544,5849,227,122,
32766,18545,5830,218,171,
32766,18546,5829,226,160,
32766,18538,5828,239,161,
32766,18528,5831,234,151,
32766,18533,5812,236,163,
32766,18517,5817,201,139,
32766,18512,5835,244,177,
32766,18516,5822,198,185,
32766,18518,5850,206,164,
32766,18481,5842,254,168,
32766,18518,5843,232,132,
32766,18493,5852,233,149,
32766,18539,5817,226,176,
32766,18541,5803,227,104,
32766,18523,5779,172,170,
32766,18520,5817,229,116,
32766,18499,5835,247,152,
32766,18484,5821,218,162,
32766,18458,5817,244,147,
32766,18460,5822,223,157,
32766,18447,5813,218,144,
32766,18417,5799,233,144,
32766,18406,5825,227,170,
32766,18394,5803,224,182,
32766,18378,5802,218,204,
32766,18352,5836,238,164,
32766,18366,5804,237,186,
32766,18384,5777,232,150,
32766,18369,5787,215,171,
32766,18325,5828,259,196,
32766,18335,5805,200,124,
32766,18325,5799,226,118,
32766,18336,5803,214,154,
32766,18329,5818,215,154,
32766,18353,5837,232,149,
32766,18338,5806,240,170,
32766,18341,5807,234,170,
32766,18334,5817,194,162,
32766,18349,5813,205,176,
32766,18340,5804,231,183,
32766,18357,5794,246,189,
32766,18326,5826,240,113,
32766,18369,5809,243,199,
32766,18353,5822,233,140,
32766,18368,5818,227,149,
32766,18310,5813,218,210,
32766,18314,5792,210,123,
32766,18333,5812,251,156,
32766,18316,5821,225,149,
32766,18312,5822,228,172,
32766,18341,5823,227,186,
32766,18315,5819,204,164,
32766,18325,5812,222,164,
32766,18311,5815,215,146,
32766,18329,5787,251,138,
32766,18298,5804,241,132,
32766,18316,5815,252,207,
32766,18284,5803,186,159,
32766,18301,5806,263,164,
32766,18284,5833,226,157,
32766,18283,5820,235,127,
32766,18331,5793,204,150,
32766,18321,5831,227,166,
32766,18307,5811,252,149,
32766,18328,5814,237,149,
32766,18332,5799,226,162,
32766,18320,5816,199,163,
32766,18340,5826,222,166,
32766,18356,5823,211,157,
32766,18361,5803,215,164,
32766,18368,5799,237,168,
32766,18399,5826,237,135,
32766,18380,5846,251,134,
32766,18410,5814,244,132,
32766,18399,5823,207,141,
32766,18391,5816,191,119,
32766,18421,5841,258,164,
32766,18419,5790,193,176,
32766,18472,5820,225,146,
32766,18460,5830,231,143,
32766,18488,5813,230,171,
32766,18472,5823,217,167,
32766,18491,5817,213,147,
32766,18491,5826,255,133,
32766,18492,5826,218,171,
32766,18494,5816,246,165,
32766,18486,5808,208,172,
32766,18536,5798,202,130,
32766,18501,5800,274,158,
32766,18489,5824,237,167,
32766,18495,5822,237,149,
32766,18513,5809,250,154,
32766,18528,5803,161,188,
32766,18507,5831,235,184,
32766,18509,5823,220,150,
32766,18513,5816,229,165,
32766,18527,5824,225,163,
32766,18530,5827,227,129,
32766,18549,5836,232,137,
32766,18564,5827,224,135,
32766,18572,5836,206,153,
32766,18573,5840,166,190,
32766,18596,5842,235,137,
32766,18627,5811,263,136,
32766,18616,5828,229,168,
32766,18619,5847,248,138,
32766,18660,5847,232,155,
32766,18629,5826,193,172,
32766,18677,5814,234,189,
32766,18692,5821,232,134,
32766,18680,5848,235,170,
32766,18707,5841,215,149,
32766,18705,5845,216,163,
32766,18710,5839,220,154,
32766,18722,5834,215,178,
32766,18743,5841,214,166,
32766,18733,5847,205,176,
32766,18747,5858,236,158,
32766,18769,5835,224,133,
32766,18730,5864,254,138,
32766,18748,5828,221,173,
32766,18742,5817,201,153,
32766,18730,5836,225,129,
32766,18736,5819,277,149,
32766,18722,5805,194,175,
32766,18706,5837,217,155,
32766,18702,5832,211,142,
32766,18709,5825,214,144,
32766,18700,5838,226,146,
32766,18720,5848,226,158,
32766,18718,5828,230,153,
32766,18704,5827,199,151,
32766,18730,5821,217,123,
32766,18710,5830,214,185,
32766,18658,5860,224,151,
32766,18703,5816,183,180,
32766,18684,5837,226,156,
32766,18662,5827,244,118,
32766,18649,5808,187,152,
32766,18658,5810,192,135,
32766,18654,5820,219,127,
32766,18647,5816,209,141,
32766,18628,5839,244,136,
32766,18647,5819,229,150,
32766,18616,5817,224,152,
32766,18615,5819,218,157,
32766,18584,5813,228,175,
32766,18591,5829,209,153,
32766,18573,5839,209,181,
32766,18565,5838,220,170,
32766,18611,5803,246,176,
32766,18587,5822,216,136,
32766,18601,5811,199,198,
32766,18607,5807,183,160,
32766,18577,5781,268,132,
32766,18562,5802,206,150,
32766,18542,5821,238,171,
32766,18550,5818,204,172,
32766,18529,5812,222,151,
32766,18514,5806,242,148,
32766,18516,5810,238,161,
32766,18505,5804,223,181,
32766,18514,5814,203,152,
32766,18518,5782,248,161,
32766,18508,5822,193,135,
32766,18505,5829,196,174,
32766,18508,5797,201,142,
32766,18524,5801,203,169,
32766,18500,5811,209,152,
32766,18503,5814,245,119,
32766,18486,5799,239,148,
32766,18494,5823,224,143,
32766,18501,5813,219,184,
32766,18485,5796,255,164,
32766,18473,5805,216,136,
32766,18454,5804,205,134,
32766,18444,5790,229,147,
32766,18457,5788,221,152,
32766,18443,5793,261,140,
32766,18438,5820,229,157,
32766,18431,5783,221,145,
32766,18446,5781,198,234,
32766,18439,5805,232,150,
32766,18427,5809,225,163,
32766,18394,5793,239,176,
32766,18426,5788,251,172,
32766,18392,5777,225,172,
32766,18372,5799,224,151,
32766,18383,5784,231,147,
32766,18378,5782,240,140,
32766,18377,5784,232,175,
32766,18375,5781,214,183,
32766,18393,5789,191,161,
32766,18396,5786,259,148,
32766,18393,5777,216,150,
32766,18395,5810,247,130,
32766,18415,5778,271,114,
32766,18388,5789,215,163,
32766,18388,5789,205,179,
32766,18402,5808,221,176,
32766,18385,5827,289,179,
32766,18374,5786,276,119,
32766,18379,5793,206,167,
32766,18372,5782,233,148,
32766,18371,5782,240,157,
32766,18368,5798,217,157,
32766,18364,5771,230,146,
32766,18374,5782,219,158,
32766,18373,5790,213,142,
32766,18383,5781,223,147,
32766,18338,5792,215,193,
32766,18372,5808,271,108,
32766,18423,5761,239,109,
32766,18384,5783,271,127,
32766,18395,5803,249,163,
32766,18394,5797,198,141,
32766,18420,5790,194,207,
32766,18438,5778,215,150,
32766,18444,5782,223,131,
32766,18444,5789,229,168,
32766,18442,5784,231,163,
32766,18453,5792,236,159,
32766,18447,5779,214,156,
32766,18468,5796,222,144,
32766,18479,5796,242,164,
32766,18472,5796,247,145,
32766,18471,5779,257,186,
32766,18476,5794,232,131,
32766,18478,5765,216,159,
32766,18460,5801,210,155,
32766,18455,5801,155,181,
32766,18475,5784,210,153,
32766,18459,5752,203,119,
32766,18465,5771,238,134,
32766,18467,5776,207,155,
32766,18481,5773,241,159,
32766,18493,5782,232,152,
32766,18489,5781,225,141,
32766,18494,5783,231,162,
32766,18507,5781,217,144,
32766,18490,5769,247,178,
32766,18505,5765,185,170,
32766,18490,5787,229,170,
32766,18484,5795,204,132,
32766,18501,5797,223,164,
32766,18493,5765,256,142,
32766,18523,5780,231,173,
32766,18491,5767,231,135,
32766,18492,5795,231,140,
32766,18495,5791,230,151,
32766,18485,5792,207,159,
32766,18488,5782,232,138,
32766,18477,5776,233,159,
32766,18461,5772,218,167,
32766,18455,5763,219,150,
32766,18452,5790,222,130,
32766,18442,5765,214,174,
32766,18429,5759,246,107,
32766,18450,5767,162,196,
32766,18412,5776,249,168,
32766,18408,5771,239,155,
32766,18422,5767,290,164,
32766,18396,5799,258,152,
32766,18403,5770,230,161,
32766,18404,5765,204,156,
32766,18396,5777,216,151,
32766,18390,5760,222,160,
32766,18387,5770,216,168,
32766,18392,5763,217,162,
32766,18375,5753,207,154,
32766,18400,5765,214,174,
32766,18382,5754,217,134,
32766,18364,5776,209,172,
32766,18367,5768,208,197,
32766,18385,5767,178,220,
32766,18377,5773,242,126,
32766,18353,5754,232,152,
32766,18349,5740,225,129,
32766,18339,5813,223,221,
32766,18366,5782,238,173,
32766,18344,5773,230,149,
32766,18347,5768,224,142,
32766,18329,5772,210,152,
32766,18326,5774,227,148,
32766,18318,5775,237,156,
32766,18320,5746,216,161,
32766,18332,5779,233,154,
32766,18341,5782,217,145,
32766,18338,5786,239,154,
32766,18306,5771,239,97,
32766,18314,5754,197,146,
32766,18319,5764,241,156,
32766,18293,5766,200,133,
32766,18290,5764,237,126,
32766,18306,5774,228,144,
32766,18320,5774,217,176,
32766,18319,5776,222,163,
32766,18312,5783,231,147,
32766,18285,5778,226,143,
32766,18301,5766,234,156,
32766,18298,5776,241,144,
32766,18301,5777,229,184,
32766,18300,5765,256,132,
32766,18278,5792,229,166,
32766,18277,5781,208,159,
32766,18325,5764,231,160,
32766,18300,5778,226,176,
32766,18322,5794,258,153,
32766,18298,5786,278,142,
32766,18299,5803,206,126,
32766,18334,5775,231,187,
32766,18319,5781,230,151,
32766,18335,5784,237,145,
32766,18341,5788,248,155,
32766,18345,5770,215,159,
32766,18332,5775,233,164,
32766,18353,5785,244,156,
32766,18347,5793,206,164,
32766,18319,5790,232,161,
32766,18328,5807,180,163,
32766,18340,5781,231,176,
32766,18344,5787,211,130,
32766,18332,5795,219,178,
32766,18359,5822,226,203,
32766,18344,5811,250,176,
32766,18349,5790,237,170,
32766,18360,5793,217,182,
32766,18351,5784,220,161,
32766,18358,5789,238,140,
32766,18341,5797,216,143,
32766,18333,5790,218,161,
32766,18314,5804,214,153,
32766,18318,5783,222,133,
32766,18326,5793,210,129,
32766,18343,5764,192,169,
32766,18334,5749,248,166,
32766,18301,5788,212,151,
32766,18301,5790,236,155,
32766,18308,5787,283,127,
32766,18307,5773,229,155,
32766,18322,5770,201,172,
32766,18301,5799,221,120,
32766,18349,5789,240,162,
32766,18325,5786,226,150,
32766,18346,5796,233,166,
32766,18339,5802,230,161,
32766,18339,5789,238,155,
32766,18342,5787,226,134,
32766,18330,5788,218,125,
32766,18339,5804,183,175,
32766,18335,5796,245,165,
32766,18327,5810,207,136,
32766,18348,5804,221,157,
32766,18336,5788,272,140,
32766,18349,5765,178,157,
32766,18314,5800,211,161,
32766,18323,5795,205,165,
32766,18312,5804,228,151,
32766,18316,5786,245,130,
32766,18313,5803,238,159,
32766,18316,5805,232,152,
32766,18304,5818,219,148,
32766,18327,5804,244,148,
32766,18320,5795,224,170,
32766,18325,5805,241,170,
32766,18306,5811,261,154,
32766,18333,5786,223,124,
32766,18338,5805,226,168,
32766,18321,5804,220,148,
32766,18320,5800,238,169,
32766,18337,5835,259,219,
32766,18336,5783,245,197,
32766,18332,5765,210,166,
32766,18317,5792,231,144,
32766,18325,5801,242,157,
32766,18330,5812,212,183,
32766,18323,5804,222,142,
32766,18316,5813,234,157,
32766,18332,5805,227,146,
32766,18327,5802,248,174,
32766,18334,5812,242,135,
32766,18337,5801,222,185,
32766,18345,5775,224,172,
32766,18304,5807,219,141,
32766,18318,5812,251,168,
32766,18356,5816,227,184,
32766,18334,5829,223,139,
32766,18349,5819,238,177,
32766,18360,5811,236,149,
32766,18369,5806,222,141,
32766,18365,5806,231,176,
32766,18376,5809,247,132,
32766,18396,5811,236,141,
32766,18370,5815,221,153,
32766,18363,5810,220,163,
32766,18358,5815,233,148,
32766,18356,5817,239,166,
32766,18350,5841,245,184,
32766,18362,5819,180,191,
32766,18378,5832,222,149,
32766,18395,5836,248,176,
32766,18400,5815,189,185,
32766,18397,5817,214,109,
32766,18401,5837,230,143,
32766,18418,5822,245,185,
32766,18419,5825,245,161,
32766,18431,5813,237,163,
32766,18430,5838,204,160,
32766,18446,5820,233,158,
32766,18446,5824,230,140,
32766,18445,5823,248,146,
32766,18430,5805,239,160,
32766,18454,5854,233,125,
32766,18430,5827,250,149,
32766,18439,5820,202,160,
32766,18428,5809,230,134,
32766,18437,5819,214,167,
32766,18435,5833,278,155,
32766,18441,5812,238,117,
32766,18451,5824,213,186,
32766,18456,5817,238,143,
32766,18454,5815,218,155,
32766,18448,5830,216,159,
32766,18444,5828,205,169,
32766,18449,5821,215,151,
32766,18462,5813,232,159,
32766,18450,5823,226,157,
32766,18454,5831,261,162,
32766,18467,5821,257,167,
32766,18460,5826,225,184,
32766,18479,5823,238,148,
32766,18465,5817,245,180,
32766,18465,5833,248,161,
32766,18453,5828,218,212,
32766,18451,5840,220,138,
32766,18448,5838,229,157,
32766,18450,5818,227,168,
32766,18448,5834,236,161,
32766,18450,5814,215,160,
32766,18450,5827,232,157,
32766,18452,5829,226,150,
32766,18458,5816,216,161,
32766,18449,5821,242,185,
32766,18483,5813,213,125,
32766,18436,5834,214,165,
32766,18459,5814,219,161,
32766,18450,5827,213,190,
32766,18477,5851,230,155,
32766,18461,5825,237,155,
32766,18464,5829,216,157,
32766,18458,5833,220,163,
32766,18445,5838,239,145,
32766,18444,5823,227,178,
32766,18451,5829,221,163,
32766,18459,5820,243,127,
32766,18449,5827,234,169,
32766,18475,5822,229,158,
32766,18428,5823,243,164,
32766,18467,5808,231,154,
32766,18448,5821,257,87,
32766,18445,5816,185,174,
32766,18408,5801,243,113,
32766,18369,5826,224,158,
32766,18367,5801,223,146,
32766,18385,5793,248,100,
32766,18383,5807,206,142,
32766,18386,5829,230,164,
32766,18379,5806,204,151,
32766,18378,5814,214,159,
32766,18398,5809,219,167,
32766,18383,5804,231,154,
32766,18388,5823,230,172,
32766,18390,5832,221,148,
32766,18424,5820,230,153,
32766,18368,5822,199,191,
32766,18410,5844,209,160,
32766,18429,5815,217,129,
32766,18413,5834,245,144,
32766,18438,5845,278,169,
32766,18444,5870,272,177,
32766,18428,5820,224,80,
32766,18473,5819,240,143,
32766,18464,5826,249,134,
32766,18475,5815,208,147,
32766,18499,5810,233,154,
32766,18477,5821,244,146,
32766,18497,5831,235,164,
32766,18490,5818,231,166,
32766,18477,5833,219,169,
32766,18463,5823,233,112,
32766,18472,5834,223,145,
32766,18460,5821,234,162,
32766,18474,5823,186,155,
32766,18471,5796,230,137,
32766,18451,5821,210,168,
32766,18453,5821,209,204,
32766,18450,5791,217,153,
32766,18452,5828,237,166,
32766,18453,5794,241,156,
32766,18460,5805,224,137,
32766,18467,5819,213,158,
32766,18485,5819,212,156,
32766,18490,5823,218,159,
32766,18493,5798,221,184,
32766,18514,5820,225,201,
32766,18570,5781,180,166,
32766,18545,5823,235,156,
32766,18513,5825,263,147,
32766,18541,5827,245,123,
32766,18510,5842,246,158,
32766,18507,5816,226,133,
32766,18515,5820,207,103,
32766,18539,5827,211,164,
32766,18520,5828,234,159,
32766,18495,5828,209,134,
32766,18514,5821,216,149,
32766,18489,5820,256,160,
32766,18474,5808,235,146,
32766,18469,5834,231,156,
32766,18474,5809,225,179,
32766,18431,5827,259,128,
32766,18452,5813,257,168,
32766,18446,5814,233,163,
32766,18420,5835,219,157,
32766,18445,5791,222,173,
32766,18460,5789,252,158,
32766,18482,5812,241,170,
32766,18411,5799,210,129,
32766,18442,5795,238,164,
32766,18452,5800,235,136,
32766,18441,5827,221,148,
32766,18454,5803,227,158,
32766,18450,5817,215,158,
32766,18437,5816,225,167,
32766,18443,5830,225,141,
32766,18472,5806,234,170,
32766,18472,5837,211,167,
32766,18459,5805,225,196,
32766,18479,5810,243,143,
32766,18509,5821,248,161,
32766,18468,5835,287,158,
32766,18498,5796,227,135,
32766,18492,5798,242,148,
32766,18479,5818,233,159,
32766,18504,5817,231,162,
32766,18488,5822,212,157,
32766,18508,5811,218,153,
32766,18506,5802,232,163,
32766,18479,5800,203,160,
32766,18479,5820,237,164,
32766,18445,5808,247,154,
32766,18451,5819,252,162,
32766,18509,5775,276,119,
32766,18459,5823,243,203,
32766,18445,5807,218,148,
32766,18450,5817,210,146,
32766,18447,5818,225,189,
32766,18463,5799,189,111,
32766,18470,5813,215,149,
32766,18468,5803,212,168,
32766,18481,5799,214,173,
32766,18482,5801,234,142,
32766,18476,5800,228,155,
32766,18489,5809,225,152,
32766,18490,5796,202,140,
32766,18500,5808,239,134,
32766,18483,5812,232,166,
32766,18495,5828,215,127,
32766,18543,5783,187,184,
32766,18522,5810,218,165,
32766,18530,5814,229,137,
32766,18532,5801,251,143,
32766,18537,5813,250,152,
32766,18550,5816,248,163,
32766,18542,5788,230,165,
32766,18548,5791,242,168,
32766,18563,5817,220,199,
32766,18555,5805,229,135,
32766,18564,5809,230,160,
32766,18580,5804,213,161,
32766,18568,5796,224,154,
32766,18578,5817,240,174,
32766,18606,5843,252,104,
32766,18608,5822,203,186,
32766,18622,5820,219,190,
32766,18631,5818,212,161,
32766,18634,5833,244,161,
32766,18620,5795,154,204,
32766,18607,5820,213,124,
32766,18645,5812,216,148,
32766,18626,5826,222,161,
32766,18637,5813,213,157,
32766,18635,5816,222,144,
32766,18621,5818,240,166,
32766,18626,5814,248,154,
32766,18635,5802,249,153,
32766,18632,5815,236,152,
32766,18648,5836,198,164,
32766,18673,5799,257,124,
32766,18650,5801,223,167,
32766,18640,5825,247,121,
32766,18648,5812,213,155,
32766,18654,5818,206,182,
32766,18654,5802,237,156,
32766,18652,5794,253,144,
32766,18621,5806,203,152,
32766,18623,5816,226,160,
32766,18632,5789,243,146,
32766,18645,5816,241,156,
32766,18644,5810,229,148,
32766,18649,5789,225,169,
32766,18648,5794,212,148,
32766,18660,5808,225,184,
32766,18677,5808,193,135,
32766,18684,5803,239,142,
32766,18639,5804,238,190,
32766,18640,5824,202,150,
32766,18627,5795,207,152,
32766,18629,5794,227,152,
32766,18580,5832,180,176,
32766,18615,5823,224,158,
32766,18609,5798,215,162,
32766,18610,5807,231,154,
32766,18600,5797,219,141,
32766,18596,5805,221,143,
32766,18589,5803,224,141,
32766,18600,5803,211,165,
32766,18601,5797,229,186,
32766,18573,5798,241,150,
32766,18564,5786,221,151,
32766,18577,5785,172,185,
32766,18534,5798,238,175,
32766,18519,5782,278,134,
32766,18515,5782,255,138,
32766,18460,5790,217,125,
32766,18443,5771,236,159,
32766,18427,5782,237,149,
32766,18403,5791,231,170,
32766,18405,5782,216,156,
32766,18391,5764,221,136,
32766,18392,5796,220,151,
32766,18396,5779,218,166,
32766,18394,5779,234,177,
32766,18382,5768,222,162,
32766,18376,5784,165,179,
32766,18391,5764,224,163,
32766,18373,5762,206,156,
32766,18388,5791,231,160,
32766,18369,5787,204,167,
32766,18355,5823,225,197,
32766,18436,5783,216,242,
32766,18406,5776,194,165,
32766,18408,5776,214,137,
32766,18405,5780,227,145,
32766,18396,5781,219,149,
32766,18393,5756,196,155,
32766,18404,5771,235,139,
32766,18395,5778,219,174,
32766,18406,5772,238,161,
32766,18411,5768,221,151,
32766,18446,5754,222,161,
32766,18451,5771,199,152,
32766,18479,5779,235,182,
32766,18504,5767,211,132,
32766,18523,5771,215,167,
32766,18536,5810,257,196,
32766,18545,5777,226,158,
32766,18540,5777,215,150,
32766,18522,5779,208,176,
32766,18495,5782,216,162,
32766,18477,5776,223,161,
32766,18456,5765,222,133,
32766,18441,5765,217,155,
32766,18446,5778,206,159,
32766,18432,5773,240,143,
32766,18432,5771,199,163,
32766,18449,5761,238,161,
32766,18451,5744,192,117,
32766,18426,5771,234,158,
32766,18420,5786,225,129,
32766,18450,5749,229,144,
32766,18439,5759,191,186,
32766,18454,5769,227,124,
32766,18435,5767,201,130,
32766,18463,5764,211,163,
32766,18462,5767,226,173,
32766,18468,5784,235,145,
32766,18475,5757,220,165,
32766,18492,5759,219,165,
32766,18494,5780,210,115,
32766,18494,5786,199,153,
32766,18479,5819,178,174,
32766,18517,5797,211,148,
32766,18519,5789,209,118,
32766,18516,5786,181,161,
32766,18530,5750,248,135,
32766,18538,5757,225,154,
32766,18548,5782,217,147,
32766,18537,5771,220,143,
32766,18545,5779,222,157,
32766,18545,5774,226,133,
32766,18515,5795,244,142,
32766,18544,5778,232,173,
32766,18529,5774,209,154,
32766,18517,5787,220,133,
32766,18502,5769,206,120,
32766,18506,5755,266,155,
32766,18492,5790,250,147,
32766,18509,5765,200,191,
32766,18518,5753,198,171,
32766,18510,5777,169,185,
32766,18520,5762,263,169,
32766,18492,5769,235,132,
32766,18530,5767,225,170,
32766,18511,5765,209,158,
32766,18528,5759,224,153,
32766,18534,5753,225,138,
32766,18516,5751,223,149,
32766,18495,5784,226,144,
32766,18513,5778,225,130,
32766,18500,5767,233,190,
32766,18504,5784,214,159,
32766,18513,5779,279,101,
32766,18508,5745,219,154,
32766,18516,5780,208,154,
32766,18528,5781,232,144,
32766,18512,5773,226,191,
32766,18578,5730,201,155,
32766,18537,5764,223,204,
32766,18534,5781,212,147,
32766,18511,5781,235,147,
32766,18522,5773,205,161,
32766,18518,5772,230,166,
32766,18504,5764,226,146,
32766,18504,5762,219,154,
32766,18502,5773,229,152,
32766,18517,5747,200,156,
32766,18497,5775,212,147,
32766,18505,5783,181,180,
32766,18481,5783,228,182,
32766,18488,5778,222,174,
32766,18498,5778,224,176,
32766,18480,5790,272,162,
32766,18452,5743,207,159,
32766,18445,5771,230,153,
32766,18440,5776,222,153,
32766,18446,5784,234,156,
32766,18451,5763,235,148,
32766,18451,5770,252,157,
32766,18441,5773,234,162,
32766,18429,5765,235,171,
32766,18417,5784,220,148,
32766,18404,5802,203,147,
32766,18417,5799,220,176,
32766,18439,5791,181,172,
32766,18430,5793,217,121,
32766,18461,5785,202,149,
32766,18469,5746,195,172,
32766,18470,5767,215,124,
32766,18520,5788,244,158,
32766,18510,5781,236,155,
32766,18537,5790,229,144,
32766,18539,5794,229,182,
32766,18548,5791,227,148,
32766,18565,5781,243,165,
32766,18568,5788,220,154,
32766,18579,5794,203,152,
32766,18582,5796,257,158,
32766,18588,5798,203,141,
32766,18592,5811,260,129,
32766,18577,5790,222,189,
32766,18598,5796,204,161,
32766,18579,5810,245,182,
32766,18603,5800,243,160,
32766,18606,5797,266,135,
32766,18607,5804,197,179,
32766,18598,5811,219,186,
32766,18605,5806,238,162,
32766,18613,5784,223,152,
32766,18573,5794,246,145,
32766,18594,5810,221,165,
32766,18591,5809,240,133,
32766,18589,5799,218,175,
32766,18589,5792,204,165,
32766,18592,5812,215,186,
32766,18604,5788,260,117,
32766,18607,5803,225,149,
32766,18621,5796,253,144,
32766,18620,5819,214,174,
32766,18627,5788,225,155,
32766,18625,5795,260,189,
32766,18611,5793,226,160,
32766,18633,5797,205,172,
32766,18627,5804,201,155,
32766,18620,5795,238,173,
32766,18630,5797,229,168,
32766,18633,5807,224,184,
32766,18626,5807,233,143,
32766,18616,5800,223,146,
32766,18633,5781,268,178,
32766,18634,5813,229,158,
32766,18625,5816,213,164,
32766,18635,5796,207,154,
32766,18639,5815,199,174,
32766,18609,5803,212,144,
32766,18613,5787,225,168,
32766,18581,5807,232,161,
32766,18575,5803,217,144,
32766,18601,5810,205,165,
32766,18588,5814,225,181,
32766,18595,5817,212,170,
32766,18616,5789,228,153,
32766,18620,5814,208,160,
32766,18609,5820,217,179,
32766,18626,5797,225,149,
32766,18587,5824,251,150,
32766,18598,5821,267,152,
32766,18595,5819,227,162,
32766,18614,5797,257,168,
32766,18596,5827,213,150,
32766,18555,5811,228,170,
32766,18571,5794,204,146,
32766,18569,5813,236,150,
32766,18591,5809,218,176,
32766,18576,5804,227,158,
32766,18582,5808,236,145,
32766,18559,5812,205,182,
32766,18572,5802,218,129,
32766,18567,5812,209,133,
32766,18588,5814,213,147,
32766,18589,5820,226,143,
32766,18597,5816,238,132,
32766,18604,5826,220,133,
32766,18603,5819,217,139,
32766,18595,5786,191,154,
32766,18601,5769,228,143,
32766,18582,5838,213,147,
32766,18615,5813,231,162,
32766,18595,5812,220,177,
32766,18584,5825,248,132,
32766,18607,5830,221,182,
32766,18618,5808,220,163,
32766,18602,5817,206,158,
32766,18628,5807,225,156,
32766,18605,5810,227,127,
32766,18608,5811,227,132,
32766,18595,5804,271,85,
32766,18614,5830,234,171,
32766,18637,5828,212,131,
32766,18621,5805,197,148,
32766,18624,5826,268,140,
32766,18633,5805,218,161,
32766,18640,5824,241,154,
32766,18645,5818,228,150,
32766,18631,5830,210,167,
32766,18652,5817,230,160,
32766,18645,5826,242,153,
32766,18637,5818,222,157,
32766,18642,5838,219,153,
32766,18644,5830,241,176,
32766,18617,5830,222,153,
32766,18610,5841,229,149,
32766,18603,5838,236,140,
32766,18590,5812,238,177,
32766,18576,5810,228,147,
32766,18547,5823,213,136,
32766,18581,5817,220,176,
32766,18533,5823,237,157,
32766,18550,5800,228,138,
32766,18531,5816,224,131,
32766,18543,5831,208,163,
32766,18542,5814,217,151,
32766,18545,5810,211,154,
32766,18553,5825,228,158,
32766,18566,5826,244,181,
32766,18557,5822,239,176,
32766,18577,5812,229,153,
32766,18584,5829,215,165,
32766,18562,5809,225,126,
32766,18562,5808,235,170,
32766,18540,5810,227,173,
32766,18569,5813,216,161,
32766,18541,5819,226,168,
32766,18541,5826,245,169,
32766,18552,5830,235,167,
32766,18544,5832,221,171,
32766,18557,5817,205,164,
32766,18572,5805,224,123,
32766,18563,5823,248,134,
32766,18567,5825,212,161,
32766,18573,5823,213,151,
32766,18586,5827,243,100,
32766,18598,5812,244,177,
32766,18588,5844,251,151,
32766,18620,5831,227,155,
32766,18595,5822,221,178,
32766,18594,5804,232,168,
32766,18601,5832,286,156,
32766,18614,5821,219,164,
32766,18604,5824,223,132,
32766,18604,5819,206,149,
32766,18622,5826,215,160,
32766,18608,5817,212,158,
32766,18627,5839,229,156,
32766,18609,5839,230,154,
32766,18630,5820,203,181,
32766,18623,5831,248,128,
32766,18651,5812,216,165,
32766,18598,5864,245,158,
32766,18642,5811,206,177,
32766,18659,5822,229,151,
32766,18629,5824,277,145,
32766,18636,5846,217,206,
32766,18664,5813,229,137,
32766,18624,5817,243,99,
32766,18625,5834,206,163,
32766,18628,5823,264,136,
32766,18633,5821,237,144,
32766,18617,5831,217,177,
32766,18623,5815,219,168,
32766,18616,5833,231,135,
32766,18605,5826,216,147,
32766,18608,5831,245,151,
32766,18613,5818,194,134,
32766,18583,5850,242,204,
32766,18596,5835,205,170,
32766,18587,5831,235,166,
32766,18578,5831,244,141,
32766,18559,5851,243,151,
32766,18571,5812,251,136,
32766,18582,5823,240,148,
32766,18585,5832,225,175,
32766,18568,5827,229,162,
32766,18562,5826,226,136,
32766,18569,5817,216,127,
32766,18563,5820,224,151,
32766,18564,5821,218,155,
32766,18583,5811,244,143,
32766,18587,5814,152,175,
32766,18549,5857,274,148,
32766,18579,5825,247,175,
32766,18567,5839,262,130,
32766,18574,5835,245,184,
32766,18563,5803,209,140,
32766,18551,5818,225,146,
32766,18553,5823,239,174,
32766,18583,5822,216,170,
32766,18575,5821,233,143,
32766,18579,5822,232,138,
32766,18573,5829,231,167,
32766,18582,5823,228,143,
32766,18576,5820,232,170,
32766,18569,5834,240,187,
32766,18572,5834,242,176,
32766,18571,5834,247,176,
32766,18538,5807,264,146,
32766,18569,5814,240,104,
32766,18560,5830,226,153,
32766,18547,5837,277,147,
32766,18536,5809,198,180,
32766,18556,5822,232,211,
32766,18553,5827,245,159,
32766,18567,5827,222,180,
32766,18545,5837,209,171,
32766,18534,5821,223,153,
32766,18534,5819,226,166,
32766,18547,5819,234,165,
32766,18539,5824,223,168,
32766,18544,5816,236,128,
32766,18532,5848,239,159,
32766,18544,5827,274,120,
32766,18542,5813,251,198,
32766,18517,5840,217,137,
32766,18530,5844,202,153,
32766,18517,5833,234,161,
32766,18558,5820,220,128,
32766,18518,5822,251,150,
32766,18537,5838,237,164,
32766,18525,5820,208,169,
32766,18515,5820,220,174,
32766,18537,5822,229,179,
32766,18521,5816,219,146,
32766,18537,5822,228,163,
32766,18542,5840,247,119,
32766,18517,5839,242,155,
32766,18549,5811,268,104,
32766,18526,5813,237,194,
32766,18531,5826,211,195,
32766,18524,5820,236,159,
32766,18532,5815,207,168,
32766,18522,5830,262,134,
32766,18528,5811,255,139,
32766,18534,5824,236,157,
32766,18520,5834,234,146,
32766,18513,5826,244,135,
32766,18516,5828,252,159,
32766,18514,5818,248,147,
32766,18507,5817,214,162,
32766,18520,5810,234,187,
32766,18505,5838,224,139,
32766,18514,5818,217,188,
32766,18523,5828,229,129,
32766,18512,5833,194,219,
32766,18518,5838,211,180,
32766,18485,5833,229,142,
32766,18512,5827,225,188,
32766,18491,5823,228,119,
32766,18479,5836,230,149,
32766,18503,5836,216,168,
32766,18494,5837,242,153,
32766,18509,5836,223,155,
32766,18511,5829,230,157,
32766,18502,5836,239,169,
32766,18495,5823,233,129,
32766,18506,5836,222,164,
32766,18512,5849,237,202,
32766,18533,5798,256,121,
32766,18517,5837,198,159,
32766,18512,5814,238,136,
32766,18536,5821,237,140,
32766,18524,5833,236,195,
32766,18524,5825,257,138,
32766,18502,5836,251,188,
32766,18523,5824,224,179,
32766,18519,5835,220,152,
32766,18521,5837,239,160,
32766,18507,5827,245,173,
32766,18518,5834,230,127,
32766,18510,5818,200,147,
32766,18529,5831,243,142,
32766,18518,5829,233,136,
32766,18551,5826,237,160,
32766,18521,5819,246,185,
32766,18510,5839,258,143,
32766,18537,5826,232,143,
32766,18552,5831,241,144,
32766,18563,5831,216,199,
32766,18545,5826,219,157,
32766,18542,5829,211,145,
32766,18554,5830,197,153,
32766,18546,5833,211,127,
32766,18555,5827,246,164,
32766,18550,5839,213,154,
32766,18554,5820,248,155,
32766,18553,5818,216,152,
32766,18545,5840,238,156,
32766,18536,5827,245,161,
32766,18563,5843,248,121,
32766,18542,5858,204,135,
32766,18535,5845,248,155,
32766,18540,5848,238,144,
32766,18582,5843,201,192,
32766,18589,5823,288,227,
32766,18564,5845,254,164,
32766,18548,5838,242,146,
32766,18555,5837,202,161,
32766,18572,5834,244,164,
32766,18539,5839,247,159,
32766,18550,5828,212,138,
32766,18565,5836,222,160,
32766,18561,5821,247,126,
32766,18566,5813,218,133,
32766,18568,5813,231,163,
32766,18559,5816,237,144,
32766,18554,5831,238,167,
32766,18560,5816,231,183,
32766,18559,5825,232,117,
32766,18571,5812,211,141,
32766,18538,5842,262,150,
32766,18558,5827,223,135,
32766,18563,5837,231,147,
32766,18563,5830,246,135,
32766,18562,5838,232,179,
32766,18558,5858,215,168,
32766,18571,5822,232,164,
32766,18551,5817,243,158,
32766,18574,5855,221,164,
32766,18578,5869,225,119,
32766,18535,5850,203,128,
32766,18588,5842,236,149,
32766,18564,5841,236,135,
32766,18566,5827,190,159,
32766,18572,5868,244,178,
32766,18576,5838,261,163,
32766,18575,5823,216,121,
32766,18568,5847,246,165,
32766,18570,5824,225,166,
32766,18578,5819,213,161,
32766,18557,5826,253,156,
32766,18584,5820,228,167,
32766,18574,5835,212,154,
32766,18577,5822,232,186,
32766,18577,5826,259,177,
32766,18592,5831,281,115,
32766,18582,5837,213,171,
32766,18592,5827,242,130,
32766,18557,5835,225,164,
32766,18558,5823,209,183,
32766,18545,5821,236,143,
32766,18542,5822,216,164,
32766,18582,5827,234,165,
32766,18567,5827,217,150,
32766,18572,5829,222,142,
32766,18578,5827,209,179,
32766,18559,5811,230,151,
32766,18562,5832,240,146,
32766,18564,5823,231,164,
32766,18582,5836,247,137,
32766,18549,5841,203,160,
32766,18544,5827,261,166,
32766,18559,5811,201,130,
32766,18576,5823,218,148,
32766,18567,5832,241,160,
32766,18564,5850,242,209,
32766,18539,5841,256,168,
32766,18542,5825,232,121,
32766,18553,5843,216,166,
32766,18543,5842,248,143,
32766,18559,5831,229,140,
32766,18556,5826,226,162,
32766,18553,5838,213,157,
32766,18555,5831,242,152,
32766,18556,5812,233,143,
32766,18529,5844,256,136,
32766,18506,5839,237,154,
32766,18572,5818,284,133,
32766,18538,5829,227,157,
32766,18543,5820,205,169,
32766,18542,5811,193,201,
32766,18561,5803,225,145,
32766,18529,5849,226,184,
32766,18544,5836,250,136,
32766,18541,5832,234,164,
32766,18550,5840,222,147,
32766,18552,5822,239,153,
32766,18534,5822,230,158,
32766,18563,5834,212,149,
32766,18552,5833,232,173,
32766,18557,5820,227,158,
32766,18556,5827,253,154,
32766,18568,5808,191,170,
32766,18536,5815,283,135,
32766,18539,5845,224,175,
32766,18577,5805,259,112,
32766,18559,5839,282,108,
32766,18576,5824,233,151,
32766,18566,5832,225,136,
32766,18555,5821,234,141,
32766,18567,5833,215,170,
32766,18562,5830,238,158,
32766,18554,5840,230,157,
32766,18539,5833,245,148,
32766,18559,5828,227,161,
32766,18551,5824,220,147,
32766,18533,5829,227,145,
32766,18560,5822,244,177,
32766,18555,5832,225,170,
32766,18561,5832,224,119,
32766,18558,5812,229,152,
32766,18569,5822,242,106,
32766,18562,5835,233,160,
32766,18555,5809,238,154,
32766,18569,5827,206,157,
32766,18588,5823,222,183,
32766,18583,5821,205,156,
32766,18580,5831,235,146,
32766,18558,5829,232,149,
32766,18586,5837,240,165,
32766,18557,5841,213,160,
32766,18578,5842,234,141,
32766,18582,5825,234,161,
32766,18590,5803,265,198,
32766,18580,5797,220,159,
32766,18570,5825,224,131,
32766,18573,5835,222,198,
32766,18592,5854,226,180,
32766,18586,5819,233,134,
32766,18583,5833,219,139,
32766,18599,5821,235,150,
32766,18587,5839,251,170,
32766,18583,5824,247,154,
32766,18572,5825,218,160,
32766,18594,5836,227,163,
32766,18578,5831,245,154,
32766,18587,5847,192,150,
32766,18599,5802,268,161,
32766,18588,5830,225,144,
32766,18578,5834,263,112,
32766,18603,5844,262,150,
32766,18557,5813,217,134,
32766,18611,5810,234,143,
32766,18591,5862,234,141,
32766,18613,5821,211,141,
32766,18593,5822,212,171,
32766,18605,5825,239,154,
32766,18584,5831,207,150,
32766,18593,5823,227,158,
32766,18570,5824,211,165,
32766,18575,5834,238,163,
32766,18569,5822,226,155,
32766,18578,5827,253,160,
32766,18621,5786,265,137,
32766,18604,5820,222,180,
32766,18575,5829,206,160,
32766,18576,5842,242,151,
32766,18560,5822,245,166,
32766,18587,5804,238,101,
32766,18597,5816,213,119,
32766,18605,5819,232,158,
32766,18598,5831,242,140,
32766,18582,5830,213,129,
32766,18584,5834,221,147,
32766,18588,5829,244,154,
32766,18599,5824,249,168,
32766,18575,5841,229,166,
32766,18596,5837,216,128,
32766,18605,5818,203,175,
32766,18593,5839,201,163,
32766,18566,5869,211,113,
32766,18599,5817,257,169,
32766,18588,5830,253,199,
32766,18591,5870,249,181,
32766,18586,5829,232,128,
32766,18590,5834,242,168,
32766,18583,5821,228,144,
32766,18575,5843,243,121,
32766,18578,5836,243,168,
32766,18580,5829,219,190,
32766,18591,5839,218,166,
32766,18583,5827,215,134,
32766,18600,5826,232,153,
32766,18593,5844,220,163,
32766,18613,5840,199,182,
32766,18619,5822,210,147,
32766,18585,5854,237,150,
32766,18630,5823,239,170,
32766,18596,5841,238,135,
32766,18593,5878,272,116,
32766,18598,5822,254,151,
32766,18617,5831,232,155,
32766,18623,5837,220,159,
32766,18636,5828,219,186,
32766,18628,5844,249,149,
32766,18606,5834,223,154,
32766,18614,5818,241,155,
32766,18614,5840,251,181,
32766,18605,5821,242,155,
32766,18606,5833,217,171,
32766,18629,5854,253,159,
32766,18628,5829,224,171,
32766,18631,5817,212,170,
32766,18634,5828,233,213,
32766,18639,5848,230,175,
32766,18604,5827,254,168,
32766,18611,5836,235,170,
32766,18610,5831,214,158,
32766,18607,5829,239,158,
32766,18608,5852,211,170,
32766,18617,5837,201,146,
32766,18605,5817,250,160,
32766,18612,5822,198,151,
32766,18601,5836,232,144,
32766,18630,5861,186,138,
32766,18593,5843,209,156,
32766,18621,5823,213,174,
32766,18604,5812,197,162,
32766,18637,5810,202,178,
32766,18601,5832,194,186,
32766,18605,5829,223,140,
32766,18614,5832,253,126,
32766,18625,5820,239,179,
32766,18601,5841,238,152,
32766,18616,5820,210,160,
32766,18600,5825,221,138,
32766,18625,5828,235,146,
32766,18622,5828,234,157,
32766,18607,5843,273,158,
32766,18592,5822,236,147,
32766,18601,5813,259,185,
32766,18615,5834,213,199,
32766,18618,5827,242,166,
32766,18618,5813,233,164,
32766,18620,5834,271,127,
32766,18614,5819,281,181,
32766,18607,5816,200,181,
32766,18648,5828,222,150,
32766,18649,5841,219,162,
32766,18685,5830,226,152,
32766,18694,5816,227,162,
32766,18708,5822,215,167,
32766,18714,5824,229,168,
32766,18733,5840,226,163,
32766,18776,5853,211,186,
32766,18757,5860,219,196,
32766,18760,5844,238,128,
32766,18820,5848,211,147,
32766,18798,5832,248,166,
32766,18801,5865,251,124,
32766,18813,5835,183,139,
32766,18806,5816,184,121,
32766,18818,5846,209,155,
32766,18840,5866,240,147,
32766,18849,5854,234,172,
32766,18840,5843,224,165,
32766,18858,5860,223,143,
32766,18852,5861,241,147,
32766,18847,5842,223,154,
32766,18844,5850,260,150,
32766,18850,5837,246,218,
32766,18854,5833,245,172,
32766,18855,5813,240,119,
32766,18830,5840,219,165,
32766,18821,5836,240,138,
32766,18782,5837,212,148,
32766,18788,5840,220,143,
32766,18806,5831,244,145,
32766,18781,5835,224,141,
32766,18773,5837,234,180,
32766,18764,5837,211,157,
32766,18751,5845,231,143,
32766,18753,5826,227,149,
32766,18751,5833,231,172,
32766,18750,5830,208,174,
32766,18748,5817,251,136,
32766,18768,5832,200,151,
32766,18705,5855,242,176,
32766,18762,5820,216,151,
32766,18745,5844,225,162,
32766,18760,5829,204,162,
32766,18758,5822,209,174,
32766,18739,5842,226,159,
32766,18741,5847,218,160,
32766,18733,5821,231,152,
32766,18727,5832,216,161,
32766,18728,5828,235,148,
32766,18740,5824,226,171,
32766,18741,5835,208,151,
32766,18741,5825,234,164,
32766,18752,5848,213,137,
32766,18764,5813,212,143,
32766,18758,5833,238,116,
32766,18775,5816,244,171,
32766,18778,5819,215,147,
32766,18775,5839,233,166,
32766,18773,5843,245,174,
32766,18783,5818,247,110,
32766,18773,5842,223,149,
32766,18766,5820,223,171,
32766,18743,5819,211,127,
32766,18747,5830,223,141,
32766,18734,5833,238,145,
32766,18738,5835,221,172,
32766,18745,5822,238,184,
32766,18741,5827,222,157,
32766,18743,5839,215,150,
32766,18758,5840,273,164,
32766,18769,5848,182,146,
32766,18755,5840,237,166,
32766,18746,5837,264,142,
32766,18741,5868,217,192,
32766,18751,5835,261,178,
32766,18746,5825,215,155,
32766,18749,5821,212,181,
32766,18732,5823,230,155,
32766,18741,5823,216,141,
32766,18725,5815,233,129,
32766,18726,5817,217,163,
32766,18701,5818,202,154,
32766,18716,5819,214,160,
32766,18707,5796,238,133,
32766,18720,5808,223,152,
32766,18756,5795,248,143,
32766,18701,5822,231,150,
32766,18686,5816,269,137,
32766,18688,5830,243,131,
32766,18732,5789,248,175,
32766,18706,5824,213,179,
32766,18706,5813,224,147,
32766,18693,5821,231,162,
32766,18701,5827,220,146,
32766,18699,5804,237,131,
32766,18691,5822,219,149,
32766,18694,5819,228,163,
32766,18701,5814,218,160,
32766,18707,5820,254,143,
32766,18714,5853,221,170,
32766,18725,5784,210,210,
32766,18698,5815,223,201,
32766,18689,5815,241,143,
32766,18705,5808,201,173,
32766,18714,5765,184,124,
32766,18658,5797,246,115,
32766,18680,5821,220,161,
32766,18680,5811,232,169,
32766,18676,5827,200,146,
32766,18680,5810,246,167,
32766,18667,5802,226,146,
32766,18677,5821,230,146,
32766,18675,5833,254,162,
32766,18655,5818,212,137,
32766,18656,5801,230,138,
32766,18664,5806,292,122,
32766,18690,5791,212,106,
32766,18660,5822,216,149,
32766,18653,5823,283,120,
32766,18677,5800,207,180,
32766,18708,5824,213,196,
32766,18665,5812,236,124,
32766,18691,5810,238,169,
32766,18690,5809,239,156,
32766,18703,5813,213,156,
32766,18700,5813,217,153,
32766,18724,5814,234,138,
32766,18737,5812,234,147,
32766,18743,5815,230,174,
32766,18743,5821,238,129,
32766,18763,5828,256,128,
32766,18752,5806,245,120,
32766,18752,5823,177,190,
32766,18747,5811,261,149,
32766,18771,5784,198,186,
32766,18772,5803,218,146,
32766,18744,5849,231,172,
32766,18756,5816,192,150,
32766,18777,5818,217,148,
32766,18781,5818,233,152,
32766,18775,5829,225,158,
32766,18789,5824,237,149,
32766,18793,5826,232,162,
32766,18800,5839,234,176,
32766,18821,5839,239,159,
32766,18808,5829,238,151,
32766,18784,5832,199,167,
32766,18776,5826,212,194,
32766,18771,5815,253,141,
32766,18792,5856,214,169,
32766,18764,5843,205,131,
32766,18770,5838,201,158,
32766,18783,5825,238,135,
32766,18781,5824,217,150,
32766,18792,5822,230,152,
32766,18783,5827,226,163,
32766,18789,5828,238,151,
32766,18770,5837,232,131,
32766,18772,5838,226,155,
32766,18787,5843,219,164,
32766,18776,5839,214,164,
32766,18748,5833,200,141,
32766,18782,5844,208,146,
32766,18781,5832,244,184,
32766,18773,5812,222,172,
32766,18756,5827,256,172,
32766,18752,5820,252,82,
32766,18740,5843,213,160,
32766,18739,5846,234,168,
32766,18741,5845,248,161,
32766,18720,5828,220,154,
32766,18701,5834,215,159,
32766,18695,5817,226,160,
32766,18681,5827,228,149,
32766,18663,5818,227,160,
32766,18663,5816,205,187,
32766,18644,5838,220,107,
32766,18659,5821,210,133,
32766,18656,5817,233,123,
32766,18625,5802,218,145,
32766,18633,5845,209,199,
32766,18614,5824,206,173,
32766,18612,5824,228,172,
32766,18616,5808,213,157,
32766,18638,5824,216,170,
32766,18638,5831,228,162,
32766,18643,5825,212,166,
32766,18640,5835,231,159,
32766,18654,5828,227,165,
32766,18666,5817,214,150,
32766,18644,5827,232,147,
32766,18659,5828,241,176,
32766,18683,5806,228,192,
32766,18662,5839,227,152,
32766,18691,5812,226,154,
32766,18704,5835,254,181,
32766,18706,5825,191,156,
32766,18700,5844,252,223,
32766,18735,5827,201,167,
32766,18742,5834,247,146,
32766,18737,5821,217,151,
32766,18762,5823,215,150,
32766,18746,5839,227,158,
32766,18753,5827,222,143,
32766,18755,5833,197,159,
32766,18770,5831,202,138,
32766,18761,5826,208,127,
32766,18765,5796,251,105,
32766,18740,5858,224,156,
32766,18728,5827,210,189,
32766,18713,5850,230,191,
32766,18720,5779,184,185,
32766,18666,5830,259,143,
32766,18651,5821,216,198,
32766,18638,5820,223,160,
32766,18634,5798,211,162,
32766,18609,5810,237,158,
32766,18602,5814,208,161,
32766,18603,5815,220,184,
32766,18596,5811,214,153,
32766,18604,5791,242,151,
32766,18591,5819,211,202,
32766,18625,5811,165,185,
32766,18625,5826,254,182,
32766,18637,5789,203,188,
32766,18638,5817,183,184,
32766,18655,5803,218,152,
32766,18659,5823,214,149,
32766,18656,5798,223,160,
32766,18655,5815,238,141,
32766,18671,5806,236,167,
32766,18690,5832,224,149,
32766,18693,5812,240,177,
32766,18693,5824,208,155,
32766,18694,5823,234,155,
32766,18691,5810,233,171,
32766,18709,5817,235,132,
32766,18729,5801,227,140,
32766,18753,5796,188,174,
32766,18751,5817,298,146,
32766,18751,5819,222,186,
32766,18767,5832,265,162,
32766,18805,5841,288,144,
32766,18782,5824,235,176,
32766,18829,5807,233,122,
32766,18840,5822,229,153,
32766,18838,5828,224,138,
32766,18860,5823,207,159,
32766,18873,5828,220,177,
32766,18891,5846,208,154,
32766,18922,5840,214,159,
32766,18910,5850,245,146,
32766,18945,5860,180,122,
32766,18923,5852,248,166,
32766,18915,5860,290,87,
32766,18939,5819,235,183,
32766,18943,5826,185,141,
32766,18933,5792,210,119,
32766,18910,5851,255,98,
32766,18930,5832,236,117,
32766,18923,5837,213,157,
32766,18927,5839,241,147,
32766,18909,5839,229,148,
32766,18903,5838,258,168,
32766,18889,5842,227,142,
32766,18902,5844,207,160,
32766,18883,5812,237,137,
32766,18865,5808,245,177,
32766,18907,5812,248,176,
32766,18855,5800,209,160,
32766,18864,5854,235,145,
32766,18850,5792,234,155,
32766,18819,5838,218,190,
32766,18840,5811,198,177,
32766,18838,5821,207,214,
32766,18820,5833,227,153,
32766,18801,5829,213,151,
32766,18807,5826,227,155,
32766,18803,5811,218,163,
32766,18784,5830,249,159,
32766,18780,5833,224,153,
32766,18753,5823,205,157,
32766,18755,5819,234,155,
32766,18744,5795,254,131,
32766,18742,5818,246,137,
32766,18760,5839,241,141,
32766,18778,5818,201,156,
32766,18756,5797,240,143,
32766,18750,5802,185,136,
32766,18753,5803,209,139,
32766,18754,5814,232,151,
32766,18745,5821,231,159,
32766,18747,5819,242,143,
32766,18744,5819,213,162,
32766,18723,5817,227,158,
32766,18722,5823,231,177,
32766,18726,5812,245,150,
32766,18706,5808,240,159,
32766,18694,5812,224,182,
32766,18672,5829,227,139,
32766,18664,5800,228,144,
32766,18676,5803,218,136,
32766,18673,5803,258,107,
32766,18677,5830,216,146,
32766,18623,5807,228,156,
32766,18681,5782,223,159,
32766,18652,5800,224,145,
32766,18656,5812,241,162,
32766,18635,5799,210,158,
32766,18644,5793,241,167,
32766,18643,5798,232,156,
32766,18622,5792,222,158,
32766,18597,5789,225,151,
32766,18603,5813,179,173,
32766,18589,5811,261,122,
32766,18604,5783,244,147,
32766,18602,5799,248,139,
32766,18601,5807,232,150,
32766,18604,5784,221,156,
32766,18618,5794,235,158,
32766,18634,5797,255,168,
32766,18631,5804,222,153,
32766,18655,5793,226,144,
32766,18638,5822,236,185,
32766,18640,5813,226,146,
32766,18653,5801,224,160,
32766,18658,5810,245,170,
32766,18656,5800,252,147,
32766,18644,5834,208,172,
32766,18630,5798,256,163,
32766,18639,5825,197,202,
32766,18625,5796,234,167,
32766,18646,5790,243,146,
32766,18632,5801,235,145,
32766,18617,5827,252,170,
32766,18647,5796,205,166,
32766,18623,5798,218,159,
32766,18617,5792,221,154,
32766,18626,5799,239,163,
32766,18602,5808,244,171,
32766,18597,5784,233,141,
32766,18581,5777,234,131,
32766,18556,5786,224,145,
32766,18545,5789,228,198,
32766,18544,5790,236,156,
32766,18520,5773,225,121,
32766,18490,5797,207,184,
32766,18486,5780,227,161,
32766,18494,5783,226,134,
32766,18460,5809,216,214,
32766,18452,5832,242,154,
32766,18468,5762,232,133,
32766,18466,5800,244,159,
32766,18455,5799,205,150,
32766,18463,5783,211,140,
32766,18466,5783,235,140,
32766,18461,5780,232,146,
32766,18473,5783,209,166,
32766,18471,5769,247,154,
32766,18468,5760,261,177,
32766,18492,5785,208,158,
32766,18467,5795,251,155,
32766,18490,5775,200,171,
32766,18461,5774,265,112,
32766,18483,5757,229,105,
32766,18512,5817,226,230,
32766,18482,5793,233,155,
32766,18532,5800,232,181,
32766,18537,5804,226,150,
32766,18574,5791,231,148,
32766,18578,5789,214,156,
32766,18619,5816,198,153,
32766,18630,5819,228,150,
32766,18667,5808,198,147,
32766,18661,5831,244,135,
32766,18675,5837,214,130,
32766,18657,5810,232,224,
32766,18651,5803,198,151,
32766,18636,5802,240,141,
32766,18664,5806,229,156,
32766,18632,5842,212,190,
32766,18618,5809,204,157,
32766,18570,5801,211,150,
32766,18527,5794,223,142,
32766,18500,5783,211,146,
32766,18471,5794,215,161,
32766,18445,5765,219,127,
32766,18437,5779,247,166,
32766,18422,5759,242,173,
32766,18372,5788,233,132,
32766,18373,5779,261,159,
32766,18378,5792,195,104,
32766,18368,5794,235,179,
32766,18356,5771,225,197,
32766,18338,5814,197,206,
32766,18363,5785,249,137,
32766,18349,5799,198,159,
32766,18353,5778,233,149,
32766,18345,5775,222,168,
32766,18333,5769,229,154,
32766,18341,5785,207,146,
32766,18348,5778,260,151,
32766,18354,5776,220,140,
32766,18375,5785,204,144,
32766,18393,5805,217,163,
32766,18422,5759,215,148,
32766,18421,5820,179,159,
32766,18413,5787,254,162,
32766,18425,5811,245,170,
32766,18502,5765,208,151,
32766,18447,5808,235,164,
32766,18503,5803,198,240,
32766,18505,5803,196,177,
32766,18522,5793,225,156,
32766,18553,5794,232,170,
32766,18547,5801,248,162,
32766,18574,5809,216,163,
32766,18597,5806,213,157,
32766,18603,5808,234,150,
32766,18610,5812,237,178,
32766,18624,5834,227,187,
32766,18642,5790,264,120,
32766,18660,5809,213,116,
32766,18650,5795,237,151,
32766,18653,5813,241,124,
32766,18647,5793,199,186,
32766,18640,5793,195,181,
32766,18628,5804,218,169,
32766,18589,5804,221,174,
32766,18594,5798,220,142,
32766,18595,5805,228,173,
32766,18572,5807,222,170,
32766,18550,5807,237,164,
32766,18546,5789,216,126,
32766,18553,5793,226,182,
32766,18526,5810,249,159,
32766,18550,5786,231,199,
32766,18565,5762,199,176,
32766,18525,5809,219,162,
32766,18522,5810,257,164,
32766,18477,5810,217,149,
32766,18500,5790,221,154,
32766,18508,5788,196,192,
32766,18479,5801,213,145,
32766,18484,5798,236,132,
32766,18499,5789,229,171,
32766,18478,5808,192,161,
32766,18469,5804,240,154,
32766,18461,5791,223,184,
32766,18450,5798,209,154,
32766,18451,5787,242,163,
32766,18460,5738,222,167,
32766,18444,5791,229,135,
32766,18432,5805,248,171,
32766,18425,5790,205,163,
32766,18406,5798,218,182,
32766,18400,5814,256,182,
32766,18409,5797,227,115,
32766,18408,5804,226,150,
32766,18389,5790,183,163,
32766,18381,5797,238,156,
32766,18379,5798,215,141,
32766,18382,5804,231,156,
32766,18404,5809,228,163,
32766,18402,5811,225,182,
32766,18399,5793,238,187,
32766,18371,5784,268,197,
32766,18413,5808,265,165,
32766,18431,5793,256,186,
32766,18424,5812,229,160,
32766,18436,5806,240,155,
32766,18473,5822,243,168,
32766,18485,5797,221,158,
32766,18487,5804,226,166,
32766,18493,5818,238,164,
32766,18520,5806,234,167,
32766,18545,5823,251,154,
32766,18580,5812,230,156,
32766,18589,5818,226,164,
32766,18593,5819,232,155,
32766,18604,5811,202,153,
32766,18623,5820,221,150,
32766,18638,5817,210,168,
32766,18635,5827,204,186,
32766,18656,5835,239,143,
32766,18658,5843,258,120,
32766,18681,5850,257,161,
32766,18691,5830,232,148,
32766,18681,5832,217,167,
32766,18678,5828,226,161,
32766,18660,5826,244,147,
32766,18673,5815,251,169,
32766,18670,5827,221,149,
32766,18676,5831,225,155,
32766,18638,5832,231,170,
32766,18662,5825,226,152,
32766,18629,5820,209,153,
32766,18622,5819,230,140,
32766,18625,5825,230,181,
32766,18615,5846,233,99,
32766,18622,5827,197,178,
32766,18583,5802,201,150,
32766,18572,5812,171,134,
32766,18584,5832,255,109,
32766,18575,5820,228,160,
32766,18573,5817,209,140,
32766,18592,5821,222,168,
32766,18599,5823,235,161,
32766,18599,5818,239,152,
32766,18607,5825,229,141,
32766,18610,5833,243,129,
32766,18621,5826,218,135,
32766,18601,5808,197,174,
32766,18624,5812,234,115,
32766,18639,5824,232,159,
32766,18611,5820,191,158,
32766,18623,5854,221,174,
32766,18642,5832,223,179,
32766,18620,5800,248,122,
32766,18633,5824,212,148,
32766,18638,5832,215,153,
32766,18640,5825,200,176,
32766,18612,5833,224,143,
32766,18614,5827,218,163,
32766,18607,5824,231,150,
32766,18592,5826,238,165,
32766,18597,5819,254,157,
32766,18551,5807,228,170,
32766,18557,5796,197,232,
32766,18559,5827,246,170,
32766,18564,5801,225,159,
32766,18553,5799,225,184,
32766,18511,5820,224,143,
32766,18504,5809,224,144,
32766,18529,5830,231,194,
32766,18534,5815,221,183,
32766,18528,5805,233,152,
32766,18523,5817,230,183,
32766,18509,5808,222,173,
32766,18507,5820,236,152,
32766,18502,5837,239,176,
32766,18523,5828,231,146,
32766,18546,5829,239,114,
32766,18500,5824,227,195,
32766,18512,5802,219,192,
32766,18518,5840,263,148,
32766,18518,5799,197,176,
32766,18517,5833,256,163,
32766,18539,5810,194,193,
32766,18556,5803,187,186,
32766,18529,5823,238,166,
32766,18526,5816,243,164,
32766,18536,5820,238,156,
32766,18528,5812,215,147,
32766,18520,5817,224,162,
32766,18533,5810,221,141,
32766,18533,5803,236,135,
32766,18528,5813,225,177,
32766,18542,5807,237,143,
32766,18555,5787,248,88,
32766,18522,5808,230,182,
32766,18523,5822,213,138,
32766,18528,5776,237,125,
32766,18494,5842,266,115,
32766,18530,5811,177,158,
32766,18529,5831,236,163,
32766,18547,5808,216,167,
32766,18530,5811,215,168,
32766,18532,5817,232,166,
32766,18535,5811,228,158,
32766,18532,5817,215,157,
32766,18534,5815,236,171,
32766,18537,5833,205,164,
32766,18554,5820,254,121,
32766,18548,5826,243,169,
32766,18533,5821,269,111,
32766,18549,5809,256,169,
32766,18549,5816,240,172,
32766,18570,5820,257,167,
32766,18563,5821,161,155,
32766,18550,5833,233,147,
32766,18565,5828,235,162,
32766,18561,5828,223,149,
32766,18574,5816,242,158,
32766,18566,5801,222,158,
32766,18571,5832,239,162,
32766,18558,5823,229,150,
32766,18564,5845,231,193,
32766,18579,5821,206,180,
32766,18542,5813,205,191,
32766,18576,5825,238,167,
32766,18573,5817,225,205,
32766,18557,5831,222,144,
32766,18572,5829,262,186,
32766,18575,5829,290,124,
32766,18552,5825,226,194,
32766,18568,5832,231,171,
32766,18580,5833,232,175,
32766,18580,5807,235,162,
32766,18601,5811,236,157,
32766,18594,5816,217,157,
32766,18585,5819,234,149,
32766,18610,5818,226,157,
32766,18629,5834,216,160,
32766,18601,5824,208,162,
32766,18574,5839,213,174,
32766,18607,5814,212,160,
32766,18616,5812,237,135,
32766,18628,5803,239,150,
32766,18603,5832,269,191,
32766,18612,5824,244,154,
32766,18606,5830,233,165,
32766,18627,5818,236,155,
32766,18593,5811,220,165,
32766,18587,5808,222,175,
32766,18596,5818,225,182,
32766,18591,5821,214,170,
32766,18603,5821,228,166,
32766,18586,5819,223,165,
32766,18575,5846,238,164,
32766,18588,5826,255,149,
32766,18623,5835,250,184,
32766,18607,5805,185,160,
32766,18626,5832,213,142,
32766,18600,5786,186,127,
32766,18599,5837,229,155,
32766,18590,5814,216,160,
32766,18576,5811,221,148,
32766,18585,5824,233,158,
32766,18576,5820,237,152,
32766,18576,5835,248,153,
32766,18577,5814,223,133,
32766,18596,5818,230,175,
32766,18580,5819,247,190,
32766,18574,5824,253,151,
32766,18564,5841,233,167,
32766,18580,5805,226,161,
32766,18594,5817,248,172,
32766,18599,5824,243,146,
32766,18606,5812,186,169,
32766,18614,5830,207,184,
32766,18574,5819,239,146,
32766,18600,5810,226,155,
32766,18588,5820,233,155,
32766,18597,5823,237,177,
32766,18601,5839,207,159,
32766,18601,5824,242,162,
32766,18576,5816,226,159,
32766,18600,5812,242,162,
32766,18597,5822,209,157,
32766,18577,5794,252,145,
32766,18575,5820,253,150,
32766,18577,5820,219,176,
32766,18592,5823,226,162,
32766,18571,5817,223,120,
32766,18561,5826,192,138,
32766,18580,5815,218,166,
32766,18573,5833,247,142,
32766,18591,5827,201,168,
32766,18591,5829,249,171,
32766,18580,5819,228,167,
32766,18563,5821,239,158,
32766,18578,5821,219,158,
32766,18570,5813,223,175,
32766,18577,5819,262,174,
32766,18580,5840,228,211,
32766,18579,5835,250,131,
32766,18565,5804,220,186,
32766,18571,5845,247,173,
32766,18580,5842,241,109,
32766,18567,5845,228,154,
32766,18625,5833,228,222,
32766,18568,5818,218,166,
32766,18597,5823,241,151,
32766,18576,5807,241,160,
32766,18564,5806,207,148,
32766,18568,5828,231,155,
32766,18583,5823,229,157,
32766,18574,5825,212,155,
32766,18575,5819,228,170,
32766,18579,5838,226,153,
32766,18576,5816,182,161,
32766,18558,5846,244,144,
32766,18588,5821,216,167,
32766,18597,5800,178,193,
32766,18570,5814,243,185,
32766,18596,5808,248,169,
32766,18587,5816,236,141,
32766,18586,5831,254,172,
32766,18564,5824,209,166,
32766,18566,5828,225,174,
32766,18584,5826,215,174,
32766,18576,5828,217,143,
32766,18588,5815,237,143,
32766,18560,5827,226,145,
32766,18584,5835,200,137,
32766,18553,5844,232,152,
32766,18559,5841,235,148,
32766,18574,5817,228,146,
32766,18602,5836,228,193,
32766,18561,5810,255,139,
32766,18571,5812,211,125,
32766,18574,5832,238,146,
32766,18582,5831,224,164,
32766,18580,5842,248,189,
32766,18572,5839,228,148,
32766,18563,5821,233,153,
32766,18567,5838,236,186,
32766,18566,5841,241,143,
32766,18586,5835,227,150,
32766,18554,5808,179,174,
32766,18581,5810,228,117,
32766,18589,5791,219,184,
32766,18583,5840,257,153,
32766,18596,5806,208,212,
32766,18573,5797,201,142,
32766,18581,5823,205,162,
32766,18580,5825,220,142,
32766,18579,5830,229,144,
32766,18575,5826,237,148,
32766,18573,5836,233,171,
32766,18588,5821,226,161,
32766,18577,5823,225,155,
32766,18580,5828,207,125,
32766,18565,5821,245,170,
32766,18546,5809,240,191,
32766,18593,5811,257,215,
32766,18565,5814,238,147,
32766,18596,5819,204,164,
32766,18580,5826,173,185,
32766,18576,5820,201,168,
32766,18600,5851,228,173,
32766,18591,5839,195,188,
32766,18585,5828,217,174,
32766,18599,5829,235,162,
32766,18612,5816,234,167,
32766,18598,5837,230,162,
32766,18596,5829,228,152,
32766,18591,5813,250,177,
32766,18610,5833,244,145,
32766,18585,5815,211,169,
32766,18605,5815,234,129,
32766,18602,5823,289,140,
32766,18608,5844,245,129,
32766,18590,5798,241,167,
32766,18586,5791,217,132,
32766,18593,5794,235,139,
32766,18563,5813,229,128,
32766,18595,5847,239,169,
32766,18589,5818,246,141,
32766,18566,5830,242,157,
32766,18584,5820,245,175,
32766,18595,5817,230,172,
32766,18581,5837,232,157,
32766,18583,5845,230,151,
32766,18585,5831,240,148,
32766,18622,5825,261,163,
32766,18579,5833,292,99,
32766,18606,5813,251,118,
32766,18573,5823,238,148,
32766,18573,5807,249,161,
32766,18567,5825,266,126,
32766,18575,5827,260,132,
32766,18576,5822,222,164,
32766,18581,5821,238,151,
32766,18571,5819,231,187,
32766,18578,5821,225,161,
32766,18578,5838,243,163,
32766,18576,5846,254,133,
32766,18569,5829,246,141,
32766,18570,5830,233,166,
32766,18570,5839,202,188,
32766,18590,5778,255,151,
32766,18594,5841,221,185,
32766,18558,5824,236,148,
32766,18583,5845,277,174,
32766,18567,5826,259,137,
32766,18569,5827,261,139,
32766,18554,5827,206,141,
32766,18570,5821,212,140,
32766,18578,5822,229,172,
32766,18592,5812,236,152,
32766,18560,5830,227,159,
32766,18568,5829,217,147,
32766,18564,5832,231,144,
32766,18598,5821,198,149,
32766,18600,5836,246,155,
32766,18579,5843,215,138,
32766,18585,5829,251,160,
32766,18575,5839,226,133,
32766,18578,5800,197,148,
32766,18583,5820,294,148,
32766,18591,5850,238,205,
32766,18608,5814,212,168,
32766,18617,5821,236,142,
32766,18605,5823,240,162,
32766,18590,5836,233,154,
32766,18597,5830,212,171,
32766,18598,5834,239,151,
32766,18602,5821,238,142,
32766,18614,5832,236,150,
32766,18591,5825,225,131,
32766,18621,5810,214,149,
32766,18612,5797,207,156,
32766,18612,5815,188,183,
32766,18625,5844,241,154,
32766,18614,5804,216,143,
32766,18602,5837,300,96,
32766,18621,5838,232,224,
32766,18656,5811,216,171,
32766,18640,5829,218,162,
32766,18661,5828,230,173,
32766,18651,5822,232,169,
32766,18646,5827,218,163,
32766,18647,5832,218,169,
32766,18649,5837,212,162,
32766,18645,5830,184,148,
32766,18680,5848,238,138,
32766,18659,5854,235,186,
32766,18667,5847,247,136,
32766,18686,5820,197,166,
32766,18711,5806,219,146,
32766,18697,5835,212,143,
32766,18707,5838,220,140,
32766,18694,5844,243,144,
32766,18708,5815,219,157,
32766,18706,5827,235,166,
32766,18695,5809,222,154,
32766,18714,5830,237,140,
32766,18695,5814,237,158,
32766,18694,5821,232,158,
32766,18686,5824,220,167,
32766,18695,5812,263,164,
32766,18660,5850,230,167,
32766,18631,5823,235,108,
32766,18685,5808,212,165,
32766,18636,5827,219,140,
32766,18669,5840,202,194,
32766,18672,5849,282,134,
32766,18705,5836,235,145,
32766,18701,5820,236,164,
32766,18694,5812,235,166,
32766,18727,5824,220,138,
32766,18722,5815,224,148,
32766,18723,5817,223,163,
32766,18732,5842,223,162,
32766,18731,5819,234,112,
32766,18729,5839,225,198,
32766,18736,5812,259,176,
32766,18731,5808,283,146,
32766,18746,5805,209,160,
32766,18707,5834,234,152,
32766,18710,5834,212,162,
32766,18691,5845,203,151,
32766,18691,5822,237,130,
32766,18691,5829,232,175,
32766,18677,5809,237,148,
32766,18678,5819,241,150,
32766,18669,5813,214,183,
32766,18671,5830,239,174,
32766,18676,5805,247,151,
32766,18706,5805,215,169,
32766,18718,5814,244,151,
32766,18728,5816,197,147,
32766,18677,5797,188,182,
32766,18714,5832,211,153,
32766,18726,5819,234,189,
32766,18720,5797,184,170,
32766,18714,5808,205,132,
32766,18709,5800,237,156,
32766,18683,5817,226,152,
32766,18675,5835,239,172,
32766,18677,5812,234,136,
32766,18665,5817,222,164,
32766,18656,5805,232,139,
32766,18663,5823,206,150,
32766,18665,5817,232,136,
32766,18656,5809,239,182,
32766,18684,5809,170,163,
32766,18672,5800,198,187,
32766,18678,5771,247,201,
32766,18665,5826,249,121,
32766,18673,5816,183,147,
32766,18672,5809,202,112,
32766,18720,5818,232,173,
32766,18686,5793,231,174,
32766,18701,5818,202,155,
32766,18722,5841,236,173,
32766,18714,5811,225,175,
32766,18708,5822,227,144,
32766,18732,5822,227,157,
32766,18731,5822,239,141,
32766,18705,5814,238,155,
32766,18741,5819,224,162,
32766,18722,5792,246,155,
32766,18702,5800,234,140,
32766,18683,5830,228,149,
32766,18706,5818,223,136,
32766,18737,5803,203,220,
32766,18684,5817,276,129,
32766,18677,5813,200,145,
32766,18670,5794,220,171,
32766,18654,5808,232,163,
32766,18639,5803,224,166,
32766,18665,5798,251,151,
32766,18654,5814,239,150,
32766,18659,5811,236,167,
32766,18661,5794,210,150,
32766,18649,5817,223,103,
32766,18653,5791,215,167,
32766,18628,5817,215,159,
32766,18651,5789,215,143,
32766,18618,5793,202,166,
32766,18608,5812,213,154,
32766,18605,5813,254,143,
32766,18627,5816,252,143,
32766,18632,5818,238,141,
32766,18639,5799,222,159,
32766,18650,5802,214,174,
32766,18653,5817,244,156,
32766,18658,5801,232,156,
32766,18669,5802,229,131,
32766,18666,5814,211,162,
32766,18669,5808,258,149,
32766,18665,5821,262,128,
32766,18694,5798,252,148,
32766,18663,5827,233,150,
32766,18642,5835,215,181,
32766,18650,5829,279,159,
32766,18651,5809,244,128,
32766,18667,5796,236,181,
32766,18629,5801,213,149,
32766,18653,5801,230,162,
32766,18657,5804,229,162,
32766,18662,5806,243,154,
32766,18652,5815,227,146,
32766,18655,5809,214,160,
32766,18655,5815,229,164,
32766,18655,5808,222,154,
32766,18675,5806,241,152,
32766,18650,5828,197,117,
32766,18657,5811,260,130,
32766,18666,5795,219,144,
32766,18649,5797,223,120,
32766,18673,5829,239,140,
32766,18658,5824,235,136,
32766,18672,5809,208,163,
32766,18661,5808,209,133,
32766,18665,5803,233,157,
32766,18655,5790,219,174,
32766,18651,5810,237,176,
32766,18639,5791,247,160,
32766,18633,5801,227,162,
32766,18619,5806,197,159,
32766,18642,5796,228,160,
32766,18610,5808,180,151,
32766,18614,5791,220,143,
32766,18604,5799,248,153,
32766,18581,5825,256,150,
32766,18602,5815,237,144,
32766,18575,5808,242,117,
32766,18610,5790,214,175,
32766,18604,5786,230,150,
32766,18594,5788,236,151,
32766,18600,5799,226,163,
32766,18598,5795,218,141,
32766,18603,5795,228,141,
32766,18596,5811,204,164,
32766,18583,5798,234,156,
32766,18588,5809,220,170,
32766,18572,5818,240,152,
32766,18586,5798,265,124,
32766,18586,5799,231,179,
32766,18580,5793,197,179,
32766,18582,5800,190,152,
32766,18578,5801,208,166,
32766,18584,5786,196,154,
32766,18580,5802,235,153,
32766,18542,5803,242,141,
32766,18567,5809,231,174,
32766,18567,5790,248,149,
32766,18575,5780,232,132,
32766,18570,5808,224,163,
32766,18580,5795,253,147,
32766,18578,5785,255,184,
32766,18551,5800,205,134,
32766,18604,5782,175,195,
32766,18557,5801,271,159,
32766,18558,5794,231,155,
32766,18611,5806,236,162,
32766,18582,5805,244,162,
32766,18581,5789,214,161,
32766,18562,5799,216,148,
32766,18579,5794,208,168,
32766,18584,5814,248,171,
32766,18579,5796,227,150,
32766,18581,5801,219,159,
32766,18588,5799,216,146,
32766,18582,5797,214,160,
32766,18574,5793,222,168,
32766,18537,5779,246,144,
32766,18530,5807,237,170,
32766,18541,5790,265,118,
32766,18525,5805,260,181,
32766,18530,5803,247,157,
32766,18517,5791,259,129,
32766,18547,5785,235,175,
32766,18508,5806,221,147,
32766,18518,5801,235,146,
32766,18524,5796,215,158,
32766,18532,5805,227,172,
32766,18508,5792,215,165,
32766,18530,5793,208,169,
32766,18519,5784,197,149,
32766,18503,5801,229,186,
32766,18523,5791,226,139,
32766,18539,5791,254,148,
32766,18537,5783,212,168,
32766,18536,5785,234,175,
32766,18514,5794,236,121,
32766,18522,5809,237,158,
32766,18519,5824,202,167,
32766,18557,5787,217,172,
32766,18547,5793,218,163,
32766,18567,5787,212,151,
32766,18556,5796,218,172,
32766,18550,5789,228,145,
32766,18559,5793,241,159,
32766,18582,5785,253,150,
32766,18566,5788,239,136,
32766,18569,5779,238,179,
32766,18571,5796,200,187,
32766,18579,5815,228,154,
32766,18571,5802,238,129,
32766,18573,5772,230,169,
32766,18527,5811,245,151,
32766,18548,5799,239,167,
32766,18562,5788,216,159,
32766,18561,5797,223,167,
32766,18549,5785,222,145,
32766,18551,5781,226,173,
32766,18550,5788,220,155,
32766,18574,5794,248,165,
32766,18563,5788,228,173,
32766,18571,5786,220,140,
32766,18587,5784,222,166,
32766,18548,5807,231,180,
32766,18567,5824,234,149,
32766,18591,5783,228,133,
32766,18596,5810,240,162,
32766,18613,5803,189,161,
32766,18610,5830,211,221,
32766,18614,5791,250,150,
32766,18616,5802,227,150,
32766,18618,5800,236,167,
32766,18616,5794,227,159,
32766,18622,5792,231,153,
32766,18624,5799,220,182,
32766,18613,5800,237,156,
32766,18600,5787,239,168,
32766,18608,5815,219,162,
32766,18587,5793,236,197,
32766,18615,5796,212,193,
32766,18632,5771,239,171,
32766,18629,5771,228,144,
32766,18609,5813,269,140,
32766,18593,5822,284,110,
32766,18579,5775,199,150,
32766,18632,5800,204,168,
32766,18610,5800,216,176,
32766,18611,5802,241,162,
32766,18622,5782,224,160,
32766,18609,5802,244,166,
32766,18620,5800,222,142,
32766,18613,5808,227,159,
32766,18631,5799,239,163,
32766,18603,5809,206,123,
32766,18597,5793,181,161,
32766,18627,5812,209,194,
32766,18598,5811,246,117,
32766,18611,5807,208,136,
32766,18649,5817,190,201,
32766,18627,5825,240,179,
32766,18628,5784,197,158,
32766,18636,5813,231,162,
32766,18647,5812,231,148,
32766,18665,5794,230,171,
32766,18643,5803,216,170,
32766,18647,5806,251,149,
32766,18629,5806,234,146,
32766,18632,5802,221,176,
32766,18652,5795,227,128,
32766,18654,5789,259,158,
32766,18609,5790,242,142,
32766,18664,5817,225,126,
32766,18664,5804,226,162,
32766,18667,5860,287,197,
32766,18642,5805,248,119,
32766,18647,5805,217,169,
32766,18661,5823,235,174,
32766,18663,5811,255,154,
32766,18646,5806,232,161,
32766,18647,5788,221,151,
32766,18660,5819,226,161,
32766,18661,5813,227,164,
32766,18662,5810,231,167,
32766,18703,5804,236,142,
32766,18662,5811,219,127,
32766,18705,5813,229,182,
32766,18702,5806,212,143,
32766,18702,5812,221,194,
32766,18682,5780,258,128,
32766,18653,5838,266,153,
32766,18684,5798,214,144,
32766,18723,5807,230,158,
32766,18691,5790,217,147,
32766,18706,5806,222,175,
32766,18708,5803,241,154,
32766,18704,5801,231,140,
32766,18696,5802,238,168,
32766,18702,5811,236,171,
32766,18681,5806,220,140,
32766,18676,5818,197,152,
32766,18693,5796,255,112,
32766,18705,5797,246,108,
32766,18691,5793,244,168,
32766,18682,5794,197,150,
32766,18698,5805,285,118,
32766,18693,5798,181,197,
32766,18696,5811,236,135,
32766,18666,5799,225,171,
32766,18647,5824,234,160,
32766,18665,5804,224,145,
32766,18681,5810,220,170,
32766,18652,5805,217,149,
32766,18654,5806,223,161,
32766,18662,5794,227,154,
32766,18632,5808,230,157,
32766,18623,5828,236,113,
32766,18620,5808,239,173,
32766,18638,5772,216,150,
32766,18627,5798,215,146,
32766,18613,5830,303,177,
32766,18590,5824,249,155,
32766,18606,5806,197,128,
32766,18621,5814,238,168,
32766,18629,5798,222,139,
32766,18633,5810,218,172,
32766,18625,5807,234,150,
32766,18624,5816,224,172,
32766,18620,5798,214,168,
32766,18607,5813,250,158,
32766,18616,5815,227,155,
32766,18625,5818,242,171,
32766,18628,5829,204,179,
32766,18616,5817,206,200,
32766,18610,5788,227,168,
32766,18604,5803,244,154,
32766,18607,5798,252,141,
32766,18610,5808,234,176,
32766,18613,5803,216,153,
32766,18625,5789,234,142,
32766,18602,5815,225,166,
32766,18600,5817,230,176,
32766,18588,5792,237,155,
32766,18601,5795,220,152,
32766,18591,5804,236,169,
32766,18585,5807,233,164,
32766,18575,5809,253,155,
32766,18559,5811,281,161,
32766,18563,5802,202,187,
32766,18581,5800,244,114,
32766,18581,5816,197,168,
32766,18572,5812,244,123,
32766,18560,5818,239,133,
32766,18593,5808,226,178,
32766,18610,5807,225,164,
32766,18608,5789,251,129,
32766,18626,5813,242,168,
32766,18621,5802,252,148,
32766,18623,5816,221,163,
32766,18635,5805,219,186,
32766,18637,5803,238,143,
32766,18641,5839,202,150,
32766,18642,5829,221,186,
32766,18648,5830,216,165,
32766,18651,5816,265,140,
32766,18672,5805,223,171,
32766,18688,5816,272,180,
32766,18684,5804,249,221,
32766,18692,5807,227,153,
32766,18692,5803,210,154,
32766,18702,5797,240,152,
32766,18716,5814,238,151,
32766,18724,5796,218,144,
32766,18723,5822,225,174,
32766,18714,5806,258,165,
32766,18723,5803,208,139,
32766,18737,5825,252,147,
32766,18768,5792,218,192,
32766,18770,5799,242,141,
32766,18710,5814,186,183,
32766,18756,5787,210,152,
32766,18727,5790,219,144,
32766,18735,5803,223,194,
32766,18765,5797,191,169,
32766,18726,5807,229,148,
32766,18718,5796,237,140,
32766,18709,5795,224,170,
32766,18690,5796,236,157,
32766,18711,5802,248,155,
32766,18682,5809,220,165,
32766,18703,5804,243,175,
32766,18683,5807,226,181,
32766,18667,5786,226,160,
32766,18686,5822,203,130,
32766,18685,5834,240,136,
32766,18662,5796,241,166,
32766,18678,5805,246,155,
32766,18661,5797,244,142,
32766,18648,5795,257,84,
32766,18699,5778,269,171,
32766,18675,5799,226,154,
32766,18683,5797,233,140,
32766,18684,5789,226,165,
32766,18682,5801,221,169,
32766,18681,5802,244,143,
32766,18685,5799,229,184,
32766,18686,5784,215,144,
32766,18687,5803,214,157,
32766,18674,5792,230,158,
32766,18648,5796,266,160,
32766,18711,5772,216,158,
32766,18685,5788,213,158,
32766,18682,5803,220,177,
32766,18667,5805,234,157,
32766,18684,5800,208,152,
32766,18702,5786,237,146,
32766,18708,5800,227,151,
32766,18688,5806,232,128,
32766,18701,5795,239,156,
32766,18700,5797,212,148,
32766,18722,5789,227,143,
32766,18718,5808,227,159,
32766,18746,5791,228,146,
32766,18752,5800,240,187,
32766,18741,5792,231,199,
32766,18756,5796,271,161,
32766,18748,5810,208,156,
32766,18737,5779,181,161,
32766,18727,5811,184,165,
32766,18744,5817,221,109,
32766,18731,5807,245,134,
32766,18729,5788,233,139,
32766,18742,5804,244,160,
32766,18735,5791,243,163,
32766,18727,5769,231,143,
32766,18704,5787,231,147,
32766,18699,5781,219,169,
32766,18703,5776,222,163,
32766,18691,5794,198,140,
32766,18680,5795,229,139,
32766,18714,5786,243,135,
32766,18689,5800,233,162,
32766,18673,5791,251,165,
32766,18683,5786,175,215,
32766,18697,5768,205,167,
32766,18671,5823,273,172,
32766,18677,5788,239,158,
32766,18684,5790,223,160,
32766,18667,5776,232,161,
32766,18669,5779,240,161,
32766,18661,5788,234,147,
32766,18644,5788,218,128,
32766,18660,5791,239,149,
32766,18636,5809,248,152,
32766,18645,5811,232,126,
32766,18625,5815,226,162,
32766,18642,5807,219,154,
32766,18642,5797,245,177,
32766,18651,5777,215,144,
32766,18615,5747,178,136,
32766,18620,5791,246,138,
32766,18611,5790,211,175,
32766,18613,5794,238,166,
32766,18600,5782,240,150,
32766,18593,5797,233,154,
32766,18613,5783,231,154,
32766,18590,5794,220,173,
32766,18576,5777,229,158,
32766,18563,5784,217,142,
32766,18537,5783,204,205,
32766,18559,5798,234,127,
32766,18519,5814,246,148,
32766,18582,5782,226,134,
32766,18559,5789,238,158,
32766,18572,5761,202,111,
32766,18577,5759,204,170,
32766,18587,5788,245,178,
32766,18567,5790,231,163,
32766,18557,5801,216,153,
32766,18548,5794,201,162,
32766,18568,5797,216,136,
32766,18566,5792,220,142,
32766,18566,5787,217,156,
32766,18563,5774,252,147,
32766,18560,5799,228,134,
32766,18546,5798,237,196,
32766,18554,5812,212,219,
32766,18558,5786,245,166,
32766,18575,5794,246,142,
32766,18593,5808,262,171,
32766,18604,5794,214,166,
32766,18574,5802,267,194,
32766,18573,5795,251,152,
32766,18598,5798,245,152,
32766,18569,5802,209,182,
32766,18583,5792,237,156,
32766,18585,5788,234,163,
32766,18579,5803,225,154,
32766,18599,5784,195,144,
32766,18615,5772,224,127,
32766,18564,5810,185,191,
32766,18608,5784,220,170,
32766,18607,5785,215,199,
32766,18589,5794,213,167,
32766,18589,5767,251,158,
32766,18587,5807,253,197,
32766,18619,5821,239,176,
32766,18604,5802,239,145,
32766,18622,5787,234,156,
32766,18598,5797,217,166,
32766,18611,5787,221,145,
32766,18599,5789,226,154,
32766,18598,5771,246,156,
32766,18587,5783,223,154,
32766,18602,5771,219,158,
32766,18601,5812,264,136,
32766,18595,5829,208,178,
32766,18602,5813,219,161,
32766,18605,5792,204,162,
32766,18617,5790,253,127,
32766,18602,5801,231,147,
32766,18637,5773,243,192,
32766,18616,5787,248,144,
32766,18597,5787,225,146,
32766,18592,5799,223,159,
32766,18593,5791,218,161,
32766,18592,5786,237,179,
32766,18588,5795,237,165,
32766,18598,5792,237,140,
32766,18600,5768,205,162,
32766,18586,5784,252,167,
32766,18565,5799,192,178,
32766,18582,5807,244,180,
32766,18579,5799,225,155,
32766,18597,5772,269,149,
32766,18589,5815,241,135,
32766,18585,5789,236,144,
32766,18602,5782,260,147,
32766,18584,5785,233,172,
32766,18578,5789,239,175,
32766,18589,5777,246,154,
32766,18588,5797,237,143,
32766,18571,5775,240,125,
32766,18585,5790,247,130,
32766,18583,5782,223,147,
32766,18592,5782,226,145,
32766,18624,5766,276,165,
32766,18605,5802,208,140,
32766,18554,5813,219,151,
32766,18601,5793,235,169,
32766,18593,5782,217,158,
32766,18612,5757,238,170,
32766,18615,5761,238,181,
32766,18566,5791,223,154,
32766,18586,5786,241,152,
32766,18588,5797,215,150,
32766,18574,5794,217,166,
32766,18593,5786,231,146,
32766,18590,5788,216,138,
32766,18587,5783,228,175,
32766,18596,5793,217,171,
32766,18609,5785,203,150,
32766,18605,5793,226,144,
32766,18572,5815,230,152,
32766,18588,5765,217,172,
32766,18594,5797,259,167,
32766,18602,5782,190,197,
32766,18596,5795,237,155,
32766,18600,5772,217,157,
32766,18606,5792,236,140,
32766,18605,5799,201,157,
32766,18592,5785,222,154,
32766,18600,5784,222,158,
32766,18600,5795,230,158,
32766,18601,5789,225,157,
32766,18607,5790,246,142,
32766,18602,5803,237,164,
32766,18607,5811,207,165,
32766,18621,5768,216,180,
32766,18626,5798,226,211,
32766,18607,5793,242,159,
32766,18624,5793,209,173,
32766,18612,5765,222,119,
32766,18632,5779,209,144,
32766,18635,5797,224,169,
32766,18623,5800,245,134,
32766,18625,5805,248,147,
32766,18641,5791,238,164,
32766,18631,5775,245,165,
32766,18648,5764,235,157,
32766,18640,5810,234,158,
32766,18652,5789,245,160,
32766,18649,5812,191,148,
32766,18662,5784,205,128,
32766,18652,5771,199,187,
32766,18638,5796,237,141,
32766,18650,5789,248,120,
32766,18630,5776,196,160,
32766,18626,5823,204,184,
32766,18642,5783,203,147,
32766,18657,5812,225,175,
32766,18655,5796,235,147,
32766,18643,5814,209,158,
32766,18644,5799,230,154,
32766,18648,5782,223,155,
32766,18653,5800,238,168,
32766,18647,5794,230,153,
32766,18624,5806,267,173,
32766,18660,5779,238,142,
32766,18628,5763,214,146,
32766,18618,5800,237,121,
32766,18613,5782,257,136,
32766,18617,5801,204,166,
32766,18621,5773,234,159,
32766,18616,5773,231,155,
32766,18608,5789,210,144,
32766,18624,5791,222,151,
32766,18622,5804,220,171,
32766,18629,5784,224,141,
32766,18627,5807,246,165,
32766,18635,5785,235,152,
32766,18642,5801,230,134,
32766,18656,5800,229,144,
32766,18683,5776,248,130,
32766,18700,5772,224,130,
32766,18683,5786,217,189,
32766,18692,5784,218,182,
32766,18698,5789,237,118,
32766,18701,5780,221,171,
32766,18685,5798,231,192,
32766,18683,5802,222,167,
32766,18712,5801,240,174,
32766,18710,5801,230,167,
32766,18722,5804,210,147,
32766,18724,5810,225,156,
32766,18721,5803,208,164,
32766,18718,5803,249,146,
32766,18729,5829,225,171,
32766,18751,5800,227,159,
32766,18723,5804,182,147,
32766,18717,5801,238,157,
32766,18745,5788,220,142,
32766,18735,5800,223,181,
32766,18778,5791,211,193,
32766,18744,5810,215,182,
32766,18757,5802,214,116,
32766,18756,5803,235,163,
32766,18767,5808,246,171,
32766,18748,5810,219,167,
32766,18766,5806,212,161,
32766,18767,5806,237,158,
32766,18765,5807,225,149,
32766,18765,5827,220,144,
32766,18769,5825,258,160,
32766,18774,5801,219,170,
32766,18771,5804,216,172,
32766,18764,5792,220,149,
32766,18787,5799,221,143,
32766,18777,5809,198,129,
32766,18799,5785,266,102,
32766,18816,5800,244,179,
32766,18802,5802,232,173,
32766,18817,5821,235,146,
32766,18813,5795,248,156,
32766,18808,5796,230,156,
32766,18832,5813,240,170,
32766,18825,5812,215,166,
32766,18833,5798,221,161,
32766,18822,5791,214,152,
32766,18826,5792,216,118,
32766,18835,5790,215,166,
32766,18828,5807,226,152,
32766,18824,5817,230,196,
32766,18834,5822,209,213,
32766,18798,5852,215,165,
32766,18816,5816,228,156,
32766,18831,5812,246,157,
32766,18828,5810,213,164,
32766,18844,5806,216,147,
32766,18816,5819,193,170,
32766,18833,5799,239,156,
32766,18812,5822,228,161,
32766,18810,5801,230,148,
32766,18816,5812,219,131,
32766,18814,5802,213,154,
32766,18803,5784,234,106,
32766,18786,5829,218,200,
32766,18815,5801,217,155,
32766,18807,5795,214,115,
32766,18749,5781,217,111,
32766,18760,5821,205,218,
32766,18767,5802,225,148,
32766,18761,5795,214,173,
32766,18751,5793,202,154,
32766,18761,5804,231,171,
32766,18759,5799,249,147,
32766,18756,5798,231,158,
32766,18745,5806,246,158,
32766,18747,5805,222,150,
32766,18740,5807,218,181,
32766,18715,5802,222,180,
32766,18716,5807,208,152,
32766,18701,5821,248,154,
32766,18726,5809,215,179,
32766,18684,5820,216,131,
32766,18702,5812,261,155,
32766,18712,5799,237,173,
32766,18686,5808,225,143,
32766,18697,5804,223,149,
32766,18694,5793,228,143,
32766,18690,5802,220,157,
32766,18661,5800,250,147,
32766,18674,5799,224,156,
32766,18669,5810,230,153,
32766,18656,5807,180,160,
32766,18673,5820,252,139,
32766,18665,5821,262,154,
32766,18642,5791,255,174,
32766,18657,5796,210,158,
32766,18662,5775,211,116,
32766,18644,5806,235,160,
32766,18628,5812,195,157,
32766,18661,5804,225,135,
32766,18656,5806,250,153,
32766,18636,5809,223,171,
32766,18640,5805,237,161,
32766,18668,5795,242,179,
32766,18654,5792,255,171,
32766,18633,5803,218,142,
32766,18644,5795,199,139,
32766,18664,5791,236,162,
32766,18689,5756,260,155,
32766,18631,5788,165,200,
32766,18639,5790,223,161,
32766,18634,5775,221,163,
32766,18613,5788,223,171,
32766,18589,5780,236,118,
32766,18606,5802,222,195,
32766,18621,5800,221,166,
32766,18610,5788,223,169,
32766,18621,5794,231,161,
32766,18618,5780,241,141,
32766,18626,5773,218,153,
32766,18625,5783,223,135,
32766,18604,5796,235,159,
32766,18630,5793,240,147,
32766,18656,5770,195,145,
32766,18624,5783,258,158,
32766,18624,5809,219,135,
32766,18610,5797,218,147,
32766,18602,5798,245,141,
32766,18657,5804,218,185,
32766,18632,5787,234,202,
32766,18635,5794,211,157,
32766,18622,5788,237,138,
32766,18645,5795,227,187,
32766,18639,5782,231,166,
32766,18623,5787,237,152,
32766,18619,5790,213,152,
32766,18622,5796,224,170,
32766,18625,5766,255,153,
32766,18637,5810,270,128,
32766,18627,5776,251,124,
32766,18612,5797,236,165,
32766,18636,5790,219,152,
32766,18622,5775,237,149,
32766,18619,5781,204,141,
32766,18605,5779,182,158,
32766,18626,5786,238,143,
32766,18617,5784,235,135,
32766,18615,5796,225,162,
32766,18623,5781,221,175,
32766,18605,5782,242,155,
32766,18603,5793,235,166,
32766,18609,5782,213,147,
32766,18622,5787,219,153,
32766,18619,5798,249,118,
32766,18641,5817,213,99,
32766,18627,5776,206,136,
32766,18621,5786,226,190,
32766,18596,5780,213,145,
32766,18632,5778,153,185,
32766,18584,5777,233,163,
32766,18589,5777,238,172,
32766,18589,5797,212,165,
32766,18584,5807,234,132,
32766,18596,5791,256,176,
32766,18588,5784,228,153,
32766,18582,5790,219,150,
32766,18587,5773,233,156,
32766,18603,5786,211,134,
32766,18582,5778,230,168,
32766,18593,5780,260,111,
32766,18581,5771,255,179,
32766,18595,5783,213,134,
32766,18570,5781,216,163,
32766,18593,5783,243,221,
32766,18551,5787,260,177,
32766,18569,5788,185,177,
32766,18580,5792,214,133,
32766,18568,5787,233,149,
32766,18571,5786,221,157,
32766,18553,5798,234,142,
32766,18565,5778,227,156,
32766,18579,5783,226,161,
32766,18583,5795,231,178,
32766,18561,5793,244,152,
32766,18593,5762,218,174,
32766,18558,5815,246,147,
32766,18551,5812,247,131,
32766,18575,5773,205,158,
32766,18574,5801,224,158,
32766,18576,5742,156,115,
32766,18575,5794,192,180,
32766,18570,5764,242,190,
32766,18555,5796,233,166,
32766,18567,5789,218,188,
32766,18569,5776,216,141,
32766,18566,5781,207,144,
32766,18550,5770,219,161,
32766,18567,5783,223,175,
32766,18574,5792,232,147,
32766,18579,5769,268,141,
32766,18570,5776,233,126,
32766,18564,5771,196,198,
32766,18567,5790,243,134,
32766,18574,5793,243,149,
32766,18586,5806,199,167,
32766,18570,5814,234,182,
32766,18578,5786,209,194,
32766,18592,5792,224,174,
32766,18578,5799,233,170,
32766,18575,5790,235,167,
32766,18584,5765,226,139,
32766,18555,5787,239,168,
32766,18586,5800,238,152,
32766,18578,5791,217,158,
32766,18572,5788,212,179,
32766,18579,5764,235,178,
32766,18585,5794,227,185,
32766,18575,5816,214,95,
32766,18574,5786,230,154,
32766,18563,5785,264,122,
32766,18594,5752,229,139,
32766,18603,5801,241,178,
32766,18603,5789,187,170,
32766,18599,5791,227,167,
32766,18580,5783,211,151,
32766,18594,5780,225,155,
32766,18594,5794,220,186,
32766,18596,5808,230,158,
32766,18600,5783,241,156,
32766,18580,5780,214,175,
32766,18571,5781,237,188,
32766,18582,5807,245,134,
32766,18597,5789,231,133,
32766,18619,5773,240,164,
32766,18588,5795,241,148,
32766,18595,5786,185,152,
32766,18612,5800,250,159,
32766,18622,5803,187,181,
32766,18592,5783,214,149,
32766,18580,5779,222,164,
32766,18585,5807,227,158,
32766,18565,5779,230,148,
32766,18573,5791,240,154,
32766,18583,5775,227,160,
32766,18565,5784,216,162,
32766,18564,5793,229,155,
32766,18603,5766,178,199,
32766,18627,5762,189,173,
32766,18629,5801,229,159,
32766,18617,5790,211,175,
32766,18630,5775,201,168,
32766,18636,5775,198,131,
32766,18652,5802,250,148,
32766,18652,5796,214,178,
32766,18632,5797,229,137,
32766,18646,5780,207,151,
32766,18656,5789,232,150,
32766,18681,5774,237,148,
32766,18659,5766,232,150,
32766,18661,5788,245,163,
32766,18654,5806,221,139,
32766,18652,5785,189,138,
32766,18650,5820,181,177,
32766,18656,5789,269,126,
32766,18626,5817,210,184,
32766,18640,5798,238,151,
32766,18638,5813,254,120,
32766,18643,5809,221,208,
32766,18660,5786,238,154,
32766,18641,5798,221,145,
32766,18659,5799,237,156,
32766,18660,5785,244,153,
32766,18668,5803,210,154,
32766,18669,5787,253,156,
32766,18660,5778,220,167,
32766,18660,5796,246,161,
32766,18657,5790,215,178,
32766,18688,5768,251,131,
32766,18665,5784,290,130,
32766,18710,5787,226,147,
32766,18665,5797,241,136,
32766,18681,5778,254,149,
32766,18658,5790,235,180,
32766,18709,5773,209,227,
32766,18689,5778,222,141,
32766,18677,5804,235,170,
32766,18690,5794,228,187,
32766,18678,5798,211,155,
32766,18695,5793,226,150,
32766,18686,5770,238,174,
32766,18684,5791,205,136,
32766,18691,5780,229,166,
32766,18649,5770,227,187,
32766,18656,5811,232,159,
32766,18699,5802,252,138,
32766,18640,5796,204,144,
32766,18679,5790,247,133,
32766,18709,5777,221,155,
32766,18666,5786,224,161,
32766,18691,5811,215,191,
32766,18664,5778,227,148,
32766,18661,5797,215,172,
32766,18673,5791,238,160,
32766,18670,5787,220,144,
32766,18669,5793,220,164,
32766,18674,5786,221,181,
32766,18657,5782,230,166,
32766,18675,5780,241,186,
32766,18699,5800,222,142,
32766,18671,5791,230,149,
32766,18652,5800,214,153,
32766,18648,5790,235,139,
32766,18627,5812,241,130,
32766,18624,5803,228,166,
32766,18633,5787,273,186,
32766,18632,5810,239,167,
32766,18621,5780,216,156,
32766,18625,5789,229,169,
32766,18625,5795,236,172,
32766,18627,5795,222,179,
32766,18622,5788,231,148,
32766,18625,5791,241,154,
32766,18618,5793,211,144,
32766,18608,5801,209,187,
32766,18631,5778,259,164,
32766,18623,5778,216,183,
32766,18634,5794,207,189,
32766,18619,5800,210,182,
32766,18617,5789,187,150,
32766,18626,5800,237,139,
32766,18620,5802,235,141,
32766,18634,5798,235,163,
32766,18621,5796,238,148,
32766,18627,5781,221,156,
32766,18641,5786,226,163,
32766,18627,5796,237,169,
32766,18642,5806,222,142,
32766,18620,5801,223,156,
32766,18616,5811,218,155,
32766,18636,5794,216,157,
32766,18662,5778,189,177,
32766,18632,5789,230,167,
32766,18639,5794,224,138,
32766,18639,5769,185,162,
32766,18632,5808,226,158,
32766,18653,5770,188,176,
32766,18634,5791,240,158,
32766,18654,5802,228,188,
32766,18646,5790,249,140,
32766,18635,5815,237,153,
32766,18657,5805,243,149,
32766,18658,5785,237,162,
32766,18674,5793,228,160,
32766,18655,5799,233,172,
32766,18655,5811,248,154,
32766,18644,5801,235,165,
32766,18659,5783,240,158,
32766,18660,5801,235,142,
32766,18662,5789,196,164,
32766,18652,5778,207,113,
32766,18674,5840,271,193,
32766,18640,5783,207,154,
32766,18664,5808,215,172,
32766,18661,5798,243,160,
32766,18660,5801,226,170,
32766,18661,5803,223,146,
32766,18655,5779,232,150,
32766,18682,5804,220,150,
32766,18652,5797,241,165,
32766,18642,5805,248,160,
32766,18663,5797,227,155,
32766,18679,5786,228,147,
32766,18684,5796,195,160,
32766,18652,5798,219,186,
32766,18657,5781,223,140,
32766,18625,5823,229,163,
32766,18655,5790,207,147,
32766,18645,5824,232,145,
32766,18644,5808,209,157,
32766,18648,5797,223,146,
32766,18663,5795,228,177,
32766,18651,5793,245,147,
32766,18655,5792,237,170,
32766,18658,5805,221,141,
32766,18670,5811,225,155,
32766,18670,5817,226,136,
32766,18677,5803,178,173,
32766,18668,5775,241,133,
32766,18646,5803,235,189,
32766,18645,5816,247,167,
32766,18677,5792,206,164,
32766,18673,5815,181,206,
32766,18694,5801,227,181,
32766,18669,5801,228,168,
32766,18662,5810,233,157,
32766,18676,5798,250,158,
32766,18678,5807,220,133,
32766,18674,5788,214,160,
32766,18678,5811,229,161,
32766,18675,5804,211,172,
32766,18665,5770,229,184,
32766,18686,5791,261,173,
32766,18684,5802,203,182,
32766,18646,5801,191,148,
32766,18656,5803,204,161,
32766,18675,5782,204,148,
32766,18681,5803,234,168,
32766,18683,5793,220,157,
32766,18672,5800,219,187,
32766,18675,5787,243,161,
32766,18682,5808,232,171,
32766,18678,5803,232,140,
32766,18685,5786,218,161,
32766,18679,5813,212,178,
32766,18661,5798,223,134,
32766,18684,5797,244,140,
32766,18666,5784,221,175,
32766,18666,5794,250,144,
32766,18678,5813,236,169,
32766,18668,5821,217,149,
32766,18662,5843,223,175,
32766,18681,5804,242,148,
32766,18656,5805,252,132,
32766,18692,5816,251,147,
32766,18672,5796,212,145,
32766,18692,5801,221,143,
32766,18669,5787,221,163,
32766,18680,5810,237,162,
32766,18672,5817,240,137,
32766,18674,5784,224,149,
32766,18666,5795,203,165,
32766,18664,5810,209,158,
32766,18679,5804,256,170,
32766,18674,5808,257,136,
32766,18691,5772,230,184,
32766,18681,5791,221,156,
32766,18695,5774,272,182,
32766,18659,5801,250,160,
32766,18647,5816,230,117,
32766,18674,5799,254,139,
32766,18669,5789,234,156,
32766,18676,5787,225,152,
32766,18647,5803,233,137,
32766,18663,5809,254,129,
32766,18672,5812,245,140,
32766,18666,5795,247,167,
32766,18654,5790,238,165,
32766,18685,5763,262,108,
32766,18669,5782,239,127,
32766,18696,5793,229,124,
32766,18667,5817,232,146,
32766,18646,5804,228,140,
32766,18633,5780,218,104,
32766,18672,5772,227,180,
32766,18651,5807,225,177,
32766,18667,5801,237,178,
32766,18652,5776,219,160,
32766,18654,5796,238,159,
32766,18648,5808,202,146,
32766,18640,5808,232,142,
32766,18668,5799,232,161,
32766,18651,5805,223,155,
32766,18666,5811,248,159,
32766,18637,5797,245,156,
32766,18664,5807,247,132,
32766,18663,5794,228,139,
32766,18645,5811,269,142,
32766,18669,5811,253,133,
32766,18659,5810,240,177,
32766,18660,5766,234,192,
32766,18666,5801,227,154,
32766,18640,5794,237,154,
32766,18652,5795,225,159,
32766,18659,5791,208,168,
32766,18644,5784,207,153,
32766,18666,5808,225,151,
32766,18656,5791,238,166,
32766,18651,5806,249,150,
32766,18658,5824,218,160,
32766,18658,5818,203,186,
32766,18689,5766,227,114,
32766,18678,5818,262,156,
32766,18682,5801,255,138,
32766,18714,5801,219,195,
32766,18642,5802,246,146,
32766,18696,5807,223,143,
32766,18684,5802,242,161,
32766,18676,5792,231,153,
32766,18680,5804,227,129,
32766,18665,5800,225,175,
32766,18688,5787,201,164,
32766,18681,5800,209,155,
32766,18670,5790,245,147,
32766,18675,5817,258,148,
32766,18639,5816,242,155,
32766,18652,5794,267,123,
32766,18669,5793,221,177,
32766,18682,5786,201,189,
32766,18700,5782,193,158,
32766,18664,5795,253,140,
32766,18653,5809,241,152,
32766,18664,5792,224,177,
32766,18656,5806,247,169,
32766,18669,5803,228,138,
32766,18657,5811,229,150,
32766,18658,5800,228,159,
32766,18657,5788,213,145,
32766,18655,5805,261,136,
32766,18654,5805,190,153,
32766,18638,5804,209,164,
32766,18664,5807,265,147,
32766,18608,5804,264,79,
32766,18633,5790,216,172,
32766,18649,5776,272,148,
32766,18623,5795,232,153,
32766,18578,5809,219,224,
32766,18588,5790,231,206,
32766,18581,5797,240,160,
32766,18558,5795,223,140,
32766,18556,5793,239,164,
32766,18536,5785,225,150,
32766,18534,5789,228,150,
32766,18549,5802,228,155,
32766,18542,5798,239,165,
32766,18568,5780,222,131,
32766,18588,5808,231,144,
32766,18586,5782,239,145,
32766,18613,5823,210,151,
32766,18629,5799,232,153,
32766,18622,5809,255,145,
32766,18639,5796,227,154,
32766,18667,5824,246,182,
32766,18672,5797,247,149,
32766,18658,5803,229,160,
32766,18667,5817,230,154,
32766,18654,5799,238,147,
32766,18620,5814,223,157,
32766,18645,5812,225,154,
32766,18620,5806,234,151,
32766,18635,5805,228,143,
32766,18634,5804,257,143,
32766,18639,5799,219,105,
32766,18651,5823,224,214,
32766,18665,5781,195,146,
32766,18678,5815,197,194,
32766,18679,5800,198,161,
32766,18656,5825,231,217,
32766,18650,5798,232,108,
32766,18686,5791,230,149,
32766,18673,5806,225,147,
32766,18683,5803,242,158,
32766,18675,5800,224,142,
32766,18652,5821,231,144,
32766,18650,5799,234,178,
32766,18652,5808,250,162,
32766,18656,5799,207,178,
32766,18644,5795,225,174,
32766,18667,5797,236,112,
32766,18629,5804,235,154,
32766,18649,5799,191,161,
32766,18629,5797,222,97,
32766,18620,5773,231,127,
32766,18641,5819,221,198,
32766,18661,5793,217,163,
32766,18676,5802,217,144,
32766,18668,5792,238,143,
32766,18695,5801,229,176,
32766,18709,5804,234,143,
32766,18710,5805,221,165,
32766,18725,5793,219,149,
32766,18722,5804,217,180,
32766,18731,5793,280,101,
32766,18718,5777,266,137,
32766,18692,5835,209,186,
32766,18685,5792,218,154,
32766,18689,5807,247,187,
32766,18686,5808,287,196,
32766,18685,5798,218,138,
32766,18676,5804,238,167,
32766,18670,5795,214,152,
32766,18668,5803,238,161,
32766,18695,5797,214,160,
32766,18692,5798,237,158,
32766,18674,5788,215,190,
32766,18690,5785,213,160,
32766,18679,5794,226,141,
32766,18706,5794,248,149,
32766,18702,5798,248,154,
32766,18665,5806,201,169,
32766,18703,5802,223,152,
32766,18684,5790,233,138,
32766,18669,5801,214,161,
32766,18671,5783,168,95,
32766,18683,5804,230,168,
32766,18663,5803,234,162,
32766,18640,5803,214,140,
32766,18660,5797,242,161,
32766,18641,5804,233,162,
32766,18640,5795,243,152,
32766,18644,5797,240,155,
32766,18654,5782,221,164,
32766,18625,5797,219,177,
32766,18652,5780,232,126,
32766,18639,5790,251,175,
32766,18598,5833,221,157,
32766,18644,5800,243,167,
32766,18632,5791,212,199,
32766,18630,5824,212,184,
32766,18620,5814,243,149,
32766,18639,5789,244,182,
32766,18621,5796,238,146,
32766,18629,5812,229,164,
32766,18659,5804,212,148,
32766,18641,5801,245,155,
32766,18639,5790,229,124,
32766,18645,5789,241,151,
32766,18649,5794,230,175,
32766,18651,5849,242,114,
32766,18647,5804,236,133,
32766,18664,5800,180,193,
32766,18658,5813,236,176,
32766,18639,5825,235,130,
32766,18633,5835,262,142,
32766,18686,5814,242,167,
32766,18663,5819,233,151,
32766,18674,5782,235,160,
32766,18651,5812,220,158,
32766,18657,5807,227,156,
32766,18658,5798,247,167,
32766,18656,5813,231,173,
32766,18661,5811,230,156,
32766,18652,5800,223,176,
32766,18661,5791,242,141,
32766,18665,5784,247,162,
32766,18677,5785,188,192,
32766,18674,5816,233,121,
32766,18673,5825,222,171,
32766,18684,5816,254,161,
32766,18673,5807,250,140,
32766,18657,5777,221,133,
32766,18675,5802,213,167,
32766,18664,5817,239,151,
32766,18663,5793,208,158,
32766,18654,5805,235,132,
32766,18663,5801,243,158,
32766,18652,5807,224,141,
32766,18659,5808,237,157,
32766,18639,5808,206,176,
32766,18655,5787,226,172,
32766,18651,5821,210,125,
32766,18643,5808,257,197,
32766,18651,5804,230,160,
32766,18654,5816,187,138,
32766,18688,5839,201,174,
32766,18661,5792,257,173,
32766,18647,5793,216,169,
32766,18653,5801,240,154,
32766,18650,5804,203,164,
32766,18637,5800,228,166,
32766,18645,5811,236,157,
32766,18634,5809,244,155,
32766,18626,5805,230,141,
32766,18632,5817,251,160,
32766,18630,5803,221,152,
32766,18643,5792,253,159,
32766,18625,5821,254,137,
32766,18654,5812,262,145,
32766,18664,5816,226,177,
32766,18676,5783,224,171,
32766,18659,5807,267,151,
32766,18666,5819,232,166,
32766,18672,5804,225,150,
32766,18685,5816,233,144,
32766,18708,5809,234,181,
32766,18727,5805,214,131,
32766,18726,5804,233,161,
32766,18768,5809,229,140,
32766,18779,5820,217,158,
32766,18789,5824,230,181,
32766,18854,5822,256,121,
32766,18819,5806,229,167,
32766,18812,5821,190,159,
32766,18804,5841,242,159,
32766,18823,5818,207,203,
32766,18821,5820,259,136,
32766,18813,5817,236,221,
32766,18813,5799,225,147,
32766,18806,5812,245,149,
32766,18812,5824,225,146,
32766,18808,5823,223,159,
32766,18810,5814,241,163,
32766,18803,5816,226,152,
32766,18791,5817,219,152,
32766,18784,5830,244,159,
32766,18792,5794,258,149,
32766,18792,5809,199,172,
32766,18762,5814,305,161,
32766,18760,5805,217,146,
32766,18740,5819,245,121,
32766,18732,5818,201,166,
32766,18702,5812,198,153,
32766,18696,5807,233,175,
32766,18669,5805,212,132,
32766,18667,5796,239,154,
32766,18641,5803,228,154,
32766,18621,5801,229,156,
32766,18605,5825,237,170,
32766,18597,5824,239,165,
32766,18589,5810,242,167,
32766,18606,5820,227,176,
32766,18574,5827,255,121,
32766,18580,5786,197,185,
32766,18569,5789,208,172,
32766,18576,5792,242,133,
32766,18518,5840,218,185,
32766,18529,5840,225,159,
32766,18537,5778,218,130,
32766,18552,5806,232,130,
32766,18555,5811,223,187,
32766,18541,5809,218,146,
32766,18532,5818,225,172,
32766,18522,5808,226,152,
32766,18520,5801,223,160,
32766,18521,5818,235,158,
32766,18522,5799,232,157,
32766,18499,5821,197,161,
32766,18532,5802,244,143,
32766,18533,5830,216,202,
32766,18522,5818,247,168,
32766,18513,5806,242,159,
32766,18503,5781,223,187,
32766,18527,5804,240,139,
32766,18513,5814,236,129,
32766,18527,5810,217,148,
32766,18525,5812,232,162,
32766,18523,5805,244,168,
32766,18520,5801,241,162,
32766,18515,5808,240,161,
32766,18506,5802,229,146,
32766,18497,5810,220,193,
32766,18494,5810,238,192,
32766,18518,5798,214,158,
32766,18516,5800,227,134,
32766,18527,5803,245,133,
32766,18522,5823,264,179,
32766,18523,5826,225,130,
32766,18538,5797,181,175,
32766,18529,5790,220,151,
32766,18555,5821,214,183,
32766,18549,5816,202,161,
32766,18550,5816,260,156,
32766,18545,5814,204,184,
32766,18545,5820,225,149,
32766,18551,5824,263,171,
32766,18552,5821,249,159,
32766,18548,5826,244,160,
32766,18565,5782,232,161,
32766,18559,5822,226,137,
32766,18567,5818,236,184,
32766,18547,5804,214,158,
32766,18539,5827,237,146,
32766,18560,5830,272,191,
32766,18521,5814,219,146,
32766,18562,5829,250,184,
32766,18557,5816,232,164,
32766,18549,5826,239,159,
32766,18571,5817,255,163,
32766,18557,5822,231,162,
32766,18552,5815,239,157,
32766,18554,5808,223,145,
32766,18539,5818,230,152,
32766,18518,5804,210,171,
32766,18543,5802,280,114,
32766,18493,5806,259,140,
32766,18555,5823,216,174,
32766,18539,5803,215,148,
32766,18518,5811,217,153,
32766,18517,5794,217,178,
32766,18507,5826,231,162,
32766,18512,5823,235,169,
32766,18518,5820,213,185,
32766,18523,5825,235,160,
32766,18520,5806,222,159,
32766,18524,5816,219,161,
32766,18541,5813,232,177,
32766,18531,5813,235,169,
32766,18555,5816,206,160,
32766,18550,5798,225,162,
32766,18560,5822,229,139,
32766,18555,5823,226,156,
32766,18538,5829,247,152,
32766,18557,5835,271,164,
32766,18503,5846,260,181,
32766,18521,5802,186,143,
32766,18540,5790,266,131,
32766,18557,5815,213,140,
32766,18545,5806,239,155,
32766,18550,5816,212,171,
32766,18560,5799,206,161,
32766,18549,5836,218,155,
32766,18582,5825,221,145,
32766,18570,5815,231,175,
32766,18555,5836,176,188,
32766,18589,5814,233,165,
32766,18586,5834,249,191,
32766,18575,5817,232,167,
32766,18594,5827,233,159,
