32766,17954,6598,197,206,
32766,17957,6596,195,197,
32766,17957,6592,193,212,
32766,17954,6598,202,197,
32766,17955,6599,196,209,
32766,17959,6593,201,201,
32766,17946,6594,199,197,
32766,17947,6586,195,206,
32766,17949,6589,198,208,
32766,17942,6592,193,200,
32766,17951,6585,194,208,
32766,17948,6596,204,207,
32766,17954,6592,200,214,
32766,17953,6593,197,204,
32766,17944,6596,211,203,
32766,17942,6592,197,219,
32766,17950,6590,193,210,
32766,17950,6595,196,202,
32766,17950,6587,192,200,
32766,17963,6598,190,202,
32766,17950,6596,204,195,
32766,17952,6583,193,209,
32766,17946,6593,201,210,
32766,17942,6583,186,209,
32766,17947,6577,205,202,
32766,17943,6584,196,207,
32766,17957,6589,187,208,
32766,17941,6588,195,204,
32766,17949,6582,187,199,
32766,17943,6592,198,199,
32766,17951,6585,196,204,
32766,17951,6593,201,211,
32766,17948,6581,199,216,
32766,17941,6594,197,211,
32766,17941,6599,192,205,
32766,17943,6597,200,207,
32766,17942,6594,202,205,
32766,17952,6598,194,210,
32766,17945,6581,197,209,
32766,17941,6595,204,198,
32766,17947,6585,199,207,
32766,17948,6585,197,203,
32766,17943,6581,195,210,
32766,17941,6592,203,200,
32766,17945,6588,191,203,
32766,17953,6589,190,213,
32766,17951,6589,188,201,
32766,17953,6587,192,201,
32766,17939,6596,197,202,
32766,17946,6591,201,204,
32766,17947,6597,205,210,
32766,17946,6583,195,208,
32766,17945,6588,196,200,
32766,17953,6586,194,212,
32766,17955,6585,192,205,
32766,17942,6581,192,194,
32766,17948,6584,200,208,
32766,17939,6586,195,206,
32766,17943,6595,205,206,
32766,17944,6588,206,208,
32766,17947,6593,200,200,
32766,17950,6590,205,201,
32766,17953,6587,198,215,
32766,17945,6587,201,214,
32766,17953,6589,211,207,
32766,17952,6583,192,206,
32766,17949,6595,195,216,
32766,17948,6595,197,200,
32766,17941,6600,199,195,
32766,17942,6587,203,207,
32766,17938,6587,198,208,
32766,17951,6587,196,208,
32766,17943,6589,199,214,
32766,17946,6577,197,206,
32766,17940,6575,201,203,
32766,17944,6584,189,212,
32766,17944,6581,196,210,
32766,17943,6585,200,203,
32766,17948,6579,199,210,
32766,17940,6584,208,198,
32766,17949,6584,201,207,
32766,17950,6589,198,199,
32766,17956,6593,188,203,
32766,17942,6587,199,204,
32766,17944,6576,188,203,
32766,17950,6583,195,209,
32766,17941,6580,196,208,
32766,17938,6574,210,207,
32766,17944,6586,195,208,
32766,17945,6577,198,201,
32766,17943,6577,197,207,
32766,17945,6575,197,212,
32766,17945,6579,197,203,
32766,17948,6579,203,201,
32766,17946,6572,199,204,
32766,17953,6570,195,205,
32766,17943,6563,206,204,
32766,17943,6562,200,209,
32766,17949,6580,186,200,
32766,17946,6572,195,210,
32766,17943,6566,188,212,
32766,17939,6568,200,208,
32766,17943,6569,197,200,
32766,17953,6571,193,200,
32766,17941,6558,199,210,
32766,17937,6559,195,199,
32766,17950,6565,197,213,
32766,17945,6565,203,206,
32766,17939,6567,194,204,
32766,17945,6562,195,205,
32766,17949,6560,195,213,
32766,17939,6559,204,211,
32766,17949,6552,194,211,
32766,17948,6558,191,210,
32766,17938,6554,192,203,
32766,17943,6552,198,209,
32766,17938,6557,194,204,
32766,17944,6548,193,204,
32766,17937,6553,196,204,
32766,17937,6560,188,203,
32766,17939,6562,203,210,
32766,17945,6559,197,203,
32766,17936,6563,206,203,
32766,17935,6551,195,208,
32766,17936,6555,204,207,
32766,17945,6551,193,210,
32766,17939,6559,205,202,
32766,17948,6557,195,208,
32766,17936,6559,200,211,
32766,17947,6547,193,203,
32766,17932,6549,197,205,
32766,17940,6551,187,208,
32766,17934,6556,194,209,
32766,17944,6563,195,205,
32766,17949,6565,200,205,
32766,17940,6567,197,210,
32766,17938,6565,200,196,
32766,17940,6556,194,206,
32766,17938,6570,184,208,
32766,17939,6552,187,208,
32766,17944,6562,196,206,
32766,17942,6563,191,208,
32766,17942,6565,191,198,
32766,17942,6557,195,211,
32766,17944,6565,196,210,
32766,17939,6567,194,202,
32766,17939,6565,202,210,
32766,17937,6568,196,208,
32766,17940,6561,193,209,
32766,17937,6568,195,189,
32766,17937,6567,213,211,
32766,17935,6560,195,212,
32766,17927,6570,197,204,
32766,17938,6558,200,203,
32766,17934,6559,189,204,
32766,17933,6568,199,210,
32766,17934,6569,189,210,
32766,17942,6565,198,216,
32766,17930,6567,193,206,
32766,17933,6569,194,220,
32766,17934,6565,201,211,
32766,17932,6564,196,201,
32766,17930,6564,196,214,
32766,17931,6565,198,204,
32766,17928,6566,200,207,
32766,17937,6571,191,207,
32766,17934,6555,194,211,
32766,17929,6557,194,206,
32766,17930,6556,191,202,
32766,17931,6564,201,207,
32766,17935,6569,198,200,
32766,17927,6566,203,205,
32766,17948,6565,191,203,
32766,17933,6561,199,204,
32766,17934,6567,198,203,
32766,17932,6563,197,203,
32766,17931,6558,200,201,
32766,17927,6577,197,213,
32766,17928,6563,210,206,
32766,17923,6568,206,202,
32766,17929,6575,197,206,
32766,17930,6567,194,203,
32766,17934,6570,199,209,
32766,17926,6565,199,199,
32766,17928,6567,189,205,
32766,17934,6555,194,203,
32766,17918,6562,200,215,
32766,17932,6567,198,215,
32766,17923,6567,198,206,
32766,17937,6561,200,210,
32766,17929,6573,196,207,
32766,17928,6567,187,210,
32766,17935,6572,194,202,
32766,17926,6564,190,212,
32766,17924,6564,195,198,
32766,17929,6565,202,209,
32766,17929,6562,190,202,
32766,17920,6573,201,207,
32766,17930,6582,194,202,
32766,17920,6569,199,204,
32766,17951,6566,189,201,
32766,17935,6568,194,208,
32766,17927,6573,198,199,
32766,17929,6572,202,206,
32766,17928,6577,192,198,
32766,17934,6579,198,208,
32766,17929,6584,196,202,
32766,17925,6576,196,216,
32766,17933,6573,199,208,
32766,17937,6573,187,206,
32766,17935,6580,197,199,
32766,17934,6575,194,209,
32766,17932,6572,195,210,
32766,17923,6581,194,205,
32766,17932,6584,194,216,
32766,17932,6578,200,215,
32766,17929,6583,197,205,
32766,17937,6590,197,203,
32766,17936,6590,193,204,
32766,17929,6585,195,207,
32766,17933,6574,198,205,
32766,17933,6587,200,194,
32766,17925,6585,198,206,
32766,17931,6594,193,207,
32766,17932,6588,199,210,
32766,17938,6589,196,201,
32766,17936,6581,198,211,
32766,17932,6598,198,202,
32766,17920,6576,199,209,
32766,17925,6589,191,201,
32766,17930,6589,201,211,
32766,17935,6577,199,211,
32766,17926,6581,196,209,
32766,17934,6585,194,203,
32766,17931,6595,193,207,
32766,17930,6589,197,207,
32766,17928,6595,203,196,
32766,17937,6586,201,198,
32766,17931,6572,201,205,
32766,17923,6575,204,205,
32766,17920,6582,188,207,
32766,17929,6588,205,198,
32766,17920,6586,188,203,
32766,17923,6573,204,209,
32766,17930,6575,185,206,
32766,17918,6582,197,195,
32766,17927,6581,196,200,
32766,17934,6588,198,205,
32766,17928,6592,204,205,
32766,17922,6578,189,212,
32766,17925,6587,192,212,
32766,17929,6580,204,202,
32766,17918,6581,195,207,
32766,17925,6580,206,210,
32766,17926,6581,202,209,
32766,17929,6588,195,203,
32766,17919,6580,198,210,
32766,17931,6588,190,208,
32766,17927,6591,207,212,
32766,17925,6579,193,204,
32766,17918,6586,200,205,
32766,17920,6589,201,202,
32766,17927,6584,189,202,
32766,17918,6591,202,207,
32766,17916,6588,195,199,
32766,17924,6594,207,204,
32766,17930,6593,210,209,
32766,17940,6589,203,208,
32766,17921,6601,193,205,
32766,17934,6600,204,210,
32766,17917,6598,195,195,
32766,17932,6604,196,209,
32766,17924,6601,192,200,
32766,17929,6589,193,203,
32766,17927,6601,202,205,
32766,17933,6601,192,205,
32766,17927,6587,196,208,
32766,17925,6587,194,211,
32766,17924,6589,190,205,
32766,17927,6589,195,211,
32766,17928,6584,194,211,
32766,17927,6589,197,201,
32766,17931,6593,198,211,
32766,17927,6595,194,195,
32766,17927,6593,192,212,
32766,17925,6601,202,207,
32766,17937,6601,199,201,
32766,17922,6594,191,208,
32766,17929,6598,193,197,
32766,17925,6589,205,210,
32766,17927,6595,196,214,
32766,17919,6578,201,204,
32766,17929,6594,192,199,
32766,17930,6594,193,207,
32766,17925,6601,197,205,
32766,17921,6590,195,199,
32766,17928,6599,199,206,
32766,17931,6598,195,203,
32766,17932,6600,195,203,
32766,17928,6596,191,210,
32766,17933,6597,186,202,
32766,17932,6604,199,198,
32766,17923,6588,196,194,
32766,17916,6603,193,198,
32766,17923,6590,197,213,
32766,17921,6595,200,199,
32766,17922,6592,195,207,
32766,17932,6595,192,199,
32766,17934,6597,199,204,
32766,17917,6599,205,203,
32766,17927,6586,198,209,
32766,17934,6597,201,210,
32766,17928,6587,200,212,
32766,17916,6597,200,206,
32766,17934,6590,209,201,
32766,17926,6595,192,210,
32766,17929,6600,191,192,
32766,17927,6610,197,205,
32766,17930,6602,200,210,
32766,17924,6600,196,198,
32766,17925,6589,199,203,
32766,17936,6594,191,203,
32766,17930,6602,201,209,
32766,17927,6582,188,206,
32766,17918,6599,188,201,
32766,17927,6586,186,206,
32766,17925,6582,198,205,
32766,17927,6585,193,203,
32766,17929,6583,197,200,
32766,17931,6590,197,199,
32766,17918,6595,195,202,
32766,17926,6595,194,205,
32766,17930,6594,203,200,
32766,17933,6585,198,214,
32766,17922,6596,196,201,
32766,17924,6594,202,204,
32766,17933,6595,194,204,
32766,17931,6586,195,202,
32766,17923,6590,199,211,
32766,17926,6588,194,210,
32766,17932,6592,195,202,
32766,17922,6587,191,198,
32766,17926,6597,190,204,
32766,17932,6597,192,207,
32766,17938,6584,197,210,
32766,17930,6590,193,204,
32766,17933,6589,192,213,
32766,17926,6586,191,196,
32766,17937,6589,195,202,
32766,17920,6591,189,203,
32766,17936,6578,197,209,
32766,17924,6585,192,192,
32766,17931,6581,192,206,
32766,17933,6585,192,211,
32766,17927,6576,199,197,
32766,17930,6577,195,208,
32766,17929,6588,189,207,
32766,17935,6579,197,202,
32766,17934,6579,194,200,
32766,17943,6572,200,205,
32766,17925,6570,190,199,
32766,17925,6573,198,200,
32766,17938,6573,183,198,
32766,17937,6583,195,204,
32766,17945,6570,203,208,
32766,17933,6575,203,194,
32766,17925,6567,206,210,
32766,17937,6566,194,210,
32766,17940,6574,195,208,
32766,17920,6569,200,203,
32766,17925,6575,194,204,
32766,17937,6574,196,211,
32766,17927,6554,192,206,
32766,17932,6566,196,196,
32766,17930,6578,198,209,
32766,17937,6573,197,206,
32766,17935,6566,190,196,
32766,17925,6559,196,201,
32766,17923,6567,186,217,
32766,17936,6572,195,215,
32766,17928,6569,190,209,
32766,17926,6560,200,209,
32766,17925,6555,196,202,
32766,17925,6567,196,205,
32766,17930,6562,199,208,
32766,17939,6559,188,208,
32766,17925,6561,193,206,
32766,17933,6559,198,205,
32766,17935,6551,190,205,
32766,17928,6566,197,204,
32766,17931,6564,192,209,
32766,17924,6555,197,195,
32766,17932,6564,204,214,
32766,17932,6556,186,209,
32766,17927,6561,187,207,
32766,17926,6562,191,203,
32766,17937,6556,191,207,
32766,17929,6560,196,210,
32766,17932,6557,195,209,
32766,17927,6556,204,212,
32766,17917,6556,204,205,
32766,17935,6558,194,209,
32766,17936,6563,203,209,
32766,17929,6554,201,196,
32766,17931,6547,192,213,
32766,17924,6555,195,207,
32766,17933,6548,194,211,
32766,17928,6556,195,203,
32766,17926,6559,196,200,
32766,17940,6551,193,208,
32766,17937,6553,187,199,
32766,17934,6564,192,198,
32766,17928,6556,192,200,
32766,17930,6548,195,201,
32766,17937,6558,194,208,
32766,17934,6559,191,200,
32766,17932,6553,199,192,
32766,17931,6555,194,212,
32766,17932,6562,196,207,
32766,17935,6567,196,203,
32766,17926,6551,189,212,
32766,17933,6549,195,196,
32766,17937,6552,203,211,
32766,17929,6556,190,201,
32766,17936,6559,202,206,
32766,17925,6561,194,214,
32766,17926,6554,202,208,
32766,17929,6554,195,198,
32766,17926,6558,187,202,
32766,17927,6553,205,209,
32766,17936,6566,195,211,
32766,17928,6569,200,198,
32766,17933,6561,189,208,
32766,17942,6558,189,207,
32766,17937,6559,189,205,
32766,17926,6554,193,209,
32766,17942,6556,193,202,
32766,17929,6566,192,207,
32766,17931,6564,183,201,
32766,17922,6567,193,201,
32766,17927,6573,191,197,
32766,17918,6559,200,206,
32766,17929,6562,195,205,
32766,17931,6559,193,196,
32766,17926,6562,197,198,
32766,17929,6559,186,210,
32766,17923,6549,193,202,
32766,17936,6559,196,201,
32766,17917,6561,193,204,
32766,17926,6568,197,213,
32766,17933,6560,196,203,
32766,17925,6571,198,204,
32766,17918,6564,199,194,
32766,17923,6573,200,209,
32766,17929,6573,201,206,
32766,17925,6563,191,204,
32766,17911,6567,192,210,
32766,17927,6558,194,206,
32766,17925,6563,198,204,
32766,17914,6563,209,206,
32766,17924,6554,190,202,
32766,17927,6554,185,200,
32766,17921,6567,195,201,
32766,17916,6556,199,206,
32766,17919,6560,199,205,
32766,17913,6561,201,208,
32766,17929,6563,187,201,
32766,17915,6554,190,209,
32766,17911,6561,193,202,
32766,17913,6571,200,210,
32766,17918,6563,195,206,
32766,17928,6569,197,204,
32766,17908,6566,196,209,
32766,17914,6564,192,216,
32766,17914,6574,199,205,
32766,17917,6567,202,206,
32766,17916,6572,202,205,
32766,17910,6563,193,203,
32766,17905,6567,195,215,
32766,17914,6574,194,201,
32766,17914,6568,196,197,
32766,17909,6567,193,208,
32766,17909,6567,192,192,
32766,17910,6563,208,215,
32766,17912,6563,198,204,
32766,17905,6564,203,210,
32766,17913,6571,199,206,
32766,17920,6563,198,212,
32766,17911,6563,208,200,
32766,17925,6569,195,201,
32766,17911,6569,193,198,
32766,17917,6562,200,210,
32766,17913,6563,197,206,
32766,17919,6569,205,197,
32766,17917,6567,202,202,
32766,17916,6562,195,203,
32766,17913,6581,203,208,
32766,17908,6568,191,207,
32766,17915,6566,193,207,
32766,17915,6570,202,199,
32766,17915,6575,195,205,
32766,17922,6567,206,206,
32766,17915,6574,196,198,
32766,17916,6561,196,199,
32766,17913,6568,195,203,
32766,17919,6569,195,197,
32766,17926,6575,192,205,
32766,17918,6575,199,203,
32766,17923,6567,202,205,
32766,17916,6572,199,206,
32766,17911,6567,200,207,
32766,17926,6567,206,201,
32766,17906,6585,188,213,
32766,17922,6575,199,195,
32766,17916,6581,196,206,
32766,17903,6573,208,200,
32766,17914,6585,202,204,
32766,17917,6576,202,217,
32766,17909,6582,202,204,
32766,17915,6576,195,202,
32766,17909,6581,195,201,
32766,17915,6573,188,191,
32766,17919,6584,198,203,
32766,17919,6576,203,206,
32766,17918,6573,195,206,
32766,17920,6582,190,209,
32766,17916,6576,202,202,
32766,17918,6578,192,208,
32766,17919,6577,192,197,
32766,17917,6587,196,201,
32766,17911,6585,195,201,
32766,17907,6585,195,211,
32766,17918,6581,192,201,
32766,17912,6578,191,206,
32766,17908,6576,194,206,
32766,17916,6574,182,205,
32766,17915,6591,197,203,
32766,17908,6581,200,203,
32766,17908,6583,200,212,
32766,17895,6575,198,200,
32766,17908,6579,190,201,
32766,17908,6570,198,204,
32766,17923,6589,194,207,
32766,17924,6584,203,206,
32766,17915,6586,203,214,
32766,17918,6575,197,199,
32766,17918,6584,196,202,
32766,17909,6589,198,217,
32766,17920,6581,201,196,
32766,17915,6583,199,196,
32766,17921,6593,201,213,
32766,17924,6597,195,201,
32766,17920,6593,195,204,
32766,17908,6586,196,204,
32766,17915,6578,197,202,
32766,17919,6584,195,198,
32766,17916,6582,191,201,
32766,17917,6584,197,201,
32766,17911,6591,195,208,
32766,17915,6591,200,206,
32766,17916,6590,189,191,
32766,17920,6598,193,215,
32766,17916,6599,192,213,
32766,17930,6596,202,199,
32766,17918,6588,209,208,
32766,17923,6588,195,198,
32766,17924,6593,202,206,
32766,17911,6593,191,201,
32766,17919,6590,183,214,
32766,17913,6586,196,203,
32766,17916,6588,195,212,
32766,17916,6588,201,198,
32766,17910,6580,199,210,
32766,17914,6600,207,196,
32766,17920,6582,193,204,
32766,17911,6593,199,210,
32766,17928,6598,198,196,
32766,17924,6598,194,204,
32766,17920,6597,194,207,
32766,17920,6596,197,206,
32766,17910,6591,202,208,
32766,17916,6592,193,211,
32766,17918,6591,197,205,
32766,17928,6575,201,214,
32766,17915,6584,198,210,
32766,17922,6587,195,207,
32766,17926,6594,200,202,
32766,17920,6578,206,211,
32766,17917,6588,195,205,
32766,17929,6594,193,205,
32766,17925,6593,210,205,
32766,17914,6590,210,199,
32766,17912,6594,198,204,
32766,17914,6586,203,205,
32766,17917,6592,196,213,
32766,17920,6593,204,208,
32766,17930,6586,197,209,
32766,17921,6593,202,206,
32766,17922,6607,204,212,
32766,17926,6597,196,209,
32766,17918,6594,199,206,
32766,17917,6593,202,203,
32766,17924,6589,200,204,
32766,17922,6594,193,219,
32766,17911,6579,196,202,
32766,17917,6578,202,200,
32766,17922,6577,194,211,
32766,17918,6569,204,207,
32766,17919,6561,195,210,
32766,17926,6555,191,200,
32766,17919,6544,188,206,
32766,17915,6530,186,207,
32766,17907,6509,212,205,
32766,17899,6491,196,211,
32766,17895,6464,201,205,
32766,17898,6433,192,218,
32766,17870,6412,206,203,
32766,17867,6394,188,214,
32766,17853,6352,193,211,
32766,17856,6343,198,204,
32766,17840,6337,198,216,
32766,17843,6332,193,207,
32766,17841,6313,191,214,
32766,17824,6310,203,218,
32766,17835,6321,192,213,
32766,17831,6326,197,208,
32766,17834,6322,201,198,
32766,17828,6318,201,213,
32766,17831,6304,196,200,
32766,17823,6307,193,211,
32766,17822,6303,194,208,
32766,17804,6291,202,210,
32766,17808,6270,195,200,
32766,17804,6273,193,195,
32766,17809,6276,195,213,
32766,17801,6278,197,204,
32766,17791,6250,187,202,
32766,17793,6257,202,211,
32766,17787,6249,189,212,
32766,17777,6244,194,209,
32766,17788,6247,202,211,
32766,17784,6244,182,209,
32766,17769,6237,204,205,
32766,17748,6209,196,196,
32766,17732,6185,197,211,
32766,17716,6157,195,207,
32766,17711,6142,193,193,
32766,17693,6137,199,213,
32766,17708,6141,192,213,
32766,17701,6148,202,212,
32766,17691,6131,194,211,
32766,17699,6144,200,195,
32766,17701,6128,205,202,
32766,17703,6142,208,213,
32766,17699,6144,196,205,
32766,17698,6139,184,211,
32766,17698,6152,190,217,
32766,17706,6152,200,210,
32766,17700,6156,195,210,
32766,17712,6140,189,214,
32766,17705,6147,193,205,
32766,17725,6146,192,212,
32766,17711,6149,188,191,
32766,17717,6165,200,203,
32766,17728,6150,192,207,
32766,17719,6157,198,216,
32766,17718,6151,199,205,
32766,17727,6173,194,208,
32766,17736,6166,185,212,
32766,17743,6171,198,207,
32766,17757,6191,186,210,
32766,17763,6202,199,212,
32766,17760,6219,192,208,
32766,17773,6239,191,214,
32766,17770,6244,198,203,
32766,17778,6254,191,198,
32766,17789,6264,198,206,
32766,17794,6287,196,204,
32766,17795,6279,197,213,
32766,17791,6280,187,211,
32766,17806,6285,192,202,
32766,17802,6295,187,209,
32766,17796,6283,188,206,
32766,17810,6294,192,200,
32766,17810,6299,191,203,
32766,17809,6295,195,206,
32766,17809,6305,202,211,
32766,17814,6322,191,212,
32766,17809,6319,200,203,
32766,17817,6319,194,203,
32766,17820,6333,195,206,
32766,17825,6327,193,210,
32766,17820,6326,198,202,
32766,17818,6330,187,212,
32766,17820,6329,202,205,
32766,17831,6339,200,212,
32766,17819,6331,193,207,
32766,17828,6330,198,218,
32766,17821,6348,196,203,
32766,17827,6347,192,217,
32766,17838,6343,192,210,
32766,17831,6346,190,202,
32766,17837,6352,192,213,
32766,17827,6349,187,205,
32766,17827,6351,190,210,
32766,17819,6359,197,197,
32766,17825,6356,190,208,
32766,17827,6358,206,200,
32766,17837,6352,188,211,
32766,17839,6357,194,196,
32766,17828,6361,201,209,
32766,17832,6372,200,207,
32766,17831,6372,200,214,
32766,17828,6369,205,200,
32766,17839,6373,198,191,
32766,17840,6366,199,200,
32766,17833,6376,202,206,
32766,17841,6385,193,204,
32766,17835,6377,194,191,
32766,17838,6376,198,207,
32766,17841,6380,201,212,
32766,17836,6377,201,199,
32766,17837,6375,189,203,
32766,17838,6389,198,206,
32766,17842,6381,195,200,
32766,17831,6390,193,199,
32766,17834,6385,203,209,
32766,17842,6393,193,204,
32766,17848,6376,193,211,
32766,17838,6389,191,204,
32766,17836,6391,189,206,
32766,17836,6391,195,206,
32766,17843,6383,185,208,
32766,17838,6388,186,204,
32766,17839,6384,206,207,
32766,17847,6398,199,214,
32766,17838,6389,195,204,
32766,17837,6377,189,217,
32766,17840,6390,193,199,
32766,17848,6392,190,207,
32766,17849,6387,196,200,
32766,17850,6385,190,206,
32766,17848,6383,191,210,
32766,17835,6383,180,204,
32766,17842,6388,186,206,
32766,17845,6396,198,201,
32766,17844,6390,197,207,
32766,17844,6392,196,205,
32766,17838,6403,202,198,
32766,17844,6403,190,208,
32766,17849,6404,204,207,
32766,17847,6402,190,202,
32766,17846,6393,199,204,
32766,17859,6401,200,207,
32766,17838,6402,197,217,
32766,17850,6409,189,204,
32766,17840,6404,189,212,
32766,17849,6414,199,209,
32766,17852,6407,194,203,
32766,17857,6402,198,208,
32766,17844,6413,187,201,
32766,17848,6404,191,202,
32766,17849,6411,192,200,
32766,17852,6414,200,214,
32766,17858,6402,199,200,
32766,17858,6421,194,203,
32766,17861,6414,188,192,
32766,17860,6422,199,216,
32766,17853,6420,187,210,
32766,17853,6418,208,198,
32766,17851,6420,197,212,
32766,17859,6406,189,209,
32766,17853,6398,180,206,
32766,17850,6398,203,205,
32766,17850,6405,196,202,
32766,17856,6384,186,207,
32766,17844,6393,195,200,
32766,17855,6381,194,207,
32766,17852,6385,200,207,
32766,17844,6378,188,191,
32766,17852,6377,191,199,
32766,17855,6370,195,202,
32766,17861,6372,193,201,
32766,17855,6370,184,193,
32766,17853,6372,199,206,
32766,17853,6366,187,201,
32766,17855,6358,192,204,
32766,17848,6368,191,193,
32766,17849,6379,191,197,
32766,17848,6372,188,207,
32766,17860,6374,193,195,
32766,17854,6372,201,198,
32766,17853,6353,201,190,
32766,17857,6369,200,211,
32766,17859,6360,201,201,
32766,17860,6375,194,208,
32766,17867,6375,182,202,
32766,17867,6379,185,210,
32766,17860,6380,194,200,
32766,17851,6381,194,196,
32766,17858,6380,195,200,
32766,17859,6395,188,197,
32766,17866,6409,194,203,
32766,17857,6404,188,207,
32766,17860,6408,189,204,
32766,17864,6427,198,204,
32766,17863,6432,198,206,
32766,17858,6441,191,200,
32766,17871,6444,198,201,
32766,17865,6459,198,206,
32766,17864,6479,183,208,
32766,17874,6495,197,198,
32766,17859,6497,191,200,
32766,17858,6518,192,204,
32766,17861,6547,194,206,
32766,17854,6567,191,204,
32766,17852,6585,192,205,
32766,17856,6596,186,199,
32766,17843,6588,196,198,
32766,17841,6609,200,209,
32766,17843,6629,190,198,
32766,17834,6642,200,213,
32766,17831,6643,197,207,
32766,17826,6656,195,196,
32766,17814,6657,199,217,
32766,17817,6669,196,198,
32766,17808,6686,202,208,
32766,17808,6689,198,196,
32766,17810,6692,195,201,
32766,17786,6701,197,199,
32766,17784,6724,198,194,
32766,17776,6740,201,193,
32766,17765,6758,191,198,
32766,17762,6779,202,199,
32766,17751,6788,201,199,
32766,17737,6816,202,207,
32766,17726,6829,203,207,
32766,17714,6836,206,193,
32766,17705,6856,206,205,
32766,17698,6836,205,206,
32766,17688,6825,200,197,
32766,17668,6776,198,200,
32766,17643,6695,196,197,
32766,17626,6678,196,200,
32766,17624,6707,195,199,
32766,17591,6707,194,199,
32766,17586,6682,197,196,
32766,17573,6668,200,195,
32766,17544,6677,187,191,
32766,17527,6658,198,194,
32766,17500,6663,194,193,
32766,17467,6660,191,193,
32766,17439,6657,185,193,
32766,17394,6650,174,196,
32766,17359,6663,194,196,
32766,17311,6664,181,187,
32766,17263,6669,177,185,
32766,17198,6644,181,187,
32766,17128,6643,191,180,
32766,17100,6686,173,189,
32766,17052,6707,194,193,
32766,17023,6721,178,188,
32766,16982,6697,183,176,
32766,16946,6649,178,179,
32766,16922,6626,174,174,
32766,16905,6657,176,187,
32766,16870,6691,170,183,
32766,16862,6688,181,171,
32766,16859,6686,186,177,
32766,16851,6695,179,169,
32766,16832,6721,179,181,
32766,16824,6713,185,186,
32766,16819,6734,179,183,
32766,16812,6750,181,177,
32766,16804,6766,180,175,
32766,16793,6796,181,180,
32766,16776,6820,187,180,
32766,16768,6822,187,182,
32766,16751,6860,194,190,
32766,16735,6875,189,180,
32766,16730,6906,199,190,
32766,16725,6893,191,183,
32766,16709,6912,189,188,
32766,16694,6937,184,193,
32766,16710,6920,199,180,
32766,16699,6926,195,181,
32766,16695,6938,193,189,
32766,16702,6926,199,195,
32766,16717,6936,195,199,
32766,16720,6936,200,198,
32766,16726,6938,201,200,
32766,16739,6929,207,198,
32766,16730,6928,201,196,
32766,16714,6918,209,201,
32766,16732,6923,203,205,
32766,16724,6919,207,204,
32766,16718,6942,213,203,
32766,16711,6950,212,209,
32766,16716,6942,205,201,
32766,16724,6937,212,209,
32766,16705,6949,214,205,
32766,16700,6974,216,209,
32766,16685,6994,210,203,
32766,16686,6996,221,222,
32766,16681,7015,215,212,
32766,16678,7010,233,216,
32766,16666,7016,221,211,
32766,16655,7011,219,213,
32766,16644,7017,226,215,
32766,16654,7018,216,215,
32766,16645,7013,213,217,
32766,16627,7024,217,205,
32766,16618,7030,210,205,
32766,16613,7048,211,208,
32766,16599,7063,218,213,
32766,16599,7086,221,208,
32766,16577,7099,214,210,
32766,16571,7113,218,208,
32766,16576,7107,215,210,
32766,16571,7115,216,209,
32766,16575,7116,210,216,
32766,16587,7122,203,203,
32766,16568,7118,214,209,
32766,16579,7134,211,211,
32766,16568,7137,219,205,
32766,16578,7152,213,216,
32766,16586,7140,209,204,
32766,16580,7164,212,207,
32766,16571,7176,212,208,
32766,16568,7179,221,206,
32766,16571,7182,214,209,
32766,16587,7150,220,208,
32766,16568,7171,212,212,
32766,16567,7177,221,201,
32766,16584,7135,222,211,
32766,16602,7136,214,201,
32766,16589,7120,208,210,
32766,16586,7120,209,206,
32766,16593,7105,211,205,
32766,16589,7108,213,204,
32766,16609,7086,209,194,
32766,16595,7085,212,200,
32766,16599,7076,215,196,
32766,16599,7071,200,208,
32766,16599,7055,213,201,
32766,16597,7066,218,209,
32766,16593,7062,209,200,
32766,16597,7044,213,195,
32766,16607,7035,211,208,
32766,16606,7029,199,197,
32766,16626,7025,217,201,
32766,16619,7010,198,198,
32766,16623,7022,203,193,
32766,16634,7009,209,203,
32766,16630,7003,202,189,
32766,16644,6998,203,203,
32766,16650,6986,199,205,
32766,16645,6978,195,195,
32766,16646,6962,196,194,
32766,16656,6950,193,201,
32766,16657,6941,203,201,
32766,16670,6939,201,195,
32766,16673,6939,207,194,
32766,16669,6927,204,202,
32766,16667,6917,194,197,
32766,16670,6911,192,193,
32766,16676,6909,192,189,
32766,16677,6909,198,193,
32766,16678,6904,195,190,
32766,16670,6895,182,195,
32766,16670,6904,193,195,
32766,16674,6908,195,198,
32766,16666,6892,201,182,
32766,16661,6903,181,187,
32766,16667,6894,193,202,
32766,16662,6902,190,193,
32766,16654,6891,195,194,
32766,16666,6904,190,198,
32766,16657,6900,194,179,
32766,16657,6886,202,201,
32766,16665,6894,192,189,
32766,16662,6888,191,193,
32766,16664,6896,194,192,
32766,16666,6895,198,188,
32766,16675,6892,197,191,
32766,16667,6885,195,187,
32766,16669,6885,188,192,
32766,16679,6876,194,187,
32766,16675,6884,188,185,
32766,16672,6892,200,186,
32766,16691,6882,189,194,
32766,16678,6881,197,197,
32766,16691,6886,200,193,
32766,16680,6888,191,198,
32766,16691,6868,201,187,
32766,16687,6879,200,195,
32766,16682,6866,196,190,
32766,16685,6866,193,189,
32766,16692,6877,188,183,
32766,16698,6870,193,196,
32766,16697,6885,200,196,
32766,16682,6893,196,192,
32766,16687,6885,198,198,
32766,16675,6889,208,189,
32766,16703,6885,189,187,
32766,16685,6892,201,196,
32766,16691,6886,204,185,
32766,16683,6886,197,196,
32766,16699,6888,193,191,
32766,16682,6886,193,197,
32766,16688,6883,188,196,
32766,16683,6879,194,189,
32766,16676,6884,194,199,
32766,16682,6886,196,191,
32766,16682,6885,194,198,
32766,16675,6878,196,184,
32766,16681,6886,196,190,
32766,16677,6882,198,201,
32766,16669,6889,193,193,
32766,16677,6886,192,189,
32766,16659,6879,191,193,
32766,16679,6880,190,191,
32766,16681,6884,193,188,
32766,16680,6879,190,193,
32766,16680,6880,196,201,
32766,16680,6872,201,192,
32766,16674,6874,190,183,
32766,16676,6884,192,192,
32766,16677,6874,190,185,
32766,16680,6869,202,193,
32766,16676,6880,188,193,
32766,16674,6867,192,197,
32766,16683,6876,191,207,
32766,16656,6875,199,197,
32766,16667,6878,189,189,
32766,16653,6879,195,191,
32766,16667,6877,187,187,
32766,16660,6884,195,189,
32766,16664,6877,197,185,
32766,16663,6874,189,201,
32766,16666,6881,196,186,
32766,16664,6873,199,190,
32766,16650,6881,187,192,
32766,16655,6880,203,189,
32766,16645,6880,196,196,
32766,16663,6878,200,189,
32766,16650,6874,197,199,
32766,16646,6877,197,193,
32766,16658,6882,200,186,
32766,16648,6877,198,189,
32766,16665,6877,185,200,
32766,16664,6864,189,193,
32766,16663,6875,198,197,
32766,16671,6867,195,180,
32766,16649,6877,194,195,
32766,16658,6872,194,198,
32766,16661,6868,186,195,
32766,16669,6873,184,178,
32766,16656,6886,184,191,
32766,16663,6865,196,187,
32766,16663,6868,192,188,
32766,16665,6869,189,192,
32766,16657,6872,180,182,
32766,16659,6859,190,200,
32766,16660,6868,195,189,
32766,16664,6864,194,185,
32766,16665,6868,192,185,
32766,16676,6867,191,190,
32766,16671,6850,189,197,
32766,16665,6861,190,195,
32766,16666,6865,188,197,
32766,16655,6862,197,200,
32766,16670,6866,191,185,
32766,16678,6863,200,191,
32766,16662,6870,192,191,
32766,16676,6855,194,186,
32766,16675,6868,195,194,
32766,16666,6863,204,191,
32766,16670,6861,193,181,
32766,16668,6866,205,185,
32766,16667,6860,197,190,
32766,16676,6852,198,200,
32766,16666,6868,199,191,
32766,16669,6861,193,193,
32766,16676,6854,188,195,
32766,16678,6871,189,191,
32766,16673,6857,199,195,
32766,16675,6855,191,194,
32766,16671,6860,192,190,
32766,16670,6864,194,191,
32766,16671,6868,198,194,
32766,16672,6868,187,189,
32766,16668,6855,200,193,
32766,16679,6867,195,187,
32766,16686,6863,199,184,
32766,16671,6869,193,178,
32766,16674,6865,198,203,
32766,16675,6860,204,193,
32766,16674,6862,190,192,
32766,16676,6852,195,190,
32766,16683,6858,191,191,
32766,16680,6860,201,193,
32766,16685,6865,189,182,
32766,16671,6857,190,184,
32766,16677,6865,187,199,
32766,16676,6865,190,192,
32766,16670,6861,186,190,
32766,16683,6860,188,196,
32766,16669,6859,195,195,
32766,16657,6857,188,192,
32766,16672,6868,188,184,
32766,16661,6857,196,186,
32766,16658,6863,194,192,
32766,16671,6863,200,187,
32766,16677,6856,186,192,
32766,16647,6857,197,188,
32766,16664,6859,202,200,
32766,16664,6859,182,197,
32766,16664,6861,190,198,
32766,16666,6847,202,191,
32766,16664,6869,192,199,
32766,16672,6856,197,193,
32766,16667,6859,188,189,
32766,16669,6860,194,190,
32766,16656,6861,194,196,
32766,16667,6859,192,190,
32766,16664,6858,188,196,
32766,16671,6856,186,179,
32766,16668,6856,191,193,
32766,16662,6860,196,181,
32766,16660,6849,190,187,
32766,16662,6842,192,187,
32766,16670,6860,198,194,
32766,16664,6862,195,198,
32766,16670,6854,195,185,
32766,16664,6852,196,191,
32766,16663,6866,187,190,
32766,16669,6854,189,191,
32766,16653,6862,192,190,
32766,16662,6869,189,201,
32766,16664,6856,203,180,
32766,16662,6866,199,190,
32766,16655,6858,189,197,
32766,16661,6855,188,188,
32766,16671,6871,198,184,
32766,16656,6855,191,189,
32766,16644,6863,198,200,
32766,16663,6867,198,198,
32766,16663,6868,182,186,
32766,16656,6868,185,192,
32766,16660,6867,198,186,
32766,16665,6861,189,190,
32766,16648,6869,193,193,
32766,16656,6861,191,195,
32766,16655,6870,205,180,
32766,16656,6867,197,184,
32766,16651,6864,198,191,
32766,16655,6865,201,196,
32766,16656,6865,198,191,
32766,16655,6863,189,188,
32766,16665,6861,192,191,
32766,16671,6865,187,190,
32766,16658,6875,204,200,
32766,16660,6876,186,186,
32766,16657,6870,201,190,
32766,16662,6867,192,195,
32766,16667,6867,200,190,
32766,16666,6876,186,190,
32766,16668,6870,198,186,
32766,16656,6869,192,200,
32766,16657,6858,196,188,
32766,16659,6874,186,192,
32766,16661,6882,189,187,
32766,16655,6870,187,199,
32766,16657,6886,191,184,
32766,16657,6874,196,183,
32766,16657,6877,187,190,
32766,16656,6872,198,189,
32766,16665,6878,191,197,
32766,16657,6876,203,187,
32766,16657,6869,192,193,
32766,16661,6868,197,188,
32766,16665,6873,190,190,
32766,16651,6865,193,187,
32766,16659,6874,191,190,
32766,16649,6865,190,182,
32766,16667,6862,192,191,
32766,16664,6867,198,184,
32766,16664,6866,203,194,
32766,16658,6873,191,190,
32766,16666,6873,188,197,
32766,16650,6871,194,189,
32766,16662,6865,186,185,
32766,16655,6874,191,189,
32766,16660,6863,190,194,
32766,16665,6864,198,182,
32766,16656,6865,192,182,
32766,16653,6881,202,193,
32766,16660,6867,195,198,
32766,16662,6875,198,187,
32766,16669,6872,187,188,
32766,16657,6868,203,190,
32766,16670,6867,197,183,
32766,16661,6859,194,187,
32766,16667,6870,202,194,
32766,16677,6869,186,188,
32766,16672,6870,184,193,
32766,16667,6867,201,181,
32766,16678,6866,188,187,
32766,16674,6856,200,189,
32766,16669,6864,196,188,
32766,16668,6866,194,191,
32766,16662,6865,199,188,
32766,16665,6860,201,188,
32766,16675,6864,206,191,
32766,16662,6860,199,192,
32766,16673,6866,188,187,
32766,16672,6865,189,184,
32766,16674,6864,196,185,
32766,16673,6865,192,193,
32766,16667,6861,194,182,
32766,16671,6861,195,187,
32766,16670,6864,186,191,
32766,16667,6866,189,192,
32766,16667,6867,187,186,
32766,16667,6865,190,188,
32766,16667,6872,197,189,
32766,16670,6857,202,190,
32766,16672,6872,187,190,
32766,16666,6865,196,189,
32766,16666,6860,192,185,
32766,16672,6863,201,185,
32766,16672,6863,180,192,
32766,16671,6865,191,190,
32766,16667,6875,191,197,
32766,16668,6875,198,186,
32766,16676,6867,201,192,
32766,16665,6870,207,186,
32766,16671,6875,201,198,
32766,16680,6868,192,194,
32766,16667,6872,189,191,
32766,16663,6865,198,188,
32766,16672,6875,197,199,
32766,16670,6872,193,187,
32766,16679,6873,191,189,
32766,16672,6880,205,188,
32766,16675,6873,194,193,
32766,16675,6888,194,191,
32766,16661,6873,189,197,
32766,16671,6876,188,193,
32766,16672,6883,189,197,
32766,16676,6877,199,192,
32766,16675,6873,202,189,
32766,16680,6875,193,193,
32766,16682,6883,190,189,
32766,16680,6879,194,191,
32766,16685,6868,199,192,
32766,16680,6866,191,198,
32766,16684,6865,193,188,
32766,16672,6878,200,190,
32766,16694,6871,193,189,
32766,16695,6868,189,185,
32766,16691,6871,196,193,
32766,16686,6877,195,187,
32766,16679,6866,188,189,
32766,16687,6876,194,188,
32766,16708,6862,188,192,
32766,16688,6880,195,198,
32766,16682,6878,201,184,
32766,16683,6871,192,191,
32766,16682,6869,201,192,
32766,16680,6869,194,200,
32766,16682,6885,184,188,
32766,16696,6874,201,188,
32766,16686,6875,192,191,
32766,16690,6873,188,192,
32766,16684,6877,198,199,
32766,16694,6875,197,198,
32766,16688,6866,201,186,
32766,16689,6874,199,192,
32766,16699,6875,196,192,
32766,16698,6868,189,181,
32766,16691,6875,198,191,
32766,16701,6877,191,197,
32766,16709,6868,188,189,
32766,16694,6867,195,190,
32766,16698,6864,189,188,
32766,16705,6875,189,185,
32766,16703,6874,192,190,
32766,16708,6868,190,190,
32766,16699,6879,194,199,
32766,16713,6865,197,192,
32766,16716,6873,190,190,
32766,16697,6886,188,184,
32766,16706,6882,197,188,
32766,16705,6887,195,192,
32766,16706,6876,202,188,
32766,16709,6891,198,187,
32766,16708,6878,193,188,
32766,16714,6882,201,187,
32766,16714,6889,196,189,
32766,16711,6882,198,191,
32766,16717,6896,198,184,
32766,16720,6900,193,189,
32766,16726,6890,187,194,
32766,16717,6893,199,197,
32766,16717,6893,193,196,
32766,16721,6894,197,186,
32766,16731,6897,190,196,
32766,16720,6900,190,197,
32766,16729,6897,189,185,
32766,16729,6907,202,185,
32766,16725,6901,200,193,
32766,16722,6900,202,198,
32766,16734,6901,204,198,
32766,16729,6902,199,195,
32766,16736,6920,203,203,
32766,16731,6906,200,196,
32766,16742,6919,202,195,
32766,16733,6920,200,188,
32766,16738,6908,199,196,
32766,16731,6915,199,198,
32766,16738,6915,198,197,
32766,16748,6908,197,197,
32766,16744,6919,198,194,
32766,16761,6918,206,200,
32766,16763,6913,202,203,
32766,16749,6922,192,204,
32766,16753,6912,197,190,
32766,16759,6912,205,195,
32766,16763,6917,197,198,
32766,16771,6921,195,199,
32766,16757,6914,192,201,
32766,16762,6918,196,201,
32766,16757,6914,198,201,
32766,16771,6912,196,186,
32766,16770,6908,205,189,
32766,16765,6908,197,194,
32766,16757,6907,199,195,
32766,16770,6905,199,187,
32766,16759,6897,202,189,
32766,16754,6894,209,193,
32766,16748,6897,193,187,
32766,16745,6889,194,196,
32766,16746,6893,196,187,
32766,16737,6894,201,192,
32766,16745,6892,193,199,
32766,16738,6884,199,197,
32766,16745,6875,193,190,
32766,16732,6882,199,191,
32766,16739,6885,198,198,
32766,16731,6881,193,193,
32766,16738,6879,201,184,
32766,16739,6876,204,190,
32766,16734,6879,209,196,
32766,16736,6875,195,201,
32766,16727,6880,195,192,
32766,16735,6872,199,201,
32766,16726,6857,192,194,
32766,16721,6865,184,188,
32766,16736,6868,192,188,
32766,16732,6858,205,193,
32766,16733,6845,198,192,
32766,16730,6853,193,184,
32766,16738,6850,190,187,
32766,16738,6840,189,177,
32766,16741,6839,186,185,
32766,16741,6843,193,192,
32766,16740,6837,194,182,
32766,16732,6837,188,186,
32766,16736,6836,195,187,
32766,16735,6831,186,194,
32766,16732,6822,195,186,
32766,16741,6822,196,186,
32766,16729,6826,198,199,
32766,16730,6831,197,191,
32766,16733,6833,187,191,
32766,16730,6835,191,189,
32766,16717,6826,191,193,
32766,16731,6831,192,195,
32766,16718,6846,188,188,
32766,16726,6832,195,195,
32766,16718,6833,186,185,
32766,16722,6845,196,188,
32766,16716,6848,199,177,
32766,16722,6835,194,194,
32766,16711,6845,193,201,
32766,16719,6852,198,199,
32766,16717,6839,192,186,
32766,16717,6845,192,198,
32766,16708,6849,199,196,
32766,16718,6847,191,186,
32766,16724,6855,192,193,
32766,16710,6849,194,190,
32766,16721,6849,186,190,
32766,16724,6842,201,190,
32766,16710,6849,193,186,
32766,16711,6851,189,186,
32766,16717,6846,182,186,
32766,16727,6849,190,188,
32766,16710,6847,201,191,
32766,16719,6842,200,189,
32766,16716,6860,189,198,
32766,16716,6850,190,186,
32766,16724,6844,191,195,
32766,16720,6845,200,193,
32766,16715,6851,190,195,
32766,16721,6846,190,177,
32766,16714,6843,195,198,
32766,16718,6846,191,190,
32766,16717,6850,189,190,
32766,16713,6847,200,190,
32766,16712,6840,196,199,
32766,16715,6843,198,193,
32766,16718,6840,188,190,
32766,16724,6847,192,185,
32766,16714,6840,190,190,
32766,16716,6835,196,183,
32766,16722,6843,194,179,
32766,16717,6845,182,199,
32766,16723,6842,188,189,
32766,16712,6834,188,192,
32766,16715,6838,184,193,
32766,16708,6839,190,193,
32766,16709,6839,192,186,
32766,16719,6849,194,186,
32766,16717,6848,189,187,
32766,16713,6849,191,191,
32766,16711,6848,188,195,
32766,16714,6845,195,196,
32766,16713,6854,194,194,
32766,16708,6840,195,187,
32766,16711,6845,194,184,
32766,16720,6841,192,196,
32766,16709,6844,197,186,
32766,16721,6839,189,184,
32766,16715,6847,187,197,
32766,16721,6836,191,179,
32766,16724,6834,203,198,
32766,16719,6838,195,190,
32766,16722,6841,193,185,
32766,16729,6843,185,193,
32766,16717,6832,191,182,
32766,16727,6849,197,186,
32766,16723,6831,190,182,
32766,16724,6841,189,197,
32766,16726,6832,186,186,
32766,16726,6831,195,187,
32766,16723,6840,205,189,
32766,16724,6829,187,199,
32766,16733,6832,186,191,
32766,16725,6843,196,194,
32766,16725,6833,187,192,
32766,16728,6836,194,195,
32766,16727,6828,194,196,
32766,16721,6831,194,184,
32766,16734,6836,193,194,
32766,16721,6837,194,189,
32766,16724,6840,185,183,
32766,16723,6839,186,191,
32766,16724,6847,200,187,
32766,16723,6832,187,192,
32766,16726,6838,195,190,
32766,16712,6840,199,201,
32766,16725,6840,188,190,
32766,16723,6829,191,184,
32766,16720,6836,184,198,
32766,16724,6838,188,195,
32766,16725,6838,197,182,
32766,16721,6834,193,189,
32766,16721,6829,198,192,
32766,16725,6844,182,192,
32766,16716,6830,187,184,
32766,16726,6830,199,197,
32766,16733,6838,195,186,
32766,16726,6853,189,191,
32766,16728,6847,196,179,
32766,16723,6849,196,192,
32766,16723,6843,184,188,
32766,16734,6831,196,191,
32766,16729,6841,196,188,
32766,16734,6834,195,188,
32766,16721,6842,192,190,
32766,16728,6846,183,201,
32766,16737,6832,181,172,
32766,16730,6833,190,188,
32766,16726,6835,194,191,
32766,16734,6838,191,180,
32766,16725,6839,189,199,
32766,16734,6835,195,198,
32766,16729,6828,197,178,
32766,16732,6839,193,188,
32766,16735,6838,188,182,
32766,16729,6831,189,185,
32766,16743,6834,185,189,
32766,16734,6831,196,183,
32766,16743,6833,194,181,
32766,16755,6832,192,188,
32766,16749,6832,187,190,
32766,16760,6831,185,184,
32766,16749,6830,195,189,
32766,16752,6826,187,189,
32766,16761,6822,188,198,
32766,16766,6824,190,191,
32766,16762,6817,190,190,
32766,16752,6821,184,185,
32766,16760,6817,188,193,
32766,16770,6821,192,178,
32766,16768,6816,196,191,
32766,16767,6825,191,191,
32766,16764,6807,197,188,
32766,16765,6815,190,184,
32766,16759,6812,183,185,
32766,16773,6810,190,196,
32766,16762,6804,193,192,
32766,16759,6799,194,194,
32766,16763,6802,192,189,
32766,16749,6805,190,191,
32766,16761,6796,196,191,
32766,16763,6799,192,186,
32766,16762,6796,191,188,
32766,16762,6789,186,191,
32766,16765,6789,188,191,
32766,16765,6783,189,189,
32766,16786,6773,180,194,
32766,16779,6771,187,190,
32766,16797,6762,184,190,
32766,16793,6752,196,191,
32766,16817,6738,181,191,
32766,16831,6723,194,186,
32766,16844,6719,192,188,
32766,16856,6712,186,186,
32766,16861,6726,194,187,
32766,16869,6720,190,190,
32766,16872,6702,172,173,
32766,16886,6697,187,175,
32766,16875,6685,189,179,
32766,16901,6674,191,196,
32766,16896,6675,176,179,
32766,16898,6667,194,190,
32766,16901,6653,186,183,
32766,16902,6641,182,179,
32766,16909,6639,188,185,
32766,16896,6617,185,187,
32766,16917,6601,179,177,
32766,16907,6599,182,186,
32766,16919,6578,191,184,
32766,16927,6587,180,183,
32766,16929,6565,182,184,
32766,16928,6553,178,194,
32766,16933,6530,176,195,
32766,16952,6520,181,184,
32766,16948,6507,181,185,
32766,16971,6489,177,177,
32766,16981,6469,177,180,
32766,16983,6450,176,189,
32766,17004,6430,175,179,
32766,17015,6425,177,173,
32766,17037,6423,183,177,
32766,17052,6383,179,174,
32766,17067,6377,174,178,
32766,17082,6368,168,190,
32766,17094,6344,177,179,
32766,17109,6332,177,180,
32766,17117,6300,156,182,
32766,17135,6267,174,177,
32766,17138,6250,177,179,
32766,17160,6239,170,182,
32766,17170,6215,168,175,
32766,17184,6186,168,171,
32766,17188,6176,171,172,
32766,17194,6151,170,175,
32766,17201,6126,163,182,
32766,17199,6112,166,169,
32766,17202,6102,168,168,
32766,17212,6076,167,176,
32766,17220,6061,159,174,
32766,17229,6040,169,175,
32766,17237,6030,158,179,
32766,17246,6008,162,170,
32766,17242,5989,164,170,
32766,17262,5972,167,170,
32766,17262,5960,168,165,
32766,17260,5932,165,175,
32766,17262,5915,162,171,
32766,17254,5905,163,174,
32766,17260,5878,157,174,
32766,17251,5853,160,163,
32766,17255,5846,150,176,
32766,17243,5828,157,176,
32766,17247,5803,165,167,
32766,17241,5795,151,165,
32766,17246,5796,156,171,
32766,17249,5771,165,164,
32766,17258,5778,162,169,
32766,17250,5769,157,170,
32766,17253,5748,159,164,
32766,17247,5751,162,174,
32766,17250,5746,162,177,
32766,17246,5752,153,166,
32766,17251,5747,154,167,
32766,17248,5743,151,172,
32766,17251,5728,159,170,
32766,17252,5737,166,167,
32766,17236,5727,164,161,
32766,17254,5731,162,163,
32766,17247,5741,156,167,
32766,17257,5727,154,173,
32766,17285,5725,151,170,
32766,17270,5730,159,170,
32766,17283,5738,148,170,
32766,17273,5735,158,160,
32766,17277,5715,160,165,
32766,17264,5725,160,170,
32766,17273,5724,159,177,
32766,17275,5716,164,167,
32766,17281,5710,152,171,
32766,17279,5705,161,163,
32766,17278,5711,144,159,
32766,17274,5706,159,167,
32766,17270,5711,148,158,
32766,17268,5710,165,167,
32766,17276,5720,153,164,
32766,17270,5713,159,162,
32766,17268,5708,158,163,
32766,17271,5717,158,176,
32766,17276,5724,157,164,
32766,17263,5686,159,164,
32766,17270,5721,157,171,
32766,17283,5712,150,169,
32766,17261,5698,160,170,
32766,17290,5716,159,155,
32766,17276,5717,156,174,
32766,17278,5707,152,170,
32766,17286,5723,149,166,
32766,17271,5706,151,162,
32766,17282,5695,150,168,
32766,17275,5720,160,164,
32766,17266,5711,153,158,
32766,17279,5718,159,168,
32766,17269,5717,160,164,
32766,17267,5723,151,171,
32766,17269,5735,163,169,
32766,17260,5743,158,165,
32766,17269,5738,156,162,
32766,17262,5759,160,170,
32766,17260,5763,158,169,
32766,17257,5772,157,154,
32766,17258,5779,158,174,
32766,17251,5785,162,166,
32766,17260,5806,152,168,
32766,17245,5811,153,177,
32766,17247,5814,147,163,
32766,17254,5836,153,170,
32766,17250,5845,162,166,
32766,17234,5845,150,154,
32766,17236,5860,157,171,
32766,17224,5857,162,177,
32766,17232,5868,168,164,
32766,17221,5867,159,161,
32766,17215,5859,155,171,
32766,17235,5881,157,165,
32766,17224,5877,160,161,
32766,17232,5882,153,159,
32766,17234,5875,147,171,
32766,17231,5869,152,162,
32766,17236,5877,158,162,
32766,17234,5866,152,152,
32766,17237,5871,158,160,
32766,17232,5869,164,167,
32766,17221,5869,165,175,
32766,17233,5866,163,161,
32766,17223,5881,155,164,
32766,17234,5872,154,165,
32766,17229,5885,163,165,
32766,17233,5880,158,160,
32766,17233,5881,155,168,
32766,17238,5880,158,166,
32766,17238,5881,159,173,
32766,17241,5879,159,167,
32766,17244,5882,157,174,
32766,17235,5888,157,163,
32766,17247,5882,161,166,
32766,17239,5877,161,160,
32766,17239,5877,158,166,
32766,17242,5877,153,171,
32766,17242,5884,165,166,
32766,17245,5882,152,165,
32766,17247,5885,148,159,
32766,17247,5889,163,168,
32766,17242,5886,156,162,
32766,17245,5883,157,162,
32766,17241,5885,155,174,
32766,17247,5891,153,168,
32766,17252,5899,155,166,
32766,17245,5897,156,167,
32766,17250,5897,145,166,
32766,17242,5904,159,166,
32766,17254,5901,153,164,
32766,17252,5892,154,168,
32766,17250,5905,159,169,
32766,17250,5893,157,166,
32766,17258,5894,154,161,
32766,17263,5882,155,170,
32766,17261,5879,163,172,
32766,17263,5877,154,163,
32766,17259,5868,150,165,
32766,17270,5863,149,164,
32766,17263,5863,149,173,
32766,17267,5870,152,161,
32766,17258,5871,165,161,
32766,17251,5869,162,166,
32766,17248,5874,154,171,
32766,17262,5879,160,159,
32766,17260,5883,159,170,
32766,17250,5885,147,173,
32766,17250,5887,156,161,
32766,17256,5902,149,165,
32766,17256,5892,159,172,
32766,17251,5888,153,158,
32766,17262,5890,159,164,
32766,17260,5886,168,159,
32766,17265,5873,157,168,
32766,17256,5857,157,169,
32766,17265,5844,150,170,
32766,17264,5829,160,155,
32766,17251,5820,162,164,
32766,17268,5809,157,166,
32766,17265,5795,146,161,
32766,17256,5789,155,173,
32766,17244,5765,158,174,
32766,17258,5766,151,159,
32766,17253,5775,153,159,
32766,17232,5756,160,168,
32766,17245,5769,151,167,
32766,17241,5784,151,162,
32766,17234,5783,151,151,
32766,17236,5810,158,163,
32766,17214,5801,149,161,
32766,17221,5828,158,159,
32766,17221,5836,154,170,
32766,17217,5839,147,169,
32766,17218,5851,155,172,
32766,17221,5841,166,166,
32766,17215,5856,163,168,
32766,17230,5856,167,160,
32766,17221,5853,156,166,
32766,17220,5855,149,168,
32766,17227,5844,157,164,
32766,17227,5834,149,168,
32766,17237,5839,152,168,
32766,17242,5829,155,177,
32766,17256,5827,151,169,
32766,17245,5815,148,167,
32766,17245,5804,165,164,
32766,17258,5819,160,154,
32766,17256,5807,155,167,
32766,17256,5813,157,163,
32766,17259,5819,158,157,
32766,17249,5819,151,159,
32766,17250,5822,160,168,
32766,17253,5819,153,166,
32766,17263,5835,160,156,
32766,17246,5820,156,167,
32766,17269,5824,154,168,
32766,17266,5840,155,169,
32766,17270,5830,157,165,
32766,17271,5822,156,170,
32766,17262,5826,148,162,
32766,17267,5815,147,161,
32766,17267,5828,161,169,
32766,17269,5814,160,164,
32766,17270,5825,159,169,
32766,17274,5816,157,167,
32766,17264,5817,159,164,
32766,17265,5818,161,166,
32766,17255,5812,167,171,
32766,17266,5813,160,171,
32766,17252,5813,156,174,
32766,17248,5814,158,174,
32766,17257,5819,153,164,
32766,17252,5814,157,169,
32766,17258,5826,156,167,
32766,17264,5810,148,161,
32766,17262,5822,151,161,
32766,17258,5820,153,170,
32766,17259,5819,159,174,
32766,17263,5824,152,173,
32766,17248,5833,156,164,
32766,17258,5823,163,158,
32766,17250,5847,157,173,
32766,17259,5816,154,162,
32766,17250,5829,161,168,
32766,17263,5824,148,173,
32766,17245,5817,159,165,
32766,17258,5830,160,155,
32766,17263,5824,159,162,
32766,17266,5810,152,178,
32766,17257,5814,161,161,
32766,17265,5810,151,161,
32766,17270,5807,159,157,
32766,17266,5821,162,160,
32766,17261,5796,155,160,
32766,17264,5818,160,164,
32766,17273,5816,156,170,
32766,17265,5806,165,162,
32766,17264,5802,151,164,
32766,17265,5801,155,167,
32766,17268,5805,163,161,
32766,17270,5814,154,162,
32766,17277,5807,154,167,
32766,17258,5802,149,167,
32766,17274,5804,152,159,
32766,17261,5811,160,170,
32766,17274,5814,158,161,
32766,17262,5808,157,163,
32766,17270,5828,169,160,
32766,17273,5816,160,171,
32766,17269,5811,158,165,
32766,17281,5819,155,162,
32766,17275,5807,154,168,
32766,17274,5822,145,170,
32766,17270,5811,151,170,
32766,17267,5815,157,163,
32766,17279,5810,161,166,
32766,17267,5804,164,168,
32766,17269,5808,152,166,
32766,17265,5813,160,172,
32766,17271,5810,152,162,
32766,17254,5818,161,172,
32766,17272,5821,146,164,
32766,17272,5822,156,175,
32766,17267,5829,156,160,
32766,17272,5821,159,166,
32766,17275,5822,155,168,
32766,17264,5816,154,170,
32766,17270,5828,161,165,
32766,17265,5829,157,171,
32766,17274,5822,150,180,
32766,17262,5804,165,163,
32766,17274,5814,156,171,
32766,17276,5810,158,169,
32766,17274,5804,154,167,
32766,17266,5814,158,170,
32766,17263,5823,154,166,
32766,17265,5816,152,162,
32766,17264,5817,156,172,
32766,17268,5818,154,160,
32766,17262,5819,155,174,
32766,17267,5820,164,166,
32766,17267,5813,148,157,
32766,17270,5840,154,167,
32766,17270,5815,149,167,
32766,17262,5822,167,164,
32766,17270,5829,159,162,
32766,17270,5799,152,157,
32766,17265,5831,163,154,
32766,17268,5817,166,170,
32766,17271,5811,148,165,
32766,17261,5825,157,164,
32766,17259,5819,155,158,
32766,17266,5819,159,166,
32766,17275,5815,168,156,
32766,17261,5807,162,173,
32766,17264,5823,160,171,
32766,17261,5825,160,158,
32766,17263,5816,157,159,
32766,17267,5817,153,166,
32766,17264,5829,148,172,
32766,17264,5825,163,169,
32766,17265,5825,163,158,
32766,17263,5819,152,173,
32766,17257,5819,153,158,
32766,17267,5825,164,165,
32766,17271,5815,151,168,
32766,17266,5820,158,160,
32766,17252,5828,154,175,
32766,17270,5821,163,164,
32766,17261,5824,162,159,
32766,17263,5826,159,168,
32766,17254,5820,158,170,
32766,17253,5833,157,168,
32766,17259,5831,160,163,
32766,17258,5836,148,169,
32766,17254,5828,158,172,
32766,17260,5824,154,164,
32766,17260,5831,155,170,
32766,17250,5829,157,159,
32766,17248,5830,155,170,
32766,17251,5821,153,169,
32766,17250,5829,149,166,
32766,17253,5826,154,161,
32766,17251,5814,162,165,
32766,17248,5830,156,168,
32766,17240,5835,151,173,
32766,17243,5825,157,170,
32766,17236,5830,149,173,
32766,17239,5837,151,167,
32766,17234,5827,159,178,
32766,17236,5832,161,172,
32766,17244,5839,156,161,
32766,17232,5844,167,166,
32766,17231,5839,156,170,
32766,17229,5826,152,157,
32766,17226,5836,153,168,
32766,17228,5835,161,170,
32766,17236,5840,159,167,
32766,17217,5838,157,166,
32766,17220,5836,156,166,
32766,17230,5833,152,164,
32766,17224,5836,149,155,
32766,17212,5842,155,165,
32766,17226,5819,146,170,
32766,17225,5821,148,166,
32766,17225,5832,153,168,
32766,17214,5834,168,161,
32766,17223,5825,156,164,
32766,17211,5839,154,170,
32766,17223,5837,162,172,
32766,17228,5845,158,163,
32766,17219,5836,160,174,
32766,17221,5847,150,163,
32766,17226,5837,154,164,
32766,17227,5832,163,155,
32766,17218,5831,165,163,
32766,17210,5832,158,165,
32766,17220,5826,148,167,
32766,17217,5826,155,167,
32766,17210,5835,162,165,
32766,17203,5839,165,173,
32766,17217,5825,159,163,
32766,17208,5838,153,157,
32766,17205,5837,158,172,
32766,17208,5843,156,171,
32766,17225,5850,154,167,
32766,17210,5846,161,177,
32766,17206,5840,150,166,
32766,17207,5836,153,166,
32766,17198,5843,155,159,
32766,17208,5835,154,166,
32766,17210,5838,160,165,
32766,17211,5830,152,175,
32766,17201,5837,157,171,
32766,17202,5845,157,174,
32766,17211,5831,158,170,
32766,17203,5829,165,162,
32766,17212,5837,153,164,
32766,17201,5838,156,160,
32766,17207,5843,160,167,
32766,17200,5834,159,167,
32766,17189,5836,159,171,
32766,17198,5845,167,163,
32766,17206,5840,161,165,
32766,17199,5838,149,163,
32766,17199,5837,161,174,
32766,17198,5827,154,165,
32766,17195,5839,157,159,
32766,17191,5838,152,160,
32766,17194,5833,159,165,
32766,17193,5824,161,167,
32766,17196,5837,157,170,
32766,17202,5842,158,169,
32766,17194,5836,158,168,
32766,17192,5837,163,169,
32766,17192,5835,156,168,
32766,17189,5842,156,160,
32766,17191,5838,165,169,
32766,17189,5839,156,174,
32766,17182,5832,151,173,
32766,17189,5831,161,173,
32766,17186,5836,157,167,
32766,17189,5836,155,162,
32766,17183,5830,158,159,
32766,17195,5834,155,168,
32766,17190,5844,156,173,
32766,17191,5828,152,175,
32766,17194,5828,156,170,
32766,17191,5835,155,165,
32766,17186,5828,162,166,
32766,17187,5831,146,164,
32766,17191,5827,153,174,
32766,17190,5843,158,157,
32766,17187,5838,149,163,
32766,17185,5841,155,173,
32766,17190,5838,163,172,
32766,17179,5846,157,168,
32766,17187,5845,156,159,
32766,17193,5846,154,159,
32766,17190,5844,156,166,
32766,17189,5847,158,162,
32766,17187,5836,158,160,
32766,17183,5840,159,162,
32766,17187,5834,160,163,
32766,17191,5839,163,163,
32766,17188,5840,154,158,
32766,17192,5836,161,163,
32766,17187,5841,155,175,
32766,17186,5835,159,163,
32766,17183,5845,153,168,
32766,17190,5839,151,176,
32766,17185,5846,155,168,
32766,17175,5842,164,164,
32766,17174,5848,158,163,
32766,17193,5846,158,164,
32766,17183,5848,151,161,
32766,17187,5841,145,164,
32766,17180,5851,156,171,
32766,17185,5844,153,163,
32766,17188,5860,153,162,
32766,17179,5845,156,161,
32766,17184,5854,154,167,
32766,17187,5839,158,171,
32766,17194,5849,151,166,
32766,17185,5852,157,166,
32766,17184,5837,158,162,
32766,17189,5852,163,165,
32766,17175,5844,160,158,
32766,17185,5841,158,168,
32766,17176,5849,165,168,
32766,17181,5849,156,165,
32766,17177,5850,156,166,
32766,17182,5853,163,170,
32766,17182,5861,160,160,
32766,17183,5854,164,168,
32766,17179,5848,152,168,
32766,17185,5857,156,161,
32766,17177,5848,157,171,
32766,17186,5856,158,170,
32766,17189,5857,157,161,
32766,17186,5850,155,172,
32766,17176,5856,157,166,
32766,17187,5857,156,170,
32766,17171,5839,155,166,
32766,17178,5854,161,168,
32766,17183,5842,161,169,
32766,17179,5859,159,162,
32766,17174,5850,146,173,
32766,17177,5848,141,162,
32766,17167,5849,151,174,
32766,17185,5849,148,168,
32766,17163,5852,162,165,
32766,17169,5856,156,162,
32766,17187,5852,146,159,
32766,17172,5852,152,168,
32766,17177,5847,149,170,
32766,17181,5858,167,162,
32766,17161,5859,154,168,
32766,17176,5852,155,165,
32766,17173,5842,160,167,
32766,17175,5861,160,170,
32766,17173,5847,160,164,
32766,17169,5848,146,170,
32766,17171,5857,159,166,
32766,17168,5867,152,164,
32766,17169,5859,159,165,
32766,17172,5859,163,168,
32766,17159,5855,155,159,
32766,17178,5867,164,168,
32766,17170,5858,164,166,
32766,17171,5853,152,174,
32766,17180,5859,162,160,
32766,17167,5844,160,164,
32766,17167,5856,153,166,
32766,17173,5853,149,163,
32766,17172,5852,163,163,
32766,17162,5852,168,168,
32766,17166,5848,148,166,
32766,17172,5851,163,167,
32766,17173,5850,155,168,
32766,17169,5855,157,175,
32766,17177,5853,160,164,
32766,17168,5855,161,168,
32766,17170,5853,158,174,
32766,17166,5847,160,169,
32766,17169,5855,157,165,
32766,17178,5856,152,166,
32766,17166,5856,152,169,
32766,17173,5850,163,172,
32766,17173,5854,157,176,
32766,17166,5853,158,167,
32766,17179,5865,157,168,
32766,17175,5855,154,169,
32766,17175,5860,160,165,
32766,17179,5863,161,170,
32766,17174,5859,154,166,
32766,17181,5856,163,168,
32766,17182,5853,160,157,
32766,17173,5849,155,169,
32766,17179,5860,156,171,
32766,17175,5849,152,164,
32766,17188,5864,162,167,
32766,17178,5855,156,176,
32766,17173,5860,159,168,
32766,17184,5857,162,175,
32766,17188,5851,157,161,
32766,17186,5855,161,155,
32766,17186,5858,160,164,
32766,17182,5854,166,159,
32766,17182,5862,152,166,
32766,17189,5846,170,161,
32766,17189,5852,163,175,
32766,17189,5858,158,168,
32766,17186,5848,160,165,
32766,17185,5849,160,169,
32766,17178,5856,151,160,
32766,17180,5855,155,162,
32766,17182,5854,158,158,
32766,17187,5854,162,168,
32766,17189,5844,161,166,
32766,17185,5853,161,161,
32766,17189,5852,150,165,
32766,17182,5860,156,170,
32766,17185,5843,161,165,
32766,17188,5856,155,164,
32766,17188,5849,168,169,
32766,17194,5848,157,167,
32766,17181,5846,157,161,
32766,17192,5853,165,171,
32766,17189,5841,154,171,
32766,17195,5852,162,168,
32766,17189,5852,169,172,
32766,17192,5847,156,158,
32766,17190,5846,157,167,
32766,17195,5856,154,168,
32766,17182,5851,162,170,
32766,17193,5845,152,165,
32766,17194,5858,159,176,
32766,17194,5856,161,173,
32766,17201,5856,157,179,
32766,17192,5842,147,158,
32766,17201,5844,151,165,
32766,17194,5853,157,166,
32766,17198,5850,148,165,
32766,17190,5848,161,154,
32766,17197,5844,167,165,
32766,17195,5852,162,164,
32766,17193,5835,162,161,
32766,17195,5845,155,170,
32766,17184,5854,149,166,
32766,17201,5842,156,172,
32766,17183,5842,159,159,
32766,17190,5842,161,175,
32766,17188,5842,149,160,
32766,17198,5846,163,170,
32766,17197,5836,157,154,
32766,17201,5839,150,166,
32766,17197,5840,150,157,
32766,17191,5852,159,174,
32766,17193,5842,167,171,
32766,17200,5841,156,168,
32766,17198,5841,157,170,
32766,17191,5848,158,159,
32766,17197,5843,160,165,
32766,17180,5843,157,160,
32766,17193,5841,161,158,
32766,17194,5856,171,160,
32766,17193,5844,151,159,
32766,17189,5834,148,165,
32766,17181,5840,158,164,
32766,17203,5845,160,164,
32766,17192,5842,155,173,
32766,17191,5842,153,157,
32766,17183,5856,150,165,
32766,17176,5845,154,162,
32766,17180,5836,151,171,
32766,17180,5841,156,170,
32766,17191,5844,155,166,
32766,17175,5852,158,170,
32766,17183,5842,151,164,
32766,17178,5836,165,163,
32766,17185,5838,156,163,
32766,17185,5847,160,166,
32766,17182,5841,154,170,
32766,17177,5844,157,169,
32766,17175,5843,160,165,
32766,17177,5846,160,158,
32766,17178,5840,160,165,
32766,17173,5850,148,169,
32766,17175,5846,151,170,
32766,17175,5845,151,155,
32766,17173,5854,154,163,
32766,17173,5854,153,176,
32766,17165,5853,151,168,
32766,17165,5849,156,160,
32766,17167,5849,161,159,
32766,17167,5847,155,159,
32766,17162,5854,154,159,
32766,17155,5849,160,166,
32766,17158,5846,164,165,
32766,17168,5842,164,174,
32766,17155,5855,149,168,
32766,17157,5853,158,164,
32766,17157,5851,155,166,
32766,17162,5852,160,165,
32766,17163,5844,142,168,
32766,17167,5859,158,171,
32766,17166,5848,165,162,
32766,17168,5854,159,164,
32766,17168,5853,160,174,
32766,17170,5851,159,164,
32766,17158,5860,160,173,
32766,17174,5849,160,173,
32766,17167,5854,169,173,
32766,17163,5846,159,175,
32766,17160,5855,155,167,
32766,17156,5849,153,167,
32766,17162,5850,160,163,
32766,17166,5852,164,171,
32766,17166,5845,154,162,
32766,17152,5849,166,154,
32766,17161,5847,160,163,
32766,17151,5858,151,163,
32766,17157,5866,155,163,
32766,17153,5851,156,159,
32766,17154,5855,154,156,
32766,17163,5850,154,159,
32766,17165,5851,159,171,
32766,17166,5851,150,159,
32766,17162,5859,159,175,
32766,17150,5848,170,169,
32766,17148,5852,159,169,
32766,17157,5853,159,169,
32766,17155,5855,147,170,
32766,17152,5853,160,167,
32766,17156,5860,156,166,
32766,17163,5858,170,161,
32766,17151,5847,158,164,
32766,17160,5846,154,174,
32766,17151,5856,156,167,
32766,17160,5854,159,163,
32766,17167,5854,148,163,
32766,17156,5852,157,169,
32766,17145,5853,153,165,
32766,17152,5852,162,163,
32766,17150,5856,152,175,
32766,17145,5850,157,169,
32766,17150,5845,151,165,
32766,17149,5850,166,158,
32766,17149,5863,154,171,
32766,17152,5856,155,164,
32766,17145,5860,157,165,
32766,17145,5861,155,168,
32766,17153,5877,147,161,
32766,17147,5857,160,171,
32766,17143,5853,161,171,
32766,17147,5857,162,170,
32766,17149,5864,150,172,
32766,17151,5868,156,158,
32766,17150,5854,157,158,
32766,17141,5867,156,162,
32766,17146,5860,162,162,
32766,17149,5858,153,163,
32766,17143,5858,157,166,
32766,17149,5862,161,165,
32766,17141,5866,164,171,
32766,17154,5859,159,166,
32766,17142,5857,147,170,
32766,17146,5859,165,158,
32766,17146,5864,150,163,
32766,17144,5853,149,169,
32766,17142,5865,161,173,
32766,17134,5855,168,158,
32766,17138,5863,166,162,
32766,17142,5865,155,168,
32766,17139,5862,160,175,
32766,17147,5862,159,165,
32766,17137,5859,159,166,
32766,17151,5857,156,167,
32766,17138,5860,166,167,
32766,17125,5867,158,166,
32766,17147,5858,152,163,
32766,17133,5854,158,166,
32766,17131,5851,162,167,
32766,17125,5856,159,175,
32766,17123,5854,158,169,
32766,17129,5866,154,155,
32766,17134,5868,156,162,
32766,17135,5858,160,172,
32766,17131,5851,158,175,
32766,17121,5856,162,164,
32766,17127,5856,161,174,
32766,17123,5853,156,163,
32766,17129,5860,158,163,
32766,17127,5853,163,166,
32766,17127,5857,147,170,
32766,17123,5860,150,162,
32766,17135,5854,160,164,
32766,17131,5865,156,159,
32766,17132,5862,155,170,
32766,17124,5858,162,163,
32766,17134,5861,147,157,
32766,17129,5857,162,166,
32766,17126,5860,153,154,
32766,17136,5850,147,159,
32766,17124,5861,154,167,
32766,17123,5852,160,159,
32766,17131,5860,152,163,
32766,17125,5862,155,167,
32766,17126,5853,160,171,
32766,17127,5859,154,162,
32766,17129,5859,160,167,
32766,17130,5856,157,166,
32766,17123,5861,160,160,
32766,17124,5871,153,166,
32766,17118,5852,153,170,
32766,17124,5849,157,162,
32766,17118,5858,163,160,
32766,17108,5855,156,173,
32766,17121,5851,152,157,
32766,17109,5849,153,165,
32766,17119,5858,163,164,
32766,17107,5852,167,164,
32766,17117,5847,160,167,
32766,17114,5858,156,165,
32766,17113,5857,152,172,
32766,17122,5854,160,164,
32766,17121,5848,166,167,
32766,17120,5858,154,170,
32766,17122,5852,155,173,
32766,17115,5845,160,166,
32766,17108,5863,160,165,
32766,17109,5857,157,170,
32766,17108,5859,151,170,
32766,17112,5851,155,174,
32766,17115,5853,149,163,
32766,17115,5854,156,155,
32766,17111,5848,159,164,
32766,17106,5849,151,168,
32766,17115,5857,143,169,
32766,17119,5859,153,166,
32766,17108,5851,151,166,
32766,17113,5858,150,163,
32766,17129,5850,151,171,
32766,17126,5848,159,164,
32766,17123,5855,158,169,
32766,17123,5854,148,172,
32766,17125,5860,156,149,
32766,17127,5854,161,168,
32766,17122,5868,149,164,
32766,17115,5850,166,167,
32766,17121,5852,156,174,
32766,17116,5841,156,160,
32766,17122,5850,157,159,
32766,17124,5850,149,166,
32766,17127,5841,155,164,
32766,17131,5852,158,173,
32766,17122,5849,160,168,
32766,17130,5858,158,164,
32766,17118,5851,156,166,
32766,17127,5855,153,174,
32766,17126,5851,149,163,
32766,17127,5850,156,156,
32766,17126,5845,153,154,
32766,17140,5847,155,163,
32766,17130,5851,156,157,
32766,17136,5851,150,164,
32766,17126,5849,158,159,
32766,17132,5844,147,161,
32766,17123,5854,161,169,
32766,17139,5844,163,159,
32766,17130,5857,149,168,
32766,17138,5839,147,162,
32766,17139,5854,163,167,
32766,17142,5852,162,166,
32766,17137,5849,157,160,
32766,17144,5845,154,163,
32766,17131,5844,160,162,
32766,17139,5832,162,166,
32766,17133,5848,150,161,
32766,17151,5833,157,174,
32766,17135,5845,157,168,
32766,17145,5844,153,168,
32766,17145,5843,157,160,
32766,17140,5849,161,173,
32766,17140,5846,160,166,
32766,17142,5839,152,161,
32766,17153,5847,161,160,
32766,17140,5845,152,161,
32766,17144,5840,157,174,
32766,17138,5841,153,169,
32766,17147,5848,155,162,
32766,17150,5840,156,170,
32766,17140,5845,154,171,
32766,17151,5836,161,152,
32766,17148,5836,153,168,
32766,17140,5840,157,160,
32766,17149,5848,153,159,
32766,17148,5841,161,167,
32766,17147,5846,152,167,
32766,17152,5843,152,167,
32766,17143,5841,158,170,
32766,17144,5834,157,171,
32766,17146,5842,163,159,
32766,17156,5833,156,173,
32766,17140,5841,160,171,
32766,17142,5839,155,159,
32766,17147,5835,153,151,
32766,17150,5844,151,170,
32766,17149,5841,150,158,
32766,17148,5828,152,161,
32766,17154,5835,156,168,
32766,17153,5842,155,161,
32766,17149,5838,149,160,
32766,17155,5836,153,164,
32766,17154,5842,162,174,
32766,17143,5847,153,171,
32766,17153,5841,148,163,
32766,17155,5836,159,170,
32766,17157,5848,158,168,
32766,17146,5837,158,163,
32766,17151,5842,146,164,
32766,17146,5846,148,167,
32766,17138,5833,157,158,
32766,17142,5833,156,172,
32766,17134,5839,148,163,
32766,17138,5842,161,168,
32766,17129,5852,147,160,
32766,17130,5848,158,168,
32766,17142,5844,155,164,
32766,17131,5835,152,162,
32766,17141,5840,153,162,
32766,17135,5843,157,163,
32766,17124,5836,154,159,
32766,17142,5838,157,166,
32766,17127,5836,165,163,
32766,17134,5834,149,161,
32766,17128,5843,154,167,
32766,17123,5834,157,167,
32766,17121,5849,161,166,
32766,17124,5846,156,168,
32766,17123,5845,157,171,
32766,17124,5840,153,166,
32766,17122,5847,153,170,
32766,17136,5846,157,170,
32766,17127,5837,158,163,
32766,17126,5841,152,170,
32766,17123,5846,155,161,
32766,17134,5841,153,165,
32766,17122,5845,158,168,
32766,17126,5839,155,168,
32766,17122,5845,158,167,
32766,17119,5845,158,173,
32766,17118,5833,161,171,
32766,17118,5840,153,157,
32766,17123,5849,155,164,
32766,17125,5842,161,167,
32766,17124,5847,154,165,
32766,17114,5842,160,166,
32766,17114,5848,165,172,
32766,17119,5842,154,164,
32766,17122,5841,151,161,
32766,17117,5848,157,168,
32766,17112,5849,167,163,
32766,17115,5843,151,171,
32766,17099,5845,158,152,
32766,17102,5848,144,164,
32766,17112,5849,158,161,
32766,17101,5847,150,161,
32766,17110,5842,159,163,
32766,17107,5837,154,167,
32766,17107,5848,155,162,
32766,17114,5840,156,158,
32766,17113,5841,159,157,
32766,17107,5845,147,168,
32766,17107,5847,157,164,
32766,17110,5848,161,166,
32766,17102,5847,158,160,
32766,17110,5850,161,174,
32766,17116,5840,152,163,
32766,17106,5846,152,178,
32766,17108,5849,151,167,
32766,17104,5851,155,173,
32766,17101,5851,160,178,
32766,17103,5855,161,165,
32766,17111,5842,155,164,
32766,17104,5853,159,173,
32766,17095,5835,158,166,
32766,17089,5839,151,163,
32766,17101,5841,155,173,
32766,17096,5841,162,162,
32766,17093,5844,159,170,
32766,17090,5834,157,159,
32766,17096,5844,153,167,
32766,17102,5838,152,162,
32766,17097,5844,160,168,
32766,17096,5836,159,157,
32766,17085,5834,147,156,
32766,17099,5835,154,161,
32766,17084,5834,165,165,
32766,17085,5834,149,162,
32766,17094,5837,155,158,
32766,17102,5828,157,167,
32766,17091,5824,153,170,
32766,17091,5823,153,160,
32766,17091,5829,150,175,
32766,17078,5831,161,178,
32766,17089,5829,163,162,
32766,17081,5836,163,163,
32766,17088,5829,159,158,
32766,17089,5836,156,160,
32766,17085,5828,151,167,
32766,17083,5834,155,162,
32766,17087,5834,150,162,
32766,17084,5830,159,167,
32766,17080,5836,160,178,
32766,17081,5829,158,179,
32766,17086,5828,153,166,
32766,17085,5826,147,167,
32766,17083,5842,148,167,
32766,17083,5838,160,165,
32766,17078,5829,154,162,
32766,17086,5834,158,171,
32766,17078,5826,159,165,
32766,17086,5835,164,166,
32766,17071,5827,154,161,
32766,17078,5827,163,164,
32766,17081,5832,167,170,
32766,17078,5831,152,156,
32766,17077,5841,160,170,
32766,17070,5839,158,173,
32766,17077,5824,153,168,
32766,17083,5831,158,171,
32766,17082,5822,163,172,
32766,17073,5826,154,162,
32766,17075,5829,158,179,
32766,17071,5829,153,165,
32766,17077,5825,153,162,
32766,17078,5833,154,164,
32766,17080,5828,154,162,
32766,17071,5832,152,162,
32766,17071,5832,160,165,
32766,17075,5834,159,169,
32766,17072,5823,149,165,
32766,17067,5829,155,169,
32766,17067,5838,148,169,
32766,17065,5833,148,170,
32766,17064,5831,157,162,
32766,17061,5826,147,159,
32766,17060,5832,163,166,
32766,17061,5833,156,159,
32766,17061,5834,155,166,
32766,17065,5843,156,170,
32766,17065,5840,157,156,
32766,17069,5834,162,164,
32766,17075,5835,163,161,
32766,17066,5825,162,170,
32766,17073,5825,159,176,
32766,17064,5829,153,169,
32766,17062,5829,148,164,
32766,17070,5832,153,160,
32766,17065,5828,156,169,
32766,17059,5833,164,168,
32766,17066,5832,151,163,
32766,17056,5836,147,168,
32766,17061,5834,153,163,
32766,17058,5822,158,173,
32766,17056,5830,152,174,
32766,17051,5828,150,164,
32766,17066,5823,154,160,
32766,17062,5835,158,166,
32766,17061,5834,159,152,
32766,17067,5823,158,161,
32766,17060,5836,159,172,
32766,17065,5835,158,168,
32766,17068,5833,158,167,
32766,17067,5838,153,168,
32766,17053,5834,162,168,
32766,17059,5829,149,174,
32766,17054,5828,163,161,
32766,17059,5824,161,160,
32766,17058,5833,156,168,
32766,17053,5833,159,159,
32766,17050,5816,162,161,
32766,17052,5834,162,168,
32766,17053,5838,155,168,
32766,17050,5835,153,164,
32766,17059,5833,167,158,
32766,17057,5824,162,157,
32766,17058,5824,159,168,
32766,17063,5824,160,176,
32766,17058,5834,152,167,
32766,17052,5828,157,164,
32766,17059,5833,157,166,
32766,17057,5831,157,160,
32766,17050,5836,154,169,
32766,17053,5839,155,165,
32766,17048,5836,146,156,
32766,17041,5835,157,166,
32766,17047,5850,163,167,
32766,17038,5834,152,171,
32766,17040,5824,151,173,
32766,17048,5832,151,156,
32766,17046,5835,164,173,
32766,17038,5832,157,171,
32766,17029,5833,149,167,
32766,17026,5830,157,168,
32766,17042,5836,152,169,
32766,17034,5828,152,176,
32766,17036,5834,156,167,
32766,17028,5826,149,165,
32766,17041,5834,155,159,
32766,17037,5836,161,167,
32766,17024,5838,155,169,
32766,17016,5840,152,161,
32766,17029,5841,154,161,
32766,17020,5829,167,167,
32766,17029,5835,157,158,
32766,17019,5843,157,158,
32766,17027,5839,163,167,
32766,17034,5836,165,165,
32766,17023,5843,153,158,
32766,17032,5859,157,173,
32766,17029,5831,161,166,
32766,17037,5846,160,161,
32766,17028,5827,168,166,
32766,17030,5837,150,173,
32766,17033,5832,153,154,
32766,17026,5838,156,165,
32766,17026,5834,161,161,
32766,17021,5835,157,163,
32766,17026,5835,153,154,
32766,17034,5843,149,176,
32766,17033,5850,155,163,
32766,17046,5851,146,165,
32766,17044,5836,157,171,
32766,17046,5834,154,166,
32766,17046,5840,154,164,
32766,17059,5842,157,172,
32766,17062,5832,156,163,
32766,17075,5831,164,159,
32766,17074,5827,152,165,
32766,17080,5826,164,168,
32766,17078,5826,147,160,
32766,17092,5827,155,167,
32766,17093,5830,157,173,
32766,17087,5821,150,154,
32766,17094,5816,154,168,
32766,17087,5822,160,167,
32766,17091,5819,162,153,
32766,17093,5810,163,160,
32766,17095,5825,157,169,
32766,17087,5819,155,167,
32766,17097,5819,154,160,
32766,17092,5820,150,168,
32766,17085,5818,150,167,
32766,17092,5832,154,157,
32766,17091,5815,153,157,
32766,17090,5819,158,165,
32766,17101,5816,161,160,
32766,17106,5822,160,160,
32766,17095,5814,153,173,
32766,17099,5815,159,164,
32766,17107,5820,160,161,
32766,17093,5814,162,170,
32766,17100,5811,150,170,
32766,17102,5815,149,167,
32766,17108,5807,151,158,
32766,17101,5815,154,165,
32766,17106,5821,159,158,
32766,17112,5828,151,170,
32766,17107,5826,149,171,
32766,17114,5824,145,169,
32766,17112,5813,162,149,
32766,17115,5813,156,166,
32766,17115,5823,157,156,
32766,17120,5819,147,159,
32766,17117,5833,152,166,
32766,17129,5816,160,162,
32766,17115,5818,155,167,
32766,17123,5829,147,170,
32766,17119,5826,154,168,
32766,17130,5818,147,159,
32766,17135,5821,149,165,
32766,17124,5811,167,161,
32766,17126,5820,150,170,
32766,17127,5821,160,156,
32766,17122,5827,153,161,
32766,17123,5831,152,173,
32766,17120,5817,162,164,
32766,17126,5832,155,166,
32766,17130,5825,162,163,
32766,17131,5828,154,171,
32766,17130,5827,140,161,
32766,17124,5825,156,163,
32766,17114,5825,157,174,
32766,17125,5830,160,159,
32766,17121,5826,157,161,
32766,17122,5835,163,165,
32766,17122,5820,153,163,
32766,17119,5831,152,170,
32766,17120,5836,149,152,
32766,17123,5829,146,169,
32766,17118,5823,152,164,
32766,17121,5833,156,176,
32766,17119,5835,170,163,
32766,17115,5831,159,167,
32766,17116,5836,162,164,
32766,17116,5834,155,163,
32766,17109,5834,149,160,
32766,17111,5839,143,164,
32766,17104,5822,145,164,
32766,17108,5831,145,162,
32766,17110,5843,156,169,
32766,17110,5838,157,173,
32766,17100,5837,164,160,
32766,17109,5833,152,162,
32766,17113,5838,153,166,
32766,17109,5831,158,169,
32766,17100,5839,150,162,
32766,17109,5840,156,163,
32766,17106,5842,156,164,
32766,17109,5824,160,170,
32766,17107,5822,155,164,
32766,17107,5827,160,163,
32766,17101,5836,153,164,
32766,17105,5834,150,164,
32766,17097,5834,153,174,
32766,17095,5830,154,155,
32766,17096,5835,167,174,
32766,17096,5838,155,156,
32766,17097,5836,153,167,
32766,17106,5837,155,163,
32766,17103,5827,151,160,
32766,17099,5826,160,162,
32766,17100,5827,146,170,
32766,17083,5820,157,162,
32766,17091,5829,157,169,
32766,17091,5834,152,162,
32766,17099,5833,149,156,
32766,17078,5846,162,162,
32766,17092,5836,150,170,
32766,17085,5836,156,165,
32766,17087,5833,153,168,
32766,17084,5829,155,168,
32766,17085,5833,159,162,
32766,17097,5827,155,163,
32766,17085,5836,157,167,
32766,17083,5838,158,160,
32766,17090,5840,156,161,
32766,17090,5836,156,161,
32766,17084,5841,152,158,
32766,17083,5839,154,162,
32766,17073,5836,155,168,
32766,17084,5830,154,165,
32766,17086,5836,163,162,
32766,17085,5824,149,172,
32766,17082,5830,152,163,
32766,17070,5837,160,170,
32766,17074,5847,159,173,
32766,17076,5841,161,158,
32766,17082,5848,148,167,
32766,17077,5847,152,169,
32766,17075,5844,161,163,
32766,17072,5852,153,161,
32766,17075,5845,156,173,
32766,17060,5841,164,163,
32766,17077,5848,155,166,
32766,17070,5834,149,160,
32766,17077,5827,163,159,
32766,17066,5822,156,157,
32766,17077,5830,154,168,
32766,17066,5835,159,153,
32766,17078,5845,154,166,
32766,17079,5836,157,164,
32766,17069,5834,155,170,
32766,17077,5847,159,167,
32766,17062,5849,151,174,
32766,17061,5845,162,164,
32766,17062,5844,160,164,
32766,17060,5829,144,158,
32766,17066,5822,147,159,
32766,17060,5838,156,160,
32766,17064,5837,153,168,
32766,17069,5836,152,162,
32766,17065,5838,163,169,
32766,17063,5851,161,161,
32766,17068,5837,149,163,
32766,17074,5842,157,166,
32766,17063,5850,162,162,
32766,17061,5844,155,167,
32766,17059,5839,158,160,
32766,17059,5834,150,166,
32766,17057,5839,148,163,
32766,17060,5839,149,174,
32766,17064,5836,160,164,
32766,17061,5833,162,161,
32766,17059,5844,151,169,
32766,17062,5839,158,166,
32766,17060,5844,158,160,
32766,17067,5843,164,170,
32766,17060,5838,153,168,
32766,17058,5844,149,168,
32766,17054,5848,155,167,
32766,17046,5847,155,159,
32766,17062,5842,150,170,
32766,17059,5837,153,164,
32766,17053,5830,162,171,
32766,17049,5837,149,154,
32766,17058,5835,157,161,
32766,17054,5847,164,164,
32766,17056,5847,160,165,
32766,17047,5836,148,173,
32766,17057,5840,155,159,
32766,17060,5837,150,161,
32766,17059,5840,152,153,
32766,17038,5844,150,172,
32766,17046,5843,156,162,
32766,17054,5837,165,168,
32766,17051,5840,155,170,
32766,17051,5850,167,168,
32766,17047,5846,157,165,
32766,17045,5840,159,162,
32766,17045,5851,159,165,
32766,17056,5844,162,164,
32766,17048,5846,149,172,
32766,17049,5841,155,169,
32766,17042,5833,164,173,
32766,17050,5836,160,169,
32766,17043,5848,151,160,
32766,17051,5847,161,168,
32766,17039,5838,151,168,
32766,17048,5842,160,162,
32766,17040,5854,152,163,
32766,17037,5844,146,166,
32766,17039,5847,155,169,
32766,17048,5845,154,169,
32766,17041,5852,155,159,
32766,17037,5847,163,164,
32766,17033,5838,163,167,
32766,17044,5844,151,172,
32766,17040,5836,155,166,
32766,17033,5835,148,163,
32766,17043,5829,152,168,
32766,17034,5843,151,158,
32766,17041,5848,161,159,
32766,17040,5847,157,173,
32766,17034,5837,159,164,
32766,17037,5856,162,165,
32766,17043,5844,154,158,
32766,17023,5844,163,169,
32766,17045,5844,157,162,
32766,17037,5852,154,164,
32766,17040,5835,155,157,
32766,17044,5828,152,171,
32766,17033,5841,152,165,
32766,17026,5843,151,163,
32766,17033,5842,158,160,
32766,17032,5842,159,162,
32766,17032,5852,166,160,
32766,17033,5843,159,163,
32766,17024,5851,151,170,
32766,17029,5850,165,171,
32766,17032,5844,151,174,
32766,17033,5845,161,158,
32766,17038,5838,161,160,
32766,17031,5843,170,174,
32766,17035,5841,164,162,
32766,17040,5846,156,165,
32766,17026,5845,152,164,
32766,17023,5845,147,164,
32766,17034,5853,156,166,
32766,17036,5846,165,158,
32766,17024,5844,165,168,
32766,17029,5842,152,166,
32766,17040,5851,157,163,
32766,17036,5842,158,166,
32766,17029,5840,156,163,
32766,17037,5839,145,159,
32766,17037,5838,157,168,
32766,17029,5847,148,171,
32766,17043,5844,147,161,
32766,17046,5840,158,163,
32766,17031,5838,166,165,
32766,17032,5845,159,164,
32766,17037,5845,159,157,
32766,17038,5846,152,171,
32766,17049,5855,150,157,
32766,17030,5855,157,179,
32766,17026,5845,163,152,
32766,17037,5843,164,166,
32766,17037,5841,153,171,
32766,17044,5845,156,154,
32766,17041,5848,155,171,
32766,17045,5845,157,162,
32766,17040,5834,156,163,
32766,17037,5851,152,159,
32766,17043,5835,152,169,
32766,17036,5839,156,159,
32766,17040,5845,159,165,
32766,17036,5849,151,162,
32766,17047,5840,159,167,
32766,17041,5838,160,165,
32766,17047,5846,161,161,
32766,17038,5853,163,165,
32766,17040,5841,165,170,
32766,17046,5844,160,157,
32766,17045,5840,154,165,
32766,17055,5845,152,159,
32766,17036,5845,149,161,
32766,17058,5836,154,168,
32766,17054,5832,155,155,
32766,17056,5848,153,171,
32766,17055,5846,150,162,
32766,17061,5834,154,161,
32766,17058,5838,162,168,
32766,17055,5831,160,172,
32766,17045,5837,149,165,
32766,17051,5851,158,165,
32766,17057,5843,154,161,
32766,17056,5839,158,159,
32766,17048,5830,147,161,
32766,17042,5834,155,167,
32766,17050,5845,150,167,
32766,17050,5824,161,163,
32766,17054,5838,162,161,
32766,17064,5832,159,164,
32766,17065,5832,155,160,
32766,17058,5833,162,160,
32766,17066,5832,152,161,
32766,17060,5833,153,165,
32766,17068,5837,161,161,
32766,17049,5835,164,165,
32766,17069,5840,161,163,
32766,17059,5836,150,169,
32766,17058,5842,161,155,
32766,17067,5832,151,175,
32766,17076,5834,148,154,
32766,17062,5835,159,168,
32766,17062,5846,154,165,
32766,17063,5838,158,162,
32766,17066,5828,155,158,
32766,17068,5840,160,157,
32766,17077,5835,165,165,
32766,17067,5832,146,157,
32766,17074,5831,149,163,
32766,17065,5830,144,159,
32766,17070,5825,160,167,
32766,17062,5826,148,162,
32766,17059,5833,162,166,
32766,17069,5834,157,170,
32766,17069,5831,157,158,
32766,17072,5828,156,164,
32766,17060,5832,157,163,
32766,17055,5829,161,170,
32766,17062,5830,150,166,
32766,17075,5828,152,162,
32766,17071,5827,157,169,
32766,17060,5824,152,162,
32766,17062,5831,159,161,
32766,17066,5831,161,170,
32766,17056,5815,148,172,
32766,17058,5830,156,166,
32766,17060,5820,165,162,
32766,17057,5827,150,172,
32766,17069,5828,154,171,
32766,17061,5834,163,153,
32766,17059,5830,154,169,
32766,17059,5833,151,161,
32766,17055,5829,152,164,
32766,17054,5828,155,154,
32766,17055,5831,156,159,
32766,17053,5822,154,162,
32766,17051,5834,156,150,
32766,17067,5833,150,174,
32766,17050,5836,152,158,
32766,17059,5833,155,175,
32766,17046,5838,157,166,
32766,17059,5828,159,165,
32766,17044,5851,160,163,
32766,17052,5837,155,162,
32766,17046,5837,169,162,
32766,17049,5832,155,171,
32766,17064,5845,161,153,
32766,17052,5840,152,160,
32766,17067,5839,160,173,
32766,17066,5822,149,164,
32766,17082,5823,160,171,
32766,17145,5832,152,163,
32766,17207,5828,152,161,
32766,17245,5820,154,156,
32766,17302,5822,153,145,
32766,17306,5843,160,159,
32766,17325,5901,156,170,
32766,17308,5890,153,162,
32766,17259,5827,137,152,
32766,17196,5801,154,155,
32766,17176,5812,145,151,
32766,17005,5707,138,150,
32766,16879,5768,155,146,
32766,17000,6218,150,164,
32766,16845,6379,163,173,
32766,16711,6600,172,181,
32766,16599,6882,191,195,
32766,16410,7080,207,203,
32500,16208,7236,219,209,
31724,16055,7294,220,224,
31210,15931,7309,223,221,
30990,15879,7248,217,218,
30939,15845,7161,219,222,
30704,15779,7103,206,226,
30718,15759,7004,214,215,
31156,15804,6854,213,210,
31578,15832,6719,205,208,
31926,15842,6598,197,213,
32309,15861,6504,198,204,
32419,15825,6477,199,218,
32649,15868,6406,203,207,
32766,15930,6343,205,209,
32766,15988,6299,197,203,
32766,16066,6250,191,205,
32766,16100,6217,202,200,
32766,16138,6220,191,214,
32766,16161,6242,191,209,
32766,16189,6244,199,210,
32766,16231,6239,201,211,
32766,16266,6213,196,208,
32766,16315,6195,195,209,
32766,16357,6171,198,211,
32766,16389,6151,193,219,
32766,16427,6127,198,221,
32766,16457,6115,191,207,
32766,16479,6128,190,209,
32766,16489,6138,206,215,
32766,16506,6153,203,221,
32766,16523,6171,195,218,
32766,16541,6193,205,210,
32766,16565,6215,198,215,
32766,16582,6210,197,216,
32766,16608,6205,196,220,
32766,16647,6209,201,216,
32766,16650,6193,198,215,
32766,16676,6214,207,217,
32766,16713,6217,200,213,
32766,16732,6238,195,210,
32766,16763,6238,204,219,
32766,16781,6253,204,211,
32766,16809,6275,201,211,
32766,16819,6300,195,210,
32766,16829,6318,197,206,
32766,16834,6349,200,218,
32766,16834,6376,207,213,
32766,16829,6418,198,220,
32766,16813,6466,203,225,
32766,16806,6524,216,220,
32766,16772,6584,213,226,
32766,16742,6641,216,218,
32766,16710,6710,214,210,
32766,16675,6781,209,223,
32766,16638,6813,210,225,
32766,16594,6851,213,227,
32766,16545,6883,226,229,
32766,16500,6924,212,227,
32766,16429,6954,231,233,
32766,16342,6997,229,234,
32764,16246,7047,221,240,
32644,16131,7097,245,238,
32368,16008,7138,237,242,
31604,15815,7207,246,245,
31000,15658,7233,255,255,
30420,15510,7272,249,256,
30041,15333,7344,257,261,
29616,15166,7387,270,269,
29249,15052,7413,279,271,
28941,14963,7407,277,272,
29426,15157,7333,269,260,
30314,15427,7196,253,247,
29695,15291,7302,251,258,
29272,15178,7304,258,256,
29005,15100,7301,265,243,
28855,15054,7308,258,261,
28794,15021,7297,262,262,
28679,14978,7301,260,256,
28844,15030,7277,253,261,
28946,15051,7251,256,258,
28529,14910,7282,267,271,
28159,14793,7293,267,254,
27972,14716,7295,269,267,
27750,14624,7303,270,267,
27425,14499,7320,277,266,
27128,14381,7334,282,272,
26891,14290,7346,290,271,
26741,14229,7342,291,286,
26616,14173,7342,300,277,
26499,14121,7374,300,277,
26346,14081,7367,294,273,
26220,14025,7389,301,284,
26151,13999,7402,308,285,
26138,14004,7410,308,288,
26131,14017,7411,304,291,
26215,14067,7422,300,288,
26355,14132,7430,298,284,
26499,14195,7419,307,284,
26621,14240,7419,298,297,
26734,14283,7406,293,295,
26937,14350,7411,306,290,
27102,14395,7385,301,287,
27194,14423,7382,300,283,
27210,14436,7389,308,288,
27313,14466,7393,299,289,
27396,14514,7390,298,286,
27525,14565,7395,294,279,
27660,14614,7407,302,279,
27873,14697,7409,295,297,
28100,14774,7410,294,276,
28377,14850,7412,293,279,
28662,14966,7402,289,280,
29026,15067,7399,277,276,
29384,15190,7407,283,269,
29902,15371,7415,273,268,
30976,15700,7447,271,269,
32619,16139,7399,264,249,
32766,16540,7291,254,261,
32766,16848,7109,254,253,
32766,17020,6939,245,251,
32766,17099,6779,230,243,
32766,17178,6658,217,229,
32766,17248,6628,214,215,
32766,17351,6653,203,222,
32766,17498,6728,216,214,
32766,17634,6810,213,223,
32766,17780,6842,212,209,
32766,17886,6820,211,220,
32766,17964,6725,208,213,
32766,17971,6603,199,223,
32766,17942,6486,182,192,
32766,17914,6471,179,189,
32766,17909,6506,179,190,
32766,17912,6522,188,190,
32766,17896,6510,180,186,
32766,17896,6551,190,193,
32766,17900,6556,179,190,
32766,17870,6486,182,195,
32766,17800,6327,178,176,
32766,17717,6108,171,178,
32766,17616,5954,159,169,
32766,17618,5991,173,168,
32766,17562,6038,172,189,
32766,17544,6078,166,183,
32766,17526,6052,178,181,
32766,17446,6042,184,179,
32766,17442,6088,177,180,
32766,17447,6161,183,193,
32766,17470,6243,185,186,
32766,17506,6434,198,187,
32766,17519,6540,195,202,
32766,17514,6519,200,200,
32766,17496,6554,206,203,
32766,17499,6605,210,211,
32766,17471,6569,208,207,
32766,17444,6616,213,198,
32766,17401,6719,211,201,
32766,17342,6805,210,204,
32766,17293,6834,210,205,
32766,17252,6855,218,218,
32766,17217,6877,209,208,
32766,17161,6896,219,219,
32766,17109,6895,225,220,
32766,17049,6883,209,206,
32766,17005,6922,214,216,
32766,16957,6927,220,217,
32766,16931,6911,221,215,
32766,16892,6881,233,214,
32766,16831,6879,223,223,
32766,16803,6872,236,217,
32766,16756,6869,231,227,
32766,16703,6865,233,225,
32766,16679,6863,231,228,
32766,16648,6864,227,229,
32766,16608,6849,229,226,
32766,16561,6833,237,221,
32766,16547,6814,234,230,
32766,16522,6817,232,228,
32766,16501,6817,231,228,
32766,16490,6805,235,224,
32766,16481,6794,235,214,
32766,16465,6776,228,225,
32766,16457,6766,224,227,
32766,16440,6752,235,226,
32766,16442,6736,228,220,
32766,16422,6715,236,219,
32766,16432,6723,226,209,
32766,16418,6714,220,211,
32766,16412,6689,215,215,
32766,16410,6695,225,210,
32766,16403,6690,216,211,
32766,16412,6686,223,214,
32766,16416,6675,221,216,
32766,16428,6664,232,217,
32766,16417,6672,212,217,
32766,16416,6677,217,221,
32766,16432,6655,207,216,
32766,16422,6662,221,223,
32766,16436,6666,219,223,
32766,16429,6666,209,223,
32766,16429,6658,220,219,
32766,16440,6669,220,210,
32766,16444,6672,226,213,
32766,16448,6666,215,217,
32766,16449,6671,214,212,
32766,16458,6668,216,210,
32766,16461,6673,222,213,
32766,16465,6678,220,210,
32766,16464,6676,231,207,
32766,16467,6685,213,217,
32766,16473,6685,218,221,
32766,16478,6688,224,214,
32766,16484,6674,216,206,
32766,16483,6689,216,201,
32766,16483,6691,217,212,
32766,16489,6682,212,215,
32766,16490,6686,217,216,
32766,16494,6687,213,213,
32766,16488,6678,218,216,
32766,16485,6690,218,203,
32766,16492,6683,213,221,
32766,16505,6684,219,212,
32766,16501,6675,211,218,
32766,16498,6670,221,209,
32766,16493,6685,210,220,
32766,16500,6675,222,218,
32766,16492,6684,208,214,
32766,16493,6697,213,209,
32766,16496,6682,228,209,
32766,16492,6687,224,214,
32766,16498,6680,215,214,
32766,16501,6690,218,217,
32766,16492,6687,217,215,
32766,16488,6680,212,210,
32766,16489,6672,216,214,
32766,16484,6680,227,211,
32766,16473,6679,224,212,
32766,16480,6655,214,206,
32766,16478,6666,216,201,
32766,16472,6666,200,204,
32766,16462,6676,217,208,
32766,16477,6667,218,215,
32766,16472,6669,210,208,
32766,16475,6669,214,202,
32766,16479,6658,211,201,
32766,16464,6662,209,206,
32766,16459,6678,216,201,
32766,16463,6685,216,203,
32766,16462,6670,214,204,
32766,16461,6682,216,212,
32766,16459,6684,209,201,
32766,16457,6677,208,203,
32766,16453,6681,201,206,
32766,16445,6697,214,200,
32766,16451,6692,215,200,
32766,16450,6701,209,211,
32766,16456,6718,216,204,
32766,16450,6716,212,208,
32766,16451,6712,206,205,
32766,16457,6720,210,206,
32766,16444,6724,211,210,
32766,16441,6716,204,207,
32766,16459,6727,211,202,
32766,16439,6728,207,199,
32766,16446,6724,217,203,
32766,16446,6723,201,199,
32766,16452,6733,219,208,
32766,16449,6728,213,208,
32766,16448,6723,204,204,
32766,16453,6730,200,200,
32766,16448,6727,211,203,
32766,16435,6742,212,206,
32766,16436,6732,206,204,
32766,16434,6738,202,203,
32766,16441,6740,214,204,
32766,16434,6738,210,203,
32766,16438,6738,194,199,
32766,16445,6734,206,204,
32766,16442,6739,210,194,
32766,16436,6731,212,210,
32766,16434,6736,208,201,
32766,16434,6737,210,198,
32766,16430,6753,210,209,
32766,16427,6745,219,211,
32766,16424,6738,214,203,
32766,16427,6739,204,203,
32766,16435,6737,213,188,
32766,16427,6740,205,195,
32766,16432,6738,211,194,
32766,16432,6745,208,186,
32766,16432,6738,212,211,
32766,16428,6734,206,210,
32766,16426,6738,205,192,
32766,16427,6742,209,201,
32766,16425,6749,206,198,
32766,16430,6747,204,193,
32766,16432,6748,198,199,
32766,16437,6754,212,192,
32766,16430,6755,214,198,
32766,16427,6758,214,201,
32766,16426,6749,206,202,
32766,16428,6762,206,202,
32766,16418,6759,210,200,
32766,16422,6762,210,193,
32766,16422,6759,205,195,
32766,16418,6758,217,202,
32766,16416,6771,213,200,
32766,16412,6770,206,197,
32766,16419,6764,209,197,
32766,16418,6761,208,192,
32766,16413,6769,209,209,
32766,16414,6777,209,196,
32766,16412,6768,217,204,
32766,16415,6770,209,197,
32766,16422,6775,199,195,
32766,16412,6775,208,200,
32766,16408,6785,204,198,
32766,16419,6787,210,199,
32766,16403,6778,218,194,
32766,16408,6787,204,194,
32766,16374,6804,204,206,
32766,16338,6862,213,198,
32766,16345,6840,212,204,
32766,16335,6851,207,196,
32766,16318,6857,205,202,
32766,16325,6862,198,202,
32766,16307,6857,212,204,
32766,16315,6868,207,188,
32766,16305,6867,211,192,
32766,16317,6881,210,194,
32766,16321,6864,202,195,
32766,16302,6870,209,195,
32766,16300,6879,201,194,
32766,16294,6877,210,194,
32766,16285,6879,204,210,
32766,16304,6888,208,203,
32766,16298,6877,203,200,
32766,16290,6890,200,203,
32766,16297,6886,206,202,
32766,16290,6871,207,194,
32766,16300,6871,210,199,
32766,16293,6874,209,205,
32766,16297,6875,204,206,
32766,16288,6873,214,197,
32766,16285,6879,209,202,
32766,16282,6881,204,191,
32766,16293,6884,209,188,
32766,16288,6887,207,201,
32766,16289,6891,203,191,
32766,16294,6888,215,197,
32766,16288,6883,200,196,
32766,16285,6887,203,201,
32766,16282,6892,209,205,
32766,16278,6889,206,194,
32766,16277,6887,209,200,
32766,16288,6892,206,196,
32766,16269,6894,214,192,
32766,16286,6885,209,195,
32766,16272,6891,202,197,
32766,16269,6896,204,194,
32766,16262,6904,207,197,
32766,16271,6894,201,190,
32766,16259,6902,205,191,
32766,16268,6888,206,191,
32766,16260,6899,212,187,
32766,16247,6900,208,203,
32766,16260,6894,210,194,
32766,16246,6917,199,200,
32766,16239,6912,204,196,
32766,16237,6916,202,200,
32766,16228,6923,200,194,
32766,16227,6921,214,200,
32766,16214,6927,201,196,
32766,16210,6931,200,194,
32766,16203,6939,204,198,
32766,16207,6938,208,188,
32766,16202,6949,212,198,
32766,16199,6934,212,199,
32766,16195,6947,209,198,
32766,16194,6945,194,196,
32766,16197,6932,211,195,
32766,16186,6942,205,190,
32766,16177,6952,206,196,
32766,16182,6944,205,192,
32766,16170,6954,210,190,
32766,16169,6950,212,198,
32766,16172,6945,203,193,
32766,16178,6955,200,184,
32766,16164,6948,199,184,
32766,16160,6952,201,199,
32766,16161,6956,195,195,
32766,16156,6952,199,189,
32766,16145,6964,203,187,
32766,16152,6961,202,187,
32766,16155,6962,202,183,
32766,16142,6958,206,194,
32766,16146,6961,205,193,
32766,16134,6972,202,188,
32766,16124,6975,195,192,
32766,16111,6982,207,187,
32766,16101,6991,202,202,
32766,16080,7012,196,193,
32766,16065,7001,206,188,
32766,16053,7025,203,194,
32766,16050,7023,197,185,
32766,16048,7033,205,185,
32766,16039,7033,197,188,
32766,16033,7030,206,198,
32766,16044,7029,202,192,
32766,16027,7043,207,187,
32766,16025,7038,201,183,
32766,16025,7046,211,189,
32766,16016,7043,204,192,
32766,16022,7037,200,197,
32766,16012,7041,207,199,
32766,16008,7048,203,187,
32766,16013,7041,204,178,
32766,16007,7043,204,184,
32766,16006,7041,203,191,
32766,16006,7037,197,191,
32766,16006,7040,205,183,
32766,15994,7044,209,193,
32766,15991,7049,200,189,
32766,15990,7052,213,193,
32766,15983,7054,210,187,
32766,15982,7047,202,191,
32766,15998,7049,198,197,
32766,15989,7046,202,196,
32766,15982,7056,209,187,
32766,15970,7038,196,186,
32766,15988,7054,206,181,
32766,15978,7047,205,193,
32766,15977,7049,193,183,
32766,15973,7047,203,185,
32766,15973,7050,195,189,
32766,15969,7065,202,192,
32766,15967,7066,206,188,
32766,15978,7054,209,190,
32766,15965,7052,204,179,
32766,15973,7051,209,183,
32766,15970,7050,201,189,
32766,15964,7060,209,184,
32766,15973,7052,202,182,
32766,15956,7057,195,188,
32766,15960,7057,203,184,
32766,15956,7063,198,186,
32766,15969,7063,196,189,
32766,15949,7067,207,188,
32766,15947,7056,201,191,
32766,15940,7055,208,188,
32766,15948,7058,198,182,
32766,15932,7058,196,200,
32766,15930,7067,197,192,
32766,15923,7061,210,185,
32763,15919,7063,202,177,
32760,15910,7071,199,197,
32737,15906,7072,200,177,
32728,15905,7078,206,188,
32716,15881,7082,203,187,
32697,15863,7082,197,186,
32680,15854,7082,199,180,
32651,15843,7089,197,187,
32626,15815,7094,203,183,
32543,15781,7093,194,189,
32346,15725,7106,201,190,
31950,15657,7131,209,187,
31563,15575,7166,192,182,
31189,15477,7202,206,189,
30738,15360,7248,199,187,
30450,15285,7269,192,177,
30290,15238,7288,191,175,
30213,15198,7289,197,178,
30152,15162,7294,205,189,
30063,15125,7308,194,178,
29976,15104,7310,193,176,
29883,15085,7304,194,175,
29840,15059,7300,192,182,
29764,15037,7302,194,175,
29787,15048,7290,194,175,
29831,15064,7275,186,179,
29818,15046,7258,172,173,
29776,15038,7261,187,170,
29783,15044,7256,186,176,
29857,15061,7246,187,170,
29899,15072,7233,186,175,
29934,15069,7225,186,177,
29954,15076,7217,178,175,
29937,15067,7209,185,175,
29930,15066,7206,200,169,
29938,15076,7205,182,177,
29952,15096,7203,186,175,
29974,15086,7197,182,165,
29988,15083,7184,182,168,
29979,15092,7181,187,162,
29926,15072,7186,184,154,
29881,15061,7190,179,176,
29857,15061,7186,186,172,
29823,15054,7183,185,169,
29794,15049,7182,195,169,
29771,15040,7181,189,163,
29724,15044,7193,188,164,
29535,14985,7207,189,169,
29505,14992,7209,177,171,
29524,14990,7200,196,176,
29501,14989,7201,191,168,
29505,14984,7196,185,167,
29536,15003,7195,197,178,
29548,15003,7200,177,171,
29560,15015,7194,176,173,
29596,15028,7197,188,172,
29626,15045,7191,180,169,
29713,15065,7180,190,170,
29862,15106,7166,178,172,
29942,15135,7164,188,171,
30043,15162,7158,188,168,
30149,15200,7147,187,176,
30268,15221,7139,184,164,
30429,15258,7128,190,178,
30546,15300,7121,187,181,
30757,15341,7098,184,172,
30932,15376,7085,184,172,
30943,15377,7093,177,174,
30919,15378,7090,183,170,
31060,15402,7080,183,164,
31267,15449,7075,179,164,
31365,15474,7067,177,170,
31440,15489,7061,177,174,
31443,15501,7064,181,173,
31430,15487,7067,187,170,
31457,15493,7071,183,167,
31577,15521,7054,185,175,
31705,15551,7039,180,170,
31858,15584,7027,179,179,
31975,15603,7001,181,167,
31996,15607,7024,182,176,
32007,15615,7008,181,172,
32070,15616,7008,189,172,
32166,15633,6992,173,170,
32279,15651,7001,196,164,
32355,15677,6984,173,166,
32376,15675,6977,180,171,
32355,15675,6981,178,165,
32396,15680,6981,178,174,
32452,15694,6988,182,171,
32466,15693,6974,182,160,
32467,15704,6964,176,177,
32505,15717,6967,176,173,
32525,15720,6975,188,174,
32528,15718,6978,180,169,
32539,15715,6969,175,173,
32581,15739,6968,183,177,
32578,15734,6966,173,169,
32575,15733,6958,199,175,
32582,15746,6962,174,178,
32583,15743,6960,169,173,
32603,15738,6961,183,167,
32586,15740,6966,190,167,
32588,15751,6968,186,179,
32620,15766,6957,187,173,
32633,15771,6950,182,180,
32629,15770,6957,183,181,
32626,15783,6950,182,176,
32627,15794,6961,179,173,
32626,15791,6958,186,172,
32614,15775,6962,185,172,
32577,15759,6977,192,179,
32523,15759,6970,187,177,
32490,15730,6979,193,178,
32448,15727,6973,195,171,
32432,15718,6975,183,174,
32425,15715,6971,192,180,
32410,15703,6969,195,172,
32376,15706,6967,178,190,
32361,15694,6974,187,182,
32331,15689,6969,192,170,
32301,15675,6979,180,177,
32286,15676,6969,192,189,
32266,15677,6970,187,185,
32244,15658,6966,188,178,
32229,15669,6963,185,172,
32228,15663,6964,188,179,
32216,15662,6961,192,180,
32190,15646,6949,182,176,
32151,15646,6948,179,185,
32122,15631,6943,180,168,
32088,15614,6939,192,168,
32048,15613,6948,189,173,
32029,15608,6941,178,174,
31988,15608,6948,180,176,
31959,15595,6959,196,170,
31924,15581,6954,183,178,
31900,15575,6946,188,173,
31888,15570,6949,183,180,
31862,15567,6947,182,172,
31836,15562,6952,183,175,
31823,15564,6942,186,179,
31803,15552,6940,180,173,
31785,15554,6942,186,176,
31772,15546,6941,175,178,
31765,15544,6943,182,174,
31750,15537,6941,182,163,
31744,15542,6938,180,182,
31754,15536,6941,181,172,
31743,15530,6937,182,171,
31747,15533,6924,184,180,
31753,15528,6929,177,175,
31749,15528,6936,182,168,
31739,15539,6926,185,180,
31753,15534,6923,177,176,
31750,15528,6928,184,172,
31753,15529,6923,178,177,
31738,15524,6924,190,170,
31749,15516,6926,181,169,
31750,15523,6935,185,176,
31733,15518,6925,182,169,
31741,15513,6915,175,169,
31736,15514,6927,180,177,
31733,15525,6912,185,183,
31729,15514,6918,190,180,
31735,15527,6915,184,181,
31728,15508,6921,180,170,
31735,15516,6906,191,178,
31727,15515,6903,183,170,
31744,15524,6918,177,174,
31739,15513,6907,188,171,
31739,15520,6902,177,178,
31745,15520,6907,180,167,
31743,15518,6904,180,177,
31738,15513,6911,184,173,
31738,15523,6906,179,180,
31743,15522,6898,183,182,
31754,15509,6901,182,173,
31740,15517,6904,186,172,
31747,15518,6893,181,170,
31761,15511,6900,184,177,
31769,15520,6893,180,178,
31773,15522,6898,189,171,
31770,15516,6879,172,178,
31771,15521,6901,179,180,
31782,15509,6899,177,180,
31782,15521,6892,177,186,
31777,15506,6883,182,173,
31772,15519,6886,187,169,
31766,15511,6885,175,181,
31756,15509,6893,184,176,
31756,15511,6889,181,178,
31759,15508,6889,182,176,
31738,15501,6894,192,165,
31755,15506,6895,189,169,
31748,15514,6893,187,177,
31750,15508,6898,186,176,
31764,15513,6890,186,178,
31766,15509,6890,189,178,
31766,15515,6886,180,177,
31765,15508,6891,182,178,
31742,15510,6882,182,186,
31741,15516,6875,175,180,
31756,15506,6885,190,178,
31746,15507,6885,188,178,
31742,15506,6890,178,179,
31732,15500,6892,187,178,
31732,15496,6892,177,175,
31731,15502,6886,189,172,
31717,15501,6883,183,173,
31728,15509,6887,189,170,
31725,15499,6888,183,179,
31724,15510,6901,187,174,
31739,15501,6884,183,172,
31731,15507,6889,186,171,
31731,15508,6884,179,175,
31722,15500,6892,184,178,
31721,15500,6887,176,179,
31707,15500,6887,185,172,
31705,15491,6887,195,177,
31709,15491,6880,192,178,
31694,15500,6891,173,182,
31701,15504,6889,184,174,
31700,15497,6891,179,179,
31705,15493,6891,184,171,
31715,15496,6889,174,185,
31711,15494,6895,194,176,
31703,15492,6897,188,178,
31690,15498,6891,182,177,
31697,15491,6892,177,177,
31694,15504,6903,188,185,
31692,15494,6892,181,174,
31701,15494,6883,195,177,
31698,15494,6891,183,171,
31690,15504,6895,181,174,
31673,15489,6900,178,174,
31675,15498,6901,182,170,
31679,15481,6892,187,170,
31687,15492,6888,190,167,
31677,15489,6888,185,173,
31677,15490,6892,173,167,
31676,15484,6891,192,174,
31670,15496,6894,188,181,
31671,15489,6892,176,173,
31678,15485,6891,180,175,
31684,15481,6885,183,174,
31674,15491,6890,184,175,
31690,15501,6891,184,183,
31675,15495,6890,177,176,
31678,15495,6886,180,169,
31673,15487,6893,181,175,
31680,15494,6897,185,182,
31686,15493,6904,187,171,
31679,15490,6894,177,180,
31676,15496,6887,185,178,
31660,15486,6898,186,171,
31655,15487,6900,190,184,
31661,15492,6886,188,177,
31670,15488,6903,170,179,
31662,15487,6889,187,177,
31668,15489,6880,192,179,
31662,15488,6892,185,169,
31675,15478,6897,190,173,
31663,15481,6898,187,178,
31650,15484,6898,186,184,
31636,15480,6893,182,182,
31635,15477,6903,182,168,
31614,15478,6896,183,174,
31612,15480,6899,188,173,
31614,15471,6899,179,175,
31602,15474,6904,180,178,
31602,15472,6897,191,181,
31582,15457,6910,184,178,
31602,15473,6901,186,186,
31573,15467,6900,180,172,
31592,15467,6907,189,180,
31587,15472,6907,175,175,
31580,15464,6901,187,182,
31588,15468,6894,197,181,
31582,15475,6904,180,171,
31570,15467,6915,192,181,
31590,15466,6900,187,175,
31567,15458,6909,185,176,
31575,15458,6905,189,169,
31565,15467,6899,182,175,
31573,15457,6910,192,178,
31571,15466,6913,191,173,
31563,15471,6907,181,176,
31563,15466,6916,188,180,
31562,15465,6906,192,176,
31548,15465,6909,189,176,
31552,15466,6913,178,174,
31548,15467,6908,188,182,
31545,15456,6901,184,172,
31535,15469,6916,178,172,
31539,15464,6912,189,175,
31532,15460,6914,191,180,
31531,15460,6907,174,178,
31522,15452,6908,182,176,
31527,15461,6912,194,181,
31529,15456,6905,194,178,
31513,15447,6914,185,190,
31521,15453,6899,197,174,
31512,15465,6910,191,180,
31516,15460,6918,193,177,
31522,15462,6908,190,174,
31509,15454,6905,180,179,
31530,15457,6911,171,178,
31523,15447,6919,187,172,
31526,15461,6918,189,176,
31507,15454,6911,189,172,
31511,15453,6904,185,177,
31518,15444,6908,178,173,
31508,15457,6917,179,183,
31521,15454,6910,190,170,
31501,15465,6909,186,186,
31504,15447,6908,182,178,
31511,15453,6911,181,176,
31499,15457,6908,182,184,
31502,15464,6912,193,177,
31501,15452,6921,187,171,
31495,15455,6915,176,173,
31495,15454,6914,200,183,
31508,15459,6906,178,173,
31509,15454,6917,192,177,
31498,15449,6908,184,178,
31500,15457,6915,185,188,
31493,15457,6922,189,178,
31500,15456,6909,188,181,
31499,15454,6911,176,170,
31506,15452,6907,182,176,
31491,15447,6907,189,178,
31497,15462,6920,178,173,
31505,15460,6916,184,183,
31505,15461,6914,183,178,
31509,15439,6917,178,178,
31506,15450,6914,191,172,
31512,15453,6902,183,175,
31507,15451,6899,175,168,
31505,15452,6910,179,183,
31497,15449,6908,190,175,
31482,15439,6918,196,178,
31482,15445,6907,182,175,
31490,15438,6905,199,184,
31479,15441,6911,191,177,
31487,15450,6903,188,178,
31486,15443,6917,188,177,
31495,15445,6909,188,168,
31519,15447,6908,187,170,
31520,15449,6905,174,181,
31525,15451,6905,174,180,
31541,15451,6898,185,173,
31559,15458,6891,188,182,
31571,15449,6879,192,180,
31598,15459,6886,181,169,
31611,15466,6877,181,178,
31712,15465,6852,182,169,
31815,15488,6834,181,179,
31970,15508,6803,170,168,
32229,15543,6759,175,162,
32480,15573,6709,169,153,
32620,15603,6673,176,174,
32634,15608,6648,163,166,
32623,15597,6651,157,172,
32660,15623,6636,164,162,
32670,15635,6667,162,154,
32671,15639,6668,157,151,
32687,15681,6664,165,145,
32739,15723,6631,153,147,
32766,15781,6549,147,138,
32766,15854,6465,140,138,
32766,15906,6425,140,137,
32766,15898,6423,141,138,
32766,15908,6402,143,139,
32766,15979,6420,133,137,
32766,16031,6388,136,132,
32766,16060,6322,131,132,
32766,16076,6279,136,136,
32766,16123,6291,128,138,
32766,16133,6222,136,126,
32766,16145,6155,132,134,
32766,16176,6082,135,115,
32766,16183,5998,128,128,
32766,16157,5971,128,136,
32766,16140,5986,136,131,
32766,16153,5962,138,142,
32766,16155,5863,132,147,
32766,16167,5784,135,136,
32766,16179,5671,130,141,
32766,16180,5548,140,142,
32766,16170,5387,130,132,
32766,16143,5222,134,139,
32766,16099,5093,137,133,
32766,16071,4996,127,132,
32766,16036,4934,132,138,
32766,15968,4811,133,135,
32766,15917,4717,126,143,
32766,15831,4611,130,140,
32766,15776,4573,136,142,
32766,15730,4520,127,145,
32766,15659,4470,141,152,
32766,15603,4458,133,149,
32766,15551,4429,138,146,
32766,15519,4415,146,154,
32766,15461,4396,145,146,
32766,15390,4319,136,147,
32766,15349,4310,134,144,
32766,15304,4292,136,150,
32766,15281,4268,139,142,
32766,15251,4244,140,152,
32766,15229,4220,137,150,
32766,15224,4211,140,141,
32766,15208,4179,139,147,
32766,15199,4174,134,145,
32766,15361,4734,130,122,
32766,15410,4782,120,112,
32766,15467,4526,110,105,
32766,15646,4618,103,112,
32766,14642,3356,95,85,
32766,14651,3345,88,87,
32766,14709,3324,92,88,
32766,15020,3429,92,72,
32766,15443,3643,89,83,
32766,15783,3837,93,89,
32766,16172,3985,100,91,
32766,16360,3776,87,92,
32766,16175,3321,86,81,
32766,15524,2864,79,75,
32766,14587,2505,79,75,
32766,14227,2391,77,83,
32766,14733,2527,84,82,
32766,15609,2909,101,97,
32766,16730,3568,114,118,
32766,17616,4481,121,134,
32766,17975,5555,141,160,
32416,18114,6488,163,194,
30568,17787,7266,181,209,
29006,17472,8020,216,232,
27629,17175,8640,246,269,
26071,16547,9033,300,307,
24524,15693,9260,359,348,
23323,14847,9296,448,419,
22456,14224,9256,535,475,
22191,13855,9130,617,502,
22327,13737,9002,641,535,
22768,13785,8858,665,557,
23537,13984,8752,659,541,
24205,14080,8605,652,545,
24869,14189,8499,643,543,
25426,14298,8451,643,555,
25835,14368,8427,662,558,
26247,14493,8418,649,566,
26831,14688,8430,639,545,
27572,14954,8436,624,535,
28367,15259,8463,593,537,
29145,15583,8479,566,517,
29850,15901,8522,549,500,
30394,16155,8580,518,477,
30671,16329,8676,510,475,
30840,16487,8778,491,464,
30946,16590,8886,490,457,
31045,16709,8983,487,441,
31237,16858,9074,467,433,
31327,16918,9140,460,428,
31344,16944,9203,452,430,
31198,16938,9223,448,425,
30907,16866,9243,448,415,
30409,16699,9249,452,432,
29791,16483,9233,453,423,
29087,16256,9206,470,447,
28325,16003,9156,479,454,
27544,15747,9085,496,466,
26606,15400,8979,523,466,
25426,14876,8836,555,500,
24512,14395,8657,589,511,
23990,14084,8478,603,513,
23843,13938,8300,595,519,
23833,13843,8091,599,508,
24435,13982,7884,569,494,
25820,14305,7566,525,462,
28332,14783,7049,451,402,
31552,15007,6286,370,349,
32766,14739,5428,298,308,
32766,13949,4640,237,248,
32766,13094,3951,184,214,
32766,11193,2973,136,155,
32766,8088,2005,91,113,
32766,6151,1357,68,75,
32766,5466,1178,69,64,
32766,5566,1245,77,80,
32766,6165,1405,72,74,
32766,6530,1504,77,78,
32766,7884,1796,90,97,
32766,10994,2570,124,141,
32766,13552,3511,144,187,
32766,14584,4004,176,207,
32766,14100,3857,174,218,
32766,12946,3292,151,207,
32766,11129,2565,140,190,
32766,7775,1748,107,147,
32766,4942,1258,94,107,
32766,3722,1024,66,87,
32766,3653,973,65,84,
32766,3638,943,71,83,
32766,3850,971,78,99,
32766,3788,932,88,101,
32766,3678,916,88,116,
32766,3368,873,80,120,
32766,3072,824,95,110,
32766,2891,814,81,86,
32766,2978,875,87,95,
32766,3275,986,101,112,
32766,3669,1094,105,133,
32766,4089,1177,119,153,
32766,4650,1330,141,179,
32766,5281,1551,178,223,
32766,7302,2101,222,270,
32766,10321,3073,293,340,
32766,13218,4227,368,428,
32766,15908,5564,468,487,
32766,17665,6642,531,543,
32766,18576,7244,581,588,
32766,19108,7477,641,628,
32766,19114,7370,698,673,
32766,19029,7354,765,716,
32766,19026,7640,839,773,
32766,19148,8191,917,818,
32766,19656,9074,944,841,
32766,20606,10079,935,825,
32766,21938,10930,889,795,
32766,23422,11379,821,734,
32766,24600,11300,727,664,
32766,25198,10776,617,583,
32766,25215,10018,512,493,
32766,24808,9205,428,440,
32766,24082,8364,356,374,
32766,23066,7482,272,319,
32766,21755,6593,243,276,
32766,20204,5719,188,227,
32766,18629,4962,150,173,
32766,17837,4628,131,151,
32766,17640,4535,109,117,
32766,17567,4485,106,112,
32766,17522,4441,101,103,
32766,17481,4400,105,93,
32766,17476,4397,100,101,
32766,17508,4389,96,102,
32766,17505,4386,96,94,
32766,17495,4381,86,94,
32766,17541,4392,96,93,
32766,17640,4430,103,97,
32766,17746,4457,97,90,
32766,17812,4494,95,91,
32766,17869,4512,95,93,
32766,17889,4521,94,93,
32766,17859,4516,97,106,
32766,17800,4493,90,93,
32766,17776,4484,98,94,
32766,17765,4482,95,90,
32766,17735,4470,88,103,
32766,17680,4460,97,100,
32766,17615,4435,91,98,
32766,17528,4389,96,98,
32766,17458,4376,95,102,
32766,17426,4356,99,98,
32766,17420,4349,96,100,
32766,17426,4344,101,90,
32766,17452,4349,97,103,
32766,17499,4373,98,90,
32766,17565,4399,96,98,
32766,17642,4420,103,96,
32766,17680,4438,95,93,
32766,17693,4442,96,100,
32766,17644,4415,92,92,
32766,17584,4406,98,102,
32766,17567,4386,98,103,
32766,17523,4370,97,95,
32766,17513,4363,95,90,
32766,17522,4368,95,90,
32766,17541,4372,103,99,
32766,17528,4369,102,92,
32766,17510,4364,94,97,
32766,17472,4346,97,103,
32766,17418,4327,109,93,
32766,17391,4331,101,95,
32766,17387,4328,96,94,
32766,17385,4331,99,92,
32766,17386,4321,93,92,
32766,17397,4329,101,100,
32766,17412,4330,97,99,
32766,17387,4334,96,87,
32766,17365,4328,94,105,
32766,17393,4330,98,103,
32766,17431,4359,105,98,
32766,17507,4384,98,96,
32766,17616,4424,102,103,
32766,17744,4479,95,101,
32766,17906,4549,109,102,
32766,18111,4623,112,107,
32766,18324,4714,116,112,
32766,18610,4836,124,117,
32766,19059,5036,132,151,
32766,19873,5418,152,163,
32766,20797,5926,178,217,
32766,22066,6751,216,258,
32766,23198,7837,276,307,
32766,23837,9145,344,360,
32766,23710,10332,428,419,
32766,22897,11268,545,502,
32766,21514,11839,715,605,
32766,19658,11964,921,721,
30316,17595,11660,1186,879,
26599,15620,11063,1459,1045,
23737,13907,10345,1709,1215,
21524,12450,9594,1927,1363,
19724,11192,8867,2085,1490,
18275,10144,8219,2211,1603,
16935,9293,7652,2282,1685,
15804,8625,7171,2344,1751,
14785,8171,6847,2373,1796,
13948,7859,6603,2410,1844,
13643,7664,6447,2413,1873,
13497,7557,6341,2427,1901,
13426,7493,6286,2433,1914,
13398,7448,6244,2442,1915,
13366,7414,6209,2443,1931,
13344,7382,6189,2435,1954,
13359,7397,6182,2440,1949,
13383,7402,6185,2450,1961,
13390,7394,6191,2438,1955,
13399,7403,6175,2450,1947,
13386,7384,6173,2446,1947,
13348,7354,6147,2444,1951,
13289,7309,6124,2438,1947,
13200,7239,6081,2437,1949,
13119,7173,6026,2445,1956,
13010,7090,5986,2439,1946,
12918,7021,5925,2448,1950,
12845,6967,5877,2452,1956,
12784,6912,5850,2454,1952,
12734,6881,5824,2448,1965,
12708,6865,5816,2443,1953,
12706,6853,5810,2454,1955,
12713,6856,5804,2443,1952,
12708,6860,5804,2446,1951,
12743,6861,5807,2436,1954,
13034,6878,5816,2421,1955,
13327,6909,5828,2417,1942,
13545,6959,5847,2417,1939,
13723,7031,5903,2408,1926,
13913,7111,5962,2400,1920,
14158,7231,6027,2376,1901,
14688,7341,6099,2362,1885,
15194,7545,6226,2348,1864,
15678,7870,6435,2324,1844,
16360,8292,6690,2296,1811,
17246,8867,7030,2257,1774,
18505,9643,7444,2189,1721,
20523,10748,7991,2090,1645,
23516,12207,8592,1931,1524,
29010,14423,9236,1655,1344,
32766,16993,9387,1272,1106,
32766,18311,8742,958,894,
32766,18584,7721,749,735,
32766,17813,6267,545,591,
32766,15170,4384,369,443,
32766,10274,2466,230,305,
32766,5072,1161,121,171,
32766,3914,904,95,121,
32766,3358,745,71,96,
32766,3132,651,70,76,
32766,3153,594,60,58,
32766,4037,650,62,57,
32766,5031,753,59,58,
32766,5856,933,59,56,
32766,6620,1126,58,63,
32766,7646,1275,70,54,
32766,8549,1422,58,63,
32766,8906,1571,61,45,
32766,9052,1681,56,65,
32766,9781,1774,67,59,
32766,10166,1768,73,57,
32766,10347,1814,68,69,
32766,10630,1954,73,73,
32766,10401,2029,76,67,
32766,10086,2049,77,81,
32766,9441,1909,76,72,
32766,8310,1709,72,79,
32766,7370,1508,78,80,
32766,6725,1348,68,75,
32766,6304,1285,76,83,
32766,5813,1206,79,86,
32766,5384,1195,77,76,
32766,4941,1179,88,84,
32766,4572,1167,73,76,
32766,4241,1161,68,78,
32766,3987,1166,70,81,
32766,3808,1147,78,75,
32766,3697,1134,63,76,
32766,3591,1122,82,66,
32766,3526,1113,68,72,
32766,3469,1086,72,77,
32766,3430,1081,72,66,
32766,3389,1063,61,67,
32766,3352,1060,70,72,
32766,3352,1058,80,72,
32766,3338,1057,71,76,
32766,3334,1057,76,74,
32766,3350,1062,73,71,
32766,3370,1062,68,76,
32766,3385,1065,76,79,
32766,3422,1075,72,70,
32766,3549,1091,66,72,
32766,3868,1121,67,75,
32766,4634,1235,70,82,
32766,5958,1511,82,80,
32766,8062,1941,87,94,
32766,11240,2694,91,103,
32766,14104,3648,96,97,
32766,15500,4526,106,110,
32766,15822,4952,110,92,
32766,16102,5256,95,97,
32766,16367,5691,109,93,
32766,16370,6115,103,103,
32766,16353,6365,117,106,
32766,16329,6459,124,111,
32766,16265,6500,119,107,
32766,16294,6473,114,104,
32766,16357,6407,118,92,
32766,16357,6373,110,101,
32766,16320,6401,110,100,
32766,16257,6443,115,101,
32766,16212,6475,116,104,
32766,16173,6479,111,92,
32766,16169,6469,122,97,
32766,16222,6439,109,91,
32766,16265,6414,114,102,
32766,16309,6405,110,96,
32766,16343,6372,111,94,
32766,16359,6346,115,96,
32766,16363,6345,104,97,
32766,16345,6351,113,94,
32766,16330,6361,110,96,
32766,16311,6351,110,84,
32766,16261,6373,113,89,
32766,16217,6399,125,101,
32766,16168,6425,111,105,
32766,16136,6441,111,92,
32766,16092,6443,119,91,
32766,16057,6453,111,91,
32766,16003,6462,106,97,
32717,15955,6482,110,94,
32631,15883,6520,114,91,
32418,15804,6544,113,91,
31875,15709,6607,109,91,
31420,15616,6661,102,91,
31167,15569,6696,111,88,
31071,15536,6706,113,91,
30951,15515,6714,114,95,
30819,15485,6718,116,95,
30719,15459,6731,116,102,
30603,15432,6738,112,91,
30489,15401,6742,120,97,
30386,15370,6758,121,96,
30356,15370,6761,114,92,
30335,15374,6758,121,101,
30335,15358,6753,121,96,
30284,15344,6758,114,101,
30255,15345,6763,115,95,
30294,15352,6750,113,95,
30366,15365,6733,112,94,
30418,15375,6717,117,85,
30479,15379,6708,115,95,
30550,15408,6703,112,86,
30688,15428,6666,117,96,
30796,15459,6655,108,90,
30907,15476,6637,108,96,
31076,15501,6612,112,96,
31256,15544,6586,112,96,
31477,15588,6554,113,83,
31730,15633,6523,108,88,
31936,15664,6489,110,96,
32029,15685,6476,116,92,
32137,15701,6452,105,93,
32223,15703,6425,106,90,
32305,15711,6421,111,101,
32374,15735,6414,106,92,
32453,15761,6391,108,76,
32536,15774,6387,110,87,
32576,15781,6397,100,89,
32607,15796,6376,100,91,
32618,15804,6373,100,98,
32641,15813,6356,104,81,
32671,15837,6335,112,88,
32706,15860,6330,103,90,
32759,15883,6293,108,83,
32766,15921,6270,107,88,
32766,15953,6236,104,86,
32766,15993,6200,94,92,
32766,16032,6155,98,90,
32766,16085,6099,104,83,
32766,16133,6026,104,87,
32766,16173,5970,101,97,
32766,16210,5924,95,77,
32766,16228,5855,99,82,
32766,16256,5782,104,90,
32766,16288,5702,96,91,
32766,16321,5614,106,85,
32766,16346,5541,105,91,
32766,16379,5444,95,94,
32766,16361,5352,99,84,
32766,16379,5252,104,83,
32766,16361,5182,106,99,
32766,16312,5101,106,90,
32766,16294,5026,103,89,
32766,16245,4968,100,97,
32766,16193,4887,98,91,
32766,16146,4821,106,89,
32766,16100,4767,105,104,
32766,16077,4722,97,104,
32766,16044,4682,91,90,
32766,16017,4642,107,96,
32766,16008,4606,103,103,
32766,15984,4602,101,99,
32766,15965,4581,106,93,
32766,15951,4566,107,100,
32766,15938,4575,101,103,
32766,15911,4566,107,100,
32766,15896,4565,104,104,
32766,15855,4543,102,103,
32766,15828,4549,104,103,
32766,15799,4534,98,98,
32766,15781,4529,108,102,
32766,15765,4509,93,98,
32766,15741,4496,111,98,
32766,15735,4489,97,110,
32766,15719,4496,106,92,
32766,15701,4483,103,104,
32766,15687,4478,103,106,
32766,15690,4476,108,104,
32766,15684,4471,99,103,
32766,15678,4465,112,102,
32766,15661,4467,111,103,
32766,15663,4463,109,103,
32766,15641,4450,110,107,
32766,15633,4449,118,98,
32766,15620,4452,106,110,
32766,15615,4457,102,95,
32766,15622,4445,101,107,
32766,15619,4463,108,105,
32766,15611,4463,107,104,
32766,15603,4470,113,107,
32766,15612,4468,108,95,
32766,15612,4491,108,99,
32766,15631,4496,111,97,
32766,15630,4497,111,111,
32766,15619,4503,112,105,
32766,15617,4509,105,103,
32766,15624,4505,120,103,
32766,15617,4519,102,103,
32766,15622,4511,108,106,
32766,15622,4520,104,108,
32766,15622,4524,111,104,
32766,15605,4523,103,99,
32766,15612,4527,116,105,
32766,15604,4529,110,103,
32766,15593,4527,109,108,
32766,15608,4545,117,98,
32766,15604,4550,115,109,
32766,15606,4536,106,117,
32766,15596,4543,108,104,
32766,15596,4538,114,106,
32766,15594,4531,108,105,
32766,15590,4531,117,105,
32766,15575,4528,118,106,
32766,15559,4531,107,112,
32766,15554,4514,103,105,
32766,15551,4511,108,103,
32766,15546,4524,106,105,
32766,15552,4513,100,111,
32766,15546,4511,103,103,
32766,15529,4517,103,109,
32766,15535,4511,103,95,
32766,15527,4508,108,111,
32766,15527,4515,98,99,
32766,15525,4515,112,103,
32766,15532,4523,107,99,
32766,15545,4513,100,117,
32766,15544,4516,103,109,
32766,15542,4527,106,100,
32766,15539,4513,103,104,
32766,15525,4511,110,103,
32766,15533,4519,104,100,
32766,15533,4513,110,108,
32766,15536,4517,107,110,
32766,15533,4510,104,114,
32766,15540,4504,112,95,
32766,15536,4519,106,100,
32766,15528,4519,104,100,
32766,15541,4509,118,101,
32766,15533,4516,110,107,
32766,15539,4515,102,106,
32766,15533,4521,107,100,
32766,15544,4519,108,103,
32766,15534,4526,104,109,
32766,15529,4525,104,104,
32766,15520,4507,104,98,
32766,15528,4502,109,101,
32766,15529,4516,104,102,
32766,15521,4520,105,106,
32766,15513,4516,99,103,
32766,15511,4511,109,100,
32766,15514,4513,110,107,
32766,15508,4510,101,113,
32766,15496,4494,100,106,
32766,15504,4505,108,99,
32766,15499,4507,115,98,
32766,15501,4495,103,108,
32766,15491,4493,110,104,
32766,15490,4503,107,109,
32766,15491,4496,111,101,
32766,15491,4502,107,106,
32766,15489,4489,109,106,
32766,15485,4499,107,105,
32766,15481,4497,93,105,
32766,15473,4489,104,106,
32766,15474,4492,102,95,
32766,15480,4484,105,96,
32766,15481,4496,110,97,
32766,15480,4500,98,108,
32766,15486,4496,117,102,
32766,15487,4495,111,109,
32766,15485,4500,100,100,
32766,15479,4502,94,107,
32766,15495,4503,104,108,
32766,15494,4505,108,97,
32766,15484,4499,105,104,
32766,15480,4500,91,113,
32766,15479,4505,112,102,
32766,15479,4491,104,103,
32766,15471,4492,105,102,
32766,15473,4493,100,104,
32766,15468,4479,112,102,
32766,15458,4493,98,96,
32766,15459,4486,102,93,
32766,15442,4476,95,97,
32766,15445,4469,98,107,
32766,15438,4481,101,102,
32766,15437,4475,108,99,
32766,15438,4477,104,95,
32766,15434,4475,112,101,
32766,15427,4470,101,106,
32766,15427,4471,114,101,
32766,15429,4469,107,93,
32766,15422,4472,102,105,
32766,15423,4479,116,96,
32766,15416,4465,100,96,
32766,15423,4470,100,103,
32766,15416,4467,101,94,
32766,15420,4469,99,98,
32766,15411,4470,100,94,
32766,15405,4458,113,105,
32766,15408,4454,105,110,
32766,15399,4451,106,103,
32766,15402,4455,105,94,
32766,15400,4451,103,103,
32766,15402,4449,96,101,
32766,15398,4451,99,100,
32766,15405,4456,101,96,
32766,15406,4462,99,101,
32766,15404,4466,102,105,
32766,15399,4461,112,96,
32766,15418,4454,103,95,
32766,15418,4466,103,103,
32766,15419,4462,102,99,
32766,15428,4474,111,94,
32766,15423,4467,102,99,
32766,15431,4465,103,101,
32766,15430,4466,99,100,
32766,15431,4475,100,98,
32766,15449,4474,108,100,
32766,15456,4466,97,100,
32766,15443,4474,103,94,
32766,15453,4481,100,98,
32766,15459,4481,105,102,
32766,15451,4489,98,98,
32766,15463,4485,98,100,
32766,15445,4478,102,95,
32766,15451,4488,100,104,
32766,15454,4481,105,98,
32766,15448,4484,97,106,
32766,15447,4484,102,107,
32766,15448,4485,99,96,
32766,15442,4476,113,102,
32766,15446,4472,95,96,
32766,15456,4477,112,102,
32766,15449,4470,100,98,
32766,15450,4473,114,109,
32766,15442,4468,111,106,
32766,15437,4463,103,92,
32766,15438,4463,108,102,
32766,15441,4462,107,104,
32766,15453,4460,100,99,
32766,15457,4463,111,97,
32766,15446,4461,95,101,
32766,15453,4465,107,99,
32766,15453,4469,108,111,
32766,15452,4463,102,104,
32766,15452,4466,99,99,
32766,15455,4464,107,105,
32766,15462,4471,105,99,
32766,15457,4475,116,112,
32766,15465,4474,108,101,
32766,15457,4469,116,99,
32766,15468,4463,115,107,
32766,15464,4470,108,110,
32766,15465,4468,103,103,
32766,15459,4459,108,111,
32766,15453,4473,95,111,
32766,15459,4463,111,100,
32766,15459,4467,103,108,
32766,15459,4463,103,106,
32766,15451,4462,105,116,
32766,15470,4467,105,101,
32766,15456,4468,107,101,
32766,15466,4464,106,115,
32766,15452,4462,109,102,
32766,15468,4461,106,105,
32766,15466,4457,98,112,
32766,15459,4458,112,109,
32766,15458,4462,96,110,
32766,15463,4468,105,106,
32766,15467,4462,110,101,
32766,15463,4475,108,98,
32766,15452,4466,107,99,
32766,15460,4469,100,107,
32766,15465,4466,98,106,
32766,15463,4473,107,113,
32766,15466,4468,111,105,
32766,15462,4458,115,104,
32766,15462,4466,114,110,
32766,15459,4466,106,107,
32766,15466,4463,110,109,
32766,15473,4464,114,111,
32766,15467,4463,109,114,
32766,15463,4466,106,106,
32766,15463,4454,106,109,
32766,15467,4465,116,111,
32766,15461,4460,104,99,
32766,15452,4449,108,109,
32766,15463,4461,105,107,
32766,15461,4466,109,104,
32766,15460,4464,118,101,
32766,15461,4462,110,107,
32766,15464,4471,108,98,
32766,15469,4462,108,109,
32766,15464,4462,102,102,
32766,15465,4470,103,109,
32766,15473,4476,104,103,
32766,15476,4474,108,107,
32766,15477,4477,116,112,
32766,15480,4468,117,108,
32766,15473,4479,105,116,
32766,15472,4481,110,110,
32766,15472,4465,112,109,
32766,15469,4471,99,114,
32766,15468,4468,105,103,
32766,15468,4470,108,101,
32766,15470,4482,105,100,
32766,15468,4479,115,102,
32766,15477,4480,109,104,
32766,15478,4480,107,110,
32766,15474,4469,112,96,
32766,15472,4478,101,120,
32766,15475,4479,121,109,
32766,15484,4477,118,114,
32766,15480,4471,111,107,
32766,15475,4473,108,109,
32766,15472,4477,116,119,
32766,15474,4479,102,105,
32766,15468,4473,114,112,
32766,15469,4482,106,101,
32766,15482,4477,110,102,
32766,15477,4487,114,102,
32766,15484,4494,110,103,
32766,15478,4481,114,104,
32766,15477,4479,104,109,
32766,15473,4488,110,105,
32766,15466,4475,110,122,
32766,15479,4467,113,110,
32766,15470,4479,104,115,
32766,15460,4479,112,109,
32766,15455,4464,111,108,
32766,15456,4468,113,107,
32766,15452,4459,109,109,
32766,15439,4461,116,109,
32766,15434,4462,102,104,
32766,15413,4467,113,98,
32766,15413,4447,103,120,
32766,15412,4458,110,106,
32766,15407,4456,108,105,
32766,15396,4449,106,106,
32766,15401,4451,104,107,
32766,15393,4446,109,105,
32766,15390,4439,112,96,
32766,15367,4439,105,109,
32766,15371,4433,107,103,
32766,15356,4433,105,100,
32766,15358,4429,108,114,
32766,15348,4426,102,101,
32766,15347,4433,112,104,
32766,15345,4429,96,103,
32766,15340,4420,114,104,
32766,15333,4435,104,108,
32766,15347,4424,107,106,
32766,15346,4427,119,96,
32766,15337,4415,106,93,
32766,15346,4429,109,108,
32766,15340,4428,114,96,
32766,15340,4431,111,104,
32766,15336,4426,97,104,
32766,15332,4434,106,108,
32766,15325,4443,103,102,
32766,15336,4432,111,102,
32766,15324,4433,100,94,
32766,15324,4435,104,103,
32766,15318,4436,99,102,
32766,15318,4435,111,95,
32766,15320,4436,102,105,
32766,15327,4439,98,104,
32766,15333,4447,105,105,
32766,15328,4448,107,95,
32766,15331,4446,113,102,
32766,15325,4451,108,91,
32766,15319,4458,104,99,
32766,15325,4455,112,105,
32766,15329,4444,98,101,
32766,15330,4454,103,98,
32766,15328,4456,103,101,
32766,15326,4452,105,98,
32766,15325,4449,105,105,
32766,15323,4459,119,92,
32766,15335,4466,106,86,
32766,15320,4463,93,92,
32766,15332,4460,109,101,
32766,15316,4469,107,105,
32766,15336,4472,103,101,
32766,15325,4475,104,101,
32766,15321,4476,109,100,
32766,15324,4472,110,98,
32766,15326,4471,97,98,
32766,15323,4468,101,105,
32766,15326,4480,106,98,
32766,15330,4479,108,106,
32766,15318,4482,102,89,
32766,15322,4485,102,105,
32766,15325,4487,101,94,
32766,15333,4486,93,97,
32766,15340,4492,108,95,
32766,15339,4502,93,93,
32766,15351,4510,105,102,
32766,15359,4499,102,95,
32766,15370,4516,107,98,
32766,15366,4517,98,106,
32766,15367,4523,112,93,
32766,15377,4523,102,100,
32766,15374,4547,103,100,
32766,15378,4527,105,106,
32766,15385,4544,108,111,
32766,15391,4536,96,107,
32766,15397,4549,110,109,
32766,15402,4546,98,103,
32766,15397,4551,106,99,
32766,15401,4549,106,114,
32766,15396,4538,104,102,
32766,15390,4548,102,110,
32766,15398,4551,109,99,
32766,15399,4551,106,97,
32766,15388,4539,106,101,
32766,15391,4543,111,100,
32766,15381,4540,96,100,
32766,15379,4532,105,102,
32766,15388,4533,106,101,
32766,15380,4547,99,95,
32766,15376,4536,106,97,
32766,15380,4537,106,97,
32766,15380,4551,104,102,
32766,15374,4552,106,101,
32766,15374,4548,104,112,
32766,15389,4551,96,101,
32766,15386,4559,102,113,
32766,15401,4568,105,98,
32766,15409,4574,110,105,
32766,15411,4562,107,102,
32766,15403,4563,109,103,
32766,15397,4572,112,95,
32766,15413,4565,109,93,
32766,15412,4561,110,101,
32766,15416,4575,116,108,
32766,15415,4560,110,104,
32766,15414,4570,103,106,
32766,15414,4562,110,116,
32766,15408,4562,103,95,
32766,15422,4558,107,105,
32766,15414,4565,107,105,
32766,15407,4560,106,93,
32766,15407,4559,107,100,
32766,15423,4568,108,99,
32766,15410,4563,103,105,
32766,15406,4566,107,105,
32766,15411,4558,105,106,
32766,15399,4553,106,102,
32766,15408,4552,102,97,
32766,15407,4563,108,95,
32766,15402,4558,104,110,
32766,15399,4573,111,101,
32766,15408,4567,108,96,
32766,15406,4552,98,105,
32766,15411,4558,110,104,
32766,15406,4555,100,105,
32766,15409,4558,119,106,
32766,15412,4555,108,110,
32766,15405,4546,102,99,
32766,15418,4556,102,97,
32766,15398,4551,110,99,
32766,15405,4548,119,94,
32766,15405,4558,112,100,
32766,15404,4545,110,101,
32766,15410,4549,108,102,
32766,15403,4540,106,108,
32766,15405,4541,98,108,
32766,15413,4539,110,111,
32766,15410,4536,108,105,
32766,15420,4548,105,103,
32766,15413,4543,106,104,
32766,15419,4547,109,100,
32766,15409,4534,103,102,
32766,15406,4544,99,102,
32766,15411,4544,110,104,
32766,15401,4536,97,89,
32766,15396,4541,100,99,
32766,15396,4537,116,111,
32766,15404,4533,106,102,
32766,15391,4547,104,103,
32766,15399,4541,109,110,
32766,15397,4548,108,103,
32766,15400,4535,104,106,
32766,15391,4533,110,96,
32766,15395,4533,103,106,
32766,15397,4552,109,103,
32766,15385,4540,103,105,
32766,15392,4548,106,102,
32766,15393,4542,111,109,
32766,15397,4541,112,104,
32766,15399,4544,105,97,
32766,15392,4548,101,102,
32766,15396,4552,103,95,
32766,15397,4549,113,116,
32766,15385,4529,105,99,
32766,15389,4544,106,95,
32766,15389,4542,106,112,
32766,15393,4539,104,112,
32766,15391,4538,105,100,
32766,15386,4531,96,102,
32766,15394,4538,99,101,
32766,15390,4540,104,102,
32766,15392,4529,108,97,
32766,15401,4535,107,109,
32766,15392,4540,101,101,
32766,15399,4536,106,103,
32766,15392,4529,113,96,
32766,15407,4532,96,97,
32766,15400,4534,107,103,
32766,15402,4528,102,107,
32766,15401,4521,106,104,
32766,15396,4525,101,109,
32766,15401,4532,97,105,
32766,15394,4528,106,91,
32766,15400,4528,110,101,
32766,15395,4523,103,98,
32766,15402,4520,109,109,
32766,15405,4526,108,101,
32766,15395,4525,98,114,
32766,15401,4523,102,105,
32766,15398,4513,96,98,
32766,15400,4518,110,107,
32766,15394,4521,100,99,
32766,15393,4516,102,100,
32766,15390,4511,102,97,
32766,15395,4518,114,96,
32766,15392,4521,109,103,
32766,15403,4517,107,99,
32766,15392,4520,112,109,
32766,15400,4505,98,106,
32766,15386,4508,104,99,
32766,15398,4521,107,106,
32766,15398,4515,109,94,
32766,15397,4512,99,96,
32766,15389,4509,107,105,
32766,15395,4513,114,106,
32766,15383,4511,117,101,
32766,15383,4510,109,96,
32766,15389,4512,102,99,
32766,15397,4522,104,102,
32766,15393,4509,101,95,
32766,15397,4513,103,108,
32766,15403,4519,105,113,
32766,15398,4512,107,101,
32766,15386,4503,109,107,
32766,15387,4512,109,99,
32766,15394,4504,110,105,
32766,15376,4508,105,102,
32766,15380,4518,112,98,
32766,15385,4506,113,106,
32766,15397,4509,102,101,
32766,15388,4513,95,99,
32766,15390,4513,107,101,
32766,15387,4513,107,100,
32766,15389,4518,111,100,
32766,15392,4521,107,112,
32766,15400,4524,100,105,
32766,15389,4513,104,106,
32766,15393,4518,107,94,
32766,15378,4507,101,96,
32766,15376,4503,103,99,
32766,15384,4513,106,91,
32766,15391,4511,109,99,
32766,15385,4513,108,99,
32766,15379,4520,99,108,
32766,15386,4508,108,97,
32766,15384,4508,106,114,
32766,15386,4519,100,102,
32766,15376,4506,101,104,
32766,15374,4520,110,99,
32766,15380,4502,99,95,
32766,15384,4511,112,101,
32766,15389,4508,108,97,
32766,15388,4503,105,98,
32766,15375,4515,102,89,
32766,15386,4511,101,104,
32766,15388,4524,101,106,
32766,15382,4508,110,106,
32766,15387,4512,110,103,
32766,15378,4512,112,99,
32766,15381,4501,106,94,
32766,15385,4507,94,101,
32766,15386,4497,110,102,
32766,15381,4514,105,95,
32766,15386,4507,110,105,
32766,15379,4501,103,101,
32766,15373,4497,104,101,
32766,15372,4509,114,105,
32766,15372,4503,106,103,
32766,15378,4511,114,102,
32766,15393,4503,100,107,
32766,15383,4508,111,101,
32766,15383,4512,105,107,
32766,15392,4505,107,96,
32766,15400,4504,107,108,
32766,15379,4510,104,100,
32766,15384,4506,111,101,
32766,15378,4508,109,98,
32766,15383,4510,105,98,
32766,15378,4504,101,103,
32766,15387,4500,104,100,
32766,15376,4499,102,101,
32766,15384,4508,109,92,
32766,15385,4510,104,100,
32766,15382,4509,105,101,
32766,15388,4508,112,108,
32766,15393,4503,103,102,
32766,15392,4501,105,105,
32766,15398,4507,114,87,
32766,15391,4509,110,107,
32766,15378,4499,102,112,
32766,15390,4499,114,113,
32766,15382,4488,110,98,
32766,15373,4502,104,100,
32766,15374,4497,103,102,
32766,15382,4494,101,102,
32766,15380,4501,100,102,
32766,15374,4486,102,104,
32766,15370,4496,108,101,
32766,15378,4498,103,94,
32766,15383,4486,109,100,
32766,15376,4502,117,95,
32766,15380,4493,96,97,
32766,15379,4499,106,97,
32766,15377,4505,109,104,
32766,15372,4499,96,103,
32766,15379,4491,110,107,
32766,15372,4502,99,99,
32766,15366,4494,104,102,
32766,15368,4493,114,100,
32766,15366,4496,100,109,
32766,15363,4492,104,92,
32766,15361,4495,111,100,
32766,15362,4492,108,107,
32766,15357,4485,100,108,
32766,15379,4492,98,98,
32766,15361,4498,105,90,
32766,15356,4490,108,93,
32766,15358,4500,98,98,
32766,15360,4496,107,103,
32766,15361,4484,94,103,
32766,15360,4489,101,101,
32766,15349,4494,116,99,
32766,15360,4494,108,100,
32766,15357,4496,112,101,
32766,15367,4486,100,100,
32766,15362,4483,103,99,
32766,15355,4501,114,98,
32766,15360,4490,108,103,
32766,15356,4493,98,103,
32766,15360,4487,103,103,
32766,15351,4486,107,110,
32766,15355,4494,100,95,
32766,15355,4493,106,107,
32766,15354,4490,101,107,
32766,15353,4491,105,101,
32766,15351,4489,104,101,
32766,15350,4490,111,98,
32766,15354,4486,111,98,
32766,15356,4485,110,106,
32766,15350,4487,102,105,
32766,15350,4497,109,109,
32766,15367,4489,103,99,
32766,15361,4489,104,103,
32766,15367,4494,102,95,
32766,15357,4483,100,95,
32766,15361,4485,104,93,
32766,15363,4491,101,102,
32766,15356,4486,92,108,
32766,15356,4491,106,103,
32766,15355,4483,103,99,
32766,15360,4483,98,93,
32766,15356,4487,100,107,
32766,15351,4490,103,100,
32766,15355,4486,108,100,
32766,15358,4496,109,96,
32766,15365,4491,101,105,
32766,15363,4492,98,96,
32766,15358,4487,95,100,
32766,15350,4496,99,108,
32766,15351,4486,106,100,
32766,15342,4494,97,103,
32766,15347,4492,107,104,
32766,15334,4491,107,96,
32766,15332,4492,112,104,
32766,15322,4492,108,110,
32766,15326,4488,105,99,
32766,15329,4487,109,106,
32766,15326,4476,99,108,
32766,15326,4492,99,99,
32766,15329,4484,108,105,
32766,15330,4480,106,95,
32766,15340,4485,110,104,
32766,15330,4497,110,93,
32766,15334,4502,103,97,
32766,15333,4501,109,91,
32766,15329,4492,108,92,
32766,15336,4494,101,94,
32766,15336,4502,94,99,
32766,15328,4488,100,100,
32766,15332,4492,105,98,
32766,15329,4485,101,99,
32766,15335,4478,109,97,
32766,15331,4484,99,104,
32766,15338,4492,97,106,
32766,15340,4493,102,99,
32766,15335,4484,97,107,
32766,15332,4490,109,100,
32766,15331,4490,112,106,
32766,15348,4500,96,108,
32766,15339,4491,100,101,
32766,15338,4479,104,96,
32766,15328,4489,107,105,
32766,15338,4490,108,105,
32766,15331,4494,105,103,
32766,15328,4494,108,96,
32766,15331,4487,108,100,
32766,15332,4487,94,104,
32766,15329,4495,96,106,
32766,15324,4485,110,97,
32766,15327,4493,99,103,
32766,15330,4479,109,98,
32766,15327,4487,112,97,
32766,15335,4485,100,105,
32766,15320,4496,101,104,
32766,15331,4491,105,105,
32766,15337,4490,101,94,
32766,15331,4484,93,98,
32766,15333,4492,107,104,
32766,15322,4482,106,113,
32766,15312,4493,95,100,
32766,15320,4481,105,102,
32766,15319,4482,106,104,
32766,15322,4484,102,100,
32766,15327,4492,109,105,
32766,15323,4486,110,94,
32766,15318,4477,102,98,
32766,15326,4483,107,100,
32766,15325,4480,103,98,
32766,15318,4495,114,106,
32766,15314,4477,102,101,
32766,15317,4487,109,98,
32766,15323,4488,91,100,
32766,15307,4482,97,102,
32766,15320,4489,115,94,
32766,15313,4479,101,107,
32766,15313,4486,97,102,
32766,15314,4484,104,100,
32766,15314,4478,100,97,
32766,15306,4477,106,96,
32766,15312,4479,108,102,
32766,15318,4481,105,96,
32766,15317,4493,106,90,
32766,15315,4482,109,103,
32766,15312,4472,105,108,
32766,15311,4485,108,102,
32766,15311,4473,90,101,
32766,15304,4473,106,101,
32766,15306,4473,105,99,
32766,15302,4469,107,97,
32766,15310,4471,105,94,
32766,15304,4476,99,101,
32766,15308,4480,103,103,
32766,15306,4467,109,100,
32766,15299,4476,104,101,
32766,15306,4476,103,101,
32766,15298,4477,101,89,
32766,15289,4472,99,102,
32766,15303,4479,102,103,
32766,15304,4477,109,97,
32766,15308,4484,104,101,
32766,15302,4492,107,100,
32766,15298,4477,100,92,
32766,15295,4477,101,98,
32766,15297,4481,110,103,
32766,15296,4487,111,98,
32766,15301,4481,105,96,
32766,15300,4477,109,102,
32766,15291,4475,103,104,
32766,15292,4472,96,110,
32766,15309,4477,104,104,
32766,15298,4482,108,99,
32766,15291,4477,117,97,
32766,15305,4473,101,101,
32766,15298,4481,102,97,
32766,15299,4481,104,90,
32766,15303,4475,98,104,
32766,15303,4480,104,90,
32766,15305,4481,107,97,
32766,15297,4484,102,93,
32766,15301,4469,110,100,
32766,15292,4483,111,94,
32766,15294,4479,94,92,
32766,15297,4465,95,104,
32766,15308,4479,102,92,
32766,15304,4474,102,95,
32766,15305,4479,91,93,
32766,15295,4482,102,100,
32766,15307,4482,108,98,
32766,15305,4474,105,99,
32766,15307,4487,94,98,
32766,15302,4475,105,99,
32766,15300,4469,99,99,
32766,15306,4477,101,97,
32766,15304,4474,111,105,
32766,15304,4482,102,101,
32766,15295,4476,94,100,
32766,15309,4478,107,92,
32766,15308,4478,104,99,
32766,15302,4478,115,102,
32766,15303,4481,98,91,
32766,15309,4483,97,94,
32766,15310,4482,103,109,
32766,15310,4473,101,104,
32766,15318,4477,104,98,
32766,15310,4487,107,92,
32766,15318,4486,103,97,
32766,15307,4475,109,97,
32766,15307,4478,105,96,
32766,15313,4479,106,94,
32766,15316,4479,106,108,
32766,15315,4477,110,102,
32766,15310,4487,100,103,
32766,15313,4486,92,107,
32766,15310,4473,105,101,
32766,15312,4481,104,102,
32766,15314,4475,103,98,
32766,15309,4492,95,101,
32766,15315,4477,108,98,
32766,15306,4478,111,95,
32766,15315,4482,103,99,
32766,15311,4483,104,98,
32766,15308,4484,97,95,
32766,15302,4483,100,109,
32766,15323,4484,107,100,
32766,15304,4473,101,95,
32766,15313,4481,108,99,
32766,15309,4479,98,102,
32766,15314,4492,101,99,
32766,15317,4476,99,100,
32766,15309,4474,100,93,
32766,15313,4473,108,105,
32766,15308,4474,93,93,
32766,15304,4472,100,99,
32766,15309,4474,102,102,
32766,15304,4467,101,103,
32766,15313,4479,105,98,
32766,15314,4492,110,95,
32766,15316,4485,87,104,
32766,15307,4486,102,98,
32766,15320,4487,95,94,
32766,15330,4482,117,111,
32766,15327,4480,102,98,
32766,15313,4486,106,98,
32766,15315,4482,111,103,
32766,15321,4483,91,101,
32766,15322,4485,107,102,
32766,15300,4486,92,98,
32766,15312,4472,104,102,
32766,15306,4488,103,99,
32766,15303,4477,91,98,
32766,15310,4485,93,94,
32766,15314,4476,97,101,
32766,15313,4493,107,101,
32766,15311,4473,105,109,
32766,15313,4481,107,89,
32766,15303,4484,106,92,
32766,15313,4479,97,96,
32766,15310,4488,105,110,
32766,15313,4481,113,98,
32766,15312,4483,99,97,
32766,15316,4476,101,93,
32766,15315,4469,103,91,
32766,15309,4481,104,96,
32766,15307,4479,108,96,
32766,15298,4479,89,99,
32766,15308,4476,105,95,
32766,15302,4474,96,96,
32766,15302,4476,108,107,
32766,15299,4475,105,94,
32766,15301,4478,97,101,
32766,15308,4472,105,99,
32766,15298,4471,99,105,
32766,15305,4476,99,95,
32766,15296,4464,105,95,
32766,15296,4480,109,102,
32766,15295,4468,105,99,
32766,15295,4479,101,101,
32766,15304,4474,105,106,
32766,15300,4470,111,99,
32766,15306,4470,108,99,
32766,15298,4472,103,105,
32766,15300,4473,110,95,
32766,15290,4462,95,99,
32766,15287,4462,98,100,
32766,15290,4473,109,98,
32766,15282,4457,101,90,
32766,15289,4467,103,91,
32766,15279,4472,108,95,
32766,15283,4469,103,96,
32766,15289,4472,100,103,
32766,15284,4463,97,89,
32766,15286,4461,106,100,
32766,15297,4483,104,92,
32766,15292,4457,96,98,
32766,15292,4483,107,100,
32766,15299,4470,97,100,
32766,15293,4467,91,99,
32766,15291,4468,108,102,
32766,15278,4456,109,98,
32766,15285,4467,108,105,
32766,15286,4472,106,101,
32766,15269,4462,101,92,
32766,15275,4463,99,98,
32766,15287,4460,104,101,
32766,15263,4465,100,100,
32766,15273,4470,93,99,
32766,15275,4451,103,100,
32766,15281,4466,97,101,
32766,15274,4459,104,99,
32766,15279,4465,99,89,
32766,15279,4468,99,95,
32766,15283,4466,103,105,
32766,15275,4461,109,96,
32766,15295,4471,102,100,
32766,15269,4473,97,95,
32766,15282,4463,98,107,
32766,15278,4472,99,93,
32766,15270,4468,100,97,
32766,15270,4475,100,92,
32766,15274,4464,112,102,
32766,15261,4469,99,98,
32766,15276,4457,101,92,
32766,15270,4463,108,101,
32766,15270,4460,95,107,
32766,15273,4463,97,99,
32766,15280,4470,101,108,
32766,15280,4470,96,102,
32766,15283,4478,105,98,
32766,15277,4472,108,102,
32766,15279,4475,109,103,
32766,15275,4466,105,98,
32766,15279,4464,102,99,
32766,15271,4455,100,91,
32766,15271,4462,106,109,
32766,15264,4460,111,96,
32766,15264,4464,100,112,
32766,15275,4460,104,93,
32766,15270,4460,102,93,
32766,15274,4470,94,95,
32766,15270,4468,107,100,
32766,15280,4466,109,91,
32766,15277,4471,112,100,
32766,15276,4465,103,97,
32766,15278,4470,99,98,
32766,15280,4466,97,97,
32766,15276,4469,106,103,
32766,15264,4460,105,94,
32766,15274,4477,105,87,
32766,15281,4464,98,99,
32766,15264,4462,101,111,
32766,15280,4464,108,105,
32766,15281,4469,109,98,
32766,15276,4468,101,98,
32766,15275,4460,102,98,
32766,15272,4466,100,98,
32766,15274,4463,102,102,
32766,15282,4465,100,97,
32766,15277,4461,110,105,
32766,15270,4464,101,98,
32766,15275,4476,109,104,
32766,15278,4471,110,97,
32766,15284,4468,103,98,
32766,15279,4463,103,93,
32766,15278,4465,103,97,
32766,15274,4458,98,103,
32766,15274,4463,100,98,
32766,15275,4475,103,104,
32766,15270,4467,98,98,
32766,15282,4465,109,94,
32766,15272,4470,110,87,
32766,15281,4482,97,98,
32766,15280,4461,98,98,
32766,15286,4458,111,103,
32766,15283,4472,106,99,
32766,15284,4466,111,83,
32766,15270,4461,100,90,
32766,15282,4470,105,92,
32766,15274,4464,110,93,
32766,15284,4459,100,107,
32766,15272,4465,104,93,
32766,15262,4455,101,106,
32766,15273,4469,109,105,
32766,15272,4461,112,105,
32766,15275,4470,98,101,
32766,15283,4467,101,102,
32766,15277,4466,105,96,
32766,15274,4459,104,97,
32766,15272,4474,105,91,
32766,15273,4461,104,99,
32766,15272,4471,113,97,
32766,15276,4470,96,91,
32766,15275,4467,110,112,
32766,15269,4463,100,93,
32766,15281,4465,101,99,
32766,15268,4467,102,97,
32766,15273,4472,112,101,
32766,15276,4468,93,100,
32766,15267,4458,111,93,
32766,15283,4456,96,95,
32766,15268,4462,99,89,
32766,15276,4468,105,103,
32766,15275,4473,110,98,
32766,15276,4470,98,101,
32766,15275,4458,96,93,
32766,15275,4468,106,92,
32766,15274,4456,102,96,
32766,15276,4463,101,91,
32766,15277,4458,90,101,
32766,15274,4466,102,100,
32766,15270,4469,101,104,
32766,15268,4469,112,96,
32766,15264,4470,108,96,
32766,15272,4463,96,94,
32766,15266,4463,98,103,
32766,15269,4472,107,100,
32766,15278,4466,97,100,
32766,15267,4455,109,94,
32766,15277,4467,98,95,
32766,15278,4466,102,94,
32766,15281,4462,103,93,
32766,15273,4462,103,94,
32766,15269,4464,98,103,
32766,15277,4456,100,96,
32766,15270,4462,99,95,
32766,15267,4462,104,90,
32766,15266,4463,100,99,
32766,15271,4459,97,101,
32766,15271,4457,106,103,
32766,15268,4456,105,107,
32766,15277,4462,100,94,
32766,15269,4462,106,99,
32766,15278,4466,104,97,
32766,15269,4456,111,95,
32766,15267,4459,111,99,
32766,15272,4456,98,98,
32766,15270,4464,115,99,
32766,15270,4466,101,98,
32766,15280,4455,98,106,
32766,15268,4456,106,101,
32766,15275,4458,103,90,
32766,15268,4465,102,96,
32766,15275,4456,108,102,
32766,15280,4472,111,93,
32766,15262,4461,109,102,
32766,15279,4461,101,97,
32766,15276,4460,99,94,
32766,15264,4463,104,101,
32766,15279,4458,91,99,
32766,15272,4466,96,85,
32766,15265,4461,102,104,
32766,15283,4459,106,96,
32766,15274,4469,103,99,
32766,15278,4453,97,98,
32766,15265,4460,104,101,
32766,15267,4459,112,99,
32766,15266,4463,107,86,
32766,15271,4452,97,90,
32766,15265,4462,101,102,
32766,15257,4453,105,89,
32766,15272,4455,99,98,
32766,15267,4466,98,103,
32766,15271,4453,97,102,
32766,15272,4460,103,98,
32766,15278,4459,111,93,
32766,15272,4458,112,95,
32766,15272,4470,95,101,
32766,15278,4468,101,99,
32766,15275,4465,109,103,
32766,15276,4455,107,107,
32766,15269,4462,101,93,
32766,15266,4446,106,94,
32766,15264,4459,104,104,
32766,15266,4457,91,93,
32766,15267,4469,98,105,
32766,15272,4464,108,90,
32766,15275,4471,110,89,
32766,15265,4461,91,90,
32766,15283,4466,104,103,
32766,15272,4457,103,102,
32766,15272,4457,101,96,
32766,15267,4467,105,95,
32766,15259,4457,111,105,
32766,15271,4456,106,105,
32766,15259,4446,111,99,
32766,15264,4459,100,92,
32766,15269,4459,97,92,
32766,15271,4460,107,98,
32766,15264,4462,110,98,
32766,15271,4458,104,98,
32766,15267,4459,105,93,
32766,15267,4456,102,96,
32766,15259,4462,106,92,
32766,15273,4460,111,93,
32766,15267,4459,100,105,
32766,15275,4452,104,93,
32766,15269,4462,102,86,
32766,15268,4461,108,98,
32766,15270,4461,109,92,
32766,15268,4455,104,90,
32766,15266,4459,104,102,
32766,15262,4456,94,91,
32766,15266,4461,99,107,
32766,15275,4471,105,89,
32766,15266,4459,100,91,
32766,15273,4460,101,93,
32766,15281,4471,115,99,
32766,15275,4468,108,98,
32766,15267,4466,104,96,
32766,15273,4454,97,101,
32766,15272,4464,102,93,
32766,15267,4469,102,99,
32766,15280,4463,108,104,
32766,15263,4455,94,102,
32766,15275,4458,103,90,
32766,15261,4466,111,97,
32766,15262,4464,101,104,
32766,15272,4451,101,100,
32766,15277,4468,111,103,
32766,15276,4464,107,97,
32766,15280,4465,103,95,
32766,15280,4457,107,94,
32766,15271,4455,94,104,
32766,15276,4457,105,100,
32766,15274,4458,98,104,
32766,15273,4455,103,100,
32766,15276,4458,98,104,
32766,15277,4470,100,102,
32766,15271,4456,92,98,
32766,15269,4462,101,98,
32766,15280,4454,102,95,
32766,15279,4455,101,90,
32766,15283,4463,102,95,
32766,15273,4452,94,89,
32766,15277,4456,96,93,
32766,15271,4460,98,108,
32766,15272,4449,110,94,
32766,15268,4462,108,93,
32766,15282,4455,102,103,
32766,15279,4454,103,94,
32766,15272,4460,102,101,
32766,15273,4459,99,100,
32766,15273,4457,97,93,
32766,15271,4451,106,87,
32766,15266,4452,115,95,
32766,15274,4455,104,99,
32766,15273,4454,99,103,
32766,15271,4452,103,94,
32766,15267,4460,100,98,
32766,15283,4462,102,102,
32766,15283,4462,99,101,
32766,15284,4471,103,90,
32766,15279,4466,102,102,
32766,15273,4454,108,100,
32766,15279,4465,111,98,
32766,15282,4457,100,97,
32766,15280,4465,107,93,
32766,15282,4459,106,87,
32766,15276,4465,102,98,
32766,15285,4460,107,99,
32766,15289,4460,102,105,
32766,15285,4467,104,97,
32766,15282,4462,99,109,
32766,15284,4462,98,105,
32766,15287,4464,106,106,
32766,15289,4472,115,95,
32766,15288,4463,97,104,
32766,15288,4458,97,106,
32766,15285,4467,101,95,
32766,15295,4465,106,96,
32766,15293,4466,108,96,
32766,15291,4467,100,86,
32766,15289,4467,102,106,
32766,15302,4467,102,97,
32766,15292,4470,101,93,
32766,15294,4456,99,101,
32766,15298,4468,104,96,
32766,15296,4464,100,104,
32766,15297,4470,95,101,
32766,15292,4462,107,96,
32766,15295,4463,100,87,
32766,15299,4469,93,109,
32766,15292,4465,111,92,
32766,15291,4464,105,97,
32766,15289,4469,95,92,
32766,15293,4472,109,105,
32766,15293,4460,105,101,
32766,15292,4466,102,101,
32766,15293,4461,107,92,
32766,15296,4471,109,101,
32766,15294,4460,94,94,
32766,15296,4462,113,95,
32766,15303,4461,107,104,
32766,15299,4456,107,107,
32766,15297,4469,101,89,
32766,15292,4465,105,96,
32766,15304,4462,100,96,
32766,15305,4461,104,97,
32766,15304,4471,108,100,
32766,15291,4475,102,105,
32766,15295,4460,102,95,
32766,15293,4460,101,102,
32766,15301,4466,95,95,
32766,15287,4464,95,96,
32766,15291,4458,101,89,
32766,15297,4469,103,107,
32766,15294,4459,104,96,
32766,15295,4458,108,102,
32766,15289,4465,105,87,
32766,15288,4460,106,94,
32766,15292,4469,104,95,
32766,15280,4462,102,99,
32766,15282,4461,105,102,
32766,15288,4458,102,95,
32766,15287,4463,101,100,
32766,15287,4464,96,106,
32766,15295,4469,98,106,
32766,15292,4457,111,98,
32766,15293,4466,96,102,
32766,15289,4454,105,99,
32766,15285,4461,96,94,
32766,15284,4466,103,101,
32766,15287,4458,99,99,
32766,15289,4465,105,100,
32766,15283,4458,107,101,
32766,15283,4464,106,97,
32766,15284,4458,102,96,
32766,15287,4466,104,101,
32766,15279,4459,107,100,
32766,15287,4462,102,94,
32766,15287,4459,108,98,
32766,15288,4460,104,104,
32766,15287,4459,107,105,
32766,15284,4452,99,103,
32766,15287,4449,100,88,
32766,15285,4461,101,101,
32766,15276,4459,106,85,
32766,15285,4461,99,99,
32766,15280,4472,103,100,
32766,15271,4461,114,88,
32766,15282,4471,109,89,
32766,15284,4460,97,97,
32766,15275,4459,97,87,
32766,15270,4458,107,91,
32766,15283,4449,100,90,
32766,15274,4455,95,97,
32766,15271,4451,112,107,
32766,15272,4455,99,97,
32766,15271,4458,102,98,
32766,15275,4458,98,99,
32766,15269,4462,102,95,
32766,15280,4461,93,109,
32766,15270,4449,106,98,
32766,15270,4454,98,96,
32766,15266,4460,108,96,
32766,15276,4442,109,99,
32766,15268,4448,106,101,
32766,15256,4456,104,105,
32766,15266,4460,103,102,
32766,15267,4446,99,96,
32766,15266,4459,95,94,
32766,15270,4449,95,107,
32766,15266,4448,106,100,
32766,15273,4455,106,97,
32766,15270,4456,102,94,
32766,15278,4460,98,98,
32766,15272,4449,104,99,
32766,15275,4464,108,96,
32766,15265,4444,105,96,
32766,15265,4446,102,102,
32766,15275,4458,98,103,
32766,15265,4443,106,102,
32766,15272,4452,103,104,
32766,15265,4448,100,101,
32766,15262,4448,101,101,
32766,15257,4441,110,102,
32766,15262,4442,112,94,
32766,15268,4449,94,96,
32766,15255,4450,98,101,
32766,15258,4457,104,90,
32766,15267,4449,101,102,
32766,15274,4454,107,95,
32766,15276,4453,89,101,
32766,15254,4458,110,95,
32766,15269,4442,101,99,
32766,15261,4446,86,90,
32766,15252,4451,99,97,
32766,15268,4458,101,98,
32766,15261,4449,100,98,
32766,15253,4458,106,99,
32766,15264,4451,89,99,
32766,15258,4447,101,92,
32766,15270,4446,102,104,
32766,15258,4449,99,99,
32766,15268,4440,109,92,
32766,15269,4450,98,99,
32766,15263,4448,100,100,
32766,15264,4446,101,98,
32766,15260,4450,103,93,
32766,15263,4458,113,95,
32766,15271,4459,98,94,
32766,15271,4449,106,102,
32766,15270,4441,108,87,
32766,15264,4444,108,91,
32766,15273,4450,98,101,
32766,15269,4453,98,98,
32766,15264,4453,103,98,
32766,15266,4445,94,89,
32766,15269,4455,103,103,
32766,15267,4451,97,93,
32766,15272,4452,101,99,
32766,15267,4450,106,92,
32766,15274,4455,103,101,
32766,15270,4460,100,91,
32766,15271,4452,108,102,
32766,15275,4448,109,111,
32766,15259,4462,95,100,
32766,15275,4450,106,102,
32766,15263,4452,101,95,
32766,15266,4454,106,95,
32766,15269,4459,94,91,
32766,15266,4458,99,99,
32766,15268,4458,100,96,
32766,15270,4460,94,101,
32766,15262,4455,99,97,
32766,15267,4454,114,100,
32766,15275,4454,98,97,
32766,15273,4459,101,97,
32766,15274,4448,112,100,
32766,15263,4449,103,101,
32766,15254,4452,101,92,
32766,15255,4451,107,98,
32766,15265,4452,102,88,
32766,15256,4453,108,102,
32766,15257,4450,103,91,
32766,15266,4454,95,90,
32766,15259,4451,98,106,
32766,15256,4454,108,95,
32766,15262,4455,101,103,
32766,15262,4442,106,100,
32766,15263,4452,101,91,
32766,15268,4443,106,97,
32766,15261,4456,103,86,
32766,15263,4451,108,98,
32766,15263,4461,104,91,
32766,15260,4446,101,100,
32766,15269,4454,94,91,
32766,15266,4457,107,102,
32766,15258,4445,107,98,
32766,15259,4455,106,90,
32766,15256,4443,102,93,
32766,15266,4448,105,91,
32766,15251,4440,102,95,
32766,15252,4455,106,100,
32766,15252,4455,86,92,
32766,15248,4459,99,94,
32766,15264,4448,103,102,
32766,15256,4452,99,101,
32766,15246,4457,106,111,
32766,15255,4452,109,95,
32766,15256,4449,101,103,
32766,15257,4467,102,103,
32766,15259,4462,104,97,
32766,15251,4450,112,96,
32766,15260,4454,101,91,
32766,15255,4444,97,98,
32766,15252,4453,93,92,
32766,15241,4444,96,111,
32766,15246,4455,95,97,
32766,15253,4447,99,92,
32766,15247,4449,106,97,
32766,15240,4448,102,99,
32766,15254,4455,102,92,
32766,15261,4458,93,98,
32766,15244,4449,100,104,
32766,15255,4466,89,96,
32766,15249,4439,101,96,
32766,15256,4449,105,109,
32766,15256,4449,95,93,
32766,15242,4435,99,103,
32766,15253,4453,98,82,
32766,15250,4448,101,100,
32766,15246,4454,106,97,
32766,15257,4459,101,94,
32766,15252,4449,108,103,
32766,15258,4462,111,94,
32766,15266,4459,102,95,
32766,15256,4453,102,109,
32766,15247,4452,100,106,
32766,15254,4450,104,96,
32766,15256,4444,101,100,
32766,15253,4445,105,90,
32766,15250,4444,97,92,
32766,15265,4451,107,98,
32766,15255,4452,102,101,
32766,15261,4443,110,98,
32766,15264,4462,102,88,
32766,15262,4453,105,98,
32766,15258,4452,99,100,
32766,15253,4456,110,94,
32766,15255,4449,103,112,
32766,15257,4454,101,94,
32766,15263,4461,99,88,
32766,15257,4450,100,98,
32766,15262,4458,106,96,
32766,15251,4452,104,97,
32766,15263,4442,105,93,
32766,15260,4455,98,93,
32766,15263,4454,96,96,
32766,15263,4451,100,101,
32766,15262,4461,102,98,
32766,15265,4447,96,102,
32766,15259,4450,105,93,
32766,15260,4452,94,94,
32766,15256,4458,102,113,
32766,15262,4453,102,98,
32766,15269,4449,100,97,
32766,15271,4448,109,95,
32766,15253,4450,104,92,
32766,15252,4449,101,103,
32766,15252,4441,104,94,
32766,15261,4457,104,99,
32766,15269,4450,99,105,
32766,15266,4444,105,99,
32766,15269,4453,101,95,
32766,15266,4453,108,108,
32766,15258,4452,108,99,
32766,15268,4458,100,96,
32766,15259,4449,101,100,
32766,15255,4453,103,96,
32766,15260,4461,96,94,
32766,15263,4455,107,95,
32766,15268,4442,103,92,
32766,15266,4453,102,98,
32766,15262,4441,109,102,
32766,15262,4450,102,102,
32766,15263,4453,103,91,
32766,15262,4445,93,93,
32766,15266,4445,105,95,
32766,15264,4448,103,94,
32766,15260,4460,113,94,
32766,15275,4452,104,103,
32766,15268,4456,102,109,
32766,15262,4454,96,105,
32766,15273,4454,109,111,
32766,15252,4460,96,97,
32766,15262,4455,102,96,
32766,15280,4463,100,104,
32766,15272,4448,104,95,
32766,15274,4462,108,99,
32766,15267,4453,89,85,
32766,15267,4468,104,91,
32766,15275,4463,98,104,
32766,15266,4464,103,97,
32766,15275,4457,105,101,
32766,15267,4456,102,101,
32766,15272,4454,118,98,
32766,15282,4452,101,104,
32766,15279,4455,110,93,
32766,15282,4459,95,97,
32766,15281,4454,99,98,
32766,15275,4460,105,103,
32766,15278,4463,99,102,
32766,15274,4463,99,96,
32766,15282,4458,101,91,
32766,15277,4470,100,96,
32766,15288,4467,97,98,
32766,15276,4458,103,99,
32766,15279,4456,98,90,
32766,15277,4456,99,97,
32766,15280,4459,109,100,
32766,15271,4454,103,96,
32766,15270,4453,102,101,
32766,15272,4461,102,101,
32766,15281,4455,100,106,
32766,15275,4459,103,98,
32766,15274,4452,111,95,
32766,15275,4454,112,99,
32766,15272,4460,107,101,
32766,15284,4452,109,100,
32766,15276,4457,105,86,
32766,15288,4461,102,91,
32766,15279,4456,105,99,
32766,15263,4463,98,101,
32766,15271,4455,102,99,
32766,15268,4451,97,99,
32766,15271,4455,100,101,
32766,15267,4458,95,92,
32766,15272,4445,109,95,
32766,15271,4460,103,97,
32766,15265,4457,94,92,
32766,15279,4459,96,96,
32766,15271,4456,98,100,
32766,15260,4455,101,101,
32766,15266,4451,106,103,
32766,15282,4462,98,100,
32766,15268,4457,98,97,
32766,15272,4457,108,95,
32766,15272,4448,107,98,
32766,15275,4452,104,100,
32766,15273,4457,109,99,
32766,15267,4450,110,107,
32766,15270,4452,107,92,
32766,15253,4451,104,93,
32766,15266,4452,102,101,
32766,15273,4450,109,97,
32766,15268,4457,108,98,
32766,15262,4445,102,102,
32766,15262,4451,101,97,
32766,15269,4448,97,99,
32766,15260,4445,89,93,
32766,15248,4441,108,94,
32766,15258,4443,91,103,
32766,15256,4443,108,90,
32766,15262,4445,94,91,
32766,15262,4451,96,92,
32766,15253,4454,91,95,
32766,15253,4459,105,96,
32766,15258,4450,106,103,
32766,15252,4445,105,96,
32766,15255,4443,96,102,
32766,15248,4456,90,98,
32766,15248,4443,100,92,
32766,15250,4442,109,102,
32766,15251,4447,99,104,
32766,15254,4441,99,96,
32766,15250,4445,105,107,
32766,15245,4448,103,104,
32766,15243,4452,104,99,
32766,15249,4445,111,104,
32766,15245,4449,96,89,
32766,15252,4446,102,101,
32766,15253,4447,95,94,
32766,15248,4438,110,104,
32766,15255,4455,97,99,
32766,15246,4442,105,100,
32766,15249,4451,98,100,
32766,15244,4447,103,97,
32766,15237,4442,98,100,
32766,15239,4442,95,105,
32766,15234,4438,105,100,
32766,15234,4434,104,92,
32766,15235,4441,101,85,
32766,15243,4443,92,102,
32766,15244,4442,107,102,
32766,15243,4441,99,101,
32766,15236,4435,103,96,
32766,15230,4434,101,97,
32766,15234,4433,94,105,
32766,15237,4442,97,101,
32766,15237,4431,102,98,
32766,15242,4429,94,95,
32766,15235,4435,101,93,
32766,15240,4440,106,96,
32766,15240,4444,93,92,
32766,15227,4446,102,99,
32766,15242,4436,92,96,
32766,15240,4436,101,96,
32766,15237,4438,90,96,
32766,15225,4438,103,86,
32766,15229,4444,95,94,
32766,15230,4445,101,96,
32766,15231,4438,94,98,
32766,15239,4447,108,96,
32766,15226,4430,96,97,
32766,15231,4438,108,104,
32766,15232,4438,111,101,
32766,15232,4430,99,93,
32766,15230,4434,96,95,
32766,15237,4435,95,100,
32766,15237,4440,101,97,
32766,15233,4435,98,89,
32766,15237,4438,93,98,
32766,15235,4433,100,98,
32766,15238,4434,100,92,
32766,15237,4436,109,96,
32766,15228,4440,100,91,
32766,15239,4436,98,91,
32766,15229,4437,102,92,
32766,15237,4432,102,96,
32766,15224,4447,114,97,
32766,15229,4430,101,100,
32766,15232,4435,97,83,
32766,15234,4435,98,95,
32766,15236,4443,108,92,
32766,15236,4436,109,103,
32766,15228,4433,102,95,
32766,15230,4428,113,96,
32766,15225,4435,94,96,
32766,15225,4432,96,95,
32766,15230,4438,92,94,
32766,15223,4434,99,96,
32766,15225,4435,109,106,
32766,15234,4427,95,101,
32766,15229,4439,97,90,
32766,15224,4434,94,92,
32766,15226,4438,97,97,
32766,15227,4435,99,99,
32766,15225,4445,104,94,
32766,15223,4437,106,103,
32766,15230,4435,103,94,
32766,15227,4435,92,97,
32766,15218,4427,94,100,
32766,15224,4431,97,94,
32766,15220,4442,103,98,
32766,15220,4442,105,98,
32766,15222,4429,96,94,
32766,15228,4428,109,93,
32766,15226,4428,99,85,
32766,15224,4428,109,101,
32766,15229,4434,95,98,
32766,15224,4426,90,91,
32766,15225,4436,109,92,
32766,15223,4422,97,95,
32766,15219,4437,97,84,
32766,15224,4435,100,97,
32766,15206,4432,104,88,
32766,15230,4428,93,98,
32766,15218,4442,102,104,
32766,15224,4435,98,88,
32766,15224,4435,109,106,
32766,15211,4441,101,93,
32766,15219,4425,106,95,
32766,15233,4439,107,96,
32766,15219,4433,100,91,
32766,15236,4433,93,90,
32766,15224,4437,115,100,
32766,15225,4431,102,94,
32766,15221,4442,93,95,
32766,15212,4422,101,103,
32766,15232,4438,110,97,
32766,15225,4437,95,102,
32766,15209,4433,102,86,
32766,15228,4422,94,97,
32766,15230,4430,105,96,
32766,15231,4433,96,103,
32766,15239,4431,100,97,
32766,15244,4440,100,99,
32766,15248,4438,98,95,
32766,15249,4432,108,100,
32766,15243,4431,107,106,
32766,15250,4432,96,105,
32766,15255,4416,101,105,
32766,15250,4420,99,99,
32766,15257,4404,95,103,
32766,15261,4400,105,101,
32766,15260,4398,103,100,
32766,15266,4388,101,99,
32766,15256,4377,108,96,
32766,15255,4377,100,99,
32766,15272,4377,108,95,
32766,15270,4374,107,98,
32766,15275,4372,117,93,
32766,15281,4375,104,92,
32766,15293,4368,108,95,
32766,15278,4361,100,110,
32766,15276,4355,114,96,
32766,15270,4345,112,100,
32766,15250,4340,101,98,
32766,15252,4333,102,104,
32766,15250,4340,106,103,
32766,15247,4330,109,102,
32766,15252,4338,96,97,
32766,15253,4332,96,102,
32766,15246,4337,103,110,
32766,15252,4331,101,92,
32766,15249,4337,110,101,
32766,15250,4336,103,103,
32766,15231,4329,93,99,
32766,15241,4334,110,93,
32766,15248,4330,91,101,
32766,15246,4330,103,96,
32766,15240,4330,95,97,
32766,15235,4341,106,105,
32766,15252,4334,105,99,
32766,15242,4340,106,103,
32766,15243,4340,108,92,
32766,15240,4345,99,107,
32766,15247,4337,105,101,
32766,15231,4336,105,100,
32766,15227,4339,103,104,
32766,15219,4338,100,94,
32766,15227,4330,94,95,
32766,15219,4336,114,92,
32766,15209,4337,107,97,
32766,15215,4337,107,107,
32766,15211,4342,103,103,
32766,15216,4337,99,99,
32766,15216,4340,99,92,
32766,15209,4336,103,102,
32766,15203,4334,105,99,
32766,15203,4327,107,93,
32766,15211,4337,100,104,
32766,15196,4332,105,108,
32766,15208,4333,110,108,
32766,15200,4339,107,104,
32766,15204,4327,101,98,
32766,15207,4326,96,102,
32766,15206,4341,104,93,
32766,15213,4350,104,102,
32766,15206,4340,106,99,
32766,15201,4343,104,101,
32766,15201,4347,103,101,
32766,15198,4333,109,103,
32766,15194,4336,102,100,
32766,15210,4339,97,113,
32766,15205,4338,105,102,
32766,15201,4335,98,98,
32766,15193,4332,101,106,
32766,15199,4335,107,105,
32766,15189,4332,109,103,
32766,15184,4339,108,107,
32766,15202,4331,106,100,
32766,15200,4340,104,110,
32766,15200,4339,97,97,
32766,15200,4348,105,96,
32766,15202,4341,101,91,
32766,15200,4340,93,91,
32766,15187,4337,100,105,
32766,15193,4335,110,100,
32766,15187,4345,100,99,
32766,15194,4329,100,111,
32766,15195,4334,102,96,
32766,15201,4335,108,100,
32766,15195,4337,102,103,
32766,15180,4331,111,100,
32766,15188,4342,106,104,
32766,15195,4344,95,105,
32766,15185,4356,104,91,
32766,15195,4348,103,108,
32766,15188,4354,105,103,
32766,15192,4338,106,98,
32766,15195,4347,108,108,
32766,15190,4340,107,102,
32766,15186,4341,96,106,
32766,15182,4349,102,101,
32766,15178,4342,103,107,
32766,15184,4345,104,99,
32766,15185,4332,100,105,
32766,15193,4343,94,98,
32766,15187,4350,100,103,
32766,15195,4347,102,97,
32766,15193,4347,105,89,
32766,15190,4348,107,103,
32766,15199,4349,93,109,
32766,15197,4344,98,97,
32766,15192,4353,103,97,
32766,15185,4350,102,93,
32766,15187,4338,91,104,
32766,15185,4342,98,91,
32766,15197,4338,105,102,
32766,15188,4337,109,102,
32766,15185,4344,101,101,
32766,15191,4340,93,112,
32766,15187,4338,99,92,
32766,15191,4346,102,87,
32766,15191,4345,108,103,
32766,15197,4350,103,96,
32766,15174,4344,94,100,
32766,15180,4348,96,95,
32766,15186,4345,107,93,
32766,15183,4345,108,96,
32766,15178,4340,105,99,
32766,15182,4335,105,95,
32766,15182,4348,103,98,
32766,15183,4343,109,98,
32766,15185,4351,104,96,
32766,15184,4341,98,86,
32766,15174,4354,105,94,
32766,15188,4350,105,101,
32766,15180,4350,97,96,
32766,15193,4345,107,105,
32766,15190,4345,97,104,
32766,15177,4344,99,104,
32766,15175,4349,97,94,
32766,15173,4345,102,103,
32766,15178,4351,98,95,
32766,15188,4339,107,95,
