32766,5943,1535,126,157,
32766,5947,1535,130,163,
32766,5941,1545,134,168,
32766,5938,1533,121,165,
32766,5950,1539,129,177,
32766,5942,1548,123,162,
32766,5953,1543,130,172,
32766,5944,1546,129,172,
32766,5948,1538,136,158,
32766,5952,1537,132,171,
32766,5953,1540,132,173,
32766,5953,1536,127,163,
32766,5957,1543,126,163,
32766,5971,1543,133,174,
32766,5974,1539,128,167,
32766,5974,1550,138,165,
32766,5973,1536,138,164,
32766,5998,1544,123,176,
32766,5989,1551,136,151,
32766,6005,1549,130,167,
32766,5998,1548,141,159,
32766,6022,1545,133,170,
32766,6019,1559,131,177,
32766,6036,1560,130,170,
32766,6022,1561,131,167,
32766,6022,1567,134,173,
32766,6029,1555,128,178,
32766,6021,1547,129,166,
32766,6029,1556,128,169,
32766,6039,1551,131,171,
32766,6028,1551,123,172,
32766,6039,1558,129,169,
32766,6049,1546,132,169,
32766,6052,1561,135,169,
32766,6044,1568,146,168,
32766,6043,1557,130,166,
32766,6049,1558,126,176,
32766,6045,1563,120,173,
32766,6043,1565,125,169,
32766,6045,1546,126,171,
32766,6043,1550,121,164,
32766,6036,1553,129,178,
32766,6027,1554,124,177,
32766,6029,1557,132,171,
32766,6031,1551,128,172,
32766,6014,1550,136,168,
32766,6024,1548,133,172,
32766,6017,1552,134,174,
32766,6027,1545,125,165,
32766,6014,1541,133,156,
32766,6019,1546,130,168,
32766,6013,1542,118,163,
32766,6006,1544,131,168,
32766,6013,1540,125,162,
32766,6009,1539,119,170,
32766,6010,1543,124,169,
32766,6000,1544,122,169,
32766,5993,1542,123,167,
32766,6006,1544,130,159,
32766,5993,1539,125,165,
32766,5986,1539,123,170,
32766,5990,1534,127,168,
32766,5995,1539,120,179,
32766,5984,1545,127,165,
32766,5989,1529,137,162,
32766,5986,1540,121,172,
32766,5988,1533,129,168,
32766,5990,1547,121,165,
32766,5989,1540,133,158,
32766,5997,1553,128,177,
32766,5997,1545,123,166,
32766,5986,1533,129,165,
32766,5994,1541,116,162,
32766,6002,1539,124,174,
32766,5982,1542,137,164,
32766,5995,1532,131,167,
32766,5992,1545,134,164,
32766,5997,1543,126,170,
32766,5992,1532,108,161,
32766,5992,1532,120,172,
32766,5988,1537,130,164,
32766,5979,1532,123,165,
32766,5971,1546,134,165,
32766,5968,1533,128,165,
32766,5956,1532,124,155,
32766,5951,1524,124,156,
32766,5951,1522,125,165,
32766,5948,1540,122,167,
32766,5929,1536,124,167,
32766,5930,1530,118,173,
32766,5926,1516,128,162,
32766,5911,1526,132,177,
32766,5932,1517,126,166,
32766,5920,1517,127,159,
32766,5941,1523,127,169,
32766,5939,1520,129,162,
32766,5929,1523,124,152,
32766,5936,1530,126,162,
32766,5954,1526,117,169,
32766,5943,1523,120,161,
32766,5945,1516,133,161,
32766,5936,1521,127,156,
32766,5946,1521,122,152,
32766,5945,1521,120,157,
32766,5929,1528,122,170,
32766,5934,1529,121,157,
32766,5926,1526,127,164,
32766,5931,1528,118,169,
32766,5921,1522,127,167,
32766,5903,1526,121,158,
32766,5912,1514,123,150,
32766,5907,1520,125,159,
32766,5905,1512,126,164,
32766,5902,1513,122,160,
32766,5907,1520,124,160,
32766,5892,1507,125,172,
32766,5878,1515,122,151,
32766,5871,1514,135,166,
32766,5866,1511,119,151,
32766,5867,1504,126,160,
32766,5866,1509,127,159,
32766,5860,1500,121,157,
32766,5853,1506,124,167,
32766,5842,1509,128,158,
32766,5831,1501,119,166,
32766,5839,1504,120,165,
32766,5835,1509,115,158,
32766,5835,1500,126,160,
32766,5824,1500,113,162,
32766,5836,1486,120,162,
32766,5822,1501,122,160,
32766,5811,1495,118,162,
32766,5816,1499,132,160,
32766,5805,1501,120,160,
32766,5822,1494,113,155,
32766,5814,1494,119,168,
32766,5823,1500,110,143,
32766,5815,1494,124,165,
32766,5821,1501,123,151,
32766,5817,1492,111,155,
32766,5804,1492,122,153,
32766,5823,1493,119,158,
32766,5819,1505,127,159,
32766,5817,1491,126,160,
32766,5806,1494,123,160,
32766,5825,1504,119,161,
32766,5828,1489,118,163,
32766,5825,1498,120,158,
32766,5824,1507,121,150,
32766,5846,1500,122,169,
32766,5826,1495,123,166,
32766,5828,1496,124,164,
32766,5830,1500,119,160,
32766,5824,1504,120,159,
32766,5817,1500,121,152,
32766,5815,1496,122,149,
32766,5814,1502,123,159,
32766,5819,1501,124,155,
32766,5805,1503,120,156,
32766,5807,1496,122,157,
32766,5795,1497,116,159,
32766,5806,1499,126,163,
32766,5805,1506,127,170,
32766,5804,1500,120,167,
32766,5808,1500,131,158,
32766,5793,1496,125,162,
32766,5801,1492,122,165,
32766,5787,1493,123,158,
32766,5793,1488,128,160,
32766,5792,1506,124,159,
32766,5783,1496,126,160,
32766,5785,1491,123,160,
32766,5789,1490,133,167,
32766,5776,1472,105,160,
32766,5786,1492,131,161,
32766,5779,1490,125,162,
32766,5773,1483,119,162,
32766,5774,1485,131,159,
32766,5768,1480,119,157,
32766,5771,1489,119,160,
32766,5769,1484,117,162,
32766,5767,1480,128,161,
32766,5763,1492,120,162,
32766,5756,1482,125,153,
32766,5763,1491,129,166,
32766,5756,1484,125,162,
32766,5758,1480,120,155,
32766,5756,1488,122,155,
32766,5744,1484,121,148,
32766,5745,1480,124,166,
32766,5732,1478,121,153,
32766,5728,1481,114,153,
32766,5741,1482,123,166,
32766,5739,1476,122,149,
32766,5736,1480,127,157,
32766,5737,1474,113,148,
32766,5740,1479,122,155,
32766,5739,1479,118,164,
32766,5726,1478,114,145,
32766,5731,1476,119,160,
32766,5737,1480,116,159,
32766,5735,1475,118,154,
32766,5739,1471,131,151,
32766,5743,1480,117,154,
32766,5715,1481,126,162,
32766,5727,1477,119,152,
32766,5721,1467,129,150,
32766,5722,1474,120,161,
32766,5723,1480,118,148,
32766,5728,1483,120,141,
32766,5725,1476,125,152,
32766,5729,1464,123,139,
32766,5730,1478,123,151,
32766,5736,1478,120,162,
32766,5724,1477,123,159,
32766,5727,1471,116,147,
32766,5732,1477,133,157,
32766,5738,1471,116,158,
32766,5737,1475,127,165,
32766,5728,1475,118,155,
32766,5733,1484,117,158,
32766,5729,1485,114,153,
32766,5737,1474,120,154,
32766,5733,1476,121,151,
32766,5725,1475,126,154,
32766,5731,1476,123,164,
32766,5734,1473,123,159,
32766,5725,1479,119,160,
32766,5732,1469,118,151,
32766,5726,1473,119,160,
32766,5722,1473,126,142,
32766,5729,1475,128,150,
32766,5713,1475,116,154,
32766,5721,1469,117,157,
32766,5717,1465,125,160,
32766,5729,1470,112,148,
32766,5728,1470,121,153,
32766,5725,1465,119,161,
32766,5714,1486,116,149,
32766,5719,1473,119,154,
32766,5704,1479,122,159,
32766,5709,1482,126,156,
32766,5710,1456,112,154,
32766,5702,1470,110,158,
32766,5715,1476,118,154,
32766,5711,1462,110,161,
32766,5717,1468,124,151,
32766,5714,1476,113,153,
32766,5704,1472,116,151,
32766,5716,1466,121,149,
32766,5712,1464,121,154,
32766,5717,1470,124,150,
32766,5710,1467,119,154,
32766,5690,1470,127,144,
32766,5707,1464,114,156,
32766,5700,1472,121,160,
32766,5702,1468,116,155,
32766,5710,1470,117,141,
32766,5685,1468,123,149,
32766,5696,1472,122,150,
32766,5693,1463,121,146,
32766,5692,1471,102,145,
32766,5707,1471,122,145,
32766,5705,1472,116,154,
32766,5708,1474,114,158,
32766,5706,1477,122,148,
32766,5704,1464,112,158,
32766,5706,1458,122,147,
32766,5714,1490,116,164,
32766,5712,1466,122,156,
32766,5721,1470,115,160,
32766,5697,1470,115,160,
32766,5697,1472,116,156,
32766,5712,1472,117,153,
32766,5711,1461,117,157,
32766,5710,1479,123,156,
32766,5706,1469,124,154,
32766,5709,1465,113,160,
32766,5708,1463,125,156,
32766,5700,1467,128,149,
32766,5712,1479,116,156,
32766,5707,1463,113,161,
32766,5700,1466,124,146,
32766,5707,1463,126,155,
32766,5697,1462,113,145,
32766,5701,1467,118,157,
32766,5699,1470,116,154,
32766,5706,1463,121,157,
32766,5708,1472,130,150,
32766,5713,1472,112,156,
32766,5714,1476,116,160,
32766,5716,1473,114,146,
32766,5719,1469,119,160,
32766,5726,1469,108,157,
32766,5719,1465,119,159,
32766,5723,1478,120,150,
32766,5732,1471,117,156,
32766,5731,1476,119,163,
32766,5740,1477,117,153,
32766,5734,1483,117,147,
32766,5738,1480,117,152,
32766,5753,1478,116,150,
32766,5742,1472,116,162,
32766,5736,1478,123,159,
32766,5752,1477,118,149,
32766,5740,1482,124,149,
32766,5745,1469,127,160,
32766,5749,1469,123,162,
32766,5747,1482,126,158,
32766,5751,1477,121,156,
32766,5746,1476,116,160,
32766,5744,1482,116,149,
32766,5749,1470,119,157,
32766,5754,1473,121,160,
32766,5757,1475,112,152,
32766,5761,1477,115,163,
32766,5758,1477,120,156,
32766,5761,1483,117,151,
32766,5762,1478,122,145,
32766,5741,1489,125,157,
32766,5770,1481,123,151,
32766,5765,1470,112,152,
32766,5765,1475,118,151,
32766,5771,1482,120,167,
32766,5769,1477,124,147,
32766,5758,1473,123,149,
32766,5763,1479,112,163,
32766,5762,1475,112,153,
32766,5767,1474,121,163,
32766,5756,1473,122,160,
32766,5748,1481,130,158,
32766,5757,1468,125,159,
32766,5750,1465,119,149,
32766,5756,1469,110,157,
32766,5758,1477,118,153,
32766,5767,1479,112,158,
32766,5759,1476,122,147,
32766,5767,1481,117,151,
32766,5766,1468,116,147,
32766,5762,1474,118,150,
32766,5765,1464,119,160,
32766,5762,1475,126,153,
32766,5762,1473,128,148,
32766,5770,1468,111,153,
32766,5777,1475,124,154,
32766,5777,1480,116,152,
32766,5792,1470,120,160,
32766,5796,1486,120,158,
32766,5797,1487,124,161,
32766,5805,1487,117,163,
32766,5812,1492,124,145,
32766,5811,1488,112,155,
32766,5817,1487,116,160,
32766,5819,1487,120,152,
32766,5804,1473,116,160,
32766,5814,1473,113,150,
32766,5803,1488,117,155,
32766,5798,1477,114,148,
32766,5799,1485,124,158,
32766,5795,1479,128,156,
32766,5791,1475,121,153,
32766,5804,1477,130,156,
32766,5788,1482,130,151,
32766,5794,1484,116,161,
32766,5787,1497,123,154,
32766,5796,1487,118,153,
32766,5801,1475,119,142,
32766,5805,1479,116,157,
32766,5804,1478,121,157,
32766,5811,1481,116,161,
32766,5804,1483,121,155,
32766,5829,1490,123,160,
32766,5827,1494,120,153,
32766,5817,1475,127,157,
32766,5830,1489,116,145,
32766,5838,1501,128,151,
32766,5834,1486,125,144,
32766,5845,1486,112,161,
32766,5845,1480,112,156,
32766,5848,1490,119,162,
32766,5848,1501,127,156,
32766,5852,1485,123,156,
32766,5848,1488,123,159,
32766,5859,1497,114,149,
32766,5866,1495,119,155,
32766,5874,1490,115,148,
32766,5869,1500,128,155,
32766,5860,1487,125,154,
32766,5866,1493,118,151,
32766,5859,1492,126,150,
32766,5864,1494,116,162,
32766,5859,1500,125,159,
32766,5864,1485,122,159,
32766,5857,1489,123,154,
32766,5854,1495,125,145,
32766,5854,1482,122,157,
32766,5845,1497,121,152,
32766,5843,1497,124,153,
32766,5855,1483,123,159,
32766,5850,1489,118,156,
32766,5841,1486,122,153,
32766,5855,1497,122,154,
32766,5854,1494,115,154,
32766,5852,1483,128,146,
32766,5854,1497,121,159,
32766,5860,1491,118,158,
32766,5873,1506,118,156,
32766,5862,1482,117,154,
32766,5859,1496,122,155,
32766,5863,1489,122,150,
32766,5866,1496,106,158,
32766,5871,1509,114,146,
32766,5868,1496,124,149,
32766,5854,1486,123,153,
32766,5868,1484,126,142,
32766,5853,1485,120,159,
32766,5867,1494,126,159,
32766,5859,1489,114,165,
32766,5856,1491,131,152,
32766,5864,1487,123,146,
32766,5869,1500,123,144,
32766,5877,1512,119,154,
32766,5869,1498,130,153,
32766,5860,1491,125,154,
32766,5873,1492,115,155,
32766,5876,1496,116,158,
32766,5876,1500,128,157,
32766,5864,1490,108,166,
32766,5871,1493,110,153,
32766,5870,1488,119,162,
32766,5853,1491,109,156,
32766,5850,1476,117,160,
32766,5854,1489,131,145,
32766,5851,1500,125,158,
32766,5847,1491,122,158,
32766,5844,1484,123,156,
32766,5847,1487,119,148,
32766,5840,1486,127,154,
32766,5849,1484,118,146,
32766,5837,1479,123,157,
32766,5837,1489,124,152,
32766,5830,1481,114,155,
32766,5823,1480,122,156,
32766,5835,1492,119,161,
32766,5819,1478,109,160,
32766,5819,1495,129,162,
32766,5818,1489,115,149,
32766,5805,1479,115,147,
32766,5811,1474,119,161,
32766,5824,1471,111,153,
32766,5800,1475,121,155,
32766,5796,1471,109,154,
32766,5766,1474,119,149,
32766,5763,1457,120,143,
32766,5721,1452,118,149,
32766,5727,1454,120,152,
32766,5734,1460,125,149,
32766,5739,1459,117,161,
32766,5690,1449,101,139,
32766,5738,1455,111,150,
32766,5778,1471,116,146,
32766,5789,1477,117,153,
32766,5805,1476,112,148,
32766,5793,1480,118,151,
32766,5777,1468,122,150,
32766,5765,1465,119,141,
32766,5757,1458,116,156,
32766,5766,1468,121,156,
32766,5756,1465,123,155,
32766,5733,1459,115,154,
32766,5721,1469,126,151,
32766,5709,1447,116,153,
32766,5703,1457,122,151,
32766,5707,1452,112,152,
32766,5706,1458,124,151,
32766,5696,1459,117,151,
32766,5682,1455,123,146,
32766,5691,1451,114,151,
32766,5684,1450,109,150,
32766,5694,1453,107,142,
32766,5690,1447,123,153,
32766,5670,1467,122,149,
32766,5688,1456,118,142,
32766,5699,1449,115,145,
32766,5700,1467,110,154,
32766,5706,1458,122,157,
32766,5712,1461,131,147,
32766,5718,1459,113,155,
32766,5715,1442,116,141,
32766,5725,1465,112,155,
32766,5732,1463,113,150,
32766,5731,1454,120,149,
32766,5746,1466,117,151,
32766,5737,1461,105,155,
32766,5727,1459,125,152,
32766,5727,1457,112,142,
32766,5733,1464,111,156,
32766,5735,1469,110,146,
32766,5737,1468,116,152,
32766,5754,1469,120,158,
32766,5745,1477,117,149,
32766,5745,1472,108,153,
32766,5763,1463,116,164,
32766,5742,1464,123,149,
32766,5744,1458,123,141,
32766,5742,1470,121,161,
32766,5752,1466,115,153,
32766,5749,1466,119,146,
32766,5746,1449,117,141,
32766,5743,1469,120,138,
32766,5744,1466,118,151,
32766,5742,1452,118,154,
32766,5744,1466,120,160,
32766,5739,1464,122,160,
32766,5743,1456,111,149,
32766,5742,1457,120,150,
32766,5739,1482,116,158,
32766,5732,1454,112,154,
32766,5738,1468,117,150,
32766,5735,1455,107,140,
32766,5745,1462,120,156,
32766,5739,1464,120,138,
32766,5745,1467,112,157,
32766,5737,1457,127,153,
32766,5733,1465,113,152,
32766,5740,1457,125,146,
32766,5745,1465,116,149,
32766,5731,1462,125,149,
32766,5730,1458,117,148,
32766,5731,1457,121,146,
32766,5730,1465,120,155,
32766,5723,1456,123,156,
32766,5737,1470,118,163,
32766,5724,1462,108,160,
32766,5716,1458,102,155,
32766,5718,1459,119,155,
32766,5727,1460,119,151,
32766,5716,1458,122,146,
32766,5724,1453,120,145,
32766,5724,1454,116,162,
32766,5727,1464,122,150,
32766,5736,1454,117,152,
32766,5722,1455,110,146,
32766,5716,1454,122,143,
32766,5725,1461,115,146,
32766,5733,1459,120,138,
32766,5733,1463,115,151,
32766,5745,1458,114,153,
32766,5751,1469,105,157,
32766,5743,1459,125,143,
32766,5771,1470,123,164,
32766,5759,1465,116,153,
32766,5762,1458,115,152,
32766,5759,1465,112,151,
32766,5769,1468,124,156,
32766,5764,1466,121,146,
32766,5770,1459,113,155,
32766,5770,1469,118,148,
32766,5771,1464,122,152,
32766,5782,1464,115,145,
32766,5780,1464,117,151,
32766,5757,1469,113,147,
32766,5763,1473,123,157,
32766,5764,1464,111,142,
32766,5769,1467,120,154,
32766,5772,1469,129,155,
32766,5764,1475,111,148,
32766,5772,1462,123,154,
32766,5768,1480,115,164,
32766,5761,1459,114,144,
32766,5772,1469,119,143,
32766,5761,1470,112,150,
32766,5754,1470,118,150,
32766,5768,1472,121,148,
32766,5765,1474,125,149,
32766,5773,1462,124,155,
32766,5766,1462,119,156,
32766,5768,1463,116,157,
32766,5771,1467,120,154,
32766,5759,1466,123,161,
32766,5768,1463,113,149,
32766,5743,1476,119,142,
32766,5776,1478,122,148,
32766,5781,1471,115,158,
32766,5772,1472,117,150,
32766,5775,1472,113,158,
32766,5777,1465,124,155,
32766,5774,1469,122,157,
32766,5774,1475,109,147,
32766,5763,1469,112,150,
32766,5765,1473,119,159,
32766,5768,1473,112,152,
32766,5773,1465,113,162,
32766,5767,1466,120,154,
32766,5772,1476,127,149,
32766,5769,1456,123,166,
32766,5766,1467,118,155,
32766,5766,1459,111,150,
32766,5765,1465,124,153,
32766,5765,1468,118,167,
32766,5763,1460,113,143,
32766,5757,1471,116,146,
32766,5757,1471,114,146,
32766,5751,1460,116,146,
32766,5764,1470,118,150,
32766,5750,1478,111,147,
32766,5760,1460,116,147,
32766,5763,1457,119,151,
32766,5766,1469,111,146,
32766,5763,1467,121,155,
32766,5768,1455,119,155,
32766,5765,1460,116,154,
32766,5741,1453,103,138,
32766,5764,1452,111,151,
32766,5762,1463,121,164,
32766,5766,1450,113,154,
32766,5748,1461,113,141,
32766,5752,1466,118,150,
32766,5747,1458,122,169,
32766,5733,1458,109,141,
32766,5726,1461,115,143,
32766,5735,1459,120,149,
32766,5725,1445,117,148,
32766,5722,1457,106,150,
32766,5739,1469,126,156,
32766,5746,1474,118,158,
32766,5728,1459,127,160,
32766,5745,1466,128,152,
32766,5744,1454,122,156,
32766,5744,1458,118,149,
32766,5750,1466,110,147,
32766,5740,1466,114,140,
32766,5773,1474,128,163,
32766,5756,1467,112,148,
32766,5748,1467,120,154,
32766,5758,1468,128,154,
32766,5775,1467,118,153,
32766,5766,1473,117,157,
32766,5756,1468,117,150,
32766,5766,1464,120,148,
32766,5761,1458,105,149,
32766,5769,1470,118,150,
32766,5746,1464,118,147,
32766,5767,1475,119,160,
32766,5757,1464,115,145,
32766,5759,1464,113,152,
32766,5761,1473,114,156,
32766,5765,1472,123,152,
32766,5756,1467,112,145,
32766,5743,1464,119,144,
32766,5757,1471,117,159,
32766,5748,1457,118,148,
32766,5747,1464,124,154,
32766,5756,1463,104,154,
32766,5742,1456,119,140,
32766,5758,1465,119,146,
32766,5770,1450,108,155,
32766,5753,1463,125,156,
32766,5760,1461,113,149,
32766,5757,1469,114,155,
32766,5755,1462,123,155,
32766,5764,1473,119,154,
32766,5758,1458,110,149,
32766,5748,1450,121,138,
32766,5764,1462,123,147,
32766,5743,1458,113,148,
32766,5775,1459,115,150,
32766,5744,1464,121,155,
32766,5759,1472,116,147,
32766,5758,1462,110,152,
32766,5759,1474,108,147,
32766,5758,1465,117,152,
32766,5760,1463,114,152,
32766,5758,1458,121,148,
32766,5751,1465,122,134,
32766,5757,1466,119,157,
32766,5758,1461,107,148,
32766,5760,1464,112,148,
32766,5771,1470,128,145,
32766,5763,1465,115,145,
32766,5765,1457,119,142,
32766,5757,1464,127,147,
32766,5778,1468,123,151,
32766,5763,1455,98,160,
32766,5765,1465,120,154,
32766,5770,1471,126,160,
32766,5775,1477,135,152,
32766,5780,1470,123,148,
32766,5770,1467,108,150,
32766,5769,1475,117,147,
32766,5762,1453,123,157,
32766,5769,1470,115,147,
32766,5757,1462,125,153,
32766,5756,1465,113,156,
32766,5755,1455,110,138,
32766,5764,1456,122,146,
32766,5743,1463,117,146,
32766,5752,1462,118,152,
32766,5753,1457,114,151,
32766,5748,1455,117,145,
32766,5734,1461,106,147,
32766,5744,1455,111,146,
32766,5744,1454,111,154,
32766,5733,1462,117,152,
32766,5726,1452,117,155,
32766,5713,1458,98,142,
32766,5721,1465,110,151,
32766,5736,1464,121,146,
32766,5729,1457,116,148,
32766,5726,1456,119,161,
32766,5716,1455,116,145,
32766,5719,1460,110,154,
32766,5723,1462,117,159,
32766,5716,1454,117,152,
32766,5727,1447,102,150,
32766,5728,1458,122,149,
32766,5733,1467,118,157,
32766,5723,1457,111,153,
32766,5732,1468,119,155,
32766,5733,1451,116,156,
32766,5730,1458,126,150,
32766,5724,1455,111,151,
32766,5731,1460,122,150,
32766,5728,1453,117,139,
32766,5732,1450,111,142,
32766,5712,1452,128,134,
32766,5729,1462,119,159,
32766,5721,1466,124,148,
32766,5727,1441,114,145,
32766,5739,1460,117,151,
32766,5731,1469,125,153,
32766,5731,1454,122,151,
32766,5736,1461,126,158,
32766,5737,1452,119,149,
32766,5737,1460,116,158,
32766,5739,1459,126,140,
32766,5724,1448,120,135,
32766,5730,1463,113,145,
32766,5733,1449,119,139,
32766,5735,1454,119,153,
32766,5721,1451,118,153,
32766,5723,1451,119,149,
32766,5723,1458,117,145,
32766,5717,1459,120,145,
32766,5718,1449,115,145,
32766,5720,1460,115,152,
32766,5734,1450,121,158,
32766,5718,1458,115,142,
32766,5722,1450,112,157,
32766,5727,1460,120,157,
32766,5727,1446,118,155,
32766,5720,1455,121,137,
32766,5720,1450,118,149,
32766,5720,1448,113,133,
32766,5721,1455,111,147,
32766,5720,1459,114,147,
32766,5741,1462,112,157,
32766,5726,1462,118,147,
32766,5713,1451,116,151,
32766,5723,1448,116,147,
32766,5725,1451,117,149,
32766,5718,1449,114,145,
32766,5729,1450,112,158,
32766,5734,1453,108,148,
32766,5723,1450,114,150,
32766,5728,1450,109,151,
32766,5738,1460,118,162,
32766,5713,1446,114,129,
32766,5731,1450,121,145,
32766,5726,1456,135,134,
32766,5719,1455,113,138,
32766,5723,1459,123,153,
32766,5724,1449,114,145,
32766,5725,1453,120,156,
32766,5722,1449,125,135,
32766,5722,1440,127,144,
32766,5713,1455,130,159,
32766,5715,1450,118,147,
32766,5730,1452,108,148,
32766,5713,1455,121,149,
32766,5727,1459,116,155,
32766,5720,1457,110,146,
32766,5718,1458,124,149,
32766,5733,1463,121,157,
32766,5736,1456,122,147,
32766,5747,1462,110,152,
32766,5750,1463,121,151,
32766,5773,1457,117,158,
32766,5762,1464,114,145,
32766,5772,1474,116,151,
32766,5768,1459,119,155,
32766,5771,1462,112,148,
32766,5766,1459,119,148,
32766,5768,1471,119,164,
32766,5770,1469,121,152,
32766,5786,1464,128,158,
32766,5776,1467,112,151,
32766,5774,1472,119,158,
32766,5770,1462,115,145,
32766,5765,1466,122,148,
32766,5766,1472,109,145,
32766,5777,1454,116,139,
32766,5773,1470,113,151,
32766,5762,1470,113,156,
32766,5762,1465,111,140,
32766,5781,1460,123,147,
32766,5786,1470,129,161,
32766,5777,1451,102,133,
32766,5778,1466,111,149,
32766,5768,1459,118,141,
32766,5786,1476,113,155,
32766,5768,1473,116,162,
32766,5775,1459,114,150,
32766,5774,1465,116,138,
32766,5779,1460,120,160,
32766,5801,1455,128,148,
32766,5785,1472,115,158,
32766,5795,1472,109,157,
32766,5781,1472,120,146,
32766,5789,1466,126,157,
32766,5794,1465,118,158,
32766,5796,1471,115,155,
32766,5797,1477,115,156,
32766,5791,1469,111,143,
32766,5803,1469,118,151,
32766,5800,1468,112,156,
32766,5778,1467,123,146,
32766,5790,1464,120,148,
32766,5803,1467,121,153,
32766,5799,1459,110,157,
32766,5793,1471,116,151,
32766,5800,1471,121,148,
32766,5794,1474,107,154,
32766,5793,1472,112,152,
32766,5800,1475,119,146,
32766,5805,1476,126,152,
32766,5805,1474,126,151,
32766,5807,1479,124,149,
32766,5792,1461,106,151,
32766,5789,1469,118,150,
32766,5787,1467,118,153,
32766,5789,1474,113,156,
32766,5782,1469,119,152,
32766,5795,1473,118,149,
32766,5787,1462,118,148,
32766,5784,1464,118,152,
32766,5777,1459,117,155,
32766,5780,1460,117,146,
32766,5767,1464,124,145,
32766,5793,1477,119,162,
32766,5782,1459,118,144,
32766,5786,1482,110,159,
32766,5787,1467,110,161,
32766,5785,1470,109,153,
32766,5782,1464,119,146,
32766,5777,1481,121,162,
32766,5782,1463,110,144,
32766,5791,1467,117,148,
32766,5788,1471,135,149,
32766,5779,1460,122,145,
32766,5783,1455,113,153,
32766,5784,1470,117,149,
32766,5770,1467,107,137,
32766,5798,1457,111,156,
32766,5778,1467,109,155,
32766,5779,1468,118,145,
32766,5772,1457,122,150,
32766,5783,1465,120,152,
32766,5780,1476,123,154,
32766,5795,1464,125,153,
32766,5775,1465,114,150,
32766,5783,1465,119,146,
32766,5790,1466,113,145,
32766,5786,1459,117,148,
32766,5774,1475,123,154,
32766,5777,1462,118,159,
32766,5783,1471,105,154,
32766,5780,1473,121,163,
32766,5774,1476,117,146,
32766,5764,1463,121,138,
32766,5788,1478,129,166,
32766,5764,1458,117,152,
32766,5778,1456,123,160,
32766,5768,1463,126,156,
32766,5777,1471,116,153,
32766,5774,1470,109,151,
32766,5782,1460,120,142,
32766,5763,1465,126,150,
32766,5777,1474,113,139,
32766,5777,1477,128,145,
32766,5771,1461,117,140,
32766,5783,1473,123,155,
32766,5779,1466,118,151,
32766,5769,1467,128,143,
32766,5789,1469,121,144,
32766,5785,1466,119,148,
32766,5785,1465,110,155,
32766,5778,1462,114,141,
32766,5793,1478,112,158,
32766,5795,1478,120,161,
32766,5788,1466,111,153,
32766,5788,1473,124,147,
32766,5793,1463,118,151,
32766,5781,1461,121,148,
32766,5781,1469,119,146,
32766,5781,1473,116,153,
32766,5797,1469,109,158,
32766,5788,1466,117,143,
32766,5798,1472,119,153,
32766,5782,1472,117,155,
32766,5789,1479,118,154,
32766,5803,1472,118,168,
32766,5800,1467,119,144,
32766,5783,1470,117,152,
32766,5785,1469,108,155,
32766,5797,1472,120,150,
32766,5794,1467,116,160,
32766,5800,1464,117,154,
32766,5803,1467,122,152,
32766,5790,1470,118,154,
32766,5781,1477,116,162,
32766,5768,1468,121,149,
32766,5780,1461,123,156,
32766,5783,1469,115,148,
32766,5788,1460,103,152,
32766,5782,1473,113,156,
32766,5783,1471,113,147,
32766,5785,1461,122,150,
32766,5780,1468,107,151,
32766,5792,1468,115,142,
32766,5789,1460,113,142,
32766,5789,1483,126,148,
32766,5791,1464,120,151,
32766,5781,1472,117,157,
32766,5781,1460,120,147,
32766,5781,1465,124,142,
32766,5780,1466,110,147,
32766,5777,1461,115,139,
32766,5782,1467,115,158,
32766,5788,1474,118,155,
32766,5778,1457,113,147,
32766,5788,1467,113,153,
32766,5802,1466,121,149,
32766,5796,1464,119,143,
32766,5792,1462,117,148,
32766,5786,1468,125,150,
32766,5784,1474,118,153,
32766,5794,1468,114,147,
32766,5805,1480,118,157,
32766,5796,1473,117,151,
32766,5780,1476,114,151,
32766,5794,1454,110,145,
32766,5776,1468,121,152,
32766,5785,1466,111,155,
32766,5793,1466,113,145,
32766,5784,1460,123,137,
32766,5775,1467,119,147,
32766,5771,1471,110,159,
32766,5788,1466,111,145,
32766,5770,1460,116,136,
32766,5777,1466,112,153,
32766,5778,1473,110,155,
32766,5751,1466,125,144,
32766,5770,1458,115,152,
32766,5775,1461,120,150,
32766,5776,1467,112,147,
32766,5779,1469,120,139,
32766,5775,1456,113,139,
32766,5779,1469,123,141,
32766,5776,1465,118,148,
32766,5770,1463,115,150,
32766,5771,1466,121,140,
32766,5770,1463,105,143,
32766,5780,1460,111,148,
32766,5771,1463,111,159,
32766,5769,1451,103,140,
32766,5765,1461,116,157,
32766,5758,1473,119,149,
32766,5769,1458,116,152,
32766,5758,1458,108,152,
32766,5748,1455,118,155,
32766,5768,1465,114,152,
32766,5785,1477,119,166,
32766,5767,1468,122,151,
32766,5767,1465,112,143,
32766,5763,1471,111,146,
32766,5769,1469,122,151,
32766,5760,1455,114,147,
32766,5770,1458,109,149,
32766,5759,1458,115,141,
32766,5767,1458,117,148,
32766,5759,1457,111,148,
32766,5747,1461,113,151,
32766,5773,1465,123,159,
32766,5758,1449,113,152,
32766,5754,1461,120,146,
32766,5755,1458,119,149,
32766,5751,1455,116,150,
32766,5754,1452,117,147,
32766,5748,1457,122,156,
32766,5741,1459,109,152,
32766,5735,1451,117,148,
32766,5749,1455,108,142,
32766,5758,1455,118,151,
32766,5755,1450,107,161,
32766,5748,1460,114,153,
32766,5738,1450,110,143,
32766,5749,1448,126,150,
32766,5731,1440,125,145,
32766,5725,1445,116,150,
32766,5725,1447,107,142,
32766,5733,1454,116,141,
32766,5720,1445,110,139,
32766,5726,1456,128,144,
32766,5724,1450,114,149,
32766,5729,1451,115,152,
32766,5725,1452,116,150,
32766,5724,1450,116,153,
32766,5733,1455,114,141,
32766,5725,1456,120,149,
32766,5733,1452,115,145,
32766,5732,1455,120,143,
32766,5740,1452,106,148,
32766,5743,1450,122,144,
32766,5743,1459,107,148,
32766,5748,1470,115,148,
32766,5722,1456,121,151,
32766,5741,1451,115,148,
32766,5738,1454,117,153,
32766,5736,1454,120,144,
32766,5725,1456,115,151,
32766,5731,1459,120,152,
32766,5735,1462,122,162,
32766,5730,1453,114,142,
32766,5738,1457,112,162,
32766,5726,1445,126,143,
32766,5726,1455,111,145,
32766,5728,1452,114,153,
32766,5727,1462,116,146,
32766,5738,1459,114,148,
32766,5726,1453,122,155,
32766,5725,1450,117,152,
32766,5736,1449,119,150,
32766,5732,1458,116,143,
32766,5721,1462,135,152,
32766,5736,1449,95,155,
32766,5736,1453,118,153,
32766,5736,1453,116,144,
32766,5740,1458,110,146,
32766,5731,1461,117,141,
32766,5745,1456,115,144,
32766,5749,1464,117,142,
32766,5753,1456,121,147,
32766,5750,1470,116,144,
32766,5745,1462,113,138,
32766,5780,1461,116,169,
32766,5773,1457,107,147,
32766,5772,1470,122,149,
32766,5769,1470,108,145,
32766,5767,1461,126,148,
32766,5767,1457,109,149,
32766,5771,1464,115,140,
32766,5773,1461,112,152,
32766,5781,1473,114,153,
32766,5764,1459,113,153,
32766,5771,1462,109,145,
32766,5762,1455,118,143,
32766,5770,1472,127,144,
32766,5778,1458,120,148,
32766,5765,1463,111,152,
32766,5771,1470,114,155,
32766,5764,1463,124,155,
32766,5767,1465,107,159,
32766,5764,1459,119,151,
32766,5771,1464,109,151,
32766,5750,1467,125,143,
32766,5751,1459,111,158,
32766,5766,1459,125,146,
32766,5764,1467,120,140,
32766,5775,1458,122,150,
32766,5769,1455,122,151,
32766,5760,1466,119,144,
32766,5769,1465,116,156,
32766,5771,1464,112,145,
32766,5764,1463,122,154,
32766,5766,1464,111,161,
32766,5792,1468,115,166,
32766,5763,1460,118,145,
32766,5785,1475,122,146,
32766,5773,1461,130,143,
32766,5781,1476,112,151,
32766,5772,1467,129,149,
32766,5775,1481,113,147,
32766,5788,1463,110,151,
32766,5789,1468,123,154,
32766,5782,1461,114,143,
32766,5784,1462,119,152,
32766,5803,1469,114,157,
32766,5788,1466,117,140,
32766,5795,1473,117,161,
32766,5781,1459,114,154,
32766,5790,1464,112,154,
32766,5781,1464,122,147,
32766,5781,1472,119,158,
32766,5788,1467,121,154,
32766,5772,1474,127,153,
32766,5755,1447,109,140,
32766,5770,1471,115,162,
32766,5766,1462,119,145,
32766,5772,1467,110,158,
32766,5783,1469,115,152,
32766,5778,1460,119,156,
32766,5775,1461,115,141,
32766,5771,1467,117,155,
32766,5769,1454,113,142,
32766,5774,1475,114,156,
32766,5774,1465,114,137,
32766,5764,1469,110,148,
32766,5770,1461,116,142,
32766,5777,1463,114,163,
32766,5780,1464,117,163,
32766,5777,1467,120,149,
32766,5783,1470,117,157,
32766,5785,1461,120,149,
32766,5795,1471,114,160,
32766,5799,1466,117,163,
32766,5792,1474,131,151,
32766,5787,1476,126,151,
32766,5789,1465,116,153,
32766,5792,1463,123,153,
32766,5803,1478,119,160,
32766,5793,1459,111,153,
32766,5782,1458,118,148,
32766,5798,1471,116,157,
32766,5793,1476,121,147,
32766,5781,1462,106,145,
32766,5793,1477,118,161,
32766,5790,1468,126,155,
32766,5792,1461,113,151,
32766,5801,1460,121,147,
32766,5794,1465,116,148,
32766,5788,1460,123,151,
32766,5791,1463,124,152,
32766,5778,1470,111,150,
32766,5780,1473,122,151,
32766,5791,1460,106,146,
32766,5781,1459,107,152,
32766,5790,1470,117,151,
32766,5790,1466,121,154,
32766,5793,1466,118,149,
32766,5781,1464,122,145,
32766,5785,1466,110,151,
32766,5785,1462,123,151,
32766,5784,1462,119,145,
32766,5779,1462,114,159,
32766,5764,1466,118,150,
32766,5781,1470,117,156,
32766,5749,1457,108,143,
32766,5771,1472,125,147,
32766,5761,1468,111,152,
32766,5772,1464,112,150,
32766,5761,1461,113,138,
32766,5781,1458,113,154,
32766,5769,1465,112,155,
32766,5762,1456,119,160,
32766,5776,1473,119,149,
32766,5777,1460,112,155,
32766,5777,1470,115,162,
32766,5784,1462,108,158,
32766,5772,1465,125,145,
32766,5771,1457,113,158,
32766,5763,1458,127,147,
32766,5783,1467,123,147,
32766,5777,1471,114,150,
32766,5780,1466,113,156,
32766,5774,1467,114,148,
32766,5792,1459,113,152,
32766,5779,1457,119,154,
32766,5767,1465,118,148,
32766,5778,1469,119,164,
32766,5780,1467,125,154,
32766,5771,1451,123,144,
32766,5780,1471,121,150,
32766,5788,1465,120,158,
32766,5772,1462,119,142,
32766,5786,1469,117,152,
32766,5774,1459,119,158,
32766,5779,1470,122,149,
32766,5769,1450,113,144,
32766,5793,1463,114,153,
32766,5780,1459,118,142,
32766,5781,1460,121,149,
32766,5789,1471,114,150,
32766,5783,1472,111,156,
32766,5785,1459,109,145,
32766,5795,1461,116,140,
32766,5795,1466,118,146,
32766,5798,1467,107,156,
32766,5795,1459,113,143,
32766,5775,1458,110,159,
32766,5796,1470,115,151,
32766,5796,1472,121,148,
32766,5798,1468,115,152,
32766,5790,1467,122,152,
32766,5799,1468,113,146,
32766,5798,1460,118,152,
32766,5789,1468,118,141,
32766,5786,1467,120,145,
32766,5802,1476,114,156,
32766,5805,1467,117,154,
32766,5796,1462,111,158,
32766,5805,1466,118,140,
32766,5806,1473,113,152,
32766,5806,1471,117,143,
32766,5791,1468,107,155,
32766,5791,1466,110,150,
32766,5796,1465,127,153,
32766,5803,1458,112,152,
32766,5782,1456,112,145,
32766,5781,1481,124,153,
32766,5789,1458,119,158,
32766,5787,1469,113,154,
32766,5794,1463,126,152,
32766,5788,1468,123,156,
32766,5786,1454,116,158,
32766,5795,1472,126,151,
32766,5787,1464,122,152,
32766,5794,1461,109,146,
32766,5798,1460,130,156,
32766,5795,1456,112,149,
32766,5775,1459,110,136,
32766,5786,1456,115,153,
32766,5788,1463,119,151,
32766,5785,1466,116,147,
32766,5787,1450,116,149,
32766,5784,1455,118,152,
32766,5788,1463,128,154,
32766,5778,1463,122,150,
32766,5776,1461,120,164,
32766,5769,1455,105,142,
32766,5782,1463,115,150,
32766,5767,1464,116,141,
32766,5763,1456,112,141,
32766,5772,1455,121,156,
32766,5761,1462,130,151,
32766,5768,1454,116,151,
32766,5747,1447,114,155,
32766,5766,1462,114,156,
32766,5751,1457,109,148,
32766,5753,1447,119,150,
32766,5734,1436,101,141,
32766,5756,1451,114,148,
32766,5764,1460,121,141,
32766,5739,1457,121,147,
32766,5766,1457,120,151,
32766,5754,1452,117,143,
32766,5758,1467,118,156,
32766,5764,1455,120,158,
32766,5756,1452,110,153,
32766,5744,1464,106,154,
32766,5755,1449,111,146,
32766,5743,1452,127,144,
32766,5749,1454,117,150,
32766,5738,1438,105,142,
32766,5750,1458,115,145,
32766,5744,1451,118,155,
32766,5742,1458,112,155,
32766,5738,1456,116,149,
32766,5735,1451,117,151,
32766,5730,1455,112,154,
32766,5738,1450,117,164,
32766,5731,1446,120,155,
32766,5729,1450,100,145,
32766,5737,1454,120,154,
32766,5737,1455,118,145,
32766,5724,1457,122,154,
32766,5724,1460,125,148,
32766,5733,1445,113,156,
32766,5724,1464,128,143,
32766,5741,1456,111,143,
32766,5732,1453,120,155,
32766,5740,1450,110,153,
32766,5729,1453,121,138,
32766,5714,1457,115,146,
32766,5732,1458,112,149,
32766,5717,1452,125,150,
32766,5730,1450,118,152,
32766,5723,1449,106,147,
32766,5724,1449,117,148,
32766,5715,1450,128,146,
32766,5734,1449,113,148,
32766,5736,1451,123,144,
32766,5727,1455,125,162,
32766,5734,1451,113,146,
32766,5729,1434,112,146,
32766,5733,1450,115,148,
32766,5731,1449,116,146,
32766,5725,1455,113,142,
32766,5737,1448,108,144,
32766,5727,1451,116,151,
32766,5738,1457,117,151,
32766,5713,1435,102,140,
32766,5740,1450,123,151,
32766,5733,1445,112,151,
32766,5728,1446,112,140,
32766,5741,1458,113,152,
32766,5744,1457,120,157,
32766,5731,1456,115,149,
32766,5732,1460,120,150,
32766,5728,1457,120,149,
32766,5727,1443,112,141,
32766,5728,1454,116,154,
32766,5738,1453,119,153,
32766,5738,1451,107,160,
32766,5727,1445,110,146,
32766,5713,1450,114,150,
32766,5714,1443,118,151,
32766,5723,1445,119,143,
32766,5733,1443,110,151,
32766,5724,1453,119,154,
32766,5709,1434,115,135,
32766,5723,1471,122,150,
32766,5714,1440,115,156,
32766,5729,1445,119,148,
32766,5728,1446,110,151,
32766,5730,1440,104,158,
32766,5726,1452,116,154,
32766,5723,1443,125,146,
32766,5729,1444,114,145,
32766,5724,1453,116,134,
32766,5730,1451,106,154,
32766,5739,1450,115,158,
32766,5720,1452,120,145,
32766,5739,1457,112,143,
32766,5742,1446,118,148,
32766,5752,1449,111,145,
32766,5741,1455,115,145,
32766,5745,1458,117,149,
32766,5765,1459,123,155,
32766,5749,1452,107,158,
32766,5755,1450,123,156,
32766,5763,1462,120,140,
32766,5757,1458,114,155,
32766,5758,1455,107,154,
32766,5762,1459,107,149,
32766,5747,1453,126,149,
32766,5763,1452,114,148,
32766,5767,1452,116,152,
32766,5769,1459,117,150,
32766,5764,1452,118,143,
32766,5759,1457,118,149,
32766,5753,1462,123,145,
32766,5761,1449,113,147,
32766,5765,1455,100,151,
32766,5775,1461,130,157,
32766,5761,1456,111,147,
32766,5774,1460,110,151,
32766,5761,1456,119,148,
32766,5770,1453,105,152,
32766,5779,1458,118,155,
32766,5761,1462,128,155,
32766,5777,1460,114,146,
32766,5766,1471,114,163,
32766,5786,1472,117,155,
32766,5752,1452,111,152,
32766,5767,1465,113,148,
32766,5774,1468,115,151,
32766,5765,1457,117,148,
32766,5765,1456,113,149,
32766,5773,1466,123,144,
32766,5772,1469,114,148,
32766,5786,1466,117,155,
32766,5779,1460,114,144,
32766,5781,1467,127,155,
32766,5746,1449,110,150,
32766,5781,1455,122,150,
32766,5786,1449,116,149,
32766,5779,1458,105,142,
32766,5789,1463,114,151,
32766,5781,1460,126,153,
32766,5785,1467,123,156,
32766,5775,1455,115,143,
32766,5775,1461,117,137,
32766,5765,1465,108,148,
32766,5774,1455,119,141,
32766,5773,1464,110,152,
32766,5771,1460,115,160,
32766,5762,1462,120,151,
32766,5779,1469,115,150,
32766,5775,1454,111,156,
32766,5771,1461,113,155,
32766,5766,1462,109,145,
32766,5767,1455,109,146,
32766,5758,1447,121,145,
32766,5786,1455,116,150,
32766,5757,1456,121,152,
32766,5758,1450,124,145,
32766,5758,1452,118,148,
32766,5766,1458,111,146,
32766,5753,1458,119,151,
32766,5753,1457,119,142,
32766,5762,1452,117,144,
32766,5752,1452,119,130,
32766,5755,1451,112,147,
32766,5770,1464,117,149,
32766,5753,1454,106,139,
32766,5770,1457,122,151,
32766,5773,1459,122,154,
32766,5754,1454,115,153,
32766,5763,1460,120,152,
32766,5774,1460,114,148,
32766,5775,1461,109,151,
32766,5767,1457,120,146,
32766,5772,1456,110,152,
32766,5763,1462,127,145,
32766,5778,1464,115,150,
32766,5749,1456,111,142,
32766,5762,1446,118,157,
32766,5780,1451,110,160,
32766,5772,1458,109,151,
32766,5779,1467,116,145,
32766,5763,1464,114,152,
32766,5773,1459,112,158,
32766,5759,1463,113,138,
32766,5760,1461,116,148,
32766,5749,1450,112,144,
32766,5755,1449,117,157,
32766,5770,1461,119,159,
32766,5756,1460,113,139,
32766,5756,1455,113,149,
32766,5767,1457,118,151,
32766,5773,1456,118,155,
32766,5763,1458,113,151,
32766,5767,1467,119,156,
32766,5759,1453,112,140,
32766,5758,1451,116,150,
32766,5766,1449,105,145,
32766,5760,1459,126,154,
32766,5761,1451,117,145,
32766,5765,1461,125,153,
32766,5771,1455,112,141,
32766,5761,1461,112,157,
32766,5780,1462,115,151,
32766,5765,1453,101,142,
32766,5761,1459,118,153,
32766,5769,1467,118,163,
32766,5768,1453,123,150,
32766,5772,1461,119,152,
32766,5766,1459,112,159,
32766,5761,1469,116,148,
32766,5768,1462,126,154,
32766,5767,1450,116,145,
32766,5764,1453,119,149,
32766,5772,1459,122,147,
32766,5761,1457,120,146,
32766,5755,1447,115,148,
32766,5778,1468,123,159,
32766,5775,1464,127,141,
32766,5780,1456,119,153,
32766,5766,1450,117,149,
32766,5764,1453,119,148,
32766,5764,1460,122,153,
32766,5766,1463,107,162,
32766,5771,1455,120,141,
32766,5759,1477,127,154,
32766,5786,1455,89,145,
32766,5775,1457,115,150,
32766,5782,1465,118,161,
32766,5775,1448,115,145,
32766,5771,1451,117,145,
32766,5763,1464,118,143,
32766,5765,1449,114,144,
32766,5763,1452,126,156,
32766,5758,1440,112,151,
32766,5763,1451,118,147,
32766,5777,1454,118,159,
32766,5769,1463,111,158,
32766,5771,1454,116,156,
32766,5749,1459,115,154,
32766,5755,1454,111,148,
32766,5772,1455,118,145,
32766,5760,1456,116,149,
32766,5761,1448,117,144,
32766,5757,1453,111,155,
32766,5766,1454,119,152,
32766,5758,1461,103,150,
32766,5774,1456,116,150,
32766,5755,1457,118,135,
32766,5757,1454,117,147,
32766,5772,1464,116,155,
32766,5760,1453,112,147,
32766,5759,1455,121,150,
32766,5763,1461,125,152,
32766,5759,1446,101,151,
32766,5757,1461,121,147,
32766,5769,1461,126,153,
32766,5766,1460,114,140,
32766,5759,1458,117,147,
32766,5773,1461,118,151,
32766,5772,1465,119,147,
32766,5760,1456,110,145,
32766,5763,1449,115,143,
32766,5770,1443,112,151,
32766,5757,1444,107,144,
32766,5754,1453,119,153,
32766,5759,1452,112,147,
32766,5754,1451,108,132,
32766,5767,1457,122,164,
32766,5761,1455,126,157,
32766,5743,1457,120,148,
32766,5751,1451,118,149,
32766,5749,1449,106,162,
32766,5758,1443,120,148,
32766,5750,1447,109,151,
32766,5752,1460,124,147,
32766,5751,1455,113,150,
32766,5746,1442,112,141,
32766,5750,1452,113,146,
32766,5723,1442,109,146,
32766,5752,1451,124,145,
32766,5735,1432,116,144,
32766,5740,1454,117,143,
32766,5749,1447,124,142,
32766,5745,1451,117,149,
32766,5737,1458,113,150,
32766,5743,1455,117,147,
32766,5737,1453,109,145,
32766,5756,1462,109,139,
32766,5754,1454,119,156,
32766,5759,1443,117,149,
32766,5741,1450,107,152,
32766,5748,1460,114,147,
32766,5743,1448,111,153,
32766,5743,1452,115,156,
32766,5746,1444,113,151,
32766,5739,1454,127,159,
32766,5749,1448,111,149,
32766,5753,1454,115,158,
32766,5719,1446,110,130,
32766,5742,1449,122,145,
32766,5751,1449,125,154,
32766,5746,1450,113,153,
32766,5753,1459,118,155,
32766,5747,1454,116,156,
32766,5756,1455,106,159,
32766,5754,1445,114,152,
32766,5743,1439,124,139,
32766,5737,1444,114,149,
32766,5741,1458,118,157,
32766,5730,1454,112,159,
32766,5735,1456,116,150,
32766,5732,1436,110,144,
32766,5729,1447,115,148,
32766,5738,1449,109,153,
32766,5726,1442,116,143,
32766,5720,1437,111,144,
32766,5723,1447,113,139,
32766,5717,1432,103,141,
32766,5709,1459,125,162,
32766,5704,1438,110,158,
32766,5687,1442,112,137,
32766,5696,1441,114,148,
32766,5704,1441,118,148,
32766,5702,1435,110,151,
32766,5686,1446,106,152,
32766,5685,1434,110,146,
32766,5687,1436,103,143,
32766,5682,1437,111,145,
32766,5686,1438,105,149,
32766,5673,1435,98,131,
32766,5678,1435,107,152,
32766,5687,1429,106,150,
32766,5680,1434,118,146,
32766,5686,1443,122,144,
32766,5683,1441,125,143,
32766,5681,1440,112,142,
32766,5684,1435,120,153,
32766,5694,1444,114,151,
32766,5692,1425,114,150,
32766,5678,1435,108,145,
32766,5706,1446,122,155,
32766,5690,1441,115,156,
32766,5711,1430,103,143,
32766,5703,1453,120,150,
32766,5689,1441,108,149,
32766,5687,1441,108,144,
32766,5701,1443,121,145,
32766,5691,1438,118,136,
32766,5687,1444,108,139,
32766,5698,1452,131,158,
32766,5687,1445,108,153,
32766,5705,1441,116,151,
32766,5695,1430,120,152,
32766,5693,1450,119,139,
32766,5711,1443,121,153,
32766,5709,1438,112,149,
32766,5711,1451,114,144,
32766,5718,1448,114,141,
32766,5728,1457,109,147,
32766,5736,1447,116,157,
32766,5712,1447,114,138,
32766,5734,1453,121,136,
32766,5734,1448,117,152,
32766,5741,1453,124,153,
32766,5734,1449,109,143,
32766,5730,1451,117,141,
32766,5732,1452,114,152,
32766,5731,1453,106,152,
32766,5744,1456,121,154,
32766,5735,1445,106,150,
32766,5740,1443,119,161,
32766,5744,1441,117,146,
32766,5753,1456,108,143,
32766,5742,1453,115,150,
32766,5740,1442,113,143,
32766,5742,1462,125,148,
32766,5757,1450,110,152,
32766,5752,1449,110,156,
32766,5754,1456,118,151,
32766,5749,1441,114,138,
32766,5756,1465,114,149,
32766,5750,1448,114,144,
32766,5755,1454,121,151,
32766,5744,1457,116,149,
32766,5750,1449,117,145,
32766,5737,1452,111,144,
32766,5737,1442,118,154,
32766,5732,1445,117,146,
32766,5719,1442,113,153,
32766,5717,1445,112,153,
32766,5695,1442,114,144,
32766,5710,1449,117,147,
32766,5713,1458,121,150,
32766,5720,1438,118,142,
32766,5725,1452,107,145,
32766,5722,1452,116,151,
32766,5723,1444,122,156,
32766,5729,1456,122,149,
32766,5723,1449,111,151,
32766,5714,1461,126,144,
32766,5744,1437,104,141,
32766,5745,1442,125,146,
32766,5742,1452,112,148,
32766,5738,1441,117,142,
32766,5742,1459,128,152,
32766,5753,1447,119,151,
32766,5754,1455,122,149,
32766,5747,1449,115,145,
32766,5746,1458,117,150,
32766,5740,1450,123,148,
32766,5756,1453,121,165,
32766,5753,1432,109,152,
32766,5745,1453,111,148,
32766,5748,1442,112,150,
32766,5754,1453,113,151,
32766,5745,1446,110,147,
32766,5742,1450,106,152,
32766,5738,1462,110,150,
32766,5747,1443,114,152,
32766,5729,1457,114,149,
32766,5725,1453,121,140,
32766,5741,1447,117,164,
32766,5734,1452,113,165,
32766,5724,1461,121,148,
32766,5743,1453,107,151,
32766,5731,1451,126,148,
32766,5737,1456,112,146,
32766,5725,1449,120,158,
32766,5736,1454,111,143,
32766,5739,1450,112,145,
32766,5739,1461,120,154,
32766,5734,1459,121,153,
32766,5736,1453,116,147,
32766,5726,1454,109,141,
32766,5729,1447,115,145,
32766,5730,1456,119,144,
32766,5734,1455,110,146,
32766,5736,1444,111,148,
32766,5744,1451,116,148,
32766,5740,1447,122,150,
32766,5749,1451,112,150,
32766,5736,1453,122,149,
32766,5736,1433,107,143,
32766,5752,1464,110,136,
32766,5746,1452,119,148,
32766,5749,1451,105,154,
32766,5750,1449,110,146,
32766,5753,1453,124,152,
32766,5754,1467,112,155,
32766,5759,1453,115,148,
32766,5744,1454,111,151,
32766,5756,1455,125,141,
32766,5768,1451,107,152,
32766,5758,1445,106,149,
32766,5746,1450,115,151,
32766,5732,1451,126,143,
32766,5746,1452,111,145,
32766,5752,1452,125,151,
32766,5750,1453,117,148,
32766,5741,1443,119,145,
32766,5752,1457,109,140,
32766,5749,1447,104,148,
32766,5743,1450,117,143,
32766,5742,1446,124,153,
32766,5740,1446,114,142,
32766,5749,1454,118,155,
32766,5733,1452,106,146,
32766,5743,1445,127,146,
32766,5743,1465,120,154,
32766,5736,1455,116,152,
32766,5744,1458,120,146,
32766,5739,1446,118,150,
32766,5758,1455,107,144,
32766,5747,1435,112,132,
32766,5750,1455,123,145,
32766,5746,1462,105,144,
32766,5743,1454,117,149,
32766,5745,1453,120,139,
32766,5763,1458,114,149,
32766,5758,1465,119,143,
32766,5765,1452,110,148,
32766,5771,1446,99,151,
32766,5758,1452,109,143,
32766,5762,1447,122,156,
32766,5766,1454,113,144,
32766,5751,1459,118,151,
32766,5775,1458,110,153,
32766,5761,1449,113,155,
32766,5766,1455,110,147,
32766,5759,1455,118,154,
32766,5758,1461,116,153,
32766,5757,1440,108,151,
32766,5757,1453,123,156,
32766,5774,1457,113,162,
32766,5756,1457,120,149,
32766,5746,1449,114,147,
32766,5757,1457,118,150,
32766,5758,1458,111,145,
32766,5757,1453,114,144,
32766,5750,1463,110,150,
32766,5760,1458,120,150,
32766,5750,1449,109,149,
32766,5748,1446,118,150,
32766,5765,1461,109,148,
32766,5735,1446,113,142,
32766,5746,1449,117,154,
32766,5739,1445,111,144,
32766,5751,1443,116,151,
32766,5751,1447,115,152,
32766,5754,1449,115,146,
32766,5748,1446,118,142,
32766,5738,1444,117,154,
32766,5756,1443,112,142,
32766,5744,1443,116,136,
32766,5748,1454,111,146,
32766,5740,1452,118,153,
32766,5751,1453,120,142,
32766,5750,1441,106,145,
32766,5751,1453,108,148,
32766,5735,1448,114,144,
32766,5754,1455,114,151,
32766,5748,1456,109,142,
32766,5759,1442,119,149,
32766,5736,1448,107,142,
32766,5741,1466,130,167,
32766,5747,1457,113,144,
32766,5734,1442,117,154,
32766,5733,1457,125,147,
32766,5751,1443,111,152,
32766,5755,1438,113,154,
32766,5749,1458,120,139,
32766,5734,1456,108,145,
32766,5733,1441,101,146,
32766,5729,1435,114,148,
32766,5724,1449,122,148,
32766,5747,1455,125,147,
32766,5733,1449,127,149,
32766,5726,1455,112,151,
32766,5718,1442,109,145,
32766,5723,1449,111,144,
32766,5717,1440,109,149,
32766,5712,1439,112,147,
32766,5715,1459,107,147,
32766,5693,1444,117,142,
32766,5696,1458,114,150,
32766,5708,1449,123,148,
32766,5721,1439,122,161,
32766,5702,1435,106,145,
32766,5712,1432,108,152,
32766,5710,1429,111,151,
32766,5709,1438,109,149,
32766,5697,1440,114,139,
32766,5695,1438,116,150,
32766,5709,1436,110,143,
32766,5702,1429,118,142,
32766,5713,1456,120,163,
32766,5713,1451,114,155,
32766,5716,1437,119,137,
32766,5690,1444,119,147,
32766,5704,1441,108,148,
32766,5696,1441,111,154,
32766,5706,1439,117,149,
32766,5711,1443,107,150,
32766,5690,1439,107,141,
32766,5701,1447,114,149,
32766,5705,1445,117,148,
32766,5714,1444,108,150,
32766,5700,1438,111,144,
32766,5696,1448,109,137,
32766,5706,1440,128,148,
32766,5699,1448,114,147,
32766,5692,1445,122,147,
32766,5694,1440,118,157,
32766,5689,1440,113,156,
32766,5680,1445,111,136,
32766,5684,1451,110,155,
32766,5695,1444,109,145,
32766,5697,1445,120,147,
32766,5706,1441,119,147,
32766,5711,1435,122,155,
32766,5682,1443,113,151,
32766,5689,1447,114,149,
32766,5685,1451,116,149,
32766,5688,1437,117,143,
32766,5685,1436,115,143,
32766,5684,1446,126,140,
32766,5686,1430,108,137,
32766,5693,1444,111,157,
32766,5674,1449,119,156,
32766,5678,1443,126,152,
32766,5693,1441,109,152,
32766,5681,1439,125,150,
32766,5676,1432,111,151,
32766,5698,1438,113,156,
32766,5692,1446,122,157,
32766,5693,1438,101,145,
32766,5683,1441,115,143,
32766,5708,1447,111,149,
32766,5684,1433,110,145,
32766,5680,1435,117,143,
32766,5683,1440,107,148,
32766,5690,1435,118,139,
32766,5681,1439,109,148,
32766,5684,1436,121,143,
32766,5684,1452,115,141,
32766,5697,1447,121,152,
32766,5675,1429,107,145,
32766,5691,1439,114,143,
32766,5698,1446,108,142,
32766,5689,1445,119,147,
32766,5690,1440,119,139,
32766,5690,1440,116,147,
32766,5691,1445,112,151,
32766,5687,1438,111,154,
32766,5691,1438,117,149,
32766,5702,1430,118,148,
32766,5691,1452,116,163,
32766,5687,1438,116,141,
32766,5685,1435,124,153,
32766,5689,1442,114,142,
32766,5684,1440,117,147,
32766,5684,1441,120,145,
32766,5702,1446,118,146,
32766,5695,1444,107,138,
32766,5705,1449,111,146,
32766,5708,1448,118,159,
32766,5701,1437,100,144,
32766,5700,1435,117,151,
32766,5696,1449,132,146,
32766,5704,1438,113,144,
32766,5722,1446,121,164,
32766,5717,1445,110,148,
32766,5709,1443,113,150,
32766,5711,1449,113,147,
32766,5709,1445,127,149,
32766,5714,1450,109,148,
32766,5701,1433,122,136,
32766,5703,1446,124,144,
32766,5718,1453,120,142,
32766,5714,1433,115,144,
32766,5710,1436,112,152,
32766,5718,1441,112,140,
32766,5712,1440,115,147,
32766,5706,1444,118,160,
32766,5705,1442,121,148,
32766,5707,1451,110,141,
32766,5718,1439,121,156,
32766,5716,1446,115,144,
32766,5728,1457,111,139,
32766,5804,1471,114,151,
32766,5837,1470,108,150,
32766,5880,1496,123,158,
32766,5931,1507,112,153,
32766,5954,1519,120,160,
32766,5988,1523,124,163,
32766,6004,1532,125,155,
32766,6011,1537,113,160,
32766,6008,1539,120,152,
32766,6008,1537,129,170,
32766,5999,1535,119,151,
32766,6013,1531,123,160,
32766,6027,1536,113,167,
32766,6033,1533,117,154,
32766,6032,1538,122,158,
32766,6049,1549,117,167,
32766,6044,1548,130,156,
32766,6025,1536,111,160,
32766,6034,1536,124,165,
32766,6028,1546,122,160,
32766,6039,1541,120,164,
32766,6031,1536,118,170,
32766,6020,1526,127,155,
32766,6014,1531,120,152,
32766,6014,1537,120,158,
32766,6000,1532,125,162,
32766,6009,1538,110,161,
32766,6006,1531,118,171,
32766,5995,1530,117,154,
32766,5997,1532,127,159,
32766,5992,1528,125,157,
32766,5995,1532,123,155,
32766,5992,1533,123,166,
32766,5988,1527,128,155,
32766,5975,1533,120,154,
32766,5974,1535,129,159,
32766,5965,1519,119,165,
32766,5958,1508,116,168,
32766,5947,1516,123,152,
32766,5934,1522,121,155,
32766,5939,1520,121,159,
32766,5928,1516,118,153,
32766,5932,1514,123,157,
32766,5944,1509,123,168,
32766,5933,1511,130,156,
32766,5937,1519,126,154,
32766,5932,1519,113,153,
32766,5930,1518,125,164,
32766,5936,1518,120,157,
32766,5929,1517,123,166,
32766,5926,1514,121,161,
32766,5926,1513,128,157,
32766,5924,1525,126,159,
32766,5926,1516,123,160,
32766,5924,1516,116,153,
32766,5924,1518,131,161,
32766,5927,1508,123,166,
32766,5923,1520,124,161,
32766,5931,1523,122,161,
32766,5921,1515,125,168,
32766,5922,1500,121,162,
32766,5914,1514,124,158,
32766,5917,1513,122,152,
32766,5921,1522,118,155,
32766,5916,1514,123,156,
32766,5920,1507,122,164,
32766,5915,1518,124,153,
32766,5909,1511,119,157,
32766,5914,1510,116,149,
32766,5916,1519,119,152,
32766,5909,1502,118,166,
32766,5898,1514,123,161,
32766,5897,1503,122,154,
32766,5894,1508,115,160,
32766,5886,1512,126,161,
32766,5886,1505,126,159,
32766,5886,1508,122,166,
32766,5878,1502,120,158,
32766,5877,1500,118,157,
32766,5865,1501,121,159,
32766,5865,1497,124,152,
32766,5880,1499,122,152,
32766,5856,1494,119,165,
32766,5872,1501,117,161,
32766,5868,1494,116,161,
32766,5856,1492,120,156,
32766,5870,1496,119,153,
32766,5862,1497,124,142,
32766,5866,1478,121,154,
32766,5867,1492,123,161,
32766,5865,1499,132,155,
32766,5868,1495,123,159,
32766,5861,1501,120,161,
32766,5855,1487,116,164,
32766,5873,1503,117,161,
32766,5861,1495,118,154,
32766,5858,1502,123,162,
32766,5873,1493,108,157,
32766,5865,1501,123,158,
32766,5872,1491,125,155,
32766,5870,1494,119,162,
32766,5864,1495,117,159,
32766,5864,1493,125,157,
32766,5861,1490,112,158,
32766,5865,1497,120,150,
32766,5858,1500,115,161,
32766,5863,1492,110,156,
32766,5863,1489,123,152,
32766,5865,1486,117,154,
32766,5873,1493,114,160,
32766,5862,1496,113,155,
32766,5857,1495,122,158,
32766,5856,1498,122,144,
32766,5852,1498,123,151,
32766,5858,1489,126,163,
32766,5852,1494,116,150,
32766,5848,1499,116,156,
32766,5849,1489,118,157,
32766,5841,1493,128,162,
32766,5854,1488,132,154,
32766,5849,1496,121,155,
32766,5845,1490,127,153,
32766,5850,1494,119,154,
32766,5851,1485,121,156,
32766,5847,1497,119,151,
32766,5829,1484,123,161,
32766,5840,1490,118,159,
32766,5842,1485,127,155,
32766,5841,1485,113,150,
32766,5842,1497,120,156,
32766,5840,1489,123,155,
32766,5846,1490,118,154,
32766,5835,1486,116,155,
32766,5848,1489,116,154,
32766,5849,1489,117,157,
32766,5841,1489,123,167,
32766,5854,1490,118,151,
32766,5855,1485,127,153,
32766,5852,1489,120,159,
32766,5852,1488,122,161,
32766,5869,1494,123,145,
32766,5862,1482,126,151,
32766,5870,1487,125,160,
32766,5857,1477,122,149,
32766,5869,1498,125,149,
32766,5852,1491,126,163,
32766,5862,1495,122,148,
32766,5854,1495,124,147,
32766,5852,1492,118,151,
32766,5844,1489,120,146,
32766,5850,1492,119,157,
32766,5845,1491,126,156,
32766,5837,1483,122,146,
32766,5828,1488,120,150,
32766,5820,1492,116,154,
32766,5825,1481,113,151,
32766,5817,1492,123,161,
32766,5816,1484,118,158,
32766,5811,1484,125,164,
32766,5816,1474,112,160,
32766,5809,1476,134,160,
32766,5806,1491,119,166,
32766,5805,1479,129,158,
32766,5806,1480,119,157,
32766,5807,1479,123,166,
32766,5804,1491,117,169,
32766,5798,1486,113,155,
32766,5803,1485,126,163,
32766,5801,1487,129,160,
32766,5810,1477,119,157,
32766,5811,1492,126,157,
32766,5812,1488,124,158,
32766,5817,1497,125,155,
32766,5819,1496,123,154,
32766,5824,1493,128,155,
32766,5822,1490,127,158,
32766,5834,1500,122,160,
32766,5828,1485,122,164,
32766,5834,1491,117,160,
32766,5824,1496,127,159,
32766,5837,1484,125,164,
32766,5825,1487,125,153,
32766,5826,1493,127,157,
32766,5823,1505,120,165,
32766,5824,1496,119,156,
32766,5824,1501,125,169,
32766,5827,1495,120,160,
32766,5811,1495,129,168,
32766,5818,1496,128,158,
32766,5799,1484,128,156,
32766,5802,1498,117,168,
32766,5794,1482,123,158,
32766,5760,1491,121,155,
32766,5747,1471,126,159,
32766,5730,1473,121,167,
32766,5690,1468,125,162,
32766,5680,1463,123,153,
32766,5680,1464,115,145,
32766,5632,1459,123,151,
32766,5622,1441,114,148,
32766,5583,1447,119,142,
32766,5583,1431,112,143,
32766,5590,1432,124,145,
32766,5596,1437,113,154,
32766,5609,1426,119,149,
32766,5661,1439,109,138,
32766,5740,1447,104,148,
32766,5817,1446,114,154,
32766,5859,1437,119,144,
32766,5888,1450,109,146,
32766,6057,1468,112,131,
32766,6210,1487,113,132,
32766,6311,1488,109,123,
32766,6687,1559,98,134,
32766,7098,1631,111,125,
32766,7578,1715,103,129,
32766,8444,1901,112,138,
32766,9608,2175,116,141,
32766,11003,2583,132,169,
32766,12357,2989,142,169,
32766,13707,3459,153,182,
32766,14914,4023,179,203,
32766,15776,4544,183,218,
32766,16365,5043,199,225,
32766,16951,5814,220,245,
32766,17105,6243,239,268,
32766,17136,6562,278,274,
32766,17088,6819,284,286,
32766,17004,6983,303,305,
32766,16945,7084,321,307,
32766,16918,7156,333,320,
32766,16913,7198,347,330,
32766,16953,7200,345,327,
32766,16977,7195,348,336,
32766,16993,7181,359,340,
32766,17000,7246,344,338,
32766,17015,7252,349,334,
32766,17049,7252,348,336,
32766,17090,7259,338,342,
32766,17097,7306,352,333,
32766,17063,7373,359,336,
32766,17052,7411,357,334,
32766,17048,7431,355,341,
32766,17039,7453,356,335,
32766,17054,7468,357,336,
32766,17024,7497,353,345,
32766,16977,7560,373,349,
32766,16974,7576,368,343,
32766,16987,7561,368,342,
32766,17017,7553,359,338,
32766,17064,7513,358,353,
32766,17111,7482,356,339,
32766,17156,7442,355,331,
32766,17173,7409,348,338,
32766,17195,7410,349,334,
32766,17180,7424,345,337,
32766,17174,7426,341,337,
32766,17176,7429,341,342,
32766,17177,7421,343,333,
32766,17190,7429,348,336,
32766,17203,7410,346,336,
32766,17215,7402,346,334,
32766,17227,7387,348,334,
32766,17232,7371,345,327,
32766,17231,7373,341,331,
32766,17225,7363,345,331,
32766,17246,7339,337,334,
32766,17262,7324,334,331,
32766,17256,7308,334,324,
32766,17266,7309,346,332,
32766,17256,7302,337,326,
32766,17268,7321,340,322,
32766,17276,7287,341,321,
32766,17284,7296,345,326,
32766,17281,7297,335,327,
32766,17290,7282,337,331,
32766,17304,7278,340,325,
32766,17310,7263,336,325,
32766,17322,7247,328,323,
32766,17320,7248,332,321,
32766,17323,7261,324,321,
32766,17328,7242,328,322,
32766,17336,7234,329,322,
32766,17339,7234,335,328,
32766,17351,7233,337,320,
32766,17347,7227,330,325,
32766,17345,7228,325,327,
32766,17343,7228,338,328,
32766,17346,7244,333,318,
32766,17342,7252,332,333,
32766,17339,7253,333,329,
32766,17335,7265,335,326,
32766,17338,7278,327,326,
32766,17336,7278,328,328,
32766,17332,7290,336,326,
32766,17325,7292,330,330,
32766,17320,7307,334,332,
32766,17329,7302,336,344,
32766,17307,7314,335,326,
32766,17315,7318,343,333,
32766,17321,7323,347,323,
32766,17316,7334,340,324,
32766,17314,7341,338,328,
32766,17310,7345,347,327,
32766,17303,7352,331,336,
32766,17303,7358,343,334,
32766,17302,7367,334,335,
32766,17294,7378,344,328,
32766,17298,7389,330,327,
32766,17288,7382,332,326,
32766,17293,7391,337,330,
32766,17292,7387,337,330,
32766,17293,7398,346,323,
32766,17304,7390,353,328,
32766,17294,7389,346,324,
32766,17298,7389,344,326,
32766,17293,7379,341,324,
32766,17297,7380,339,333,
32766,17313,7380,330,321,
32766,17309,7369,338,321,
32766,17327,7361,335,329,
32766,17317,7316,337,326,
32766,17312,7281,334,331,
32766,17306,7249,339,322,
32766,17310,7226,325,331,
32766,17311,7205,321,323,
32766,17313,7172,317,314,
32766,17310,7159,330,323,
32766,17309,7129,331,316,
32766,17303,7100,323,327,
32766,17306,7080,318,304,
32766,17296,7053,319,319,
32766,17298,7048,320,322,
32766,17289,7029,315,317,
32766,17294,7024,319,317,
32766,17284,7014,315,314,
32766,17296,7002,319,318,
32766,17287,7018,311,320,
32766,17287,7029,316,315,
32766,17280,7043,311,315,
32766,17274,7044,332,315,
32766,17273,7065,309,327,
32766,17279,7069,333,325,
32766,17256,7079,323,315,
32766,17270,7085,319,324,
32766,17271,7101,320,320,
32766,17260,7101,325,319,
32766,17261,7114,328,319,
32766,17253,7110,334,323,
32766,17260,7105,326,322,
32766,17257,7118,332,328,
32766,17263,7114,320,322,
32766,17256,7104,330,324,
32766,17270,7102,331,318,
32766,17277,7088,325,323,
32766,17276,7082,320,321,
32766,17285,7084,323,326,
32766,17287,7073,326,317,
32766,17283,7063,323,324,
32766,17292,7072,318,315,
32766,17296,7051,329,325,
32766,17296,7050,325,310,
32766,17298,7047,325,314,
32766,17298,7048,323,326,
32766,17313,7053,319,318,
32766,17308,7068,322,312,
32766,17305,7066,328,320,
32766,17305,7080,324,324,
32766,17306,7082,324,318,
32766,17309,7072,330,314,
32766,17308,7079,322,334,
32766,17314,7082,324,314,
32766,17317,7082,326,319,
32766,17316,7085,318,323,
32766,17309,7087,328,321,
32766,17322,7088,325,315,
32766,17317,7108,326,323,
32766,17317,7098,321,320,
32766,17313,7092,335,323,
32766,17316,7089,318,322,
32766,17318,7084,323,323,
32766,17323,7079,320,317,
32766,17323,7073,322,318,
32766,17326,7082,324,325,
32766,17326,7083,324,313,
32766,17319,7089,327,316,
32766,17325,7087,326,314,
32766,17318,7080,327,325,
32766,17324,7087,316,326,
32766,17313,7098,327,324,
32766,17319,7091,319,316,
32766,17328,7093,328,317,
32766,17327,7085,326,323,
32766,17326,7076,319,318,
32766,17322,7082,326,321,
32766,17329,7069,321,306,
32766,17328,7071,325,318,
32766,17326,7084,324,325,
32766,17324,7082,321,321,
32766,17337,7074,319,328,
32766,17330,7079,325,324,
32766,17325,7069,314,314,
32766,17329,7076,325,323,
32766,17340,7068,320,320,
32766,17334,7077,313,322,
32766,17335,7079,330,326,
32766,17339,7089,320,320,
32766,17326,7081,327,320,
32766,17327,7074,323,324,
32766,17341,7060,319,324,
32766,17347,7065,327,324,
32766,17345,7060,326,318,
32766,17337,7040,316,325,
32766,17347,7038,316,320,
32766,17346,7034,318,328,
32766,17339,7041,331,309,
32766,17339,7051,329,308,
32766,17345,7048,321,313,
32766,17343,7059,324,315,
32766,17343,7044,322,320,
32766,17336,7061,324,312,
32766,17340,7046,326,323,
32766,17334,7052,326,314,
32766,17340,7050,329,316,
32766,17341,7046,328,328,
32766,17339,7043,321,318,
32766,17344,7050,328,304,
32766,17340,7042,325,325,
32766,17345,7031,326,319,
32766,17333,7036,318,320,
32766,17345,7034,321,317,
32766,17350,7036,321,323,
32766,17347,7028,323,314,
32766,17351,7026,314,322,
32766,17355,7021,315,320,
32766,17354,7022,321,304,
32766,17349,7025,331,320,
32766,17360,7018,316,319,
32766,17356,7020,316,317,
32766,17357,7020,323,323,
32766,17364,7022,328,318,
32766,17362,7027,314,307,
32766,17357,7030,324,325,
32766,17356,7033,316,317,
32766,17345,7032,317,326,
32766,17361,7037,316,326,
32766,17358,7037,327,319,
32766,17367,7035,324,316,
32766,17358,7023,316,318,
32766,17360,7023,326,319,
32766,17356,7015,326,307,
32766,17363,7005,320,323,
32766,17368,7005,313,315,
32766,17374,6992,313,316,
32766,17368,6991,320,313,
32766,17364,6998,314,307,
32766,17369,6989,315,320,
32766,17374,6989,321,323,
32766,17368,6983,316,317,
32766,17366,6983,318,312,
32766,17368,6983,319,311,
32766,17379,6991,319,302,
32766,17382,6975,323,321,
32766,17378,6985,319,317,
32766,17372,6987,316,321,
32766,17378,6984,313,313,
32766,17386,6963,307,309,
32766,17381,6959,320,317,
32766,17382,6951,315,316,
32766,17398,6938,306,303,
32766,17387,6931,320,315,
32766,17395,6931,314,316,
32766,17398,6928,317,323,
32766,17401,6912,311,328,
32766,17403,6906,314,318,
32766,17396,6886,322,318,
32766,17400,6874,310,319,
32766,17399,6889,313,310,
32766,17400,6889,309,317,
32766,17411,6863,305,313,
32766,17406,6850,310,320,
32766,17429,6833,312,302,
32766,17407,6838,308,317,
32766,17413,6813,312,320,
32766,17422,6799,305,312,
32766,17423,6789,306,316,
32766,17421,6779,315,315,
32766,17436,6756,305,308,
32766,17429,6755,307,313,
32766,17422,6739,315,308,
32766,17424,6739,311,309,
32766,17436,6751,305,317,
32766,17439,6749,308,317,
32766,17451,6751,305,314,
32766,17438,6741,300,316,
32766,17435,6730,307,303,
32766,17447,6724,301,315,
32766,17441,6729,297,306,
32766,17435,6720,304,305,
32766,17442,6724,313,303,
32766,17444,6712,309,309,
32766,17448,6698,294,305,
32766,17435,6708,304,310,
32766,17440,6718,305,309,
32766,17437,6714,292,303,
32766,17450,6707,300,310,
32766,17448,6720,309,311,
32766,17447,6720,306,310,
32766,17462,6721,306,312,
32766,17458,6705,294,309,
32766,17460,6701,308,322,
32766,17460,6692,303,319,
32766,17470,6694,295,299,
32766,17472,6710,299,299,
32766,17477,6721,302,311,
32766,17483,6708,305,311,
32766,17478,6708,305,305,
32766,17484,6705,303,306,
32766,17490,6695,293,308,
32766,17499,6703,311,303,
32766,17505,6703,302,307,
32766,17506,6710,302,311,
32766,17510,6700,297,307,
32766,17504,6681,307,299,
32766,17505,6676,297,304,
32766,17506,6645,295,305,
32766,17503,6648,311,302,
32766,17512,6635,299,301,
32766,17505,6630,304,303,
32766,17508,6641,305,315,
32766,17509,6660,296,306,
32766,17515,6689,305,314,
32766,17518,6691,302,305,
32766,17526,6700,293,306,
32766,17520,6697,294,313,
32766,17523,6705,304,305,
32766,17523,6705,295,307,
32766,17521,6706,304,307,
32766,17528,6710,308,296,
32766,17513,6699,305,313,
32766,17521,6699,301,305,
32766,17522,6695,293,307,
32766,17513,6692,302,309,
32766,17522,6690,290,300,
32766,17521,6698,292,311,
32766,17522,6707,304,303,
32766,17517,6722,309,307,
32766,17514,6727,306,306,
32766,17507,6735,297,304,
32766,17516,6732,314,311,
32766,17509,6731,300,307,
32766,17515,6742,292,306,
32766,17515,6735,302,308,
32766,17517,6745,293,307,
32766,17516,6750,306,315,
32766,17514,6740,294,305,
32766,17516,6756,306,308,
32766,17511,6749,304,294,
32766,17529,6747,302,310,
32766,17506,6748,297,307,
32766,17513,6746,303,306,
32766,17509,6739,299,302,
32766,17517,6741,303,316,
32766,17518,6734,303,311,
32766,17512,6731,304,297,
32766,17510,6725,300,315,
32766,17512,6721,304,308,
32766,17530,6709,299,298,
32766,17529,6703,298,305,
32766,17519,6714,306,291,
32766,17525,6718,308,298,
32766,17514,6716,299,299,
32766,17518,6715,301,295,
32766,17505,6715,294,291,
32766,17518,6696,299,293,
32766,17506,6660,299,292,
32766,17509,6615,288,309,
32766,17497,6576,289,294,
32766,17507,6534,287,299,
32766,17482,6476,274,300,
32766,17483,6443,272,286,
32766,17462,6413,275,291,
32766,17455,6369,275,279,
32766,17437,6305,264,281,
32766,17425,6250,259,276,
32766,17401,6183,253,275,
32766,17362,6072,255,269,
32766,17301,5884,243,251,
32766,17138,5598,226,251,
32766,16927,5304,210,229,
32766,16586,4949,202,209,
32766,16110,4573,185,209,
32766,15554,4229,172,201,
32766,15101,3985,153,197,
32766,14742,3809,153,191,
32766,14414,3658,148,186,
32766,14034,3499,150,186,
32766,13615,3337,137,172,
32766,13211,3187,141,178,
32766,12798,3035,133,171,
32766,12392,2913,133,159,
32766,12033,2816,135,168,
32766,11696,2718,120,155,
32766,11413,2636,121,154,
32766,11232,2580,119,148,
32766,11040,2530,124,151,
32766,10854,2486,117,141,
32766,10656,2434,117,145,
32766,10412,2384,123,146,
32766,10165,2309,126,154,
32766,9904,2259,121,148,
32766,9627,2182,114,141,
32766,9326,2115,111,139,
32766,9161,2077,121,139,
32766,9118,2080,115,144,
32766,9020,2040,127,146,
32766,8873,2013,122,150,
32766,8767,1990,127,141,
32766,8658,1970,116,147,
32766,8494,1936,120,150,
32766,8301,1897,131,133,
32766,8088,1855,112,144,
32766,7921,1819,113,146,
32766,7804,1795,113,139,
32766,7724,1784,125,145,
32766,7616,1773,120,145,
32766,7456,1746,113,153,
32766,7276,1713,120,155,
32766,7100,1681,118,154,
32766,6996,1661,113,153,
32766,6904,1649,122,147,
32766,6801,1643,123,165,
32766,6736,1636,126,156,
32766,6686,1633,125,159,
32766,6647,1633,127,162,
32766,6587,1640,124,167,
32766,6558,1632,119,159,
32766,6530,1639,128,168,
32766,6507,1635,130,168,
32766,6472,1629,123,167,
32766,6433,1623,124,172,
32766,6418,1617,131,167,
32766,6414,1631,129,176,
32766,6429,1633,148,171,
32766,6430,1651,150,185,
32766,6575,1684,144,202,
32766,6807,1757,148,203,
32766,6844,1774,146,201,
32766,6756,1745,150,204,
32766,6872,1770,155,208,
32766,6942,1786,167,212,
32766,6930,1793,154,208,
32766,6917,1801,154,214,
32766,6932,1807,166,209,
32766,6920,1802,148,211,
32766,6866,1786,162,210,
32766,6817,1773,157,207,
32766,6800,1780,156,207,
32766,6786,1773,159,214,
32766,6807,1779,156,216,
32766,6812,1777,158,212,
32766,6821,1781,155,209,
32766,6817,1768,153,214,
32766,6807,1768,148,199,
32766,6812,1778,154,205,
32766,6811,1771,162,201,
32766,6802,1777,140,207,
32766,6794,1772,162,200,
32766,6791,1760,151,209,
32766,6776,1756,146,211,
32766,6759,1764,139,204,
32766,6752,1757,148,211,
32766,6750,1748,154,209,
32766,6747,1763,154,207,
32766,6739,1749,156,211,
32766,6745,1755,148,207,
32766,6729,1762,150,192,
32766,6732,1739,154,211,
32766,6739,1750,156,207,
32766,6728,1756,160,210,
32766,6740,1751,163,215,
32766,6746,1749,153,211,
32766,6752,1754,149,198,
32766,6761,1752,148,205,
32766,6752,1745,158,205,
32766,6751,1752,149,201,
32766,6752,1758,153,210,
32766,6755,1759,152,201,
32766,6757,1759,156,197,
32766,6759,1752,150,202,
32766,6754,1757,154,204,
32766,6755,1754,158,200,
32766,6750,1752,151,212,
32766,6752,1753,156,202,
32766,6757,1755,146,210,
32766,6750,1747,153,205,
32766,6745,1758,150,199,
32766,6753,1759,161,212,
32766,6750,1752,149,208,
32766,6758,1748,161,205,
32766,6744,1756,158,199,
32766,6743,1751,154,197,
32766,6747,1760,155,200,
32766,6743,1755,156,205,
32766,6752,1751,154,204,
32766,6756,1749,150,212,
32766,6750,1754,153,212,
32766,6752,1744,145,203,
32766,6751,1754,154,202,
32766,6745,1750,146,203,
32766,6734,1740,153,205,
32766,6733,1754,148,201,
32766,6738,1752,157,204,
32766,6745,1743,153,197,
32766,6747,1751,152,210,
32766,6742,1760,162,197,
32766,6743,1751,155,200,
32766,6743,1751,156,204,
32766,6757,1745,141,204,
32766,6756,1757,150,202,
32766,6758,1757,146,207,
32766,6747,1741,157,199,
32766,6745,1759,153,205,
32766,6752,1749,147,204,
32766,6750,1744,146,206,
32766,6751,1742,145,201,
32766,6739,1753,154,195,
32766,6746,1749,143,207,
32766,6753,1760,146,204,
32766,6745,1752,153,206,
32766,6725,1738,158,199,
32766,6735,1739,148,199,
32766,6744,1748,151,196,
32766,6749,1747,148,202,
32766,6745,1748,149,199,
32766,6738,1732,144,207,
32766,6728,1746,150,201,
32766,6729,1745,158,198,
32766,6723,1743,149,203,
32766,6733,1739,152,193,
32766,6724,1737,145,198,
32766,6729,1744,151,205,
32766,6722,1751,151,208,
32766,6722,1735,144,198,
32766,6722,1737,150,210,
32766,6715,1737,151,202,
32766,6717,1735,158,196,
32766,6716,1741,150,194,
32766,6717,1753,156,203,
32766,6718,1751,152,204,
32766,6711,1737,146,205,
32766,6712,1744,149,200,
32766,6709,1734,157,212,
32766,6713,1741,149,204,
32766,6724,1732,144,198,
32766,6715,1734,156,207,
32766,6716,1744,152,204,
32766,6731,1741,150,197,
32766,6724,1747,143,204,
32766,6731,1751,153,196,
32766,6728,1754,156,204,
32766,6743,1741,141,202,
32766,6742,1740,152,207,
32766,6743,1748,159,211,
32766,6759,1755,153,208,
32766,6757,1751,149,201,
32766,6757,1752,154,208,
32766,6768,1745,140,206,
32766,6768,1750,148,204,
32766,6759,1747,152,196,
32766,6766,1744,155,207,
32766,6750,1745,154,204,
32766,6758,1745,144,193,
32766,6756,1735,148,201,
32766,6751,1748,145,187,
32766,6753,1753,155,204,
32766,6747,1749,153,196,
32766,6738,1744,152,200,
32766,6746,1743,153,191,
32766,6738,1739,146,204,
32766,6743,1740,142,205,
32766,6727,1738,143,202,
32766,6732,1736,141,202,
32766,6727,1738,155,205,
32766,6726,1737,146,208,
32766,6728,1734,156,193,
32766,6723,1739,160,201,
32766,6730,1732,148,200,
32766,6727,1742,151,199,
32766,6733,1737,156,200,
32766,6729,1747,151,192,
32766,6734,1736,149,211,
32766,6725,1742,155,199,
32766,6729,1734,161,202,
32766,6740,1738,154,199,
32766,6726,1740,145,208,
32766,6744,1733,154,213,
32766,6730,1737,151,201,
32766,6722,1733,149,196,
32766,6732,1739,160,200,
32766,6722,1739,154,207,
32766,6733,1742,150,201,
32766,6752,1751,153,199,
32766,6744,1738,151,213,
32766,6732,1747,163,210,
32766,6735,1739,149,199,
32766,6744,1738,158,196,
32766,6733,1728,146,198,
32766,6725,1731,149,194,
32766,6726,1736,142,196,
32766,6719,1738,145,206,
32766,6721,1737,144,195,
32766,6721,1736,144,204,
32766,6720,1734,149,195,
32766,6721,1724,151,211,
32766,6708,1732,154,206,
32766,6702,1751,142,202,
32766,6706,1745,154,206,
32766,6726,1736,153,193,
32766,6711,1741,145,202,
32766,6733,1727,145,199,
32766,6727,1737,145,201,
32766,6725,1738,147,199,
32766,6722,1733,153,202,
32766,6721,1732,145,195,
32766,6722,1730,150,199,
32766,6718,1729,150,201,
32766,6712,1733,147,192,
32766,6720,1728,152,197,
32766,6711,1740,147,201,
32766,6716,1734,148,201,
32766,6711,1724,144,194,
32766,6722,1730,153,207,
32766,6711,1730,154,192,
32766,6702,1731,155,196,
32766,6708,1732,147,200,
32766,6717,1731,156,201,
32766,6711,1725,142,199,
32766,6706,1724,146,200,
32766,6709,1730,148,196,
32766,6715,1732,149,204,
32766,6716,1724,155,197,
32766,6706,1721,139,199,
32766,6710,1715,143,188,
32766,6712,1724,145,186,
32766,6702,1727,150,194,
32766,6695,1729,144,197,
32766,6697,1728,143,194,
32766,6701,1729,152,194,
32766,6695,1719,150,202,
32766,6688,1717,144,194,
32766,6690,1725,144,206,
32766,6678,1715,152,199,
32766,6678,1731,144,195,
32766,6658,1715,159,190,
32766,6673,1729,156,187,
32766,6684,1720,151,200,
32766,6674,1723,146,192,
32766,6676,1715,143,202,
32766,6677,1718,145,202,
32766,6682,1719,147,196,
32766,6670,1724,146,195,
32766,6674,1715,151,198,
32766,6677,1725,149,201,
32766,6680,1718,151,194,
32766,6678,1716,142,196,
32766,6661,1714,138,191,
32766,6674,1715,151,202,
32766,6676,1716,139,192,
32766,6657,1719,153,196,
32766,6659,1717,142,193,
32766,6660,1711,147,194,
32766,6669,1710,150,192,
32766,6647,1706,149,202,
32766,6653,1712,143,197,
32766,6650,1711,147,206,
32766,6646,1704,146,198,
32766,6657,1712,134,199,
32766,6650,1706,142,204,
32766,6643,1702,146,192,
32766,6651,1716,137,200,
32766,6650,1714,138,188,
32766,6641,1709,144,203,
32766,6650,1714,148,202,
32766,6633,1716,152,197,
32766,6636,1716,145,198,
32766,6642,1712,145,195,
32766,6626,1715,148,196,
32766,6636,1706,151,198,
32766,6629,1708,144,199,
32766,6640,1709,142,190,
32766,6635,1705,141,194,
32766,6634,1708,144,199,
32766,6626,1694,142,190,
32766,6640,1710,145,201,
32766,6638,1705,147,193,
32766,6627,1706,146,200,
32766,6632,1702,153,207,
32766,6637,1705,136,201,
32766,6625,1712,140,200,
32766,6629,1710,144,206,
32766,6628,1703,155,194,
32766,6640,1702,143,200,
32766,6620,1709,139,190,
32766,6626,1707,141,196,
32766,6629,1701,141,182,
32766,6627,1698,146,196,
32766,6627,1698,136,197,
32766,6622,1693,152,193,
32766,6618,1694,146,189,
32766,6625,1711,143,199,
32766,6622,1699,150,192,
32766,6618,1696,143,196,
32766,6623,1700,151,204,
32766,6615,1703,141,199,
32766,6617,1701,136,190,
32766,6623,1695,141,195,
32766,6613,1705,142,195,
32766,6617,1704,136,198,
32766,6615,1705,150,196,
32766,6611,1700,145,198,
32766,6622,1708,150,187,
32766,6620,1701,135,193,
32766,6613,1711,151,193,
32766,6603,1704,136,204,
32766,6608,1702,145,195,
32766,6602,1695,146,187,
32766,6594,1694,137,202,
32766,6593,1699,145,197,
32766,6596,1697,145,198,
32766,6585,1687,139,199,
32766,6590,1700,152,185,
32766,6583,1698,152,191,
32766,6578,1693,141,202,
32766,6584,1690,140,186,
32766,6575,1691,148,189,
32766,6576,1702,139,193,
32766,6576,1697,148,198,
32766,6575,1695,139,190,
32766,6575,1698,148,207,
32766,6578,1703,146,195,
32766,6569,1685,146,198,
32766,6572,1703,136,181,
32766,6570,1696,152,190,
32766,6574,1700,146,206,
32766,6570,1688,147,198,
32766,6561,1704,145,202,
32766,6562,1691,140,205,
32766,6579,1685,142,192,
32766,6577,1693,141,203,
32766,6568,1696,144,196,
32766,6576,1701,142,203,
32766,6572,1697,146,200,
32766,6574,1699,143,199,
32766,6585,1699,147,192,
32766,6576,1703,138,200,
32766,6587,1714,148,196,
32766,6587,1699,151,204,
32766,6593,1698,151,204,
32766,6592,1711,146,205,
32766,6588,1710,136,186,
32766,6596,1713,146,195,
32766,6596,1707,155,190,
32766,6597,1713,146,205,
32766,6609,1709,147,201,
32766,6621,1708,151,199,
32766,6626,1716,148,201,
32766,6628,1713,153,206,
32766,6634,1724,149,214,
32766,6626,1721,156,203,
32766,6633,1720,160,202,
32766,6630,1718,143,201,
32766,6635,1723,152,195,
32766,6618,1719,147,198,
32766,6611,1714,153,195,
32766,6619,1724,155,209,
32766,6618,1717,154,204,
32766,6623,1721,151,203,
32766,6622,1718,156,195,
32766,6615,1729,147,208,
32766,6620,1711,142,204,
32766,6623,1716,143,197,
32766,6618,1722,156,206,
32766,6614,1725,150,206,
32766,6614,1721,159,199,
32766,6614,1716,152,202,
32766,6620,1720,151,211,
32766,6629,1727,152,204,
32766,6634,1728,153,210,
32766,6642,1732,152,214,
32766,6647,1737,143,197,
32766,6661,1733,157,204,
32766,6663,1737,154,201,
32766,6673,1741,145,204,
32766,6693,1732,151,198,
32766,6695,1745,145,210,
32766,6708,1761,152,211,
32766,6725,1759,154,207,
32766,6724,1744,159,210,
32766,6740,1744,148,206,
32766,6737,1755,163,205,
32766,6747,1758,158,201,
32766,6761,1758,163,206,
32766,6771,1769,152,202,
32766,6839,1784,160,204,
32766,6868,1790,152,206,
32766,6879,1788,151,208,
32766,6894,1791,159,211,
32766,6907,1802,160,215,
32766,6925,1810,146,204,
32766,6924,1801,154,212,
32766,6941,1808,156,209,
32766,6949,1808,152,203,
32766,6964,1811,163,214,
32766,6968,1812,146,206,
32766,6981,1818,151,206,
32766,6985,1818,153,218,
32766,6983,1821,161,209,
32766,6980,1812,150,215,
32766,6981,1819,150,209,
32766,6984,1817,149,211,
32766,6995,1818,172,214,
32766,6984,1826,164,212,
32766,6978,1811,158,211,
32766,6997,1819,158,214,
32766,6985,1825,166,210,
32766,6998,1832,152,208,
32766,6982,1820,158,216,
32766,6990,1822,156,210,
32766,6993,1822,154,215,
32766,6987,1812,167,217,
32766,6971,1813,162,216,
32766,6974,1814,157,217,
32766,6969,1815,155,218,
32766,6983,1822,162,215,
32766,7086,1843,159,205,
32766,6844,1773,157,207,
32766,6958,1805,152,213,
32766,7129,1850,169,219,
32766,6964,1809,158,221,
32766,6959,1804,160,207,
32766,7022,1826,157,205,
32766,7007,1813,160,204,
32766,7021,1819,166,222,
32766,7053,1836,167,217,
32766,6983,1811,157,211,
32766,6967,1805,156,211,
32766,6975,1799,152,211,
32766,7001,1805,154,208,
32766,6962,1800,145,207,
32766,6931,1794,155,210,
32766,6992,1808,155,204,
32766,7001,1817,160,209,
32766,7003,1807,155,206,
32766,6987,1803,158,208,
32766,6997,1805,151,207,
32766,7048,1818,158,221,
32766,7054,1822,159,213,
32766,7051,1823,159,214,
32766,7049,1828,156,208,
32766,7085,1834,153,208,
32766,7085,1839,150,209,
32766,7083,1829,162,211,
32766,7062,1832,164,212,
32766,7082,1829,168,213,
32766,7073,1836,154,214,
32766,7053,1828,155,208,
32766,7048,1824,164,208,
32766,7056,1831,157,217,
32766,7064,1837,160,201,
32766,7045,1838,157,218,
32766,7044,1827,165,214,
32766,7045,1834,166,205,
32766,7063,1837,159,211,
32766,7052,1823,158,203,
32766,7051,1829,171,208,
32766,7045,1829,164,214,
32766,7052,1836,153,211,
32766,7053,1821,149,215,
32766,7048,1836,152,224,
32766,7040,1827,156,215,
32766,7046,1823,167,216,
32766,7023,1819,161,213,
32766,7022,1821,156,215,
32766,7018,1825,147,202,
32766,7024,1827,158,213,
32766,7034,1826,157,210,
32766,7022,1822,158,221,
32766,7026,1823,160,207,
32766,7009,1818,152,212,
32766,7025,1819,156,214,
32766,7017,1821,157,208,
32766,7018,1818,158,213,
32766,7016,1818,150,213,
32766,7009,1819,152,212,
32766,7009,1820,156,205,
32766,7023,1816,157,211,
32766,7005,1817,159,209,
32766,6992,1809,159,207,
32766,6985,1808,169,217,
32766,6972,1808,158,213,
32766,6971,1801,149,211,
32766,6957,1811,160,216,
32766,6960,1798,150,217,
32766,6965,1792,154,201,
32766,6938,1805,153,212,
32766,6951,1801,152,211,
32766,6941,1806,149,209,
32766,6943,1799,160,216,
32766,6930,1794,164,205,
32766,6931,1797,162,210,
32766,6927,1794,157,215,
32766,6921,1787,155,210,
32766,6922,1793,153,203,
32766,6898,1797,156,219,
32766,6888,1792,163,208,
32766,6884,1783,159,208,
32766,6893,1780,145,206,
32766,6877,1777,155,212,
32766,6876,1785,158,207,
32766,6878,1784,160,207,
32766,6868,1780,152,212,
32766,6863,1774,145,214,
32766,6860,1779,154,199,
32766,6847,1769,163,211,
32766,6858,1773,169,197,
32766,6847,1768,161,204,
32766,6847,1778,153,205,
32766,6839,1775,155,208,
32766,6829,1768,156,211,
32766,6835,1777,154,211,
32766,6837,1776,153,204,
32766,6826,1769,157,206,
32766,6826,1773,150,199,
32766,6828,1766,153,202,
32766,6828,1778,155,204,
32766,6831,1764,146,200,
32766,6837,1759,157,197,
32766,6832,1758,162,197,
32766,6815,1770,154,206,
32766,6832,1770,162,209,
32766,6831,1770,148,202,
32766,6828,1767,145,198,
32766,6827,1767,156,207,
32766,6817,1762,148,196,
32766,6825,1760,152,201,
32766,6821,1763,155,213,
32766,6815,1768,157,203,
32766,6802,1755,154,205,
32766,6810,1767,156,201,
32766,6807,1755,152,203,
32766,6803,1762,149,202,
32766,6811,1757,152,208,
32766,6804,1757,153,207,
32766,6792,1757,143,202,
32766,6796,1763,156,206,
32766,6804,1757,164,209,
32766,6806,1754,150,202,
32766,6792,1753,155,198,
32766,6777,1764,156,203,
32766,6784,1752,152,205,
32766,6788,1751,148,199,
32766,6781,1751,146,200,
32766,6788,1756,154,208,
32766,6778,1761,156,196,
32766,6784,1759,155,198,
32766,6782,1758,152,203,
32766,6782,1762,150,203,
32766,6783,1756,159,211,
32766,6780,1754,150,210,
32766,6781,1754,152,200,
32766,6787,1750,146,202,
32766,6784,1745,154,210,
32766,6788,1755,145,199,
32766,6797,1751,148,198,
32766,6784,1759,154,212,
32766,6771,1759,152,206,
32766,6768,1755,145,196,
32766,6773,1749,158,203,
32766,6763,1751,157,208,
32766,6766,1753,141,194,
32766,6755,1756,153,210,
32766,6754,1742,151,199,
32766,6759,1743,148,201,
32766,6754,1747,148,206,
32766,6736,1744,152,206,
32766,6745,1743,152,194,
32766,6737,1749,155,207,
32766,6733,1739,145,200,
32766,6740,1750,150,199,
32766,6741,1741,143,188,
32766,6752,1751,142,203,
32766,6746,1758,147,204,
32766,6754,1756,151,205,
32766,6747,1749,147,201,
32766,6750,1742,154,209,
32766,6756,1751,148,200,
32766,6748,1747,148,204,
32766,6754,1751,153,199,
32766,6756,1755,154,195,
32766,6750,1752,144,205,
32766,6741,1743,157,210,
32766,6750,1751,160,200,
32766,6746,1753,151,203,
32766,6755,1761,143,198,
32766,6741,1742,152,209,
32766,6741,1739,146,198,
32766,6755,1751,157,204,
32766,6755,1755,157,197,
32766,6743,1752,143,196,
32766,6742,1752,155,201,
32766,6749,1750,153,201,
32766,6748,1747,157,199,
32766,6740,1747,151,200,
32766,6748,1746,157,211,
32766,6741,1739,150,198,
32766,6732,1748,146,197,
32766,6742,1743,152,205,
32766,6739,1743,150,196,
32766,6738,1743,150,209,
32766,6733,1748,156,205,
32766,6744,1737,151,204,
32766,6738,1745,148,194,
32766,6734,1734,152,194,
32766,6747,1746,152,203,
32766,6732,1740,149,207,
32766,6750,1746,149,200,
32766,6743,1741,151,210,
32766,6749,1750,151,200,
32766,6740,1745,142,208,
32766,6755,1743,150,205,
32766,6740,1748,154,203,
32766,6748,1746,145,199,
32766,6745,1748,146,208,
32766,6745,1741,149,200,
32766,6741,1739,151,190,
32766,6745,1740,150,197,
32766,6743,1747,150,207,
32766,6743,1747,154,193,
32766,6745,1752,147,189,
32766,6748,1746,144,196,
32766,6747,1750,154,206,
32766,6752,1754,151,214,
32766,6740,1751,144,199,
32766,6750,1746,150,207,
32766,6748,1749,153,201,
32766,6752,1751,157,197,
32766,6747,1747,143,192,
32766,6744,1740,155,206,
32766,6752,1745,146,192,
32766,6749,1758,153,199,
32766,6734,1750,150,201,
32766,6742,1755,154,199,
32766,6734,1736,147,207,
32766,6745,1744,151,201,
32766,6737,1752,156,198,
32766,6738,1742,154,206,
32766,6736,1749,157,199,
32766,6738,1737,153,200,
32766,6736,1748,150,194,
32766,6727,1736,158,204,
32766,6729,1740,154,195,
32766,6722,1743,151,199,
32766,6729,1741,155,204,
32766,6736,1744,149,207,
32766,6735,1743,151,202,
32766,6743,1740,154,194,
32766,6733,1737,145,189,
32766,6735,1740,147,213,
32766,6736,1750,155,207,
32766,6730,1740,159,210,
32766,6736,1742,153,200,
32766,6736,1739,150,199,
32766,6738,1740,149,206,
32766,6735,1746,143,201,
32766,6746,1747,149,206,
32766,6731,1739,158,199,
32766,6733,1750,141,203,
32766,6741,1743,159,199,
32766,6744,1742,144,205,
32766,6749,1743,148,195,
32766,6752,1751,145,196,
32766,6754,1735,152,202,
32766,6747,1738,153,196,
32766,6751,1747,151,197,
32766,6751,1744,152,197,
32766,6761,1746,146,202,
32766,6763,1750,147,192,
32766,6763,1749,152,200,
32766,6765,1751,152,199,
32766,6773,1760,153,197,
32766,6768,1753,147,199,
32766,6766,1752,145,196,
32766,6769,1748,147,208,
32766,6764,1752,151,199,
32766,6781,1748,148,203,
32766,6774,1756,152,200,
32766,6777,1751,151,199,
32766,6777,1759,151,198,
32766,6775,1746,155,193,
32766,6779,1754,146,194,
32766,6776,1755,143,196,
32766,6777,1751,156,201,
32766,6770,1760,157,204,
32766,6755,1749,144,197,
32766,6764,1752,167,189,
32766,6767,1752,154,207,
32766,6762,1748,145,206,
32766,6772,1764,150,209,
32766,6786,1753,151,208,
32766,6792,1762,142,195,
32766,6803,1759,151,208,
32766,6811,1765,153,205,
32766,6811,1767,156,203,
32766,6828,1761,156,199,
32766,6845,1769,154,215,
32766,6849,1776,147,211,
32766,6854,1759,159,201,
32766,6861,1771,152,204,
32766,6864,1782,149,203,
32766,6873,1762,142,200,
32766,6869,1777,152,212,
32766,6874,1767,143,207,
32766,6883,1776,147,216,
32766,6884,1781,160,201,
32766,6880,1787,152,216,
32766,6892,1784,153,207,
32766,6892,1782,155,205,
32766,6885,1781,163,201,
32766,6885,1782,152,217,
32766,6885,1782,148,201,
32766,6880,1788,156,208,
32766,6893,1776,150,205,
32766,6891,1777,144,211,
32766,6894,1790,145,206,
32766,6901,1783,157,206,
32766,6912,1792,159,210,
32766,6917,1784,157,207,
32766,6924,1780,155,217,
32766,6936,1792,150,207,
32766,6933,1790,147,210,
32766,6937,1796,167,201,
32766,6939,1793,149,202,
32766,6950,1787,151,207,
32766,6931,1796,153,212,
32766,6937,1795,162,206,
32766,6936,1803,166,196,
32766,6940,1795,150,202,
32766,6927,1799,158,206,
32766,6925,1791,143,209,
32766,6934,1802,150,210,
32766,6939,1803,151,212,
32766,6951,1797,157,204,
32766,6930,1802,149,200,
32766,6927,1795,155,208,
32766,6936,1811,163,213,
32766,6930,1792,149,205,
32766,6930,1797,153,213,
32766,6927,1794,161,206,
32766,6933,1796,154,204,
32766,6932,1802,149,216,
32766,6948,1798,156,203,
32766,6947,1792,159,207,
32766,6946,1804,158,206,
32766,6957,1804,150,206,
32766,6966,1801,156,203,
32766,6957,1802,157,203,
32766,6963,1802,163,209,
32766,6968,1812,151,214,
32766,6971,1797,160,205,
32766,6979,1807,151,199,
32766,6981,1800,152,210,
32766,6982,1810,154,220,
32766,6981,1801,163,210,
32766,6969,1811,164,211,
32766,6977,1812,159,209,
32766,6966,1798,167,219,
32766,6968,1793,158,203,
32766,6952,1805,159,214,
32766,6948,1798,157,209,
32766,6949,1799,154,206,
32766,6949,1794,151,212,
32766,6938,1797,151,207,
32766,6945,1801,160,212,
32766,6946,1796,155,209,
32766,6935,1804,155,215,
32766,6940,1801,155,198,
32766,6951,1797,148,198,
32766,6969,1799,156,206,
32766,6949,1808,162,208,
32766,6949,1800,150,208,
32766,6936,1798,145,208,
32766,6935,1811,150,210,
32766,6941,1800,151,217,
32766,6936,1797,156,202,
32766,6920,1797,142,201,
32766,6916,1798,162,211,
32766,6903,1789,148,204,
32766,6892,1790,153,201,
32766,6873,1783,150,208,
32766,6867,1777,157,200,
32766,6862,1772,157,202,
32766,6861,1785,154,205,
32766,6864,1776,152,211,
32766,6878,1782,148,212,
32766,6889,1776,149,200,
32766,6904,1787,150,197,
32766,6916,1792,153,208,
32766,6936,1793,154,207,
32766,6949,1795,148,205,
32766,6974,1796,150,212,
32766,6977,1809,157,198,
32766,6988,1806,159,211,
32766,6998,1816,158,216,
32766,7014,1822,164,215,
32766,7020,1809,150,209,
32766,7023,1819,158,217,
32766,7020,1819,172,213,
32766,7032,1813,155,206,
32766,7021,1821,155,213,
32766,7034,1820,161,206,
32766,7022,1818,168,210,
32766,7016,1820,149,218,
32766,7021,1812,155,221,
32766,7017,1823,149,212,
32766,7015,1818,149,209,
32766,7006,1816,155,215,
32766,6992,1809,152,210,
32766,6984,1806,156,212,
32766,6971,1809,158,208,
32766,6961,1799,159,210,
32766,6958,1796,156,206,
32766,6959,1802,165,209,
32766,6951,1795,167,195,
32766,6945,1798,165,215,
32766,6942,1788,155,214,
32766,6945,1799,155,215,
32766,6954,1793,151,212,
32766,6952,1803,142,217,
32766,6954,1801,153,211,
32766,6956,1808,157,209,
32766,6948,1788,160,213,
32766,6955,1802,158,213,
32766,6942,1796,150,210,
32766,6946,1798,154,214,
32766,6948,1799,150,206,
32766,6949,1795,158,213,
32766,6940,1797,149,210,
32766,6932,1801,159,211,
32766,6940,1793,154,215,
32766,6947,1809,151,201,
32766,6945,1802,151,210,
32766,6931,1796,146,210,
32766,6939,1792,156,214,
32766,6942,1797,153,217,
32766,6943,1802,153,208,
32766,6936,1796,155,217,
32766,6940,1798,157,204,
32766,6939,1798,147,206,
32766,6942,1801,157,209,
32766,6932,1794,148,209,
32766,6926,1791,158,209,
32766,6924,1793,148,205,
32766,6921,1794,152,208,
32766,6923,1793,155,203,
32766,6918,1796,156,205,
32766,6911,1795,158,210,
32766,6908,1790,155,205,
32766,6903,1788,154,202,
32766,6910,1781,158,202,
32766,6902,1788,160,207,
32766,6909,1785,153,199,
32766,6902,1788,155,207,
32766,6906,1768,154,210,
32766,6918,1788,153,214,
32766,6905,1789,149,208,
32766,6909,1797,152,200,
32766,6917,1799,165,209,
32766,6923,1793,154,203,
32766,6918,1792,158,204,
32766,6920,1781,156,212,
32766,6911,1785,151,211,
32766,6919,1783,149,203,
32766,6917,1787,158,200,
32766,6915,1783,152,218,
32766,6908,1786,154,206,
32766,6908,1792,153,205,
32766,6902,1793,160,211,
32766,6887,1775,157,201,
32766,6904,1792,152,209,
32766,6900,1794,154,204,
32766,6898,1793,158,200,
32766,6904,1789,160,205,
32766,6905,1779,150,218,
32766,6904,1792,156,207,
32766,6910,1790,154,199,
32766,6905,1785,158,209,
32766,6894,1785,154,200,
32766,6893,1780,152,210,
32766,6893,1780,149,203,
32766,6892,1785,148,200,
32766,6897,1788,142,200,
32766,6879,1783,152,212,
32766,6889,1781,151,206,
32766,6894,1792,152,209,
32766,6885,1782,152,207,
32766,6892,1784,146,200,
32766,6896,1782,150,209,
32766,6885,1783,151,210,
32766,6893,1780,155,208,
32766,6888,1788,164,194,
32766,6892,1780,145,202,
32766,6895,1792,152,194,
32766,6900,1783,151,209,
32766,6895,1783,162,212,
32766,6887,1781,145,208,
32766,6894,1790,151,204,
32766,6888,1790,165,198,
32766,6893,1782,164,205,
32766,6892,1795,160,198,
32766,6892,1780,147,206,
32766,6884,1786,157,206,
32766,6885,1776,153,205,
32766,6897,1781,144,203,
32766,6894,1788,160,196,
32766,6898,1786,147,211,
32766,6911,1790,163,213,
32766,6902,1780,157,207,
32766,6898,1795,152,212,
32766,6896,1784,159,209,
32766,6898,1782,155,200,
32766,6897,1784,162,209,
32766,6897,1783,150,209,
32766,6893,1787,151,210,
32766,6898,1779,155,199,
32766,6905,1784,149,206,
32766,6895,1778,153,202,
32766,6893,1790,157,208,
32766,6887,1774,150,207,
32766,6885,1772,149,201,
32766,6883,1786,171,212,
32766,6885,1777,146,207,
32766,6885,1772,157,196,
32766,6880,1780,153,206,
32766,6885,1784,153,200,
32766,6880,1778,159,212,
32766,6876,1783,153,210,
32766,6875,1776,148,216,
32766,6871,1779,145,207,
32766,6863,1773,151,205,
32766,6863,1768,162,203,
32766,6840,1769,143,211,
32766,6853,1772,142,199,
32766,6829,1765,152,208,
32766,6830,1765,152,199,
32766,6830,1759,150,205,
32766,6824,1755,148,204,
32766,6819,1761,146,206,
32766,6828,1762,150,200,
32766,6803,1755,160,202,
32766,6795,1759,152,194,
32766,6787,1752,142,198,
32766,6786,1749,156,204,
32766,6793,1748,149,202,
32766,6773,1753,148,207,
32766,6756,1744,147,203,
32766,6752,1743,152,197,
32766,6745,1732,148,200,
32766,6735,1742,157,193,
32766,6743,1741,151,200,
32766,6746,1734,149,197,
32766,6739,1737,148,204,
32766,6731,1731,148,206,
32766,6724,1738,144,192,
32766,6723,1731,149,198,
32766,6707,1732,141,195,
32766,6702,1730,149,201,
32766,6699,1732,138,197,
32766,6687,1729,147,205,
32766,6671,1718,140,205,
32766,6649,1717,142,192,
32766,6650,1714,142,201,
32766,6640,1708,149,190,
32766,6622,1710,145,200,
32766,6625,1704,138,194,
32766,6605,1709,147,201,
32766,6595,1704,149,187,
32766,6584,1700,147,195,
32766,6581,1691,146,197,
32766,6568,1701,150,187,
32766,6559,1699,137,202,
32766,6568,1704,144,194,
32766,6562,1689,145,190,
32766,6558,1694,143,200,
32766,6561,1703,148,196,
32766,6554,1689,149,195,
32766,6557,1698,149,196,
32766,6556,1693,138,190,
32766,6565,1697,141,194,
32766,6578,1703,155,197,
32766,6580,1699,141,192,
32766,6582,1700,139,188,
32766,6579,1701,145,205,
32766,6595,1706,151,191,
32766,6604,1709,150,201,
32766,6612,1707,139,191,
32766,6610,1706,149,196,
32766,6623,1711,146,201,
32766,6628,1722,137,196,
32766,6633,1715,139,199,
32766,6649,1716,163,201,
32766,6642,1717,149,189,
32766,6652,1714,151,203,
32766,6656,1721,160,197,
32766,6676,1714,153,198,
32766,6686,1729,142,196,
32766,6677,1729,154,213,
32766,6695,1725,144,192,
32766,6688,1730,147,198,
32766,6697,1741,153,192,
32766,6704,1724,142,197,
32766,6700,1734,141,196,
32766,6704,1726,141,195,
32766,6704,1738,149,198,
32766,6723,1742,151,194,
32766,6720,1735,148,204,
32766,6730,1739,151,196,
32766,6754,1746,143,195,
32766,6738,1741,149,211,
32766,6741,1750,154,205,
32766,6745,1737,144,208,
32766,6750,1745,149,201,
32766,6758,1744,157,205,
32766,6752,1767,149,201,
32766,6747,1743,144,207,
32766,6758,1755,149,209,
32766,6755,1748,151,206,
32766,6767,1752,145,207,
32766,6773,1755,151,206,
32766,6780,1758,149,196,
32766,6779,1746,156,206,
32766,6788,1761,156,214,
32766,6792,1763,148,205,
32766,6807,1762,151,212,
32766,6805,1767,153,201,
32766,6808,1765,155,211,
32766,6820,1765,154,203,
32766,6822,1772,145,213,
32766,6827,1765,158,202,
32766,6825,1763,149,208,
32766,6834,1779,143,206,
32766,6832,1775,161,206,
32766,6839,1774,156,191,
32766,6836,1775,153,200,
32766,6849,1777,165,208,
32766,6842,1773,159,198,
32766,6843,1776,150,211,
32766,6837,1777,151,207,
32766,6834,1780,141,207,
32766,6848,1773,146,203,
32766,6840,1776,154,200,
32766,6850,1784,150,207,
32766,6850,1775,150,201,
32766,6858,1776,159,207,
32766,6851,1774,147,212,
32766,6859,1781,162,200,
32766,6857,1787,157,204,
32766,6849,1780,152,196,
32766,6868,1771,149,194,
32766,6855,1781,148,201,
32766,6856,1772,159,209,
32766,6868,1779,148,210,
32766,6870,1784,141,204,
32766,6875,1787,158,209,
32766,6878,1784,152,206,
32766,6876,1781,149,218,
32766,6873,1788,156,210,
32766,6876,1783,149,220,
32766,6864,1782,156,209,
32766,6863,1780,146,208,
32766,6860,1779,157,208,
32766,6853,1785,152,202,
32766,6860,1778,152,195,
32766,6865,1778,156,197,
32766,6860,1773,150,206,
32766,6860,1787,148,202,
32766,6853,1778,160,210,
32766,6858,1777,138,207,
32766,6854,1784,146,213,
32766,6847,1773,147,216,
32766,6847,1783,149,199,
32766,6845,1771,147,211,
32766,6827,1780,149,213,
32766,6834,1774,159,210,
32766,6839,1774,150,204,
32766,6824,1772,161,204,
32766,6815,1775,148,204,
32766,6826,1771,157,212,
32766,6812,1770,152,208,
32766,6804,1764,155,209,
32766,6799,1762,146,199,
32766,6793,1768,148,205,
32766,6794,1763,153,206,
32766,6803,1762,157,205,
32766,6790,1761,144,204,
32766,6796,1762,148,201,
32766,6795,1762,154,205,
32766,6790,1763,151,199,
32766,6801,1760,146,203,
32766,6800,1760,154,210,
32766,6793,1757,150,205,
32766,6815,1771,149,208,
32766,6805,1773,146,204,
32766,6826,1765,162,203,
32766,6821,1775,160,203,
32766,6818,1756,148,204,
32766,6827,1770,157,208,
32766,6828,1760,150,205,
32766,6813,1759,144,215,
32766,6817,1760,155,212,
32766,6809,1764,156,212,
32766,6814,1761,153,202,
32766,6825,1769,146,207,
32766,6815,1768,149,207,
32766,6823,1767,149,204,
32766,6817,1763,154,195,
32766,6822,1765,151,193,
32766,6811,1767,154,199,
32766,6817,1756,152,210,
32766,6829,1764,154,201,
32766,6820,1770,150,202,
32766,6832,1769,150,210,
32766,6835,1767,147,206,
32766,6829,1771,148,208,
32766,6822,1767,155,202,
32766,6830,1768,151,192,
32766,6817,1764,148,194,
32766,6822,1770,144,203,
32766,6823,1767,142,211,
32766,6829,1771,144,196,
32766,6831,1771,146,196,
32766,6840,1766,156,197,
32766,6837,1773,151,208,
32766,6836,1775,148,208,
32766,6835,1772,149,205,
32766,6835,1778,152,211,
32766,6839,1766,157,201,
32766,6829,1760,153,199,
32766,6830,1771,153,197,
32766,6816,1766,148,202,
32766,6823,1770,155,198,
32766,6813,1762,155,204,
32766,6815,1770,148,203,
32766,6802,1761,152,199,
32766,6794,1757,154,202,
32766,6800,1765,163,206,
32766,6806,1754,153,207,
32766,6797,1758,147,208,
32766,6803,1767,146,206,
32766,6808,1758,154,208,
32766,6801,1762,147,199,
32766,6808,1759,146,192,
32766,6807,1754,156,201,
32766,6803,1765,150,197,
32766,6810,1753,159,199,
32766,6808,1761,152,199,
32766,6807,1756,157,200,
32766,6804,1757,150,207,
32766,6796,1756,148,193,
32766,6793,1761,146,206,
32766,6796,1759,149,201,
32766,6798,1751,145,205,
32766,6805,1773,151,193,
32766,6802,1754,149,205,
32766,6799,1774,143,210,
32766,6814,1764,150,207,
32766,6810,1759,142,207,
32766,6805,1751,144,203,
32766,6802,1754,145,205,
32766,6795,1767,148,198,
32766,6812,1757,150,210,
32766,6802,1757,146,207,
32766,6800,1759,158,199,
32766,6804,1743,151,214,
32766,6793,1755,150,199,
32766,6787,1755,146,200,
32766,6789,1758,157,210,
32766,6789,1752,149,207,
32766,6794,1750,147,192,
32766,6793,1763,148,203,
32766,6803,1757,141,211,
32766,6805,1755,143,198,
32766,6807,1756,161,200,
32766,6793,1761,151,205,
32766,6802,1758,149,203,
32766,6803,1758,151,198,
32766,6805,1755,144,201,
32766,6805,1760,148,205,
32766,6802,1765,154,201,
32766,6802,1764,154,200,
32766,6803,1758,152,198,
32766,6802,1758,150,200,
32766,6797,1759,144,194,
32766,6795,1763,144,199,
32766,6803,1758,154,204,
32766,6801,1764,154,202,
32766,6806,1756,149,198,
32766,6809,1755,151,202,
32766,6801,1767,146,200,
32766,6806,1767,150,200,
32766,6792,1758,144,198,
32766,6801,1768,151,203,
32766,6806,1759,158,204,
32766,6804,1758,153,210,
32766,6806,1761,151,204,
32766,6799,1755,149,206,
32766,6807,1762,153,195,
32766,6802,1769,154,199,
32766,6795,1770,151,202,
32766,6796,1765,148,198,
32766,6792,1765,156,204,
32766,6795,1766,147,208,
32766,6797,1759,151,207,
32766,6795,1756,147,205,
32766,6795,1757,151,204,
32766,6800,1765,149,207,
32766,6796,1761,150,200,
32766,6783,1757,154,202,
32766,6791,1773,158,205,
32766,6791,1757,150,196,
32766,6789,1756,151,203,
32766,6790,1761,145,208,
32766,6796,1756,144,208,
32766,6804,1758,144,205,
32766,6795,1760,147,204,
32766,6799,1759,145,200,
32766,6804,1754,148,208,
32766,6805,1762,150,206,
32766,6815,1751,148,202,
32766,6797,1750,147,199,
32766,6800,1766,143,204,
32766,6799,1758,147,191,
32766,6805,1754,155,201,
32766,6807,1762,152,193,
32766,6810,1764,148,205,
32766,6807,1761,154,202,
32766,6806,1761,149,206,
32766,6805,1757,145,197,
32766,6805,1755,153,200,
32766,6802,1757,150,199,
32766,6804,1761,153,207,
32766,6801,1749,147,201,
32766,6809,1759,146,199,
32766,6801,1765,153,193,
32766,6807,1755,162,194,
32766,6822,1763,146,194,
32766,6823,1767,150,204,
32766,6821,1763,145,211,
32766,6827,1781,140,199,
32766,6834,1770,156,201,
32766,6829,1776,154,211,
32766,6840,1768,153,196,
32766,6833,1776,156,205,
32766,6831,1763,151,195,
32766,6844,1782,147,213,
32766,6839,1768,151,205,
32766,6846,1771,152,200,
32766,6858,1777,162,200,
32766,6866,1780,156,203,
32766,6869,1771,157,195,
32766,6851,1771,150,207,
32766,6859,1774,153,202,
32766,6857,1778,159,210,
32766,6858,1776,152,208,
32766,6856,1765,148,195,
32766,6840,1761,154,205,
32766,6852,1770,160,202,
32766,6845,1771,152,199,
32766,6841,1759,154,201,
32766,6836,1770,154,199,
32766,6826,1765,157,200,
32766,6819,1767,149,205,
32766,6794,1751,139,198,
32766,6787,1765,144,201,
32766,6779,1757,155,205,
32766,6781,1755,156,192,
32766,6776,1752,154,204,
32766,6773,1758,157,203,
32766,6768,1752,142,201,
32766,6748,1746,142,207,
32766,6753,1752,140,206,
32766,6750,1745,147,200,
32766,6755,1748,144,200,
32766,6760,1749,145,199,
32766,6760,1734,154,201,
32766,6756,1746,144,199,
32766,6756,1751,147,204,
32766,6752,1745,146,211,
32766,6754,1736,154,200,
32766,6759,1748,144,192,
32766,6745,1739,147,197,
32766,6750,1744,152,207,
32766,6751,1745,146,200,
32766,6733,1734,146,201,
32766,6729,1746,148,197,
32766,6719,1734,141,202,
32766,6722,1742,144,193,
32766,6708,1728,149,200,
32766,6696,1729,146,198,
32766,6698,1734,143,199,
32766,6697,1736,143,204,
32766,6696,1725,147,205,
32766,6704,1745,153,197,
32766,6702,1724,150,198,
32766,6690,1731,162,199,
32766,6699,1736,156,200,
32766,6700,1732,140,199,
32766,6701,1739,150,197,
32766,6705,1729,151,199,
32766,6709,1733,142,199,
32766,6704,1727,152,203,
32766,6701,1737,151,204,
32766,6709,1740,149,204,
32766,6700,1729,148,199,
32766,6699,1738,134,201,
32766,6718,1724,144,196,
32766,6718,1728,149,191,
32766,6720,1734,144,206,
32766,6728,1740,139,206,
32766,6715,1743,141,197,
32766,6725,1735,150,201,
32766,6729,1740,162,195,
32766,6722,1741,147,189,
32766,6726,1732,149,195,
32766,6728,1735,149,199,
32766,6727,1743,154,191,
32766,6731,1735,150,200,
32766,6734,1735,137,193,
32766,6718,1729,143,204,
32766,6714,1729,143,199,
32766,6714,1732,153,207,
32766,6712,1732,154,197,
32766,6712,1734,145,193,
32766,6727,1742,150,201,
32766,6725,1732,147,205,
32766,6724,1733,158,200,
32766,6723,1736,140,197,
32766,6730,1739,148,205,
32766,6729,1733,149,194,
32766,6720,1737,155,198,
32766,6725,1738,146,199,
32766,6734,1744,157,196,
32766,6736,1740,153,203,
32766,6725,1742,147,203,
32766,6739,1734,148,201,
32766,6741,1733,144,201,
32766,6736,1746,143,198,
32766,6748,1740,148,195,
32766,6750,1749,151,190,
32766,6755,1745,145,202,
32766,6763,1743,143,191,
32766,6760,1739,153,198,
32766,6769,1748,150,201,
32766,6765,1756,147,191,
32766,6776,1751,141,197,
32766,6773,1740,153,201,
32766,6773,1755,147,204,
32766,6784,1747,152,195,
32766,6781,1751,138,194,
32766,6775,1745,152,203,
32766,6774,1744,153,201,
32766,6790,1746,147,200,
32766,6778,1746,154,199,
32766,6787,1753,156,208,
32766,6786,1747,153,202,
32766,6780,1752,146,201,
32766,6783,1749,144,200,
32766,6782,1750,148,195,
32766,6781,1742,150,204,
32766,6792,1755,147,208,
32766,6792,1756,151,210,
32766,6792,1755,145,203,
32766,6792,1757,153,211,
32766,6789,1758,154,210,
32766,6796,1752,148,205,
32766,6793,1764,142,190,
32766,6799,1759,143,201,
32766,6794,1754,145,195,
32766,6804,1770,148,195,
32766,6808,1751,160,201,
32766,6796,1761,149,201,
32766,6795,1763,144,209,
32766,6781,1754,142,204,
32766,6790,1749,147,204,
32766,6784,1755,150,190,
32766,6795,1750,148,206,
32766,6786,1756,147,203,
32766,6783,1747,155,209,
32766,6789,1764,141,205,
32766,6787,1748,154,204,
32766,6775,1752,150,208,
32766,6789,1753,151,200,
32766,6784,1752,149,204,
32766,6788,1752,140,206,
32766,6798,1759,147,209,
32766,6777,1753,151,197,
32766,6800,1758,151,195,
32766,6780,1754,143,200,
32766,6782,1751,139,210,
32766,6785,1749,149,192,
32766,6784,1759,151,194,
32766,6787,1748,148,199,
32766,6787,1748,157,196,
32766,6788,1752,146,190,
32766,6784,1755,148,194,
32766,6781,1746,135,208,
32766,6774,1754,148,211,
32766,6775,1759,148,208,
32766,6779,1762,153,207,
32766,6778,1758,150,200,
32766,6778,1753,146,205,
32766,6793,1747,152,205,
32766,6785,1748,145,203,
32766,6782,1749,147,191,
32766,6788,1746,145,197,
32766,6772,1752,153,198,
32766,6774,1750,155,205,
32766,6776,1754,157,203,
32766,6768,1752,149,203,
32766,6768,1741,149,210,
32766,6777,1745,157,196,
32766,6774,1748,142,196,
32766,6785,1751,146,207,
32766,6773,1753,146,206,
32766,6771,1740,142,206,
32766,6779,1746,147,207,
32766,6770,1749,136,199,
32766,6785,1744,142,202,
32766,6776,1752,154,200,
32766,6771,1753,145,190,
32766,6778,1748,143,196,
32766,6777,1752,145,196,
32766,6769,1752,144,208,
32766,6762,1749,144,188,
32766,6768,1750,152,199,
32766,6779,1751,140,205,
32766,6767,1754,150,204,
32766,6784,1758,144,206,
32766,6770,1749,141,194,
32766,6775,1752,148,206,
32766,6781,1750,153,193,
32766,6787,1758,142,200,
32766,6780,1749,135,205,
32766,6775,1750,149,200,
32766,6783,1755,142,198,
32766,6784,1748,152,205,
32766,6771,1761,149,214,
32766,6765,1745,153,197,
32766,6768,1750,143,207,
32766,6781,1750,151,197,
32766,6780,1742,155,195,
32766,6779,1754,154,197,
32766,6772,1746,148,201,
32766,6776,1752,145,198,
32766,6770,1747,151,202,
32766,6773,1756,146,209,
32766,6775,1753,151,202,
32766,6779,1749,149,198,
32766,6774,1747,153,201,
32766,6782,1750,146,198,
32766,6779,1752,141,198,
32766,6779,1748,141,192,
32766,6780,1744,148,204,
32766,6771,1752,148,195,
32766,6772,1737,157,195,
32766,6781,1749,147,199,
32766,6776,1749,151,202,
32766,6778,1745,143,201,
32766,6789,1750,145,194,
32766,6775,1753,142,202,
32766,6778,1748,146,189,
32766,6777,1740,141,204,
32766,6784,1757,136,207,
32766,6768,1751,147,202,
32766,6778,1745,147,196,
32766,6776,1750,152,203,
32766,6773,1751,163,201,
32766,6774,1738,155,192,
32766,6766,1759,144,206,
32766,6771,1751,153,199,
32766,6772,1745,152,202,
32766,6772,1751,150,207,
32766,6771,1761,148,200,
32766,6777,1738,146,198,
32766,6773,1753,143,206,
32766,6766,1748,152,195,
32766,6755,1747,146,208,
32766,6771,1747,158,200,
32766,6763,1752,157,207,
32766,6762,1751,151,204,
32766,6764,1747,147,203,
32766,6768,1750,144,197,
32766,6764,1747,146,204,
32766,6762,1749,144,196,
32766,6765,1749,158,196,
32766,6772,1738,150,212,
32766,6761,1747,147,202,
32766,6768,1742,143,203,
32766,6770,1741,148,205,
32766,6769,1743,145,196,
32766,6766,1748,151,193,
32766,6769,1743,147,201,
32766,6774,1746,151,201,
32766,6775,1746,156,200,
32766,6772,1742,145,208,
32766,6775,1740,152,196,
32766,6772,1746,159,194,
32766,6766,1747,145,199,
32766,6766,1740,142,203,
32766,6752,1740,150,200,
32766,6768,1741,154,193,
32766,6764,1739,149,202,
32766,6760,1749,145,192,
32766,6766,1757,150,205,
32766,6769,1746,151,201,
32766,6765,1748,146,191,
32766,6760,1735,151,197,
32766,6763,1746,150,193,
32766,6776,1739,140,199,
32766,6767,1744,146,195,
32766,6773,1740,151,193,
32766,6759,1738,159,200,
32766,6748,1745,147,206,
32766,6757,1741,148,200,
32766,6761,1735,152,198,
32766,6754,1748,147,193,
32766,6750,1739,138,203,
32766,6756,1744,139,197,
32766,6751,1744,146,206,
32766,6754,1744,143,204,
32766,6758,1743,157,202,
32766,6761,1738,142,196,
32766,6760,1742,150,198,
32766,6768,1741,147,200,
32766,6756,1750,152,207,
32766,6761,1744,146,206,
32766,6754,1746,157,204,
32766,6742,1741,140,201,
32766,6770,1740,150,197,
32766,6751,1752,142,204,
32766,6761,1729,153,192,
32766,6755,1750,153,202,
32766,6763,1742,144,189,
32766,6755,1738,153,196,
32766,6756,1750,149,196,
32766,6755,1749,148,193,
32766,6757,1739,145,198,
32766,6751,1746,146,187,
32766,6746,1743,153,205,
32766,6749,1753,138,202,
32766,6749,1739,152,198,
32766,6761,1746,153,195,
32766,6752,1751,153,203,
32766,6755,1742,146,205,
32766,6752,1744,144,200,
32766,6750,1746,151,206,
32766,6751,1735,145,206,
32766,6756,1737,147,199,
32766,6752,1743,152,207,
32766,6760,1746,153,200,
32766,6751,1753,146,201,
32766,6756,1741,162,202,
32766,6742,1748,137,202,
32766,6746,1734,149,204,
32766,6737,1733,146,193,
32766,6741,1746,154,195,
32766,6746,1740,146,200,
32766,6751,1738,156,196,
32766,6747,1742,144,201,
32766,6763,1746,145,193,
32766,6750,1736,154,201,
32766,6743,1740,143,192,
32766,6742,1744,142,202,
32766,6744,1733,147,206,
32766,6744,1738,141,203,
32766,6729,1741,146,189,
32766,6740,1746,152,192,
32766,6746,1738,149,192,
32766,6740,1737,143,201,
32766,6746,1741,143,203,
32766,6740,1739,149,200,
32766,6739,1739,142,192,
32766,6744,1738,138,199,
32766,6750,1742,147,203,
32766,6757,1733,147,203,
32766,6752,1747,141,206,
32766,6757,1738,148,199,
32766,6748,1738,152,201,
32766,6750,1739,142,203,
32766,6744,1746,153,196,
32766,6747,1743,145,198,
32766,6747,1744,152,193,
32766,6742,1740,144,203,
32766,6751,1736,145,203,
32766,6750,1739,149,185,
32766,6751,1737,141,213,
32766,6745,1735,157,204,
32766,6752,1742,145,198,
32766,6752,1738,149,195,
32766,6740,1738,155,205,
32766,6735,1734,156,195,
32766,6745,1745,147,197,
32766,6745,1742,149,192,
32766,6749,1746,148,214,
32766,6752,1742,148,199,
32766,6747,1741,148,204,
32766,6750,1735,144,203,
32766,6739,1742,155,199,
32766,6753,1743,149,203,
32766,6746,1741,149,200,
32766,6750,1735,146,200,
32766,6747,1741,147,191,
32766,6755,1741,148,199,
32766,6750,1740,145,199,
32766,6757,1740,152,205,
32766,6752,1744,149,198,
32766,6756,1739,138,200,
32766,6756,1743,154,208,
32766,6755,1746,150,203,
32766,6763,1734,150,193,
32766,6756,1736,146,197,
32766,6750,1741,142,205,
32766,6759,1738,153,201,
32766,6763,1735,152,186,
32766,6755,1740,150,202,
32766,6761,1742,147,197,
32766,6757,1744,152,202,
32766,6750,1743,156,201,
32766,6750,1748,138,208,
32766,6757,1749,144,198,
32766,6746,1736,151,202,
32766,6749,1750,143,199,
32766,6747,1758,151,209,
32766,6756,1749,154,197,
32766,6763,1748,148,203,
32766,6763,1747,140,192,
32766,6763,1740,164,192,
32766,6761,1737,146,204,
32766,6768,1743,146,201,
32766,6764,1746,153,197,
32766,6765,1741,158,200,
32766,6773,1746,152,207,
32766,6769,1738,149,205,
32766,6765,1751,148,203,
32766,6754,1744,150,202,
32766,6764,1734,149,203,
32766,6763,1744,148,199,
32766,6763,1742,148,193,
32766,6768,1749,152,200,
32766,6763,1749,158,203,
32766,6770,1741,148,201,
32766,6766,1743,141,213,
32766,6760,1742,154,203,
32766,6757,1752,149,198,
32766,6761,1754,151,198,
32766,6761,1754,149,202,
32766,6762,1742,134,206,
32766,6764,1741,162,209,
32766,6765,1741,157,212,
32766,6762,1732,148,198,
32766,6763,1745,148,197,
32766,6761,1754,151,198,
32766,6769,1752,151,198,
32766,6767,1746,141,209,
32766,6779,1751,149,190,
32766,6772,1756,145,201,
32766,6777,1743,148,202,
32766,6773,1739,152,203,
32766,6759,1745,153,204,
32766,6772,1747,153,207,
32766,6779,1751,141,198,
32766,6775,1747,150,205,
32766,6766,1751,153,202,
32766,6762,1753,155,206,
32766,6763,1739,144,205,
32766,6760,1744,155,202,
32766,6766,1741,146,204,
32766,6772,1747,151,200,
32766,6777,1748,155,208,
32766,6771,1743,157,194,
32766,6763,1741,152,206,
32766,6762,1746,145,201,
32766,6773,1749,143,200,
32766,6775,1742,145,201,
32766,6777,1747,154,197,
32766,6777,1754,162,193,
32766,6776,1735,145,196,
32766,6772,1742,140,210,
32766,6774,1748,161,193,
32766,6769,1745,146,195,
32766,6768,1731,143,192,
32766,6772,1740,147,194,
32766,6764,1743,147,196,
32766,6769,1745,148,207,
32766,6764,1744,145,199,
32766,6761,1745,157,197,
32766,6766,1742,146,201,
32766,6768,1742,144,203,
32766,6764,1749,141,196,
32766,6762,1744,147,193,
32766,6765,1740,149,201,
32766,6763,1743,151,193,
32766,6769,1748,147,202,
32766,6773,1749,153,204,
32766,6762,1746,151,192,
32766,6766,1738,139,205,
32766,6757,1738,155,197,
32766,6758,1754,149,204,
32766,6755,1743,140,202,
32766,6756,1751,145,210,
32766,6763,1738,144,202,
32766,6768,1735,147,200,
32766,6770,1745,150,188,
32766,6767,1749,148,199,
32766,6763,1757,152,211,
32766,6764,1744,147,194,
32766,6766,1744,143,203,
32766,6778,1752,151,203,
32766,6772,1736,150,197,
32766,6782,1746,145,202,
32766,6786,1747,152,198,
32766,6779,1739,153,201,
32766,6775,1750,142,207,
32766,6783,1747,151,196,
32766,6774,1754,140,200,
32766,6778,1752,144,199,
32766,6775,1745,153,205,
32766,6784,1744,152,191,
32766,6778,1750,148,197,
32766,6775,1746,159,199,
32766,6778,1742,149,207,
32766,6776,1746,151,191,
32766,6769,1737,146,200,
32766,6766,1748,148,198,
32766,6765,1738,148,200,
32766,6770,1747,144,206,
32766,6770,1747,147,200,
32766,6762,1741,143,194,
32766,6771,1747,150,206,
32766,6770,1745,146,201,
32766,6786,1748,148,201,
32766,6780,1745,140,200,
32766,6778,1742,145,197,
32766,6778,1752,139,200,
32766,6778,1750,137,193,
32766,6778,1752,152,204,
32766,6777,1746,146,195,
32766,6786,1747,147,201,
32766,6790,1751,143,193,
32766,6774,1749,142,209,
32766,6773,1742,143,193,
32766,6769,1750,145,199,
32766,6771,1747,146,195,
32766,6773,1740,146,204,
32766,6767,1748,158,189,
32766,6781,1738,144,198,
32766,6779,1742,151,191,
32766,6777,1736,147,208,
32766,6772,1746,147,208,
32766,6763,1753,146,202,
32766,6768,1747,145,204,
32766,6774,1750,144,196,
32766,6769,1742,145,212,
32766,6772,1739,149,197,
32766,6765,1739,143,198,
32766,6768,1746,155,197,
32766,6764,1742,150,204,
32766,6775,1743,155,202,
32766,6777,1747,145,211,
32766,6770,1748,153,200,
32766,6766,1739,149,203,
32766,6761,1748,151,195,
32766,6770,1750,143,209,
32766,6778,1736,154,205,
32766,6774,1738,149,204,
32766,6773,1741,146,207,
32766,6771,1743,151,207,
32766,6775,1743,155,205,
32766,6771,1746,153,191,
32766,6766,1749,154,197,
32766,6767,1745,154,198,
32766,6763,1742,155,187,
32766,6764,1750,141,203,
32766,6764,1749,152,197,
32766,6765,1744,144,211,
32766,6756,1740,146,193,
32766,6765,1733,151,204,
32766,6761,1734,151,201,
32766,6757,1749,146,204,
32766,6749,1753,140,201,
32766,6753,1748,147,203,
32766,6761,1741,147,186,
32766,6763,1744,148,194,
32766,6766,1740,156,193,
32766,6768,1740,146,201,
32766,6764,1745,144,194,
32766,6764,1738,148,198,
32766,6758,1754,158,204,
32766,6758,1742,151,201,
32766,6756,1739,142,205,
32766,6760,1746,147,202,
32766,6758,1745,154,202,
32766,6750,1737,151,193,
32766,6742,1732,137,200,
32766,6751,1738,140,202,
32766,6751,1737,152,204,
32766,6752,1743,151,198,
32766,6745,1726,149,203,
32766,6748,1745,148,207,
32766,6759,1745,138,197,
32766,6753,1741,141,201,
32766,6743,1745,151,185,
32766,6745,1744,145,198,
32766,6739,1733,145,194,
32766,6751,1740,152,206,
32766,6743,1740,137,199,
32766,6750,1740,148,190,
32766,6741,1739,147,202,
32766,6747,1734,145,201,
32766,6747,1735,156,205,
32766,6742,1742,146,196,
32766,6745,1734,153,204,
32766,6759,1737,149,203,
32766,6759,1737,154,196,
32766,6748,1735,146,196,
32766,6748,1741,145,196,
32766,6749,1740,140,202,
32766,6751,1732,140,194,
32766,6754,1733,135,197,
32766,6739,1741,144,189,
32766,6749,1749,151,194,
32766,6757,1748,145,200,
32766,6758,1746,141,189,
32766,6755,1739,151,197,
32766,6755,1743,149,196,
32766,6751,1744,146,206,
32766,6751,1739,147,202,
32766,6762,1740,153,202,
32766,6748,1742,140,200,
32766,6738,1739,152,201,
32766,6746,1746,149,201,
32766,6752,1745,141,202,
32766,6751,1742,143,192,
32766,6749,1737,143,202,
32766,6761,1742,146,199,
32766,6758,1744,139,189,
32766,6762,1728,147,197,
32766,6761,1745,150,202,
32766,6756,1739,146,201,
32766,6755,1743,148,203,
32766,6749,1736,149,194,
32766,6755,1745,157,206,
32766,6747,1740,145,197,
32766,6747,1743,148,201,
32766,6745,1737,137,189,
32766,6754,1741,150,202,
32766,6745,1740,146,192,
32766,6751,1739,148,191,
32766,6752,1739,147,200,
32766,6754,1740,141,199,
32766,6757,1737,153,194,
32766,6756,1733,139,201,
32766,6763,1745,151,198,
32766,6749,1746,134,197,
32766,6755,1749,138,201,
32766,6753,1736,144,206,
32766,6761,1743,152,185,
32766,6759,1733,150,215,
32766,6754,1748,141,202,
32766,6758,1735,145,208,
32766,6759,1743,142,199,
32766,6756,1744,139,212,
32766,6753,1744,146,200,
32766,6760,1742,151,199,
32766,6756,1741,160,197,
32766,6740,1744,147,195,
32766,6752,1742,148,194,
32766,6750,1738,145,200,
32766,6746,1738,143,200,
32766,6754,1746,148,188,
32766,6750,1741,146,202,
32766,6749,1734,157,205,
32766,6751,1739,150,190,
32766,6751,1744,151,200,
32766,6739,1738,149,190,
32766,6747,1730,143,199,
32766,6740,1748,149,197,
32766,6744,1739,141,200,
32766,6745,1735,144,190,
32766,6751,1740,143,190,
32766,6737,1736,150,202,
32766,6746,1736,154,194,
32766,6735,1746,142,189,
32766,6743,1739,144,197,
32766,6735,1736,154,184,
32766,6741,1725,158,197,
32766,6740,1738,146,199,
32766,6748,1741,149,200,
32766,6745,1738,151,197,
32766,6743,1744,158,191,
32766,6752,1743,167,199,
32766,6755,1737,144,204,
32766,6753,1745,151,194,
32766,6738,1735,150,201,
32766,6748,1740,144,202,
32766,6744,1740,147,203,
32766,6745,1736,142,192,
32766,6738,1740,144,199,
32766,6736,1736,151,196,
32766,6746,1742,147,195,
32766,6748,1739,147,197,
32766,6743,1729,147,197,
32766,6749,1738,151,200,
32766,6745,1745,148,202,
32766,6750,1741,143,201,
32766,6754,1742,142,195,
32766,6745,1740,150,206,
32766,6742,1744,142,201,
32766,6747,1741,146,207,
32766,6753,1737,145,195,
32766,6756,1741,144,191,
32766,6763,1741,140,205,
32766,6754,1735,147,204,
32766,6753,1741,140,194,
32766,6757,1750,141,210,
32766,6739,1740,157,190,
32766,6750,1747,145,208,
32766,6744,1741,146,197,
32766,6744,1732,148,196,
32766,6743,1743,147,203,
32766,6739,1736,172,195,
32766,6749,1735,152,201,
32766,6744,1736,144,196,
32766,6753,1741,145,203,
32766,6756,1735,148,195,
32766,6753,1746,154,202,
32766,6754,1737,148,197,
32766,6748,1747,146,196,
32766,6755,1746,153,199,
32766,6750,1737,145,198,
32766,6757,1744,144,200,
32766,6762,1747,146,206,
32766,6749,1742,144,196,
32766,6751,1734,153,199,
32766,6752,1741,157,203,
32766,6756,1743,146,196,
32766,6747,1735,148,193,
32766,6758,1736,146,207,
32766,6760,1747,147,200,
32766,6763,1742,153,193,
32766,6743,1734,148,193,
32766,6757,1728,149,193,
32766,6750,1734,149,205,
32766,6744,1736,148,207,
32766,6748,1744,140,202,
32766,6746,1741,143,202,
32766,6752,1733,149,191,
32766,6745,1740,152,197,
32766,6761,1747,144,199,
32766,6755,1748,143,194,
32766,6762,1740,151,200,
32766,6754,1727,153,203,
32766,6745,1739,153,206,
32766,6744,1727,144,198,
32766,6751,1746,148,201,
32766,6734,1743,148,193,
32766,6748,1733,152,203,
32766,6748,1744,146,200,
32766,6742,1736,155,193,
32766,6748,1734,150,198,
32766,6747,1727,145,205,
32766,6749,1733,153,197,
32766,6751,1732,150,200,
32766,6750,1743,145,196,
32766,6755,1737,145,200,
32766,6752,1733,150,193,
32766,6748,1736,143,203,
32766,6758,1742,151,197,
32766,6766,1744,151,192,
32766,6762,1740,159,209,
32766,6763,1751,155,198,
32766,6766,1748,148,213,
32766,6772,1750,145,194,
32766,6763,1743,152,195,
32766,6770,1744,147,193,
32766,6762,1743,144,199,
32766,6766,1748,154,205,
32766,6775,1750,153,197,
32766,6763,1740,147,188,
32766,6759,1743,151,207,
32766,6767,1748,139,195,
32766,6776,1728,148,202,
32766,6765,1743,152,190,
32766,6770,1746,143,204,
32766,6771,1741,146,194,
32766,6768,1738,141,201,
32766,6764,1749,144,197,
32766,6766,1739,143,209,
32766,6772,1742,145,198,
32766,6766,1742,142,195,
32766,6767,1746,143,200,
32766,6767,1740,142,194,
32766,6766,1736,155,195,
32766,6763,1741,162,197,
32766,6757,1740,148,198,
32766,6758,1740,145,194,
32766,6756,1739,151,207,
32766,6758,1745,146,206,
32766,6765,1735,155,192,
32766,6761,1742,144,194,
32766,6748,1736,146,201,
32766,6750,1741,153,196,
32766,6756,1735,151,194,
32766,6759,1738,155,197,
32766,6749,1736,148,200,
32766,6758,1745,142,197,
32766,6749,1734,152,195,
32766,6760,1739,145,201,
32766,6747,1736,144,199,
32766,6750,1734,148,194,
32766,6740,1740,144,207,
32766,6739,1734,156,195,
32766,6750,1737,139,193,
32766,6741,1739,149,198,
32766,6732,1744,141,203,
32766,6736,1735,140,201,
32766,6745,1739,148,190,
32766,6743,1737,144,196,
32766,6744,1730,146,203,
32766,6746,1728,146,195,
32766,6752,1748,145,195,
32766,6749,1734,151,196,
32766,6739,1742,148,199,
32766,6752,1745,142,196,
32766,6739,1734,141,191,
32766,6742,1732,153,200,
32766,6737,1733,154,192,
32766,6738,1741,146,195,
32766,6733,1737,147,190,
32766,6736,1733,153,192,
32766,6733,1730,144,211,
32766,6733,1731,160,196,
32766,6736,1730,147,190,
32766,6733,1733,143,204,
32766,6730,1743,145,191,
32766,6731,1735,142,200,
32766,6726,1730,152,201,
32766,6737,1734,143,196,
32766,6730,1740,143,205,
32766,6723,1734,150,205,
32766,6737,1733,142,194,
32766,6724,1733,153,202,
32766,6730,1727,155,198,
32766,6730,1730,145,199,
32766,6737,1725,144,202,
32766,6731,1720,153,199,
32766,6724,1726,146,205,
32766,6732,1730,152,189,
32766,6733,1731,149,201,
32766,6722,1730,146,189,
32766,6735,1736,146,199,
32766,6734,1732,152,200,
32766,6729,1742,148,198,
32766,6729,1726,155,201,
32766,6743,1730,146,195,
32766,6730,1740,149,195,
32766,6731,1728,138,196,
32766,6732,1726,157,192,
32766,6727,1729,154,199,
32766,6725,1727,155,190,
32766,6735,1739,144,199,
32766,6730,1727,142,194,
32766,6725,1736,141,198,
32766,6723,1730,143,203,
32766,6727,1743,144,213,
32766,6724,1726,145,190,
32766,6729,1725,145,197,
32766,6724,1726,150,198,
32766,6726,1729,137,183,
32766,6725,1731,147,194,
32766,6725,1730,152,201,
32766,6728,1734,151,204,
32766,6734,1730,142,194,
32766,6730,1730,147,207,
32766,6728,1731,150,204,
32766,6729,1726,148,195,
32766,6732,1731,144,199,
32766,6735,1723,153,196,
32766,6733,1733,150,193,
32766,6738,1729,158,204,
32766,6735,1736,145,200,
32766,6731,1729,140,188,
32766,6731,1731,152,195,
32766,6734,1741,146,207,
32766,6743,1733,135,201,
32766,6729,1732,142,202,
32766,6728,1738,143,193,
32766,6724,1725,147,196,
32766,6736,1739,149,190,
32766,6736,1729,150,208,
32766,6722,1735,151,201,
32766,6720,1729,146,190,
32766,6733,1726,148,190,
32766,6726,1732,145,200,
32766,6728,1731,136,200,
32766,6725,1724,146,204,
32766,6730,1729,152,200,
32766,6716,1727,150,195,
32766,6722,1734,142,199,
32766,6733,1731,150,200,
32766,6733,1740,151,195,
32766,6736,1727,150,194,
32766,6736,1733,155,195,
32766,6737,1739,143,199,
32766,6738,1730,147,201,
32766,6740,1736,144,196,
32766,6737,1734,136,203,
32766,6743,1734,148,196,
32766,6747,1739,155,195,
32766,6748,1739,144,205,
32766,6763,1742,140,198,
32766,6785,1758,150,189,
32766,6777,1748,142,198,
32766,6776,1754,159,198,
32766,6785,1752,145,201,
32766,6788,1752,156,201,
32766,6791,1755,155,203,
32766,6779,1755,144,197,
32766,6767,1749,143,199,
32766,6759,1728,150,199,
32766,6770,1756,149,198,
32766,6755,1744,144,196,
32766,6758,1748,144,201,
32766,6754,1734,153,202,
32766,6756,1745,147,206,
32766,6760,1743,143,200,
32766,6771,1737,147,200,
32766,6757,1742,157,195,
32766,6755,1749,151,197,
32766,6761,1752,149,204,
32766,6772,1748,139,196,
32766,6766,1742,164,207,
32766,6762,1746,133,206,
32766,6751,1739,148,199,
32766,6763,1736,136,200,
32766,6750,1741,151,202,
32766,6753,1741,146,195,
32766,6751,1738,145,201,
32766,6759,1745,140,199,
32766,6751,1736,145,198,
32766,6758,1741,148,197,
32766,6761,1740,142,199,
32766,6764,1744,150,198,
32766,6758,1736,145,203,
32766,6752,1750,147,204,
32766,6759,1741,135,195,
32766,6767,1738,146,192,
32766,6766,1745,149,199,
32766,6782,1749,152,197,
32766,6788,1743,158,204,
32766,6792,1746,149,200,
32766,6777,1747,148,197,
32766,6777,1750,141,201,
32766,6767,1743,147,201,
32766,6770,1746,158,201,
32766,6762,1746,146,204,
32766,6749,1745,146,199,
32766,6744,1732,143,201,
32766,6750,1733,147,200,
32766,6751,1735,144,198,
32766,6740,1744,140,192,
32766,6738,1745,146,196,
32766,6738,1733,146,196,
32766,6743,1741,145,205,
32766,6748,1747,146,205,
32766,6760,1737,140,191,
32766,6751,1738,144,195,
32766,6740,1743,153,201,
32766,6735,1734,148,192,
32766,6737,1745,147,196,
32766,6731,1738,140,208,
32766,6741,1739,140,204,
32766,6732,1739,155,198,
32766,6737,1732,151,206,
32766,6727,1731,153,196,
32766,6734,1728,143,205,
32766,6724,1735,150,194,
32766,6725,1738,135,205,
32766,6728,1747,144,197,
32766,6730,1728,155,196,
32766,6734,1740,152,195,
32766,6723,1739,148,193,
32766,6731,1742,150,194,
32766,6728,1734,151,202,
32766,6724,1739,147,200,
32766,6725,1732,147,194,
32766,6729,1737,150,198,
32766,6739,1733,152,203,
32766,6727,1739,146,194,
32766,6731,1735,153,203,
32766,6728,1738,146,200,
32766,6713,1730,149,192,
32766,6731,1739,143,199,
32766,6714,1738,147,197,
32766,6723,1726,148,209,
32766,6730,1729,154,199,
32766,6722,1724,147,200,
32766,6724,1729,152,205,
32766,6723,1738,150,196,
32766,6728,1726,157,191,
32766,6725,1732,137,201,
32766,6717,1725,144,204,
32766,6710,1736,141,193,
32766,6714,1732,148,194,
32766,6714,1729,145,205,
32766,6712,1729,153,210,
32766,6729,1732,146,188,
32766,6731,1734,148,186,
32766,6736,1734,146,197,
32766,6729,1740,145,196,
32766,6732,1741,144,204,
32766,6723,1736,147,198,
32766,6738,1738,147,205,
32766,6740,1737,145,199,
32766,6743,1736,153,196,
32766,6744,1745,150,208,
32766,6745,1742,154,198,
32766,6735,1741,151,188,
32766,6730,1737,149,202,
32766,6749,1737,145,192,
32766,6752,1746,150,204,
32766,6743,1739,151,197,
32766,6746,1746,150,206,
32766,6756,1752,141,192,
32766,6756,1738,144,193,
32766,6756,1751,151,204,
32766,6765,1744,144,202,
32766,6760,1750,146,189,
32766,6761,1737,147,205,
32766,6769,1741,153,204,
32766,6758,1739,150,186,
32766,6757,1744,136,192,
32766,6754,1738,155,208,
32766,6748,1739,148,202,
32766,6757,1746,153,195,
32766,6760,1739,148,197,
32766,6755,1751,147,199,
32766,6775,1741,146,197,
32766,6754,1739,143,202,
32766,6763,1743,144,199,
32766,6760,1746,151,202,
32766,6759,1747,145,198,
32766,6749,1739,149,201,
32766,6766,1742,147,190,
32766,6750,1739,154,196,
32766,6757,1739,142,199,
32766,6762,1738,152,213,
32766,6758,1753,143,204,
32766,6765,1741,146,196,
32766,6768,1746,144,208,
32766,6755,1740,145,205,
32766,6757,1738,147,207,
32766,6759,1732,150,205,
32766,6749,1732,141,192,
32766,6751,1747,142,194,
32766,6762,1737,154,202,
32766,6760,1751,149,199,
32766,6759,1741,150,203,
32766,6756,1754,143,194,
32766,6767,1735,151,196,
32766,6755,1748,145,200,
32766,6760,1746,144,201,
32766,6759,1746,137,198,
32766,6750,1741,138,205,
32766,6752,1745,146,194,
32766,6755,1738,139,196,
32766,6755,1740,155,198,
32766,6760,1741,140,196,
32766,6762,1747,144,202,
32766,6761,1729,157,200,
32766,6761,1738,144,199,
32766,6767,1743,146,201,
32766,6769,1747,138,197,
32766,6755,1742,155,204,
32766,6758,1741,144,203,
32766,6763,1744,150,188,
32766,6760,1737,142,200,
32766,6761,1737,148,198,
32766,6761,1741,151,196,
32766,6752,1739,138,199,
32766,6758,1739,150,193,
32766,6751,1737,155,198,
32766,6748,1734,154,194,
32766,6750,1739,160,191,
32766,6747,1741,140,206,
32766,6745,1738,149,196,
32766,6744,1746,156,208,
32766,6756,1739,157,201,
32766,6749,1745,156,193,
32766,6756,1739,146,194,
32766,6752,1739,148,205,
32766,6755,1746,141,201,
32766,6754,1748,146,206,
32766,6756,1740,139,197,
32766,6749,1742,149,199,
32766,6753,1741,156,194,
32766,6754,1741,153,193,
32766,6751,1733,145,187,
32766,6743,1742,150,197,
32766,6747,1739,138,191,
32766,6758,1740,153,197,
32766,6753,1747,148,204,
32766,6745,1746,143,202,
32766,6753,1737,142,201,
32766,6754,1738,144,201,
32766,6753,1744,136,203,
32766,6749,1735,150,196,
32766,6752,1742,154,195,
32766,6766,1744,154,203,
32766,6751,1743,153,205,
32766,6752,1738,151,197,
32766,6754,1744,153,200,
32766,6753,1737,146,183,
32766,6750,1734,142,195,
32766,6746,1738,149,201,
32766,6746,1733,155,203,
32766,6752,1747,149,188,
32766,6756,1743,142,195,
32766,6752,1738,148,206,
32766,6767,1730,151,192,
32766,6755,1742,152,199,
32766,6752,1738,156,197,
32766,6748,1740,146,204,
32766,6754,1741,146,199,
32766,6753,1741,157,204,
32766,6750,1747,144,197,
32766,6766,1747,155,203,
32766,6757,1745,152,210,
32766,6755,1740,147,202,
32766,6766,1733,148,190,
32766,6762,1743,146,196,
32766,6758,1732,149,201,
32766,6757,1731,146,203,
32766,6754,1732,138,201,
32766,6751,1737,147,203,
32766,6756,1742,140,199,
32766,6753,1748,148,200,
32766,6748,1735,155,191,
32766,6758,1733,151,201,
32766,6749,1749,141,200,
32766,6759,1746,153,199,
32766,6745,1743,147,185,
32766,6755,1755,136,195,
32766,6762,1735,153,200,
32766,6758,1737,136,193,
32766,6759,1743,147,198,
32766,6753,1741,150,197,
32766,6763,1737,145,204,
32766,6749,1733,152,199,
32766,6754,1742,150,205,
32766,6757,1738,153,199,
32766,6755,1739,152,205,
32766,6752,1739,147,193,
32766,6745,1740,147,196,
32766,6751,1732,143,203,
32766,6743,1739,153,192,
32766,6746,1748,141,193,
32766,6757,1731,145,200,
32766,6752,1740,152,207,
32766,6741,1743,147,196,
32766,6757,1738,148,207,
32766,6751,1740,152,186,
32766,6754,1741,144,202,
32766,6756,1740,154,201,
32766,6758,1741,141,199,
32766,6755,1742,147,191,
32766,6767,1751,145,202,
32766,6768,1734,157,202,
32766,6772,1738,145,201,
32766,6770,1744,144,196,
32766,6773,1739,156,198,
32766,6791,1752,145,202,
32766,6785,1748,140,196,
32766,6791,1747,140,192,
32766,6796,1750,144,208,
32766,6789,1748,152,211,
32766,6787,1754,147,200,
32766,6784,1747,145,202,
32766,6787,1753,153,198,
32766,6780,1755,141,188,
32766,6784,1742,144,207,
32766,6782,1753,149,201,
32766,6775,1745,142,204,
32766,6782,1747,139,190,
32766,6779,1745,145,204,
32766,6788,1743,148,214,
32766,6778,1746,148,194,
32766,6782,1745,151,194,
32766,6784,1746,147,204,
32766,6781,1753,142,202,
32766,6783,1744,149,194,
32766,6779,1740,153,212,
32766,6776,1750,149,202,
32766,6779,1741,148,197,
32766,6787,1745,151,198,
32766,6771,1748,144,197,
32766,6779,1745,148,200,
32766,6774,1749,141,205,
32766,6771,1742,152,199,
32766,6777,1747,143,197,
32766,6780,1742,151,194,
32766,6781,1743,135,187,
32766,6780,1746,148,202,
32766,6780,1745,148,201,
32766,6781,1742,147,198,
32766,6783,1751,142,197,
32766,6778,1743,157,198,
32766,6778,1746,151,213,
32766,6781,1738,146,196,
32766,6771,1743,147,198,
32766,6782,1754,143,200,
32766,6769,1745,144,202,
32766,6767,1752,151,197,
32766,6771,1738,152,199,
32766,6772,1746,148,196,
32766,6779,1749,141,191,
32766,6765,1753,151,205,
32766,6765,1743,148,200,
32766,6769,1746,138,204,
32766,6767,1740,143,191,
32766,6763,1737,146,206,
32766,6763,1739,154,201,
32766,6766,1742,140,200,
32766,6775,1742,154,194,
32766,6770,1737,142,197,
32766,6781,1744,140,188,
32766,6780,1744,144,201,
32766,6770,1741,141,198,
32766,6770,1750,148,193,
32766,6774,1739,147,191,
32766,6766,1752,149,196,
32766,6773,1736,141,200,
32766,6767,1736,145,191,
32766,6768,1754,151,196,
32766,6774,1734,133,201,
32766,6767,1748,155,205,
32766,6762,1737,152,191,
32766,6757,1735,147,193,
32766,6757,1749,142,192,
32766,6764,1735,143,198,
32766,6766,1743,139,201,
32766,6753,1732,146,207,
32766,6761,1734,142,186,
32766,6766,1747,141,202,
32766,6766,1746,144,198,
32766,6762,1737,150,197,
32766,6763,1742,144,190,
32766,6760,1747,150,198,
32766,6766,1746,149,211,
32766,6766,1738,151,194,
32766,6771,1749,151,201,
32766,6764,1748,151,198,
32766,6756,1739,161,203,
32766,6767,1738,156,207,
32766,6770,1737,150,205,
32766,6767,1747,151,205,
32766,6772,1743,159,198,
32766,6772,1750,147,208,
32766,6778,1740,154,207,
32766,6768,1737,149,199,
32766,6766,1750,149,202,
32766,6779,1738,145,196,
32766,6764,1743,148,196,
32766,6769,1745,146,199,
32766,6768,1740,145,200,
32766,6776,1738,137,200,
32766,6769,1751,141,199,
32766,6768,1745,144,197,
32766,6776,1749,154,191,
32766,6771,1747,138,199,
32766,6784,1750,141,192,
32766,6783,1747,148,212,
32766,6781,1761,154,198,
32766,6794,1748,159,203,
32766,6784,1739,140,196,
32766,6776,1752,156,205,
32766,6782,1741,145,204,
32766,6786,1746,146,192,
32766,6782,1746,171,200,
32766,6794,1751,143,201,
32766,6789,1748,145,201,
32766,6792,1749,146,207,
32766,6794,1749,140,208,
32766,6794,1751,159,206,
32766,6798,1737,148,206,
32766,6793,1749,149,199,
32766,6793,1745,149,207,
32766,6795,1754,152,197,
32766,6784,1742,154,203,
32766,6798,1753,148,206,
32766,6794,1750,137,201,
32766,6810,1749,163,197,
32766,6795,1754,147,194,
32766,6798,1749,141,207,
32766,6789,1742,150,197,
32766,6801,1749,149,201,
32766,6796,1746,152,202,
32766,6801,1751,158,204,
32766,6792,1752,157,209,
32766,6793,1743,153,197,
32766,6799,1745,151,183,
32766,6793,1755,151,196,
32766,6792,1743,148,198,
32766,6796,1751,145,191,
32766,6798,1754,144,189,
32766,6792,1754,152,201,
32766,6796,1754,145,200,
32766,6788,1746,150,203,
32766,6793,1748,155,205,
32766,6792,1746,139,199,
32766,6784,1746,148,190,
32766,6790,1743,147,186,
32766,6786,1751,153,197,
32766,6787,1751,145,206,
32766,6798,1750,151,201,
32766,6797,1756,149,190,
32766,6799,1754,145,194,
32766,6799,1758,137,212,
32766,6785,1756,154,205,
32766,6800,1754,153,197,
32766,6802,1753,149,199,
32766,6804,1750,150,204,
32766,6799,1756,145,200,
32766,6806,1748,144,194,
32766,6799,1757,147,197,
32766,6790,1750,150,195,
32766,6805,1744,154,198,
32766,6808,1754,143,199,
32766,6800,1745,153,198,
32766,6807,1757,143,196,
32766,6796,1743,146,194,
32766,6799,1754,139,201,
32766,6799,1744,149,196,
32766,6800,1751,146,194,
32766,6800,1745,153,207,
32766,6797,1753,149,204,
32766,6803,1748,158,196,
32766,6807,1752,151,200,
32766,6800,1746,150,206,
32766,6804,1750,148,199,
32766,6800,1743,149,192,
32766,6803,1752,147,193,
32766,6801,1747,155,203,
32766,6798,1748,149,206,
32766,6793,1752,151,189,
32766,6799,1755,155,200,
32766,6791,1760,148,192,
32766,6802,1750,141,204,
32766,6792,1750,146,198,
32766,6802,1750,150,199,
32766,6793,1748,142,204,
32766,6800,1742,151,198,
32766,6796,1754,152,197,
32766,6798,1759,149,195,
32766,6788,1735,145,198,
32766,6796,1741,144,198,
32766,6787,1746,151,200,
32766,6786,1760,156,198,
32766,6792,1759,144,196,
32766,6796,1746,149,199,
32766,6791,1751,143,205,
32766,6796,1749,155,197,
32766,6781,1749,150,196,
32766,6792,1747,140,196,
32766,6793,1754,143,212,
32766,6785,1746,147,197,
32766,6784,1742,147,208,
32766,6784,1741,150,195,
32766,6777,1729,147,198,
32766,6786,1742,144,203,
32766,6782,1747,150,201,
32766,6777,1745,140,198,
32766,6787,1741,149,193,
32766,6784,1750,146,205,
32766,6791,1743,140,192,
32766,6775,1742,136,197,
32766,6782,1750,133,209,
32766,6777,1739,153,198,
32766,6773,1743,150,194,
32766,6771,1755,150,199,
32766,6784,1746,141,198,
32766,6775,1740,145,203,
32766,6768,1758,145,198,
32766,6778,1745,151,195,
32766,6772,1742,153,199,
32766,6775,1752,148,209,
32766,6770,1739,148,202,
32766,6764,1729,146,197,
32766,6763,1736,145,198,
32766,6766,1738,150,195,
32766,6763,1744,140,199,
32766,6770,1742,147,202,
32766,6763,1747,144,200,
32766,6768,1743,145,193,
32766,6762,1739,141,194,
32766,6758,1750,145,200,
32766,6756,1742,144,197,
32766,6766,1738,152,196,
32766,6756,1733,138,201,
32766,6752,1739,154,191,
32766,6753,1742,151,196,
32766,6759,1737,142,193,
32766,6758,1742,137,195,
32766,6737,1733,145,196,
32766,6748,1737,151,205,
32766,6734,1737,146,192,
32766,6738,1729,160,198,
32766,6739,1738,145,193,
32766,6742,1731,154,198,
32766,6750,1730,146,193,
32766,6740,1732,136,197,
32766,6732,1731,148,197,
32766,6735,1739,145,194,
32766,6738,1739,154,193,
32766,6737,1739,147,199,
32766,6749,1732,149,191,
32766,6739,1736,147,197,
32766,6747,1729,140,192,
32766,6738,1735,152,199,
32766,6746,1733,159,202,
32766,6743,1733,146,197,
32766,6744,1741,139,196,
32766,6738,1730,149,194,
32766,6725,1725,134,199,
32766,6731,1727,145,203,
32766,6724,1726,139,197,
32766,6725,1734,142,192,
32766,6728,1733,142,195,
32766,6720,1733,148,197,
32766,6729,1722,144,193,
32766,6733,1734,147,198,
32766,6740,1733,146,196,
32766,6734,1739,142,199,
32766,6734,1735,142,205,
32766,6738,1730,147,199,
32766,6727,1732,145,205,
32766,6737,1732,136,204,
32766,6736,1726,155,200,
32766,6737,1738,142,193,
32766,6741,1736,146,197,
32766,6742,1728,144,203,
32766,6744,1730,144,192,
32766,6727,1726,145,196,
32766,6720,1740,150,195,
32766,6732,1747,149,189,
32766,6731,1731,151,198,
32766,6741,1739,144,190,
32766,6737,1738,134,205,
32766,6744,1735,146,189,
32766,6734,1736,141,197,
32766,6744,1736,140,195,
32766,6746,1728,157,201,
32766,6757,1737,144,203,
32766,6752,1737,135,201,
32766,6747,1743,152,196,
32766,6746,1734,153,195,
32766,6745,1735,133,210,
32766,6738,1742,144,201,
32766,6745,1739,145,198,
32766,6742,1734,140,197,
32766,6733,1735,146,196,
32766,6736,1737,148,197,
32766,6744,1734,145,205,
32766,6732,1735,141,203,
32766,6738,1737,143,200,
32766,6739,1731,142,203,
32766,6749,1736,149,198,
32766,6743,1730,155,200,
32766,6734,1732,151,202,
32766,6735,1734,152,199,
32766,6732,1729,154,200,
32766,6726,1728,151,199,
32766,6729,1731,146,196,
32766,6728,1733,141,197,
32766,6731,1728,143,193,
32766,6728,1714,145,202,
32766,6732,1734,144,192,
32766,6734,1722,143,189,
32766,6724,1725,147,197,
32766,6738,1738,145,205,
32766,6731,1728,140,187,
32766,6729,1736,142,193,
32766,6729,1732,151,199,
32766,6736,1733,142,189,
32766,6737,1734,147,189,
32766,6731,1737,146,201,
32766,6735,1730,146,196,
32766,6732,1733,150,190,
32766,6735,1741,146,192,
32766,6747,1730,151,195,
32766,6751,1732,139,188,
32766,6755,1725,147,197,
32766,6740,1727,148,203,
32766,6737,1730,146,203,
32766,6743,1740,143,194,
32766,6739,1735,139,193,
32766,6735,1732,143,195,
32766,6727,1722,150,199,
32766,6730,1736,141,202,
32766,6732,1718,153,195,
32766,6723,1719,144,190,
32766,6728,1727,154,194,
32766,6730,1729,141,208,
32766,6725,1735,154,188,
32766,6720,1733,148,189,
32766,6716,1738,156,191,
32766,6732,1735,145,189,
32766,6730,1734,153,199,
32766,6724,1740,147,198,
32766,6724,1730,145,194,
32766,6730,1730,142,200,
32766,6732,1735,145,192,
32766,6726,1738,145,200,
32766,6736,1729,140,204,
32766,6721,1723,144,200,
32766,6718,1729,141,204,
32766,6728,1732,145,198,
32766,6734,1732,150,195,
32766,6725,1733,141,202,
32766,6738,1730,156,210,
32766,6730,1731,149,189,
32766,6725,1729,143,190,
32766,6729,1738,148,204,
32766,6725,1736,146,194,
32766,6732,1728,146,189,
32766,6721,1725,147,200,
32766,6733,1732,141,198,
32766,6727,1731,145,197,
32766,6732,1726,143,200,
32766,6734,1724,146,199,
32766,6738,1735,145,192,
32766,6743,1726,147,193,
32766,6731,1723,143,190,
32766,6737,1730,148,199,
32766,6737,1738,147,200,
32766,6727,1730,140,189,
32766,6735,1729,136,203,
32766,6738,1739,146,188,
32766,6734,1734,143,193,
32766,6740,1731,145,195,
32766,6741,1731,151,194,
32766,6734,1732,154,195,
32766,6737,1739,149,206,
32766,6744,1731,154,196,
32766,6727,1732,145,201,
32766,6740,1728,150,199,
32766,6737,1737,151,205,
32766,6747,1730,139,197,
32766,6745,1740,148,198,
32766,6747,1739,146,192,
32766,6752,1727,144,189,
32766,6741,1733,144,197,
32766,6732,1732,148,198,
32766,6743,1734,147,200,
32766,6745,1733,142,199,
32766,6740,1737,141,198,
32766,6750,1735,141,209,
32766,6736,1734,150,198,
32766,6743,1732,147,199,
32766,6742,1732,145,197,
32766,6739,1734,147,199,
32766,6749,1744,142,199,
32766,6743,1736,145,201,
32766,6755,1742,148,195,
32766,6752,1735,145,190,
32766,6750,1745,145,193,
32766,6752,1743,147,192,
32766,6759,1744,145,207,
32766,6751,1744,155,196,
32766,6765,1733,142,203,
32766,6765,1742,145,197,
32766,6765,1750,146,210,
32766,6761,1741,144,203,
32766,6750,1735,145,203,
32766,6756,1736,147,199,
32766,6746,1728,148,195,
32766,6740,1739,145,205,
32766,6744,1739,155,192,
32766,6753,1737,144,200,
32766,6757,1742,154,200,
32766,6761,1745,153,198,
32766,6760,1743,159,194,
32766,6760,1739,144,210,
32766,6755,1736,156,193,
32766,6749,1738,152,194,
32766,6745,1740,142,198,
32766,6756,1740,147,197,
32766,6742,1741,151,199,
32766,6760,1734,149,192,
32766,6751,1747,144,199,
32766,6751,1737,148,197,
32766,6751,1747,152,196,
32766,6744,1735,149,200,
32766,6754,1743,150,192,
32766,6755,1743,145,190,
32766,6752,1747,156,198,
32766,6756,1741,156,200,
32766,6764,1738,148,193,
32766,6774,1739,150,195,
32766,6759,1741,136,203,
32766,6763,1738,143,201,
32766,6761,1743,143,200,
32766,6754,1736,155,201,
32766,6754,1737,146,196,
32766,6752,1746,151,194,
32766,6767,1732,145,193,
32766,6755,1738,141,191,
32766,6759,1745,144,204,
32766,6757,1747,154,203,
32766,6762,1732,141,202,
32766,6751,1735,141,194,
32766,6749,1737,142,199,
32766,6757,1739,146,197,
32766,6756,1735,146,192,
32766,6751,1739,144,203,
32766,6760,1739,144,205,
32766,6753,1728,135,190,
32766,6752,1728,136,202,
32766,6745,1742,150,190,
32766,6752,1739,149,193,
32766,6744,1735,144,194,
32766,6748,1739,141,205,
32766,6745,1731,151,195,
32766,6758,1740,143,198,
32766,6756,1734,149,196,
32766,6754,1738,148,200,
32766,6742,1739,147,192,
32766,6750,1734,146,196,
32766,6752,1742,152,202,
32766,6745,1744,150,188,
32766,6752,1739,143,199,
32766,6757,1735,145,194,
32766,6743,1743,141,197,
32766,6745,1738,134,191,
32766,6747,1732,160,200,
32766,6745,1740,140,205,
32766,6750,1738,138,195,
32766,6755,1737,147,192,
32766,6743,1735,143,207,
32766,6749,1729,138,196,
32766,6748,1735,142,194,
32766,6743,1723,146,203,
32766,6743,1730,151,194,
32766,6753,1733,138,188,
32766,6751,1739,146,200,
32766,6752,1743,153,198,
32766,6755,1734,141,199,
32766,6759,1743,141,193,
32766,6761,1737,140,192,
32766,6761,1732,147,203,
32766,6742,1739,143,196,
32766,6746,1732,146,206,
32766,6750,1737,142,195,
32766,6744,1732,146,196,
32766,6746,1745,150,201,
32766,6744,1735,147,190,
32766,6747,1728,143,198,
32766,6746,1744,141,188,
32766,6751,1740,146,195,
32766,6738,1740,150,203,
32766,6736,1739,144,194,
32766,6743,1735,145,202,
32766,6748,1736,151,186,
32766,6734,1736,138,199,
32766,6740,1729,150,200,
32766,6742,1731,136,196,
32766,6738,1733,147,194,
32766,6731,1735,156,199,
32766,6738,1727,140,190,
32766,6733,1730,151,197,
32766,6749,1736,147,202,
32766,6739,1740,146,195,
32766,6735,1736,149,197,
32766,6728,1732,145,199,
32766,6732,1731,146,205,
32766,6734,1739,145,188,
32766,6739,1730,154,197,
32766,6734,1734,144,198,
32766,6736,1734,148,193,
32766,6744,1727,140,195,
32766,6733,1735,150,199,
32766,6739,1735,146,198,
32766,6735,1730,138,199,
32766,6738,1741,146,198,
32766,6741,1728,146,200,
32766,6734,1728,149,197,
32766,6731,1741,143,198,
32766,6738,1731,146,196,
32766,6730,1735,146,199,
32766,6741,1727,151,201,
32766,6728,1732,152,194,
32766,6729,1737,146,198,
32766,6746,1736,146,195,
32766,6746,1738,145,192,
32766,6741,1725,156,194,
32766,6727,1739,149,203,
32766,6743,1734,137,206,
32766,6742,1726,141,195,
32766,6743,1722,140,195,
32766,6737,1725,145,192,
32766,6739,1729,147,195,
32766,6738,1730,153,192,
32766,6732,1737,145,196,
32766,6743,1737,142,202,
32766,6728,1736,149,196,
32766,6732,1733,136,197,
32766,6736,1739,152,197,
32766,6734,1733,139,196,
32766,6732,1738,143,196,
32766,6729,1732,139,190,
32766,6729,1726,147,199,
32766,6732,1730,143,201,
32766,6736,1728,144,203,
32766,6733,1731,148,195,
32766,6728,1738,147,198,
32766,6726,1733,151,197,
32766,6737,1728,148,196,
32766,6734,1730,149,195,
32766,6728,1723,151,196,
32766,6731,1734,139,191,
32766,6732,1733,142,196,
32766,6738,1734,137,200,
32766,6723,1732,144,193,
32766,6741,1736,144,197,
32766,6734,1730,150,200,
32766,6728,1736,143,189,
32766,6743,1726,153,206,
32766,6738,1729,149,190,
32766,6745,1732,147,200,
32766,6746,1727,142,194,
32766,6735,1735,143,197,
32766,6743,1735,146,199,
32766,6739,1740,155,199,
32766,6739,1737,145,190,
32766,6744,1722,154,194,
32766,6739,1737,146,194,
32766,6743,1738,144,209,
32766,6742,1734,147,201,
32766,6748,1739,145,188,
32766,6740,1735,147,201,
32766,6731,1727,138,196,
32766,6726,1742,143,198,
32766,6738,1735,145,200,
32766,6725,1722,147,197,
32766,6736,1735,145,197,
32766,6736,1732,146,202,
32766,6740,1732,148,199,
32766,6728,1735,147,199,
32766,6736,1735,144,190,
32766,6735,1745,145,195,
32766,6737,1739,142,184,
32766,6738,1737,143,202,
32766,6740,1741,148,202,
32766,6731,1736,149,197,
32766,6734,1730,143,197,
32766,6725,1735,144,197,
32766,6738,1738,146,192,
32766,6741,1736,148,197,
32766,6735,1741,147,190,
32766,6732,1726,147,205,
32766,6728,1735,157,200,
32766,6736,1725,153,185,
32766,6737,1728,150,195,
32766,6736,1737,145,203,
32766,6744,1726,155,191,
32766,6744,1734,145,199,
32766,6736,1724,147,188,
32766,6740,1741,141,194,
32766,6747,1730,145,196,
32766,6742,1726,143,190,
32766,6747,1728,150,185,
32766,6752,1734,148,207,
32766,6746,1736,159,208,
32766,6736,1728,145,197,
32766,6740,1726,147,188,
32766,6735,1730,151,191,
32766,6739,1724,137,196,
32766,6730,1733,153,203,
32766,6734,1734,156,202,
32766,6737,1722,130,197,
32766,6740,1735,133,199,
32766,6733,1727,144,200,
32766,6720,1727,147,191,
32766,6729,1727,148,195,
32766,6742,1727,134,194,
32766,6744,1731,156,202,
32766,6745,1735,141,196,
32766,6751,1741,142,194,
32766,6744,1734,141,189,
32766,6752,1736,147,195,
32766,6748,1739,145,195,
32766,6740,1730,146,202,
32766,6748,1727,149,194,
32766,6741,1741,147,193,
32766,6733,1728,151,192,
32766,6735,1730,148,199,
32766,6729,1731,140,190,
32766,6739,1738,140,200,
32766,6737,1731,149,190,
32766,6729,1731,150,197,
32766,6743,1734,144,199,
32766,6750,1729,137,201,
32766,6739,1732,146,193,
32766,6731,1741,152,196,
32766,6737,1732,141,197,
32766,6736,1732,148,197,
32766,6731,1727,142,203,
32766,6745,1738,145,206,
32766,6730,1739,149,195,
32766,6728,1723,141,196,
32766,6722,1728,143,195,
32766,6740,1729,148,201,
32766,6740,1733,140,196,
32766,6734,1739,154,199,
32766,6751,1732,146,197,
32766,6751,1740,155,197,
32766,6751,1728,148,206,
32766,6749,1735,157,193,
32766,6753,1738,148,197,
32766,6747,1742,140,193,
32766,6743,1736,148,198,
32766,6725,1731,148,201,
32766,6739,1732,147,200,
32766,6739,1737,143,205,
32766,6748,1735,145,193,
32766,6752,1750,145,193,
32766,6753,1740,149,199,
32766,6759,1732,156,200,
32766,6750,1745,150,194,
32766,6756,1737,155,199,
32766,6755,1732,144,202,
32766,6760,1738,145,187,
32766,6753,1736,150,195,
32766,6752,1741,151,199,
32766,6757,1737,139,212,
32766,6758,1747,148,198,
32766,6762,1728,149,198,
32766,6759,1737,142,195,
32766,6772,1742,145,189,
32766,6778,1755,148,198,
32766,6762,1742,154,204,
32766,6771,1732,153,203,
32766,6773,1738,153,202,
32766,6774,1754,154,199,
32766,6788,1744,148,203,
32766,6797,1746,151,197,
32766,6788,1743,140,203,
32766,6800,1748,139,198,
32766,6800,1752,151,201,
32766,6802,1748,150,215,
32766,6797,1756,151,198,
32766,6798,1765,142,197,
32766,6797,1741,149,199,
32766,6797,1750,145,212,
32766,6796,1755,139,196,
32766,6787,1762,144,201,
32766,6798,1751,149,204,
32766,6796,1751,140,204,
32766,6788,1752,149,205,
32766,6792,1753,153,206,
32766,6797,1742,142,200,
32766,6785,1750,152,204,
32766,6793,1740,135,191,
32766,6804,1748,146,199,
32766,6802,1749,156,194,
32766,6795,1752,149,207,
32766,6804,1747,149,205,
32766,6805,1748,151,203,
32766,6804,1749,149,200,
32766,6800,1752,148,191,
32766,6800,1747,145,198,
32766,6805,1753,150,188,
32766,6814,1755,147,200,
32766,6807,1755,143,202,
32766,6817,1751,139,197,
32766,6817,1757,158,195,
32766,6813,1757,147,196,
32766,6821,1754,149,203,
32766,6823,1761,146,201,
32766,6827,1754,152,195,
32766,6825,1754,152,193,
32766,6826,1749,142,193,
32766,6822,1752,141,202,
32766,6834,1765,159,198,
32766,6834,1763,154,195,
32766,6829,1759,159,201,
32766,6835,1756,145,201,
32766,6833,1754,155,208,
32766,6836,1763,149,196,
32766,6825,1753,148,196,
32766,6836,1764,141,209,
32766,6830,1761,148,199,
32766,6835,1763,141,193,
32766,6820,1758,141,207,
32766,6831,1756,147,195,
32766,6829,1752,144,201,
32766,6833,1760,147,205,
32766,6829,1759,156,190,
32766,6838,1758,145,209,
32766,6832,1766,140,204,
32766,6842,1758,152,188,
32766,6839,1764,160,193,
32766,6844,1770,147,203,
32766,6829,1759,151,193,
32766,6842,1756,152,200,
32766,6840,1758,141,196,
32766,6836,1754,145,202,
32766,6837,1750,139,199,
32766,6830,1761,153,205,
32766,6834,1753,149,205,
32766,6835,1756,152,201,
32766,6822,1761,154,193,
32766,6832,1756,147,202,
32766,6837,1752,153,192,
32766,6831,1754,151,212,
32766,6827,1762,147,209,
32766,6824,1759,157,202,
32766,6834,1763,142,203,
32766,6826,1761,141,194,
32766,6839,1758,145,198,
32766,6831,1759,150,204,
32766,6827,1761,152,191,
32766,6831,1759,146,192,
32766,6836,1760,147,198,
32766,6830,1759,145,199,
32766,6850,1760,146,207,
32766,6824,1765,146,195,
32766,6833,1756,147,202,
32766,6829,1751,146,200,
32766,6823,1760,143,198,
32766,6819,1763,148,198,
32766,6827,1750,142,203,
32766,6827,1767,144,194,
32766,6829,1764,150,202,
32766,6831,1757,139,201,
32766,6832,1763,139,196,
32766,6844,1754,152,197,
32766,6829,1757,149,193,
32766,6826,1756,151,204,
32766,6828,1756,154,198,
32766,6822,1749,145,199,
32766,6829,1762,144,196,
32766,6838,1753,138,203,
32766,6833,1754,150,199,
32766,6825,1761,146,197,
32766,6821,1761,160,197,
32766,6818,1763,153,199,
32766,6816,1763,148,198,
32766,6824,1751,159,196,
32766,6821,1758,136,198,
32766,6829,1756,145,201,
32766,6831,1761,148,204,
32766,6818,1754,153,201,
32766,6812,1749,156,215,
32766,6820,1754,145,201,
32766,6821,1752,141,198,
32766,6827,1766,158,199,
32766,6824,1755,145,206,
32766,6829,1752,157,196,
32766,6826,1750,136,200,
32766,6832,1761,153,199,
32766,6829,1758,146,195,
32766,6824,1740,147,199,
32766,6817,1756,146,199,
32766,6815,1753,151,193,
32766,6821,1746,144,190,
32766,6812,1749,148,193,
32766,6826,1759,154,208,
32766,6814,1766,149,210,
32766,6808,1750,145,207,
32766,6818,1744,144,196,
32766,6813,1756,140,197,
32766,6816,1753,145,209,
32766,6819,1756,147,203,
32766,6823,1763,137,199,
32766,6814,1754,142,203,
32766,6816,1764,144,197,
32766,6823,1749,156,198,
32766,6818,1760,136,206,
32766,6817,1753,149,200,
32766,6824,1769,151,197,
32766,6824,1760,155,197,
32766,6832,1758,146,192,
32766,6834,1768,146,199,
32766,6824,1752,149,194,
32766,6828,1745,148,198,
32766,6829,1758,153,198,
32766,6831,1756,144,198,
32766,6817,1764,145,199,
32766,6810,1757,154,199,
32766,6819,1757,154,199,
32766,6828,1757,164,193,
32766,6820,1761,144,197,
32766,6818,1754,150,202,
32766,6819,1754,150,203,
32766,6817,1756,153,197,
32766,6816,1750,155,199,
32766,6819,1753,141,199,
32766,6818,1748,145,196,
32766,6821,1754,144,204,
32766,6821,1757,151,199,
32766,6826,1754,154,204,
32766,6821,1761,153,203,
32766,6819,1760,154,205,
32766,6820,1759,147,200,
32766,6826,1759,153,202,
32766,6824,1764,148,203,
32766,6827,1750,144,210,
32766,6823,1759,157,198,
32766,6839,1753,151,204,
32766,6820,1755,151,193,
32766,6828,1753,145,199,
32766,6821,1756,149,193,
32766,6834,1749,152,198,
32766,6823,1759,149,199,
32766,6821,1762,154,188,
32766,6825,1757,145,190,
32766,6828,1763,146,205,
32766,6827,1749,153,207,
32766,6830,1748,152,202,
32766,6825,1753,149,194,
32766,6830,1756,149,202,
32766,6836,1760,152,188,
32766,6837,1757,145,199,
32766,6836,1754,150,204,
32766,6824,1753,148,201,
32766,6835,1754,144,198,
32766,6822,1759,148,203,
32766,6819,1759,144,197,
32766,6824,1742,153,201,
32766,6827,1753,156,196,
32766,6823,1759,149,206,
32766,6823,1755,152,201,
32766,6824,1755,149,203,
32766,6831,1761,143,199,
32766,6821,1756,150,201,
32766,6822,1760,144,216,
32766,6819,1757,147,210,
32766,6826,1753,142,194,
32766,6829,1754,158,195,
32766,6833,1756,139,196,
32766,6827,1754,155,199,
32766,6822,1750,138,199,
32766,6831,1761,155,198,
32766,6829,1748,149,194,
32766,6820,1759,145,193,
32766,6828,1762,147,195,
32766,6817,1757,143,195,
32766,6826,1749,154,197,
32766,6826,1755,154,193,
32766,6822,1750,144,196,
32766,6821,1748,151,200,
32766,6817,1751,143,202,
32766,6820,1749,148,196,
32766,6813,1756,148,196,
32766,6812,1751,148,199,
32766,6825,1750,141,198,
32766,6810,1751,144,202,
32766,6809,1760,151,200,
32766,6820,1746,147,204,
32766,6802,1749,140,195,
32766,6806,1743,143,197,
32766,6812,1751,131,200,
32766,6799,1747,139,204,
32766,6810,1754,140,194,
32766,6808,1754,149,207,
32766,6808,1749,156,195,
32766,6807,1747,154,193,
32766,6812,1757,153,195,
32766,6804,1756,150,200,
32766,6801,1739,153,194,
32766,6808,1747,149,203,
32766,6808,1740,144,196,
32766,6804,1746,141,203,
32766,6805,1748,152,201,
32766,6810,1746,147,183,
32766,6800,1753,146,202,
32766,6810,1746,137,199,
32766,6807,1752,151,196,
32766,6808,1748,150,196,
32766,6799,1757,150,204,
32766,6809,1754,147,212,
32766,6803,1743,149,208,
32766,6791,1748,153,201,
32766,6797,1753,150,201,
32766,6805,1740,151,200,
32766,6808,1752,152,202,
32766,6804,1752,146,202,
32766,6784,1755,147,195,
32766,6801,1745,150,202,
32766,6795,1751,147,200,
32766,6803,1748,153,200,
32766,6811,1746,147,197,
32766,6801,1745,156,198,
32766,6807,1754,138,200,
32766,6810,1751,147,199,
32766,6812,1744,147,198,
32766,6815,1751,148,195,
32766,6819,1750,139,196,
32766,6813,1761,145,202,
32766,6812,1747,152,200,
32766,6813,1762,150,193,
32766,6811,1750,151,196,
32766,6814,1752,155,197,
32766,6811,1755,146,198,
32766,6812,1753,154,207,
32766,6808,1754,147,196,
32766,6819,1750,148,193,
32766,6800,1751,149,199,
32766,6806,1751,144,202,
32766,6810,1755,137,201,
32766,6809,1750,142,208,
32766,6818,1752,151,204,
32766,6816,1750,149,202,
32766,6806,1755,139,205,
32766,6807,1752,140,202,
32766,6812,1751,146,208,
32766,6807,1744,155,196,
32766,6819,1758,152,194,
32766,6818,1741,141,203,
32766,6813,1754,146,199,
32766,6817,1758,152,202,
32766,6815,1748,157,199,
32766,6812,1754,150,206,
32766,6820,1752,147,200,
32766,6808,1746,143,196,
32766,6814,1752,146,205,
32766,6816,1749,145,199,
32766,6824,1765,146,201,
32766,6825,1744,151,198,
32766,6821,1755,150,197,
32766,6810,1748,147,203,
32766,6818,1752,153,194,
32766,6823,1761,151,197,
32766,6814,1758,147,198,
32766,6816,1753,156,212,
32766,6816,1753,143,202,
32766,6815,1755,142,200,
32766,6810,1751,151,212,
32766,6793,1753,154,195,
32766,6804,1751,140,199,
32766,6802,1751,154,190,
32766,6805,1756,142,196,
32766,6805,1756,157,203,
32766,6814,1750,143,202,
32766,6817,1755,145,201,
32766,6828,1756,149,200,
32766,6814,1756,144,205,
32766,6826,1763,143,201,
32766,6821,1753,144,192,
32766,6825,1747,148,203,
32766,6822,1750,139,203,
32766,6827,1753,134,195,
32766,6828,1757,151,192,
32766,6824,1750,148,191,
32766,6824,1760,148,204,
32766,6831,1759,150,209,
32766,6819,1753,144,197,
32766,6822,1743,145,198,
32766,6818,1759,142,186,
32766,6833,1748,150,194,
32766,6833,1751,141,202,
32766,6830,1762,159,199,
32766,6828,1759,143,203,
32766,6815,1750,156,196,
32766,6818,1750,148,195,
32766,6821,1749,141,200,
32766,6814,1750,138,201,
32766,6830,1759,149,195,
32766,6832,1756,153,203,
32766,6828,1752,144,195,
32766,6820,1748,153,201,
32766,6830,1763,152,194,
32766,6827,1750,144,197,
32766,6826,1752,148,213,
32766,6823,1762,150,201,
32766,6834,1754,153,193,
32766,6818,1760,150,196,
32766,6835,1756,147,200,
32766,6823,1755,147,199,
32766,6828,1755,151,203,
32766,6825,1750,145,186,
32766,6835,1761,144,199,
32766,6830,1744,147,196,
32766,6832,1753,148,199,
32766,6826,1750,148,192,
32766,6814,1758,142,204,
32766,6823,1761,139,199,
32766,6826,1757,148,210,
32766,6822,1762,141,206,
32766,6830,1753,148,202,
32766,6825,1759,139,204,
32766,6817,1760,146,209,
32766,6824,1750,146,194,
32766,6820,1745,153,203,
32766,6820,1754,147,197,
32766,6819,1754,147,200,
32766,6812,1761,145,197,
32766,6817,1764,147,211,
32766,6815,1742,156,199,
32766,6816,1761,146,194,
32766,6817,1747,147,212,
32766,6814,1752,147,190,
32766,6809,1755,168,196,
32766,6815,1745,144,198,
32766,6807,1755,147,194,
32766,6811,1752,144,205,
32766,6808,1747,149,198,
32766,6818,1745,158,193,
32766,6811,1756,153,201,
32766,6822,1747,154,200,
32766,6822,1765,141,202,
32766,6824,1757,143,194,
32766,6815,1750,151,197,
32766,6820,1754,147,200,
32766,6808,1754,146,204,
32766,6806,1746,145,204,
32766,6814,1751,153,199,
32766,6816,1755,148,195,
32766,6814,1740,146,201,
32766,6815,1749,148,192,
32766,6815,1761,154,197,
32766,6813,1751,144,199,
32766,6811,1743,144,216,
32766,6817,1763,150,207,
32766,6812,1746,147,197,
32766,6821,1749,149,208,
32766,6814,1754,150,192,
32766,6820,1754,148,200,
32766,6818,1761,135,202,
32766,6812,1748,143,202,
32766,6812,1747,144,195,
32766,6821,1747,154,199,
32766,6807,1748,147,202,
32766,6811,1757,135,200,
32766,6820,1756,150,197,
32766,6823,1749,162,197,
32766,6825,1747,150,199,
32766,6817,1752,143,208,
32766,6816,1751,150,193,
32766,6815,1752,151,204,
32766,6811,1748,151,213,
32766,6817,1755,151,204,
32766,6813,1752,147,204,
32766,6814,1750,141,194,
32766,6826,1754,144,195,
32766,6819,1753,145,200,
32766,6809,1741,149,201,
32766,6816,1744,151,193,
32766,6819,1743,146,198,
32766,6810,1750,149,198,
32766,6819,1748,149,198,
32766,6812,1755,151,193,
32766,6813,1749,148,193,
32766,6820,1753,150,205,
32766,6815,1754,150,205,
32766,6824,1746,149,199,
32766,6820,1755,155,205,
32766,6820,1758,144,192,
32766,6821,1748,162,200,
32766,6804,1748,145,194,
32766,6809,1749,148,196,
32766,6814,1757,146,209,
32766,6821,1751,143,208,
32766,6818,1744,146,195,
32766,6813,1753,153,190,
32766,6818,1751,148,195,
32766,6808,1757,140,203,
32766,6811,1764,141,205,
32766,6805,1751,150,196,
32766,6801,1751,155,194,
32766,6802,1748,144,203,
32766,6812,1749,147,195,
32766,6807,1752,148,193,
32766,6809,1748,149,202,
32766,6810,1756,151,205,
32766,6816,1747,147,201,
32766,6804,1750,152,193,
32766,6806,1759,144,200,
32766,6796,1757,145,197,
32766,6818,1751,145,203,
32766,6794,1744,144,200,
32766,6798,1749,150,188,
32766,6803,1747,145,193,
32766,6800,1740,145,200,
32766,6802,1750,145,213,
32766,6800,1749,152,209,
32766,6798,1751,148,190,
32766,6789,1745,143,199,
32766,6797,1746,143,193,
32766,6791,1747,141,204,
