32766,5199,1575,77,56,
32766,5202,1566,72,64,
32766,5193,1570,76,56,
32766,5196,1572,73,54,
32766,5205,1578,84,71,
32766,5202,1574,75,62,
32766,5201,1572,84,62,
32766,5202,1580,83,60,
32766,5202,1577,87,52,
32766,5197,1564,77,65,
32766,5202,1569,82,47,
32766,5195,1572,85,66,
32766,5204,1578,83,59,
32766,5207,1582,82,67,
32766,5203,1566,76,65,
32766,5205,1577,90,52,
32766,5211,1572,84,57,
32766,5210,1575,75,51,
32766,5205,1575,74,57,
32766,5200,1574,79,60,
32766,5199,1566,90,63,
32766,5210,1571,80,64,
32766,5208,1573,74,68,
32766,5216,1566,81,58,
32766,5207,1569,82,51,
32766,5207,1582,79,57,
32766,5217,1578,83,63,
32766,5205,1572,84,58,
32766,5211,1566,73,53,
32766,5205,1564,73,54,
32766,5204,1564,79,61,
32766,5217,1571,72,61,
32766,5208,1568,77,63,
32766,5203,1570,80,63,
32766,5214,1572,72,53,
32766,5215,1574,79,48,
32766,5219,1580,82,70,
32766,5218,1572,80,62,
32766,5215,1572,82,57,
32766,5215,1576,78,63,
32766,5214,1571,85,60,
32766,5217,1580,80,55,
32766,5217,1571,81,56,
32766,5212,1572,81,64,
32766,5217,1578,88,55,
32766,5222,1575,81,67,
32766,5222,1567,81,63,
32766,5219,1572,89,57,
32766,5228,1568,76,72,
32766,5227,1570,77,68,
32766,5227,1570,86,56,
32766,5225,1575,83,62,
32766,5216,1577,76,64,
32766,5214,1577,88,50,
32766,5219,1574,71,59,
32766,5225,1575,78,61,
32766,5215,1576,81,55,
32766,5220,1573,83,61,
32766,5221,1580,79,61,
32766,5210,1574,72,48,
32766,5218,1563,85,63,
32766,5213,1573,88,58,
32766,5231,1582,85,62,
32766,5219,1572,87,62,
32766,5215,1580,83,63,
32766,5213,1570,86,55,
32766,5214,1578,75,59,
32766,5221,1589,76,63,
32766,5224,1584,76,60,
32766,5226,1576,82,56,
32766,5210,1584,76,68,
32766,5217,1573,85,60,
32766,5226,1580,84,68,
32766,5228,1581,76,58,
32766,5228,1581,83,64,
32766,5220,1576,84,67,
32766,5231,1573,79,61,
32766,5227,1581,77,63,
32766,5234,1578,79,65,
32766,5231,1572,75,67,
32766,5228,1586,82,60,
32766,5231,1572,84,68,
32766,5246,1583,71,58,
32766,5244,1576,81,63,
32766,5232,1573,72,54,
32766,5236,1578,83,52,
32766,5233,1584,83,58,
32766,5242,1580,77,59,
32766,5242,1577,85,61,
32766,5241,1575,80,61,
32766,5245,1580,84,58,
32766,5249,1576,72,56,
32766,5242,1578,83,64,
32766,5255,1572,78,59,
32766,5242,1576,75,63,
32766,5251,1580,79,61,
32766,5256,1576,72,62,
32766,5249,1575,77,74,
32766,5246,1574,80,56,
32766,5249,1573,77,66,
32766,5249,1574,83,68,
32766,5245,1570,69,61,
32766,5244,1576,77,58,
32766,5237,1574,83,66,
32766,5246,1570,80,70,
32766,5247,1561,80,61,
32766,5240,1580,73,59,
32766,5238,1571,88,62,
32766,5237,1579,76,55,
32766,5240,1580,75,62,
32766,5230,1586,86,71,
32766,5249,1575,74,66,
32766,5237,1576,79,70,
32766,5240,1576,81,56,
32766,5246,1580,84,57,
32766,5242,1574,77,70,
32766,5244,1579,80,64,
32766,5240,1577,82,52,
32766,5237,1575,79,64,
32766,5246,1579,78,60,
32766,5245,1573,84,65,
32766,5236,1574,88,70,
32766,5246,1572,76,56,
32766,5244,1579,83,65,
32766,5240,1582,73,58,
32766,5243,1572,78,66,
32766,5242,1566,74,70,
32766,5241,1571,96,69,
32766,5252,1575,74,62,
32766,5237,1573,80,58,
32766,5244,1585,93,69,
32766,5239,1576,80,66,
32766,5252,1581,74,57,
32766,5247,1570,75,69,
32766,5248,1571,84,68,
32766,5249,1577,79,60,
32766,5249,1569,81,61,
32766,5240,1575,70,62,
32766,5249,1584,76,63,
32766,5243,1574,88,60,
32766,5248,1572,75,56,
32766,5249,1583,81,66,
32766,5241,1566,79,69,
32766,5254,1571,76,66,
32766,5242,1584,80,58,
32766,5252,1585,75,66,
32766,5239,1566,73,56,
32766,5240,1576,73,67,
32766,5255,1577,72,72,
32766,5250,1573,77,60,
32766,5238,1577,72,60,
32766,5253,1576,85,61,
32766,5256,1581,70,59,
32766,5250,1574,80,60,
32766,5254,1571,79,60,
32766,5259,1579,84,64,
32766,5251,1580,77,46,
32766,5253,1574,82,66,
32766,5241,1571,87,66,
32766,5264,1575,80,66,
32766,5256,1575,72,66,
32766,5252,1572,76,56,
32766,5252,1571,77,68,
32766,5256,1569,79,62,
32766,5248,1574,73,50,
32766,5270,1582,78,68,
32766,5256,1583,78,55,
32766,5258,1573,80,62,
32766,5259,1572,75,54,
32766,5260,1570,76,70,
32766,5246,1573,85,57,
32766,5244,1570,74,63,
32766,5253,1567,63,66,
32766,5248,1572,77,63,
32766,5257,1581,81,71,
32766,5253,1570,83,68,
32766,5251,1574,83,66,
32766,5251,1575,81,63,
32766,5255,1570,67,59,
32766,5251,1567,87,66,
32766,5250,1566,74,62,
32766,5246,1573,83,54,
32766,5245,1567,81,72,
32766,5245,1566,76,64,
32766,5257,1582,81,67,
32766,5261,1572,79,71,
32766,5252,1584,76,49,
32766,5258,1581,84,56,
32766,5246,1580,87,63,
32766,5257,1580,74,78,
32766,5258,1575,70,68,
32766,5260,1580,79,66,
32766,5246,1575,82,71,
32766,5257,1578,73,57,
32766,5246,1575,78,65,
32766,5253,1569,84,61,
32766,5255,1578,74,58,
32766,5251,1567,73,64,
32766,5254,1578,83,54,
32766,5254,1580,74,49,
32766,5252,1571,72,62,
32766,5244,1582,74,60,
32766,5255,1568,71,57,
32766,5245,1564,78,51,
32766,5249,1575,75,68,
32766,5237,1581,67,63,
32766,5243,1578,75,58,
32766,5244,1573,83,63,
32766,5242,1585,81,56,
32766,5246,1574,77,70,
32766,5239,1573,72,55,
32766,5244,1576,86,59,
32766,5240,1572,83,64,
32766,5250,1574,85,67,
32766,5252,1575,70,61,
32766,5254,1577,69,69,
32766,5253,1569,76,63,
32766,5254,1572,74,65,
32766,5243,1570,80,66,
32766,5246,1582,86,68,
32766,5246,1576,92,57,
32766,5248,1575,69,48,
32766,5250,1578,70,61,
32766,5247,1581,75,57,
32766,5243,1579,77,53,
32766,5244,1574,73,58,
32766,5236,1572,76,64,
32766,5238,1578,75,66,
32766,5240,1586,84,49,
32766,5243,1577,81,55,
32766,5241,1582,81,57,
32766,5247,1578,85,56,
32766,5241,1576,87,57,
32766,5247,1584,68,61,
32766,5254,1585,78,58,
32766,5234,1579,83,61,
32766,5247,1580,80,51,
32766,5251,1572,82,65,
32766,5255,1587,76,65,
32766,5245,1578,77,62,
32766,5253,1575,76,56,
32766,5260,1583,83,59,
32766,5250,1585,82,54,
32766,5247,1574,85,65,
32766,5254,1581,86,54,
32766,5249,1574,79,58,
32766,5263,1579,83,66,
32766,5244,1574,71,53,
32766,5250,1585,82,62,
32766,5243,1578,74,50,
32766,5249,1573,77,53,
32766,5257,1574,93,64,
32766,5260,1577,81,62,
32766,5250,1579,78,53,
32766,5246,1583,86,54,
32766,5259,1580,81,62,
32766,5242,1577,87,61,
32766,5258,1568,75,56,
32766,5261,1583,82,63,
32766,5251,1585,82,58,
32766,5258,1578,77,65,
32766,5258,1582,80,59,
32766,5257,1576,82,52,
32766,5256,1580,65,65,
32766,5255,1586,67,53,
32766,5259,1576,72,60,
32766,5262,1572,75,60,
32766,5252,1581,76,53,
32766,5262,1570,77,58,
32766,5262,1578,75,58,
32766,5267,1587,80,58,
32766,5269,1572,83,60,
32766,5264,1573,82,69,
32766,5266,1581,78,54,
32766,5265,1585,83,49,
32766,5259,1582,83,60,
32766,5279,1576,77,67,
32766,5267,1574,77,57,
32766,5252,1585,84,61,
32766,5264,1583,76,70,
32766,5263,1586,79,67,
32766,5264,1585,83,64,
32766,5268,1578,86,60,
32766,5268,1576,78,59,
32766,5263,1579,81,61,
32766,5264,1570,73,62,
32766,5267,1579,87,70,
32766,5273,1580,70,56,
32766,5274,1590,72,69,
32766,5276,1574,87,65,
32766,5270,1579,69,64,
32766,5270,1574,79,67,
32766,5269,1585,81,59,
32766,5270,1575,74,57,
32766,5264,1584,82,60,
32766,5265,1584,76,58,
32766,5272,1579,75,67,
32766,5278,1570,78,51,
32766,5273,1576,79,59,
32766,5269,1589,77,68,
32766,5277,1586,81,59,
32766,5266,1570,70,60,
32766,5270,1582,79,65,
32766,5278,1582,74,57,
32766,5275,1584,86,52,
32766,5269,1586,78,56,
32766,5267,1577,80,65,
32766,5281,1591,81,64,
32766,5271,1589,76,58,
32766,5271,1576,94,53,
32766,5267,1574,71,52,
32766,5269,1580,78,51,
32766,5286,1581,71,65,
32766,5272,1578,83,74,
32766,5280,1583,70,78,
32766,5280,1584,77,58,
32766,5269,1585,94,64,
32766,5275,1581,76,71,
32766,5272,1577,72,62,
32766,5275,1575,79,59,
32766,5279,1574,72,65,
32766,5276,1580,79,66,
32766,5272,1584,80,52,
32766,5279,1572,71,56,
32766,5277,1588,77,54,
32766,5276,1573,77,49,
32766,5281,1579,76,57,
32766,5284,1588,69,62,
32766,5277,1590,77,55,
32766,5278,1577,78,62,
32766,5276,1572,76,56,
32766,5285,1575,74,51,
32766,5281,1585,82,56,
32766,5277,1579,73,60,
32766,5278,1581,72,52,
32766,5279,1574,73,60,
32766,5265,1582,86,63,
32766,5278,1583,77,56,
32766,5282,1581,80,63,
32766,5285,1579,87,63,
32766,5283,1579,76,56,
32766,5287,1583,75,66,
32766,5281,1577,80,62,
32766,5281,1571,78,55,
32766,5280,1583,81,64,
32766,5288,1579,80,61,
32766,5274,1584,74,54,
32766,5279,1587,77,64,
32766,5278,1585,69,61,
32766,5279,1583,81,59,
32766,5288,1584,74,69,
32766,5280,1579,82,56,
32766,5277,1577,84,58,
32766,5289,1580,73,64,
32766,5283,1582,80,59,
32766,5284,1573,76,59,
32766,5291,1578,74,58,
32766,5280,1580,79,63,
32766,5286,1585,80,61,
32766,5295,1574,84,56,
32766,5292,1576,88,67,
32766,5295,1583,74,61,
32766,5289,1582,76,60,
32766,5280,1584,84,57,
32766,5289,1580,84,57,
32766,5277,1584,80,55,
32766,5292,1575,79,57,
32766,5288,1589,64,62,
32766,5292,1581,82,64,
32766,5291,1573,80,63,
32766,5282,1574,72,70,
32766,5290,1590,74,56,
32766,5288,1581,76,71,
32766,5294,1581,74,61,
32766,5293,1583,75,61,
32766,5290,1578,76,66,
32766,5294,1581,78,59,
32766,5299,1578,72,59,
32766,5292,1576,83,69,
32766,5305,1591,80,47,
32766,5294,1582,71,48,
32766,5293,1585,79,61,
32766,5286,1577,81,69,
32766,5291,1593,79,59,
32766,5293,1585,83,61,
32766,5295,1580,84,63,
32766,5295,1576,81,60,
32766,5292,1581,85,62,
32766,5293,1587,85,61,
32766,5288,1583,88,53,
32766,5277,1581,86,51,
32766,5291,1578,67,63,
32766,5283,1575,80,56,
32766,5279,1582,84,47,
32766,5286,1574,70,61,
32766,5285,1572,77,58,
32766,5285,1578,81,49,
32766,5274,1580,73,56,
32766,5278,1572,76,56,
32766,5278,1578,75,69,
32766,5286,1587,87,57,
32766,5287,1578,77,65,
32766,5276,1586,77,53,
32766,5290,1573,72,65,
32766,5286,1584,79,52,
32766,5286,1576,83,50,
32766,5285,1575,75,48,
32766,5282,1581,79,55,
32766,5292,1582,80,58,
32766,5289,1587,79,59,
32766,5292,1585,65,55,
32766,5281,1587,87,50,
32766,5286,1585,79,52,
32766,5292,1580,75,57,
32766,5286,1580,77,63,
32766,5288,1577,75,61,
32766,5286,1583,80,63,
32766,5286,1581,87,55,
32766,5275,1586,81,61,
32766,5279,1585,70,58,
32766,5277,1573,84,63,
32766,5271,1571,76,63,
32766,5272,1575,78,57,
32766,5272,1579,88,64,
32766,5275,1577,72,63,
32766,5274,1577,79,56,
32766,5278,1581,69,50,
32766,5282,1571,72,59,
32766,5285,1585,81,66,
32766,5287,1582,86,45,
32766,5281,1581,74,72,
32766,5276,1585,69,62,
32766,5283,1575,77,58,
32766,5273,1575,73,51,
32766,5283,1577,81,59,
32766,5279,1581,82,61,
32766,5282,1578,75,51,
32766,5290,1581,79,49,
32766,5278,1582,73,59,
32766,5282,1591,70,63,
32766,5291,1584,81,62,
32766,5289,1584,83,67,
32766,5288,1587,75,67,
32766,5276,1577,71,52,
32766,5284,1565,82,53,
32766,5273,1583,78,55,
32766,5276,1584,78,66,
32766,5288,1576,84,58,
32766,5283,1585,79,59,
32766,5287,1583,73,58,
32766,5284,1583,81,61,
32766,5280,1585,83,68,
32766,5287,1579,72,63,
32766,5280,1580,81,57,
32766,5284,1586,75,55,
32766,5280,1582,81,62,
32766,5297,1580,73,47,
32766,5287,1585,80,54,
32766,5291,1574,76,71,
32766,5285,1576,73,56,
32766,5284,1578,78,57,
32766,5291,1583,85,61,
32766,5270,1579,79,50,
32766,5292,1576,67,61,
32766,5291,1568,81,59,
32766,5283,1576,77,61,
32766,5280,1582,79,60,
32766,5275,1575,83,59,
32766,5277,1575,71,59,
32766,5283,1577,89,53,
32766,5276,1580,68,51,
32766,5282,1574,84,47,
32766,5282,1570,82,60,
32766,5274,1572,83,55,
32766,5283,1579,81,59,
32766,5284,1579,80,59,
32766,5285,1590,82,63,
32766,5278,1579,79,53,
32766,5289,1584,84,60,
32766,5289,1575,77,60,
32766,5291,1578,62,55,
32766,5288,1579,79,57,
32766,5282,1572,73,57,
32766,5289,1584,77,60,
32766,5286,1578,73,59,
32766,5283,1582,75,60,
32766,5289,1580,74,53,
32766,5283,1586,84,62,
32766,5281,1580,83,51,
32766,5280,1575,87,61,
32766,5286,1586,75,66,
32766,5281,1585,87,64,
32766,5286,1591,79,66,
32766,5278,1582,82,67,
32766,5280,1578,73,50,
32766,5285,1590,78,58,
32766,5279,1571,79,62,
32766,5279,1580,87,62,
32766,5282,1577,76,57,
32766,5279,1580,80,68,
32766,5284,1586,76,58,
32766,5282,1580,68,62,
32766,5286,1575,68,51,
32766,5286,1577,82,48,
32766,5278,1578,70,48,
32766,5289,1580,76,60,
32766,5282,1580,70,54,
32766,5283,1583,78,63,
32766,5282,1581,75,66,
32766,5282,1580,78,62,
32766,5296,1584,75,61,
32766,5286,1582,86,62,
32766,5290,1587,78,63,
32766,5278,1574,80,57,
32766,5295,1585,74,62,
32766,5282,1579,72,50,
32766,5288,1580,69,61,
32766,5287,1582,75,67,
32766,5280,1579,84,62,
32766,5281,1572,78,52,
32766,5288,1585,67,62,
32766,5299,1588,81,62,
32766,5289,1581,77,51,
32766,5284,1580,72,56,
32766,5289,1583,73,68,
32766,5293,1578,75,55,
32766,5279,1582,82,54,
32766,5294,1580,83,62,
32766,5286,1581,75,61,
32766,5286,1577,69,57,
32766,5293,1579,77,64,
32766,5287,1585,80,70,
32766,5297,1586,76,67,
32766,5299,1570,78,57,
32766,5290,1575,74,51,
32766,5282,1583,81,55,
32766,5293,1582,82,57,
32766,5281,1587,79,55,
32766,5282,1575,78,64,
32766,5286,1577,79,63,
32766,5289,1578,79,53,
32766,5300,1584,77,54,
32766,5291,1584,75,53,
32766,5299,1581,71,59,
32766,5291,1581,68,57,
32766,5296,1580,81,59,
32766,5291,1569,74,57,
32766,5292,1589,77,67,
32766,5300,1584,74,62,
32766,5293,1584,67,65,
32766,5295,1582,79,62,
32766,5294,1580,72,61,
32766,5298,1580,85,60,
32766,5296,1592,89,61,
32766,5307,1590,73,63,
32766,5304,1572,78,61,
32766,5293,1587,88,59,
32766,5295,1591,68,70,
32766,5297,1574,79,64,
32766,5305,1575,82,66,
32766,5302,1587,86,61,
32766,5300,1573,82,65,
32766,5301,1586,80,61,
32766,5299,1589,76,57,
32766,5310,1582,66,60,
32766,5307,1583,76,67,
32766,5299,1587,79,59,
32766,5307,1577,74,61,
32766,5305,1586,83,56,
32766,5309,1574,77,48,
32766,5312,1568,70,61,
32766,5302,1580,82,61,
32766,5299,1578,73,56,
32766,5296,1585,85,61,
32766,5292,1574,86,52,
32766,5310,1579,85,61,
32766,5313,1585,86,59,
32766,5297,1571,72,50,
32766,5308,1574,87,61,
32766,5308,1586,76,63,
32766,5302,1580,83,63,
32766,5305,1580,81,56,
32766,5307,1584,79,67,
32766,5304,1584,85,55,
32766,5294,1583,72,58,
32766,5309,1578,82,66,
32766,5312,1579,78,57,
32766,5301,1579,77,55,
32766,5297,1576,76,64,
32766,5303,1577,78,58,
32766,5293,1585,74,64,
32766,5293,1579,74,65,
32766,5314,1577,66,62,
32766,5301,1575,78,65,
32766,5310,1579,82,54,
32766,5318,1586,87,63,
32766,5296,1586,79,54,
32766,5298,1588,75,60,
32766,5302,1580,79,61,
32766,5312,1573,72,54,
32766,5307,1571,78,47,
32766,5291,1581,76,59,
32766,5312,1580,72,58,
32766,5301,1576,79,53,
32766,5298,1577,75,54,
32766,5313,1581,71,58,
32766,5300,1578,74,59,
32766,5304,1588,76,65,
32766,5309,1587,65,58,
32766,5304,1580,71,59,
32766,5306,1579,78,70,
32766,5300,1574,72,62,
32766,5301,1575,67,54,
32766,5301,1575,81,60,
32766,5303,1585,92,55,
32766,5310,1596,77,60,
32766,5301,1585,68,58,
32766,5294,1590,76,58,
32766,5304,1579,68,48,
32766,5304,1580,70,58,
32766,5302,1583,79,57,
32766,5309,1582,70,62,
32766,5314,1580,82,67,
32766,5299,1581,76,55,
32766,5308,1570,77,62,
32766,5303,1578,76,63,
32766,5306,1588,81,68,
32766,5305,1574,73,59,
32766,5305,1593,84,69,
32766,5305,1582,78,66,
32766,5308,1579,73,62,
32766,5317,1580,73,59,
32766,5304,1577,90,61,
32766,5310,1567,77,55,
32766,5301,1569,77,55,
32766,5309,1587,76,62,
32766,5314,1592,83,59,
32766,5315,1584,80,73,
32766,5307,1590,79,71,
32766,5316,1582,87,67,
32766,5303,1584,86,60,
32766,5310,1581,75,56,
32766,5305,1590,76,55,
32766,5306,1581,77,59,
32766,5304,1580,83,55,
32766,5319,1586,77,65,
32766,5304,1579,75,57,
32766,5301,1579,84,64,
32766,5307,1593,74,57,
32766,5294,1585,83,59,
32766,5307,1591,80,66,
32766,5304,1576,74,48,
32766,5302,1582,85,58,
32766,5308,1580,78,56,
32766,5308,1581,75,50,
32766,5306,1583,83,62,
32766,5311,1571,79,51,
32766,5303,1577,76,70,
32766,5302,1592,74,64,
32766,5314,1573,76,54,
32766,5309,1585,77,70,
32766,5307,1576,83,58,
32766,5319,1574,78,59,
32766,5302,1578,74,61,
32766,5306,1583,75,67,
32766,5305,1579,79,64,
32766,5313,1595,79,57,
32766,5319,1584,83,62,
32766,5305,1586,82,54,
32766,5303,1584,74,68,
32766,5308,1583,89,54,
32766,5313,1585,69,62,
32766,5306,1579,71,55,
32766,5309,1579,73,64,
32766,5311,1580,79,66,
32766,5300,1580,76,55,
32766,5310,1588,80,67,
32766,5304,1578,78,63,
32766,5305,1585,75,63,
32766,5304,1579,71,52,
32766,5315,1589,72,66,
32766,5311,1580,71,59,
32766,5320,1584,72,54,
32766,5304,1578,76,64,
32766,5305,1580,73,65,
32766,5303,1576,72,52,
32766,5303,1572,74,54,
32766,5318,1585,81,63,
32766,5315,1572,76,57,
32766,5310,1581,78,59,
32766,5314,1581,66,55,
32766,5315,1572,77,56,
32766,5308,1576,85,65,
32766,5309,1589,79,62,
32766,5306,1573,76,58,
32766,5305,1577,71,56,
32766,5313,1583,80,50,
32766,5317,1573,82,59,
32766,5304,1582,74,62,
32766,5314,1584,74,63,
32766,5309,1584,77,58,
32766,5319,1582,82,58,
32766,5323,1587,75,66,
32766,5307,1582,74,62,
32766,5310,1581,77,59,
32766,5304,1581,74,60,
32766,5300,1576,76,65,
32766,5308,1582,74,65,
32766,5309,1575,76,57,
32766,5308,1580,75,65,
32766,5299,1578,73,59,
32766,5300,1583,75,63,
32766,5321,1580,77,70,
32766,5316,1582,74,62,
32766,5306,1572,70,51,
32766,5314,1579,73,59,
32766,5304,1573,74,61,
32766,5319,1580,91,64,
32766,5310,1579,75,55,
32766,5306,1583,71,55,
32766,5299,1582,87,63,
32766,5307,1584,76,59,
32766,5310,1581,80,52,
32766,5306,1587,85,63,
32766,5314,1570,79,63,
32766,5312,1577,73,64,
32766,5313,1583,69,65,
32766,5320,1587,70,59,
32766,5312,1583,80,66,
32766,5313,1578,80,59,
32766,5315,1586,72,69,
32766,5316,1578,74,59,
32766,5313,1587,80,56,
32766,5308,1583,81,54,
32766,5301,1575,76,67,
32766,5311,1583,75,55,
32766,5306,1574,65,59,
32766,5305,1585,70,53,
32766,5308,1582,79,58,
32766,5311,1579,80,54,
32766,5305,1579,69,64,
32766,5315,1589,81,68,
32766,5305,1582,74,55,
32766,5314,1579,72,48,
32766,5306,1579,74,63,
32766,5300,1576,69,71,
32766,5306,1576,76,60,
32766,5297,1570,70,69,
32766,5301,1586,82,69,
32766,5298,1586,72,62,
32766,5309,1580,73,62,
32766,5303,1577,77,57,
32766,5308,1583,79,60,
32766,5309,1579,74,62,
32766,5307,1579,73,49,
32766,5309,1567,82,64,
32766,5305,1574,84,59,
32766,5300,1573,74,63,
32766,5310,1581,74,55,
32766,5314,1583,77,64,
32766,5321,1572,77,68,
32766,5298,1581,82,56,
32766,5309,1576,73,58,
32766,5314,1584,79,62,
32766,5297,1575,75,57,
32766,5312,1578,69,58,
32766,5304,1567,82,61,
32766,5313,1576,77,65,
32766,5311,1582,66,61,
32766,5300,1575,70,59,
32766,5315,1577,81,57,
32766,5305,1579,74,61,
32766,5309,1581,76,56,
32766,5312,1582,76,60,
32766,5298,1589,82,51,
32766,5317,1578,78,50,
32766,5313,1578,77,57,
32766,5319,1567,64,49,
32766,5311,1579,77,58,
32766,5311,1585,79,66,
32766,5318,1580,72,60,
32766,5311,1581,79,68,
32766,5320,1574,68,52,
32766,5312,1578,70,62,
32766,5303,1573,77,49,
32766,5319,1587,86,54,
32766,5310,1590,75,52,
32766,5308,1577,80,68,
32766,5311,1575,73,59,
32766,5311,1572,81,65,
32766,5312,1575,80,57,
32766,5312,1582,74,58,
32766,5312,1568,75,60,
32766,5305,1581,77,47,
32766,5317,1576,74,59,
32766,5302,1572,77,54,
32766,5316,1576,71,55,
32766,5318,1576,75,53,
32766,5324,1580,78,62,
32766,5310,1580,71,61,
32766,5315,1575,76,65,
32766,5313,1579,76,66,
32766,5314,1577,77,61,
32766,5315,1577,65,59,
32766,5320,1582,70,56,
32766,5304,1584,76,58,
32766,5315,1571,84,64,
32766,5309,1590,79,57,
32766,5314,1581,71,61,
32766,5315,1575,80,66,
32766,5308,1576,80,58,
32766,5325,1577,82,62,
32766,5310,1582,74,53,
32766,5314,1585,73,59,
32766,5327,1577,77,64,
32766,5312,1575,72,55,
32766,5320,1578,74,59,
32766,5315,1584,78,58,
32766,5316,1584,79,62,
32766,5324,1578,80,60,
32766,5312,1569,71,65,
32766,5324,1579,73,66,
32766,5322,1586,72,51,
32766,5313,1575,76,62,
32766,5323,1586,75,67,
32766,5315,1587,75,59,
32766,5320,1581,79,55,
32766,5306,1570,82,67,
32766,5316,1589,79,58,
32766,5317,1580,74,56,
32766,5322,1575,72,54,
32766,5318,1578,79,47,
32766,5315,1574,81,58,
32766,5320,1584,78,63,
32766,5321,1575,73,57,
32766,5323,1582,79,61,
32766,5322,1574,75,60,
32766,5321,1583,87,61,
32766,5324,1584,87,56,
32766,5313,1584,73,56,
32766,5326,1584,70,63,
32766,5329,1583,67,59,
32766,5321,1582,78,55,
32766,5323,1572,79,58,
32766,5315,1573,73,58,
32766,5327,1576,71,52,
32766,5326,1580,74,64,
32766,5327,1576,76,60,
32766,5327,1579,83,56,
32766,5322,1588,77,56,
32766,5319,1577,76,42,
32766,5324,1568,80,55,
32766,5331,1578,76,62,
32766,5327,1579,83,63,
32766,5334,1582,80,60,
32766,5326,1587,82,65,
32766,5329,1576,73,61,
32766,5322,1577,70,62,
32766,5320,1572,80,46,
32766,5324,1587,67,62,
32766,5332,1584,79,61,
32766,5323,1585,79,53,
32766,5327,1572,80,59,
32766,5323,1579,78,59,
32766,5328,1586,79,57,
32766,5334,1579,72,51,
32766,5327,1576,83,66,
32766,5315,1580,89,60,
32766,5329,1580,81,60,
32766,5315,1578,75,50,
32766,5331,1570,69,66,
32766,5323,1576,78,65,
32766,5321,1581,81,56,
32766,5320,1576,75,55,
32766,5325,1579,80,56,
32766,5325,1577,78,65,
32766,5328,1577,88,59,
32766,5320,1576,74,60,
32766,5320,1589,86,61,
32766,5331,1580,71,61,
32766,5334,1583,75,57,
32766,5328,1573,77,56,
32766,5334,1577,83,57,
32766,5332,1589,76,67,
32766,5336,1585,73,61,
32766,5326,1578,73,50,
32766,5330,1577,79,58,
32766,5324,1573,80,62,
32766,5326,1576,73,54,
32766,5322,1575,73,61,
32766,5330,1579,71,63,
32766,5318,1577,69,56,
32766,5326,1580,81,64,
32766,5324,1585,70,60,
32766,5329,1574,80,53,
32766,5330,1576,78,61,
32766,5334,1572,74,61,
32766,5326,1579,78,60,
32766,5329,1580,76,64,
32766,5327,1564,76,60,
32766,5337,1576,77,62,
32766,5329,1580,70,58,
32766,5324,1575,86,54,
32766,5331,1577,71,59,
32766,5337,1576,78,61,
32766,5336,1573,71,60,
32766,5343,1585,81,68,
32766,5325,1568,75,60,
32766,5341,1578,83,67,
32766,5325,1571,74,56,
32766,5333,1584,76,58,
32766,5332,1579,69,62,
32766,5330,1582,74,59,
32766,5330,1573,84,54,
32766,5328,1571,72,65,
32766,5327,1587,77,64,
32766,5337,1582,74,55,
32766,5330,1585,74,49,
32766,5339,1582,68,56,
32766,5334,1570,73,61,
32766,5329,1584,69,55,
32766,5324,1567,75,64,
32766,5327,1581,72,52,
32766,5322,1582,79,60,
32766,5340,1570,81,65,
32766,5336,1576,78,55,
32766,5332,1582,76,59,
32766,5336,1571,84,49,
32766,5340,1577,76,65,
32766,5326,1579,83,59,
32766,5335,1581,78,62,
32766,5335,1580,71,52,
32766,5330,1585,79,47,
32766,5331,1574,67,66,
32766,5336,1568,69,49,
32766,5332,1577,73,54,
32766,5338,1572,69,63,
32766,5329,1578,79,62,
32766,5341,1582,74,68,
32766,5336,1582,66,63,
32766,5340,1580,81,57,
32766,5338,1586,75,62,
32766,5337,1577,76,62,
32766,5327,1580,73,56,
32766,5338,1581,81,69,
32766,5337,1571,72,57,
32766,5339,1586,66,58,
32766,5336,1571,69,62,
32766,5338,1580,70,54,
32766,5337,1570,69,53,
32766,5334,1581,83,58,
32766,5338,1576,64,64,
32766,5327,1591,69,62,
32766,5337,1582,68,65,
32766,5338,1573,63,59,
32766,5339,1570,78,61,
32766,5343,1575,73,63,
32766,5344,1585,68,62,
32766,5332,1586,78,61,
32766,5334,1570,81,48,
32766,5330,1584,81,63,
32766,5327,1571,74,52,
32766,5339,1569,75,58,
32766,5332,1587,77,59,
32766,5324,1583,81,61,
32766,5338,1573,70,58,
32766,5336,1577,80,63,
32766,5338,1584,80,64,
32766,5332,1573,72,60,
32766,5329,1580,77,66,
32766,5337,1585,79,57,
32766,5327,1573,80,60,
32766,5335,1569,75,57,
32766,5323,1579,69,51,
32766,5331,1573,76,62,
32766,5329,1581,75,58,
32766,5340,1579,78,60,
32766,5318,1574,77,54,
32766,5323,1578,62,53,
32766,5336,1575,80,53,
32766,5326,1574,83,62,
32766,5324,1578,73,62,
32766,5325,1578,75,66,
32766,5332,1576,67,57,
32766,5322,1578,70,59,
32766,5326,1576,72,64,
32766,5344,1573,72,54,
32766,5315,1575,73,55,
32766,5323,1581,79,65,
32766,5326,1584,77,59,
32766,5321,1584,73,55,
32766,5329,1573,71,54,
32766,5327,1573,82,55,
32766,5334,1579,72,67,
32766,5336,1580,75,55,
32766,5329,1570,78,59,
32766,5327,1570,79,54,
32766,5324,1578,76,67,
32766,5338,1577,81,53,
32766,5317,1574,84,61,
32766,5325,1568,70,60,
32766,5340,1570,75,56,
32766,5328,1585,71,48,
32766,5331,1573,82,66,
32766,5331,1568,82,57,
32766,5331,1577,68,66,
32766,5334,1574,75,53,
32766,5325,1569,65,62,
32766,5335,1580,76,64,
32766,5334,1573,77,53,
32766,5327,1577,75,63,
32766,5326,1581,68,56,
32766,5330,1571,73,54,
32766,5326,1573,73,51,
32766,5321,1580,79,54,
32766,5327,1570,74,64,
32766,5332,1576,75,58,
32766,5325,1574,73,58,
32766,5327,1572,79,56,
32766,5332,1567,79,61,
32766,5323,1577,78,55,
32766,5331,1575,78,59,
32766,5331,1570,76,57,
32766,5330,1575,72,64,
32766,5327,1571,68,52,
32766,5329,1574,76,52,
32766,5320,1584,76,59,
32766,5329,1579,79,65,
32766,5331,1577,82,61,
32766,5335,1569,75,66,
32766,5332,1581,90,64,
32766,5331,1576,70,55,
32766,5338,1572,78,59,
32766,5337,1573,74,55,
32766,5337,1572,82,54,
32766,5333,1574,71,53,
32766,5322,1574,76,64,
32766,5321,1583,89,58,
32766,5333,1581,81,63,
32766,5325,1581,76,63,
32766,5321,1578,84,66,
32766,5335,1581,76,54,
32766,5331,1578,86,54,
32766,5316,1574,70,62,
32766,5320,1569,76,58,
32766,5341,1574,84,63,
32766,5332,1575,77,57,
32766,5323,1576,84,51,
32766,5325,1580,78,58,
32766,5317,1582,64,56,
32766,5321,1576,81,58,
32766,5329,1571,76,61,
32766,5317,1583,76,60,
32766,5320,1569,70,48,
32766,5326,1574,82,56,
32766,5315,1584,67,67,
32766,5318,1575,71,53,
32766,5319,1579,78,54,
32766,5318,1577,68,68,
32766,5318,1569,80,60,
32766,5321,1581,78,54,
32766,5325,1576,79,58,
32766,5312,1570,72,56,
32766,5317,1579,82,63,
32766,5317,1585,75,68,
32766,5321,1571,82,58,
32766,5308,1569,83,54,
32766,5330,1578,70,59,
32766,5315,1570,77,66,
32766,5319,1583,67,64,
32766,5320,1577,76,52,
32766,5321,1575,78,58,
32766,5320,1578,89,56,
32766,5314,1579,73,50,
32766,5327,1572,80,53,
32766,5321,1570,76,62,
32766,5328,1573,73,58,
32766,5323,1574,81,56,
32766,5324,1572,74,52,
32766,5327,1573,74,59,
32766,5320,1582,60,50,
32766,5333,1570,69,64,
32766,5318,1575,87,56,
32766,5323,1584,69,55,
32766,5328,1571,74,68,
32766,5330,1573,78,65,
32766,5323,1572,79,66,
32766,5333,1581,81,65,
32766,5327,1576,75,70,
32766,5329,1565,84,57,
32766,5322,1580,76,44,
32766,5323,1570,69,63,
32766,5327,1572,80,56,
32766,5326,1569,79,57,
32766,5336,1582,87,68,
32766,5338,1575,74,58,
32766,5327,1579,79,60,
32766,5341,1569,60,64,
32766,5332,1579,75,63,
32766,5340,1572,73,65,
32766,5347,1573,70,52,
32766,5328,1577,72,65,
32766,5329,1576,84,63,
32766,5339,1573,72,61,
32766,5333,1572,78,63,
32766,5339,1578,74,62,
32766,5342,1587,78,61,
32766,5333,1574,64,66,
32766,5335,1572,71,54,
32766,5339,1573,75,62,
32766,5335,1566,74,63,
32766,5346,1577,72,60,
32766,5333,1578,71,51,
32766,5337,1574,76,57,
32766,5337,1568,74,56,
32766,5340,1579,80,64,
32766,5346,1579,72,55,
32766,5337,1579,86,61,
32766,5339,1575,71,64,
32766,5337,1574,78,66,
32766,5330,1569,68,59,
32766,5334,1580,83,66,
32766,5328,1571,79,53,
32766,5339,1576,67,64,
32766,5333,1582,79,55,
32766,5331,1570,72,53,
32766,5328,1575,85,49,
32766,5328,1576,87,66,
32766,5340,1575,82,59,
32766,5329,1570,71,63,
32766,5328,1571,67,51,
32766,5332,1574,70,55,
32766,5336,1572,73,57,
32766,5333,1580,87,63,
32766,5336,1579,68,60,
32766,5332,1576,73,58,
32766,5336,1572,71,62,
32766,5334,1576,82,55,
32766,5333,1565,74,56,
32766,5334,1579,74,64,
32766,5335,1572,80,52,
32766,5340,1570,82,56,
32766,5338,1568,76,57,
32766,5324,1569,71,63,
32766,5338,1571,81,61,
32766,5335,1582,72,58,
32766,5334,1573,62,62,
32766,5331,1580,76,47,
32766,5336,1583,69,64,
32766,5331,1577,74,69,
32766,5339,1577,81,58,
32766,5332,1583,70,54,
32766,5323,1577,77,58,
32766,5336,1576,75,57,
32766,5337,1577,74,61,
32766,5340,1588,68,61,
32766,5341,1565,69,51,
32766,5334,1571,77,53,
32766,5334,1570,68,65,
32766,5321,1580,67,62,
32766,5326,1578,76,59,
32766,5319,1573,71,57,
32766,5328,1576,71,55,
32766,5331,1575,85,62,
32766,5341,1573,77,55,
32766,5332,1574,79,60,
32766,5329,1568,77,58,
32766,5336,1581,76,55,
32766,5339,1583,79,59,
32766,5335,1574,82,59,
32766,5326,1563,69,69,
32766,5338,1580,72,49,
32766,5336,1576,73,60,
32766,5329,1571,74,56,
32766,5331,1575,90,58,
32766,5335,1577,94,72,
32766,5342,1572,77,58,
32766,5346,1574,79,64,
32766,5329,1571,72,59,
32766,5331,1580,82,51,
32766,5333,1573,83,60,
32766,5339,1584,78,59,
32766,5338,1566,77,52,
32766,5343,1574,76,52,
32766,5339,1568,84,54,
32766,5336,1568,75,46,
32766,5342,1571,74,71,
32766,5339,1571,65,66,
32766,5339,1576,75,55,
32766,5341,1575,75,57,
32766,5343,1575,74,55,
32766,5335,1573,81,57,
32766,5332,1568,71,54,
32766,5340,1562,78,66,
32766,5335,1579,70,65,
32766,5347,1579,75,59,
32766,5340,1573,70,49,
32766,5350,1574,85,60,
32766,5341,1567,82,54,
32766,5348,1577,83,58,
32766,5335,1571,72,59,
32766,5339,1576,74,61,
32766,5349,1569,74,54,
32766,5335,1571,71,59,
32766,5339,1569,87,61,
32766,5340,1565,80,58,
32766,5336,1578,80,60,
32766,5342,1569,76,69,
32766,5342,1575,74,68,
32766,5335,1571,69,62,
32766,5339,1566,95,64,
32766,5334,1573,82,57,
32766,5343,1563,73,67,
32766,5333,1579,73,57,
32766,5339,1570,77,60,
32766,5335,1568,70,57,
32766,5337,1571,78,67,
32766,5322,1568,77,51,
32766,5339,1568,75,51,
32766,5343,1567,71,70,
32766,5325,1568,74,56,
32766,5337,1582,86,59,
32766,5338,1567,78,60,
32766,5336,1578,75,47,
32766,5336,1567,78,53,
32766,5340,1573,81,58,
32766,5336,1568,75,50,
32766,5330,1574,77,59,
32766,5338,1580,75,58,
32766,5338,1561,80,58,
32766,5336,1574,76,53,
32766,5336,1563,82,62,
32766,5335,1567,76,61,
32766,5341,1573,65,49,
32766,5338,1568,79,65,
32766,5332,1575,81,56,
32766,5335,1578,77,61,
32766,5333,1578,73,53,
32766,5328,1568,83,65,
32766,5331,1572,70,59,
32766,5331,1574,77,62,
32766,5327,1576,72,54,
32766,5332,1564,78,54,
32766,5318,1573,69,59,
32766,5326,1576,73,55,
32766,5326,1573,84,53,
32766,5328,1567,74,53,
32766,5335,1572,73,52,
32766,5336,1572,75,57,
32766,5329,1577,75,52,
32766,5329,1563,74,53,
32766,5332,1568,76,56,
32766,5323,1565,82,54,
32766,5335,1575,76,51,
32766,5330,1562,75,48,
32766,5336,1570,76,62,
32766,5328,1568,87,58,
32766,5329,1573,90,67,
32766,5333,1566,74,51,
32766,5338,1578,73,54,
32766,5332,1571,84,59,
32766,5328,1577,68,60,
32766,5330,1563,78,62,
32766,5336,1563,79,61,
32766,5325,1572,80,63,
32766,5331,1569,87,56,
32766,5338,1571,78,64,
32766,5338,1576,77,64,
32766,5326,1566,70,62,
32766,5337,1569,70,59,
32766,5334,1566,75,53,
32766,5331,1570,67,61,
32766,5333,1570,80,66,
32766,5331,1569,67,51,
32766,5342,1564,76,61,
32766,5337,1570,82,53,
32766,5332,1577,76,61,
32766,5336,1576,72,53,
32766,5330,1578,74,62,
32766,5332,1566,71,58,
32766,5326,1567,83,60,
32766,5326,1575,80,48,
32766,5321,1566,81,64,
32766,5324,1559,77,57,
32766,5325,1565,70,54,
32766,5327,1564,76,67,
32766,5324,1579,66,62,
32766,5335,1573,86,63,
32766,5328,1570,72,69,
32766,5323,1565,77,59,
32766,5333,1568,72,62,
32766,5320,1571,80,64,
32766,5329,1559,73,57,
32766,5320,1569,76,62,
32766,5318,1565,72,60,
32766,5319,1582,66,54,
32766,5318,1566,79,60,
32766,5326,1563,81,52,
32766,5314,1565,77,67,
32766,5324,1566,90,68,
32766,5326,1571,73,60,
32766,5316,1563,78,62,
32766,5312,1569,76,51,
32766,5327,1562,73,55,
32766,5316,1573,79,55,
32766,5320,1577,77,62,
32766,5324,1565,70,49,
32766,5320,1565,77,60,
32766,5323,1572,92,53,
32766,5314,1565,74,63,
32766,5324,1567,70,64,
32766,5333,1575,70,58,
32766,5320,1565,73,57,
32766,5324,1572,71,49,
32766,5320,1563,79,53,
32766,5331,1581,72,47,
32766,5322,1573,81,65,
32766,5330,1558,71,60,
32766,5326,1570,75,67,
32766,5314,1573,71,52,
32766,5320,1560,80,53,
32766,5315,1569,74,53,
32766,5327,1576,73,59,
32766,5313,1573,80,64,
32766,5320,1567,81,56,
32766,5313,1559,76,52,
32766,5323,1563,68,57,
32766,5320,1564,81,58,
32766,5323,1577,72,66,
32766,5328,1559,76,51,
32766,5325,1573,75,59,
32766,5319,1572,78,57,
32766,5319,1571,77,55,
32766,5322,1569,77,64,
32766,5325,1569,87,59,
32766,5322,1568,81,56,
32766,5333,1566,68,67,
32766,5324,1576,79,52,
32766,5333,1568,77,62,
32766,5322,1557,75,60,
32766,5325,1564,71,58,
32766,5322,1573,74,53,
32766,5317,1566,80,59,
32766,5328,1568,78,76,
32766,5323,1577,84,54,
32766,5322,1564,77,47,
32766,5328,1570,81,54,
32766,5329,1565,79,47,
32766,5331,1568,77,62,
32766,5325,1567,80,54,
32766,5333,1563,71,56,
32766,5327,1571,79,72,
32766,5330,1571,81,49,
32766,5326,1568,77,61,
32766,5330,1575,74,55,
32766,5337,1558,72,63,
32766,5325,1570,73,63,
32766,5336,1566,82,53,
32766,5330,1565,75,61,
32766,5324,1571,70,63,
32766,5327,1572,79,53,
32766,5327,1563,88,54,
32766,5330,1565,71,62,
32766,5326,1570,73,62,
32766,5334,1565,80,60,
32766,5322,1565,81,57,
32766,5331,1557,77,57,
32766,5329,1576,77,53,
32766,5332,1574,70,56,
32766,5339,1565,87,49,
32766,5331,1570,79,64,
32766,5334,1568,67,57,
32766,5331,1579,76,58,
32766,5328,1569,85,66,
32766,5327,1565,81,45,
32766,5341,1575,78,50,
32766,5337,1569,75,63,
32766,5330,1573,67,61,
32766,5327,1564,81,62,
32766,5327,1572,82,53,
32766,5326,1571,74,65,
32766,5332,1563,70,61,
32766,5335,1570,67,52,
32766,5339,1564,69,68,
32766,5333,1575,80,69,
32766,5340,1569,83,57,
32766,5330,1565,81,56,
32766,5326,1570,78,56,
32766,5329,1559,78,56,
32766,5332,1563,72,58,
32766,5329,1559,72,57,
32766,5333,1570,78,52,
32766,5335,1569,69,50,
32766,5335,1564,69,66,
32766,5336,1564,69,61,
32766,5328,1573,69,59,
32766,5336,1570,74,55,
32766,5323,1563,70,54,
32766,5329,1568,78,54,
32766,5326,1554,69,54,
32766,5334,1564,70,59,
32766,5332,1556,73,62,
32766,5324,1555,75,56,
32766,5319,1573,70,62,
32766,5334,1572,76,59,
32766,5331,1569,75,61,
32766,5327,1576,75,52,
32766,5332,1570,81,59,
32766,5334,1570,74,59,
32766,5325,1564,78,64,
32766,5332,1579,77,60,
32766,5313,1565,72,56,
32766,5327,1567,77,44,
32766,5333,1564,67,62,
32766,5328,1570,69,57,
32766,5326,1564,70,54,
32766,5332,1567,73,51,
32766,5334,1576,69,60,
32766,5322,1570,79,59,
32766,5332,1564,63,44,
32766,5330,1562,83,60,
32766,5337,1569,89,62,
32766,5331,1569,73,58,
32766,5327,1557,81,49,
32766,5332,1566,74,62,
32766,5328,1568,89,55,
32766,5330,1559,73,55,
32766,5329,1568,76,55,
32766,5332,1574,75,54,
32766,5330,1560,71,54,
32766,5323,1560,66,61,
32766,5327,1562,79,53,
32766,5330,1560,78,64,
32766,5324,1554,79,61,
32766,5323,1559,74,44,
32766,5327,1570,80,53,
32766,5340,1561,69,61,
32766,5338,1564,76,61,
32766,5330,1564,78,58,
32766,5323,1564,70,58,
32766,5327,1563,84,67,
32766,5330,1565,73,60,
32766,5336,1558,77,69,
32766,5334,1570,85,71,
32766,5329,1563,73,57,
32766,5333,1568,72,59,
32766,5338,1566,71,54,
32766,5319,1563,74,56,
32766,5330,1553,71,62,
32766,5331,1567,71,62,
32766,5325,1555,81,57,
32766,5321,1565,78,54,
32766,5328,1557,80,51,
32766,5323,1564,85,66,
32766,5339,1569,74,56,
32766,5331,1566,70,60,
32766,5325,1553,67,44,
32766,5325,1563,79,58,
32766,5332,1571,85,60,
32766,5318,1557,80,60,
32766,5335,1572,70,57,
32766,5318,1559,73,52,
32766,5317,1568,86,58,
32766,5327,1559,74,57,
32766,5320,1556,80,44,
32766,5329,1559,73,55,
32766,5325,1567,78,58,
32766,5326,1565,78,61,
32766,5317,1559,72,56,
32766,5326,1562,76,63,
32766,5331,1576,78,57,
32766,5323,1564,71,43,
32766,5331,1559,82,61,
32766,5323,1564,75,64,
32766,5321,1556,75,49,
32766,5321,1568,71,58,
32766,5332,1564,71,58,
32766,5326,1558,77,57,
32766,5327,1569,77,58,
32766,5329,1561,80,55,
32766,5319,1566,76,63,
32766,5331,1562,75,54,
32766,5333,1565,70,61,
32766,5321,1562,76,71,
32766,5324,1557,67,54,
32766,5327,1553,73,48,
32766,5317,1555,76,54,
32766,5323,1554,70,51,
32766,5322,1562,76,48,
32766,5321,1573,77,61,
32766,5325,1567,84,59,
32766,5317,1562,72,53,
32766,5324,1560,77,63,
32766,5320,1558,65,61,
32766,5326,1566,74,64,
32766,5319,1560,80,66,
32766,5324,1555,80,63,
32766,5319,1567,75,54,
32766,5326,1561,67,53,
32766,5312,1561,81,50,
32766,5336,1559,68,60,
32766,5320,1557,75,52,
32766,5328,1557,71,51,
32766,5324,1552,73,57,
32766,5333,1564,81,50,
32766,5312,1557,82,56,
32766,5321,1563,75,53,
32766,5326,1568,84,55,
32766,5318,1566,72,60,
32766,5318,1554,64,48,
32766,5319,1559,71,60,
32766,5331,1571,80,58,
32766,5324,1566,73,54,
32766,5327,1552,84,59,
32766,5322,1557,75,51,
32766,5325,1562,69,59,
32766,5314,1564,74,58,
32766,5330,1556,78,49,
32766,5322,1566,70,61,
32766,5334,1568,84,65,
32766,5326,1554,74,46,
32766,5329,1557,77,52,
32766,5322,1563,73,64,
32766,5323,1570,71,64,
32766,5332,1561,65,55,
32766,5326,1556,75,62,
32766,5325,1562,75,57,
32766,5330,1561,80,67,
32766,5324,1563,76,60,
32766,5330,1563,80,61,
32766,5319,1565,78,48,
32766,5328,1563,84,64,
32766,5322,1563,71,57,
32766,5314,1563,72,58,
32766,5316,1565,76,60,
32766,5327,1559,71,60,
32766,5325,1557,77,59,
32766,5321,1563,67,59,
32766,5329,1560,73,63,
32766,5323,1554,85,54,
32766,5315,1556,76,49,
32766,5326,1573,75,46,
32766,5317,1556,72,56,
32766,5319,1559,73,59,
32766,5321,1563,83,63,
32766,5316,1552,77,65,
32766,5318,1559,67,57,
32766,5325,1552,81,59,
32766,5320,1562,72,56,
32766,5321,1553,86,52,
32766,5312,1566,77,57,
32766,5325,1560,83,57,
32766,5315,1558,78,49,
32766,5319,1558,72,60,
32766,5324,1551,82,52,
32766,5321,1556,71,59,
32766,5323,1555,80,68,
32766,5334,1562,79,61,
32766,5326,1560,69,62,
32766,5321,1558,75,58,
32766,5328,1555,68,47,
32766,5318,1564,76,66,
32766,5322,1554,73,63,
32766,5332,1561,83,59,
32766,5315,1556,73,55,
32766,5320,1563,78,72,
32766,5326,1562,82,61,
32766,5317,1567,82,65,
32766,5328,1562,73,53,
32766,5319,1559,69,63,
32766,5325,1561,77,60,
32766,5321,1567,74,62,
32766,5330,1561,82,60,
32766,5321,1564,77,61,
32766,5322,1561,76,55,
32766,5315,1567,71,54,
32766,5325,1559,72,59,
32766,5319,1553,84,60,
32766,5325,1563,72,56,
32766,5321,1558,67,57,
32766,5323,1569,81,53,
32766,5317,1557,73,63,
32766,5328,1558,74,57,
32766,5321,1556,69,45,
32766,5326,1560,78,54,
32766,5319,1555,70,65,
32766,5322,1557,86,57,
32766,5337,1567,74,49,
32766,5318,1555,73,56,
32766,5312,1560,82,57,
32766,5312,1549,73,60,
32766,5328,1570,84,63,
32766,5326,1553,72,53,
32766,5315,1561,75,50,
32766,5323,1561,74,55,
32766,5311,1558,76,69,
32766,5314,1554,75,57,
32766,5328,1559,66,55,
32766,5324,1556,78,60,
32766,5319,1557,70,60,
32766,5330,1557,64,58,
32766,5319,1553,76,54,
32766,5324,1561,69,56,
32766,5326,1562,62,50,
32766,5319,1553,71,64,
32766,5316,1561,77,48,
32766,5342,1561,76,58,
32766,5320,1557,77,58,
32766,5324,1566,79,65,
32766,5311,1560,65,56,
32766,5325,1559,72,62,
32766,5326,1565,78,50,
32766,5323,1561,74,64,
32766,5310,1555,70,66,
32766,5318,1555,68,52,
32766,5313,1555,69,54,
32766,5323,1566,59,57,
32766,5313,1549,84,59,
32766,5322,1557,71,66,
32766,5323,1569,77,64,
32766,5325,1569,74,64,
32766,5320,1558,77,60,
32766,5313,1553,73,54,
32766,5321,1554,75,55,
32766,5325,1556,77,61,
32766,5326,1557,82,59,
32766,5323,1567,79,59,
32766,5319,1563,76,59,
32766,5323,1548,78,55,
32766,5312,1553,65,56,
32766,5321,1553,77,56,
32766,5326,1558,74,60,
32766,5318,1561,76,60,
32766,5335,1548,78,56,
32766,5328,1566,82,59,
32766,5325,1559,80,65,
32766,5321,1568,73,63,
32766,5323,1557,69,58,
32766,5323,1553,77,58,
32766,5324,1552,74,55,
32766,5328,1556,70,62,
32766,5317,1557,61,60,
32766,5317,1563,78,62,
32766,5323,1559,81,50,
32766,5321,1559,69,57,
32766,5327,1556,69,53,
32766,5324,1553,77,55,
32766,5328,1559,74,58,
32766,5317,1552,77,58,
32766,5313,1564,70,41,
32766,5317,1560,66,59,
32766,5319,1560,77,53,
32766,5322,1561,68,52,
32766,5318,1558,76,52,
32766,5311,1563,83,55,
32766,5319,1560,77,56,
32766,5318,1551,68,61,
32766,5321,1552,69,61,
32766,5324,1557,66,56,
32766,5330,1565,79,52,
32766,5324,1561,75,60,
32766,5322,1561,78,59,
32766,5324,1559,66,60,
32766,5330,1563,85,64,
32766,5326,1561,71,56,
32766,5325,1563,76,50,
32766,5320,1559,86,47,
32766,5318,1557,64,54,
32766,5330,1559,83,58,
32766,5321,1554,79,44,
32766,5330,1546,72,64,
32766,5327,1555,75,62,
32766,5321,1563,74,65,
32766,5325,1553,75,61,
32766,5321,1556,84,51,
32766,5323,1554,80,57,
32766,5320,1552,84,54,
32766,5317,1556,76,65,
32766,5320,1541,80,59,
32766,5329,1554,74,63,
32766,5331,1555,76,63,
32766,5328,1551,69,66,
32766,5329,1559,77,54,
32766,5318,1555,78,50,
32766,5327,1558,82,56,
32766,5320,1563,76,63,
32766,5334,1554,72,57,
32766,5333,1560,74,52,
32766,5325,1554,61,67,
32766,5326,1553,72,50,
32766,5319,1545,85,55,
32766,5336,1561,79,64,
32766,5312,1547,69,61,
32766,5326,1559,77,53,
32766,5314,1557,85,56,
32766,5325,1556,90,71,
32766,5315,1553,59,60,
32766,5320,1556,68,55,
32766,5315,1549,78,42,
32766,5319,1554,81,55,
32766,5327,1561,81,63,
32766,5321,1550,81,54,
32766,5325,1560,71,49,
32766,5328,1559,66,63,
32766,5320,1552,71,61,
32766,5314,1558,80,54,
32766,5321,1564,83,51,
32766,5322,1557,82,50,
32766,5316,1548,79,63,
32766,5315,1555,72,57,
32766,5320,1542,78,58,
32766,5317,1563,79,55,
32766,5324,1556,69,57,
32766,5326,1548,75,63,
32766,5308,1555,78,62,
32766,5326,1555,70,66,
32766,5317,1549,76,64,
32766,5324,1554,65,58,
32766,5314,1554,74,63,
32766,5319,1561,73,65,
32766,5318,1546,63,48,
32766,5318,1553,77,59,
32766,5311,1554,83,51,
32766,5322,1550,76,61,
32766,5313,1554,75,57,
32766,5324,1551,71,49,
32766,5307,1556,84,57,
32766,5308,1556,72,55,
32766,5315,1550,70,65,
32766,5311,1556,82,55,
32766,5315,1553,88,58,
32766,5317,1548,77,56,
32766,5319,1554,79,54,
32766,5314,1546,75,63,
32766,5313,1554,73,57,
32766,5317,1558,80,58,
32766,5310,1555,81,53,
32766,5313,1556,77,60,
32766,5307,1555,70,62,
32766,5315,1551,70,61,
32766,5327,1560,77,61,
32766,5318,1557,80,59,
32766,5314,1551,68,58,
32766,5316,1566,70,60,
32766,5312,1553,66,57,
32766,5319,1553,75,59,
32766,5312,1557,83,55,
32766,5320,1546,79,57,
32766,5319,1550,75,68,
32766,5315,1553,75,56,
32766,5326,1559,66,56,
32766,5318,1552,68,62,
32766,5313,1553,68,53,
32766,5316,1560,72,57,
32766,5319,1551,76,53,
32766,5332,1551,73,60,
32766,5315,1549,75,59,
32766,5314,1554,72,52,
32766,5311,1551,72,63,
32766,5325,1551,81,63,
32766,5318,1545,72,58,
32766,5316,1546,75,56,
32766,5308,1549,88,44,
32766,5319,1548,70,52,
32766,5315,1545,70,59,
32766,5317,1557,68,54,
32766,5315,1556,74,56,
32766,5326,1544,72,55,
32766,5308,1547,75,57,
32766,5313,1564,78,52,
32766,5315,1548,71,69,
32766,5311,1546,68,49,
32766,5329,1555,69,70,
32766,5317,1560,77,50,
32766,5316,1548,72,56,
32766,5323,1547,75,61,
32766,5318,1557,79,67,
32766,5314,1544,72,66,
32766,5320,1554,70,64,
32766,5311,1545,78,65,
32766,5311,1550,70,50,
32766,5307,1548,65,63,
32766,5308,1543,76,64,
32766,5307,1551,68,63,
32766,5314,1553,81,59,
32766,5307,1547,75,56,
32766,5310,1549,70,56,
32766,5310,1558,73,58,
32766,5311,1557,70,59,
32766,5305,1539,71,55,
32766,5309,1550,70,46,
32766,5314,1553,76,53,
32766,5310,1545,77,61,
32766,5316,1544,72,66,
32766,5312,1550,77,63,
32766,5308,1546,74,61,
32766,5297,1562,74,57,
32766,5311,1548,74,59,
32766,5307,1549,64,62,
32766,5312,1546,73,52,
32766,5305,1554,78,66,
32766,5305,1552,71,49,
32766,5313,1551,73,52,
32766,5308,1552,75,62,
32766,5301,1553,69,59,
32766,5314,1560,82,59,
32766,5308,1550,73,59,
32766,5320,1549,71,46,
32766,5306,1557,75,62,
32766,5311,1551,79,48,
32766,5320,1544,77,59,
32766,5303,1557,83,63,
32766,5311,1558,78,62,
32766,5311,1559,73,43,
32766,5312,1540,62,41,
32766,5302,1552,66,59,
32766,5307,1551,72,54,
32766,5312,1551,76,57,
32766,5315,1538,82,59,
32766,5314,1544,76,55,
32766,5314,1551,68,57,
32766,5312,1550,64,70,
32766,5312,1549,82,59,
32766,5315,1549,73,66,
32766,5317,1546,68,53,
32766,5313,1551,77,65,
32766,5308,1547,66,54,
32766,5308,1547,79,48,
32766,5311,1559,77,54,
32766,5316,1543,71,57,
32766,5320,1545,69,55,
32766,5305,1551,73,47,
32766,5318,1547,75,52,
32766,5311,1552,71,57,
32766,5311,1553,67,54,
32766,5320,1539,75,61,
32766,5312,1549,78,55,
32766,5320,1550,76,60,
32766,5310,1547,71,60,
32766,5326,1549,69,49,
32766,5318,1551,63,54,
32766,5306,1551,65,51,
32766,5312,1549,79,55,
32766,5301,1557,87,57,
32766,5305,1554,69,59,
32766,5313,1556,72,55,
32766,5318,1545,78,56,
32766,5303,1553,81,57,
32766,5315,1541,65,58,
32766,5312,1544,80,53,
32766,5308,1554,79,49,
32766,5322,1556,82,62,
32766,5305,1550,80,55,
32766,5315,1542,76,58,
32766,5316,1549,83,64,
32766,5323,1540,65,53,
32766,5317,1553,79,54,
32766,5317,1549,72,53,
32766,5307,1550,80,55,
32766,5312,1554,71,69,
32766,5302,1548,77,53,
32766,5314,1552,76,61,
32766,5312,1546,75,60,
32766,5312,1547,72,44,
32766,5313,1549,75,60,
32766,5315,1547,75,66,
32766,5318,1543,74,64,
32766,5303,1548,75,54,
32766,5306,1542,72,62,
32766,5313,1548,70,57,
32766,5302,1539,83,51,
32766,5318,1558,74,54,
32766,5315,1551,81,56,
32766,5302,1549,71,60,
32766,5302,1548,75,62,
32766,5311,1560,75,63,
32766,5307,1552,70,59,
32766,5315,1548,79,53,
32766,5303,1546,84,64,
32766,5299,1545,86,57,
32766,5312,1560,74,62,
32766,5312,1548,77,56,
32766,5308,1545,70,54,
32766,5304,1555,76,53,
32766,5309,1545,74,45,
32766,5304,1544,67,54,
32766,5316,1554,69,62,
32766,5317,1555,80,50,
32766,5319,1551,71,52,
32766,5316,1551,76,65,
32766,5310,1553,84,56,
32766,5318,1547,70,60,
32766,5322,1545,78,64,
32766,5316,1544,67,55,
32766,5323,1546,72,49,
32766,5320,1553,82,64,
32766,5317,1541,67,58,
32766,5314,1558,67,62,
32766,5322,1549,67,52,
32766,5328,1539,77,62,
32766,5318,1548,66,61,
32766,5328,1551,71,46,
32766,5316,1554,64,63,
32766,5319,1541,72,58,
32766,5321,1548,82,65,
32766,5317,1553,64,56,
32766,5301,1544,80,51,
32766,5323,1544,74,53,
32766,5319,1543,72,55,
32766,5311,1551,77,55,
32766,5319,1545,70,56,
32766,5321,1551,76,56,
32766,5318,1547,74,63,
32766,5318,1549,70,60,
32766,5322,1546,66,62,
32766,5322,1552,73,58,
32766,5318,1542,69,61,
32766,5325,1548,62,59,
32766,5321,1551,72,57,
32766,5317,1554,77,54,
32766,5323,1542,66,56,
32766,5326,1539,71,58,
32766,5320,1556,84,56,
32766,5320,1551,64,53,
32766,5320,1550,74,62,
32766,5327,1546,71,50,
32766,5320,1551,60,47,
32766,5327,1543,70,62,
32766,5322,1549,82,52,
32766,5323,1551,74,62,
32766,5322,1547,73,63,
32766,5325,1553,70,66,
32766,5329,1547,77,52,
32766,5327,1548,79,54,
32766,5325,1551,78,54,
32766,5322,1545,72,55,
32766,5323,1548,68,57,
32766,5319,1536,71,53,
32766,5329,1543,72,50,
32766,5327,1551,74,59,
32766,5315,1536,77,53,
32766,5310,1546,69,49,
32766,5315,1548,72,59,
32766,5311,1541,75,62,
32766,5316,1557,79,63,
32766,5314,1543,76,63,
32766,5313,1541,77,64,
32766,5315,1550,85,63,
32766,5316,1546,69,54,
32766,5306,1539,70,61,
32766,5313,1541,72,53,
32766,5312,1545,65,50,
32766,5307,1553,75,59,
32766,5321,1544,77,53,
32766,5320,1542,77,62,
32766,5321,1541,80,61,
32766,5314,1544,77,52,
32766,5313,1536,80,55,
32766,5312,1546,66,55,
32766,5317,1549,71,54,
32766,5328,1551,80,52,
32766,5316,1551,74,59,
32766,5313,1543,77,54,
32766,5316,1541,74,57,
32766,5312,1543,71,56,
32766,5314,1549,78,53,
32766,5322,1550,68,59,
32766,5314,1546,76,56,
32766,5314,1538,81,61,
32766,5323,1546,72,55,
32766,5317,1540,67,62,
32766,5313,1546,79,62,
32766,5322,1540,81,62,
32766,5310,1555,83,56,
32766,5314,1543,72,59,
32766,5314,1540,81,57,
32766,5321,1551,78,57,
32766,5307,1544,68,55,
32766,5315,1547,71,56,
32766,5315,1545,70,60,
32766,5319,1540,81,56,
32766,5314,1554,77,54,
32766,5322,1535,70,50,
32766,5322,1547,64,61,
32766,5330,1548,85,61,
32766,5324,1533,80,51,
32766,5319,1544,66,59,
32766,5319,1545,81,53,
32766,5314,1538,69,65,
32766,5311,1559,72,55,
32766,5327,1546,70,64,
32766,5322,1542,68,62,
32766,5323,1543,77,49,
32766,5321,1540,70,59,
32766,5322,1548,77,56,
32766,5322,1542,73,51,
32766,5317,1540,77,58,
32766,5321,1545,69,57,
32766,5321,1541,77,61,
32766,5315,1540,71,60,
32766,5329,1543,72,69,
32766,5325,1542,79,60,
32766,5323,1546,63,50,
32766,5328,1538,76,58,
32766,5325,1536,76,72,
32766,5328,1544,78,54,
32766,5320,1540,77,68,
32766,5323,1541,69,56,
32766,5326,1537,76,57,
32766,5338,1536,67,46,
32766,5325,1535,82,56,
32766,5332,1537,78,68,
32766,5321,1536,70,58,
32766,5325,1539,70,53,
32766,5326,1541,65,59,
32766,5327,1537,74,60,
32766,5325,1542,71,55,
32766,5327,1541,74,59,
32766,5322,1550,74,54,
32766,5326,1543,78,63,
32766,5315,1542,73,66,
32766,5323,1538,78,66,
32766,5317,1530,69,55,
32766,5320,1545,82,58,
32766,5311,1541,66,57,
32766,5323,1536,68,57,
32766,5313,1538,71,55,
32766,5324,1533,75,51,
32766,5323,1536,71,62,
32766,5321,1540,78,63,
32766,5320,1539,69,54,
32766,5311,1548,80,61,
32766,5317,1547,70,50,
32766,5323,1540,74,60,
32766,5320,1543,69,62,
32766,5318,1535,73,60,
32766,5325,1544,70,51,
32766,5323,1545,68,64,
32766,5310,1540,68,56,
32766,5322,1538,73,62,
32766,5317,1535,73,47,
32766,5320,1551,74,55,
32766,5310,1549,73,62,
32766,5322,1541,71,49,
32766,5313,1539,72,64,
32766,5330,1545,73,64,
32766,5318,1537,67,55,
32766,5314,1541,78,62,
32766,5323,1541,73,55,
32766,5317,1545,75,53,
32766,5309,1524,69,48,
32766,5316,1547,84,53,
32766,5320,1542,64,59,
32766,5315,1550,64,60,
32766,5319,1534,74,56,
32766,5307,1536,80,58,
32766,5314,1535,74,60,
32766,5310,1534,73,58,
32766,5320,1541,73,54,
32766,5310,1533,75,60,
32766,5322,1535,80,56,
32766,5326,1539,74,56,
32766,5314,1531,75,58,
32766,5317,1535,80,60,
32766,5315,1543,69,42,
32766,5322,1545,75,52,
32766,5314,1539,89,60,
32766,5323,1540,82,65,
32766,5318,1526,77,59,
32766,5309,1539,81,56,
32766,5312,1534,68,53,
32766,5312,1528,79,62,
32766,5320,1538,73,47,
32766,5327,1544,72,60,
32766,5309,1542,82,57,
32766,5324,1537,76,70,
32766,5322,1537,61,54,
32766,5317,1534,62,49,
32766,5317,1535,76,57,
32766,5316,1538,81,58,
32766,5324,1541,75,53,
32766,5324,1540,67,62,
32766,5315,1537,62,54,
32766,5309,1531,63,63,
32766,5329,1532,78,51,
32766,5315,1534,70,58,
32766,5332,1534,79,52,
32766,5326,1537,69,59,
32766,5322,1541,76,61,
32766,5331,1540,76,47,
32766,5328,1541,74,60,
32766,5323,1532,71,59,
32766,5323,1533,70,65,
32766,5315,1538,72,53,
32766,5319,1539,67,58,
32766,5327,1544,74,59,
32766,5327,1534,71,52,
32766,5323,1530,74,49,
32766,5323,1531,75,52,
32766,5324,1538,70,71,
32766,5324,1540,72,61,
32766,5322,1533,55,60,
32766,5336,1537,73,56,
32766,5325,1532,75,56,
32766,5332,1532,83,51,
32766,5323,1551,80,63,
32766,5315,1542,65,53,
32766,5323,1535,77,67,
32766,5318,1533,68,49,
32766,5331,1528,74,58,
32766,5321,1535,81,61,
32766,5321,1539,77,60,
32766,5319,1537,80,58,
32766,5320,1538,73,54,
32766,5325,1529,87,55,
32766,5330,1538,77,53,
32766,5329,1539,64,60,
32766,5318,1544,74,54,
32766,5334,1538,64,58,
32766,5318,1549,70,60,
32766,5329,1534,84,47,
32766,5328,1542,64,55,
32766,5330,1535,66,67,
32766,5333,1536,79,59,
32766,5325,1540,64,52,
32766,5327,1548,74,56,
32766,5342,1546,75,63,
32766,5328,1537,77,56,
32766,5335,1537,72,54,
32766,5333,1542,67,58,
32766,5339,1530,65,70,
32766,5324,1535,72,61,
32766,5329,1546,83,60,
32766,5330,1534,79,53,
32766,5332,1544,78,57,
32766,5335,1538,79,59,
32766,5335,1540,71,57,
32766,5328,1537,85,50,
32766,5337,1532,67,53,
32766,5337,1527,72,63,
32766,5351,1528,68,63,
32766,5327,1527,74,64,
32766,5331,1533,69,53,
32766,5348,1530,81,60,
32766,5337,1533,69,65,
32766,5339,1542,76,53,
32766,5333,1524,83,60,
32766,5331,1547,69,57,
32766,5334,1541,76,59,
32766,5339,1548,69,59,
32766,5332,1539,68,64,
32766,5344,1530,76,59,
32766,5328,1528,77,57,
32766,5342,1535,69,61,
32766,5340,1533,78,46,
32766,5347,1535,71,60,
32766,5343,1539,72,60,
32766,5344,1538,74,57,
32766,5339,1523,69,56,
32766,5355,1532,76,66,
32766,5349,1533,73,60,
32766,5342,1541,74,52,
32766,5340,1530,75,68,
32766,5338,1542,71,54,
32766,5343,1530,77,58,
32766,5348,1542,67,59,
32766,5338,1541,74,55,
32766,5332,1532,77,68,
32766,5336,1533,75,59,
32766,5331,1531,76,53,
32766,5336,1537,83,53,
32766,5340,1534,80,54,
32766,5339,1537,72,57,
32766,5335,1533,70,49,
32766,5330,1526,78,61,
32766,5326,1533,75,54,
32766,5331,1536,74,45,
32766,5334,1532,81,58,
32766,5322,1542,70,52,
32766,5336,1529,81,57,
32766,5340,1536,70,54,
32766,5337,1526,71,54,
32766,5330,1536,64,54,
32766,5334,1524,80,51,
32766,5335,1534,68,63,
32766,5332,1535,74,56,
32766,5327,1532,84,59,
32766,5325,1537,72,52,
32766,5344,1524,78,66,
32766,5330,1543,75,52,
32766,5319,1535,75,50,
32766,5318,1533,83,54,
32766,5341,1525,70,66,
32766,5335,1533,75,54,
32766,5320,1529,71,70,
32766,5340,1529,74,58,
32766,5330,1538,81,58,
32766,5324,1529,73,51,
32766,5323,1525,74,61,
32766,5320,1532,75,59,
32766,5331,1528,70,51,
32766,5335,1528,80,63,
32766,5326,1525,72,64,
32766,5332,1537,74,66,
32766,5337,1527,77,58,
32766,5333,1531,63,49,
32766,5330,1534,70,49,
32766,5329,1529,65,52,
32766,5339,1533,69,53,
32766,5327,1533,78,52,
32766,5325,1534,64,57,
32766,5323,1533,77,53,
32766,5323,1523,80,53,
32766,5325,1534,70,53,
32766,5334,1533,67,54,
32766,5328,1525,68,62,
32766,5332,1528,70,55,
32766,5331,1525,70,57,
32766,5327,1532,71,48,
32766,5327,1527,72,61,
32766,5322,1535,68,52,
32766,5328,1526,75,55,
32766,5320,1528,69,50,
32766,5319,1529,83,48,
32766,5323,1536,73,58,
32766,5332,1537,80,56,
32766,5326,1538,74,60,
32766,5335,1530,70,65,
32766,5335,1530,60,65,
32766,5321,1534,58,67,
32766,5316,1531,82,56,
32766,5326,1527,69,68,
32766,5333,1532,70,64,
32766,5327,1536,60,53,
32766,5327,1537,82,59,
32766,5329,1529,65,61,
32766,5331,1524,73,71,
32766,5334,1529,65,58,
32766,5330,1529,70,60,
32766,5334,1521,76,57,
32766,5334,1533,74,56,
32766,5325,1534,79,61,
32766,5319,1527,75,49,
32766,5323,1531,78,64,
32766,5327,1523,70,62,
32766,5318,1527,72,60,
32766,5326,1533,80,53,
32766,5322,1529,69,55,
32766,5327,1533,81,63,
32766,5329,1535,66,57,
32766,5319,1525,60,64,
32766,5316,1526,73,63,
32766,5319,1533,78,51,
32766,5315,1530,67,63,
32766,5317,1542,69,60,
32766,5323,1525,68,64,
32766,5320,1530,77,55,
32766,5320,1541,72,55,
32766,5324,1529,68,53,
32766,5327,1526,67,48,
32766,5327,1521,71,54,
32766,5320,1523,69,55,
32766,5316,1526,67,58,
32766,5309,1537,71,57,
32766,5316,1529,68,60,
32766,5322,1535,76,57,
32766,5317,1525,68,53,
32766,5313,1531,65,57,
32766,5304,1525,66,57,
32766,5314,1533,77,58,
32766,5324,1532,73,60,
32766,5307,1529,79,50,
32766,5318,1535,74,56,
32766,5308,1524,76,63,
32766,5312,1532,74,68,
32766,5315,1527,73,66,
32766,5296,1536,68,52,
32766,5310,1524,77,50,
32766,5311,1536,78,49,
32766,5308,1520,68,49,
32766,5301,1519,75,53,
32766,5294,1529,70,64,
32766,5305,1528,69,58,
32766,5302,1528,76,62,
32766,5294,1522,77,65,
32766,5296,1526,74,65,
32766,5304,1536,76,66,
32766,5286,1525,74,59,
32766,5295,1529,76,55,
32766,5300,1539,70,57,
32766,5291,1521,72,60,
32766,5276,1523,74,69,
32766,5291,1530,69,53,
32766,5285,1525,70,55,
32766,5284,1522,78,53,
32766,5292,1528,78,57,
32766,5290,1521,72,57,
32766,5287,1520,64,61,
32766,5289,1522,70,51,
32766,5290,1524,76,61,
32766,5294,1535,68,57,
32766,5285,1522,65,60,
32766,5294,1521,74,58,
32766,5299,1526,84,57,
32766,5298,1531,73,62,
32766,5286,1517,75,58,
32766,5295,1528,74,64,
32766,5304,1513,72,55,
32766,5299,1524,78,65,
32766,5304,1525,70,50,
32766,5298,1521,78,55,
32766,5308,1523,61,63,
32766,5294,1527,71,53,
32766,5306,1532,77,59,
32766,5300,1519,77,48,
32766,5298,1525,75,52,
32766,5306,1527,65,60,
32766,5296,1518,75,61,
32766,5304,1530,71,51,
32766,5289,1528,74,58,
32766,5293,1524,77,56,
32766,5290,1524,80,68,
32766,5297,1528,74,55,
32766,5300,1540,72,51,
32766,5292,1536,82,60,
32766,5293,1523,75,63,
32766,5301,1531,70,52,
32766,5300,1528,68,66,
32766,5293,1530,77,54,
32766,5291,1518,76,57,
32766,5290,1527,71,62,
32766,5293,1521,69,57,
32766,5293,1530,71,62,
32766,5297,1527,63,64,
32766,5286,1530,72,63,
32766,5294,1534,70,57,
32766,5291,1528,68,52,
32766,5286,1529,68,64,
32766,5286,1524,72,54,
32766,5291,1523,80,51,
32766,5282,1532,80,53,
32766,5303,1522,77,50,
32766,5300,1532,71,59,
32766,5291,1525,75,57,
32766,5294,1534,76,61,
32766,5297,1528,68,49,
32766,5288,1529,70,46,
32766,5295,1518,68,61,
32766,5285,1522,77,56,
32766,5282,1522,70,62,
32766,5284,1536,65,70,
32766,5286,1529,77,51,
32766,5287,1535,82,48,
32766,5287,1529,71,56,
32766,5286,1533,73,54,
32766,5288,1529,68,56,
32766,5275,1530,71,62,
32766,5291,1526,75,44,
32766,5284,1529,71,59,
32766,5279,1529,66,59,
32766,5282,1529,76,51,
32766,5278,1525,75,64,
32766,5290,1530,77,43,
32766,5281,1513,75,63,
32766,5289,1530,76,48,
32766,5295,1528,76,57,
32766,5289,1521,77,55,
32766,5282,1525,73,49,
32766,5284,1516,63,57,
32766,5288,1523,74,52,
32766,5279,1518,60,64,
32766,5284,1530,74,48,
32766,5290,1525,76,55,
32766,5287,1531,72,64,
32766,5285,1522,77,61,
32766,5294,1531,70,60,
32766,5290,1525,69,59,
32766,5291,1532,70,63,
32766,5296,1521,73,55,
32766,5295,1526,71,59,
32766,5287,1525,72,62,
32766,5289,1527,74,55,
32766,5290,1532,69,56,
32766,5288,1536,76,58,
32766,5296,1527,74,54,
32766,5294,1524,79,69,
32766,5288,1522,65,58,
32766,5296,1523,70,56,
32766,5300,1535,78,59,
32766,5298,1523,68,59,
32766,5292,1527,67,63,
32766,5297,1523,68,52,
32766,5297,1527,72,56,
32766,5305,1518,74,58,
32766,5301,1520,74,54,
32766,5302,1527,79,64,
32766,5293,1533,65,56,
32766,5308,1524,80,55,
32766,5296,1535,70,63,
32766,5293,1535,77,60,
32766,5298,1527,71,61,
32766,5301,1519,82,46,
32766,5309,1517,76,59,
32766,5308,1532,68,59,
32766,5302,1518,72,53,
32766,5299,1533,75,62,
32766,5305,1520,79,57,
32766,5298,1521,66,59,
32766,5291,1526,78,56,
32766,5297,1519,70,61,
32766,5294,1536,79,57,
32766,5297,1529,71,57,
32766,5301,1530,75,57,
32766,5301,1526,68,53,
32766,5291,1519,66,60,
32766,5301,1528,71,69,
32766,5304,1532,75,48,
32766,5290,1531,71,60,
32766,5304,1517,73,50,
32766,5300,1523,66,62,
32766,5303,1522,76,63,
32766,5301,1521,77,51,
32766,5303,1526,77,55,
32766,5295,1519,79,47,
32766,5314,1535,81,55,
32766,5296,1524,77,55,
32766,5291,1532,76,59,
32766,5294,1521,73,56,
32766,5298,1525,72,60,
32766,5297,1528,66,55,
32766,5303,1523,75,61,
32766,5294,1527,65,55,
32766,5290,1518,67,60,
32766,5290,1524,70,58,
32766,5291,1523,73,50,
32766,5299,1529,69,50,
32766,5301,1522,77,60,
32766,5293,1525,75,66,
32766,5294,1526,78,50,
32766,5303,1525,65,59,
32766,5300,1525,71,59,
32766,5299,1524,67,56,
32766,5300,1525,76,55,
32766,5290,1520,61,65,
32766,5303,1525,73,56,
32766,5290,1523,79,46,
32766,5298,1528,67,58,
32766,5300,1525,77,56,
32766,5303,1519,79,49,
32766,5296,1532,74,62,
32766,5298,1521,67,43,
32766,5288,1526,74,64,
32766,5290,1525,71,57,
32766,5301,1524,69,57,
32766,5289,1520,73,66,
32766,5295,1524,80,54,
32766,5298,1531,76,62,
32766,5294,1521,75,56,
32766,5295,1525,75,52,
32766,5297,1525,71,53,
32766,5300,1526,64,63,
32766,5293,1522,68,60,
32766,5294,1524,71,53,
32766,5292,1524,73,64,
32766,5309,1525,76,50,
32766,5293,1529,77,62,
32766,5297,1524,83,53,
32766,5301,1512,72,62,
32766,5299,1524,74,61,
32766,5299,1514,68,58,
32766,5306,1517,60,65,
32766,5303,1529,77,53,
32766,5302,1533,66,50,
32766,5298,1517,68,63,
32766,5301,1528,73,56,
32766,5293,1523,78,54,
32766,5293,1527,68,60,
32766,5289,1517,75,53,
32766,5301,1527,74,52,
32766,5294,1530,70,58,
32766,5294,1530,81,54,
32766,5296,1523,77,56,
32766,5298,1527,76,62,
32766,5293,1525,70,56,
32766,5295,1526,68,55,
32766,5296,1521,70,61,
32766,5304,1522,75,50,
32766,5292,1523,78,57,
32766,5291,1526,78,52,
32766,5290,1524,77,56,
32766,5290,1530,75,59,
32766,5291,1522,73,59,
32766,5297,1515,74,58,
32766,5299,1521,72,54,
32766,5300,1521,77,68,
32766,5303,1526,77,59,
32766,5296,1528,64,59,
32766,5304,1524,72,63,
32766,5296,1521,80,55,
32766,5300,1520,65,61,
32766,5307,1520,70,62,
32766,5297,1518,75,55,
32766,5299,1524,71,61,
32766,5299,1527,77,55,
32766,5302,1528,74,60,
32766,5295,1523,81,60,
32766,5294,1528,73,55,
32766,5295,1527,79,63,
32766,5298,1522,72,57,
32766,5301,1529,74,65,
32766,5288,1522,75,55,
32766,5301,1510,71,69,
32766,5295,1528,67,58,
32766,5295,1525,81,61,
32766,5302,1522,72,50,
32766,5293,1527,66,56,
32766,5296,1529,68,54,
32766,5291,1527,61,55,
32766,5297,1517,63,55,
32766,5301,1522,86,60,
32766,5304,1515,82,52,
32766,5291,1534,78,65,
32766,5286,1530,73,55,
32766,5302,1530,80,61,
32766,5292,1531,68,57,
32766,5306,1519,74,60,
32766,5296,1518,72,49,
32766,5302,1517,78,61,
32766,5290,1522,68,65,
32766,5298,1520,78,57,
32766,5299,1519,74,50,
32766,5290,1521,56,63,
32766,5298,1516,79,60,
32766,5295,1519,68,58,
32766,5298,1505,78,64,
32766,5295,1519,65,52,
32766,5283,1528,71,59,
32766,5300,1523,72,58,
32766,5290,1526,73,49,
32766,5294,1518,69,48,
32766,5302,1518,70,58,
32766,5295,1522,70,49,
32766,5297,1525,77,56,
32766,5298,1515,68,55,
32766,5290,1521,64,69,
32766,5295,1528,78,68,
32766,5308,1530,77,57,
32766,5296,1526,79,60,
32766,5293,1514,75,61,
32766,5289,1524,82,55,
32766,5298,1520,64,61,
32766,5301,1522,74,59,
32766,5298,1518,71,62,
32766,5294,1524,72,48,
32766,5297,1518,70,62,
32766,5301,1523,81,58,
32766,5295,1518,71,51,
32766,5284,1527,73,63,
32766,5282,1520,80,62,
32766,5297,1515,82,60,
32766,5298,1508,75,51,
32766,5294,1517,67,57,
32766,5295,1515,65,55,
32766,5282,1528,67,54,
32766,5293,1521,69,64,
32766,5286,1512,76,50,
32766,5293,1525,80,52,
32766,5297,1513,88,53,
32766,5289,1525,72,61,
32766,5292,1522,65,59,
32766,5296,1522,66,60,
32766,5280,1520,72,57,
32766,5280,1517,66,58,
32766,5285,1529,67,59,
32766,5289,1515,66,48,
32766,5287,1511,70,55,
32766,5290,1518,69,55,
32766,5290,1513,76,52,
32766,5295,1522,65,67,
32766,5288,1517,69,59,
32766,5290,1517,74,51,
32766,5288,1526,80,51,
32766,5288,1520,69,50,
32766,5289,1522,73,53,
32766,5294,1526,81,54,
32766,5285,1515,78,52,
32766,5283,1524,74,63,
32766,5295,1516,78,58,
32766,5289,1526,74,56,
32766,5284,1515,71,61,
32766,5284,1520,76,50,
32766,5287,1516,77,58,
32766,5286,1523,78,50,
32766,5279,1521,76,56,
32766,5290,1520,80,67,
32766,5283,1524,74,56,
32766,5279,1513,74,61,
32766,5280,1524,68,52,
32766,5280,1519,66,58,
32766,5283,1515,68,63,
32766,5281,1521,74,58,
32766,5286,1523,77,61,
32766,5278,1526,74,58,
32766,5285,1517,77,57,
32766,5292,1520,75,55,
32766,5285,1524,76,54,
32766,5286,1523,61,54,
32766,5284,1522,72,64,
32766,5284,1516,73,54,
32766,5281,1514,64,54,
32766,5299,1519,74,58,
32766,5282,1514,69,66,
32766,5294,1524,76,57,
32766,5285,1519,77,67,
32766,5290,1528,72,56,
32766,5286,1520,72,57,
32766,5279,1517,68,54,
32766,5282,1526,77,57,
32766,5282,1506,75,56,
32766,5290,1524,70,53,
32766,5281,1519,75,52,
32766,5280,1515,75,48,
32766,5283,1523,76,60,
32766,5301,1515,70,57,
32766,5295,1519,73,58,
32766,5287,1527,65,53,
32766,5295,1524,72,60,
32766,5290,1526,76,54,
32766,5285,1513,69,63,
32766,5288,1513,82,48,
32766,5291,1521,66,63,
32766,5291,1518,78,59,
32766,5279,1515,73,58,
32766,5284,1527,67,51,
32766,5285,1522,77,55,
32766,5285,1521,69,63,
32766,5284,1526,72,56,
32766,5289,1519,64,54,
32766,5288,1521,70,45,
32766,5289,1516,78,61,
32766,5285,1513,77,51,
32766,5278,1518,66,59,
32766,5282,1522,56,64,
32766,5274,1521,70,61,
32766,5277,1519,68,58,
32766,5284,1520,71,64,
32766,5284,1522,67,65,
32766,5290,1512,72,51,
32766,5287,1512,64,52,
32766,5282,1518,73,56,
32766,5291,1514,74,42,
32766,5280,1516,76,49,
32766,5291,1521,74,62,
32766,5290,1515,77,63,
32766,5291,1516,78,55,
32766,5284,1518,58,50,
32766,5283,1522,72,57,
32766,5283,1522,71,61,
32766,5288,1516,70,51,
32766,5293,1518,74,57,
32766,5284,1512,78,57,
32766,5288,1518,76,64,
32766,5282,1517,65,52,
32766,5284,1525,75,58,
32766,5289,1531,76,61,
32766,5284,1530,73,62,
32766,5288,1520,70,55,
32766,5280,1524,79,51,
32766,5285,1521,76,50,
32766,5290,1520,70,67,
32766,5290,1516,67,65,
32766,5290,1520,68,53,
32766,5295,1524,69,53,
32766,5292,1526,69,59,
32766,5289,1525,71,52,
32766,5294,1515,78,44,
32766,5293,1529,76,61,
32766,5290,1521,72,56,
32766,5287,1523,71,72,
32766,5285,1521,76,53,
32766,5292,1522,83,51,
32766,5295,1514,79,56,
32766,5292,1518,68,56,
32766,5285,1523,78,66,
32766,5287,1513,71,52,
32766,5291,1524,68,49,
32766,5290,1516,77,64,
32766,5290,1519,68,53,
32766,5290,1523,64,59,
32766,5280,1508,71,64,
32766,5287,1517,73,56,
32766,5293,1513,71,54,
32766,5288,1509,64,57,
32766,5292,1515,63,60,
32766,5288,1521,73,67,
32766,5293,1531,68,57,
32766,5286,1508,77,61,
32766,5297,1520,68,64,
32766,5290,1519,75,55,
32766,5288,1525,65,64,
32766,5294,1519,71,61,
32766,5290,1528,80,68,
32766,5288,1515,69,62,
32766,5296,1513,75,61,
32766,5290,1522,73,64,
32766,5297,1519,70,52,
32766,5290,1518,82,56,
32766,5299,1513,81,49,
32766,5288,1513,74,58,
32766,5290,1524,68,58,
32766,5298,1535,79,59,
32766,5285,1527,79,51,
32766,5283,1518,75,60,
32766,5285,1523,66,57,
32766,5290,1512,64,56,
32766,5279,1528,77,59,
32766,5288,1519,75,58,
32766,5283,1511,72,54,
32766,5298,1516,69,68,
32766,5294,1523,79,54,
32766,5287,1518,72,55,
32766,5287,1521,74,58,
32766,5280,1510,74,62,
32766,5284,1517,70,51,
32766,5286,1521,73,59,
32766,5286,1518,70,62,
32766,5281,1514,66,56,
32766,5283,1512,81,55,
32766,5286,1508,81,57,
32766,5280,1515,74,59,
32766,5281,1516,78,56,
32766,5284,1510,77,60,
32766,5283,1516,68,52,
32766,5279,1519,77,58,
32766,5282,1515,77,66,
32766,5293,1519,73,58,
32766,5275,1519,73,63,
32766,5292,1515,69,57,
32766,5280,1510,77,56,
32766,5290,1511,68,57,
32766,5280,1515,77,56,
32766,5284,1517,84,50,
32766,5283,1514,67,57,
32766,5288,1512,59,62,
32766,5283,1525,73,56,
32766,5284,1509,74,61,
32766,5293,1510,77,63,
32766,5284,1518,68,60,
32766,5287,1512,72,55,
32766,5291,1516,72,61,
32766,5288,1516,80,55,
32766,5290,1515,71,60,
32766,5295,1522,68,46,
32766,5293,1515,67,55,
32766,5290,1516,73,58,
32766,5294,1510,79,56,
32766,5290,1521,72,53,
32766,5279,1517,69,57,
32766,5287,1510,68,54,
32766,5287,1519,75,65,
32766,5297,1513,76,54,
32766,5289,1510,70,61,
32766,5296,1510,68,58,
32766,5290,1526,64,59,
32766,5286,1519,72,59,
32766,5293,1523,72,60,
32766,5286,1518,79,52,
32766,5284,1515,66,69,
32766,5283,1506,63,65,
32766,5294,1517,76,53,
32766,5298,1515,82,57,
32766,5299,1519,69,58,
32766,5290,1510,75,57,
32766,5287,1510,84,59,
32766,5293,1521,75,67,
32766,5285,1513,68,53,
32766,5289,1520,71,65,
32766,5290,1518,73,49,
32766,5293,1521,82,55,
32766,5295,1514,69,60,
32766,5293,1514,64,55,
32766,5284,1514,70,63,
32766,5294,1516,79,58,
32766,5286,1519,72,57,
32766,5291,1515,77,64,
32766,5297,1514,73,64,
32766,5287,1507,71,58,
32766,5282,1504,74,66,
32766,5290,1514,69,60,
32766,5291,1508,76,58,
32766,5290,1508,71,59,
32766,5295,1511,64,55,
32766,5288,1521,74,60,
32766,5289,1517,71,54,
32766,5290,1512,67,60,
32766,5297,1517,64,62,
32766,5290,1519,66,59,
32766,5283,1510,73,61,
32766,5298,1517,67,59,
32766,5287,1512,71,56,
32766,5286,1524,69,55,
32766,5287,1519,68,49,
32766,5298,1514,73,55,
32766,5288,1513,66,52,
32766,5290,1514,77,54,
32766,5286,1514,71,63,
32766,5279,1518,75,57,
32766,5296,1510,73,61,
32766,5281,1517,68,56,
32766,5291,1514,79,59,
32766,5291,1521,66,60,
32766,5297,1505,73,52,
32766,5295,1520,74,62,
32766,5298,1510,74,50,
32766,5284,1518,67,52,
32766,5297,1517,77,58,
32766,5286,1520,68,55,
32766,5285,1510,69,59,
32766,5286,1512,79,55,
32766,5287,1518,71,63,
32766,5285,1506,68,63,
32766,5279,1511,74,60,
32766,5284,1510,80,52,
32766,5275,1516,64,55,
32766,5284,1511,67,56,
32766,5274,1507,70,59,
32766,5277,1522,71,56,
32766,5282,1515,70,47,
32766,5292,1511,69,59,
32766,5282,1510,77,59,
32766,5284,1520,82,58,
32766,5287,1512,78,63,
32766,5283,1522,74,52,
32766,5282,1517,74,51,
32766,5288,1515,76,56,
32766,5276,1512,76,50,
32766,5279,1512,68,61,
32766,5278,1521,74,58,
32766,5277,1511,57,55,
32766,5276,1514,73,63,
32766,5277,1513,80,66,
32766,5279,1511,76,57,
32766,5287,1516,60,56,
32766,5289,1518,72,59,
32766,5287,1505,64,53,
32766,5276,1511,68,54,
32766,5280,1518,66,48,
32766,5280,1522,79,62,
32766,5285,1510,70,52,
32766,5286,1507,72,62,
32766,5285,1502,74,50,
32766,5292,1524,75,56,
32766,5288,1510,74,60,
32766,5284,1505,59,62,
32766,5293,1505,77,55,
32766,5283,1516,69,60,
32766,5282,1520,72,51,
32766,5270,1514,67,62,
32766,5274,1511,76,60,
32766,5273,1516,73,61,
32766,5272,1522,69,55,
32766,5282,1519,76,49,
32766,5284,1511,76,62,
32766,5276,1512,71,52,
32766,5284,1518,77,62,
32766,5268,1510,78,52,
32766,5275,1511,68,60,
32766,5276,1514,79,57,
32766,5282,1517,66,55,
32766,5273,1513,67,58,
32766,5275,1516,71,56,
32766,5280,1515,75,57,
32766,5276,1506,75,57,
32766,5283,1509,71,62,
32766,5277,1515,70,52,
32766,5279,1517,73,47,
32766,5278,1516,73,58,
32766,5275,1521,68,60,
32766,5279,1501,69,63,
32766,5284,1503,79,57,
32766,5270,1514,76,55,
32766,5282,1513,70,62,
32766,5285,1512,70,67,
32766,5270,1512,72,57,
32766,5282,1507,77,50,
32766,5275,1515,69,57,
32766,5280,1512,81,59,
32766,5280,1513,74,61,
32766,5273,1507,68,64,
32766,5280,1518,74,57,
32766,5276,1518,78,51,
32766,5275,1506,77,64,
32766,5271,1515,78,47,
32766,5272,1517,72,56,
32766,5276,1516,75,46,
32766,5266,1508,66,49,
32766,5283,1513,72,61,
32766,5273,1514,69,60,
32766,5278,1520,78,53,
32766,5282,1512,76,50,
32766,5278,1520,69,63,
32766,5282,1519,77,58,
32766,5276,1507,69,47,
32766,5269,1504,67,60,
32766,5277,1513,68,57,
32766,5271,1510,69,56,
32766,5272,1510,67,54,
32766,5286,1511,73,56,
32766,5274,1516,75,56,
32766,5277,1517,77,59,
32766,5288,1503,72,59,
32766,5269,1518,78,59,
32766,5287,1504,68,59,
32766,5275,1512,77,65,
32766,5278,1511,68,60,
32766,5274,1515,64,55,
32766,5283,1512,75,61,
32766,5274,1517,65,56,
32766,5274,1517,70,63,
32766,5272,1519,69,58,
32766,5270,1512,76,54,
32766,5278,1504,81,58,
32766,5286,1506,69,65,
32766,5277,1515,82,58,
32766,5287,1520,71,60,
32766,5287,1506,73,63,
32766,5281,1517,81,61,
32766,5284,1511,74,49,
32766,5284,1511,71,65,
32766,5273,1524,72,57,
32766,5278,1510,75,63,
32766,5285,1501,83,61,
32766,5286,1514,72,65,
32766,5277,1516,74,56,
32766,5284,1515,72,52,
32766,5291,1508,61,58,
32766,5270,1519,71,74,
32766,5280,1514,71,61,
32766,5281,1506,69,59,
32766,5282,1511,75,66,
32766,5287,1515,77,60,
32766,5276,1512,78,65,
32766,5281,1510,70,62,
32766,5284,1514,62,64,
32766,5277,1515,80,50,
32766,5285,1517,64,62,
32766,5283,1511,80,66,
32766,5289,1514,69,50,
32766,5286,1508,68,54,
32766,5284,1516,71,64,
32766,5273,1521,78,57,
32766,5287,1513,74,66,
32766,5288,1503,66,46,
32766,5277,1506,68,58,
32766,5284,1511,70,50,
32766,5283,1514,65,56,
32766,5276,1509,73,54,
32766,5285,1502,74,60,
32766,5286,1505,74,53,
32766,5283,1513,73,56,
32766,5285,1520,78,63,
32766,5287,1519,70,62,
32766,5279,1523,62,61,
32766,5284,1494,71,43,
32766,5279,1513,73,55,
32766,5282,1510,79,55,
32766,5280,1512,75,45,
32766,5278,1505,71,64,
32766,5279,1502,76,59,
32766,5287,1511,63,54,
32766,5283,1506,74,52,
32766,5286,1513,81,50,
32766,5290,1508,67,61,
32766,5288,1507,77,56,
32766,5278,1509,72,64,
32766,5284,1504,86,53,
32766,5289,1501,73,62,
32766,5270,1508,74,53,
32766,5288,1507,67,54,
32766,5277,1503,67,46,
32766,5279,1510,68,54,
32766,5279,1512,77,60,
32766,5281,1508,66,62,
32766,5285,1506,72,63,
32766,5286,1498,78,49,
32766,5285,1507,77,53,
32766,5280,1506,72,46,
32766,5280,1503,69,61,
32766,5280,1515,72,58,
32766,5287,1508,86,60,
32766,5276,1514,81,61,
32766,5277,1503,79,53,
32766,5283,1504,63,49,
32766,5278,1500,67,53,
32766,5280,1507,74,53,
32766,5279,1502,72,49,
32766,5275,1506,73,58,
32766,5281,1516,78,59,
32766,5284,1503,79,64,
32766,5279,1507,75,57,
32766,5283,1507,67,56,
32766,5274,1509,67,46,
32766,5279,1506,73,60,
32766,5277,1505,70,61,
32766,5274,1507,69,64,
32766,5288,1512,66,57,
32766,5277,1510,67,63,
32766,5290,1511,73,66,
32766,5273,1517,78,59,
32766,5277,1500,85,54,
32766,5277,1505,71,58,
32766,5278,1508,75,61,
32766,5288,1507,74,54,
32766,5281,1502,75,60,
32766,5285,1506,69,54,
32766,5281,1507,84,60,
32766,5275,1504,66,54,
32766,5278,1511,75,57,
32766,5281,1504,69,61,
32766,5280,1505,73,57,
32766,5271,1501,67,51,
32766,5277,1510,70,57,
32766,5282,1501,74,56,
32766,5286,1507,76,62,
32766,5284,1506,70,50,
32766,5276,1506,79,56,
32766,5276,1503,66,67,
32766,5280,1500,66,60,
32766,5274,1509,72,56,
32766,5282,1506,69,45,
32766,5280,1505,63,56,
32766,5286,1505,77,63,
32766,5288,1506,75,46,
32766,5282,1509,75,58,
32766,5280,1518,70,62,
32766,5283,1509,80,55,
32766,5284,1509,69,54,
32766,5265,1500,72,53,
32766,5279,1512,70,61,
32766,5278,1501,76,53,
32766,5281,1510,68,52,
32766,5276,1512,66,63,
32766,5278,1506,71,58,
32766,5286,1514,81,59,
32766,5293,1513,73,58,
32766,5278,1509,71,60,
32766,5287,1500,66,54,
32766,5277,1503,70,57,
32766,5272,1500,63,59,
32766,5293,1506,63,59,
32766,5284,1509,73,56,
32766,5280,1498,56,63,
32766,5287,1500,64,60,
32766,5280,1495,64,61,
32766,5283,1506,70,57,
32766,5278,1496,75,57,
32766,5286,1503,77,57,
32766,5287,1510,63,65,
32766,5288,1510,72,58,
32766,5281,1512,71,47,
32766,5288,1507,69,52,
32766,5272,1495,70,57,
32766,5278,1495,69,48,
32766,5290,1514,79,63,
32766,5287,1510,73,58,
32766,5292,1502,74,59,
32766,5282,1520,73,55,
32766,5283,1504,79,59,
32766,5278,1508,67,56,
32766,5282,1502,78,59,
32766,5275,1507,71,54,
32766,5283,1503,68,58,
32766,5280,1503,77,51,
32766,5270,1509,71,55,
32766,5280,1503,69,55,
32766,5271,1514,77,48,
32766,5272,1504,71,61,
32766,5277,1505,70,55,
32766,5283,1510,77,70,
32766,5275,1504,78,58,
32766,5285,1511,72,52,
32766,5277,1507,73,65,
32766,5275,1513,67,60,
32766,5272,1501,73,56,
32766,5287,1514,78,55,
32766,5273,1507,63,54,
32766,5274,1510,72,58,
32766,5270,1509,75,52,
32766,5275,1504,78,54,
32766,5274,1508,69,62,
32766,5270,1503,72,53,
32766,5274,1501,73,57,
32766,5269,1512,74,55,
32766,5287,1508,60,58,
32766,5270,1506,64,49,
32766,5278,1513,72,52,
32766,5281,1509,76,57,
32766,5273,1503,81,52,
32766,5274,1508,69,54,
32766,5268,1506,73,65,
32766,5273,1497,75,49,
32766,5270,1509,75,52,
32766,5272,1510,66,60,
32766,5276,1501,82,48,
32766,5282,1509,70,47,
32766,5272,1505,74,59,
32766,5279,1510,77,59,
32766,5280,1513,79,56,
32766,5275,1513,75,60,
32766,5277,1510,72,55,
32766,5270,1514,73,59,
32766,5268,1503,84,62,
32766,5278,1504,76,57,
32766,5275,1499,76,63,
32766,5276,1506,81,65,
32766,5272,1504,74,54,
32766,5276,1501,69,54,
32766,5271,1507,63,58,
32766,5274,1500,71,60,
32766,5274,1516,73,59,
32766,5280,1503,72,62,
32766,5274,1504,77,59,
32766,5267,1510,72,55,
32766,5274,1508,75,63,
32766,5272,1506,67,57,
32766,5277,1504,72,56,
32766,5274,1508,60,54,
32766,5278,1495,65,45,
32766,5266,1515,71,46,
32766,5274,1508,80,58,
32766,5264,1508,68,59,
32766,5281,1501,67,64,
32766,5285,1498,73,53,
32766,5277,1504,75,57,
32766,5268,1502,58,49,
32766,5281,1505,81,54,
32766,5278,1498,77,53,
32766,5282,1506,63,60,
32766,5271,1496,79,69,
32766,5274,1498,77,64,
32766,5271,1504,79,53,
32766,5276,1501,75,51,
32766,5279,1502,72,44,
32766,5284,1507,71,55,
32766,5271,1504,61,54,
32766,5279,1505,79,61,
32766,5277,1507,72,48,
32766,5282,1496,65,55,
32766,5279,1505,71,57,
32766,5273,1493,76,56,
32766,5268,1504,66,58,
32766,5262,1504,63,53,
32766,5271,1511,80,62,
32766,5279,1508,68,48,
32766,5270,1507,62,52,
32766,5275,1512,67,52,
32766,5277,1503,67,57,
32766,5268,1505,82,65,
32766,5278,1503,70,61,
32766,5274,1503,64,54,
32766,5264,1497,71,50,
32766,5276,1508,82,61,
32766,5287,1500,66,58,
32766,5279,1508,76,53,
32766,5289,1511,77,60,
32766,5271,1508,72,56,
32766,5274,1511,70,55,
32766,5279,1505,67,47,
32766,5276,1497,68,49,
32766,5281,1499,65,57,
32766,5276,1505,65,63,
32766,5274,1503,69,64,
32766,5285,1501,76,62,
32766,5279,1510,74,53,
32766,5272,1513,78,48,
32766,5267,1507,69,60,
32766,5276,1510,82,64,
32766,5278,1510,80,58,
32766,5278,1507,74,55,
32766,5274,1508,72,48,
32766,5280,1503,77,61,
32766,5280,1500,65,52,
32766,5276,1501,72,61,
32766,5279,1507,69,59,
32766,5276,1507,79,52,
32766,5282,1493,78,56,
32766,5273,1499,65,54,
32766,5288,1504,70,63,
32766,5277,1511,75,47,
32766,5279,1502,82,61,
32766,5283,1506,68,55,
32766,5286,1501,76,48,
32766,5281,1507,69,54,
32766,5281,1495,70,49,
32766,5292,1497,72,56,
32766,5285,1505,71,43,
32766,5273,1499,68,54,
32766,5281,1504,68,52,
32766,5280,1508,81,58,
32766,5275,1499,78,66,
32766,5272,1516,58,54,
32766,5278,1502,73,56,
32766,5286,1510,74,55,
32766,5278,1504,65,60,
32766,5281,1503,64,52,
32766,5279,1500,69,57,
32766,5273,1501,66,53,
32766,5275,1503,68,66,
32766,5281,1495,75,56,
32766,5272,1512,77,49,
32766,5284,1494,70,53,
32766,5283,1496,77,60,
32766,5288,1501,70,55,
32766,5293,1504,69,66,
32766,5284,1507,66,52,
32766,5281,1504,69,54,
32766,5284,1506,73,52,
32766,5275,1509,69,55,
32766,5291,1504,76,63,
32766,5277,1515,71,56,
32766,5274,1507,75,65,
32766,5283,1498,69,63,
32766,5284,1510,60,48,
32766,5284,1509,75,63,
32766,5283,1509,71,47,
32766,5287,1499,81,53,
32766,5287,1498,69,58,
32766,5284,1509,68,48,
32766,5282,1510,72,54,
32766,5275,1509,75,55,
32766,5287,1499,66,65,
32766,5285,1514,77,61,
32766,5285,1504,62,61,
32766,5286,1499,75,50,
32766,5274,1497,77,58,
32766,5272,1502,76,51,
32766,5282,1510,71,59,
32766,5285,1505,79,58,
32766,5288,1513,66,52,
32766,5280,1491,84,51,
32766,5284,1505,69,60,
32766,5276,1500,74,56,
32766,5276,1498,71,53,
32766,5276,1507,79,49,
32766,5289,1504,82,53,
32766,5284,1507,73,62,
32766,5276,1501,80,56,
32766,5281,1492,69,63,
32766,5287,1507,69,48,
32766,5288,1496,70,51,
32766,5280,1496,67,47,
32766,5281,1504,70,59,
32766,5281,1501,71,59,
32766,5286,1501,68,58,
32766,5270,1502,72,56,
32766,5284,1497,72,61,
32766,5279,1505,65,61,
32766,5290,1503,71,65,
32766,5280,1505,67,54,
32766,5278,1507,72,53,
32766,5283,1498,74,55,
32766,5282,1506,73,53,
32766,5281,1502,67,57,
32766,5279,1507,75,55,
32766,5280,1511,68,58,
32766,5280,1507,68,59,
32766,5284,1501,77,59,
32766,5283,1511,72,48,
32766,5281,1498,73,59,
32766,5285,1512,70,52,
32766,5289,1518,69,61,
32766,5283,1510,79,49,
32766,5279,1503,73,61,
32766,5285,1503,69,60,
32766,5277,1502,67,56,
32766,5280,1499,75,57,
32766,5279,1497,69,50,
32766,5284,1495,71,58,
32766,5292,1503,69,56,
32766,5279,1500,71,52,
32766,5282,1503,78,53,
32766,5286,1502,74,56,
32766,5280,1511,70,56,
32766,5279,1505,80,55,
32766,5282,1503,68,61,
32766,5284,1498,71,54,
32766,5270,1499,74,59,
32766,5274,1507,74,59,
32766,5280,1505,67,55,
32766,5286,1501,68,63,
32766,5280,1497,80,52,
32766,5272,1495,68,49,
32766,5288,1505,70,57,
32766,5288,1502,60,53,
32766,5286,1499,72,57,
32766,5287,1495,85,62,
32766,5285,1513,67,53,
32766,5285,1498,69,53,
32766,5294,1510,71,52,
32766,5289,1506,81,56,
32766,5287,1503,71,55,
32766,5300,1506,70,54,
32766,5295,1494,68,59,
32766,5303,1509,69,53,
32766,5288,1497,79,63,
32766,5300,1501,75,53,
32766,5293,1501,79,52,
32766,5297,1503,72,60,
32766,5299,1496,83,55,
32766,5300,1500,73,43,
32766,5300,1495,75,56,
32766,5287,1489,68,58,
32766,5300,1496,72,51,
32766,5295,1496,78,56,
32766,5291,1503,81,48,
32766,5285,1499,78,64,
32766,5274,1489,62,59,
32766,5279,1499,65,60,
32766,5275,1496,81,58,
32766,5281,1486,63,62,
32766,5278,1500,71,53,
32766,5283,1499,71,55,
32766,5285,1493,75,52,
32766,5269,1499,67,64,
32766,5266,1500,68,61,
32766,5268,1494,69,55,
32766,5278,1499,68,56,
32766,5259,1495,59,55,
32766,5276,1497,74,62,
32766,5267,1497,76,52,
32766,5276,1498,70,56,
32766,5269,1498,77,60,
32766,5265,1492,73,65,
32766,5267,1504,66,52,
32766,5273,1494,63,50,
32766,5269,1493,78,54,
32766,5268,1501,74,59,
32766,5263,1498,73,55,
32766,5264,1489,73,41,
32766,5266,1501,80,55,
32766,5263,1504,63,60,
32766,5270,1495,77,54,
32766,5270,1496,73,60,
32766,5264,1499,70,54,
32766,5277,1500,75,49,
32766,5266,1493,63,59,
32766,5272,1498,66,59,
32766,5258,1499,69,56,
32766,5269,1493,73,56,
32766,5266,1499,74,54,
32766,5276,1507,66,49,
32766,5269,1508,79,53,
32766,5271,1495,70,61,
32766,5270,1505,77,56,
32766,5274,1491,72,47,
32766,5262,1503,73,57,
32766,5274,1503,70,58,
32766,5275,1496,79,53,
32766,5279,1484,66,53,
32766,5281,1497,65,48,
32766,5284,1495,73,51,
32766,5284,1496,78,55,
32766,5269,1502,68,59,
32766,5275,1501,67,62,
32766,5277,1503,75,58,
32766,5272,1501,65,57,
32766,5279,1489,81,63,
32766,5285,1502,71,60,
32766,5279,1495,73,54,
32766,5283,1495,65,50,
32766,5273,1506,61,55,
32766,5275,1494,71,61,
32766,5274,1492,65,56,
32766,5273,1500,73,61,
32766,5273,1504,75,60,
32766,5269,1493,64,60,
32766,5281,1500,73,55,
32766,5273,1503,79,58,
32766,5278,1500,66,62,
32766,5281,1506,78,60,
32766,5273,1492,75,48,
32766,5268,1495,58,61,
32766,5281,1498,65,61,
32766,5276,1496,71,52,
32766,5273,1500,70,60,
32766,5277,1497,66,55,
32766,5279,1499,73,61,
32766,5287,1498,72,53,
32766,5276,1505,80,61,
32766,5270,1494,76,53,
32766,5277,1503,81,55,
32766,5285,1495,80,51,
32766,5273,1499,76,63,
32766,5271,1492,70,53,
32766,5274,1492,64,59,
32766,5274,1490,60,49,
32766,5273,1494,55,55,
32766,5277,1498,71,53,
32766,5275,1502,67,54,
32766,5275,1502,66,56,
32766,5272,1501,63,51,
32766,5273,1505,78,58,
32766,5282,1502,70,58,
32766,5280,1500,76,56,
32766,5275,1500,67,52,
32766,5281,1500,71,52,
32766,5284,1506,70,49,
32766,5287,1499,71,53,
32766,5288,1494,62,53,
32766,5291,1503,74,54,
32766,5282,1497,73,56,
32766,5285,1505,74,58,
32766,5287,1499,67,50,
32766,5287,1502,71,59,
32766,5295,1506,69,47,
32766,5284,1502,69,54,
32766,5297,1499,74,61,
32766,5295,1504,67,64,
32766,5273,1498,73,54,
32766,5292,1502,58,52,
32766,5286,1500,68,56,
32766,5294,1497,66,55,
32766,5290,1497,74,55,
32766,5292,1500,72,44,
32766,5292,1500,69,53,
32766,5294,1506,80,64,
32766,5288,1493,67,56,
32766,5290,1497,66,58,
32766,5287,1505,71,66,
32766,5291,1498,74,55,
32766,5288,1506,81,49,
32766,5283,1501,74,54,
32766,5286,1497,72,51,
32766,5292,1501,70,63,
32766,5287,1504,69,54,
32766,5284,1489,81,61,
32766,5281,1503,63,64,
32766,5292,1503,65,45,
32766,5294,1501,67,55,
32766,5301,1513,69,56,
32766,5290,1497,66,51,
32766,5288,1503,75,45,
32766,5293,1506,66,58,
32766,5298,1500,78,62,
32766,5295,1502,74,63,
32766,5288,1507,69,61,
32766,5293,1495,66,62,
32766,5297,1499,69,58,
32766,5296,1500,67,52,
32766,5302,1503,80,55,
32766,5291,1497,61,62,
32766,5310,1498,67,52,
32766,5301,1493,69,63,
32766,5307,1507,69,54,
32766,5308,1500,75,62,
32766,5313,1504,78,56,
32766,5304,1490,74,51,
32766,5312,1502,71,48,
32766,5313,1507,71,56,
32766,5308,1507,75,62,
32766,5306,1504,74,56,
32766,5315,1494,78,56,
32766,5308,1502,77,56,
32766,5316,1497,67,58,
32766,5309,1501,66,58,
32766,5306,1490,76,49,
32766,5300,1506,71,54,
32766,5290,1490,71,57,
32766,5281,1491,76,67,
32766,5286,1493,74,51,
32766,5278,1499,68,71,
32766,5277,1491,71,57,
32766,5282,1499,65,57,
32766,5284,1491,71,55,
32766,5271,1491,70,66,
32766,5275,1491,74,52,
32766,5279,1485,82,61,
32766,5274,1487,71,55,
32766,5274,1501,77,54,
32766,5277,1485,73,49,
32766,5276,1498,76,52,
32766,5266,1486,77,56,
32766,5264,1492,75,46,
32766,5276,1493,71,56,
32766,5280,1497,72,54,
32766,5275,1496,84,57,
32766,5273,1478,71,54,
32766,5260,1494,73,56,
32766,5264,1496,69,51,
32766,5264,1497,69,48,
32766,5271,1494,69,51,
32766,5267,1485,77,57,
32766,5277,1497,67,60,
32766,5271,1498,69,49,
32766,5282,1488,69,59,
32766,5266,1494,72,55,
32766,5283,1501,66,59,
32766,5279,1488,71,54,
32766,5287,1497,69,56,
32766,5297,1491,74,64,
32766,5292,1496,61,55,
32766,5301,1504,72,53,
32766,5294,1499,76,60,
32766,5312,1488,69,51,
32766,5301,1492,71,61,
32766,5296,1504,73,60,
32766,5307,1498,64,49,
32766,5303,1497,70,66,
32766,5309,1503,74,62,
32766,5306,1495,78,56,
32766,5314,1497,63,50,
32766,5307,1493,71,60,
32766,5317,1495,68,58,
32766,5313,1499,63,59,
32766,5321,1501,73,58,
32766,5307,1500,68,56,
32766,5319,1493,69,69,
32766,5323,1501,71,58,
32766,5317,1502,67,54,
32766,5316,1488,66,52,
32766,5309,1495,79,64,
32766,5317,1491,73,55,
32766,5317,1496,70,55,
32766,5311,1489,74,68,
32766,5315,1494,64,58,
32766,5320,1495,78,63,
32766,5304,1492,75,46,
32766,5314,1501,71,63,
32766,5302,1495,83,58,
32766,5305,1503,74,51,
32766,5308,1491,65,58,
32766,5303,1491,63,71,
32766,5302,1506,73,56,
32766,5307,1492,72,58,
32766,5304,1496,71,55,
32766,5308,1484,79,54,
32766,5306,1496,63,57,
32766,5304,1492,70,55,
32766,5311,1494,73,62,
32766,5315,1498,70,58,
32766,5311,1498,74,76,
32766,5316,1499,77,60,
32766,5314,1490,70,60,
32766,5315,1488,67,59,
32766,5319,1499,71,55,
32766,5314,1497,80,59,
32766,5315,1485,76,61,
32766,5324,1490,69,56,
32766,5312,1501,65,56,
32766,5312,1503,64,59,
32766,5312,1494,68,44,
32766,5316,1491,77,61,
32766,5319,1489,66,64,
32766,5315,1484,66,61,
32766,5309,1500,69,61,
32766,5306,1491,68,56,
32766,5307,1500,69,57,
32766,5316,1493,73,64,
32766,5310,1493,70,51,
32766,5313,1499,73,53,
32766,5321,1489,72,61,
32766,5322,1499,66,57,
32766,5311,1498,72,54,
32766,5314,1496,80,68,
32766,5312,1490,74,60,
32766,5314,1495,70,63,
32766,5310,1500,83,58,
32766,5316,1497,83,61,
32766,5315,1501,71,51,
32766,5309,1495,72,59,
32766,5310,1492,77,70,
32766,5316,1506,82,53,
32766,5323,1492,70,60,
32766,5317,1496,73,52,
32766,5309,1500,65,49,
32766,5318,1497,79,53,
32766,5313,1503,68,61,
32766,5313,1501,71,63,
32766,5318,1501,68,64,
32766,5312,1500,76,62,
32766,5309,1502,64,55,
32766,5320,1505,71,66,
32766,5312,1497,72,56,
32766,5311,1508,68,60,
32766,5309,1507,76,54,
32766,5307,1503,79,69,
32766,5307,1489,70,58,
32766,5316,1497,69,64,
32766,5319,1505,80,62,
32766,5303,1505,73,60,
32766,5310,1503,69,58,
32766,5309,1502,65,56,
32766,5310,1494,63,51,
32766,5308,1505,75,54,
32766,5314,1509,71,49,
32766,5305,1506,74,60,
32766,5317,1499,68,57,
32766,5316,1506,70,55,
32766,5294,1501,62,57,
32766,5316,1500,68,61,
32766,5306,1497,71,55,
32766,5318,1509,75,54,
32766,5302,1507,75,51,
32766,5304,1497,67,53,
32766,5304,1489,73,62,
32766,5296,1509,72,57,
32766,5308,1504,70,56,
32766,5306,1491,65,57,
32766,5295,1499,76,62,
32766,5298,1503,71,61,
32766,5304,1492,69,56,
32766,5304,1501,73,54,
32766,5306,1493,77,60,
32766,5295,1497,76,57,
32766,5311,1496,76,49,
32766,5305,1499,80,55,
32766,5299,1505,78,56,
32766,5298,1498,77,54,
32766,5292,1499,63,60,
32766,5297,1495,75,48,
32766,5296,1495,78,56,
32766,5292,1499,71,52,
32766,5308,1499,72,58,
32766,5298,1492,73,62,
32766,5295,1499,73,63,
32766,5300,1497,69,62,
32766,5286,1498,65,57,
32766,5298,1504,66,62,
32766,5293,1501,67,56,
32766,5303,1508,72,55,
32766,5297,1506,74,54,
32766,5297,1497,67,55,
32766,5302,1497,54,67,
32766,5302,1503,71,58,
32766,5300,1501,70,63,
32766,5288,1490,74,53,
32766,5302,1500,71,60,
32766,5294,1503,66,56,
32766,5304,1500,76,52,
32766,5295,1506,71,59,
32766,5295,1503,80,57,
32766,5291,1495,74,61,
32766,5283,1502,73,60,
32766,5295,1507,73,52,
32766,5302,1494,67,60,
32766,5285,1502,72,64,
32766,5295,1501,75,46,
32766,5298,1500,82,54,
32766,5293,1493,81,58,
32766,5291,1510,66,53,
32766,5295,1494,80,55,
32766,5290,1506,64,51,
32766,5283,1492,74,58,
32766,5291,1501,77,59,
32766,5300,1504,71,51,
32766,5286,1493,68,52,
32766,5295,1496,74,51,
32766,5291,1508,87,62,
32766,5285,1501,73,59,
32766,5297,1498,84,60,
32766,5303,1507,73,57,
32766,5292,1503,64,66,
32766,5298,1499,82,48,
32766,5297,1511,74,43,
32766,5288,1500,66,51,
32766,5291,1505,74,62,
32766,5290,1508,65,60,
32766,5292,1497,71,66,
32766,5293,1498,75,50,
32766,5287,1500,76,53,
32766,5289,1501,73,69,
32766,5288,1499,67,66,
32766,5284,1503,71,60,
32766,5293,1502,69,54,
32766,5294,1505,80,56,
32766,5296,1500,72,53,
32766,5301,1497,67,66,
32766,5297,1501,74,51,
32766,5291,1511,72,56,
32766,5308,1506,75,58,
32766,5292,1504,73,61,
32766,5298,1494,65,54,
32766,5293,1507,73,58,
32766,5298,1493,84,57,
32766,5301,1499,66,43,
32766,5305,1501,65,65,
32766,5304,1500,73,59,
32766,5313,1495,70,47,
32766,5298,1491,72,55,
32766,5296,1503,66,57,
32766,5309,1502,77,59,
32766,5304,1508,75,55,
32766,5302,1497,73,59,
32766,5297,1497,80,56,
32766,5305,1501,76,50,
32766,5309,1502,70,61,
32766,5304,1501,78,54,
32766,5304,1499,71,58,
32766,5301,1502,72,52,
32766,5303,1494,73,56,
32766,5304,1500,64,61,
32766,5295,1503,75,57,
32766,5299,1507,68,55,
32766,5305,1510,59,51,
32766,5306,1488,72,59,
32766,5309,1499,66,58,
32766,5318,1498,72,49,
32766,5301,1505,79,57,
32766,5308,1501,69,52,
32766,5305,1502,71,62,
32766,5305,1504,64,64,
32766,5314,1501,69,59,
32766,5317,1504,70,51,
32766,5318,1492,70,56,
32766,5307,1492,79,53,
32766,5305,1512,82,59,
32766,5307,1501,69,61,
32766,5301,1502,74,59,
32766,5300,1506,68,55,
32766,5300,1509,71,54,
32766,5310,1501,80,68,
32766,5305,1500,77,65,
32766,5301,1505,67,62,
32766,5310,1507,77,50,
32766,5311,1503,72,57,
32766,5305,1498,77,57,
32766,5314,1505,70,51,
32766,5299,1511,66,64,
32766,5294,1504,72,60,
32766,5300,1504,72,65,
32766,5295,1504,60,61,
32766,5308,1516,69,56,
32766,5311,1497,72,56,
32766,5309,1500,85,56,
32766,5300,1493,76,67,
32766,5304,1499,70,59,
32766,5305,1508,77,56,
32766,5297,1502,69,58,
32766,5301,1501,71,59,
32766,5298,1506,64,62,
32766,5295,1509,75,52,
32766,5304,1493,80,64,
32766,5306,1506,67,54,
32766,5306,1504,65,53,
32766,5303,1504,67,45,
32766,5297,1501,79,58,
32766,5300,1501,72,61,
32766,5302,1510,53,50,
32766,5304,1503,71,61,
32766,5299,1502,82,51,
32766,5298,1509,74,59,
32766,5304,1512,80,60,
32766,5293,1506,73,53,
32766,5300,1498,79,63,
32766,5306,1499,67,57,
32766,5302,1500,71,64,
32766,5302,1507,71,63,
32766,5300,1504,66,59,
32766,5290,1512,79,47,
32766,5305,1508,75,61,
32766,5297,1502,78,59,
32766,5306,1497,74,61,
32766,5312,1501,65,50,
32766,5297,1503,74,63,
32766,5307,1507,75,53,
32766,5305,1517,73,54,
32766,5301,1506,67,59,
32766,5304,1492,74,48,
32766,5300,1498,62,52,
32766,5304,1509,70,64,
32766,5314,1506,69,54,
32766,5311,1498,62,51,
32766,5303,1498,64,46,
32766,5307,1508,72,60,
32766,5304,1501,67,57,
32766,5297,1511,77,63,
32766,5308,1504,71,61,
32766,5303,1507,64,48,
32766,5310,1509,68,54,
32766,5307,1510,77,53,
32766,5306,1508,64,55,
32766,5305,1510,80,57,
32766,5309,1504,73,58,
32766,5312,1507,76,60,
32766,5305,1505,73,55,
32766,5315,1497,76,57,
32766,5313,1511,76,44,
32766,5305,1503,75,59,
32766,5308,1511,69,58,
32766,5308,1503,70,56,
32766,5305,1508,69,55,
32766,5315,1499,71,65,
32766,5311,1505,68,53,
32766,5311,1504,73,65,
32766,5320,1505,64,58,
32766,5308,1501,64,51,
32766,5316,1511,64,58,
32766,5309,1499,75,63,
32766,5313,1501,66,62,
32766,5315,1497,79,58,
32766,5310,1512,82,57,
32766,5323,1511,72,57,
32766,5302,1509,74,59,
32766,5316,1507,70,61,
32766,5312,1493,76,63,
32766,5309,1503,74,57,
32766,5310,1496,69,56,
32766,5304,1512,76,64,
32766,5302,1504,72,58,
32766,5309,1508,70,49,
32766,5304,1500,69,51,
32766,5305,1501,71,50,
32766,5314,1505,73,52,
32766,5301,1498,64,61,
32766,5307,1513,63,60,
32766,5303,1499,66,57,
32766,5307,1503,77,50,
32766,5309,1504,75,61,
32766,5301,1505,65,44,
32766,5303,1502,73,58,
32766,5308,1509,66,60,
32766,5312,1508,68,54,
32766,5312,1500,72,55,
32766,5313,1513,71,56,
32766,5306,1513,73,65,
32766,5311,1507,71,59,
32766,5314,1508,76,55,
32766,5302,1499,71,56,
32766,5306,1504,68,53,
32766,5308,1500,73,48,
32766,5304,1505,74,63,
32766,5302,1500,75,59,
32766,5306,1499,75,50,
32766,5312,1507,75,58,
32766,5307,1507,72,63,
32766,5312,1504,71,59,
32766,5312,1504,79,66,
32766,5311,1514,78,56,
32766,5307,1507,78,54,
32766,5307,1511,68,55,
32766,5309,1507,79,52,
32766,5304,1491,70,50,
32766,5310,1514,74,54,
32766,5299,1513,67,62,
32766,5300,1503,68,56,
32766,5308,1510,65,60,
32766,5310,1508,79,61,
32766,5312,1515,72,58,
32766,5292,1512,70,56,
32766,5297,1510,72,59,
32766,5311,1511,69,53,
32766,5295,1508,70,54,
32766,5315,1499,65,57,
32766,5301,1511,71,65,
32766,5303,1502,73,53,
32766,5303,1505,77,59,
32766,5300,1506,66,53,
32766,5302,1510,77,61,
32766,5301,1494,63,58,
32766,5296,1502,79,53,
32766,5301,1501,68,60,
32766,5301,1503,77,57,
32766,5298,1495,77,47,
32766,5306,1509,67,49,
32766,5306,1500,69,62,
32766,5303,1502,72,52,
32766,5299,1501,81,55,
32766,5295,1503,57,53,
32766,5303,1494,71,59,
32766,5306,1504,81,55,
32766,5302,1502,70,58,
32766,5292,1513,78,59,
32766,5306,1497,63,57,
32766,5301,1504,70,66,
32766,5304,1512,73,61,
32766,5292,1505,71,58,
32766,5298,1498,75,65,
32766,5301,1509,60,61,
32766,5300,1505,71,52,
32766,5307,1500,69,57,
32766,5302,1509,70,56,
32766,5292,1506,77,60,
32766,5296,1510,70,60,
32766,5300,1517,67,62,
32766,5285,1509,65,59,
32766,5295,1502,70,58,
32766,5292,1501,74,56,
32766,5303,1509,67,55,
32766,5284,1499,71,62,
32766,5300,1501,64,55,
32766,5287,1499,68,60,
32766,5296,1500,72,58,
32766,5287,1511,64,61,
32766,5288,1506,70,59,
32766,5293,1499,79,57,
32766,5299,1509,70,60,
32766,5296,1502,73,57,
32766,5286,1505,62,65,
32766,5287,1495,68,56,
32766,5289,1506,72,57,
32766,5298,1517,76,58,
32766,5289,1503,67,57,
32766,5286,1500,74,58,
32766,5293,1500,64,55,
32766,5302,1513,75,58,
32766,5297,1496,72,52,
32766,5294,1507,79,54,
32766,5291,1515,70,54,
32766,5298,1506,69,55,
32766,5290,1505,75,59,
32766,5305,1506,78,52,
32766,5297,1503,73,51,
32766,5298,1506,67,60,
32766,5299,1494,71,60,
32766,5298,1498,73,56,
32766,5293,1508,67,56,
32766,5303,1507,70,47,
32766,5297,1522,79,57,
32766,5293,1505,69,65,
32766,5298,1505,66,62,
32766,5302,1509,71,63,
32766,5302,1504,69,53,
32766,5295,1494,72,53,
32766,5294,1504,75,54,
32766,5299,1498,73,60,
32766,5274,1508,62,52,
32766,5304,1504,79,50,
32766,5294,1505,61,58,
32766,5296,1511,72,60,
32766,5299,1503,65,53,
32766,5295,1500,73,60,
32766,5303,1513,69,57,
32766,5285,1508,72,54,
32766,5296,1505,81,58,
32766,5302,1504,62,56,
32766,5309,1501,72,56,
32766,5299,1499,69,49,
32766,5298,1506,76,56,
32766,5297,1506,74,57,
32766,5311,1491,68,61,
32766,5302,1503,66,55,
32766,5297,1501,66,59,
32766,5292,1505,68,52,
32766,5303,1500,67,56,
32766,5306,1506,77,51,
32766,5319,1503,72,59,
32766,5310,1506,67,56,
32766,5296,1509,67,64,
32766,5297,1502,72,64,
32766,5299,1501,73,57,
32766,5306,1503,77,64,
32766,5302,1508,72,56,
32766,5309,1515,69,50,
32766,5301,1504,63,53,
32766,5302,1506,65,60,
32766,5306,1502,77,54,
32766,5312,1494,72,56,
32766,5306,1501,75,56,
32766,5305,1513,69,60,
32766,5310,1507,71,57,
32766,5318,1501,76,54,
32766,5309,1501,67,49,
32766,5309,1498,70,52,
32766,5315,1502,78,57,
32766,5294,1507,64,59,
32766,5305,1498,73,56,
32766,5307,1507,69,56,
32766,5305,1505,74,60,
32766,5300,1499,68,58,
32766,5304,1509,74,57,
32766,5304,1510,66,49,
32766,5304,1507,67,50,
32766,5305,1505,64,56,
32766,5304,1505,72,62,
32766,5297,1505,73,41,
32766,5312,1503,76,52,
32766,5304,1504,78,54,
32766,5301,1498,75,57,
32766,5307,1504,74,50,
32766,5312,1509,82,62,
32766,5313,1510,70,56,
32766,5296,1508,74,56,
32766,5310,1501,72,58,
32766,5292,1507,74,55,
32766,5305,1513,68,44,
32766,5301,1503,77,58,
32766,5304,1519,65,55,
32766,5309,1496,79,58,
32766,5308,1501,65,51,
32766,5308,1488,74,63,
32766,5302,1500,81,53,
32766,5310,1506,64,64,
32766,5310,1506,67,53,
32766,5303,1505,57,54,
32766,5309,1506,69,61,
32766,5311,1500,66,62,
32766,5310,1503,68,54,
32766,5302,1502,63,56,
32766,5303,1499,60,58,
32766,5303,1511,66,50,
32766,5305,1498,69,56,
32766,5295,1501,71,52,
32766,5307,1509,77,54,
32766,5304,1514,76,53,
32766,5311,1504,62,51,
32766,5312,1503,62,63,
32766,5303,1505,69,54,
32766,5299,1506,74,58,
32766,5305,1511,74,57,
32766,5299,1504,74,66,
32766,5301,1506,65,47,
32766,5308,1506,71,66,
32766,5310,1500,72,58,
32766,5300,1506,68,57,
32766,5305,1510,65,55,
32766,5309,1493,70,51,
32766,5296,1502,75,62,
32766,5305,1496,83,53,
32766,5297,1504,77,55,
32766,5300,1512,63,56,
32766,5308,1504,75,50,
32766,5309,1500,70,51,
32766,5304,1508,68,56,
32766,5305,1513,64,48,
32766,5310,1500,78,65,
32766,5309,1501,77,62,
32766,5307,1511,65,59,
32766,5315,1503,76,56,
32766,5300,1500,73,54,
32766,5311,1498,64,50,
32766,5312,1506,66,65,
32766,5315,1508,73,57,
32766,5310,1500,76,62,
32766,5305,1509,67,56,
32766,5303,1502,67,55,
32766,5308,1505,69,54,
32766,5315,1496,63,55,
32766,5318,1510,72,59,
32766,5303,1489,66,58,
32766,5302,1508,69,44,
32766,5319,1509,65,58,
32766,5310,1504,69,58,
32766,5307,1499,68,59,
32766,5313,1500,76,66,
32766,5316,1503,72,48,
32766,5303,1506,71,51,
32766,5308,1505,69,52,
32766,5315,1510,73,59,
32766,5314,1494,76,54,
32766,5308,1499,67,47,
32766,5308,1499,71,56,
32766,5307,1504,75,54,
32766,5310,1494,69,57,
32766,5312,1505,74,61,
32766,5306,1496,71,61,
32766,5308,1512,66,57,
32766,5304,1506,68,62,
32766,5321,1511,84,59,
32766,5308,1510,65,57,
32766,5307,1511,80,45,
32766,5307,1507,70,56,
32766,5312,1509,68,59,
32766,5307,1510,72,57,
32766,5312,1499,75,64,
32766,5316,1509,72,58,
32766,5304,1502,78,60,
32766,5311,1502,67,49,
32766,5311,1503,60,64,
32766,5302,1507,73,64,
32766,5313,1498,78,54,
32766,5304,1508,69,53,
32766,5302,1500,68,56,
32766,5295,1513,77,60,
32766,5286,1503,76,51,
32766,5295,1505,71,58,
32766,5310,1509,73,63,
32766,5304,1498,75,55,
32766,5302,1496,62,54,
32766,5295,1497,83,63,
32766,5301,1492,68,50,
32766,5299,1508,68,58,
32766,5303,1497,69,65,
32766,5303,1508,70,59,
32766,5310,1500,72,52,
32766,5307,1502,62,59,
32766,5305,1504,77,64,
32766,5294,1512,66,59,
32766,5301,1500,69,59,
32766,5303,1508,69,50,
32766,5304,1512,64,59,
32766,5293,1507,79,59,
32766,5307,1512,73,50,
32766,5297,1502,73,49,
32766,5304,1500,67,53,
32766,5301,1503,71,64,
32766,5288,1488,74,57,
32766,5303,1495,62,54,
32766,5307,1509,73,64,
32766,5301,1499,69,54,
32766,5307,1505,73,53,
32766,5294,1507,72,51,
32766,5295,1503,73,56,
32766,5289,1503,72,58,
32766,5295,1499,68,53,
32766,5296,1507,70,62,
32766,5304,1510,73,53,
32766,5308,1504,74,55,
32766,5311,1507,73,55,
32766,5302,1506,67,59,
32766,5290,1499,70,62,
32766,5296,1500,68,57,
32766,5293,1500,73,49,
32766,5303,1500,70,55,
32766,5298,1511,69,54,
32766,5296,1501,65,62,
32766,5300,1503,72,48,
32766,5301,1499,75,57,
32766,5298,1501,71,57,
32766,5297,1503,72,62,
32766,5302,1502,75,59,
32766,5298,1497,77,59,
32766,5303,1510,75,65,
32766,5299,1497,77,57,
32766,5299,1509,72,56,
32766,5297,1499,55,47,
32766,5296,1502,69,65,
32766,5304,1496,78,61,
32766,5297,1496,84,54,
32766,5290,1502,65,49,
32766,5304,1507,64,57,
32766,5286,1502,68,50,
32766,5290,1500,78,63,
32766,5289,1504,77,60,
32766,5298,1494,66,64,
32766,5301,1498,79,53,
32766,5304,1502,71,47,
32766,5293,1503,67,47,
32766,5307,1512,68,63,
32766,5291,1509,74,54,
32766,5297,1493,65,53,
32766,5293,1502,74,62,
32766,5290,1507,65,53,
32766,5293,1499,74,52,
32766,5297,1505,71,48,
32766,5295,1503,67,58,
32766,5288,1517,70,57,
32766,5291,1504,73,54,
32766,5296,1507,68,65,
32766,5299,1511,79,61,
32766,5292,1508,68,51,
32766,5285,1508,72,66,
32766,5284,1499,72,57,
32766,5299,1499,76,56,
32766,5294,1502,67,61,
32766,5289,1506,75,57,
32766,5289,1507,74,47,
32766,5286,1506,72,54,
32766,5295,1506,72,59,
32766,5297,1495,70,57,
32766,5281,1497,73,56,
32766,5293,1504,66,62,
32766,5290,1514,75,58,
32766,5293,1511,69,59,
32766,5287,1504,72,58,
32766,5295,1512,79,48,
32766,5294,1506,73,58,
32766,5289,1512,68,53,
32766,5297,1508,72,56,
32766,5300,1501,77,59,
32766,5292,1502,70,60,
32766,5287,1500,73,52,
32766,5297,1499,79,58,
32766,5293,1501,77,53,
32766,5295,1500,73,60,
32766,5297,1499,63,55,
32766,5287,1497,75,61,
32766,5292,1500,68,63,
32766,5289,1496,65,58,
32766,5292,1507,61,49,
32766,5290,1499,75,64,
32766,5280,1503,83,54,
32766,5287,1505,74,52,
32766,5304,1495,70,57,
32766,5300,1508,66,64,
32766,5285,1495,75,57,
32766,5286,1506,75,58,
32766,5299,1518,71,54,
32766,5293,1497,71,55,
32766,5286,1503,80,55,
32766,5294,1502,77,55,
32766,5291,1507,81,62,
32766,5297,1498,84,66,
32766,5307,1507,67,56,
32766,5296,1507,82,52,
32766,5296,1500,76,62,
32766,5292,1509,62,56,
32766,5292,1503,82,54,
32766,5296,1498,70,52,
32766,5292,1504,76,48,
32766,5290,1503,68,49,
32766,5294,1492,69,59,
32766,5290,1502,68,52,
32766,5289,1500,73,56,
32766,5288,1503,65,56,
32766,5296,1507,72,59,
32766,5306,1498,67,55,
32766,5293,1506,69,72,
32766,5285,1507,72,52,
32766,5290,1506,74,53,
32766,5284,1509,77,54,
32766,5286,1504,72,55,
32766,5296,1490,66,68,
32766,5290,1503,68,59,
32766,5293,1505,81,55,
32766,5289,1507,72,56,
32766,5299,1498,64,58,
32766,5293,1500,74,64,
32766,5288,1510,72,50,
32766,5291,1513,70,58,
32766,5299,1501,76,61,
32766,5296,1500,71,53,
32766,5287,1503,67,56,
32766,5299,1503,73,61,
32766,5288,1501,74,50,
32766,5293,1499,76,60,
32766,5292,1504,66,57,
32766,5291,1506,66,63,
32766,5292,1506,69,49,
32766,5297,1504,66,60,
32766,5286,1504,67,54,
32766,5297,1504,63,51,
32766,5297,1498,67,60,
32766,5303,1507,79,55,
32766,5287,1504,75,49,
32766,5303,1504,74,60,
32766,5294,1499,78,57,
32766,5298,1500,70,50,
32766,5289,1494,65,60,
32766,5294,1509,70,49,
32766,5290,1497,78,53,
32766,5295,1497,72,59,
32766,5279,1508,66,63,
32766,5295,1492,77,53,
32766,5293,1501,59,59,
32766,5303,1503,73,64,
32766,5292,1507,68,55,
32766,5289,1504,76,57,
32766,5292,1500,72,60,
32766,5287,1495,66,57,
32766,5295,1503,70,60,
32766,5300,1498,63,64,
32766,5296,1506,67,55,
32766,5287,1501,61,61,
32766,5289,1494,76,59,
32766,5299,1499,76,54,
32766,5293,1496,67,53,
32766,5287,1500,67,55,
32766,5299,1500,68,60,
32766,5298,1498,73,57,
32766,5298,1498,70,52,
32766,5290,1498,66,54,
32766,5295,1494,71,61,
32766,5295,1493,75,51,
32766,5298,1503,77,57,
32766,5292,1495,63,62,
32766,5292,1505,77,54,
32766,5303,1491,70,57,
32766,5295,1505,71,51,
32766,5295,1498,80,63,
32766,5291,1507,73,53,
32766,5305,1506,55,58,
32766,5307,1504,81,60,
32766,5305,1503,66,51,
32766,5293,1504,79,63,
32766,5295,1498,73,54,
32766,5293,1504,76,61,
32766,5299,1503,70,49,
32766,5299,1500,62,61,
32766,5298,1492,81,51,
32766,5300,1496,68,46,
32766,5297,1500,75,64,
32766,5297,1492,73,55,
32766,5291,1498,67,58,
32766,5289,1493,70,56,
32766,5294,1506,68,58,
32766,5301,1504,73,53,
32766,5291,1494,80,53,
32766,5293,1493,67,58,
32766,5298,1504,68,48,
32766,5298,1501,68,54,
32766,5291,1501,67,58,
32766,5306,1501,77,65,
32766,5293,1500,70,58,
32766,5292,1501,70,59,
32766,5288,1499,69,57,
32766,5298,1505,64,50,
32766,5295,1498,70,52,
32766,5294,1501,75,63,
32766,5301,1508,68,45,
32766,5300,1495,73,61,
32766,5297,1504,77,45,
32766,5295,1496,72,60,
32766,5300,1501,80,64,
32766,5295,1504,69,57,
32766,5297,1499,64,56,
32766,5297,1501,75,58,
32766,5288,1498,68,63,
32766,5285,1507,75,59,
32766,5292,1500,70,56,
32766,5291,1499,70,53,
32766,5294,1507,72,62,
32766,5290,1496,70,59,
32766,5287,1489,77,56,
32766,5288,1506,68,59,
32766,5290,1507,61,55,
32766,5287,1491,73,54,
32766,5285,1501,70,52,
32766,5291,1492,76,55,
32766,5291,1493,66,55,
32766,5297,1510,76,57,
32766,5294,1505,67,57,
32766,5297,1499,68,57,
32766,5296,1508,72,63,
32766,5291,1508,60,58,
32766,5302,1503,68,53,
32766,5303,1497,70,55,
32766,5301,1503,69,59,
32766,5299,1508,63,57,
32766,5288,1500,64,47,
32766,5303,1492,75,56,
32766,5288,1503,76,52,
32766,5293,1492,75,52,
32766,5299,1497,71,50,
32766,5293,1497,72,57,
32766,5298,1500,71,58,
32766,5294,1488,72,56,
32766,5292,1491,65,57,
32766,5300,1503,63,52,
32766,5295,1497,72,60,
32766,5300,1506,74,54,
32766,5296,1497,68,55,
32766,5293,1507,73,55,
32766,5285,1502,62,63,
32766,5293,1498,76,53,
32766,5301,1500,75,57,
32766,5297,1512,69,53,
32766,5290,1505,74,54,
32766,5292,1508,67,57,
32766,5300,1504,71,63,
32766,5301,1495,78,57,
32766,5300,1501,63,65,
32766,5300,1500,67,55,
32766,5291,1491,73,55,
32766,5295,1494,64,47,
32766,5300,1503,75,63,
32766,5283,1496,69,51,
32766,5293,1495,67,56,
32766,5300,1499,72,57,
32766,5287,1499,75,56,
32766,5288,1501,67,55,
32766,5291,1499,75,50,
32766,5280,1501,77,51,
32766,5290,1504,71,53,
32766,5284,1495,74,62,
32766,5282,1493,64,52,
32766,5293,1506,69,58,
32766,5291,1493,71,57,
32766,5283,1493,72,61,
32766,5285,1499,64,68,
32766,5290,1493,70,60,
32766,5284,1496,69,57,
32766,5284,1488,62,53,
32766,5279,1496,82,62,
32766,5293,1494,62,58,
32766,5284,1503,67,50,
32766,5287,1496,77,56,
32766,5285,1499,71,57,
32766,5283,1492,75,56,
32766,5287,1495,77,58,
32766,5290,1495,80,54,
32766,5276,1493,74,59,
32766,5293,1501,69,69,
32766,5280,1498,71,58,
32766,5285,1493,75,59,
32766,5289,1500,62,54,
32766,5277,1500,65,56,
32766,5283,1492,64,53,
32766,5283,1502,69,47,
32766,5276,1496,67,51,
32766,5282,1503,78,58,
32766,5290,1495,69,57,
32766,5284,1504,67,60,
32766,5285,1505,70,57,
32766,5279,1501,70,48,
32766,5287,1492,63,64,
32766,5279,1500,71,64,
32766,5281,1504,70,60,
32766,5281,1494,76,56,
32766,5283,1496,68,63,
32766,5285,1501,64,69,
32766,5285,1495,66,60,
32766,5283,1503,65,70,
32766,5279,1498,67,59,
32766,5283,1503,78,55,
32766,5281,1499,72,57,
32766,5285,1498,64,57,
32766,5291,1509,79,54,
32766,5282,1505,72,50,
32766,5273,1496,74,60,
32766,5274,1501,73,65,
32766,5288,1492,69,56,
32766,5277,1491,70,59,
32766,5278,1500,78,59,
32766,5275,1495,69,63,
32766,5277,1510,68,64,
32766,5284,1505,68,56,
32766,5278,1498,73,58,
32766,5282,1499,75,59,
32766,5282,1500,76,55,
32766,5286,1498,72,55,
32766,5298,1497,63,62,
32766,5293,1496,64,55,
32766,5289,1500,72,54,
32766,5288,1487,65,51,
32766,5289,1494,61,47,
32766,5284,1497,72,59,
32766,5288,1491,70,58,
32766,5287,1491,74,58,
32766,5291,1499,65,63,
32766,5274,1499,62,53,
32766,5280,1500,74,62,
32766,5293,1491,69,57,
32766,5291,1497,76,52,
32766,5284,1501,71,52,
32766,5281,1506,77,66,
32766,5291,1495,77,62,
32766,5286,1493,73,53,
32766,5277,1490,71,59,
32766,5279,1496,78,59,
32766,5292,1499,68,49,
32766,5275,1487,78,57,
32766,5282,1500,72,47,
32766,5284,1498,72,60,
32766,5276,1493,76,65,
32766,5284,1502,70,57,
32766,5282,1487,67,60,
32766,5283,1506,73,60,
32766,5285,1494,76,52,
32766,5279,1495,69,61,
32766,5285,1500,69,49,
32766,5282,1499,72,59,
32766,5292,1494,79,52,
32766,5282,1500,74,55,
32766,5276,1505,78,59,
32766,5291,1501,65,62,
32766,5288,1500,77,61,
32766,5286,1492,66,62,
32766,5291,1495,74,56,
32766,5287,1492,65,59,
32766,5285,1498,59,51,
32766,5287,1497,63,52,
32766,5290,1498,78,57,
32766,5275,1492,81,56,
32766,5279,1492,75,55,
32766,5287,1499,75,58,
32766,5284,1491,68,54,
32766,5292,1505,70,61,
32766,5283,1502,66,53,
32766,5293,1497,71,44,
32766,5280,1496,67,54,
32766,5278,1499,71,64,
32766,5277,1488,70,54,
32766,5278,1496,69,61,
32766,5281,1501,67,59,
32766,5294,1504,74,56,
32766,5280,1492,77,50,
32766,5278,1496,73,51,
32766,5283,1496,73,55,
32766,5281,1499,64,62,
32766,5275,1497,68,52,
32766,5285,1501,71,63,
32766,5285,1491,70,55,
32766,5281,1491,65,61,
32766,5282,1495,73,54,
32766,5280,1495,76,63,
32766,5280,1497,71,62,
32766,5291,1498,78,63,
32766,5292,1486,73,61,
32766,5289,1496,69,50,
32766,5280,1490,63,65,
32766,5286,1500,74,53,
32766,5290,1496,62,54,
32766,5294,1498,77,60,
32766,5281,1504,69,62,
32766,5283,1504,62,54,
32766,5289,1493,62,53,
32766,5294,1490,74,57,
32766,5294,1488,75,60,
32766,5282,1496,81,55,
32766,5286,1496,64,58,
32766,5285,1497,73,55,
32766,5284,1496,80,58,
32766,5282,1484,63,56,
32766,5293,1500,75,54,
32766,5290,1500,67,61,
32766,5288,1493,79,56,
32766,5292,1501,70,52,
32766,5287,1489,67,54,
32766,5289,1497,69,62,
32766,5284,1501,64,59,
32766,5285,1500,67,60,
32766,5287,1506,70,58,
32766,5293,1502,66,58,
32766,5285,1490,66,60,
32766,5293,1501,75,61,
32766,5294,1499,72,52,
32766,5281,1501,62,53,
32766,5288,1485,79,56,
32766,5290,1500,55,59,
32766,5285,1499,65,66,
32766,5281,1494,68,54,
32766,5282,1489,71,50,
32766,5282,1499,73,51,
32766,5286,1498,67,59,
32766,5295,1490,65,56,
32766,5290,1496,66,53,
32766,5286,1493,71,51,
32766,5288,1485,71,59,
32766,5293,1488,68,59,
32766,5277,1489,67,52,
32766,5289,1499,71,61,
32766,5279,1498,67,53,
32766,5284,1496,75,55,
32766,5292,1495,76,59,
32766,5285,1502,70,50,
32766,5275,1498,65,50,
32766,5298,1502,69,43,
32766,5285,1494,60,48,
32766,5296,1492,66,59,
32766,5289,1491,69,58,
32766,5289,1495,63,57,
32766,5289,1493,70,43,
32766,5275,1491,73,63,
32766,5297,1497,68,60,
32766,5280,1492,73,57,
32766,5282,1495,70,62,
32766,5275,1503,69,53,
32766,5282,1499,67,58,
32766,5284,1494,67,58,
32766,5286,1491,79,55,
32766,5288,1497,71,56,
32766,5280,1496,57,49,
32766,5292,1496,66,53,
32766,5291,1492,66,57,
32766,5288,1495,84,68,
32766,5286,1497,70,49,
32766,5292,1495,82,50,
32766,5288,1502,75,56,
32766,5288,1497,73,65,
32766,5296,1501,74,51,
32766,5293,1492,76,54,
32766,5283,1501,76,60,
32766,5284,1493,81,59,
32766,5297,1498,66,53,
32766,5276,1489,75,51,
32766,5287,1508,77,54,
32766,5288,1494,67,51,
32766,5278,1500,68,51,
32766,5288,1484,64,54,
32766,5292,1498,76,50,
32766,5290,1494,76,57,
32766,5295,1494,61,57,
32766,5292,1500,70,61,
32766,5289,1498,79,56,
32766,5285,1497,77,64,
32766,5299,1496,70,52,
32766,5291,1490,69,51,
32766,5298,1493,74,55,
32766,5296,1502,71,53,
32766,5293,1496,62,63,
32766,5288,1489,69,52,
32766,5287,1494,76,63,
32766,5293,1483,70,59,
32766,5303,1484,64,56,
32766,5292,1503,65,58,
32766,5293,1492,68,59,
32766,5290,1505,60,57,
32766,5279,1486,80,46,
32766,5292,1489,76,56,
32766,5281,1482,58,46,
32766,5286,1498,71,59,
32766,5295,1487,66,52,
32766,5295,1500,71,55,
32766,5288,1492,64,52,
32766,5292,1505,70,48,
32766,5293,1485,68,55,
32766,5285,1492,81,59,
32766,5283,1499,70,54,
32766,5281,1486,75,54,
32766,5292,1492,67,60,
32766,5285,1492,71,60,
32766,5289,1485,69,55,
32766,5282,1493,80,63,
32766,5291,1489,70,60,
32766,5285,1491,75,61,
32766,5286,1490,68,55,
32766,5282,1493,67,57,
32766,5287,1488,72,58,
32766,5282,1494,62,46,
32766,5294,1491,66,61,
32766,5293,1493,70,55,
32766,5282,1500,75,62,
32766,5279,1503,69,64,
32766,5286,1494,68,62,
32766,5290,1501,75,57,
32766,5287,1494,74,52,
32766,5283,1495,72,59,
32766,5285,1492,64,55,
32766,5285,1491,64,60,
32766,5278,1490,74,54,
32766,5290,1499,71,59,
32766,5284,1491,81,60,
32766,5288,1487,72,54,
32766,5276,1501,63,60,
32766,5294,1488,64,50,
32766,5288,1495,76,57,
32766,5281,1494,71,58,
32766,5278,1502,72,59,
32766,5285,1495,73,65,
32766,5287,1500,63,47,
32766,5281,1501,66,55,
32766,5275,1492,69,58,
32766,5279,1497,76,56,
32766,5285,1500,66,55,
32766,5282,1482,63,50,
32766,5291,1499,64,53,
32766,5283,1504,74,44,
32766,5286,1497,71,59,
32766,5275,1493,72,54,
32766,5272,1492,70,59,
32766,5281,1495,67,61,
32766,5282,1494,61,64,
32766,5282,1494,69,60,
32766,5289,1495,69,55,
32766,5274,1501,71,62,
32766,5271,1497,79,54,
32766,5277,1495,67,61,
32766,5273,1494,72,59,
32766,5273,1499,71,53,
32766,5278,1497,67,63,
32766,5274,1484,68,58,
32766,5280,1490,67,59,
32766,5282,1488,63,55,
32766,5277,1490,69,54,
32766,5281,1488,73,62,
32766,5284,1494,65,49,
32766,5280,1493,70,55,
32766,5285,1490,71,55,
32766,5277,1494,70,56,
32766,5286,1499,74,53,
32766,5285,1501,75,61,
32766,5283,1496,70,57,
32766,5279,1490,79,58,
32766,5295,1500,78,57,
32766,5286,1492,64,55,
32766,5271,1485,62,62,
32766,5280,1494,70,55,
32766,5284,1499,77,55,
32766,5281,1494,78,54,
32766,5283,1487,71,62,
32766,5279,1492,72,50,
32766,5278,1488,74,59,
32766,5274,1491,65,52,
32766,5276,1480,73,63,
32766,5283,1493,72,57,
32766,5278,1492,71,54,
32766,5275,1477,67,57,
32766,5281,1495,68,56,
32766,5275,1500,75,65,
32766,5274,1495,57,65,
32766,5288,1484,84,57,
32766,5286,1495,64,57,
32766,5276,1493,61,58,
32766,5287,1495,77,60,
32766,5278,1497,72,60,
32766,5285,1487,72,57,
32766,5287,1493,81,46,
32766,5276,1483,64,45,
32766,5282,1492,61,60,
32766,5281,1494,72,56,
32766,5278,1484,73,56,
32766,5270,1478,76,55,
32766,5275,1492,79,58,
32766,5281,1498,70,56,
32766,5284,1486,67,55,
32766,5287,1491,63,59,
32766,5280,1500,75,52,
32766,5277,1483,68,58,
32766,5276,1495,68,61,
32766,5279,1490,69,44,
32766,5285,1491,69,57,
32766,5276,1495,75,52,
32766,5276,1491,66,50,
32766,5270,1494,72,59,
32766,5280,1490,71,52,
32766,5275,1499,68,55,
32766,5268,1497,71,68,
32766,5285,1491,78,60,
32766,5279,1493,67,68,
32766,5284,1492,66,51,
32766,5274,1490,71,55,
32766,5280,1502,72,47,
32766,5273,1497,69,50,
32766,5274,1488,81,60,
32766,5280,1496,70,66,
32766,5285,1495,76,59,
32766,5290,1492,69,60,
32766,5285,1487,62,47,
32766,5282,1501,70,57,
32766,5284,1487,70,56,
32766,5283,1493,66,56,
32766,5284,1486,62,56,
32766,5283,1496,75,55,
32766,5278,1497,68,63,
32766,5282,1492,76,52,
32766,5280,1493,69,60,
32766,5286,1498,63,49,
32766,5281,1491,71,58,
32766,5290,1489,70,66,
32766,5278,1491,74,64,
32766,5270,1503,76,62,
32766,5276,1496,71,57,
32766,5273,1499,72,50,
32766,5280,1491,62,45,
32766,5285,1494,77,58,
32766,5288,1494,60,57,
32766,5277,1499,74,57,
32766,5276,1496,70,54,
32766,5289,1488,73,54,
32766,5279,1495,68,56,
32766,5276,1485,68,52,
32766,5283,1489,73,57,
32766,5278,1476,67,58,
32766,5292,1488,76,51,
32766,5289,1494,68,59,
32766,5286,1485,68,46,
32766,5298,1487,75,57,
32766,5291,1497,79,51,
32766,5283,1486,74,52,
32766,5289,1495,67,60,
32766,5278,1484,73,53,
32766,5284,1500,68,63,
32766,5277,1490,62,56,
32766,5283,1484,66,60,
32766,5277,1496,58,59,
32766,5281,1489,68,61,
32766,5282,1487,71,53,
32766,5284,1492,77,59,
32766,5289,1489,76,57,
32766,5287,1489,70,54,
32766,5276,1497,75,48,
32766,5280,1495,75,58,
32766,5283,1487,76,57,
32766,5280,1489,70,50,
32766,5278,1487,67,59,
32766,5284,1490,73,53,
32766,5290,1486,73,59,
32766,5274,1491,63,59,
32766,5281,1492,69,55,
32766,5272,1492,71,60,
32766,5275,1487,72,56,
32766,5277,1492,73,60,
32766,5275,1497,71,66,
32766,5285,1489,70,47,
32766,5282,1493,70,52,
32766,5276,1488,61,67,
32766,5273,1493,73,66,
32766,5276,1498,68,58,
32766,5281,1489,82,61,
32766,5273,1476,75,48,
32766,5277,1490,73,49,
32766,5275,1491,63,54,
32766,5275,1486,62,44,
32766,5284,1497,61,64,
32766,5273,1488,70,53,
32766,5273,1502,69,52,
32766,5282,1488,71,56,
32766,5268,1495,78,63,
32766,5280,1486,70,49,
32766,5268,1490,72,51,
32766,5278,1494,74,58,
32766,5283,1491,76,48,
32766,5275,1499,67,63,
32766,5280,1486,74,59,
32766,5281,1486,65,50,
32766,5277,1493,70,58,
32766,5278,1487,65,55,
32766,5284,1490,72,53,
32766,5281,1499,72,44,
32766,5286,1482,73,67,
32766,5274,1490,70,57,
32766,5276,1496,68,60,
32766,5279,1495,63,68,
32766,5278,1501,67,49,
32766,5281,1487,63,56,
32766,5272,1490,67,61,
32766,5291,1487,64,53,
32766,5284,1492,71,52,
32766,5279,1494,80,53,
32766,5282,1490,69,54,
32766,5278,1483,73,58,
32766,5280,1486,66,47,
32766,5275,1488,68,53,
32766,5280,1487,81,61,
32766,5282,1486,82,61,
32766,5289,1493,78,55,
32766,5278,1488,68,52,
32766,5280,1497,71,52,
32766,5283,1498,70,54,
32766,5281,1492,69,60,
32766,5284,1492,68,53,
32766,5294,1497,73,59,
32766,5277,1496,78,45,
32766,5285,1491,78,54,
32766,5275,1492,68,41,
32766,5284,1489,81,48,
32766,5286,1494,81,56,
32766,5291,1496,71,57,
32766,5284,1493,69,57,
32766,5283,1496,65,59,
32766,5281,1496,71,50,
32766,5280,1483,66,53,
32766,5282,1488,80,57,
32766,5284,1488,67,55,
32766,5283,1490,69,57,
32766,5291,1487,73,54,
32766,5280,1489,74,67,
32766,5284,1489,72,51,
32766,5290,1487,65,51,
32766,5292,1488,78,54,
32766,5278,1485,70,55,
32766,5276,1492,74,57,
32766,5281,1492,64,56,
32766,5284,1485,71,58,
32766,5286,1493,72,53,
32766,5285,1496,71,55,
32766,5292,1494,70,50,
32766,5285,1484,67,59,
32766,5289,1499,65,58,
32766,5292,1476,65,56,
32766,5293,1497,73,56,
32766,5292,1491,68,61,
32766,5291,1490,58,54,
32766,5285,1486,67,63,
32766,5285,1493,70,55,
32766,5286,1486,73,61,
32766,5282,1493,75,49,
32766,5281,1489,80,55,
32766,5285,1495,63,47,
32766,5283,1495,74,54,
32766,5279,1491,66,54,
32766,5289,1484,73,54,
32766,5294,1493,63,54,
32766,5282,1483,64,63,
32766,5276,1497,68,63,
32766,5282,1487,69,46,
32766,5284,1496,74,62,
32766,5281,1492,66,63,
32766,5276,1494,66,49,
32766,5279,1490,67,52,
32766,5272,1492,80,52,
32766,5291,1486,75,53,
32766,5285,1487,74,52,
32766,5276,1493,79,55,
32766,5289,1490,76,51,
32766,5278,1501,72,65,
32766,5268,1480,62,55,
32766,5282,1490,68,53,
32766,5284,1494,72,70,
32766,5281,1482,67,58,
32766,5279,1491,71,57,
32766,5277,1489,80,60,
32766,5278,1486,79,59,
32766,5281,1485,56,58,
32766,5276,1491,77,63,
32766,5281,1485,72,52,
32766,5290,1486,66,59,
32766,5277,1505,73,68,
32766,5280,1489,69,51,
32766,5284,1490,66,59,
32766,5282,1489,73,61,
32766,5283,1494,74,56,
32766,5282,1489,75,58,
32766,5291,1484,75,49,
32766,5284,1492,69,59,
32766,5280,1486,66,55,
32766,5275,1489,67,55,
32766,5276,1493,71,66,
32766,5274,1479,78,67,
32766,5272,1486,70,59,
32766,5274,1491,72,49,
32766,5279,1498,70,55,
32766,5273,1498,76,63,
32766,5272,1481,68,59,
32766,5282,1486,69,51,
32766,5276,1496,65,64,
32766,5288,1482,70,53,
32766,5270,1499,71,59,
32766,5282,1487,59,53,
32766,5279,1483,70,59,
32766,5275,1489,76,52,
32766,5285,1484,70,50,
32766,5275,1494,72,59,
32766,5278,1492,72,55,
32766,5277,1494,82,62,
32766,5277,1490,66,57,
32766,5265,1490,70,58,
32766,5272,1487,75,54,
32766,5274,1487,69,57,
32766,5279,1483,69,59,
32766,5278,1483,66,55,
32766,5283,1487,74,58,
32766,5273,1489,72,51,
32766,5276,1497,72,58,
32766,5273,1487,62,49,
32766,5273,1488,64,50,
32766,5268,1492,68,53,
32766,5274,1483,75,59,
32766,5279,1489,69,57,
32766,5272,1481,76,63,
32766,5284,1484,72,57,
32766,5266,1488,64,63,
32766,5283,1488,69,66,
32766,5267,1488,71,56,
32766,5275,1484,75,48,
32766,5284,1495,64,61,
32766,5269,1483,68,49,
32766,5267,1489,76,59,
32766,5270,1485,67,57,
32766,5273,1483,74,60,
32766,5273,1487,69,54,
32766,5266,1489,59,50,
32766,5290,1482,77,50,
32766,5267,1488,83,55,
32766,5276,1485,73,55,
32766,5267,1494,71,70,
32766,5271,1489,70,56,
32766,5277,1485,81,62,
32766,5276,1487,77,57,
32766,5275,1481,66,57,
32766,5268,1494,65,52,
32766,5280,1490,75,43,
32766,5271,1474,68,52,
32766,5281,1487,66,55,
32766,5268,1489,68,52,
32766,5263,1490,64,63,
32766,5290,1489,77,64,
32766,5266,1486,81,55,
32766,5275,1484,62,55,
32766,5277,1486,75,47,
32766,5280,1481,87,49,
32766,5277,1488,69,55,
32766,5282,1496,64,46,
32766,5276,1484,71,66,
32766,5261,1489,71,53,
32766,5269,1504,67,62,
32766,5273,1484,62,50,
32766,5270,1491,74,58,
32766,5272,1487,70,53,
32766,5278,1500,71,45,
32766,5279,1475,70,57,
32766,5271,1485,73,54,
32766,5278,1491,74,55,
32766,5279,1490,81,59,
32766,5278,1493,69,60,
32766,5274,1496,85,54,
32766,5275,1483,60,47,
32766,5268,1494,62,61,
32766,5278,1490,71,61,
32766,5269,1488,67,56,
32766,5274,1496,68,55,
32766,5278,1484,72,52,
32766,5277,1489,74,58,
32766,5275,1482,68,57,
32766,5273,1482,79,56,
32766,5280,1488,76,56,
32766,5275,1489,66,63,
32766,5284,1485,59,48,
32766,5276,1485,69,58,
32766,5275,1484,73,60,
32766,5283,1488,69,48,
32766,5268,1488,70,54,
32766,5268,1488,72,44,
32766,5273,1491,65,54,
32766,5279,1488,65,56,
32766,5282,1483,75,49,
32766,5272,1483,73,50,
32766,5275,1489,72,62,
32766,5279,1481,70,56,
32766,5278,1488,65,55,
32766,5279,1493,74,62,
32766,5263,1483,72,48,
32766,5280,1488,62,58,
32766,5285,1488,62,54,
32766,5283,1486,67,60,
32766,5280,1482,70,56,
32766,5282,1491,69,49,
32766,5278,1487,67,48,
32766,5280,1478,67,55,
32766,5278,1494,67,53,
32766,5281,1489,68,57,
32766,5282,1502,76,62,
32766,5281,1495,65,61,
32766,5283,1486,69,61,
32766,5278,1486,76,61,
32766,5285,1496,74,59,
32766,5273,1479,72,62,
32766,5284,1489,65,66,
32766,5266,1485,73,51,
32766,5279,1481,66,60,
32766,5282,1487,68,59,
32766,5277,1485,69,60,
32766,5283,1489,69,58,
32766,5286,1488,63,53,
32766,5276,1487,70,60,
32766,5278,1491,75,62,
32766,5276,1490,70,47,
32766,5283,1487,65,50,
32766,5281,1480,74,55,
32766,5279,1485,72,51,
32766,5277,1486,67,62,
32766,5274,1495,72,53,
32766,5275,1488,75,66,
32766,5272,1497,65,54,
32766,5274,1482,80,58,
32766,5270,1486,70,55,
32766,5273,1489,71,57,
32766,5272,1489,68,51,
32766,5274,1481,68,54,
32766,5274,1486,81,51,
32766,5276,1490,68,52,
32766,5281,1481,69,61,
32766,5279,1492,65,55,
32766,5277,1489,70,52,
32766,5276,1488,74,55,
32766,5273,1490,69,51,
32766,5271,1485,70,55,
32766,5276,1487,69,56,
32766,5285,1484,69,59,
32766,5278,1479,81,43,
32766,5282,1494,62,61,
32766,5278,1483,76,55,
32766,5279,1492,74,57,
32766,5280,1489,63,62,
32766,5282,1484,67,59,
32766,5280,1487,66,62,
32766,5275,1482,68,59,
32766,5273,1484,70,53,
32766,5282,1487,69,50,
32766,5271,1488,78,58,
32766,5274,1490,75,56,
32766,5280,1478,67,50,
32766,5280,1477,65,60,
32766,5277,1488,61,57,
32766,5271,1490,66,59,
32766,5270,1488,80,55,
32766,5285,1491,75,57,
32766,5268,1490,61,56,
32766,5267,1480,72,55,
32766,5279,1491,58,55,
32766,5283,1492,70,50,
32766,5272,1492,71,47,
32766,5282,1484,72,52,
32766,5278,1495,64,54,
32766,5282,1484,77,50,
32766,5282,1481,68,52,
32766,5280,1490,71,54,
32766,5281,1481,78,55,
32766,5275,1482,73,61,
32766,5274,1477,74,50,
32766,5270,1484,65,51,
32766,5280,1472,66,66,
32766,5279,1483,61,56,
32766,5284,1480,70,54,
32766,5283,1480,75,56,
32766,5276,1489,76,48,
32766,5273,1484,70,48,
32766,5276,1488,69,50,
32766,5272,1479,66,66,
32766,5286,1488,69,48,
32766,5280,1480,61,52,
32766,5276,1488,69,64,
32766,5274,1478,65,57,
32766,5285,1488,66,58,
32766,5282,1488,69,52,
32766,5271,1490,65,50,
32766,5283,1487,75,57,
32766,5280,1479,68,48,
32766,5266,1486,78,59,
32766,5279,1487,61,58,
32766,5271,1488,76,54,
32766,5276,1484,76,60,
32766,5279,1477,80,52,
32766,5278,1496,72,51,
32766,5280,1492,68,50,
32766,5281,1485,75,57,
32766,5279,1490,70,65,
32766,5277,1477,70,56,
32766,5266,1480,72,47,
32766,5265,1490,69,59,
32766,5282,1487,65,62,
32766,5280,1484,60,54,
32766,5267,1488,71,49,
32766,5268,1497,73,59,
32766,5268,1487,71,60,
32766,5269,1489,77,53,
32766,5271,1487,67,54,
32766,5286,1488,72,55,
32766,5280,1484,81,56,
32766,5273,1482,64,56,
32766,5282,1483,70,45,
32766,5274,1480,67,57,
32766,5277,1482,71,59,
32766,5278,1487,65,49,
32766,5280,1483,69,62,
32766,5269,1485,78,51,
32766,5278,1483,65,54,
32766,5278,1487,74,54,
32766,5287,1486,68,53,
32766,5277,1483,69,45,
32766,5272,1492,72,61,
32766,5281,1481,66,58,
32766,5286,1487,72,56,
32766,5266,1485,69,49,
32766,5272,1494,67,62,
32766,5274,1482,71,60,
32766,5272,1486,72,56,
32766,5274,1489,60,47,
32766,5274,1483,65,50,
32766,5280,1488,66,58,
32766,5271,1488,80,56,
32766,5269,1482,69,60,
32766,5274,1487,76,56,
32766,5279,1481,70,57,
32766,5276,1488,71,56,
32766,5270,1484,72,59,
32766,5277,1480,75,58,
32766,5277,1484,69,48,
32766,5277,1481,73,49,
32766,5272,1485,78,55,
32766,5273,1486,66,60,
32766,5279,1490,69,44,
32766,5270,1478,68,55,
32766,5280,1478,70,66,
32766,5272,1483,71,54,
32766,5279,1487,64,56,
32766,5272,1493,79,47,
32766,5273,1473,70,54,
32766,5271,1486,69,55,
32766,5271,1484,76,50,
32766,5269,1475,64,64,
32766,5266,1485,67,51,
32766,5266,1479,71,45,
32766,5266,1484,75,49,
32766,5262,1480,74,67,
32766,5268,1479,65,59,
32766,5281,1480,76,62,
32766,5265,1488,66,59,
32766,5264,1482,69,66,
32766,5269,1485,68,51,
32766,5274,1478,68,59,
32766,5266,1489,82,54,
32766,5264,1474,76,49,
32766,5264,1483,66,47,
32766,5266,1483,71,54,
32766,5268,1476,57,42,
32766,5264,1488,62,60,
32766,5265,1479,73,51,
32766,5255,1471,74,60,
32766,5262,1476,70,47,
32766,5258,1493,62,70,
32766,5262,1495,69,61,
32766,5269,1481,71,53,
32766,5274,1480,66,54,
32766,5263,1485,81,62,
32766,5261,1471,66,55,
32766,5257,1486,75,60,
32766,5253,1481,73,63,
32766,5268,1480,71,59,
32766,5269,1484,71,63,
32766,5257,1487,73,58,
32766,5262,1478,65,57,
32766,5257,1482,68,59,
32766,5255,1481,76,51,
32766,5264,1488,74,52,
32766,5267,1482,72,47,
32766,5258,1476,76,53,
32766,5256,1476,69,60,
32766,5249,1480,72,57,
32766,5261,1475,66,49,
32766,5250,1486,71,59,
32766,5266,1490,74,62,
32766,5263,1482,74,62,
32766,5258,1479,84,51,
32766,5256,1485,67,61,
32766,5254,1482,60,50,
32766,5268,1478,68,54,
32766,5266,1483,76,57,
32766,5253,1482,71,54,
32766,5266,1481,71,63,
32766,5256,1480,78,56,
32766,5260,1479,73,49,
32766,5255,1474,69,57,
32766,5266,1486,67,46,
32766,5260,1482,77,55,
32766,5259,1473,59,60,
32766,5264,1485,79,59,
32766,5264,1487,70,47,
32766,5247,1473,79,49,
32766,5262,1477,70,53,
32766,5265,1480,63,49,
32766,5265,1485,59,61,
32766,5259,1487,80,55,
32766,5257,1490,76,51,
32766,5263,1484,65,55,
32766,5259,1482,66,49,
32766,5263,1488,70,49,
32766,5248,1489,70,58,
32766,5258,1486,72,57,
32766,5249,1482,68,54,
32766,5256,1481,64,54,
32766,5257,1488,65,53,
32766,5266,1497,77,57,
32766,5262,1481,68,61,
32766,5254,1485,78,55,
32766,5267,1481,65,54,
32766,5266,1482,71,54,
32766,5259,1495,66,53,
32766,5255,1478,65,58,
32766,5260,1481,59,57,
32766,5272,1476,73,44,
32766,5257,1477,66,52,
32766,5259,1485,67,68,
32766,5258,1476,72,61,
32766,5261,1479,79,49,
32766,5264,1481,69,44,
32766,5265,1486,72,57,
32766,5262,1483,74,59,
32766,5261,1480,73,57,
32766,5268,1476,65,62,
32766,5254,1480,70,69,
32766,5261,1477,73,57,
32766,5259,1477,68,58,
32766,5264,1475,65,59,
32766,5267,1481,67,62,
32766,5270,1472,67,58,
32766,5262,1494,75,50,
32766,5260,1479,75,57,
32766,5262,1475,77,54,
32766,5261,1479,62,57,
32766,5267,1473,62,52,
32766,5265,1481,62,54,
32766,5271,1492,67,53,
32766,5266,1480,75,55,
32766,5251,1478,70,50,
32766,5269,1478,70,55,
32766,5260,1472,68,52,
32766,5261,1481,75,61,
32766,5274,1478,71,61,
32766,5261,1480,65,63,
32766,5257,1482,63,48,
32766,5267,1474,64,48,
32766,5269,1480,68,55,
32766,5251,1483,77,62,
32766,5271,1478,72,57,
32766,5258,1478,70,49,
32766,5261,1482,71,63,
32766,5269,1477,64,59,
32766,5257,1487,66,46,
32766,5266,1482,73,54,
32766,5266,1478,77,63,
32766,5265,1483,74,66,
32766,5261,1480,75,50,
32766,5266,1480,74,59,
32766,5262,1491,74,59,
32766,5263,1478,70,57,
32766,5262,1479,75,55,
32766,5261,1484,61,60,
32766,5263,1475,71,59,
32766,5255,1483,70,54,
32766,5270,1476,63,55,
32766,5264,1492,72,56,
32766,5267,1482,65,50,
32766,5273,1486,72,57,
32766,5266,1486,70,59,
32766,5263,1484,65,58,
32766,5257,1490,63,55,
32766,5266,1476,84,60,
32766,5256,1480,72,51,
32766,5270,1480,72,51,
32766,5260,1485,71,57,
32766,5272,1479,72,53,
32766,5268,1482,69,51,
32766,5259,1487,80,58,
32766,5267,1480,74,63,
32766,5262,1475,71,65,
32766,5263,1480,75,60,
32766,5264,1478,68,50,
32766,5256,1477,71,55,
32766,5265,1480,71,60,
32766,5264,1473,63,58,
32766,5277,1482,66,54,
32766,5266,1475,66,49,
32766,5266,1480,76,53,
32766,5263,1476,59,60,
32766,5268,1481,70,53,
32766,5272,1485,54,52,
32766,5275,1473,78,62,
32766,5272,1481,68,55,
32766,5269,1478,67,62,
32766,5273,1485,81,67,
32766,5282,1482,66,60,
32766,5269,1483,68,49,
32766,5276,1479,76,56,
32766,5272,1476,68,67,
32766,5281,1471,69,46,
32766,5273,1481,67,49,
32766,5273,1483,69,59,
32766,5270,1482,65,62,
32766,5280,1471,79,48,
32766,5263,1484,75,51,
32766,5288,1481,68,62,
32766,5270,1479,73,47,
32766,5278,1475,77,60,
32766,5276,1482,69,54,
32766,5277,1476,76,55,
32766,5278,1477,63,56,
32766,5279,1479,64,66,
32766,5271,1475,69,66,
32766,5284,1469,71,49,
32766,5272,1479,73,52,
32766,5281,1477,69,57,
32766,5277,1478,62,61,
32766,5289,1482,70,49,
32766,5279,1475,67,56,
32766,5285,1476,62,65,
32766,5284,1471,69,54,
32766,5270,1471,73,48,
32766,5284,1478,64,51,
32766,5280,1475,66,58,
32766,5283,1469,75,63,
32766,5279,1477,71,54,
32766,5271,1470,72,57,
32766,5284,1472,75,42,
32766,5275,1475,78,56,
32766,5274,1476,73,54,
32766,5281,1478,63,57,
32766,5279,1476,79,55,
32766,5282,1463,75,52,
32766,5286,1468,67,56,
32766,5288,1482,70,54,
32766,5282,1478,73,54,
32766,5279,1481,60,54,
32766,5277,1479,66,64,
32766,5278,1472,64,61,
32766,5274,1472,78,55,
32766,5283,1478,73,54,
32766,5273,1474,61,60,
32766,5285,1472,67,52,
32766,5276,1473,69,63,
32766,5273,1481,77,53,
32766,5278,1478,76,58,
32766,5278,1475,69,61,
32766,5278,1473,70,55,
32766,5278,1469,74,62,
32766,5273,1478,66,50,
32766,5280,1468,68,53,
32766,5269,1471,72,56,
32766,5278,1474,68,44,
32766,5273,1470,66,59,
32766,5273,1472,65,54,
32766,5286,1474,69,52,
32766,5275,1473,71,55,
32766,5270,1484,66,52,
32766,5289,1470,75,59,
32766,5271,1480,75,59,
32766,5282,1471,67,49,
32766,5268,1470,68,50,
32766,5272,1478,68,55,
32766,5267,1477,70,57,
32766,5269,1472,72,51,
32766,5269,1469,69,56,
32766,5266,1471,72,62,
32766,5267,1470,75,47,
32766,5266,1479,79,52,
32766,5262,1466,65,63,
32766,5263,1482,68,55,
32766,5260,1473,70,58,
32766,5257,1471,59,52,
32766,5245,1468,72,54,
32766,5256,1463,65,56,
32766,5255,1471,70,65,
32766,5258,1472,66,50,
32766,5256,1474,66,55,
32766,5254,1478,72,52,
32766,5259,1470,61,59,
32766,5256,1472,61,52,
32766,5253,1470,68,56,
32766,5247,1470,63,56,
32766,5263,1468,73,48,
32766,5262,1478,59,67,
32766,5246,1482,72,56,
32766,5254,1475,61,52,
32766,5246,1461,74,63,
32766,5245,1463,70,56,
32766,5246,1484,78,59,
32766,5245,1471,80,57,
32766,5253,1462,76,63,
32766,5256,1468,70,63,
32766,5250,1477,71,50,
32766,5244,1481,61,54,
32766,5257,1468,68,51,
32766,5244,1471,69,55,
32766,5256,1469,57,59,
32766,5251,1466,79,56,
32766,5247,1472,69,51,
32766,5255,1473,77,55,
32766,5246,1476,66,49,
32766,5254,1472,69,52,
32766,5244,1478,66,57,
32766,5256,1470,78,61,
32766,5253,1481,84,57,
32766,5255,1470,62,56,
32766,5247,1470,65,55,
32766,5258,1470,67,51,
32766,5258,1477,65,63,
32766,5265,1476,75,61,
32766,5260,1472,68,58,
32766,5249,1474,63,55,
32766,5258,1470,70,55,
32766,5252,1474,68,56,
32766,5253,1474,70,56,
32766,5253,1476,80,51,
32766,5262,1471,62,61,
32766,5260,1474,67,54,
32766,5254,1464,64,66,
32766,5259,1473,66,47,
32766,5251,1473,62,50,
32766,5262,1474,68,50,
32766,5264,1468,60,57,
32766,5258,1480,59,53,
32766,5266,1473,62,54,
32766,5259,1475,69,64,
32766,5251,1475,77,58,
32766,5258,1479,72,52,
32766,5263,1463,57,57,
32766,5250,1470,78,50,
32766,5247,1478,69,55,
32766,5261,1471,72,52,
32766,5248,1471,77,54,
32766,5254,1475,67,64,
32766,5255,1469,71,63,
32766,5255,1468,64,57,
32766,5252,1465,68,51,
32766,5254,1482,61,60,
32766,5248,1466,69,65,
32766,5258,1471,53,66,
32766,5245,1474,72,48,
32766,5252,1473,71,58,
32766,5249,1469,72,57,
32766,5251,1467,66,52,
32766,5251,1471,73,63,
32766,5248,1465,69,60,
32766,5259,1471,73,60,
32766,5252,1468,72,55,
32766,5244,1476,77,53,
32766,5260,1468,76,63,
32766,5250,1473,76,60,
32766,5248,1469,71,54,
32766,5254,1480,63,52,
32766,5256,1469,62,61,
32766,5248,1457,75,57,
32766,5245,1466,68,58,
32766,5250,1470,64,55,
32766,5252,1475,62,55,
32766,5255,1465,71,59,
32766,5245,1465,73,62,
32766,5246,1473,74,60,
32766,5255,1462,71,56,
32766,5252,1468,71,60,
32766,5253,1468,60,53,
32766,5251,1479,77,49,
32766,5250,1458,76,52,
32766,5251,1466,72,50,
32766,5246,1467,67,56,
32766,5254,1458,65,61,
32766,5256,1473,63,56,
32766,5239,1473,82,60,
32766,5249,1467,69,61,
32766,5251,1466,74,59,
32766,5243,1477,68,57,
32766,5248,1466,62,62,
32766,5257,1463,57,62,
32766,5239,1469,72,52,
32766,5247,1468,69,58,
32766,5258,1460,74,56,
32766,5250,1463,63,58,
32766,5243,1473,70,51,
32766,5245,1476,75,48,
32766,5253,1478,60,62,
32766,5245,1461,74,50,
32766,5248,1470,80,46,
32766,5260,1471,74,56,
32766,5247,1461,71,59,
32766,5252,1478,80,51,
32766,5251,1471,68,55,
32766,5251,1467,72,49,
32766,5252,1470,67,54,
32766,5255,1467,68,66,
32766,5251,1474,70,56,
32766,5241,1474,64,54,
32766,5265,1468,73,56,
32766,5237,1475,66,47,
32766,5254,1465,75,55,
32766,5248,1475,65,55,
32766,5250,1476,76,50,
32766,5246,1472,74,61,
32766,5257,1473,65,53,
32766,5247,1473,63,63,
32766,5258,1479,65,53,
32766,5253,1478,77,51,
32766,5256,1472,66,61,
32766,5252,1466,77,51,
32766,5248,1466,78,47,
32766,5251,1476,64,66,
32766,5259,1468,66,55,
32766,5250,1466,70,60,
32766,5261,1471,77,53,
32766,5245,1466,73,57,
32766,5255,1482,66,62,
32766,5252,1474,69,52,
32766,5260,1471,71,44,
32766,5256,1472,68,65,
32766,5251,1470,64,63,
32766,5255,1474,75,51,
32766,5268,1482,65,56,
32766,5251,1467,74,60,
32766,5259,1475,64,45,
32766,5254,1468,73,54,
32766,5261,1478,61,56,
32766,5264,1459,61,46,
32766,5257,1482,69,51,
32766,5260,1466,70,52,
32766,5254,1471,69,48,
32766,5251,1469,76,57,
32766,5258,1478,70,57,
32766,5253,1465,68,61,
32766,5256,1478,71,45,
32766,5267,1473,65,59,
32766,5254,1473,76,53,
32766,5254,1473,74,59,
32766,5251,1472,72,53,
32766,5252,1479,73,50,
32766,5256,1473,73,55,
32766,5253,1462,66,58,
32766,5249,1468,71,57,
32766,5248,1466,79,56,
32766,5247,1471,67,49,
32766,5242,1478,66,64,
32766,5257,1469,73,56,
32766,5257,1472,62,55,
32766,5252,1468,67,52,
32766,5247,1464,65,60,
32766,5246,1470,71,57,
32766,5246,1480,73,54,
32766,5246,1472,72,48,
32766,5246,1471,70,56,
32766,5243,1476,76,57,
32766,5247,1458,66,56,
32766,5251,1472,76,61,
32766,5247,1473,62,50,
32766,5259,1468,71,61,
32766,5260,1468,68,59,
32766,5261,1469,77,56,
32766,5262,1467,64,49,
32766,5258,1477,72,55,
32766,5256,1472,74,58,
32766,5272,1476,77,49,
32766,5256,1473,64,59,
32766,5264,1471,65,52,
32766,5263,1469,67,52,
32766,5265,1465,66,63,
32766,5266,1483,73,57,
32766,5262,1468,77,53,
32766,5269,1481,69,50,
32766,5261,1469,67,58,
32766,5261,1477,71,55,
32766,5259,1472,71,46,
32766,5265,1472,76,47,
32766,5255,1476,65,63,
32766,5256,1464,67,62,
32766,5263,1477,65,57,
32766,5260,1478,64,45,
32766,5261,1473,68,40,
32766,5258,1469,63,62,
32766,5261,1477,75,50,
32766,5259,1470,67,47,
32766,5242,1474,70,44,
32766,5247,1472,69,48,
32766,5247,1471,65,55,
32766,5244,1473,78,45,
32766,5242,1484,68,54,
32766,5249,1475,69,54,
32766,5247,1477,71,57,
32766,5253,1483,79,60,
32766,5244,1476,64,59,
32766,5244,1474,75,64,
32766,5243,1461,76,53,
32766,5252,1474,70,49,
32766,5256,1473,68,52,
32766,5253,1473,65,57,
32766,5243,1466,64,44,
32766,5254,1471,64,56,
32766,5250,1470,65,47,
32766,5243,1470,81,58,
32766,5251,1462,71,55,
32766,5262,1472,78,53,
32766,5247,1476,68,53,
32766,5245,1471,72,58,
32766,5250,1470,57,57,
32766,5245,1466,66,63,
32766,5241,1472,79,59,
32766,5236,1470,70,54,
32766,5252,1457,60,64,
32766,5235,1469,74,47,
32766,5247,1476,63,56,
32766,5246,1469,67,59,
32766,5252,1468,74,47,
32766,5248,1482,74,56,
32766,5252,1473,67,65,
32766,5241,1473,79,59,
32766,5245,1469,67,57,
32766,5246,1474,59,53,
32766,5244,1472,68,58,
32766,5242,1462,65,63,
32766,5246,1470,68,64,
32766,5251,1470,68,60,
32766,5252,1472,68,53,
32766,5245,1473,64,61,
32766,5244,1465,67,53,
32766,5249,1460,75,51,
32766,5255,1467,70,60,
32766,5242,1470,69,65,
32766,5247,1469,79,55,
32766,5243,1469,70,56,
32766,5244,1466,71,60,
32766,5247,1471,68,57,
32766,5251,1463,81,57,
32766,5261,1469,72,51,
32766,5241,1469,74,55,
32766,5239,1473,71,50,
32766,5244,1477,76,50,
32766,5253,1464,75,60,
32766,5244,1471,73,61,
32766,5244,1466,70,54,
32766,5240,1485,71,43,
32766,5244,1471,71,51,
32766,5244,1464,60,54,
32766,5240,1472,66,62,
32766,5244,1471,65,54,
32766,5249,1473,64,51,
32766,5245,1471,74,57,
32766,5246,1466,72,63,
32766,5258,1466,72,52,
32766,5248,1470,71,55,
32766,5255,1471,66,53,
32766,5244,1478,67,54,
32766,5251,1473,79,62,
32766,5244,1461,79,49,
32766,5253,1474,68,54,
32766,5252,1472,79,51,
32766,5242,1476,59,57,
32766,5248,1469,70,50,
32766,5250,1474,68,53,
32766,5247,1478,68,48,
32766,5249,1467,71,53,
32766,5241,1474,71,47,
32766,5250,1472,71,59,
32766,5246,1463,61,56,
32766,5247,1459,68,47,
32766,5236,1479,72,59,
32766,5238,1478,72,55,
32766,5250,1471,66,56,
32766,5239,1460,72,57,
32766,5234,1471,62,54,
32766,5251,1470,65,61,
32766,5249,1469,67,54,
32766,5240,1472,64,60,
32766,5242,1469,71,58,
32766,5250,1486,65,55,
32766,5247,1471,74,49,
32766,5237,1466,75,60,
32766,5252,1481,68,53,
32766,5242,1478,73,54,
32766,5246,1474,67,56,
32766,5242,1464,77,53,
32766,5238,1477,69,57,
32766,5242,1474,72,51,
32766,5239,1467,75,63,
32766,5243,1478,60,55,
32766,5242,1474,65,57,
32766,5248,1468,62,48,
32766,5244,1471,67,60,
32766,5247,1475,69,56,
32766,5245,1471,66,56,
32766,5239,1471,70,60,
32766,5239,1484,67,58,
32766,5249,1466,73,61,
32766,5257,1460,74,58,
32766,5241,1455,62,50,
32766,5246,1468,65,49,
32766,5250,1470,73,56,
32766,5243,1475,69,56,
32766,5240,1469,70,62,
32766,5248,1470,63,54,
32766,5253,1465,68,51,
32766,5241,1471,72,63,
32766,5258,1468,71,61,
32766,5244,1466,68,58,
32766,5244,1466,72,63,
32766,5238,1471,65,63,
32766,5242,1476,67,48,
32766,5243,1479,66,47,
32766,5236,1465,66,49,
32766,5230,1473,76,51,
32766,5252,1477,74,53,
32766,5251,1478,80,55,
32766,5239,1470,62,47,
32766,5242,1458,68,51,
32766,5249,1475,64,47,
32766,5234,1466,78,49,
32766,5240,1476,66,48,
32766,5241,1456,67,50,
32766,5243,1472,68,49,
32766,5236,1475,74,51,
32766,5231,1471,69,63,
32766,5241,1473,70,44,
32766,5239,1467,67,60,
32766,5247,1472,62,54,
32766,5238,1461,73,58,
32766,5241,1461,76,51,
32766,5252,1467,70,58,
32766,5242,1470,72,53,
32766,5240,1467,70,57,
32766,5245,1463,68,66,
32766,5248,1476,80,55,
32766,5252,1465,62,50,
32766,5246,1461,68,59,
32766,5249,1469,63,57,
32766,5244,1474,70,51,
32766,5249,1470,69,47,
32766,5247,1464,73,55,
32766,5248,1463,68,56,
32766,5251,1466,64,59,
32766,5240,1477,67,67,
32766,5247,1477,71,54,
32766,5238,1465,65,52,
32766,5250,1464,69,54,
32766,5238,1475,71,49,
32766,5244,1477,62,49,
32766,5234,1465,64,47,
32766,5249,1466,78,64,
32766,5239,1469,80,56,
32766,5251,1470,62,58,
32766,5245,1467,78,48,
32766,5244,1479,68,59,
32766,5245,1465,66,56,
32766,5245,1466,65,52,
32766,5245,1473,62,56,
32766,5254,1466,71,57,
32766,5249,1467,64,44,
32766,5246,1472,68,63,
32766,5242,1474,65,52,
32766,5243,1478,68,43,
32766,5242,1469,67,51,
32766,5244,1467,68,65,
32766,5234,1468,72,50,
32766,5237,1463,73,57,
32766,5239,1474,61,54,
32766,5240,1478,65,43,
32766,5234,1467,75,55,
32766,5237,1471,67,57,
32766,5245,1467,71,56,
32766,5242,1467,69,62,
32766,5243,1463,59,56,
32766,5231,1474,71,54,
32766,5229,1467,67,49,
32766,5229,1452,73,56,
32766,5233,1462,77,64,
32766,5233,1472,69,53,
32766,5247,1472,72,52,
32766,5247,1475,79,55,
32766,5234,1469,74,58,
32766,5238,1474,74,57,
32766,5232,1460,78,46,
32766,5240,1479,75,50,
32766,5238,1468,75,56,
32766,5247,1461,64,57,
32766,5248,1469,66,53,
32766,5241,1465,64,58,
32766,5242,1465,68,55,
32766,5242,1466,67,46,
32766,5245,1466,62,63,
32766,5238,1463,68,60,
32766,5236,1467,60,65,
32766,5237,1467,71,51,
32766,5242,1470,70,51,
32766,5251,1470,73,56,
32766,5248,1474,68,57,
32766,5238,1473,67,55,
32766,5237,1464,58,50,
32766,5236,1466,59,53,
32766,5242,1466,74,46,
32766,5246,1460,66,47,
32766,5238,1475,69,57,
32766,5242,1470,63,50,
32766,5238,1470,74,61,
32766,5235,1467,67,56,
32766,5244,1472,63,61,
32766,5235,1468,77,49,
32766,5235,1464,69,58,
32766,5236,1467,66,51,
32766,5242,1469,76,53,
32766,5235,1470,65,58,
32766,5234,1465,64,50,
32766,5226,1468,66,47,
32766,5235,1467,62,56,
32766,5232,1468,80,59,
32766,5231,1462,63,53,
32766,5231,1480,68,60,
32766,5222,1472,70,54,
32766,5236,1463,67,54,
32766,5230,1472,76,40,
32766,5235,1467,79,53,
32766,5231,1477,68,57,
32766,5234,1475,72,55,
32766,5230,1467,73,52,
32766,5238,1472,70,58,
32766,5237,1467,69,48,
32766,5237,1473,70,53,
32766,5227,1467,60,60,
32766,5233,1468,78,56,
32766,5228,1475,70,51,
32766,5230,1471,65,55,
32766,5233,1462,69,54,
32766,5234,1468,67,60,
32766,5227,1473,69,57,
32766,5233,1474,68,62,
32766,5227,1467,70,49,
32766,5224,1474,67,49,
32766,5237,1464,72,54,
32766,5232,1465,66,56,
32766,5237,1471,72,65,
32766,5243,1471,69,46,
32766,5228,1473,61,59,
32766,5236,1477,77,58,
32766,5228,1473,77,45,
32766,5235,1471,70,55,
32766,5227,1467,69,48,
32766,5226,1475,61,53,
32766,5228,1466,73,51,
32766,5237,1475,68,53,
32766,5227,1476,61,52,
32766,5225,1467,79,58,
32766,5230,1468,77,56,
32766,5234,1473,61,57,
32766,5221,1467,77,51,
32766,5234,1473,69,60,
32766,5225,1463,70,58,
32766,5224,1477,66,65,
32766,5224,1465,73,53,
32766,5226,1471,65,59,
32766,5229,1466,69,61,
32766,5221,1474,59,62,
32766,5245,1479,71,57,
32766,5234,1473,67,55,
32766,5219,1475,63,49,
32766,5231,1465,68,56,
32766,5225,1468,65,53,
32766,5233,1464,73,52,
32766,5229,1471,71,53,
32766,5235,1473,63,61,
32766,5233,1468,75,49,
32766,5238,1474,72,50,
32766,5235,1469,69,59,
32766,5236,1464,70,55,
32766,5233,1465,71,60,
32766,5229,1467,64,58,
32766,5234,1473,70,54,
32766,5234,1473,70,61,
32766,5228,1471,66,48,
32766,5242,1470,66,53,
32766,5228,1472,62,49,
32766,5241,1467,62,52,
32766,5219,1472,68,53,
32766,5232,1462,67,53,
32766,5236,1473,63,65,
32766,5232,1468,70,53,
32766,5231,1463,73,48,
32766,5240,1465,64,50,
32766,5231,1468,67,52,
32766,5224,1464,56,53,
32766,5223,1477,65,50,
32766,5222,1465,76,55,
32766,5227,1466,75,54,
32766,5229,1468,73,51,
32766,5226,1470,70,62,
32766,5229,1469,72,52,
32766,5231,1466,69,61,
32766,5234,1464,64,56,
32766,5220,1466,60,57,
32766,5234,1466,70,55,
32766,5220,1467,72,58,
32766,5235,1466,61,53,
32766,5228,1477,74,53,
32766,5240,1479,72,59,
32766,5234,1472,60,58,
32766,5230,1472,60,63,
32766,5231,1457,69,58,
32766,5234,1459,64,54,
32766,5233,1477,68,53,
32766,5232,1472,69,48,
32766,5231,1471,67,49,
32766,5233,1464,71,57,
32766,5233,1467,67,54,
32766,5234,1465,69,61,
32766,5225,1460,66,57,
32766,5230,1463,76,60,
32766,5238,1474,76,60,
32766,5241,1464,80,55,
32766,5234,1473,65,51,
32766,5227,1469,68,47,
32766,5231,1466,65,59,
32766,5235,1463,66,53,
32766,5232,1466,65,53,
32766,5243,1464,68,52,
32766,5234,1473,66,55,
32766,5229,1473,62,55,
32766,5238,1474,68,49,
32766,5239,1467,85,66,
32766,5235,1462,68,55,
32766,5231,1481,72,56,
32766,5236,1476,61,57,
32766,5235,1470,72,63,
32766,5229,1470,66,56,
32766,5221,1459,79,54,
32766,5236,1466,62,59,
32766,5237,1460,70,62,
32766,5231,1467,63,56,
32766,5236,1465,71,55,
32766,5236,1462,73,57,
32766,5240,1466,65,43,
32766,5239,1475,75,54,
32766,5234,1460,70,47,
32766,5228,1460,73,67,
32766,5237,1466,57,53,
32766,5231,1472,66,52,
32766,5241,1472,72,59,
32766,5233,1462,67,62,
32766,5239,1472,62,48,
32766,5230,1467,62,60,
32766,5242,1465,73,53,
32766,5239,1476,61,56,
32766,5243,1467,68,60,
32766,5241,1460,65,52,
32766,5235,1462,71,63,
32766,5241,1464,72,55,
32766,5240,1463,78,58,
32766,5231,1458,68,54,
32766,5233,1479,69,48,
32766,5242,1467,62,56,
32766,5238,1460,71,57,
32766,5243,1473,72,47,
32766,5247,1471,74,53,
32766,5242,1477,63,57,
32766,5234,1479,67,58,
32766,5235,1468,61,53,
32766,5241,1459,59,52,
32766,5238,1466,73,49,
32766,5237,1462,63,50,
32766,5242,1471,74,59,
32766,5236,1464,61,61,
32766,5246,1471,68,59,
32766,5233,1473,60,57,
32766,5238,1469,64,51,
32766,5245,1470,69,55,
32766,5233,1472,72,64,
32766,5239,1475,78,53,
32766,5237,1475,72,46,
32766,5233,1468,73,45,
