32766,6673,1715,64,56,
32766,6662,1713,53,67,
32766,6674,1703,55,61,
32766,6672,1717,54,69,
32766,6681,1720,63,59,
32766,6692,1715,62,65,
32766,6687,1724,52,70,
32766,6684,1724,60,74,
32766,6682,1726,49,66,
32766,6692,1717,55,63,
32766,6681,1723,49,59,
32766,6678,1721,58,60,
32766,6684,1729,53,58,
32766,6683,1730,57,51,
32766,6691,1736,52,78,
32766,6680,1735,60,62,
32766,6685,1730,51,68,
32766,6702,1742,56,61,
32766,6704,1737,58,61,
32766,6706,1742,60,66,
32766,6708,1743,56,64,
32766,6707,1747,59,63,
32766,6704,1753,49,68,
32766,6700,1748,46,58,
32766,6707,1749,51,61,
32766,6717,1751,54,60,
32766,6705,1757,43,59,
32766,6712,1754,52,64,
32766,6709,1750,55,58,
32766,6715,1755,53,59,
32766,6709,1753,57,61,
32766,6712,1753,65,77,
32766,6698,1754,57,55,
32766,6716,1754,54,69,
32766,6705,1762,54,60,
32766,6711,1768,54,58,
32766,6725,1769,57,55,
32766,6738,1775,52,55,
32766,6755,1790,52,65,
32766,6767,1804,58,59,
32766,6781,1795,53,59,
32766,6803,1797,52,58,
32766,6817,1802,59,62,
32766,6827,1817,60,63,
32766,6845,1823,59,53,
32766,6849,1823,57,57,
32766,6856,1819,51,58,
32766,6874,1823,45,67,
32766,6891,1840,59,54,
32766,6896,1832,48,73,
32766,6909,1848,52,63,
32766,6908,1841,56,63,
32766,6925,1848,50,72,
32766,6941,1854,49,66,
32766,6957,1850,68,55,
32766,6958,1857,58,53,
32766,6973,1872,53,59,
32766,6984,1871,56,61,
32766,6993,1868,50,55,
32766,7001,1883,57,63,
32766,7012,1874,54,61,
32766,6988,1868,61,57,
32766,6976,1866,56,69,
32766,6957,1855,52,61,
32766,6943,1863,59,50,
32766,6921,1854,56,59,
32766,6903,1846,43,56,
32766,6909,1847,48,52,
32766,6883,1842,66,64,
32766,6883,1829,53,69,
32766,6881,1834,48,58,
32766,6874,1848,54,65,
32766,6867,1828,54,54,
32766,6871,1824,57,61,
32766,6866,1838,66,64,
32766,6866,1827,57,60,
32766,6861,1839,54,59,
32766,6862,1835,43,67,
32766,6872,1840,50,60,
32766,6868,1836,55,56,
32766,6863,1852,51,54,
32766,6860,1844,56,59,
32766,6856,1840,60,57,
32766,6846,1833,47,58,
32766,6842,1849,52,65,
32766,6814,1834,57,61,
32766,6808,1842,50,64,
32766,6810,1824,47,57,
32766,6798,1832,59,62,
32766,6791,1811,62,58,
32766,6778,1821,56,64,
32766,6770,1815,56,57,
32766,6778,1822,55,62,
32766,6783,1821,57,58,
32766,6781,1828,53,59,
32766,6783,1815,58,51,
32766,6770,1822,55,64,
32766,6774,1824,49,48,
32766,6770,1810,48,59,
32766,6773,1812,49,56,
32766,6758,1807,52,59,
32766,6757,1797,50,57,
32766,6748,1802,58,53,
32766,6733,1792,59,61,
32766,6719,1790,56,59,
32766,6722,1787,47,59,
32766,6714,1785,51,61,
32766,6703,1780,57,59,
32766,6688,1774,53,55,
32766,6689,1779,48,63,
32766,6686,1780,55,51,
32766,6675,1779,51,59,
32766,6688,1764,48,57,
32766,6690,1767,58,67,
32766,6679,1777,63,62,
32766,6696,1780,62,57,
32766,6686,1774,52,60,
32766,6697,1783,49,57,
32766,6703,1785,52,62,
32766,6710,1782,48,59,
32766,6707,1780,58,65,
32766,6701,1782,66,62,
32766,6704,1781,58,61,
32766,6710,1781,53,63,
32766,6701,1781,54,57,
32766,6702,1773,42,56,
32766,6690,1766,50,61,
32766,6700,1769,44,53,
32766,6697,1769,52,57,
32766,6682,1768,52,57,
32766,6690,1770,46,62,
32766,6701,1755,59,62,
32766,6697,1775,45,56,
32766,6701,1774,49,55,
32766,6696,1761,52,65,
32766,6701,1776,55,58,
32766,6706,1770,44,62,
32766,6697,1765,66,61,
32766,6714,1764,47,52,
32766,6690,1766,46,52,
32766,6702,1766,52,62,
32766,6702,1772,58,65,
32766,6709,1775,45,63,
32766,6701,1768,55,55,
32766,6708,1772,53,58,
32766,6716,1771,52,55,
32766,6715,1782,56,46,
32766,6719,1776,54,62,
32766,6715,1779,50,61,
32766,6740,1776,50,69,
32766,6723,1776,57,65,
32766,6723,1764,53,59,
32766,6724,1781,55,70,
32766,6735,1778,62,56,
32766,6739,1769,58,70,
32766,6726,1761,50,60,
32766,6724,1771,52,56,
32766,6732,1771,57,61,
32766,6724,1763,49,68,
32766,6717,1767,48,53,
32766,6716,1757,54,50,
32766,6733,1757,49,66,
32766,6729,1766,53,60,
32766,6727,1767,57,62,
32766,6734,1767,46,54,
32766,6748,1775,56,65,
32766,6754,1767,52,64,
32766,6742,1779,48,56,
32766,6739,1773,54,56,
32766,6751,1762,51,62,
32766,6746,1764,50,61,
32766,6744,1772,52,64,
32766,6748,1771,54,56,
32766,6742,1764,54,60,
32766,6747,1767,53,54,
32766,6744,1761,54,62,
32766,6733,1763,50,58,
32766,6739,1763,49,69,
32766,6717,1769,45,56,
32766,6729,1757,53,60,
32766,6728,1761,52,64,
32766,6732,1758,54,62,
32766,6714,1753,53,59,
32766,6723,1750,55,70,
32766,6714,1761,56,64,
32766,6724,1750,59,65,
32766,6721,1743,57,66,
32766,6728,1744,62,67,
32766,6722,1738,52,62,
32766,6711,1734,59,68,
32766,6723,1733,51,65,
32766,6709,1740,55,58,
32766,6714,1742,51,62,
32766,6712,1742,59,62,
32766,6697,1735,39,55,
32766,6710,1720,61,56,
32766,6711,1723,55,57,
32766,6700,1731,62,61,
32766,6709,1724,56,59,
32766,6710,1736,51,62,
32766,6716,1733,59,62,
32766,6718,1733,52,65,
32766,6717,1729,62,63,
32766,6714,1735,55,66,
32766,6723,1741,58,59,
32766,6718,1734,59,62,
32766,6717,1738,58,55,
32766,6703,1728,54,75,
32766,6683,1724,53,58,
32766,6684,1715,53,56,
32766,6681,1731,52,62,
32766,6676,1718,45,47,
32766,6673,1726,53,59,
32766,6677,1726,54,65,
32766,6684,1721,54,58,
32766,6690,1727,60,64,
32766,6691,1722,44,64,
32766,6691,1727,52,59,
32766,6694,1730,49,66,
32766,6691,1728,51,59,
32766,6699,1731,54,59,
32766,6684,1729,40,59,
32766,6691,1720,60,61,
32766,6673,1720,55,62,
32766,6675,1722,58,57,
32766,6669,1718,51,60,
32766,6673,1704,55,63,
32766,6663,1711,60,52,
32766,6669,1714,55,63,
32766,6663,1705,61,60,
32766,6672,1707,55,47,
32766,6668,1715,53,68,
32766,6671,1708,57,63,
32766,6665,1703,48,61,
32766,6670,1718,55,70,
32766,6678,1714,49,69,
32766,6688,1717,51,66,
32766,6694,1728,50,58,
32766,6691,1724,55,60,
32766,6690,1729,58,67,
32766,6689,1721,51,55,
32766,6699,1730,59,59,
32766,6702,1727,51,60,
32766,6701,1724,35,55,
32766,6704,1720,53,56,
32766,6706,1725,54,61,
32766,6689,1717,53,58,
32766,6693,1729,59,60,
32766,6693,1725,65,58,
32766,6682,1717,58,66,
32766,6678,1718,48,63,
32766,6675,1722,49,65,
32766,6679,1716,58,56,
32766,6660,1704,57,62,
32766,6667,1707,45,73,
32766,6664,1709,53,59,
32766,6670,1699,55,50,
32766,6666,1702,49,53,
32766,6667,1702,57,69,
32766,6667,1713,60,62,
32766,6669,1689,42,58,
32766,6662,1702,52,53,
32766,6665,1702,52,66,
32766,6674,1706,58,56,
32766,6677,1711,56,65,
32766,6673,1708,56,67,
32766,6670,1713,55,69,
32766,6680,1715,54,69,
32766,6684,1714,48,67,
32766,6700,1721,51,60,
32766,6730,1738,57,60,
32766,6739,1746,51,60,
32766,6760,1752,56,55,
32766,6789,1768,61,63,
32766,6831,1785,43,67,
32766,6858,1801,47,58,
32766,6904,1815,54,55,
32766,6931,1834,59,58,
32766,6964,1843,49,65,
32766,6979,1837,57,46,
32766,6974,1840,51,67,
32766,6989,1835,51,73,
32766,6964,1837,54,63,
32766,6968,1825,50,62,
32766,6952,1828,51,62,
32766,6950,1819,60,56,
32766,6952,1816,53,64,
32766,6936,1808,52,63,
32766,6922,1799,60,58,
32766,6904,1795,55,68,
32766,6902,1792,59,69,
32766,6892,1799,49,58,
32766,6885,1784,48,63,
32766,6863,1784,63,67,
32766,6854,1777,49,65,
32766,6846,1770,53,65,
32766,6838,1770,55,68,
32766,6831,1756,55,57,
32766,6829,1754,50,64,
32766,6832,1766,61,70,
32766,6820,1754,56,64,
32766,6821,1753,57,65,
32766,6826,1768,48,65,
32766,6823,1760,44,70,
32766,6834,1752,53,60,
32766,6834,1767,60,59,
32766,6835,1767,56,63,
32766,6846,1774,48,63,
32766,6850,1765,51,60,
32766,6861,1776,48,51,
32766,6872,1774,48,65,
32766,6880,1779,58,66,
32766,6894,1794,51,59,
32766,6901,1794,53,58,
32766,6913,1793,60,60,
32766,6921,1799,57,62,
32766,6927,1801,60,61,
32766,6929,1798,55,64,
32766,6957,1815,45,62,
32766,6945,1812,56,70,
32766,6947,1803,59,57,
32766,6943,1809,51,66,
32766,6941,1801,59,65,
32766,6943,1801,55,64,
32766,6952,1805,54,56,
32766,6954,1813,58,66,
32766,6957,1809,57,72,
32766,6968,1815,56,57,
32766,6988,1819,61,61,
32766,7004,1816,54,66,
32766,7016,1815,56,72,
32766,7038,1828,55,65,
32766,7065,1835,53,64,
32766,7078,1839,54,65,
32766,7106,1849,59,67,
32766,7120,1855,64,58,
32766,7157,1861,61,60,
32766,7176,1872,57,71,
32766,7200,1875,55,66,
32766,7223,1879,57,63,
32766,7246,1882,54,60,
32766,7254,1883,50,62,
32766,7273,1896,58,67,
32766,7279,1890,48,64,
32766,7281,1893,57,60,
32766,7289,1887,58,60,
32766,7274,1889,59,71,
32766,7257,1879,54,70,
32766,7239,1879,51,55,
32766,7215,1861,62,66,
32766,7193,1853,59,67,
32766,7164,1843,62,60,
32766,7153,1842,57,65,
32766,7133,1840,68,69,
32766,7129,1838,47,74,
32766,7116,1821,49,52,
32766,7107,1821,54,67,
32766,7086,1814,56,61,
32766,7087,1803,49,62,
32766,7070,1808,51,60,
32766,7073,1803,65,63,
32766,7073,1802,62,65,
32766,7064,1805,55,54,
32766,7069,1802,60,69,
32766,7055,1809,57,64,
32766,7057,1806,56,62,
32766,7059,1799,55,77,
32766,7067,1809,54,61,
32766,7069,1810,53,60,
32766,7073,1817,65,65,
32766,7086,1825,67,63,
32766,7082,1826,52,65,
32766,7074,1829,62,76,
32766,7087,1830,56,60,
32766,7082,1826,63,67,
32766,7089,1834,64,68,
32766,7091,1826,55,65,
32766,7090,1824,58,64,
32766,7091,1820,65,62,
32766,7102,1840,53,64,
32766,7083,1819,58,63,
32766,7086,1829,50,76,
32766,7089,1810,54,65,
32766,7079,1815,51,74,
32766,7074,1799,61,69,
32766,7070,1811,60,54,
32766,7068,1802,56,67,
32766,7063,1810,49,57,
32766,7062,1796,67,66,
32766,7062,1807,55,65,
32766,7074,1804,63,66,
32766,7074,1812,60,62,
32766,7095,1815,68,72,
32766,7105,1816,60,63,
32766,7110,1832,59,66,
32766,7133,1830,63,64,
32766,7159,1835,56,73,
32766,7174,1837,59,71,
32766,7193,1852,64,70,
32766,7186,1854,58,63,
32766,7203,1847,57,67,
32766,7201,1845,59,61,
32766,7192,1849,61,62,
32766,7195,1848,57,60,
32766,7194,1840,58,57,
32766,7181,1831,57,73,
32766,7186,1834,64,67,
32766,7177,1829,63,61,
32766,7168,1832,66,70,
32766,7168,1825,62,73,
32766,7181,1826,44,62,
32766,7185,1842,53,64,
32766,7190,1860,59,72,
32766,7222,1872,50,67,
32766,7255,1873,68,72,
32766,7300,1895,46,70,
32766,7342,1927,58,57,
32766,7380,1930,67,63,
32766,7416,1956,67,68,
32766,7457,1976,63,61,
32766,7482,1981,54,63,
32766,7509,2005,52,68,
32766,7534,2005,59,68,
32766,7553,2017,63,51,
32766,7566,2024,54,57,
32766,7603,2036,51,66,
32766,7609,2044,59,59,
32766,7627,2063,68,65,
32766,7628,2076,54,69,
32766,7661,2079,56,59,
32766,7655,2094,60,71,
32766,7656,2097,60,62,
32766,7675,2097,54,69,
32766,7678,2111,55,58,
32766,7691,2107,61,59,
32766,7685,2112,65,61,
32766,7690,2109,54,62,
32766,7688,2115,60,58,
32766,7687,2098,46,65,
32766,7673,2114,46,57,
32766,7665,2105,61,63,
32766,7663,2112,56,70,
32766,7669,2096,64,61,
32766,7666,2103,68,68,
32766,7658,2108,54,62,
32766,7655,2101,64,50,
32766,7651,2103,61,58,
32766,7642,2097,54,59,
32766,7652,2092,53,59,
32766,7642,2097,50,59,
32766,7644,2088,60,68,
32766,7631,2091,49,58,
32766,7629,2083,47,63,
32766,7628,2089,53,61,
32766,7625,2086,60,64,
32766,7634,2090,55,60,
32766,7629,2087,47,64,
32766,7632,2078,52,61,
32766,7629,2085,49,67,
32766,7624,2077,56,59,
32766,7633,2083,59,53,
32766,7629,2085,58,50,
32766,7633,2093,50,64,
32766,7649,2094,61,63,
32766,7667,2097,47,69,
32766,7676,2119,64,67,
32766,7695,2127,57,58,
32766,7712,2144,53,60,
32766,7733,2163,61,65,
32766,7761,2161,58,65,
32766,7776,2186,56,60,
32766,7781,2206,57,65,
32766,7795,2197,58,59,
32766,7796,2203,62,73,
32766,7813,2209,56,67,
32766,7799,2208,51,59,
32766,7796,2200,50,63,
32766,7788,2196,57,60,
32766,7788,2198,58,64,
32766,7773,2188,53,59,
32766,7773,2187,56,65,
32766,7767,2184,48,71,
32766,7756,2176,57,55,
32766,7770,2169,55,61,
32766,7760,2174,49,62,
32766,7756,2159,53,58,
32766,7763,2163,54,59,
32766,7758,2150,59,63,
32766,7747,2146,52,59,
32766,7749,2157,64,55,
32766,7740,2144,61,65,
32766,7742,2146,63,49,
32766,7738,2145,58,67,
32766,7725,2144,54,63,
32766,7723,2149,57,61,
32766,7717,2136,64,65,
32766,7703,2130,51,59,
32766,7692,2132,69,64,
32766,7685,2131,52,69,
32766,7690,2126,64,54,
32766,7691,2124,54,67,
32766,7671,2127,59,62,
32766,7666,2128,62,63,
32766,7668,2114,59,63,
32766,7669,2125,64,59,
32766,7660,2127,58,60,
32766,7658,2124,58,61,
32766,7661,2120,48,66,
32766,7662,2129,52,66,
32766,7656,2124,62,54,
32766,7664,2131,54,59,
32766,7665,2138,58,49,
32766,7663,2131,61,61,
32766,7669,2143,58,73,
32766,7667,2132,65,66,
32766,7663,2124,61,69,
32766,7664,2136,52,64,
32766,7660,2132,54,65,
32766,7673,2139,59,72,
32766,7669,2137,57,63,
32766,7671,2142,60,59,
32766,7679,2140,58,66,
32766,7687,2153,63,58,
32766,7700,2158,58,67,
32766,7699,2156,55,62,
32766,7692,2158,60,67,
32766,7700,2144,52,74,
32766,7707,2152,51,64,
32766,7709,2162,68,58,
32766,7731,2162,47,69,
32766,7738,2162,60,66,
32766,7738,2164,58,58,
32766,7732,2164,56,67,
32766,7733,2163,64,61,
32766,7730,2149,57,65,
32766,7734,2149,62,57,
32766,7719,2143,56,58,
32766,7724,2140,50,71,
32766,7716,2146,61,62,
32766,7709,2133,60,62,
32766,7721,2142,65,69,
32766,7710,2135,56,56,
32766,7722,2124,46,65,
32766,7710,2124,58,54,
32766,7712,2134,59,62,
32766,7707,2125,50,58,
32766,7702,2120,62,63,
32766,7698,2130,55,67,
32766,7709,2120,59,60,
32766,7697,2114,61,68,
32766,7699,2115,58,62,
32766,7695,2120,60,66,
32766,7688,2102,58,72,
32766,7684,2112,50,71,
32766,7668,2105,53,61,
32766,7664,2110,43,66,
32766,7659,2107,62,64,
32766,7643,2101,58,61,
32766,7636,2092,60,69,
32766,7630,2081,60,67,
32766,7625,2085,69,65,
32766,7617,2073,66,67,
32766,7598,2063,57,58,
32766,7587,2070,48,63,
32766,7586,2059,49,62,
32766,7569,2065,57,63,
32766,7573,2065,57,64,
32766,7569,2068,58,62,
32766,7572,2056,54,66,
32766,7575,2063,62,67,
32766,7575,2058,55,66,
32766,7580,2066,57,62,
32766,7571,2062,71,56,
32766,7594,2068,62,63,
32766,7596,2069,58,58,
32766,7594,2070,56,62,
32766,7599,2069,61,71,
32766,7593,2079,57,67,
32766,7600,2072,60,62,
32766,7611,2071,65,55,
32766,7604,2087,61,69,
32766,7611,2077,61,71,
32766,7606,2081,64,61,
32766,7621,2081,56,67,
32766,7619,2095,63,65,
32766,7631,2092,56,66,
32766,7620,2088,57,57,
32766,7621,2089,47,62,
32766,7634,2087,67,65,
32766,7633,2092,49,60,
32766,7636,2096,61,64,
32766,7633,2094,63,65,
32766,7626,2092,55,63,
32766,7631,2089,68,66,
32766,7638,2091,58,62,
32766,7627,2084,53,62,
32766,7622,2086,60,65,
32766,7634,2088,58,60,
32766,7636,2100,47,60,
32766,7638,2091,66,64,
32766,7628,2087,71,65,
32766,7634,2100,63,63,
32766,7622,2085,55,54,
32766,7626,2092,53,62,
32766,7631,2097,53,62,
32766,7630,2095,61,62,
32766,7634,2087,58,59,
32766,7633,2101,57,63,
32766,7633,2089,57,55,
32766,7642,2095,50,62,
32766,7634,2098,58,65,
32766,7624,2100,51,70,
32766,7635,2095,51,56,
32766,7634,2092,58,55,
32766,7633,2090,65,76,
32766,7642,2099,63,64,
32766,7643,2092,51,65,
32766,7646,2086,60,70,
32766,7643,2092,56,69,
32766,7648,2102,57,59,
32766,7643,2093,54,70,
32766,7653,2101,47,62,
32766,7655,2101,56,63,
32766,7661,2099,61,62,
32766,7653,2094,69,61,
32766,7657,2108,56,66,
32766,7656,2112,62,72,
32766,7661,2100,60,61,
32766,7664,2108,61,58,
32766,7664,2110,52,58,
32766,7658,2109,60,57,
32766,7658,2106,63,76,
32766,7667,2102,56,59,
32766,7663,2102,55,81,
32766,7658,2108,56,71,
32766,7668,2110,52,62,
32766,7645,2097,58,62,
32766,7652,2105,59,62,
32766,7655,2107,55,57,
32766,7648,2107,61,58,
32766,7656,2103,48,65,
32766,7657,2107,51,66,
32766,7661,2094,61,62,
32766,7661,2094,55,59,
32766,7651,2095,69,62,
32766,7646,2106,62,71,
32766,7634,2098,57,50,
32766,7645,2097,56,60,
32766,7649,2104,52,62,
32766,7653,2103,63,58,
32766,7642,2095,53,61,
32766,7659,2116,62,55,
32766,7655,2119,59,70,
32766,7681,2127,60,68,
32766,7681,2138,61,61,
32766,7711,2153,60,60,
32766,7735,2160,60,71,
32766,7740,2175,57,67,
32766,7744,2170,54,61,
32766,7759,2193,55,68,
32766,7774,2207,54,50,
32766,7776,2205,63,60,
32766,7776,2197,58,59,
32766,7783,2197,66,58,
32766,7781,2199,59,53,
32766,7767,2190,61,54,
32766,7758,2193,69,59,
32766,7753,2186,64,67,
32766,7742,2164,55,64,
32766,7742,2171,64,55,
32766,7729,2175,57,67,
32766,7720,2167,57,70,
32766,7724,2167,63,66,
32766,7731,2177,54,60,
32766,7723,2164,56,65,
32766,7718,2160,49,62,
32766,7728,2173,63,57,
32766,7734,2173,55,66,
32766,7739,2164,57,57,
32766,7734,2176,66,60,
32766,7748,2173,61,67,
32766,7746,2185,62,60,
32766,7747,2188,63,63,
32766,7756,2197,64,57,
32766,7750,2196,60,68,
32766,7739,2199,63,67,
32766,7742,2193,54,68,
32766,7716,2196,62,63,
32766,7707,2193,54,72,
32766,7701,2182,59,68,
32766,7696,2188,60,71,
32766,7685,2186,53,64,
32766,7672,2183,63,67,
32766,7663,2182,60,71,
32766,7654,2188,55,69,
32766,7647,2174,62,68,
32766,7652,2187,58,70,
32766,7642,2181,63,70,
32766,7640,2178,52,64,
32766,7636,2188,75,65,
32766,7633,2184,63,65,
32766,7635,2183,62,62,
32766,7640,2191,65,64,
32766,7632,2175,69,66,
32766,7632,2172,60,65,
32766,7621,2173,63,60,
32766,7617,2176,61,71,
32766,7616,2187,61,71,
32766,7619,2172,63,61,
32766,7626,2169,60,65,
32766,7633,2173,62,70,
32766,7630,2191,55,67,
32766,7636,2192,80,57,
32766,7642,2186,61,57,
32766,7633,2189,60,69,
32766,7638,2193,68,74,
32766,7623,2195,56,67,
32766,7615,2185,68,63,
32766,7623,2182,68,56,
32766,7630,2190,71,59,
32766,7616,2177,51,73,
32766,7628,2188,54,68,
32766,7620,2191,63,61,
32766,7606,2170,69,71,
32766,7619,2171,66,78,
32766,7601,2168,60,63,
32766,7599,2154,67,66,
32766,7575,2149,62,64,
32766,7558,2138,68,76,
32766,7555,2124,58,68,
32766,7548,2123,65,69,
32766,7517,2112,59,72,
32766,7516,2094,67,77,
32766,7497,2100,70,77,
32766,7484,2091,67,71,
32766,7476,2077,71,76,
32766,7473,2068,58,66,
32766,7457,2069,69,66,
32766,7450,2080,63,70,
32766,7449,2053,59,71,
32766,7444,2057,60,68,
32766,7440,2047,66,75,
32766,7428,2039,65,66,
32766,7429,2028,74,79,
32766,7419,2036,69,64,
32766,7409,2020,67,75,
32766,7398,2000,65,72,
32766,7390,1995,62,70,
32766,7376,1974,62,70,
32766,7355,1953,69,67,
32766,7351,1933,69,68,
32766,7338,1922,66,76,
32766,7313,1897,68,72,
32766,7310,1873,68,70,
32766,7290,1860,65,79,
32766,7284,1835,59,69,
32766,7287,1819,63,75,
32766,7266,1807,59,75,
32766,7274,1801,74,78,
32766,7266,1781,69,73,
32766,7268,1780,70,76,
32766,7247,1780,69,73,
32766,7257,1780,71,80,
32766,7251,1785,74,71,
32766,7254,1775,57,75,
32766,7250,1788,73,71,
32766,7254,1790,67,72,
32766,7251,1789,73,78,
32766,7251,1791,64,75,
32766,7250,1788,71,65,
32766,7254,1800,70,77,
32766,7260,1806,70,83,
32766,7257,1822,72,65,
32766,7260,1819,67,72,
32766,7265,1815,66,67,
32766,7265,1833,63,66,
32766,7272,1840,72,63,
32766,7287,1848,63,90,
32766,7287,1858,63,71,
32766,7288,1866,70,57,
32766,7299,1872,63,67,
32766,7291,1871,61,69,
32766,7302,1891,65,67,
32766,7291,1880,67,76,
32766,7307,1891,77,78,
32766,7297,1894,59,67,
32766,7309,1898,62,71,
32766,7311,1904,57,70,
32766,7321,1899,70,68,
32766,7320,1919,60,74,
32766,7312,1914,66,80,
32766,7310,1899,66,74,
32766,7299,1910,54,72,
32766,7316,1908,67,62,
32766,7303,1909,64,71,
32766,7304,1899,57,74,
32766,7305,1903,63,65,
32766,7304,1904,61,71,
32766,7298,1894,63,71,
32766,7304,1901,67,70,
32766,7292,1903,62,69,
32766,7300,1894,77,76,
32766,7290,1895,64,78,
32766,7289,1898,63,70,
32766,7290,1898,68,81,
32766,7282,1878,68,60,
32766,7289,1891,62,72,
32766,7273,1876,61,71,
32766,7262,1880,69,74,
32766,7269,1881,65,68,
32766,7241,1879,64,77,
32766,7243,1873,67,63,
32766,7243,1859,68,64,
32766,7239,1870,69,74,
32766,7243,1874,63,73,
32766,7251,1871,70,73,
32766,7248,1864,75,72,
32766,7249,1867,61,61,
32766,7236,1864,68,66,
32766,7233,1876,69,79,
32766,7234,1867,63,67,
32766,7233,1871,56,67,
32766,7218,1869,71,73,
32766,7216,1858,68,75,
32766,7216,1865,60,77,
32766,7203,1864,73,73,
32766,7211,1866,66,64,
32766,7210,1858,74,62,
32766,7201,1858,62,71,
32766,7204,1857,62,70,
32766,7207,1862,62,68,
32766,7204,1861,60,71,
32766,7205,1861,62,64,
32766,7205,1864,73,66,
32766,7211,1863,64,74,
32766,7208,1861,60,72,
32766,7198,1864,53,68,
32766,7208,1853,70,65,
32766,7215,1866,71,75,
32766,7202,1854,69,73,
32766,7194,1861,62,81,
32766,7202,1848,65,72,
32766,7205,1844,61,75,
32766,7210,1858,72,77,
32766,7189,1853,64,64,
32766,7199,1855,68,70,
32766,7206,1845,66,77,
32766,7202,1855,57,77,
32766,7199,1841,67,61,
32766,7204,1846,62,72,
32766,7204,1845,59,67,
32766,7193,1856,62,73,
32766,7189,1848,69,73,
32766,7193,1858,60,67,
32766,7189,1849,59,75,
32766,7192,1844,63,58,
32766,7184,1844,74,66,
32766,7183,1862,63,75,
32766,7171,1851,64,71,
32766,7177,1854,59,72,
32766,7169,1851,69,65,
32766,7162,1875,67,66,
32766,7178,1878,72,62,
32766,7172,1870,70,67,
32766,7169,1874,66,76,
32766,7168,1875,59,62,
32766,7160,1877,58,66,
32766,7159,1871,56,66,
32766,7155,1872,59,70,
32766,7162,1876,74,74,
32766,7146,1877,68,68,
32766,7159,1879,65,66,
32766,7143,1870,59,68,
32766,7145,1861,58,75,
32766,7143,1872,73,71,
32766,7150,1873,65,67,
32766,7135,1862,58,69,
32766,7140,1867,50,68,
32766,7137,1859,67,62,
32766,7143,1861,71,76,
32766,7141,1856,65,79,
32766,7139,1859,57,70,
32766,7139,1859,67,64,
32766,7135,1861,66,65,
32766,7136,1859,58,64,
32766,7134,1863,63,77,
32766,7137,1865,67,62,
32766,7124,1853,70,66,
32766,7138,1863,62,70,
32766,7134,1865,66,55,
32766,7140,1850,56,77,
32766,7130,1867,64,61,
32766,7140,1867,72,73,
32766,7148,1871,62,69,
32766,7137,1858,65,65,
32766,7143,1860,58,69,
32766,7141,1852,62,75,
32766,7135,1860,66,80,
32766,7134,1859,70,67,
32766,7140,1856,58,69,
32766,7132,1852,61,68,
32766,7136,1863,53,69,
32766,7125,1856,62,70,
32766,7127,1855,61,62,
32766,7142,1854,75,70,
32766,7121,1857,73,73,
32766,7135,1850,60,82,
32766,7145,1854,63,66,
32766,7138,1866,62,72,
32766,7140,1844,59,72,
32766,7139,1849,59,72,
32766,7135,1846,66,71,
32766,7136,1849,68,72,
32766,7131,1840,59,80,
32766,7130,1831,62,62,
32766,7126,1833,73,67,
32766,7127,1834,75,67,
32766,7121,1831,70,75,
32766,7114,1820,70,68,
32766,7112,1813,62,68,
32766,7120,1811,61,76,
32766,7101,1806,62,66,
32766,7095,1812,69,72,
32766,7102,1814,63,68,
32766,7096,1808,63,76,
32766,7091,1803,72,73,
32766,7090,1794,68,72,
32766,7088,1808,63,73,
32766,7086,1794,60,74,
32766,7083,1812,67,70,
32766,7075,1801,77,76,
32766,7089,1804,68,72,
32766,7079,1812,69,63,
32766,7085,1802,66,74,
32766,7085,1805,68,63,
32766,7076,1810,75,71,
32766,7081,1811,63,82,
32766,7090,1809,70,73,
32766,7085,1807,71,73,
32766,7081,1803,67,77,
32766,7074,1813,68,66,
32766,7075,1799,74,82,
32766,7072,1789,62,74,
32766,7061,1802,65,61,
32766,7064,1794,73,76,
32766,7063,1798,62,73,
32766,7055,1794,65,66,
32766,7062,1802,67,73,
32766,7061,1803,62,67,
32766,7055,1803,74,66,
32766,7063,1791,62,78,
32766,7044,1796,71,65,
32766,7048,1797,63,68,
32766,7045,1790,68,70,
32766,7053,1787,66,73,
32766,7034,1789,65,79,
32766,7042,1794,64,73,
32766,7046,1791,62,57,
32766,7040,1799,66,91,
32766,7035,1785,67,75,
32766,7051,1801,67,76,
32766,7045,1793,65,68,
32766,7050,1795,69,70,
32766,7046,1792,62,68,
32766,7044,1786,65,74,
32766,7045,1792,67,78,
32766,7035,1791,67,72,
32766,7032,1774,64,69,
32766,7041,1783,60,70,
32766,7029,1788,68,69,
32766,7042,1778,63,75,
32766,7033,1783,63,69,
32766,7028,1778,65,77,
32766,7016,1765,68,66,
32766,7027,1768,61,85,
32766,7016,1770,65,73,
32766,7025,1768,71,64,
32766,7023,1772,76,79,
32766,7011,1761,65,68,
32766,7000,1765,71,69,
32766,7001,1760,60,60,
32766,6997,1753,66,74,
32766,6989,1746,64,73,
32766,6994,1748,65,70,
32766,6983,1750,70,76,
32766,6993,1748,67,77,
32766,6982,1748,61,71,
32766,6980,1743,60,72,
32766,6990,1739,69,74,
32766,6982,1743,64,75,
32766,6975,1749,74,74,
32766,6982,1744,67,69,
32766,6983,1740,57,75,
32766,6974,1740,72,75,
32766,6968,1739,66,72,
32766,6967,1742,69,69,
32766,6970,1739,69,73,
32766,6972,1731,64,69,
32766,6965,1738,72,74,
32766,6962,1746,70,81,
32766,6967,1732,65,62,
32766,6963,1734,69,70,
32766,6953,1738,67,63,
32766,6956,1731,66,77,
32766,6951,1727,71,64,
32766,6959,1737,67,67,
32766,6952,1732,64,69,
32766,6957,1722,68,72,
32766,6952,1723,71,71,
32766,6955,1725,76,66,
32766,6949,1723,65,74,
32766,6941,1719,57,75,
32766,6941,1718,68,68,
32766,6939,1716,67,71,
32766,6931,1719,69,68,
32766,6933,1717,63,82,
32766,6923,1714,68,76,
32766,6915,1720,71,69,
32766,6919,1709,73,66,
32766,6922,1709,61,70,
32766,6922,1701,65,79,
32766,6913,1706,67,70,
32766,6911,1701,70,67,
32766,6909,1688,60,69,
32766,6909,1685,65,75,
32766,6912,1696,69,74,
32766,6903,1699,65,75,
32766,6908,1687,62,86,
32766,6899,1694,80,68,
32766,6896,1685,80,69,
32766,6888,1682,58,75,
32766,6890,1683,61,66,
32766,6898,1684,59,78,
32766,6879,1680,69,70,
32766,6882,1684,65,62,
32766,6888,1687,66,69,
32766,6875,1666,72,81,
32766,6882,1672,68,68,
32766,6866,1658,67,74,
32766,6876,1661,72,86,
32766,6876,1686,74,66,
32766,6877,1670,59,75,
32766,6876,1660,69,69,
32766,6868,1667,70,72,
32766,6854,1671,66,73,
32766,6877,1672,69,73,
32766,6867,1656,76,77,
32766,6871,1661,65,73,
32766,6868,1657,65,71,
32766,6874,1650,62,84,
32766,6865,1653,74,71,
32766,6855,1649,79,76,
32766,6858,1664,71,86,
32766,6851,1652,70,69,
32766,6848,1648,73,70,
32766,6848,1647,73,80,
32766,6842,1646,66,75,
32766,6837,1651,66,78,
32766,6851,1640,75,76,
32766,6830,1636,73,83,
32766,6844,1643,70,85,
32766,6848,1652,80,78,
32766,6846,1649,77,64,
32766,6843,1653,70,61,
32766,6840,1641,73,61,
32766,6844,1639,65,76,
32766,6827,1637,73,80,
32766,6828,1642,66,72,
32766,6835,1648,71,79,
32766,6833,1639,58,80,
32766,6827,1639,75,74,
32766,6829,1631,63,74,
32766,6833,1644,73,80,
32766,6826,1639,64,76,
32766,6828,1640,68,69,
32766,6831,1641,73,78,
32766,6829,1636,74,76,
32766,6826,1631,72,79,
32766,6804,1638,70,67,
32766,6809,1643,64,79,
32766,6822,1638,67,75,
32766,6814,1634,59,66,
32766,6815,1636,60,81,
32766,6816,1638,61,79,
32766,6814,1645,65,71,
32766,6820,1639,75,79,
32766,6804,1636,69,71,
32766,6828,1641,72,74,
32766,6810,1643,67,72,
32766,6809,1632,72,78,
32766,6815,1643,68,76,
32766,6817,1630,71,74,
32766,6812,1636,68,70,
32766,6792,1634,74,74,
32766,6813,1640,62,75,
32766,6801,1625,72,74,
32766,6811,1632,65,73,
32766,6784,1622,62,80,
32766,6782,1622,69,73,
32766,6795,1627,70,73,
32766,6790,1624,65,68,
32766,6794,1634,71,76,
32766,6784,1622,73,76,
32766,6785,1635,71,74,
32766,6774,1630,75,74,
32766,6782,1622,63,70,
32766,6787,1627,65,72,
32766,6776,1626,65,74,
32766,6771,1621,73,72,
32766,6774,1635,66,80,
32766,6767,1628,61,72,
32766,6770,1631,63,76,
32766,6772,1630,70,78,
32766,6763,1624,65,76,
32766,6769,1629,63,66,
32766,6763,1641,70,77,
32766,6767,1638,69,74,
32766,6777,1658,69,73,
32766,6771,1655,68,72,
32766,6776,1662,55,71,
32766,6779,1663,71,77,
32766,6782,1667,68,71,
32766,6782,1674,65,71,
32766,6797,1675,73,73,
32766,6789,1678,75,67,
32766,6783,1690,58,75,
32766,6788,1690,76,78,
32766,6795,1678,69,79,
32766,6777,1682,59,76,
32766,6795,1688,74,73,
32766,6784,1672,78,72,
32766,6785,1678,64,77,
32766,6781,1677,73,66,
32766,6780,1676,62,73,
32766,6771,1678,63,80,
32766,6773,1679,69,69,
32766,6775,1673,62,69,
32766,6777,1675,59,63,
32766,6769,1672,71,75,
32766,6771,1683,62,69,
32766,6772,1664,65,69,
32766,6774,1674,73,83,
32766,6762,1676,61,67,
32766,6768,1670,81,75,
32766,6773,1671,72,70,
32766,6767,1675,68,71,
32766,6758,1668,65,75,
32766,6753,1672,62,72,
32766,6761,1667,69,76,
32766,6759,1672,69,78,
32766,6756,1659,61,71,
32766,6755,1677,70,70,
32766,6754,1655,67,65,
32766,6762,1668,65,64,
32766,6754,1662,66,67,
32766,6760,1668,67,76,
32766,6759,1658,68,66,
32766,6750,1660,67,72,
32766,6756,1664,58,77,
32766,6753,1669,59,74,
32766,6748,1665,70,64,
32766,6749,1657,66,62,
32766,6749,1664,66,65,
32766,6743,1660,71,71,
32766,6748,1670,66,73,
32766,6747,1660,60,71,
32766,6743,1669,65,77,
32766,6746,1665,68,85,
32766,6743,1665,62,76,
32766,6755,1671,61,71,
32766,6739,1659,64,78,
32766,6733,1658,63,67,
32766,6735,1669,68,77,
32766,6737,1666,62,64,
32766,6741,1658,51,65,
32766,6734,1658,59,79,
32766,6740,1654,62,72,
32766,6734,1659,65,59,
32766,6720,1668,76,68,
32766,6724,1654,69,66,
32766,6731,1657,65,74,
32766,6728,1651,73,77,
32766,6718,1651,63,79,
32766,6723,1657,68,65,
32766,6730,1655,66,82,
32766,6731,1664,68,65,
32766,6714,1658,58,71,
32766,6731,1646,66,66,
32766,6727,1665,59,67,
32766,6730,1653,60,70,
32766,6727,1657,74,68,
32766,6716,1658,64,67,
32766,6716,1656,67,78,
32766,6718,1657,67,67,
32766,6714,1649,62,80,
32766,6719,1656,70,72,
32766,6718,1661,78,68,
32766,6721,1651,58,68,
32766,6717,1659,62,71,
32766,6714,1649,59,58,
32766,6714,1662,65,62,
32766,6719,1648,71,75,
32766,6710,1657,67,74,
32766,6702,1641,52,72,
32766,6702,1644,70,70,
32766,6709,1645,65,70,
32766,6702,1651,71,72,
32766,6712,1644,63,64,
32766,6692,1630,71,73,
32766,6703,1645,66,74,
32766,6702,1648,60,71,
32766,6697,1644,70,74,
32766,6701,1646,59,82,
32766,6700,1647,73,65,
32766,6694,1644,58,71,
32766,6693,1644,69,74,
32766,6699,1631,67,69,
32766,6700,1645,65,74,
32766,6702,1641,58,66,
32766,6690,1638,62,73,
32766,6688,1636,65,65,
32766,6703,1644,69,70,
32766,6693,1641,69,72,
32766,6691,1641,60,67,
32766,6690,1638,66,72,
32766,6682,1632,69,68,
32766,6681,1642,71,63,
32766,6679,1644,59,77,
32766,6679,1637,67,76,
32766,6703,1646,73,66,
32766,6683,1633,64,68,
32766,6683,1640,70,67,
32766,6685,1641,65,67,
32766,6671,1626,66,70,
32766,6688,1634,56,69,
32766,6680,1637,56,68,
32766,6677,1638,62,68,
32766,6680,1646,59,61,
32766,6675,1638,66,76,
32766,6672,1638,62,67,
32766,6678,1641,61,71,
32766,6672,1634,54,71,
32766,6681,1642,67,80,
32766,6680,1637,70,67,
32766,6671,1650,59,65,
32766,6661,1634,66,75,
32766,6669,1640,62,78,
32766,6665,1633,59,63,
32766,6663,1638,66,69,
32766,6662,1631,66,73,
32766,6664,1635,67,75,
32766,6668,1638,53,69,
32766,6665,1636,69,69,
32766,6671,1638,60,80,
32766,6662,1638,66,67,
32766,6652,1638,69,70,
32766,6665,1633,66,62,
32766,6659,1638,65,68,
32766,6653,1633,64,75,
32766,6658,1646,67,72,
32766,6658,1642,57,62,
32766,6659,1628,72,71,
32766,6655,1642,67,71,
32766,6657,1629,59,64,
32766,6666,1639,61,70,
32766,6660,1623,59,66,
32766,6657,1644,64,67,
32766,6650,1631,51,66,
32766,6655,1629,62,74,
32766,6651,1632,59,69,
32766,6653,1628,77,69,
32766,6658,1631,62,73,
32766,6655,1631,65,74,
32766,6644,1634,63,73,
32766,6644,1626,64,69,
32766,6637,1621,61,67,
32766,6629,1612,74,74,
32766,6631,1613,69,70,
32766,6645,1614,71,75,
32766,6632,1624,70,67,
32766,6621,1614,58,75,
32766,6621,1614,65,70,
32766,6615,1607,76,60,
32766,6619,1611,69,73,
32766,6624,1618,67,71,
32766,6627,1607,63,74,
32766,6626,1612,64,77,
32766,6618,1620,65,70,
32766,6617,1608,67,74,
32766,6611,1607,67,63,
32766,6611,1617,69,62,
32766,6612,1617,70,61,
32766,6619,1614,58,73,
32766,6610,1619,64,74,
32766,6614,1618,65,69,
32766,6609,1625,59,74,
32766,6610,1627,62,77,
32766,6617,1623,54,67,
32766,6618,1625,60,78,
32766,6628,1629,69,63,
32766,6621,1635,56,68,
32766,6635,1633,57,79,
32766,6626,1622,57,69,
32766,6615,1640,67,67,
32766,6618,1632,64,74,
32766,6622,1639,70,62,
32766,6614,1638,67,77,
32766,6620,1632,66,69,
32766,6623,1628,65,70,
32766,6617,1627,55,64,
32766,6635,1629,55,71,
32766,6621,1626,62,72,
32766,6615,1624,72,64,
32766,6630,1625,64,76,
32766,6618,1619,67,62,
32766,6613,1622,72,65,
32766,6608,1629,58,71,
32766,6608,1621,64,68,
32766,6616,1622,56,64,
32766,6601,1628,50,67,
32766,6601,1623,67,72,
32766,6610,1635,63,59,
32766,6596,1625,58,69,
32766,6605,1626,57,58,
32766,6609,1619,72,64,
32766,6617,1617,69,61,
32766,6600,1616,69,68,
32766,6609,1615,61,70,
32766,6602,1615,57,63,
32766,6597,1622,64,68,
32766,6601,1622,63,68,
32766,6596,1621,61,68,
32766,6609,1620,61,65,
32766,6601,1626,67,62,
32766,6609,1619,63,70,
32766,6590,1621,58,61,
32766,6596,1626,63,66,
32766,6605,1622,58,79,
32766,6599,1623,61,70,
32766,6593,1620,70,66,
32766,6603,1623,65,74,
32766,6599,1622,58,80,
32766,6593,1620,56,63,
32766,6591,1610,60,59,
32766,6592,1629,52,83,
32766,6585,1619,65,63,
32766,6594,1622,54,61,
32766,6587,1621,64,75,
32766,6590,1604,60,63,
32766,6595,1620,57,66,
32766,6592,1614,67,70,
32766,6582,1624,60,72,
32766,6583,1621,67,63,
32766,6582,1611,66,75,
32766,6580,1615,52,64,
32766,6574,1610,64,71,
32766,6571,1608,65,76,
32766,6586,1617,68,73,
32766,6587,1604,63,73,
32766,6575,1608,69,77,
32766,6576,1610,64,67,
32766,6578,1614,63,73,
32766,6570,1605,63,71,
32766,6579,1610,55,65,
32766,6573,1605,72,80,
32766,6568,1613,56,75,
32766,6574,1619,50,63,
32766,6567,1616,60,64,
32766,6570,1611,66,71,
32766,6565,1607,54,63,
32766,6555,1606,71,67,
32766,6564,1613,64,65,
32766,6560,1602,73,70,
32766,6561,1609,55,57,
32766,6571,1610,65,63,
32766,6561,1614,62,64,
32766,6555,1606,59,75,
32766,6568,1621,67,71,
32766,6563,1614,72,69,
32766,6553,1615,58,77,
32766,6562,1608,59,62,
32766,6561,1606,71,76,
32766,6555,1609,64,72,
32766,6548,1617,63,68,
32766,6556,1607,76,74,
32766,6555,1615,56,72,
32766,6550,1611,65,87,
32766,6552,1616,61,63,
32766,6552,1611,65,60,
32766,6552,1607,57,67,
32766,6552,1616,65,71,
32766,6541,1613,69,77,
32766,6554,1613,65,70,
32766,6538,1615,70,70,
32766,6543,1603,61,71,
32766,6544,1605,65,70,
32766,6534,1613,64,73,
32766,6539,1607,83,67,
32766,6538,1604,58,82,
32766,6543,1602,56,56,
32766,6548,1609,61,72,
32766,6531,1607,63,74,
32766,6532,1600,67,66,
32766,6535,1614,59,61,
32766,6531,1603,64,65,
32766,6529,1604,60,70,
32766,6529,1597,56,74,
32766,6533,1610,60,60,
32766,6524,1606,57,77,
32766,6523,1612,68,74,
32766,6525,1611,62,66,
32766,6517,1599,58,67,
32766,6531,1607,58,66,
32766,6529,1606,68,62,
32766,6527,1595,60,73,
32766,6515,1597,61,70,
32766,6522,1601,65,69,
32766,6515,1611,66,72,
32766,6514,1607,58,71,
32766,6525,1601,57,71,
32766,6522,1602,69,80,
32766,6513,1602,71,63,
32766,6510,1606,64,68,
32766,6514,1595,55,65,
32766,6515,1603,68,63,
32766,6515,1606,66,69,
32766,6512,1588,59,69,
32766,6521,1597,60,80,
32766,6514,1594,57,84,
32766,6502,1598,68,63,
32766,6510,1594,73,67,
32766,6499,1603,67,66,
32766,6506,1595,66,67,
32766,6507,1601,67,65,
32766,6500,1596,56,75,
32766,6515,1594,63,64,
32766,6497,1604,54,77,
32766,6495,1595,65,72,
32766,6496,1591,66,66,
32766,6499,1594,57,73,
32766,6503,1595,56,65,
32766,6498,1583,57,66,
32766,6489,1578,63,75,
32766,6495,1596,64,59,
32766,6495,1594,64,69,
32766,6488,1593,58,82,
32766,6493,1587,63,66,
32766,6489,1586,58,64,
32766,6493,1581,66,69,
32766,6491,1593,65,63,
32766,6489,1584,53,67,
32766,6477,1585,51,74,
32766,6488,1595,65,63,
32766,6476,1586,66,64,
32766,6480,1593,67,63,
32766,6486,1589,62,65,
32766,6488,1584,62,62,
32766,6482,1588,70,68,
32766,6472,1581,70,82,
32766,6480,1586,57,70,
32766,6481,1585,57,66,
32766,6474,1584,62,69,
32766,6482,1589,62,73,
32766,6478,1588,64,73,
32766,6480,1588,62,70,
32766,6478,1581,70,65,
32766,6482,1579,56,68,
32766,6478,1576,53,63,
32766,6472,1583,63,68,
32766,6457,1578,61,75,
32766,6482,1586,72,70,
32766,6475,1591,66,73,
32766,6465,1578,68,65,
32766,6466,1596,57,69,
32766,6479,1584,70,70,
32766,6469,1585,61,75,
32766,6464,1575,63,64,
32766,6467,1585,53,68,
32766,6463,1578,68,73,
32766,6461,1576,64,64,
32766,6454,1579,58,70,
32766,6455,1587,66,62,
32766,6451,1569,63,67,
32766,6455,1574,49,67,
32766,6452,1583,67,56,
32766,6450,1583,73,77,
32766,6454,1569,62,64,
32766,6455,1581,56,69,
32766,6451,1572,72,69,
32766,6448,1582,64,63,
32766,6454,1585,69,66,
32766,6457,1583,66,76,
32766,6454,1579,71,74,
32766,6451,1576,62,73,
32766,6449,1577,67,62,
32766,6449,1579,69,66,
32766,6443,1578,60,75,
32766,6457,1588,52,70,
32766,6446,1584,62,67,
32766,6445,1585,70,69,
32766,6436,1577,68,67,
32766,6440,1568,66,68,
32766,6446,1586,68,68,
32766,6444,1587,62,69,
32766,6446,1588,67,73,
32766,6440,1579,59,67,
32766,6441,1580,62,66,
32766,6447,1582,51,65,
32766,6444,1577,62,66,
32766,6446,1578,65,69,
32766,6448,1587,68,64,
32766,6437,1577,55,61,
32766,6445,1588,59,75,
32766,6431,1583,56,67,
32766,6446,1587,62,60,
32766,6433,1583,63,70,
32766,6436,1579,65,74,
32766,6442,1586,68,66,
32766,6431,1582,60,73,
32766,6425,1586,69,68,
32766,6439,1582,55,71,
32766,6430,1579,68,68,
32766,6435,1582,69,68,
32766,6432,1591,63,71,
32766,6427,1580,72,68,
32766,6428,1583,58,69,
32766,6435,1584,77,68,
32766,6434,1585,64,68,
32766,6427,1591,58,77,
32766,6432,1582,61,67,
32766,6427,1587,66,76,
32766,6424,1582,67,66,
32766,6428,1579,70,67,
32766,6418,1578,67,65,
32766,6433,1591,64,62,
32766,6417,1573,56,78,
32766,6428,1586,68,67,
32766,6426,1582,55,72,
32766,6424,1577,63,69,
32766,6416,1573,60,67,
32766,6421,1576,64,71,
32766,6427,1576,55,72,
32766,6418,1580,67,74,
32766,6417,1587,55,75,
32766,6426,1581,61,80,
32766,6432,1580,62,72,
32766,6425,1582,46,67,
32766,6410,1572,63,66,
32766,6421,1577,57,83,
32766,6429,1587,53,62,
32766,6428,1585,65,65,
32766,6425,1581,70,66,
32766,6412,1587,56,71,
32766,6413,1578,62,59,
32766,6418,1578,69,64,
32766,6419,1578,70,63,
32766,6412,1571,73,71,
32766,6412,1590,67,71,
32766,6404,1589,56,62,
32766,6409,1580,52,62,
32766,6405,1581,59,74,
32766,6409,1581,68,72,
32766,6399,1584,51,74,
32766,6405,1574,64,68,
32766,6403,1573,67,70,
32766,6411,1576,65,69,
32766,6405,1573,67,65,
32766,6400,1582,62,69,
32766,6411,1582,64,62,
32766,6413,1584,56,66,
32766,6410,1576,61,68,
32766,6404,1572,53,65,
32766,6405,1582,64,62,
32766,6410,1581,59,70,
32766,6404,1581,59,66,
32766,6408,1580,63,63,
32766,6397,1583,57,69,
32766,6405,1582,59,68,
32766,6404,1584,56,69,
32766,6407,1575,66,60,
32766,6401,1581,57,58,
32766,6400,1580,74,63,
32766,6395,1589,65,71,
32766,6396,1577,66,76,
32766,6397,1580,61,76,
32766,6400,1583,67,72,
32766,6396,1581,71,71,
32766,6399,1591,56,66,
32766,6415,1584,60,69,
32766,6395,1579,64,65,
32766,6400,1588,69,65,
32766,6391,1576,56,74,
32766,6398,1582,65,75,
32766,6392,1592,57,69,
32766,6392,1582,53,68,
32766,6395,1587,59,65,
32766,6386,1582,70,69,
32766,6394,1583,58,68,
32766,6391,1582,58,61,
32766,6393,1588,50,70,
32766,6388,1578,68,61,
32766,6389,1580,62,76,
32766,6382,1584,73,72,
32766,6386,1575,63,61,
32766,6397,1576,52,75,
32766,6396,1578,69,62,
32766,6382,1586,69,75,
32766,6393,1587,61,62,
32766,6388,1573,75,68,
32766,6396,1588,63,70,
32766,6386,1598,68,73,
32766,6383,1579,67,69,
32766,6384,1578,62,67,
32766,6381,1570,58,65,
32766,6376,1571,66,66,
32766,6381,1583,55,63,
32766,6391,1586,54,69,
32766,6380,1584,65,62,
32766,6373,1582,58,58,
32766,6380,1572,63,69,
32766,6379,1585,53,77,
32766,6382,1579,59,60,
32766,6385,1582,67,72,
32766,6377,1575,62,68,
32766,6373,1577,61,69,
32766,6368,1577,61,62,
32766,6389,1575,60,68,
32766,6371,1580,69,72,
32766,6381,1573,57,69,
32766,6372,1576,65,67,
32766,6377,1566,58,64,
32766,6365,1576,55,60,
32766,6376,1588,60,60,
32766,6374,1581,65,68,
32766,6362,1579,66,67,
32766,6377,1573,61,69,
32766,6374,1578,60,72,
32766,6367,1574,60,72,
32766,6364,1577,54,73,
32766,6374,1571,62,77,
32766,6363,1572,64,54,
32766,6370,1571,61,63,
32766,6365,1568,73,76,
32766,6366,1569,65,69,
32766,6369,1577,58,66,
32766,6361,1575,59,70,
32766,6358,1582,60,57,
32766,6375,1584,64,67,
32766,6363,1583,63,61,
32766,6355,1573,66,65,
32766,6362,1572,63,70,
32766,6359,1575,59,68,
32766,6355,1563,74,61,
32766,6355,1578,55,71,
32766,6359,1574,64,66,
32766,6352,1579,63,72,
32766,6364,1578,62,67,
32766,6347,1578,62,59,
32766,6349,1580,63,78,
32766,6360,1577,53,71,
32766,6360,1568,66,67,
32766,6354,1577,65,66,
32766,6355,1570,68,62,
32766,6357,1575,61,69,
32766,6358,1579,70,73,
32766,6358,1567,62,72,
32766,6354,1580,65,68,
32766,6352,1572,63,74,
32766,6351,1570,58,56,
32766,6355,1577,59,75,
32766,6358,1575,64,68,
32766,6349,1574,51,69,
32766,6361,1573,56,73,
32766,6349,1569,65,60,
32766,6350,1565,68,72,
32766,6343,1576,62,59,
32766,6351,1571,51,65,
32766,6338,1576,60,69,
32766,6343,1572,65,64,
32766,6337,1567,60,66,
32766,6351,1563,59,65,
32766,6341,1566,58,72,
32766,6338,1573,61,76,
32766,6343,1580,55,69,
32766,6346,1574,65,67,
32766,6348,1568,70,76,
32766,6339,1563,73,72,
32766,6337,1558,57,69,
32766,6347,1563,60,71,
32766,6348,1566,61,69,
32766,6341,1560,65,63,
32766,6337,1568,67,64,
32766,6324,1563,58,65,
32766,6338,1571,65,66,
32766,6333,1569,64,76,
32766,6328,1557,63,61,
32766,6331,1560,61,74,
32766,6333,1567,55,72,
32766,6327,1558,63,72,
32766,6338,1569,59,67,
32766,6325,1565,62,64,
32766,6342,1562,67,66,
32766,6337,1566,55,69,
32766,6331,1566,58,70,
32766,6335,1562,66,70,
32766,6329,1561,64,68,
32766,6322,1556,60,64,
32766,6326,1566,55,72,
32766,6323,1568,69,73,
32766,6326,1550,66,71,
32766,6323,1561,64,67,
32766,6326,1566,62,74,
32766,6316,1563,59,58,
32766,6319,1555,67,74,
32766,6325,1562,61,62,
32766,6327,1561,55,77,
32766,6323,1562,55,81,
32766,6312,1558,66,76,
32766,6314,1566,61,71,
32766,6329,1561,64,69,
32766,6326,1563,52,64,
32766,6330,1558,61,61,
32766,6316,1558,61,69,
32766,6324,1555,64,70,
32766,6312,1561,59,70,
32766,6314,1558,67,80,
32766,6318,1552,70,66,
32766,6322,1555,68,74,
32766,6312,1550,62,69,
32766,6303,1547,55,69,
32766,6321,1556,73,64,
32766,6309,1565,73,75,
32766,6319,1555,60,73,
32766,6318,1550,61,68,
32766,6322,1550,74,68,
32766,6315,1556,50,65,
32766,6308,1554,64,76,
32766,6303,1558,57,62,
32766,6310,1560,70,69,
32766,6309,1564,63,69,
32766,6311,1553,63,67,
32766,6316,1559,74,62,
32766,6299,1552,61,65,
32766,6302,1555,66,70,
32766,6299,1555,63,61,
32766,6299,1562,65,63,
32766,6303,1555,55,65,
32766,6300,1544,56,68,
32766,6303,1539,66,68,
32766,6300,1555,53,68,
32766,6303,1555,60,65,
32766,6297,1546,50,75,
32766,6300,1537,66,63,
32766,6297,1553,63,61,
32766,6297,1548,58,60,
32766,6300,1540,70,71,
32766,6295,1556,72,71,
32766,6299,1553,68,65,
32766,6295,1547,68,62,
32766,6293,1552,55,70,
32766,6290,1541,66,74,
32766,6294,1550,65,65,
32766,6296,1557,66,73,
32766,6291,1549,54,71,
32766,6300,1552,56,66,
32766,6293,1552,64,60,
32766,6285,1554,61,61,
32766,6287,1545,62,67,
32766,6293,1547,54,69,
32766,6293,1546,66,61,
32766,6292,1551,74,69,
32766,6293,1544,60,70,
32766,6294,1548,68,55,
32766,6289,1542,62,76,
32766,6292,1552,66,68,
32766,6287,1555,66,73,
32766,6280,1547,51,71,
32766,6281,1544,64,67,
32766,6290,1550,65,68,
32766,6277,1550,54,66,
32766,6288,1551,62,66,
32766,6285,1551,56,67,
32766,6280,1552,59,70,
32766,6288,1556,59,69,
32766,6286,1543,62,70,
32766,6291,1546,51,73,
32766,6277,1559,62,62,
32766,6291,1547,64,68,
32766,6280,1543,64,61,
32766,6288,1553,60,76,
32766,6280,1552,68,63,
32766,6283,1550,64,64,
32766,6291,1544,61,76,
32766,6286,1563,63,67,
32766,6270,1542,65,69,
32766,6282,1549,52,60,
32766,6282,1545,61,75,
32766,6274,1544,69,70,
32766,6272,1551,65,65,
32766,6276,1557,68,73,
32766,6280,1547,62,70,
32766,6277,1543,67,54,
32766,6282,1562,61,72,
32766,6280,1546,57,65,
32766,6272,1548,56,71,
32766,6276,1543,62,63,
32766,6273,1542,71,71,
32766,6276,1555,57,71,
32766,6268,1554,59,65,
32766,6282,1547,68,60,
32766,6276,1542,58,67,
32766,6271,1544,62,68,
32766,6278,1551,62,62,
32766,6268,1546,63,72,
32766,6276,1548,59,76,
32766,6259,1540,60,61,
32766,6276,1541,51,57,
32766,6270,1549,61,57,
32766,6267,1536,60,68,
32766,6262,1545,69,65,
32766,6263,1547,62,68,
32766,6279,1536,60,67,
32766,6265,1541,67,59,
32766,6270,1548,59,75,
32766,6269,1547,68,71,
32766,6270,1551,63,73,
32766,6266,1551,62,74,
32766,6263,1548,70,66,
32766,6263,1551,65,71,
32766,6272,1544,52,70,
32766,6271,1549,62,61,
32766,6271,1542,60,74,
32766,6257,1554,63,71,
32766,6267,1554,58,64,
32766,6266,1548,64,62,
32766,6271,1551,57,72,
32766,6261,1546,57,67,
32766,6247,1545,56,61,
32766,6254,1554,61,62,
32766,6266,1552,70,74,
32766,6254,1544,77,63,
32766,6269,1558,67,62,
32766,6268,1551,59,75,
32766,6259,1550,66,75,
32766,6264,1547,52,62,
32766,6269,1548,70,74,
32766,6261,1548,62,58,
32766,6265,1543,61,75,
32766,6270,1543,63,64,
32766,6266,1561,58,66,
32766,6267,1550,71,65,
32766,6262,1549,65,61,
32766,6266,1553,67,70,
32766,6258,1555,62,61,
32766,6271,1556,64,69,
32766,6254,1552,67,60,
32766,6260,1556,61,73,
32766,6259,1547,66,70,
32766,6255,1549,70,68,
32766,6256,1542,59,64,
32766,6258,1544,62,61,
32766,6245,1542,46,70,
32766,6251,1549,67,77,
32766,6249,1544,60,68,
32766,6259,1555,56,68,
32766,6255,1550,65,79,
32766,6245,1548,61,59,
32766,6239,1544,55,68,
32766,6247,1547,61,65,
32766,6251,1551,52,72,
32766,6258,1550,52,69,
32766,6252,1553,67,72,
32766,6256,1532,60,66,
32766,6247,1546,70,65,
32766,6250,1539,60,75,
32766,6252,1537,66,66,
32766,6254,1536,49,74,
32766,6244,1547,62,70,
32766,6239,1548,62,76,
32766,6249,1538,66,72,
32766,6248,1549,48,75,
32766,6250,1535,60,70,
32766,6253,1542,73,70,
32766,6246,1549,63,58,
32766,6244,1549,62,65,
32766,6258,1545,67,68,
32766,6257,1546,64,69,
32766,6243,1552,68,71,
32766,6242,1536,56,66,
32766,6241,1542,61,68,
32766,6251,1547,65,76,
32766,6237,1552,60,66,
32766,6247,1539,65,64,
32766,6236,1535,66,71,
32766,6237,1544,62,70,
32766,6233,1547,59,69,
32766,6246,1538,60,65,
32766,6239,1545,58,66,
32766,6236,1536,59,65,
32766,6242,1545,52,61,
32766,6248,1546,62,65,
32766,6238,1550,60,62,
32766,6244,1541,65,72,
32766,6237,1543,52,70,
32766,6242,1548,57,70,
32766,6237,1540,70,71,
32766,6237,1543,62,73,
32766,6233,1536,53,67,
32766,6232,1540,47,67,
32766,6235,1556,66,67,
32766,6229,1541,63,69,
32766,6236,1543,56,65,
32766,6232,1539,60,75,
32766,6237,1540,58,63,
32766,6242,1543,58,70,
32766,6244,1545,60,66,
32766,6222,1539,58,67,
32766,6229,1540,68,76,
32766,6227,1542,56,69,
32766,6235,1535,63,72,
32766,6218,1533,65,71,
32766,6220,1544,68,71,
32766,6228,1531,66,65,
32766,6221,1535,54,74,
32766,6225,1539,68,65,
32766,6240,1535,64,60,
32766,6225,1538,63,76,
32766,6230,1534,63,64,
32766,6208,1536,59,64,
32766,6216,1535,62,78,
32766,6222,1544,52,62,
32766,6221,1545,72,65,
32766,6215,1535,50,63,
32766,6210,1537,63,69,
32766,6228,1543,53,58,
32766,6216,1537,65,68,
32766,6232,1536,65,68,
32766,6227,1536,63,67,
32766,6205,1534,67,68,
32766,6223,1532,58,65,
32766,6214,1540,51,66,
32766,6221,1537,61,63,
32766,6217,1545,61,66,
32766,6222,1541,54,70,
32766,6221,1537,62,64,
32766,6218,1538,58,77,
32766,6212,1531,66,77,
32766,6213,1529,53,75,
32766,6202,1534,59,61,
32766,6212,1545,63,71,
32766,6207,1539,62,73,
32766,6205,1540,65,65,
32766,6211,1546,63,72,
32766,6206,1536,53,65,
32766,6206,1530,68,67,
32766,6203,1532,68,71,
32766,6203,1539,62,70,
32766,6198,1540,65,65,
32766,6205,1529,64,68,
32766,6208,1530,65,65,
32766,6203,1532,71,72,
32766,6205,1528,63,74,
32766,6198,1532,61,68,
32766,6203,1529,59,66,
32766,6203,1523,53,63,
32766,6204,1523,65,62,
32766,6201,1533,58,66,
32766,6205,1527,71,72,
32766,6192,1531,66,68,
32766,6196,1536,65,72,
32766,6203,1519,71,71,
32766,6191,1526,51,73,
32766,6198,1530,65,72,
32766,6196,1530,62,67,
32766,6194,1530,56,58,
32766,6204,1527,64,64,
32766,6197,1534,57,63,
32766,6193,1523,65,69,
32766,6194,1530,63,68,
32766,6197,1520,62,64,
32766,6203,1528,64,67,
32766,6199,1531,73,64,
32766,6185,1518,60,71,
32766,6192,1538,65,70,
32766,6191,1524,56,69,
32766,6188,1530,65,63,
32766,6195,1524,64,70,
32766,6196,1526,58,60,
32766,6195,1529,69,73,
32766,6178,1532,60,72,
32766,6185,1514,61,59,
32766,6180,1519,67,64,
32766,6188,1525,64,64,
32766,6186,1521,64,64,
32766,6187,1520,61,64,
32766,6194,1526,70,63,
32766,6187,1525,67,73,
32766,6194,1537,61,77,
32766,6189,1532,65,69,
32766,6195,1524,54,80,
32766,6198,1529,53,74,
32766,6197,1528,59,63,
32766,6184,1521,59,68,
32766,6195,1532,61,64,
32766,6196,1528,71,67,
32766,6197,1540,66,64,
32766,6193,1526,70,62,
32766,6188,1520,58,66,
32766,6181,1528,67,59,
32766,6192,1526,67,57,
32766,6168,1535,65,68,
32766,6187,1526,65,64,
32766,6180,1515,57,68,
32766,6170,1516,59,72,
32766,6172,1509,65,65,
32766,6173,1516,59,68,
32766,6167,1514,66,71,
32766,6164,1507,69,72,
32766,6160,1517,68,69,
32766,6154,1500,61,64,
32766,6158,1504,67,67,
32766,6146,1502,65,65,
32766,6156,1507,58,66,
32766,6151,1500,59,65,
32766,6165,1503,58,69,
32766,6149,1497,64,64,
32766,6155,1512,61,77,
32766,6142,1507,56,69,
32766,6145,1506,69,73,
32766,6142,1508,59,76,
32766,6149,1502,59,64,
32766,6145,1510,60,67,
32766,6144,1509,62,72,
32766,6144,1509,59,68,
32766,6157,1498,57,60,
32766,6145,1508,64,68,
32766,6146,1513,64,69,
32766,6145,1508,67,76,
32766,6140,1500,61,64,
32766,6145,1503,65,67,
32766,6146,1515,56,64,
32766,6144,1514,59,68,
32766,6143,1508,65,68,
32766,6141,1507,57,66,
32766,6141,1517,59,72,
32766,6136,1505,59,58,
32766,6139,1508,64,61,
32766,6143,1513,61,73,
32766,6142,1512,62,58,
32766,6147,1507,62,74,
32766,6140,1512,62,57,
32766,6152,1511,63,69,
32766,6150,1516,64,64,
32766,6148,1508,64,62,
32766,6141,1515,61,74,
32766,6146,1510,60,65,
32766,6139,1507,56,71,
32766,6150,1512,57,68,
32766,6147,1520,65,71,
32766,6151,1509,65,62,
32766,6145,1517,56,75,
32766,6148,1518,59,66,
32766,6143,1513,58,68,
32766,6152,1513,51,61,
32766,6145,1514,60,62,
32766,6148,1513,59,59,
32766,6155,1514,50,68,
32766,6141,1521,64,62,
32766,6137,1519,63,79,
32766,6144,1522,57,66,
32766,6138,1506,78,61,
32766,6141,1515,62,68,
32766,6142,1513,63,67,
32766,6142,1521,68,56,
32766,6138,1514,61,60,
32766,6135,1508,57,73,
32766,6134,1507,58,75,
32766,6144,1504,62,62,
32766,6142,1515,62,75,
32766,6138,1509,61,74,
32766,6146,1506,59,68,
32766,6139,1507,57,65,
32766,6142,1517,60,60,
32766,6131,1512,64,58,
32766,6129,1519,66,74,
32766,6147,1508,54,65,
32766,6138,1499,59,66,
32766,6136,1509,68,66,
32766,6137,1511,55,68,
32766,6140,1512,67,68,
32766,6125,1502,57,74,
32766,6123,1517,65,76,
32766,6137,1501,64,67,
32766,6130,1516,58,68,
32766,6136,1501,69,65,
32766,6133,1513,65,72,
32766,6126,1504,68,70,
32766,6142,1507,59,60,
32766,6140,1506,63,71,
32766,6127,1507,68,71,
32766,6132,1504,56,72,
32766,6132,1512,65,59,
32766,6126,1501,58,65,
32766,6135,1503,66,61,
32766,6136,1515,57,70,
32766,6130,1507,66,69,
32766,6120,1515,71,70,
32766,6123,1513,64,66,
32766,6141,1514,59,70,
32766,6131,1513,59,74,
32766,6127,1506,54,65,
32766,6131,1512,48,62,
32766,6124,1513,59,71,
32766,6134,1507,62,66,
32766,6119,1516,60,70,
32766,6133,1510,64,73,
32766,6136,1504,58,59,
32766,6129,1521,55,68,
32766,6133,1506,66,64,
32766,6133,1506,61,62,
32766,6135,1514,57,68,
32766,6130,1525,49,61,
32766,6129,1515,57,73,
32766,6129,1504,64,68,
32766,6128,1509,63,66,
32766,6130,1509,62,68,
32766,6133,1514,60,57,
32766,6129,1507,57,62,
32766,6128,1498,57,69,
32766,6133,1517,62,60,
32766,6119,1511,58,64,
32766,6123,1509,50,62,
32766,6124,1503,61,65,
32766,6122,1515,56,68,
32766,6131,1510,64,60,
32766,6128,1508,50,72,
32766,6121,1516,72,62,
32766,6137,1509,60,71,
32766,6119,1506,56,68,
32766,6113,1510,61,68,
32766,6126,1503,62,68,
32766,6120,1499,57,68,
32766,6126,1515,53,65,
32766,6115,1505,66,68,
32766,6119,1513,49,74,
32766,6127,1521,66,70,
32766,6114,1502,60,65,
32766,6130,1506,66,61,
32766,6119,1509,58,69,
32766,6110,1511,50,74,
32766,6120,1509,73,66,
32766,6123,1505,58,68,
32766,6110,1512,60,63,
32766,6118,1516,62,70,
32766,6116,1496,59,70,
32766,6115,1513,60,63,
32766,6120,1504,65,67,
32766,6115,1518,62,67,
32766,6113,1508,60,65,
32766,6116,1522,59,67,
32766,6126,1510,57,65,
32766,6134,1500,53,57,
32766,6115,1518,58,68,
32766,6113,1503,54,71,
32766,6111,1504,49,58,
32766,6123,1516,63,68,
32766,6110,1502,58,71,
32766,6127,1507,63,63,
32766,6122,1511,62,64,
32766,6118,1502,66,71,
32766,6113,1511,59,64,
32766,6109,1497,51,66,
32766,6107,1507,61,68,
32766,6113,1511,62,57,
32766,6107,1518,54,68,
32766,6119,1511,69,69,
32766,6113,1510,55,71,
32766,6120,1509,65,75,
32766,6120,1505,58,77,
32766,6111,1511,61,63,
32766,6106,1496,65,61,
32766,6105,1510,60,58,
32766,6118,1514,58,72,
32766,6100,1510,66,65,
32766,6101,1500,54,59,
32766,6107,1497,51,66,
32766,6108,1508,61,79,
32766,6104,1506,67,71,
32766,6103,1506,60,71,
32766,6111,1506,58,67,
32766,6100,1511,57,62,
32766,6108,1505,64,66,
32766,6098,1504,65,67,
32766,6100,1508,61,69,
32766,6106,1506,58,67,
32766,6094,1502,61,76,
32766,6088,1507,52,64,
32766,6102,1496,55,66,
32766,6099,1501,50,62,
32766,6106,1498,52,63,
32766,6098,1509,63,69,
32766,6107,1503,65,67,
32766,6103,1508,59,70,
32766,6099,1509,56,69,
32766,6104,1510,65,70,
32766,6097,1510,52,75,
32766,6103,1517,66,67,
32766,6090,1504,61,71,
32766,6098,1498,68,56,
32766,6100,1506,63,67,
32766,6105,1499,51,68,
32766,6088,1513,54,69,
32766,6094,1501,52,74,
32766,6098,1507,59,61,
32766,6095,1507,62,74,
32766,6096,1503,59,58,
32766,6091,1508,65,64,
32766,6094,1506,67,67,
32766,6096,1509,53,63,
32766,6093,1498,62,66,
32766,6094,1506,56,67,
32766,6091,1504,61,76,
32766,6098,1497,61,73,
32766,6099,1504,57,64,
32766,6088,1502,63,65,
32766,6095,1497,74,61,
32766,6085,1506,59,70,
32766,6077,1513,65,71,
32766,6087,1504,55,69,
32766,6094,1503,58,61,
32766,6087,1497,64,66,
32766,6090,1501,59,56,
32766,6082,1506,64,75,
32766,6083,1503,59,75,
32766,6085,1503,56,66,
32766,6087,1505,67,64,
32766,6090,1493,61,63,
32766,6090,1502,63,68,
32766,6081,1505,60,66,
32766,6078,1502,72,75,
32766,6079,1490,51,63,
32766,6084,1491,70,70,
32766,6072,1495,65,68,
32766,6079,1505,54,71,
32766,6089,1503,57,67,
32766,6086,1487,66,65,
32766,6086,1500,69,63,
32766,6074,1496,55,59,
32766,6085,1494,60,72,
32766,6076,1502,56,56,
32766,6071,1498,63,62,
32766,6081,1505,58,62,
32766,6072,1485,57,61,
32766,6067,1494,72,61,
32766,6081,1499,64,66,
32766,6078,1495,62,59,
32766,6077,1505,60,66,
32766,6068,1497,56,66,
32766,6069,1495,70,63,
32766,6068,1499,67,65,
32766,6074,1489,62,73,
32766,6070,1501,64,67,
32766,6075,1497,57,73,
32766,6070,1497,59,63,
32766,6071,1489,65,68,
32766,6082,1500,63,70,
32766,6073,1502,64,61,
32766,6074,1501,65,65,
32766,6063,1504,58,58,
32766,6071,1492,58,71,
32766,6062,1497,52,66,
32766,6069,1492,62,68,
32766,6062,1500,63,64,
32766,6057,1495,68,68,
32766,6067,1494,58,61,
32766,6063,1493,64,67,
32766,6059,1478,68,60,
32766,6063,1492,59,76,
32766,6065,1488,52,69,
32766,6054,1492,64,74,
32766,6057,1495,58,70,
32766,6051,1480,69,62,
32766,6061,1482,56,62,
32766,6057,1496,61,59,
32766,6068,1489,64,69,
32766,6055,1496,63,69,
32766,6057,1489,54,68,
32766,6060,1487,63,69,
32766,6064,1489,53,65,
32766,6067,1487,58,70,
32766,6059,1487,59,68,
32766,6061,1495,60,66,
32766,6060,1479,62,57,
32766,6066,1476,54,64,
32766,6056,1492,65,65,
32766,6056,1492,65,64,
32766,6049,1483,60,60,
32766,6053,1488,62,69,
32766,6054,1485,62,64,
32766,6046,1475,59,54,
32766,6051,1491,58,65,
32766,6046,1477,57,80,
32766,6049,1489,74,70,
32766,6033,1489,62,67,
32766,6065,1481,53,71,
32766,6048,1488,73,66,
32766,6050,1490,59,66,
32766,6044,1483,49,63,
32766,6042,1476,51,77,
32766,6058,1463,56,64,
32766,6038,1480,54,71,
32766,6039,1490,51,59,
32766,6042,1483,70,64,
32766,6053,1479,58,71,
32766,6044,1484,55,65,
32766,6041,1479,54,72,
32766,6042,1482,60,67,
32766,6036,1476,59,67,
32766,6042,1478,52,59,
32766,6045,1476,62,74,
32766,6047,1486,68,53,
32766,6040,1482,59,62,
32766,6039,1478,56,71,
32766,6041,1476,58,70,
32766,6035,1480,56,69,
32766,6041,1482,58,67,
32766,6048,1482,53,62,
32766,6043,1485,58,67,
32766,6032,1476,56,70,
32766,6039,1480,59,74,
32766,6037,1480,53,66,
32766,6043,1488,62,62,
32766,6042,1484,58,77,
32766,6037,1489,69,65,
32766,6046,1490,67,61,
32766,6035,1485,63,63,
32766,6042,1482,66,68,
32766,6044,1490,67,72,
32766,6036,1476,56,65,
32766,6028,1479,66,68,
32766,6027,1477,56,71,
32766,6039,1480,68,62,
32766,6031,1481,56,67,
32766,6038,1473,61,74,
32766,6031,1489,64,63,
32766,6043,1482,69,62,
32766,6031,1484,59,65,
32766,6029,1489,62,73,
32766,6038,1484,64,69,
32766,6044,1485,61,69,
32766,6032,1487,52,59,
32766,6049,1491,52,67,
32766,6030,1484,62,60,
32766,6036,1487,59,63,
32766,6034,1487,56,69,
32766,6042,1478,56,68,
32766,6033,1473,53,57,
32766,6030,1483,65,60,
32766,6031,1475,69,65,
32766,6034,1485,50,72,
32766,6037,1482,59,75,
32766,6038,1473,50,74,
32766,6030,1486,62,57,
32766,6033,1486,54,62,
32766,6016,1482,66,66,
32766,6033,1484,62,68,
32766,6033,1473,64,61,
32766,6039,1478,60,64,
32766,6036,1494,64,74,
32766,6025,1479,62,67,
32766,6024,1485,65,66,
32766,6035,1484,60,62,
32766,6025,1488,69,64,
32766,6033,1481,62,59,
32766,6025,1478,68,68,
32766,6024,1488,58,65,
32766,6032,1475,60,63,
32766,6032,1479,56,63,
32766,6023,1485,63,63,
32766,6030,1486,64,51,
32766,6028,1486,57,61,
32766,6021,1483,55,68,
32766,6024,1484,60,64,
32766,6032,1470,54,63,
32766,6024,1481,61,71,
32766,6029,1482,63,60,
32766,6022,1478,60,69,
32766,6029,1479,56,65,
32766,6025,1482,60,71,
32766,6012,1475,65,61,
32766,6026,1490,63,67,
32766,6021,1479,50,75,
32766,6016,1484,59,72,
32766,6025,1480,58,65,
32766,6021,1485,50,64,
32766,6025,1482,51,68,
32766,6023,1481,66,66,
32766,6020,1484,61,69,
32766,6021,1478,59,69,
32766,6030,1479,61,66,
32766,6018,1480,58,61,
32766,6013,1482,64,62,
32766,6022,1485,55,64,
32766,6029,1479,53,58,
32766,6023,1477,60,64,
32766,6028,1482,43,67,
32766,6020,1489,67,62,
32766,6018,1481,61,70,
32766,6022,1479,58,67,
32766,6025,1480,56,70,
32766,6010,1483,60,77,
32766,6012,1478,61,64,
32766,6030,1482,60,63,
32766,6018,1487,61,59,
32766,6019,1482,57,60,
32766,6023,1477,64,62,
32766,6015,1486,62,59,
32766,6019,1478,59,66,
32766,6016,1483,55,57,
32766,6012,1481,70,68,
32766,6015,1492,65,68,
32766,6011,1483,63,67,
32766,6017,1474,61,61,
32766,6022,1484,56,65,
32766,6022,1479,62,54,
32766,6019,1480,57,73,
32766,6016,1476,67,70,
32766,6016,1482,59,68,
32766,6015,1480,58,70,
32766,6013,1466,62,71,
32766,6015,1485,55,68,
32766,6009,1488,58,69,
32766,6013,1472,59,63,
32766,6012,1495,57,63,
32766,6017,1485,67,75,
32766,6011,1480,59,66,
32766,6009,1480,55,66,
32766,6008,1478,57,65,
32766,6014,1471,59,66,
32766,6018,1484,51,66,
32766,6008,1480,54,67,
32766,6009,1493,59,67,
32766,6009,1478,54,69,
32766,6015,1486,61,68,
32766,6012,1481,64,66,
32766,6007,1486,67,76,
32766,6012,1482,67,62,
32766,6009,1475,62,66,
32766,6011,1485,64,66,
32766,6010,1479,63,65,
32766,6009,1480,64,61,
32766,6004,1481,62,71,
32766,6009,1486,62,60,
32766,6002,1478,62,75,
32766,6012,1488,53,59,
32766,5999,1485,60,63,
32766,6012,1481,68,76,
32766,6012,1489,71,70,
32766,6001,1483,57,64,
32766,6003,1471,65,71,
32766,6009,1473,54,73,
32766,6007,1482,61,60,
32766,6005,1481,59,61,
32766,6009,1484,59,59,
32766,6006,1480,63,63,
32766,6000,1488,61,69,
32766,6004,1482,57,62,
32766,5994,1482,63,67,
32766,6003,1480,60,67,
32766,6002,1475,45,76,
32766,6006,1475,67,71,
32766,5999,1489,53,67,
32766,6001,1474,62,72,
32766,5997,1474,57,64,
32766,5997,1475,66,64,
32766,5999,1475,60,61,
32766,6004,1469,60,70,
32766,5994,1477,58,72,
32766,5997,1480,52,69,
32766,5995,1485,56,68,
32766,6001,1477,58,72,
32766,5999,1472,64,72,
32766,5989,1476,46,72,
32766,6008,1483,64,66,
32766,6008,1481,62,80,
32766,6001,1472,53,69,
32766,6001,1472,56,62,
32766,6002,1476,63,68,
32766,5998,1481,55,60,
32766,6002,1469,57,63,
32766,5998,1487,64,70,
32766,5996,1484,60,77,
32766,6003,1485,67,67,
32766,5996,1483,61,68,
32766,5999,1478,60,65,
32766,6001,1478,65,63,
32766,6003,1474,49,73,
32766,5993,1473,58,73,
32766,5993,1480,53,65,
32766,5993,1477,64,67,
32766,5998,1464,58,72,
32766,5988,1480,64,70,
32766,6001,1474,60,71,
32766,6002,1472,60,65,
32766,5991,1475,61,63,
32766,5990,1471,61,67,
32766,5993,1474,67,59,
32766,5986,1471,57,56,
32766,5984,1478,53,68,
32766,5994,1469,55,66,
32766,5993,1469,73,64,
32766,5989,1475,55,67,
32766,5995,1468,61,71,
32766,5998,1470,66,61,
32766,5983,1467,66,71,
32766,5993,1470,59,61,
32766,5992,1476,64,66,
32766,5985,1472,58,68,
32766,5991,1477,59,64,
32766,5988,1475,63,67,
32766,5978,1475,59,63,
32766,5989,1471,59,70,
32766,5996,1475,55,62,
32766,5984,1468,47,68,
32766,5988,1473,54,74,
32766,5987,1468,58,64,
32766,5983,1477,57,75,
32766,5979,1466,62,64,
32766,5977,1465,60,70,
32766,5982,1454,59,69,
32766,5980,1462,62,65,
32766,5981,1461,63,75,
32766,5978,1465,52,59,
32766,5973,1461,61,69,
32766,5982,1464,65,66,
32766,5981,1458,56,66,
32766,5984,1470,61,65,
32766,5979,1462,56,56,
32766,5977,1468,62,66,
32766,5980,1474,60,67,
32766,5969,1478,51,62,
32766,5976,1461,69,70,
32766,5968,1466,63,72,
32766,5970,1455,61,66,
32766,5969,1460,63,76,
32766,5975,1461,59,67,
32766,5967,1463,56,70,
32766,5975,1463,64,66,
32766,5965,1463,64,67,
32766,5964,1472,59,64,
32766,5967,1459,62,71,
32766,5963,1474,65,70,
32766,5971,1450,61,60,
32766,5970,1458,53,62,
32766,5968,1458,57,68,
32766,5966,1456,54,56,
32766,5960,1454,70,61,
32766,5963,1459,59,62,
32766,5953,1463,68,59,
32766,5965,1461,56,76,
32766,5966,1461,66,69,
32766,5959,1459,56,61,
32766,5960,1455,71,72,
32766,5960,1467,67,74,
32766,5960,1455,57,68,
32766,5954,1459,68,76,
32766,5953,1447,62,70,
32766,5958,1449,58,59,
32766,5958,1457,52,68,
32766,5958,1448,64,58,
32766,5954,1462,56,62,
32766,5949,1447,63,65,
32766,5952,1455,57,69,
32766,5957,1438,51,73,
32766,5956,1457,60,61,
32766,5970,1461,63,63,
32766,5963,1452,57,65,
32766,5950,1445,54,68,
32766,5968,1444,55,70,
32766,5954,1458,63,66,
32766,5952,1454,65,57,
32766,5949,1459,58,63,
32766,5957,1457,61,62,
32766,5948,1453,63,67,
32766,5947,1456,61,68,
32766,5953,1452,63,67,
32766,5962,1461,59,75,
32766,5953,1462,58,72,
32766,5956,1461,64,66,
32766,5949,1451,57,61,
32766,5962,1461,58,60,
32766,5946,1454,53,57,
32766,5953,1449,53,64,
32766,5952,1458,60,66,
32766,5950,1462,60,76,
32766,5957,1451,61,63,
32766,5959,1455,60,68,
32766,5949,1457,57,60,
32766,5951,1458,55,67,
32766,5948,1458,67,55,
32766,5963,1459,55,56,
32766,5940,1465,58,68,
32766,5960,1466,65,73,
32766,5957,1458,72,76,
32766,5956,1454,62,66,
32766,5949,1453,60,67,
32766,5952,1456,60,71,
32766,5954,1459,58,68,
32766,5947,1452,62,59,
32766,5946,1464,62,67,
32766,5948,1456,50,65,
32766,5949,1459,71,67,
32766,5941,1463,66,73,
32766,5946,1457,72,64,
32766,5938,1462,62,75,
32766,5954,1455,58,68,
32766,5947,1458,49,68,
32766,5942,1450,60,63,
32766,5948,1462,57,75,
32766,5938,1461,72,60,
32766,5949,1443,62,61,
32766,5948,1469,53,60,
32766,5948,1463,63,58,
32766,5944,1464,60,64,
32766,5950,1452,62,78,
32766,5944,1458,65,67,
32766,5944,1455,66,65,
32766,5935,1467,52,72,
32766,5947,1460,67,68,
32766,5941,1460,58,68,
32766,5952,1465,71,70,
32766,5950,1468,54,65,
32766,5939,1459,60,65,
32766,5950,1458,58,63,
32766,5950,1457,60,62,
32766,5945,1461,65,64,
32766,5946,1467,58,62,
32766,5944,1456,65,67,
32766,5943,1458,56,63,
32766,5948,1456,54,68,
32766,5948,1473,59,53,
32766,5938,1460,58,63,
32766,5955,1459,65,67,
32766,5934,1455,57,62,
32766,5934,1458,68,62,
32766,5943,1456,60,71,
32766,5936,1463,62,69,
32766,5945,1453,56,75,
32766,5936,1460,59,68,
32766,5945,1459,60,54,
32766,5929,1453,65,70,
32766,5932,1448,68,60,
32766,5936,1457,60,67,
32766,5937,1456,64,56,
32766,5944,1456,63,69,
32766,5938,1449,63,67,
32766,5939,1460,58,65,
32766,5950,1459,64,71,
32766,5943,1453,60,68,
32766,5938,1454,68,69,
32766,5942,1450,53,64,
32766,5942,1458,56,59,
32766,5933,1453,60,67,
32766,5939,1462,51,75,
32766,5937,1456,54,62,
32766,5944,1447,48,65,
32766,5939,1454,57,67,
32766,5944,1459,59,60,
32766,5939,1460,58,65,
32766,5939,1450,71,62,
32766,5941,1455,52,54,
32766,5945,1450,57,66,
32766,5933,1458,60,60,
32766,5940,1462,51,73,
32766,5932,1454,64,61,
32766,5929,1449,63,56,
32766,5934,1453,49,54,
32766,5933,1451,59,66,
32766,5922,1452,61,71,
32766,5943,1462,57,67,
32766,5934,1464,58,63,
32766,5932,1458,59,63,
32766,5928,1437,65,69,
32766,5933,1453,56,64,
32766,5939,1455,62,71,
32766,5937,1455,65,55,
32766,5931,1460,54,62,
32766,5930,1456,65,64,
32766,5937,1458,58,60,
32766,5931,1454,58,67,
32766,5931,1458,59,71,
32766,5940,1455,51,67,
32766,5924,1452,70,65,
32766,5932,1453,60,76,
32766,5933,1455,67,61,
32766,5934,1458,61,64,
32766,5938,1460,64,63,
32766,5927,1473,67,67,
32766,5924,1456,66,64,
32766,5923,1459,66,67,
32766,5923,1455,61,82,
32766,5937,1461,58,62,
32766,5930,1448,51,73,
32766,5936,1454,52,66,
32766,5936,1452,59,66,
32766,5933,1446,74,64,
32766,5936,1458,54,59,
32766,5922,1456,62,63,
32766,5928,1457,56,65,
32766,5927,1457,60,60,
32766,5936,1453,51,69,
32766,5926,1454,60,56,
32766,5930,1459,53,73,
32766,5933,1457,56,64,
32766,5923,1457,57,65,
32766,5934,1457,69,67,
32766,5926,1457,65,65,
32766,5925,1455,60,64,
32766,5931,1456,60,66,
32766,5934,1455,63,67,
32766,5926,1460,57,67,
32766,5924,1455,67,65,
32766,5926,1458,59,61,
32766,5930,1441,62,64,
32766,5923,1459,70,59,
32766,5920,1457,62,66,
32766,5924,1451,60,67,
32766,5930,1450,63,70,
32766,5928,1449,62,61,
32766,5914,1450,61,68,
32766,5930,1451,66,60,
32766,5930,1453,66,68,
32766,5923,1454,61,66,
32766,5920,1458,55,66,
32766,5918,1454,58,63,
32766,5914,1456,65,62,
32766,5924,1452,68,57,
32766,5911,1452,57,67,
32766,5916,1456,66,70,
32766,5916,1460,60,68,
32766,5910,1460,51,61,
32766,5911,1460,57,61,
32766,5915,1451,69,78,
32766,5913,1460,64,60,
32766,5922,1441,60,70,
32766,5931,1456,60,75,
32766,5916,1449,60,64,
32766,5912,1458,52,64,
32766,5922,1460,52,69,
32766,5921,1454,54,62,
32766,5910,1451,58,68,
32766,5922,1457,54,65,
32766,5916,1457,58,54,
32766,5922,1449,61,72,
32766,5913,1454,64,75,
32766,5914,1455,64,79,
32766,5922,1447,57,70,
32766,5917,1458,58,66,
32766,5918,1442,67,64,
32766,5908,1452,49,74,
32766,5928,1455,62,60,
32766,5910,1459,53,66,
32766,5915,1449,63,59,
32766,5916,1448,72,57,
32766,5920,1453,65,66,
32766,5915,1455,65,67,
32766,5909,1447,65,65,
32766,5911,1462,58,64,
32766,5924,1454,50,65,
32766,5910,1458,60,54,
32766,5924,1447,62,68,
32766,5914,1456,62,69,
32766,5914,1449,56,68,
32766,5909,1458,59,69,
32766,5909,1454,56,62,
32766,5920,1454,67,66,
32766,5910,1452,58,70,
32766,5912,1454,60,62,
32766,5920,1449,56,61,
32766,5911,1451,50,78,
32766,5916,1446,59,67,
32766,5913,1456,57,67,
32766,5902,1454,67,71,
32766,5917,1453,66,64,
32766,5910,1449,65,69,
32766,5903,1447,64,65,
32766,5907,1445,54,73,
32766,5909,1438,58,69,
32766,5907,1450,62,71,
32766,5911,1453,55,64,
32766,5906,1450,63,68,
32766,5913,1454,53,64,
32766,5906,1444,60,73,
32766,5899,1452,61,65,
32766,5907,1457,49,63,
32766,5902,1448,54,70,
32766,5904,1452,61,73,
32766,5901,1443,61,60,
32766,5896,1452,57,67,
32766,5900,1443,67,72,
32766,5892,1451,57,76,
32766,5903,1454,68,64,
32766,5898,1446,53,61,
32766,5906,1450,50,76,
32766,5896,1446,64,67,
32766,5896,1449,62,73,
32766,5895,1452,56,72,
32766,5898,1442,57,72,
32766,5900,1439,59,65,
32766,5901,1449,57,66,
32766,5905,1439,58,57,
32766,5893,1439,65,70,
32766,5891,1447,63,56,
32766,5906,1442,62,77,
32766,5892,1441,58,71,
32766,5889,1448,53,67,
32766,5904,1438,59,62,
32766,5892,1451,63,61,
32766,5897,1452,62,69,
32766,5890,1442,56,68,
32766,5884,1445,59,66,
32766,5898,1434,55,70,
32766,5898,1438,64,63,
32766,5894,1438,53,69,
32766,5892,1440,65,71,
32766,5894,1434,64,66,
32766,5891,1442,59,75,
32766,5885,1442,63,66,
32766,5891,1433,59,68,
32766,5895,1443,55,64,
32766,5890,1432,57,62,
32766,5886,1438,58,70,
32766,5885,1439,57,74,
32766,5885,1434,66,73,
32766,5892,1436,64,63,
32766,5880,1438,54,67,
32766,5877,1438,58,57,
32766,5887,1429,60,66,
32766,5885,1436,58,66,
32766,5897,1442,57,59,
32766,5892,1433,55,62,
32766,5886,1437,61,69,
32766,5884,1433,63,66,
32766,5886,1430,57,66,
32766,5880,1435,56,62,
32766,5883,1426,64,69,
32766,5880,1433,62,65,
32766,5889,1434,59,69,
32766,5880,1432,55,62,
32766,5887,1428,59,68,
32766,5883,1429,57,61,
32766,5875,1426,60,66,
32766,5884,1433,65,71,
32766,5873,1435,62,65,
32766,5860,1442,70,65,
32766,5870,1429,57,63,
32766,5882,1432,56,64,
32766,5875,1428,64,71,
32766,5877,1433,55,72,
32766,5875,1430,60,69,
32766,5876,1431,66,65,
32766,5881,1435,56,68,
32766,5870,1432,63,64,
32766,5884,1433,63,66,
32766,5872,1438,57,70,
32766,5877,1436,61,65,
32766,5877,1434,64,62,
32766,5876,1434,54,71,
32766,5877,1447,66,59,
32766,5874,1441,63,71,
32766,5882,1436,63,63,
32766,5881,1434,60,68,
32766,5876,1439,51,65,
32766,5884,1437,49,73,
32766,5879,1431,50,71,
32766,5875,1447,61,65,
32766,5875,1440,60,62,
32766,5880,1434,67,66,
32766,5876,1436,61,68,
32766,5873,1442,56,65,
32766,5875,1440,56,65,
32766,5868,1438,69,56,
32766,5882,1430,59,68,
32766,5882,1437,66,62,
32766,5881,1435,57,67,
32766,5869,1443,64,54,
32766,5870,1444,60,61,
32766,5876,1441,68,71,
32766,5871,1435,53,66,
32766,5884,1446,60,59,
32766,5872,1445,56,65,
32766,5868,1435,59,65,
32766,5873,1434,57,61,
32766,5882,1440,59,63,
32766,5881,1450,63,63,
32766,5877,1442,56,63,
32766,5872,1441,65,76,
32766,5882,1440,48,59,
32766,5872,1434,58,65,
32766,5873,1433,55,65,
32766,5875,1438,60,71,
32766,5877,1439,58,78,
32766,5870,1442,55,68,
32766,5874,1445,60,73,
32766,5871,1438,68,63,
32766,5876,1440,52,56,
32766,5873,1436,61,63,
32766,5869,1449,52,68,
32766,5870,1438,56,59,
32766,5873,1425,68,62,
32766,5872,1433,59,66,
32766,5873,1446,59,61,
32766,5880,1434,66,52,
32766,5866,1437,72,64,
32766,5864,1440,56,64,
32766,5870,1435,64,71,
32766,5870,1433,57,65,
32766,5877,1438,61,63,
32766,5873,1438,47,68,
32766,5865,1440,61,72,
32766,5861,1433,59,66,
32766,5870,1439,48,63,
32766,5873,1439,58,63,
32766,5870,1439,60,72,
32766,5873,1444,63,59,
32766,5873,1428,56,69,
32766,5869,1447,47,57,
32766,5869,1439,56,60,
32766,5871,1436,63,64,
32766,5860,1443,58,64,
32766,5854,1441,58,61,
32766,5860,1435,62,65,
32766,5857,1440,52,64,
32766,5858,1427,58,66,
32766,5860,1432,50,63,
32766,5861,1442,59,61,
32766,5864,1439,54,58,
32766,5863,1434,60,79,
32766,5866,1432,50,63,
32766,5865,1436,62,65,
32766,5864,1435,63,64,
32766,5867,1438,63,65,
32766,5866,1437,58,71,
32766,5859,1427,54,70,
32766,5868,1440,55,65,
32766,5861,1441,55,63,
32766,5856,1427,54,70,
32766,5859,1442,54,60,
32766,5851,1437,59,73,
32766,5868,1433,60,69,
32766,5858,1442,56,71,
32766,5855,1439,61,76,
32766,5861,1442,62,70,
32766,5859,1438,62,65,
32766,5853,1448,63,62,
32766,5862,1428,57,69,
32766,5866,1439,55,62,
32766,5863,1450,52,60,
32766,5871,1443,61,54,
32766,5863,1444,63,59,
32766,5874,1448,60,67,
32766,5864,1438,54,60,
32766,5861,1437,65,67,
32766,5862,1435,51,58,
32766,5872,1436,66,71,
32766,5861,1440,58,66,
32766,5859,1435,56,60,
32766,5866,1434,61,59,
32766,5870,1436,66,69,
32766,5854,1446,59,71,
32766,5860,1433,61,73,
32766,5850,1443,60,56,
32766,5859,1437,48,65,
32766,5869,1433,59,67,
32766,5863,1445,54,54,
32766,5860,1438,60,62,
32766,5852,1435,58,55,
32766,5860,1438,61,66,
32766,5862,1440,59,63,
32766,5858,1439,62,60,
32766,5854,1438,56,75,
32766,5854,1435,54,63,
32766,5858,1435,52,70,
32766,5851,1434,55,70,
32766,5853,1426,59,69,
32766,5854,1437,57,61,
32766,5850,1437,65,64,
32766,5849,1438,62,71,
32766,5859,1437,58,62,
32766,5849,1427,64,60,
32766,5838,1435,59,68,
32766,5859,1444,58,63,
32766,5848,1426,60,61,
32766,5852,1430,67,67,
32766,5851,1438,55,58,
32766,5843,1443,56,62,
32766,5855,1424,60,60,
32766,5852,1439,65,64,
32766,5834,1437,59,61,
32766,5846,1433,63,69,
32766,5856,1449,57,62,
32766,5846,1427,60,60,
32766,5848,1440,67,66,
32766,5850,1433,48,62,
32766,5848,1432,54,66,
32766,5856,1436,54,65,
32766,5847,1440,52,74,
32766,5841,1429,62,59,
32766,5836,1437,67,67,
32766,5848,1433,61,61,
32766,5834,1432,55,64,
32766,5849,1425,62,63,
32766,5853,1430,63,58,
32766,5839,1434,55,62,
32766,5842,1427,53,65,
32766,5849,1436,50,65,
32766,5844,1421,51,66,
32766,5840,1431,59,72,
32766,5840,1436,52,62,
32766,5841,1426,53,59,
32766,5841,1424,64,69,
32766,5843,1427,57,55,
32766,5830,1425,53,65,
32766,5834,1416,66,67,
32766,5838,1421,63,59,
32766,5838,1423,62,62,
32766,5836,1416,59,63,
32766,5824,1422,54,65,
32766,5834,1411,57,63,
32766,5834,1418,60,60,
32766,5831,1421,57,75,
32766,5841,1422,60,69,
32766,5838,1409,55,62,
32766,5835,1426,58,67,
32766,5833,1424,57,57,
32766,5822,1419,67,68,
32766,5827,1422,62,59,
32766,5824,1427,61,65,
32766,5832,1430,58,69,
32766,5835,1423,58,68,
32766,5835,1420,55,66,
32766,5836,1419,62,69,
32766,5829,1417,61,65,
32766,5826,1421,52,65,
32766,5816,1428,62,73,
32766,5836,1414,61,59,
32766,5823,1414,50,64,
32766,5825,1419,60,69,
32766,5824,1413,72,73,
32766,5824,1422,62,57,
32766,5827,1413,65,67,
32766,5819,1411,55,65,
32766,5825,1422,62,73,
32766,5824,1416,56,65,
32766,5821,1429,59,73,
32766,5817,1414,67,67,
32766,5817,1417,68,63,
32766,5818,1424,49,75,
32766,5825,1425,55,65,
32766,5818,1419,63,68,
32766,5819,1417,61,68,
32766,5820,1414,57,69,
32766,5819,1417,59,60,
32766,5816,1414,60,68,
32766,5824,1408,57,65,
32766,5822,1422,46,63,
32766,5811,1422,59,65,
32766,5814,1413,61,70,
32766,5807,1412,54,63,
32766,5817,1421,45,59,
32766,5809,1423,64,66,
32766,5813,1423,60,72,
32766,5821,1423,62,72,
32766,5813,1417,65,62,
32766,5820,1417,56,60,
32766,5820,1420,59,61,
32766,5822,1419,59,58,
32766,5819,1427,63,68,
32766,5820,1417,68,59,
32766,5817,1413,64,65,
32766,5815,1421,58,60,
32766,5805,1412,68,70,
32766,5806,1412,64,56,
32766,5810,1416,68,61,
32766,5802,1413,60,68,
32766,5821,1416,49,75,
32766,5811,1413,62,68,
32766,5817,1419,57,79,
32766,5812,1414,56,66,
32766,5809,1419,62,65,
32766,5808,1411,56,70,
32766,5812,1418,63,70,
32766,5813,1404,53,63,
32766,5814,1416,68,63,
32766,5815,1414,65,79,
32766,5802,1416,54,69,
32766,5819,1414,53,70,
32766,5814,1405,59,64,
32766,5808,1415,65,60,
32766,5819,1427,55,64,
32766,5806,1417,55,56,
32766,5810,1420,67,67,
32766,5815,1409,54,59,
32766,5811,1411,63,62,
32766,5810,1415,55,65,
32766,5809,1418,58,71,
32766,5807,1420,64,64,
32766,5800,1413,52,64,
32766,5805,1426,64,65,
32766,5807,1410,59,58,
32766,5809,1414,67,67,
32766,5809,1419,52,64,
32766,5806,1428,54,69,
32766,5802,1416,62,52,
32766,5804,1417,59,62,
32766,5801,1412,58,77,
32766,5805,1407,51,64,
32766,5810,1417,59,68,
32766,5805,1410,65,59,
32766,5811,1424,59,65,
32766,5812,1415,59,64,
32766,5809,1413,58,70,
32766,5803,1421,56,80,
32766,5806,1419,53,62,
32766,5800,1416,57,67,
32766,5799,1420,63,69,
32766,5802,1408,65,72,
32766,5800,1416,53,62,
32766,5798,1414,67,66,
32766,5787,1414,56,55,
32766,5800,1413,57,69,
32766,5801,1422,55,58,
32766,5805,1414,54,77,
32766,5806,1422,67,58,
32766,5788,1424,59,66,
32766,5796,1427,54,65,
32766,5804,1422,63,63,
32766,5795,1407,57,69,
32766,5796,1408,63,73,
32766,5801,1420,61,64,
32766,5797,1425,55,68,
32766,5805,1418,74,75,
32766,5804,1422,71,71,
32766,5797,1431,58,69,
32766,5805,1418,54,58,
32766,5804,1417,69,61,
32766,5802,1413,64,62,
32766,5806,1406,64,67,
32766,5797,1414,53,62,
32766,5805,1416,52,65,
32766,5809,1415,62,67,
32766,5799,1410,65,58,
32766,5795,1414,59,68,
32766,5799,1414,50,72,
32766,5795,1407,50,70,
32766,5797,1406,63,59,
32766,5788,1404,56,58,
32766,5800,1419,66,56,
32766,5784,1418,62,58,
32766,5797,1415,57,55,
32766,5797,1418,62,68,
32766,5795,1412,64,60,
32766,5791,1414,65,71,
32766,5798,1406,67,59,
32766,5789,1415,53,63,
32766,5777,1417,59,61,
32766,5791,1405,51,63,
32766,5794,1411,57,71,
32766,5791,1422,61,71,
32766,5797,1409,55,64,
32766,5787,1415,57,61,
32766,5790,1419,60,72,
32766,5785,1407,58,61,
32766,5786,1404,61,67,
32766,5786,1403,56,53,
32766,5784,1423,62,61,
32766,5791,1409,63,62,
32766,5786,1415,51,57,
32766,5788,1415,71,66,
32766,5787,1409,54,61,
32766,5792,1420,58,64,
32766,5786,1409,67,69,
32766,5784,1411,62,61,
32766,5785,1416,62,73,
32766,5784,1422,47,72,
32766,5787,1412,61,53,
32766,5791,1406,54,64,
32766,5792,1419,64,53,
32766,5792,1414,63,69,
32766,5796,1408,59,66,
32766,5785,1421,64,67,
32766,5779,1403,57,66,
32766,5789,1403,65,64,
32766,5788,1415,67,67,
32766,5793,1406,53,72,
32766,5788,1410,61,61,
32766,5786,1406,60,66,
32766,5782,1402,52,62,
32766,5785,1400,55,76,
32766,5788,1408,57,62,
32766,5788,1420,52,61,
32766,5781,1400,65,65,
32766,5781,1408,58,62,
32766,5784,1414,52,52,
32766,5781,1417,44,64,
32766,5790,1407,53,63,
32766,5778,1412,57,58,
32766,5785,1409,63,63,
32766,5775,1414,60,61,
32766,5768,1410,53,71,
32766,5775,1402,50,65,
32766,5777,1417,59,68,
32766,5774,1414,60,69,
32766,5778,1402,57,62,
32766,5775,1406,59,71,
32766,5777,1404,68,64,
32766,5778,1407,53,59,
32766,5778,1406,57,65,
32766,5781,1402,63,73,
32766,5779,1406,65,76,
32766,5776,1413,52,65,
32766,5772,1410,57,63,
32766,5785,1402,58,67,
32766,5772,1414,61,61,
32766,5771,1400,59,51,
32766,5776,1408,59,74,
32766,5767,1404,53,66,
32766,5770,1409,53,71,
32766,5774,1403,69,59,
32766,5771,1412,63,63,
32766,5780,1407,72,65,
32766,5775,1410,53,71,
32766,5771,1400,58,67,
32766,5778,1413,64,70,
32766,5768,1399,53,67,
32766,5768,1402,72,68,
32766,5772,1403,56,72,
32766,5772,1401,54,73,
32766,5764,1410,59,69,
32766,5769,1400,54,61,
32766,5784,1411,54,70,
32766,5765,1401,61,69,
32766,5763,1397,65,61,
32766,5754,1404,64,63,
32766,5768,1398,57,72,
32766,5764,1396,59,72,
32766,5768,1398,58,62,
32766,5768,1408,65,67,
32766,5766,1403,65,55,
32766,5759,1412,61,58,
32766,5760,1389,62,66,
32766,5761,1403,70,61,
32766,5752,1400,64,65,
32766,5764,1400,59,58,
32766,5751,1402,56,69,
32766,5763,1408,52,65,
32766,5768,1397,62,57,
32766,5752,1395,58,67,
32766,5763,1399,51,66,
32766,5762,1403,60,66,
32766,5756,1404,62,59,
32766,5749,1394,58,70,
32766,5766,1397,62,62,
32766,5763,1393,58,76,
32766,5754,1405,61,73,
32766,5758,1401,55,55,
32766,5758,1402,61,71,
32766,5759,1399,52,59,
32766,5759,1399,58,61,
32766,5762,1395,61,72,
32766,5758,1390,57,72,
32766,5753,1401,59,63,
32766,5759,1401,59,68,
32766,5754,1394,67,69,
32766,5762,1392,55,67,
32766,5748,1398,58,57,
32766,5765,1391,53,76,
32766,5757,1398,52,70,
32766,5753,1398,60,66,
32766,5750,1394,53,61,
32766,5749,1393,70,69,
32766,5753,1391,56,69,
32766,5744,1397,64,69,
32766,5761,1406,59,67,
32766,5743,1396,58,67,
32766,5753,1392,56,62,
32766,5733,1390,66,62,
32766,5743,1396,57,58,
32766,5759,1386,58,61,
32766,5745,1390,61,72,
32766,5739,1399,57,63,
32766,5736,1395,61,64,
32766,5746,1387,61,65,
32766,5742,1392,65,69,
32766,5740,1394,55,68,
32766,5734,1391,65,70,
32766,5744,1396,51,66,
32766,5743,1391,67,67,
32766,5725,1393,55,59,
32766,5735,1394,54,67,
32766,5735,1389,66,63,
32766,5738,1394,71,65,
32766,5752,1393,51,62,
32766,5744,1384,62,66,
32766,5742,1391,58,58,
32766,5741,1403,58,67,
32766,5749,1395,64,65,
32766,5742,1383,59,69,
32766,5735,1398,59,62,
32766,5729,1388,61,71,
32766,5725,1389,51,62,
32766,5735,1400,60,54,
32766,5729,1384,65,66,
32766,5736,1406,54,65,
32766,5740,1393,57,65,
32766,5735,1402,53,57,
32766,5735,1387,58,55,
32766,5736,1404,60,55,
32766,5732,1387,62,72,
32766,5727,1394,59,73,
32766,5733,1388,61,65,
32766,5732,1394,55,62,
32766,5731,1399,64,73,
32766,5736,1395,43,74,
32766,5739,1390,64,61,
32766,5740,1395,61,68,
32766,5742,1403,62,59,
32766,5741,1394,60,68,
32766,5733,1389,53,66,
32766,5739,1386,61,64,
32766,5739,1397,52,59,
32766,5731,1390,54,68,
32766,5726,1395,59,71,
32766,5733,1388,67,67,
32766,5732,1402,68,63,
32766,5735,1390,62,68,
32766,5732,1392,62,68,
32766,5748,1391,64,77,
32766,5736,1394,57,61,
32766,5744,1394,63,73,
32766,5729,1386,59,66,
32766,5737,1393,67,57,
32766,5734,1395,57,63,
32766,5730,1397,60,70,
32766,5737,1398,63,60,
32766,5738,1400,54,60,
32766,5729,1388,63,67,
32766,5731,1389,59,74,
32766,5736,1399,69,69,
32766,5734,1393,59,69,
32766,5721,1387,55,61,
32766,5733,1382,65,64,
32766,5737,1395,48,60,
32766,5734,1398,63,62,
32766,5732,1395,67,68,
32766,5727,1399,69,58,
32766,5730,1394,56,71,
32766,5739,1396,60,63,
32766,5735,1394,46,56,
32766,5743,1390,59,57,
32766,5725,1403,55,69,
32766,5725,1388,56,64,
32766,5741,1402,47,64,
32766,5743,1399,61,68,
32766,5729,1398,50,58,
32766,5732,1390,60,62,
32766,5719,1391,63,71,
32766,5726,1392,61,60,
32766,5731,1397,61,66,
32766,5723,1395,67,63,
32766,5728,1403,62,63,
32766,5728,1402,58,60,
32766,5724,1399,55,69,
32766,5732,1397,61,74,
32766,5725,1396,61,61,
32766,5724,1397,61,60,
32766,5727,1390,52,61,
32766,5738,1407,57,65,
32766,5725,1405,71,64,
32766,5720,1392,55,69,
32766,5728,1394,62,70,
32766,5734,1401,66,58,
32766,5726,1384,57,64,
32766,5727,1391,58,67,
32766,5738,1397,54,65,
32766,5726,1401,57,64,
32766,5722,1394,62,62,
32766,5730,1399,54,67,
32766,5724,1396,58,73,
32766,5728,1382,66,64,
32766,5718,1395,62,68,
32766,5724,1406,56,59,
32766,5727,1404,55,67,
32766,5736,1400,53,56,
32766,5727,1412,64,64,
32766,5724,1393,56,57,
32766,5732,1389,62,65,
32766,5728,1386,59,61,
32766,5722,1398,48,69,
32766,5728,1398,50,73,
32766,5728,1390,55,64,
32766,5728,1398,58,68,
32766,5712,1398,55,59,
32766,5715,1393,65,67,
32766,5719,1392,60,72,
32766,5716,1394,60,70,
32766,5721,1393,63,68,
32766,5723,1401,65,66,
32766,5715,1392,49,59,
32766,5721,1392,48,59,
32766,5719,1384,54,71,
32766,5713,1387,56,76,
32766,5724,1391,67,62,
32766,5722,1393,59,67,
32766,5720,1386,62,70,
32766,5715,1397,60,69,
32766,5729,1386,57,62,
32766,5715,1386,52,66,
32766,5706,1390,57,72,
32766,5723,1387,61,49,
32766,5711,1392,60,69,
32766,5715,1400,57,74,
32766,5717,1393,61,66,
32766,5719,1394,55,56,
32766,5714,1391,60,60,
32766,5717,1402,53,73,
32766,5709,1397,51,64,
32766,5720,1394,63,67,
32766,5714,1395,58,67,
32766,5705,1380,57,64,
32766,5716,1387,57,62,
32766,5715,1387,62,67,
32766,5717,1397,67,72,
32766,5714,1387,55,70,
32766,5717,1393,57,62,
32766,5715,1390,62,65,
32766,5711,1386,59,69,
32766,5713,1389,53,68,
32766,5716,1395,59,62,
32766,5712,1399,69,67,
32766,5712,1387,61,75,
32766,5718,1392,50,72,
32766,5721,1400,57,70,
32766,5716,1392,58,67,
32766,5708,1389,59,62,
32766,5713,1392,59,71,
32766,5711,1399,63,67,
32766,5712,1388,55,62,
32766,5697,1384,51,67,
32766,5710,1396,58,55,
32766,5703,1395,56,64,
32766,5707,1391,49,70,
32766,5709,1387,61,66,
32766,5706,1402,56,70,
32766,5708,1393,61,67,
32766,5714,1383,60,66,
32766,5703,1388,60,68,
32766,5701,1383,70,67,
32766,5704,1383,54,69,
32766,5707,1390,57,75,
32766,5714,1393,65,73,
32766,5711,1387,55,59,
32766,5707,1378,53,70,
32766,5701,1382,66,64,
32766,5696,1380,55,77,
32766,5699,1392,43,68,
32766,5697,1382,54,60,
32766,5710,1381,53,66,
32766,5702,1383,65,66,
32766,5706,1394,59,62,
32766,5702,1391,59,69,
32766,5699,1384,59,63,
32766,5712,1392,61,78,
32766,5697,1390,60,61,
32766,5698,1381,55,64,
32766,5702,1381,58,65,
32766,5697,1386,59,59,
32766,5699,1388,58,63,
32766,5701,1378,61,70,
32766,5697,1376,57,61,
32766,5695,1389,62,82,
32766,5703,1389,64,64,
32766,5695,1379,62,68,
32766,5702,1385,56,63,
32766,5696,1388,54,71,
32766,5690,1385,63,61,
32766,5682,1378,55,61,
32766,5702,1384,58,66,
32766,5701,1385,61,61,
32766,5693,1382,70,70,
32766,5693,1385,71,67,
32766,5693,1385,61,54,
32766,5698,1370,63,66,
32766,5689,1380,57,70,
32766,5691,1379,58,72,
32766,5685,1382,59,66,
32766,5693,1384,59,68,
32766,5696,1382,59,56,
32766,5682,1375,59,67,
32766,5688,1368,61,70,
32766,5692,1375,57,68,
32766,5684,1380,55,72,
32766,5692,1373,57,71,
32766,5678,1373,54,69,
32766,5684,1384,56,54,
32766,5688,1381,58,62,
32766,5697,1370,65,66,
32766,5693,1378,66,58,
32766,5689,1375,70,67,
32766,5695,1372,58,72,
32766,5686,1379,51,72,
32766,5683,1375,61,49,
32766,5686,1376,61,64,
32766,5673,1382,61,54,
32766,5688,1375,58,68,
32766,5691,1380,49,64,
32766,5675,1376,56,64,
32766,5674,1374,60,63,
32766,5679,1380,58,68,
32766,5680,1380,53,61,
32766,5676,1365,65,67,
32766,5684,1370,59,77,
32766,5680,1383,54,68,
32766,5686,1376,60,55,
32766,5684,1376,58,57,
32766,5679,1379,54,61,
32766,5672,1376,53,55,
32766,5679,1371,59,58,
32766,5672,1376,59,67,
32766,5676,1380,46,65,
32766,5681,1366,57,70,
32766,5677,1380,63,63,
32766,5676,1377,65,64,
32766,5679,1374,59,70,
32766,5677,1375,54,65,
32766,5678,1366,58,58,
32766,5665,1377,72,57,
32766,5677,1369,49,64,
32766,5677,1385,63,61,
32766,5680,1377,70,69,
32766,5675,1380,66,70,
32766,5671,1370,59,61,
32766,5679,1369,63,67,
32766,5677,1373,54,74,
32766,5676,1380,57,68,
32766,5673,1373,59,64,
32766,5676,1377,58,64,
32766,5675,1368,66,60,
32766,5671,1381,66,60,
32766,5672,1374,52,71,
32766,5675,1384,64,64,
32766,5679,1385,61,56,
32766,5675,1371,68,78,
32766,5668,1381,59,69,
32766,5674,1378,60,60,
32766,5672,1378,55,66,
32766,5672,1386,73,63,
32766,5677,1375,50,66,
32766,5675,1380,60,63,
32766,5674,1372,64,63,
32766,5682,1372,58,65,
32766,5671,1388,65,68,
32766,5675,1386,55,62,
32766,5675,1384,59,64,
32766,5668,1368,50,59,
32766,5675,1371,61,59,
32766,5675,1371,48,66,
32766,5670,1376,47,62,
32766,5670,1375,70,65,
32766,5671,1385,51,54,
32766,5674,1382,65,71,
32766,5673,1372,59,63,
32766,5680,1375,63,59,
32766,5671,1383,48,58,
32766,5675,1376,53,62,
32766,5668,1375,61,60,
32766,5668,1380,63,66,
32766,5678,1371,60,63,
32766,5668,1368,58,66,
32766,5673,1371,50,72,
32766,5669,1367,54,68,
32766,5658,1375,54,63,
32766,5674,1385,59,63,
32766,5665,1381,64,74,
32766,5672,1371,53,58,
32766,5666,1371,62,59,
32766,5676,1374,53,56,
32766,5674,1374,63,70,
32766,5666,1373,61,67,
32766,5669,1378,52,64,
32766,5664,1380,50,62,
32766,5660,1372,65,71,
32766,5668,1381,50,70,
32766,5669,1377,53,67,
32766,5677,1374,55,61,
32766,5666,1375,56,69,
32766,5672,1373,58,69,
32766,5661,1375,58,57,
32766,5681,1375,61,56,
32766,5670,1377,59,66,
32766,5666,1383,65,70,
32766,5658,1381,57,68,
32766,5672,1380,67,67,
32766,5662,1372,65,66,
32766,5670,1370,64,64,
32766,5665,1376,69,65,
32766,5655,1375,59,66,
32766,5660,1379,55,65,
32766,5677,1372,62,63,
32766,5668,1374,53,67,
32766,5660,1378,50,55,
32766,5659,1375,64,61,
32766,5658,1371,67,62,
32766,5653,1375,55,67,
32766,5664,1367,56,61,
32766,5666,1362,53,59,
32766,5670,1362,55,67,
32766,5652,1371,71,68,
32766,5661,1373,60,71,
32766,5656,1384,62,64,
32766,5666,1379,63,62,
32766,5661,1376,65,62,
32766,5660,1378,48,58,
32766,5667,1377,51,57,
32766,5666,1378,56,68,
32766,5667,1376,59,65,
32766,5665,1380,57,67,
32766,5656,1377,53,64,
32766,5660,1376,58,63,
32766,5665,1385,56,53,
32766,5664,1383,60,57,
32766,5656,1372,62,70,
32766,5663,1379,56,62,
32766,5667,1371,58,57,
32766,5650,1380,62,74,
32766,5656,1374,53,59,
32766,5654,1367,60,69,
32766,5659,1374,65,68,
32766,5649,1374,55,68,
32766,5652,1385,51,67,
32766,5657,1371,63,64,
32766,5673,1379,62,62,
32766,5664,1374,66,75,
32766,5654,1387,60,74,
32766,5671,1380,52,60,
32766,5658,1379,57,57,
32766,5656,1377,57,77,
32766,5663,1376,69,59,
32766,5655,1385,48,65,
32766,5652,1375,56,63,
32766,5658,1376,68,68,
32766,5661,1374,63,69,
32766,5647,1375,62,66,
32766,5662,1366,63,63,
32766,5661,1378,61,72,
32766,5663,1375,58,60,
32766,5662,1379,58,66,
32766,5661,1371,61,56,
32766,5652,1383,56,64,
32766,5653,1375,50,66,
32766,5655,1373,61,62,
32766,5653,1376,76,65,
32766,5660,1373,60,63,
32766,5644,1379,53,65,
32766,5658,1380,47,59,
32766,5663,1370,60,62,
32766,5652,1364,61,68,
32766,5651,1378,57,68,
32766,5645,1368,57,64,
32766,5651,1377,57,61,
32766,5662,1374,67,60,
32766,5652,1372,58,68,
32766,5657,1374,58,69,
32766,5647,1371,61,61,
32766,5660,1375,64,68,
32766,5662,1371,51,75,
32766,5656,1376,55,72,
32766,5657,1376,53,55,
32766,5650,1370,58,62,
32766,5665,1379,59,54,
32766,5657,1382,62,59,
32766,5657,1371,46,62,
32766,5646,1381,69,65,
32766,5653,1375,55,64,
32766,5656,1379,53,67,
32766,5656,1375,53,71,
32766,5651,1378,63,57,
32766,5657,1379,58,64,
32766,5656,1377,67,66,
32766,5662,1386,67,70,
32766,5660,1371,58,65,
32766,5660,1377,50,70,
32766,5654,1380,58,75,
32766,5647,1385,69,66,
32766,5655,1385,61,64,
32766,5663,1374,58,67,
32766,5652,1370,58,68,
32766,5650,1374,47,58,
32766,5650,1374,59,66,
32766,5653,1369,54,63,
32766,5644,1371,58,63,
32766,5657,1378,50,64,
32766,5658,1374,62,66,
32766,5655,1365,53,61,
32766,5658,1375,51,58,
32766,5645,1376,66,72,
32766,5653,1382,49,63,
32766,5646,1367,56,69,
32766,5663,1371,56,66,
32766,5651,1376,58,56,
32766,5654,1382,62,64,
32766,5655,1376,56,61,
32766,5649,1375,62,65,
32766,5647,1375,57,63,
32766,5652,1381,57,64,
32766,5653,1371,60,66,
32766,5654,1366,50,60,
32766,5639,1371,60,72,
32766,5645,1371,60,67,
32766,5651,1373,58,63,
32766,5645,1376,63,62,
32766,5653,1383,60,65,
32766,5648,1372,52,60,
32766,5640,1361,60,72,
32766,5652,1369,57,51,
32766,5645,1377,53,61,
32766,5643,1376,61,70,
32766,5654,1375,67,68,
32766,5645,1382,52,68,
32766,5653,1373,57,64,
32766,5650,1371,60,61,
32766,5648,1377,57,61,
32766,5645,1381,52,70,
32766,5650,1373,58,62,
32766,5652,1370,60,52,
32766,5652,1379,48,68,
32766,5649,1376,61,58,
32766,5654,1373,68,65,
32766,5646,1380,64,59,
32766,5652,1374,58,70,
32766,5642,1371,63,65,
32766,5635,1370,58,64,
32766,5647,1371,65,60,
32766,5635,1373,66,61,
32766,5649,1367,52,57,
32766,5643,1379,68,67,
32766,5641,1372,59,64,
32766,5638,1371,63,59,
32766,5639,1369,67,61,
32766,5629,1367,54,67,
32766,5644,1370,60,65,
32766,5629,1369,50,65,
32766,5631,1375,61,69,
32766,5635,1374,63,61,
32766,5640,1372,62,59,
32766,5632,1376,58,69,
32766,5637,1377,53,56,
32766,5645,1369,59,53,
32766,5631,1361,59,60,
32766,5626,1364,57,61,
32766,5633,1366,56,61,
32766,5633,1365,57,59,
32766,5631,1371,64,61,
32766,5635,1372,66,63,
32766,5632,1369,63,58,
32766,5634,1375,54,63,
32766,5625,1374,56,66,
32766,5631,1362,64,67,
32766,5643,1362,53,64,
32766,5632,1364,64,58,
32766,5626,1370,61,70,
32766,5635,1358,55,58,
32766,5627,1366,57,60,
32766,5632,1365,56,60,
32766,5625,1370,57,68,
32766,5618,1378,53,59,
32766,5623,1363,64,60,
32766,5625,1368,60,60,
32766,5622,1366,60,70,
32766,5624,1373,64,69,
32766,5628,1364,63,66,
32766,5626,1375,55,62,
32766,5619,1370,60,58,
32766,5621,1351,67,63,
32766,5624,1366,52,74,
32766,5621,1374,61,61,
32766,5620,1359,49,69,
32766,5623,1361,57,56,
32766,5628,1369,64,69,
32766,5614,1376,51,68,
32766,5625,1362,59,58,
32766,5624,1359,56,65,
32766,5626,1357,59,72,
32766,5619,1361,63,63,
32766,5617,1367,52,66,
32766,5624,1358,52,65,
32766,5628,1364,47,59,
32766,5633,1364,54,62,
32766,5612,1358,59,68,
32766,5613,1367,63,63,
32766,5619,1364,56,68,
32766,5617,1366,53,67,
32766,5615,1362,59,64,
32766,5623,1348,67,63,
32766,5612,1356,61,78,
32766,5620,1366,53,66,
32766,5614,1362,63,77,
32766,5625,1362,58,69,
32766,5616,1359,66,71,
32766,5620,1362,66,69,
32766,5617,1364,60,66,
32766,5613,1351,60,69,
32766,5611,1359,61,50,
32766,5618,1359,51,57,
32766,5617,1370,63,64,
32766,5608,1366,54,65,
32766,5616,1357,60,67,
32766,5623,1369,63,71,
32766,5615,1365,64,62,
32766,5615,1361,54,72,
32766,5625,1356,57,63,
32766,5616,1362,52,61,
32766,5615,1358,61,57,
32766,5622,1366,61,66,
32766,5619,1360,69,70,
32766,5618,1361,61,64,
32766,5611,1367,56,72,
32766,5610,1354,62,64,
32766,5616,1358,56,59,
32766,5618,1362,52,64,
32766,5616,1369,70,52,
32766,5610,1358,55,64,
32766,5609,1367,60,65,
32766,5612,1357,58,57,
32766,5604,1358,66,73,
32766,5619,1357,64,57,
32766,5621,1357,61,68,
32766,5621,1353,61,70,
32766,5606,1353,52,56,
32766,5605,1355,53,68,
32766,5620,1353,54,59,
32766,5610,1373,64,55,
32766,5613,1356,55,62,
32766,5605,1354,50,69,
32766,5615,1364,53,60,
32766,5611,1360,57,62,
32766,5607,1355,60,61,
32766,5610,1353,59,67,
32766,5601,1355,68,60,
32766,5605,1360,61,61,
32766,5608,1358,57,67,
32766,5613,1364,56,70,
32766,5611,1356,52,66,
32766,5607,1361,56,66,
32766,5608,1355,63,71,
32766,5608,1363,52,73,
32766,5609,1353,62,70,
32766,5608,1355,64,72,
32766,5610,1363,55,64,
32766,5611,1356,58,58,
32766,5614,1355,56,61,
32766,5606,1361,58,65,
32766,5605,1360,56,70,
32766,5615,1358,60,75,
32766,5608,1358,54,65,
32766,5600,1359,67,67,
32766,5620,1367,66,71,
32766,5601,1358,53,57,
32766,5596,1369,62,65,
32766,5605,1362,60,63,
32766,5611,1358,70,62,
32766,5612,1357,56,72,
32766,5615,1361,62,66,
32766,5595,1356,64,66,
32766,5606,1365,64,60,
32766,5611,1362,56,60,
32766,5608,1361,56,64,
32766,5605,1356,56,75,
32766,5610,1366,54,64,
32766,5612,1353,50,61,
32766,5600,1370,52,65,
32766,5607,1365,60,62,
32766,5606,1363,53,59,
32766,5598,1366,58,57,
32766,5599,1357,56,59,
32766,5603,1357,60,66,
32766,5601,1360,60,67,
32766,5608,1355,56,65,
32766,5599,1355,68,62,
32766,5607,1354,63,68,
32766,5596,1359,57,71,
32766,5604,1353,60,59,
32766,5605,1353,68,55,
32766,5609,1361,42,66,
32766,5593,1352,62,70,
32766,5603,1356,57,67,
32766,5612,1354,64,75,
32766,5608,1360,54,57,
32766,5609,1361,52,61,
32766,5598,1361,59,70,
32766,5610,1361,54,68,
32766,5602,1363,61,74,
32766,5599,1355,60,72,
32766,5608,1360,61,63,
32766,5596,1362,59,65,
32766,5602,1359,62,62,
32766,5604,1361,61,56,
32766,5603,1362,56,70,
32766,5602,1364,60,64,
32766,5595,1363,56,58,
32766,5599,1365,48,64,
32766,5597,1353,60,66,
32766,5597,1357,52,59,
32766,5591,1353,61,68,
32766,5597,1352,55,60,
32766,5597,1361,58,61,
32766,5595,1364,68,75,
32766,5598,1361,53,67,
32766,5595,1347,54,64,
32766,5588,1350,57,63,
32766,5596,1366,54,60,
32766,5603,1361,58,66,
32766,5590,1350,61,61,
32766,5598,1365,57,59,
32766,5601,1351,51,68,
32766,5592,1354,65,68,
32766,5597,1354,64,68,
32766,5596,1360,54,65,
32766,5600,1360,59,72,
32766,5592,1366,52,61,
32766,5599,1359,56,66,
32766,5596,1354,63,67,
32766,5578,1359,59,65,
32766,5589,1347,54,59,
32766,5592,1363,59,65,
32766,5596,1360,52,66,
32766,5588,1362,62,58,
32766,5594,1362,61,61,
32766,5588,1365,60,66,
32766,5586,1354,49,62,
32766,5583,1357,62,63,
32766,5587,1355,56,70,
32766,5598,1363,57,72,
32766,5587,1370,59,61,
32766,5595,1364,63,68,
32766,5581,1356,59,69,
32766,5585,1366,51,65,
32766,5586,1363,66,64,
32766,5586,1364,58,59,
32766,5593,1355,57,67,
32766,5594,1360,55,68,
32766,5581,1365,66,62,
32766,5590,1357,55,58,
32766,5598,1353,64,59,
32766,5587,1359,53,63,
32766,5593,1353,52,58,
32766,5585,1356,62,66,
32766,5594,1360,61,69,
32766,5590,1363,55,57,
32766,5595,1361,59,62,
32766,5596,1364,49,61,
32766,5591,1359,57,67,
32766,5592,1352,60,76,
32766,5587,1359,62,61,
32766,5589,1353,66,65,
32766,5584,1353,62,62,
32766,5585,1358,58,65,
32766,5594,1354,65,61,
32766,5583,1355,62,67,
32766,5580,1357,61,70,
32766,5576,1370,59,50,
32766,5582,1351,62,69,
32766,5576,1355,67,64,
32766,5590,1341,57,59,
32766,5592,1367,51,67,
32766,5588,1351,58,65,
32766,5591,1348,62,63,
32766,5589,1352,57,67,
32766,5581,1351,56,68,
32766,5589,1357,70,61,
32766,5587,1357,71,55,
32766,5578,1362,59,55,
32766,5590,1361,61,70,
32766,5576,1354,64,68,
32766,5589,1360,54,67,
32766,5587,1355,45,59,
32766,5580,1355,66,69,
32766,5580,1371,68,68,
32766,5577,1359,53,65,
32766,5585,1349,69,70,
32766,5584,1355,57,62,
32766,5578,1353,64,71,
32766,5582,1359,61,67,
32766,5568,1359,58,57,
32766,5583,1360,56,72,
32766,5578,1360,58,66,
32766,5584,1355,52,71,
32766,5578,1356,55,65,
32766,5567,1359,64,77,
32766,5580,1347,52,61,
32766,5573,1359,57,62,
32766,5577,1361,60,66,
32766,5575,1350,63,64,
32766,5579,1346,58,59,
32766,5583,1344,56,60,
32766,5575,1356,54,69,
32766,5577,1351,61,64,
32766,5571,1358,65,64,
32766,5569,1354,64,69,
32766,5577,1348,57,66,
32766,5576,1352,60,56,
32766,5576,1349,68,68,
32766,5571,1345,54,61,
32766,5572,1349,60,63,
32766,5565,1349,57,54,
32766,5568,1356,65,63,
32766,5572,1347,55,66,
32766,5565,1351,57,65,
32766,5567,1350,57,61,
32766,5570,1343,60,58,
32766,5565,1345,59,64,
32766,5568,1354,56,63,
32766,5573,1360,59,68,
32766,5573,1347,56,66,
32766,5576,1357,58,61,
32766,5572,1352,54,61,
32766,5580,1352,58,64,
32766,5572,1349,56,67,
32766,5568,1360,62,74,
32766,5566,1351,56,66,
32766,5560,1349,65,65,
32766,5570,1350,49,71,
32766,5554,1347,59,61,
32766,5571,1356,64,71,
32766,5566,1344,63,61,
32766,5571,1342,57,62,
32766,5553,1346,57,62,
32766,5566,1341,57,66,
32766,5555,1349,58,58,
32766,5556,1347,55,63,
32766,5556,1348,61,63,
32766,5562,1343,55,63,
32766,5551,1349,50,66,
32766,5569,1338,52,66,
32766,5552,1352,62,54,
32766,5557,1346,58,68,
32766,5566,1350,54,76,
32766,5561,1345,49,69,
32766,5567,1338,64,61,
32766,5559,1352,48,65,
32766,5555,1339,60,71,
32766,5559,1338,58,64,
32766,5564,1345,61,63,
32766,5543,1344,69,64,
32766,5563,1355,53,66,
32766,5553,1344,58,58,
32766,5551,1340,59,57,
32766,5550,1340,72,66,
32766,5552,1349,54,63,
32766,5555,1348,56,68,
32766,5556,1337,55,60,
32766,5553,1341,52,70,
32766,5555,1341,59,62,
32766,5544,1351,53,61,
32766,5548,1342,57,66,
32766,5555,1335,54,67,
32766,5563,1343,59,55,
32766,5551,1354,57,63,
32766,5553,1341,58,71,
32766,5558,1330,47,64,
32766,5559,1335,61,68,
32766,5559,1344,63,67,
32766,5549,1337,59,60,
32766,5559,1343,58,64,
32766,5544,1339,55,55,
32766,5551,1347,60,72,
32766,5553,1356,64,72,
32766,5547,1345,54,60,
32766,5545,1335,58,57,
32766,5557,1349,61,54,
32766,5554,1343,64,69,
32766,5542,1344,50,74,
32766,5548,1343,54,64,
32766,5543,1335,62,67,
32766,5546,1340,64,71,
32766,5548,1346,56,70,
32766,5555,1338,57,72,
32766,5548,1348,54,61,
32766,5542,1337,54,74,
32766,5542,1333,60,61,
32766,5558,1344,63,62,
32766,5544,1338,62,59,
32766,5540,1342,50,63,
32766,5550,1340,60,68,
32766,5553,1344,59,57,
32766,5555,1346,63,57,
32766,5542,1331,57,65,
32766,5544,1340,61,58,
32766,5541,1347,60,65,
32766,5545,1337,60,63,
32766,5544,1341,56,62,
32766,5551,1348,65,61,
32766,5559,1343,66,73,
32766,5545,1335,55,59,
32766,5548,1338,62,60,
32766,5544,1344,57,65,
32766,5545,1332,56,68,
32766,5549,1337,50,68,
32766,5544,1344,63,55,
32766,5545,1340,55,70,
32766,5541,1337,49,70,
32766,5545,1351,58,61,
32766,5541,1351,63,67,
32766,5543,1336,69,59,
32766,5557,1343,55,63,
32766,5541,1344,58,69,
32766,5552,1349,61,65,
32766,5541,1336,49,57,
32766,5541,1340,67,57,
32766,5543,1348,50,59,
32766,5547,1344,58,53,
32766,5549,1345,65,61,
32766,5538,1349,54,67,
32766,5551,1333,57,59,
32766,5551,1340,54,76,
32766,5552,1347,61,64,
32766,5547,1341,52,69,
32766,5547,1346,60,73,
32766,5547,1343,58,68,
32766,5545,1349,51,65,
32766,5547,1349,57,64,
32766,5547,1338,59,71,
32766,5539,1339,57,69,
32766,5541,1346,56,72,
32766,5544,1341,60,60,
32766,5537,1348,56,59,
32766,5550,1337,45,67,
32766,5548,1347,56,66,
32766,5533,1335,56,78,
32766,5545,1348,58,69,
32766,5542,1351,52,57,
32766,5546,1337,60,56,
32766,5544,1345,58,63,
32766,5547,1353,58,66,
32766,5542,1335,65,62,
32766,5540,1351,67,54,
32766,5548,1340,63,63,
32766,5547,1336,55,72,
32766,5552,1351,53,65,
32766,5543,1337,55,58,
32766,5545,1343,64,59,
32766,5537,1345,53,59,
32766,5550,1346,60,57,
32766,5551,1342,56,65,
32766,5537,1353,58,70,
32766,5538,1338,60,69,
32766,5542,1340,56,55,
32766,5540,1344,59,58,
32766,5534,1337,58,57,
32766,5543,1345,61,64,
32766,5546,1339,54,54,
32766,5530,1344,55,67,
32766,5542,1340,53,67,
32766,5535,1345,57,59,
32766,5537,1340,62,62,
32766,5537,1340,58,66,
32766,5542,1334,53,69,
32766,5537,1343,65,67,
32766,5534,1343,64,66,
32766,5535,1340,71,67,
32766,5543,1343,59,74,
32766,5543,1345,54,68,
32766,5541,1351,54,68,
32766,5534,1338,58,61,
32766,5537,1342,56,66,
32766,5539,1340,63,65,
32766,5541,1340,53,59,
32766,5539,1339,62,66,
32766,5537,1351,55,68,
32766,5544,1350,61,55,
32766,5535,1349,58,74,
32766,5544,1334,58,62,
32766,5546,1352,53,70,
32766,5535,1349,65,61,
32766,5538,1348,66,70,
32766,5554,1345,59,57,
32766,5539,1346,57,61,
32766,5530,1344,62,66,
32766,5537,1342,54,62,
32766,5535,1340,50,67,
32766,5541,1337,52,64,
32766,5540,1339,63,63,
32766,5529,1343,57,68,
32766,5538,1344,55,61,
32766,5542,1346,60,72,
32766,5535,1344,55,64,
32766,5543,1340,65,70,
32766,5539,1332,62,63,
32766,5532,1348,57,69,
32766,5540,1345,56,61,
32766,5530,1343,58,66,
32766,5536,1339,56,61,
32766,5535,1347,63,58,
32766,5531,1341,59,63,
32766,5530,1341,60,64,
32766,5538,1356,48,71,
32766,5541,1335,57,71,
32766,5535,1343,60,70,
32766,5535,1332,56,63,
32766,5535,1348,56,67,
32766,5535,1349,64,68,
32766,5538,1345,62,65,
32766,5529,1344,57,59,
32766,5532,1341,44,62,
32766,5536,1350,64,59,
32766,5539,1342,58,61,
32766,5534,1343,67,69,
32766,5545,1344,57,62,
32766,5530,1337,65,62,
32766,5539,1343,56,70,
32766,5533,1347,61,58,
32766,5530,1337,64,71,
32766,5532,1338,56,74,
32766,5529,1348,68,57,
32766,5532,1337,56,67,
32766,5530,1349,45,68,
32766,5530,1349,63,57,
32766,5532,1338,54,69,
32766,5528,1342,59,74,
32766,5531,1348,61,63,
32766,5529,1339,62,68,
32766,5547,1343,57,68,
32766,5541,1353,63,66,
32766,5537,1344,60,67,
32766,5531,1345,61,62,
32766,5537,1347,57,70,
32766,5520,1341,59,63,
32766,5535,1347,63,65,
32766,5532,1346,56,70,
32766,5535,1344,53,62,
32766,5527,1344,56,69,
32766,5524,1348,57,68,
32766,5531,1344,62,67,
32766,5534,1335,57,62,
32766,5531,1347,65,76,
32766,5532,1331,65,55,
32766,5527,1338,63,64,
32766,5528,1346,61,60,
32766,5516,1335,65,60,
32766,5527,1335,55,65,
32766,5527,1342,59,62,
32766,5522,1344,60,63,
32766,5523,1336,60,60,
32766,5523,1338,55,54,
32766,5522,1341,61,66,
32766,5535,1332,59,60,
32766,5520,1331,61,77,
32766,5517,1328,59,68,
32766,5519,1331,59,71,
32766,5516,1331,56,67,
32766,5511,1343,53,73,
32766,5514,1339,52,50,
32766,5521,1340,55,67,
32766,5521,1339,52,55,
32766,5516,1333,50,57,
32766,5524,1341,56,67,
32766,5513,1337,58,64,
32766,5516,1334,56,70,
32766,5518,1336,57,61,
32766,5509,1342,61,64,
32766,5517,1334,54,59,
32766,5513,1326,51,56,
32766,5520,1341,53,65,
32766,5509,1334,55,67,
32766,5510,1334,55,48,
32766,5518,1335,62,51,
32766,5523,1333,65,71,
32766,5517,1328,51,72,
32766,5516,1335,57,63,
32766,5512,1332,53,69,
32766,5514,1338,55,68,
32766,5506,1330,59,63,
32766,5511,1333,59,61,
32766,5511,1331,60,64,
32766,5503,1334,55,67,
32766,5513,1338,57,65,
32766,5511,1333,67,64,
32766,5509,1330,64,60,
32766,5514,1324,59,69,
32766,5508,1336,65,68,
32766,5510,1321,46,62,
32766,5517,1332,54,65,
32766,5495,1324,57,69,
32766,5516,1327,54,67,
32766,5509,1336,59,59,
32766,5493,1339,55,60,
32766,5499,1332,63,66,
32766,5499,1326,44,65,
32766,5508,1330,55,60,
32766,5506,1325,58,61,
32766,5508,1325,71,67,
32766,5507,1323,51,72,
32766,5504,1326,59,60,
32766,5502,1334,67,64,
32766,5503,1324,55,68,
32766,5506,1322,64,66,
32766,5513,1327,55,61,
32766,5505,1333,56,62,
32766,5503,1328,66,54,
32766,5508,1331,55,69,
32766,5503,1332,57,62,
32766,5488,1332,63,59,
32766,5502,1327,59,56,
32766,5496,1327,59,62,
32766,5492,1323,59,60,
32766,5504,1328,57,68,
32766,5515,1332,67,67,
32766,5500,1332,54,59,
32766,5499,1337,54,64,
32766,5506,1332,57,60,
32766,5500,1332,61,73,
32766,5500,1331,49,55,
32766,5500,1331,59,76,
32766,5496,1326,63,71,
32766,5494,1324,54,63,
32766,5500,1336,57,56,
32766,5501,1335,54,60,
32766,5501,1323,49,72,
32766,5500,1334,57,62,
32766,5506,1325,52,69,
32766,5494,1332,57,58,
32766,5500,1335,65,79,
32766,5494,1328,60,67,
32766,5493,1329,47,65,
32766,5497,1332,61,58,
32766,5501,1331,60,56,
32766,5500,1330,58,65,
32766,5496,1322,57,70,
32766,5494,1319,57,72,
32766,5497,1330,54,64,
32766,5496,1326,61,62,
32766,5499,1326,52,53,
32766,5498,1323,55,65,
32766,5487,1324,53,60,
32766,5502,1331,53,69,
32766,5499,1333,56,68,
32766,5499,1318,51,67,
32766,5494,1331,47,69,
32766,5484,1332,53,58,
32766,5500,1325,59,66,
32766,5494,1326,51,65,
32766,5494,1332,51,61,
32766,5502,1323,52,67,
32766,5485,1326,53,64,
32766,5497,1318,67,73,
32766,5501,1331,50,65,
32766,5501,1329,49,59,
32766,5495,1336,52,57,
32766,5492,1312,67,65,
32766,5501,1327,51,66,
32766,5492,1326,53,53,
32766,5491,1323,56,62,
32766,5495,1322,62,63,
32766,5494,1321,55,70,
32766,5494,1320,60,67,
32766,5489,1334,45,70,
32766,5495,1317,60,70,
32766,5489,1325,53,69,
32766,5489,1323,56,64,
32766,5492,1326,61,60,
32766,5486,1323,53,64,
32766,5487,1330,48,62,
32766,5503,1330,57,62,
32766,5489,1322,60,68,
32766,5498,1329,55,70,
32766,5495,1322,48,68,
32766,5494,1322,61,57,
32766,5495,1333,55,62,
32766,5501,1334,53,73,
32766,5495,1331,53,64,
32766,5491,1333,63,59,
32766,5491,1327,60,63,
32766,5495,1321,62,59,
32766,5493,1322,63,64,
32766,5488,1330,60,63,
32766,5505,1325,57,67,
32766,5492,1322,59,62,
32766,5489,1330,66,59,
32766,5489,1328,64,67,
32766,5492,1321,58,74,
32766,5500,1337,53,59,
32766,5490,1323,68,63,
32766,5492,1329,62,67,
32766,5486,1332,52,65,
32766,5488,1328,54,65,
32766,5491,1326,60,69,
32766,5489,1321,57,61,
32766,5491,1329,50,56,
32766,5494,1327,63,64,
32766,5489,1337,61,57,
32766,5500,1331,58,60,
32766,5488,1325,59,74,
32766,5492,1329,58,62,
32766,5496,1328,61,63,
32766,5495,1331,45,52,
32766,5494,1329,56,56,
32766,5492,1335,54,62,
32766,5488,1330,65,62,
32766,5487,1332,51,62,
32766,5482,1323,64,64,
32766,5486,1334,57,56,
32766,5494,1327,48,61,
32766,5493,1333,50,59,
32766,5489,1330,55,59,
32766,5491,1342,58,68,
32766,5488,1333,59,68,
32766,5491,1332,57,58,
32766,5489,1328,48,66,
32766,5494,1335,64,66,
32766,5491,1326,59,70,
32766,5481,1334,58,59,
32766,5489,1336,61,59,
32766,5489,1322,47,60,
32766,5485,1325,56,67,
32766,5496,1322,64,64,
32766,5484,1334,61,62,
32766,5492,1329,55,55,
32766,5479,1330,58,59,
32766,5488,1332,59,59,
32766,5491,1332,69,59,
32766,5483,1331,55,65,
32766,5486,1322,63,54,
32766,5484,1329,61,59,
32766,5488,1332,51,64,
32766,5487,1330,56,69,
32766,5485,1326,56,67,
32766,5485,1331,58,66,
32766,5485,1328,54,69,
32766,5481,1331,62,77,
32766,5494,1323,55,63,
32766,5483,1326,57,58,
32766,5488,1321,63,62,
32766,5483,1330,53,58,
32766,5482,1328,58,68,
32766,5494,1333,58,60,
32766,5476,1330,64,66,
32766,5490,1333,60,65,
32766,5490,1329,66,68,
32766,5487,1332,63,65,
32766,5481,1327,59,70,
32766,5481,1329,54,57,
32766,5483,1334,52,62,
32766,5477,1336,56,58,
32766,5483,1329,55,65,
32766,5482,1326,51,65,
32766,5483,1322,58,59,
32766,5486,1326,59,70,
32766,5486,1326,59,66,
32766,5487,1328,47,66,
32766,5480,1328,60,59,
32766,5485,1318,53,65,
32766,5479,1327,55,59,
32766,5483,1331,63,71,
32766,5485,1329,55,56,
32766,5471,1337,60,62,
32766,5479,1323,56,62,
32766,5480,1336,66,70,
32766,5480,1330,51,74,
32766,5489,1330,51,62,
32766,5468,1331,56,63,
32766,5490,1327,60,68,
32766,5474,1328,47,68,
32766,5476,1326,61,58,
32766,5480,1336,58,69,
32766,5477,1312,45,62,
32766,5471,1331,58,66,
32766,5481,1328,60,66,
32766,5482,1327,56,64,
32766,5482,1328,57,62,
32766,5473,1325,55,68,
32766,5479,1327,60,60,
32766,5485,1315,53,51,
32766,5483,1328,56,55,
32766,5475,1329,68,71,
32766,5475,1336,56,60,
32766,5475,1320,71,60,
32766,5475,1329,49,65,
32766,5478,1316,59,67,
32766,5477,1328,51,69,
32766,5483,1332,55,66,
32766,5474,1328,55,64,
32766,5482,1326,51,60,
32766,5476,1316,63,73,
32766,5472,1328,58,62,
32766,5475,1329,66,58,
32766,5483,1313,61,63,
32766,5479,1327,62,59,
32766,5476,1317,63,63,
32766,5477,1324,60,57,
32766,5480,1328,60,63,
32766,5466,1323,52,65,
32766,5466,1314,53,59,
32766,5459,1319,61,67,
32766,5464,1327,59,70,
32766,5468,1318,53,62,
32766,5461,1322,58,62,
32766,5474,1321,52,67,
32766,5455,1317,69,56,
32766,5454,1315,59,54,
32766,5461,1325,53,64,
32766,5466,1328,56,67,
32766,5465,1323,61,61,
32766,5454,1322,61,64,
32766,5459,1331,52,58,
32766,5472,1335,51,65,
32766,5466,1326,45,66,
32766,5468,1333,57,59,
32766,5470,1338,60,62,
32766,5468,1333,51,67,
32766,5470,1342,56,63,
32766,5468,1329,53,69,
32766,5477,1348,54,62,
32766,5477,1344,62,66,
32766,5472,1337,60,73,
32766,5469,1353,62,58,
32766,5476,1339,54,67,
32766,5474,1342,60,67,
32766,5465,1348,51,65,
32766,5459,1336,59,65,
32766,5460,1339,67,62,
32766,5466,1332,55,61,
32766,5457,1332,62,68,
32766,5465,1340,55,63,
32766,5459,1330,55,64,
32766,5456,1335,66,67,
32766,5463,1334,59,56,
32766,5457,1337,53,60,
32766,5451,1329,67,61,
32766,5457,1346,63,63,
32766,5456,1342,53,65,
32766,5448,1321,56,67,
32766,5449,1344,56,65,
32766,5439,1329,58,65,
32766,5445,1343,41,62,
32766,5436,1318,55,59,
32766,5429,1320,57,62,
32766,5433,1312,54,64,
32766,5422,1319,56,54,
32766,5422,1306,57,61,
32766,5422,1309,56,74,
32766,5421,1307,57,66,
32766,5415,1305,56,58,
32766,5405,1303,54,65,
32766,5417,1308,60,64,
32766,5413,1298,61,63,
32766,5416,1306,52,59,
32766,5418,1311,60,64,
32766,5420,1308,56,59,
32766,5418,1313,63,61,
32766,5424,1312,54,54,
32766,5432,1321,46,73,
32766,5437,1326,50,65,
32766,5448,1316,59,64,
32766,5442,1311,56,51,
32766,5450,1316,54,57,
32766,5466,1319,49,64,
32766,5466,1321,66,58,
32766,5475,1321,62,49,
32766,5481,1318,51,64,
32766,5482,1324,51,70,
32766,5480,1317,59,65,
32766,5477,1328,47,64,
32766,5479,1331,45,62,
32766,5478,1348,62,67,
32766,5483,1341,53,68,
32766,5500,1341,52,58,
32766,5501,1345,63,60,
32766,5497,1335,54,55,
32766,5504,1330,57,61,
32766,5493,1347,52,60,
32766,5488,1337,55,59,
32766,5499,1334,58,64,
32766,5470,1336,59,66,
32766,5479,1335,51,58,
32766,5488,1334,60,60,
32766,5484,1334,51,57,
32766,5486,1352,56,57,
32766,5496,1366,56,55,
32766,5503,1350,52,65,
32766,5505,1360,50,61,
32766,5515,1367,55,56,
32766,5509,1367,46,70,
32766,5514,1364,57,72,
32766,5518,1361,49,69,
32766,5525,1367,62,59,
32766,5508,1374,45,58,
32766,5515,1370,51,56,
32766,5520,1381,63,56,
32766,5521,1377,51,66,
32766,5531,1379,50,59,
32766,5540,1376,56,61,
32766,5533,1376,53,63,
32766,5537,1380,55,70,
32766,5551,1382,61,61,
32766,5548,1385,55,55,
32766,5550,1387,50,61,
32766,5553,1382,55,56,
32766,5542,1394,53,62,
32766,5550,1385,54,63,
32766,5548,1390,61,62,
32766,5559,1387,57,73,
32766,5555,1385,60,64,
32766,5547,1398,59,58,
32766,5558,1398,62,71,
32766,5546,1388,56,58,
32766,5544,1391,50,67,
32766,5557,1386,55,62,
32766,5545,1386,61,68,
32766,5548,1378,52,59,
32766,5545,1388,63,60,
32766,5543,1386,55,58,
32766,5540,1380,55,57,
32766,5545,1397,62,70,
32766,5545,1390,55,56,
32766,5557,1389,53,60,
32766,5546,1385,51,62,
32766,5559,1398,56,52,
32766,5546,1394,49,55,
32766,5566,1393,60,61,
32766,5569,1406,53,67,
32766,5558,1396,46,54,
32766,5561,1395,48,60,
32766,5563,1392,59,69,
32766,5565,1389,49,67,
32766,5577,1398,56,62,
32766,5571,1399,62,65,
32766,5569,1405,56,55,
32766,5576,1402,57,54,
32766,5579,1409,59,59,
32766,5569,1396,59,59,
32766,5574,1395,62,52,
32766,5567,1396,56,66,
32766,5563,1400,39,61,
32766,5570,1399,61,59,
32766,5556,1395,56,60,
32766,5559,1396,51,67,
32766,5566,1392,61,60,
32766,5560,1391,54,62,
32766,5558,1390,64,73,
32766,5555,1390,60,50,
32766,5554,1385,51,66,
32766,5548,1385,55,59,
32766,5543,1391,61,59,
32766,5544,1384,53,66,
32766,5539,1384,52,63,
32766,5539,1373,61,63,
32766,5532,1391,56,62,
32766,5532,1382,63,68,
32766,5533,1374,58,58,
32766,5524,1373,59,64,
32766,5521,1367,44,66,
32766,5533,1358,55,71,
32766,5518,1359,58,69,
32766,5533,1371,52,59,
32766,5526,1373,51,71,
32766,5516,1362,59,65,
32766,5511,1366,48,70,
32766,5518,1359,58,61,
32766,5527,1362,59,62,
32766,5521,1360,49,58,
32766,5539,1361,60,62,
32766,5546,1373,53,64,
32766,5541,1374,53,75,
32766,5552,1376,64,69,
32766,5564,1386,61,62,
32766,5563,1379,61,71,
32766,5583,1392,60,63,
32766,5597,1398,64,65,
32766,5590,1398,55,56,
32766,5609,1404,58,60,
32766,5620,1412,52,62,
32766,5630,1416,56,65,
32766,5652,1420,46,64,
32766,5649,1415,47,67,
32766,5663,1433,55,57,
32766,5666,1443,59,60,
32766,5663,1438,60,63,
32766,5668,1424,59,63,
32766,5653,1420,51,60,
32766,5643,1411,63,69,
32766,5627,1423,60,54,
32766,5617,1411,59,72,
32766,5595,1391,57,69,
32766,5586,1383,56,57,
32766,5568,1371,47,66,
32766,5546,1363,59,62,
32766,5543,1345,66,67,
32766,5532,1335,63,58,
32766,5516,1309,59,69,
32766,5517,1303,60,69,
32766,5501,1287,65,70,
32766,5500,1272,67,62,
32766,5494,1267,62,61,
32766,5489,1251,62,62,
32766,5481,1253,53,71,
32766,5488,1242,60,62,
32766,5489,1244,57,56,
32766,5491,1240,58,63,
32766,5483,1227,59,69,
32766,5468,1228,58,68,
32766,5476,1226,66,64,
32766,5474,1215,55,69,
32766,5482,1218,70,66,
32766,5475,1211,67,70,
32766,5465,1204,63,63,
32766,5471,1214,61,69,
32766,5468,1210,60,74,
32766,5467,1204,64,60,
32766,5464,1209,62,75,
32766,5480,1196,67,68,
32766,5476,1212,52,66,
32766,5471,1204,57,64,
32766,5469,1195,63,70,
32766,5458,1200,60,74,
32766,5485,1201,56,77,
32766,5470,1199,62,70,
32766,5477,1193,70,77,
32766,5467,1203,57,74,
32766,5468,1197,66,64,
32766,5471,1191,70,67,
32766,5476,1194,59,72,
32766,5476,1194,66,78,
32766,5474,1191,56,75,
32766,5462,1192,67,76,
32766,5470,1186,60,70,
32766,5463,1193,57,77,
32766,5462,1204,70,68,
32766,5468,1204,69,65,
32766,5468,1197,61,58,
32766,5465,1196,57,70,
32766,5465,1199,65,72,
32766,5471,1196,60,69,
32766,5475,1200,56,74,
32766,5475,1201,62,70,
32766,5467,1203,57,68,
32766,5477,1205,72,77,
32766,5473,1202,67,80,
32766,5473,1207,56,76,
32766,5474,1212,50,70,
32766,5475,1209,71,66,
32766,5480,1209,58,78,
32766,5472,1200,67,73,
32766,5468,1194,63,70,
32766,5468,1203,66,75,
32766,5462,1207,61,74,
32766,5474,1207,66,74,
32766,5469,1210,64,69,
32766,5459,1205,68,67,
32766,5461,1198,61,70,
32766,5461,1207,66,70,
32766,5455,1198,59,73,
32766,5458,1195,65,71,
32766,5451,1211,66,73,
32766,5454,1197,64,76,
32766,5451,1194,65,71,
32766,5449,1205,61,77,
32766,5446,1204,66,74,
32766,5453,1200,71,79,
32766,5444,1202,62,68,
32766,5441,1198,61,70,
32766,5440,1200,60,65,
32766,5447,1195,57,70,
32766,5448,1196,64,71,
32766,5458,1202,63,79,
32766,5451,1205,70,77,
32766,5441,1193,60,81,
32766,5443,1204,58,70,
32766,5440,1190,81,75,
32766,5438,1203,60,69,
32766,5440,1198,61,79,
32766,5435,1201,69,66,
32766,5434,1188,55,76,
32766,5429,1196,62,80,
32766,5431,1198,65,69,
32766,5427,1189,63,75,
32766,5435,1183,70,69,
32766,5436,1192,63,90,
32766,5427,1190,58,77,
32766,5427,1197,57,64,
32766,5424,1190,63,72,
32766,5432,1189,61,66,
32766,5435,1191,70,77,
32766,5419,1199,68,69,
32766,5431,1197,63,64,
32766,5433,1187,60,72,
32766,5424,1187,65,72,
32766,5427,1192,64,59,
32766,5417,1194,50,71,
32766,5418,1189,63,73,
32766,5423,1195,65,68,
32766,5421,1186,62,60,
32766,5421,1194,63,62,
32766,5421,1188,66,69,
32766,5420,1188,59,69,
32766,5427,1189,55,70,
32766,5425,1184,67,73,
32766,5413,1189,61,66,
32766,5421,1185,64,69,
32766,5408,1181,73,72,
32766,5415,1179,54,74,
32766,5410,1182,70,73,
32766,5427,1190,64,67,
32766,5417,1187,61,78,
32766,5413,1189,67,77,
32766,5419,1189,64,78,
32766,5414,1187,71,66,
32766,5410,1181,59,70,
32766,5419,1186,60,61,
32766,5421,1190,59,72,
32766,5413,1183,58,71,
32766,5425,1184,73,81,
32766,5408,1181,62,78,
32766,5411,1183,71,67,
32766,5411,1186,65,64,
32766,5420,1193,67,66,
32766,5409,1181,55,72,
32766,5416,1182,62,73,
32766,5418,1183,61,70,
32766,5416,1195,61,76,
32766,5412,1186,75,71,
32766,5405,1181,71,69,
32766,5409,1183,69,75,
32766,5415,1177,66,65,
32766,5414,1186,66,67,
32766,5411,1188,70,67,
32766,5420,1185,58,75,
32766,5415,1183,53,70,
32766,5407,1187,65,72,
32766,5408,1179,73,66,
32766,5409,1180,67,68,
32766,5409,1186,64,69,
32766,5412,1183,54,71,
32766,5408,1186,62,73,
32766,5418,1181,69,76,
32766,5404,1193,61,65,
32766,5412,1189,64,74,
32766,5408,1190,60,76,
32766,5414,1178,57,74,
32766,5408,1181,60,67,
32766,5401,1186,64,62,
32766,5404,1183,63,64,
32766,5401,1178,66,68,
32766,5407,1179,59,65,
32766,5414,1177,61,64,
32766,5410,1187,60,60,
32766,5404,1188,70,59,
32766,5413,1186,61,65,
32766,5404,1185,58,65,
32766,5406,1184,59,59,
32766,5405,1188,64,62,
32766,5407,1185,61,69,
32766,5400,1175,60,69,
32766,5407,1183,61,67,
32766,5406,1178,57,60,
32766,5403,1177,60,73,
32766,5401,1188,68,70,
32766,5396,1181,67,62,
32766,5396,1178,50,68,
32766,5398,1171,58,71,
32766,5396,1169,60,64,
32766,5396,1167,59,65,
32766,5392,1169,59,68,
32766,5402,1177,81,68,
32766,5400,1174,63,70,
32766,5396,1178,61,67,
32766,5391,1187,66,71,
32766,5393,1176,63,74,
32766,5396,1178,57,70,
32766,5388,1179,53,67,
32766,5393,1183,55,67,
32766,5396,1177,67,76,
32766,5386,1171,65,76,
32766,5382,1174,68,69,
32766,5394,1182,66,66,
32766,5390,1175,60,64,
32766,5393,1171,66,57,
32766,5391,1175,60,81,
32766,5392,1190,67,82,
32766,5394,1184,63,66,
32766,5392,1186,64,64,
32766,5399,1173,62,75,
32766,5386,1171,64,65,
32766,5386,1169,57,71,
32766,5388,1174,63,67,
32766,5393,1179,68,76,
32766,5393,1172,65,63,
32766,5389,1179,64,82,
32766,5393,1175,59,73,
32766,5388,1187,53,71,
32766,5381,1178,61,66,
32766,5381,1174,65,70,
32766,5386,1171,58,74,
32766,5384,1177,65,65,
32766,5385,1172,64,71,
32766,5388,1185,63,65,
32766,5388,1174,74,65,
32766,5374,1172,57,65,
32766,5382,1169,66,71,
32766,5378,1175,69,75,
32766,5383,1170,78,67,
32766,5377,1170,72,64,
32766,5382,1176,56,70,
32766,5378,1171,60,76,
32766,5376,1175,64,73,
32766,5371,1175,66,76,
32766,5377,1173,61,71,
32766,5383,1166,63,80,
32766,5376,1169,53,73,
32766,5383,1170,58,66,
32766,5372,1182,63,71,
32766,5379,1165,58,71,
32766,5376,1170,65,60,
32766,5371,1177,62,78,
32766,5376,1178,73,59,
32766,5378,1172,54,60,
32766,5372,1170,59,69,
32766,5367,1166,58,69,
32766,5370,1164,71,73,
32766,5370,1172,54,68,
32766,5369,1168,63,79,
32766,5361,1167,61,70,
32766,5375,1172,59,70,
32766,5366,1173,56,75,
32766,5367,1177,65,78,
32766,5377,1176,61,75,
32766,5378,1173,69,67,
32766,5386,1176,58,62,
32766,5381,1171,70,65,
32766,5373,1172,64,64,
32766,5370,1167,60,66,
32766,5370,1171,54,73,
32766,5370,1166,67,63,
32766,5375,1174,64,82,
32766,5359,1170,78,79,
32766,5365,1179,54,66,
32766,5373,1172,64,78,
32766,5366,1168,73,72,
32766,5362,1173,71,67,
32766,5370,1169,63,67,
32766,5365,1169,68,62,
32766,5372,1166,55,71,
32766,5376,1170,72,68,
32766,5380,1173,64,66,
32766,5360,1169,64,69,
32766,5377,1184,61,59,
32766,5366,1165,57,78,
32766,5363,1174,59,68,
32766,5374,1173,60,71,
32766,5368,1168,72,64,
32766,5382,1176,58,66,
32766,5366,1169,71,69,
32766,5369,1178,68,82,
32766,5371,1170,63,69,
32766,5364,1171,67,65,
32766,5376,1173,60,74,
32766,5362,1174,69,67,
32766,5372,1165,60,74,
32766,5364,1176,55,71,
32766,5365,1163,69,68,
32766,5368,1177,51,63,
32766,5357,1169,61,66,
32766,5368,1169,51,64,
32766,5359,1180,59,67,
32766,5366,1169,62,65,
32766,5369,1180,60,59,
32766,5362,1171,61,67,
32766,5360,1177,60,73,
32766,5362,1180,64,64,
32766,5361,1171,63,77,
32766,5363,1179,62,67,
32766,5358,1172,59,67,
32766,5367,1166,60,68,
32766,5361,1164,74,66,
32766,5369,1166,66,65,
32766,5365,1168,69,69,
32766,5353,1169,59,67,
32766,5358,1173,59,67,
32766,5351,1172,59,73,
32766,5365,1171,56,68,
32766,5358,1175,62,55,
32766,5362,1163,55,75,
32766,5354,1156,66,63,
32766,5362,1177,59,68,
32766,5352,1162,62,68,
32766,5350,1164,56,63,
32766,5339,1154,63,77,
32766,5346,1164,60,70,
32766,5344,1166,60,72,
32766,5336,1161,58,60,
32766,5352,1164,59,78,
32766,5347,1154,60,62,
32766,5336,1160,55,73,
32766,5344,1164,56,65,
32766,5338,1162,73,74,
32766,5338,1155,62,79,
32766,5342,1160,64,65,
32766,5339,1151,64,69,
32766,5337,1163,63,66,
32766,5349,1161,60,60,
32766,5344,1162,62,70,
32766,5346,1165,75,70,
32766,5349,1160,71,72,
32766,5343,1158,69,66,
32766,5347,1162,66,70,
32766,5348,1165,55,65,
32766,5340,1162,55,78,
32766,5341,1167,62,66,
32766,5344,1161,51,75,
32766,5348,1159,61,61,
32766,5349,1165,66,84,
32766,5340,1170,56,67,
32766,5354,1168,68,79,
32766,5343,1168,56,68,
32766,5342,1164,58,60,
32766,5340,1164,63,61,
32766,5340,1164,67,67,
32766,5335,1154,61,66,
32766,5331,1164,59,66,
32766,5336,1164,62,78,
32766,5342,1169,66,64,
32766,5342,1156,72,68,
32766,5335,1162,68,66,
32766,5344,1168,67,71,
32766,5341,1164,58,71,
32766,5338,1160,66,67,
32766,5334,1170,58,76,
32766,5350,1169,65,67,
32766,5332,1161,69,66,
32766,5340,1161,69,73,
32766,5345,1166,67,66,
32766,5342,1173,59,63,
32766,5344,1172,70,66,
32766,5344,1164,55,72,
32766,5340,1157,68,67,
32766,5338,1158,45,69,
32766,5336,1157,56,73,
32766,5335,1158,56,72,
32766,5337,1170,65,63,
32766,5331,1161,61,65,
32766,5338,1154,62,74,
32766,5330,1164,56,67,
32766,5329,1155,62,70,
32766,5329,1159,68,64,
32766,5336,1152,61,71,
32766,5338,1152,63,73,
32766,5326,1158,62,70,
32766,5321,1158,58,81,
32766,5328,1158,59,68,
32766,5327,1147,64,58,
32766,5334,1165,64,76,
32766,5336,1172,53,67,
32766,5323,1166,60,79,
32766,5332,1171,60,69,
32766,5331,1163,74,70,
32766,5333,1152,66,71,
32766,5336,1158,58,65,
32766,5332,1157,65,64,
32766,5325,1170,61,74,
32766,5340,1162,59,69,
32766,5346,1155,69,68,
32766,5339,1157,59,62,
32766,5341,1159,62,65,
32766,5342,1166,55,66,
32766,5335,1169,59,69,
32766,5341,1152,63,71,
32766,5341,1159,55,72,
32766,5340,1157,61,72,
32766,5337,1156,73,62,
32766,5342,1167,53,63,
32766,5343,1159,65,69,
32766,5340,1161,52,62,
32766,5349,1163,55,69,
32766,5342,1158,52,53,
32766,5346,1173,64,71,
32766,5347,1170,57,65,
32766,5333,1164,65,70,
32766,5349,1166,66,74,
32766,5334,1163,60,78,
32766,5345,1159,66,73,
32766,5336,1167,60,63,
32766,5338,1164,57,71,
32766,5342,1166,57,73,
32766,5336,1160,56,75,
32766,5338,1164,65,65,
32766,5343,1166,54,64,
32766,5331,1164,59,69,
32766,5339,1158,62,63,
32766,5335,1162,62,66,
32766,5335,1161,62,61,
32766,5342,1165,59,64,
32766,5338,1170,58,72,
32766,5343,1171,61,65,
32766,5335,1169,68,61,
32766,5339,1173,53,62,
32766,5335,1166,56,64,
32766,5331,1161,62,74,
32766,5347,1169,55,60,
32766,5337,1168,63,62,
32766,5337,1162,60,74,
32766,5339,1160,61,74,
32766,5342,1165,68,76,
32766,5333,1159,58,56,
32766,5335,1168,66,69,
32766,5335,1152,64,71,
32766,5349,1166,68,68,
32766,5330,1166,63,60,
32766,5338,1156,59,60,
32766,5334,1155,65,60,
32766,5335,1161,64,60,
32766,5327,1172,66,67,
32766,5333,1162,61,64,
32766,5334,1162,58,64,
32766,5331,1166,67,66,
32766,5319,1163,68,59,
32766,5335,1163,57,60,
32766,5332,1159,72,62,
32766,5332,1158,63,71,
32766,5337,1171,62,76,
32766,5334,1165,53,70,
32766,5325,1164,57,66,
32766,5333,1168,65,67,
32766,5327,1159,60,71,
32766,5344,1166,57,58,
32766,5330,1156,63,60,
32766,5330,1168,61,66,
32766,5328,1169,69,52,
32766,5330,1161,67,63,
32766,5328,1161,62,66,
32766,5334,1155,64,74,
32766,5332,1154,54,65,
32766,5334,1151,67,71,
32766,5317,1160,57,61,
32766,5319,1157,64,74,
32766,5319,1159,57,71,
32766,5326,1156,57,66,
32766,5320,1158,63,63,
32766,5319,1164,64,64,
32766,5329,1153,56,51,
32766,5334,1162,59,67,
32766,5315,1166,62,83,
32766,5316,1151,69,72,
32766,5320,1155,55,63,
32766,5322,1152,63,63,
32766,5326,1157,69,64,
32766,5310,1166,50,63,
32766,5316,1159,60,63,
32766,5323,1158,67,67,
32766,5323,1147,51,61,
32766,5324,1159,60,65,
32766,5326,1162,58,68,
32766,5324,1159,61,66,
32766,5322,1157,55,61,
32766,5325,1167,65,74,
32766,5325,1163,64,75,
32766,5329,1168,56,63,
32766,5326,1156,62,62,
32766,5326,1170,61,67,
32766,5324,1171,64,66,
32766,5336,1182,54,61,
32766,5331,1163,52,56,
32766,5339,1165,61,68,
32766,5327,1167,55,72,
32766,5344,1169,56,65,
32766,5335,1169,57,66,
32766,5336,1163,68,65,
32766,5339,1168,57,70,
32766,5327,1164,63,66,
32766,5313,1174,61,64,
32766,5319,1167,62,59,
32766,5331,1157,58,67,
32766,5334,1168,58,70,
32766,5331,1166,60,68,
32766,5328,1163,67,63,
32766,5342,1165,64,66,
32766,5326,1171,54,68,
32766,5325,1167,55,65,
32766,5331,1166,57,62,
32766,5327,1162,64,68,
32766,5329,1162,55,68,
32766,5325,1159,60,70,
32766,5328,1172,57,64,
32766,5337,1165,67,69,
32766,5329,1160,62,68,
32766,5333,1157,57,63,
32766,5320,1166,57,68,
32766,5323,1157,49,78,
32766,5328,1172,61,58,
32766,5324,1175,58,65,
32766,5337,1174,48,71,
32766,5324,1161,56,69,
32766,5325,1167,57,65,
32766,5322,1167,59,76,
32766,5319,1168,58,65,
32766,5325,1160,54,59,
32766,5311,1164,55,66,
32766,5326,1161,58,65,
32766,5322,1158,60,71,
32766,5316,1171,65,66,
32766,5327,1162,59,59,
32766,5319,1160,65,73,
32766,5326,1167,73,69,
32766,5317,1172,61,70,
32766,5318,1167,54,59,
32766,5322,1166,71,60,
32766,5322,1171,66,71,
32766,5313,1164,66,67,
32766,5318,1174,65,73,
32766,5321,1168,66,69,
32766,5312,1165,72,57,
32766,5321,1157,66,66,
32766,5322,1164,57,70,
32766,5314,1167,65,71,
32766,5324,1154,58,72,
32766,5321,1162,60,58,
32766,5322,1171,57,66,
32766,5319,1157,52,72,
32766,5324,1161,60,69,
32766,5315,1154,59,71,
32766,5317,1163,60,65,
32766,5315,1162,62,67,
32766,5316,1159,65,67,
32766,5328,1160,52,68,
32766,5319,1161,61,68,
32766,5316,1163,55,57,
32766,5321,1167,64,62,
32766,5316,1163,58,60,
32766,5314,1174,54,61,
32766,5317,1160,58,66,
32766,5326,1170,54,61,
32766,5317,1170,65,75,
32766,5316,1168,58,68,
32766,5319,1159,48,71,
32766,5309,1165,54,74,
32766,5323,1166,58,68,
32766,5321,1156,57,60,
32766,5314,1165,61,70,
32766,5311,1167,52,79,
32766,5317,1170,65,65,
32766,5318,1167,56,66,
32766,5313,1172,54,65,
32766,5321,1163,60,65,
32766,5314,1156,57,64,
32766,5316,1152,56,66,
32766,5318,1169,54,66,
32766,5314,1165,63,63,
32766,5320,1176,61,77,
32766,5319,1167,62,58,
32766,5311,1162,50,64,
32766,5310,1166,59,71,
32766,5307,1159,67,65,
32766,5318,1167,68,64,
32766,5316,1167,57,72,
32766,5319,1156,57,60,
32766,5311,1172,59,72,
32766,5307,1170,53,66,
32766,5308,1160,53,69,
32766,5316,1156,62,68,
32766,5315,1174,63,69,
32766,5317,1167,61,57,
32766,5305,1165,58,72,
32766,5322,1168,63,69,
32766,5314,1174,51,70,
32766,5313,1166,61,64,
32766,5315,1181,64,65,
32766,5309,1161,58,64,
32766,5318,1165,61,67,
32766,5314,1165,53,58,
32766,5314,1168,62,71,
32766,5313,1165,58,63,
32766,5308,1154,56,68,
32766,5308,1165,58,66,
32766,5320,1178,62,71,
32766,5301,1160,61,67,
32766,5312,1157,54,70,
32766,5305,1177,52,73,
32766,5321,1156,56,68,
32766,5305,1171,56,61,
32766,5315,1164,62,70,
32766,5310,1169,53,62,
32766,5305,1166,59,63,
32766,5310,1168,68,70,
32766,5314,1158,60,62,
32766,5313,1161,62,66,
32766,5301,1167,70,72,
32766,5317,1164,55,74,
32766,5310,1166,67,66,
32766,5316,1169,69,72,
32766,5313,1164,55,69,
32766,5311,1164,55,69,
32766,5303,1169,61,66,
32766,5305,1164,59,63,
32766,5309,1168,57,67,
32766,5315,1168,60,66,
32766,5318,1171,58,62,
32766,5313,1167,54,65,
32766,5312,1158,66,69,
32766,5316,1168,67,69,
32766,5321,1171,64,68,
32766,5306,1166,60,74,
32766,5306,1160,59,61,
32766,5306,1169,65,71,
32766,5311,1167,54,58,
32766,5306,1169,62,65,
32766,5311,1165,60,56,
32766,5317,1175,68,66,
32766,5313,1172,63,58,
32766,5321,1164,57,71,
32766,5324,1166,59,71,
32766,5313,1173,60,54,
32766,5312,1159,57,65,
32766,5318,1171,60,71,
32766,5309,1168,58,62,
32766,5320,1166,58,66,
32766,5314,1174,58,61,
32766,5306,1173,56,75,
32766,5307,1174,58,71,
32766,5316,1164,45,64,
32766,5301,1166,66,74,
32766,5304,1175,53,49,
32766,5311,1164,60,67,
32766,5319,1164,68,69,
32766,5296,1177,60,68,
32766,5308,1169,55,70,
32766,5308,1164,61,57,
32766,5303,1167,60,64,
32766,5305,1177,56,58,
32766,5304,1169,60,63,
32766,5307,1164,60,60,
32766,5306,1157,59,63,
32766,5299,1156,64,76,
32766,5297,1158,56,62,
32766,5306,1170,54,65,
32766,5314,1167,56,70,
32766,5306,1174,55,74,
32766,5310,1169,66,62,
32766,5306,1159,69,66,
32766,5312,1165,54,66,
32766,5301,1175,61,65,
32766,5310,1161,54,67,
32766,5313,1161,60,65,
32766,5297,1163,55,75,
32766,5301,1162,55,62,
32766,5308,1167,63,69,
32766,5303,1170,54,73,
32766,5311,1173,70,55,
32766,5304,1169,64,65,
32766,5300,1164,60,55,
32766,5296,1177,61,64,
32766,5305,1166,58,67,
32766,5299,1174,50,66,
32766,5304,1172,62,69,
32766,5307,1156,63,56,
32766,5310,1171,60,60,
32766,5303,1163,61,70,
32766,5303,1170,54,75,
32766,5303,1173,57,77,
32766,5305,1168,67,77,
32766,5308,1169,72,65,
32766,5303,1160,62,64,
32766,5296,1164,57,61,
32766,5305,1168,63,61,
32766,5308,1159,64,56,
32766,5301,1172,60,60,
32766,5308,1172,53,75,
32766,5298,1169,61,71,
32766,5301,1170,59,71,
32766,5295,1176,57,67,
32766,5298,1175,58,66,
32766,5294,1170,61,69,
32766,5292,1172,55,72,
32766,5307,1170,65,63,
32766,5304,1165,53,72,
32766,5291,1160,59,65,
32766,5299,1160,52,63,
32766,5292,1168,57,64,
32766,5305,1167,58,65,
32766,5294,1162,55,68,
32766,5293,1159,56,69,
32766,5290,1174,61,65,
32766,5298,1162,63,61,
32766,5288,1161,60,74,
32766,5292,1171,64,55,
32766,5298,1156,60,65,
32766,5296,1160,66,65,
32766,5301,1168,59,69,
32766,5290,1162,53,65,
32766,5288,1165,52,67,
32766,5291,1155,61,64,
32766,5295,1160,51,70,
32766,5298,1163,61,62,
32766,5298,1156,55,66,
32766,5290,1161,59,57,
32766,5289,1161,59,58,
32766,5284,1157,67,61,
32766,5299,1167,51,62,
32766,5290,1163,57,65,
32766,5291,1167,59,63,
32766,5281,1166,54,63,
32766,5286,1171,60,72,
32766,5284,1163,66,66,
32766,5284,1166,64,64,
32766,5286,1156,64,70,
32766,5289,1163,54,67,
32766,5287,1175,67,67,
32766,5284,1158,52,61,
32766,5292,1160,58,72,
32766,5295,1154,57,60,
32766,5289,1159,46,69,
32766,5290,1157,60,62,
32766,5286,1163,58,72,
32766,5277,1161,59,64,
32766,5287,1156,66,66,
32766,5286,1152,59,66,
32766,5288,1156,56,67,
32766,5292,1164,59,68,
32766,5272,1156,62,66,
32766,5291,1160,60,58,
32766,5288,1160,55,63,
32766,5288,1166,61,64,
32766,5281,1163,55,64,
32766,5278,1161,53,60,
32766,5285,1163,59,65,
32766,5287,1160,63,71,
32766,5285,1164,63,71,
32766,5287,1159,68,71,
32766,5286,1161,62,66,
32766,5284,1160,60,72,
32766,5291,1157,72,73,
32766,5285,1165,60,68,
32766,5292,1161,53,60,
32766,5288,1182,61,63,
32766,5285,1161,53,64,
32766,5289,1161,70,68,
32766,5290,1165,60,63,
32766,5292,1156,62,74,
32766,5284,1163,59,67,
32766,5287,1159,58,55,
32766,5285,1175,62,63,
32766,5283,1161,64,63,
32766,5299,1163,56,64,
32766,5292,1162,69,55,
32766,5286,1168,60,62,
32766,5286,1164,62,61,
32766,5289,1163,64,63,
32766,5282,1170,59,66,
32766,5291,1164,62,66,
32766,5280,1179,55,62,
32766,5285,1163,64,57,
32766,5293,1163,56,71,
32766,5285,1151,54,73,
32766,5290,1165,53,61,
32766,5284,1170,61,67,
32766,5292,1165,64,72,
32766,5284,1165,51,72,
32766,5279,1159,53,66,
32766,5286,1167,62,74,
32766,5271,1166,61,55,
32766,5289,1166,65,64,
32766,5279,1167,58,69,
32766,5290,1166,71,68,
32766,5281,1160,55,62,
32766,5295,1167,54,73,
32766,5286,1160,56,57,
32766,5282,1174,68,66,
32766,5282,1170,59,66,
32766,5282,1168,58,64,
32766,5276,1162,48,64,
32766,5278,1163,58,70,
32766,5291,1168,69,62,
32766,5295,1159,55,63,
32766,5282,1153,51,67,
32766,5276,1168,58,61,
32766,5286,1162,57,67,
32766,5287,1171,57,64,
32766,5280,1161,61,67,
32766,5277,1161,63,73,
32766,5286,1167,56,63,
32766,5279,1160,62,66,
32766,5284,1162,64,66,
32766,5286,1161,57,70,
32766,5276,1167,60,59,
32766,5289,1160,67,59,
32766,5281,1163,63,58,
32766,5286,1162,56,72,
32766,5283,1151,64,65,
32766,5276,1159,63,65,
32766,5270,1157,53,66,
32766,5281,1159,64,68,
32766,5276,1169,47,74,
32766,5285,1161,58,61,
32766,5271,1159,68,61,
32766,5273,1155,58,62,
32766,5274,1160,58,67,
32766,5279,1170,69,69,
32766,5276,1160,59,64,
32766,5279,1161,70,64,
32766,5278,1158,63,74,
32766,5280,1166,55,60,
32766,5257,1162,51,61,
32766,5279,1149,50,72,
32766,5273,1154,60,70,
32766,5280,1164,66,65,
32766,5271,1159,74,62,
32766,5266,1162,61,60,
32766,5278,1162,56,55,
32766,5269,1168,57,59,
32766,5269,1162,51,66,
32766,5281,1166,61,64,
32766,5269,1157,60,73,
32766,5275,1173,58,71,
32766,5279,1163,55,56,
32766,5269,1153,66,67,
32766,5270,1155,58,65,
32766,5272,1155,63,57,
32766,5262,1155,58,59,
32766,5273,1160,59,79,
32766,5267,1159,64,62,
32766,5271,1155,55,70,
32766,5266,1159,60,61,
32766,5266,1154,64,62,
32766,5263,1160,58,68,
32766,5272,1154,61,54,
32766,5267,1155,62,75,
32766,5261,1166,56,64,
32766,5278,1151,51,67,
32766,5278,1160,62,67,
32766,5284,1163,57,66,
32766,5267,1160,63,60,
32766,5276,1163,66,63,
32766,5278,1160,70,64,
32766,5265,1170,60,79,
32766,5267,1168,62,71,
32766,5267,1155,54,78,
32766,5257,1149,49,65,
32766,5267,1159,58,73,
32766,5276,1152,60,63,
32766,5271,1156,45,63,
32766,5264,1157,65,50,
32766,5265,1166,58,73,
32766,5275,1161,66,67,
32766,5260,1158,48,67,
32766,5269,1153,62,64,
32766,5272,1158,66,64,
32766,5267,1161,55,57,
32766,5263,1149,51,74,
32766,5261,1157,65,63,
32766,5275,1164,67,64,
32766,5272,1155,56,65,
32766,5261,1147,59,63,
32766,5274,1147,64,64,
32766,5260,1158,63,69,
32766,5265,1161,54,62,
32766,5269,1164,69,74,
32766,5271,1160,63,63,
32766,5266,1155,62,67,
32766,5265,1161,64,63,
32766,5273,1157,67,65,
32766,5267,1164,54,69,
32766,5263,1160,46,66,
32766,5265,1152,64,70,
32766,5266,1155,54,56,
32766,5266,1160,61,75,
32766,5261,1156,55,66,
32766,5250,1155,60,66,
32766,5258,1152,58,67,
32766,5264,1158,56,51,
32766,5257,1168,64,66,
32766,5269,1161,67,61,
32766,5266,1163,62,62,
32766,5257,1150,60,70,
32766,5262,1158,56,64,
32766,5268,1155,64,65,
32766,5273,1158,60,64,
32766,5269,1164,64,63,
32766,5262,1160,68,72,
32766,5267,1160,63,66,
32766,5259,1158,55,77,
32766,5263,1162,69,62,
32766,5273,1160,62,70,
32766,5267,1164,56,60,
32766,5262,1161,69,64,
32766,5265,1169,55,61,
32766,5272,1167,60,67,
32766,5261,1158,59,70,
32766,5273,1159,56,70,
32766,5265,1163,51,63,
32766,5261,1168,58,65,
32766,5261,1157,50,70,
32766,5265,1151,63,60,
32766,5262,1162,57,73,
32766,5268,1159,61,55,
32766,5270,1158,57,69,
32766,5268,1164,66,70,
32766,5259,1158,64,61,
32766,5259,1159,64,61,
32766,5273,1163,52,68,
32766,5263,1159,57,59,
32766,5265,1170,60,64,
32766,5261,1160,57,67,
32766,5268,1164,54,67,
32766,5266,1164,58,69,
32766,5258,1156,53,65,
32766,5267,1152,54,64,
32766,5268,1171,60,57,
32766,5261,1161,64,65,
32766,5277,1166,60,59,
32766,5262,1164,75,62,
32766,5269,1157,48,72,
32766,5263,1158,62,75,
32766,5263,1154,62,68,
32766,5259,1166,59,64,
32766,5262,1150,57,66,
32766,5263,1155,50,60,
32766,5262,1159,66,64,
32766,5265,1165,50,68,
32766,5268,1161,59,64,
32766,5262,1154,58,67,
32766,5259,1158,52,67,
32766,5269,1161,58,62,
32766,5275,1167,61,75,
32766,5265,1153,68,64,
32766,5265,1156,62,68,
32766,5269,1154,56,65,
32766,5272,1156,60,57,
32766,5267,1158,58,59,
32766,5264,1161,63,61,
32766,5265,1163,63,69,
32766,5269,1169,58,59,
32766,5262,1166,55,73,
32766,5276,1159,58,57,
32766,5267,1166,56,73,
32766,5267,1164,59,68,
32766,5279,1159,52,61,
32766,5269,1165,58,65,
32766,5272,1163,53,60,
32766,5260,1169,48,61,
32766,5262,1168,54,65,
32766,5277,1160,61,59,
32766,5269,1159,60,64,
32766,5265,1168,54,59,
32766,5270,1160,57,72,
32766,5263,1160,69,70,
32766,5256,1157,58,68,
32766,5256,1163,65,70,
32766,5265,1161,53,57,
32766,5266,1160,62,64,
32766,5263,1164,59,64,
32766,5272,1156,72,65,
32766,5277,1152,58,59,
32766,5262,1160,59,61,
32766,5262,1158,56,68,
32766,5253,1161,58,57,
32766,5257,1151,69,64,
32766,5265,1165,55,63,
32766,5271,1163,46,63,
32766,5258,1164,72,65,
32766,5261,1166,70,64,
32766,5271,1164,55,64,
32766,5272,1158,52,61,
32766,5263,1153,59,74,
32766,5253,1153,61,53,
32766,5269,1158,59,64,
32766,5265,1166,56,66,
32766,5265,1162,59,59,
32766,5255,1158,51,67,
32766,5258,1156,56,67,
32766,5271,1160,62,69,
32766,5257,1158,64,68,
32766,5254,1151,58,69,
32766,5262,1158,67,62,
32766,5261,1156,72,68,
32766,5257,1163,65,64,
32766,5263,1158,70,73,
32766,5252,1158,63,72,
32766,5268,1157,56,68,
32766,5254,1164,63,69,
32766,5258,1155,58,63,
32766,5266,1160,57,66,
32766,5255,1165,60,69,
32766,5260,1163,60,70,
32766,5262,1160,63,60,
32766,5254,1161,62,60,
32766,5261,1157,62,62,
32766,5262,1157,57,67,
32766,5264,1158,70,63,
32766,5262,1148,66,62,
32766,5267,1172,60,63,
32766,5258,1161,67,64,
32766,5266,1157,71,64,
32766,5254,1152,64,69,
32766,5261,1162,57,52,
32766,5260,1165,65,65,
32766,5253,1156,57,59,
32766,5268,1158,58,58,
32766,5242,1151,54,66,
32766,5255,1150,59,68,
32766,5255,1159,60,69,
32766,5252,1152,57,55,
32766,5256,1148,61,73,
32766,5256,1149,45,72,
32766,5253,1160,55,71,
32766,5259,1152,51,60,
32766,5248,1154,60,59,
32766,5248,1158,60,67,
32766,5252,1164,66,67,
32766,5255,1153,61,67,
32766,5248,1152,59,73,
32766,5248,1159,62,62,
32766,5249,1155,56,65,
32766,5251,1164,62,63,
32766,5260,1160,63,64,
32766,5252,1154,59,70,
32766,5249,1155,69,61,
32766,5249,1165,61,60,
32766,5252,1152,60,65,
32766,5256,1149,66,63,
32766,5250,1160,61,70,
32766,5239,1159,52,66,
32766,5261,1154,61,67,
32766,5251,1160,59,67,
32766,5252,1145,58,68,
32766,5256,1161,57,74,
32766,5249,1159,57,65,
32766,5252,1155,55,67,
32766,5246,1151,57,72,
32766,5239,1161,63,76,
32766,5239,1162,56,59,
32766,5249,1154,59,49,
32766,5241,1157,62,72,
32766,5248,1147,53,72,
32766,5255,1153,61,78,
32766,5262,1156,46,70,
32766,5253,1151,57,61,
32766,5249,1165,63,64,
32766,5249,1161,57,68,
32766,5246,1157,66,69,
32766,5248,1164,68,63,
32766,5244,1158,53,57,
32766,5261,1160,58,72,
32766,5254,1161,64,61,
32766,5262,1147,63,63,
32766,5258,1161,56,58,
32766,5256,1161,62,70,
32766,5247,1168,60,68,
32766,5249,1152,51,71,
32766,5249,1162,60,64,
32766,5251,1159,62,63,
32766,5253,1150,55,66,
32766,5246,1159,62,56,
32766,5256,1152,53,58,
32766,5260,1156,61,71,
32766,5254,1156,64,66,
32766,5257,1150,43,63,
32766,5246,1147,54,67,
32766,5246,1162,53,64,
32766,5256,1160,52,70,
32766,5258,1156,60,65,
32766,5256,1158,56,59,
32766,5253,1156,57,65,
32766,5246,1162,46,67,
32766,5255,1163,65,57,
32766,5247,1157,53,54,
32766,5243,1162,58,68,
32766,5263,1167,59,67,
32766,5260,1161,61,64,
32766,5243,1157,56,53,
32766,5260,1164,65,70,
32766,5256,1157,59,67,
32766,5259,1154,62,61,
32766,5256,1164,59,55,
32766,5260,1159,52,58,
32766,5246,1155,58,60,
32766,5254,1163,54,62,
32766,5256,1148,62,64,
32766,5249,1158,61,64,
32766,5251,1154,53,67,
32766,5250,1157,60,67,
32766,5248,1159,55,66,
32766,5251,1157,63,65,
32766,5254,1157,55,69,
32766,5247,1159,52,73,
32766,5252,1158,53,58,
32766,5250,1157,52,62,
32766,5251,1157,57,59,
32766,5245,1167,57,61,
32766,5247,1161,65,61,
32766,5249,1162,60,61,
32766,5238,1156,58,63,
32766,5251,1151,62,68,
32766,5247,1162,65,58,
32766,5246,1158,53,59,
32766,5249,1166,62,65,
32766,5242,1154,63,64,
32766,5243,1156,61,66,
32766,5260,1158,58,62,
32766,5247,1164,59,62,
32766,5250,1161,63,71,
32766,5249,1160,55,79,
32766,5242,1156,56,67,
32766,5246,1158,60,60,
32766,5252,1149,64,74,
32766,5237,1156,56,63,
32766,5243,1159,54,65,
32766,5250,1153,52,71,
32766,5246,1155,63,64,
32766,5231,1160,58,70,
32766,5246,1154,57,61,
32766,5242,1156,62,64,
32766,5247,1161,54,70,
32766,5239,1150,58,72,
32766,5243,1158,59,58,
32766,5240,1161,56,62,
32766,5246,1159,58,50,
32766,5246,1148,61,64,
32766,5247,1156,57,64,
32766,5237,1155,55,58,
32766,5242,1154,53,60,
32766,5250,1162,60,68,
32766,5242,1157,58,67,
32766,5249,1153,54,72,
32766,5244,1155,55,58,
32766,5237,1161,54,70,
32766,5231,1151,68,68,
32766,5233,1155,46,67,
32766,5238,1150,69,62,
32766,5229,1155,54,65,
32766,5233,1147,53,60,
32766,5226,1149,59,54,
32766,5230,1154,58,63,
32766,5238,1150,55,63,
32766,5234,1151,53,62,
32766,5235,1140,59,68,
32766,5232,1154,57,67,
32766,5241,1159,60,65,
32766,5232,1151,60,61,
32766,5240,1153,54,74,
32766,5240,1161,57,62,
32766,5236,1154,62,65,
32766,5242,1157,68,67,
32766,5241,1168,63,69,
32766,5259,1165,57,61,
32766,5243,1162,57,64,
32766,5249,1162,57,63,
32766,5247,1165,55,66,
32766,5249,1166,61,66,
32766,5254,1174,58,66,
32766,5251,1169,56,61,
32766,5256,1176,53,54,
32766,5250,1179,55,60,
32766,5244,1174,53,75,
32766,5247,1175,59,63,
32766,5254,1174,55,70,
32766,5263,1173,56,62,
32766,5252,1176,57,60,
32766,5259,1170,58,61,
32766,5254,1171,57,60,
32766,5261,1172,62,66,
32766,5250,1179,57,64,
32766,5251,1174,58,63,
32766,5254,1169,56,66,
32766,5258,1177,68,59,
32766,5258,1182,62,59,
32766,5261,1177,64,61,
32766,5252,1183,56,61,
32766,5258,1193,59,68,
32766,5255,1173,44,55,
32766,5251,1190,55,58,
32766,5255,1184,62,65,
32766,5254,1192,57,63,
32766,5259,1186,59,71,
32766,5253,1195,62,61,
32766,5259,1182,59,62,
32766,5264,1189,56,55,
32766,5256,1179,63,56,
32766,5263,1185,58,63,
32766,5267,1194,56,58,
32766,5265,1195,53,62,
32766,5257,1192,52,62,
32766,5260,1197,57,58,
32766,5262,1181,67,65,
32766,5256,1192,60,74,
32766,5267,1188,44,56,
32766,5267,1183,61,73,
32766,5254,1182,55,68,
32766,5254,1189,50,63,
32766,5253,1190,57,59,
32766,5262,1191,47,49,
32766,5272,1190,52,62,
32766,5254,1178,60,69,
32766,5262,1174,64,58,
32766,5262,1187,51,60,
32766,5256,1184,56,57,
32766,5256,1188,61,56,
32766,5251,1182,59,63,
32766,5259,1187,58,69,
32766,5253,1188,59,64,
32766,5254,1186,52,70,
32766,5257,1179,59,71,
32766,5256,1186,60,64,
32766,5257,1184,56,77,
32766,5260,1187,55,56,
32766,5256,1184,60,67,
32766,5249,1186,55,69,
32766,5248,1193,57,67,
32766,5261,1187,64,67,
32766,5256,1185,62,64,
32766,5248,1184,57,62,
32766,5261,1192,52,60,
32766,5254,1185,67,64,
32766,5254,1194,60,61,
32766,5255,1190,68,60,
32766,5254,1194,59,63,
32766,5243,1192,55,59,
32766,5242,1184,55,58,
32766,5255,1188,65,68,
32766,5248,1178,60,59,
32766,5250,1189,60,70,
32766,5242,1191,49,67,
32766,5261,1185,66,64,
32766,5256,1183,48,54,
32766,5243,1180,54,62,
32766,5251,1179,54,67,
32766,5261,1188,63,59,
32766,5243,1184,69,52,
32766,5241,1184,52,52,
32766,5243,1190,48,64,
32766,5249,1182,61,59,
32766,5256,1182,54,60,
32766,5258,1184,58,59,
32766,5248,1189,58,68,
32766,5247,1190,54,65,
32766,5246,1188,53,64,
32766,5245,1185,56,59,
32766,5250,1184,56,58,
32766,5254,1182,49,66,
32766,5252,1184,57,52,
32766,5248,1192,60,68,
32766,5250,1182,56,65,
32766,5250,1184,53,57,
32766,5248,1182,48,67,
32766,5237,1184,62,67,
32766,5250,1182,59,65,
32766,5247,1183,55,66,
32766,5242,1183,63,58,
32766,5251,1178,58,67,
32766,5248,1184,59,66,
32766,5249,1188,53,61,
32766,5249,1185,46,60,
32766,5250,1188,52,68,
32766,5245,1184,60,66,
32766,5252,1178,65,62,
32766,5245,1174,63,60,
32766,5242,1178,62,55,
32766,5245,1181,61,57,
32766,5244,1187,47,69,
32766,5241,1185,53,60,
32766,5244,1173,59,61,
32766,5249,1188,50,67,
32766,5245,1190,62,58,
32766,5241,1174,50,64,
32766,5245,1176,60,67,
32766,5255,1189,49,63,
32766,5244,1180,52,72,
32766,5237,1179,60,74,
32766,5240,1175,54,73,
32766,5238,1181,47,62,
32766,5245,1175,66,62,
32766,5239,1189,56,65,
32766,5239,1183,61,71,
32766,5242,1171,57,67,
32766,5233,1181,58,63,
32766,5240,1183,52,67,
32766,5234,1170,58,60,
32766,5244,1184,58,66,
32766,5246,1185,59,73,
32766,5237,1184,59,69,
32766,5237,1185,59,75,
32766,5240,1164,51,71,
32766,5245,1187,56,49,
32766,5235,1171,52,65,
32766,5228,1179,53,63,
32766,5231,1185,57,59,
32766,5237,1184,63,63,
32766,5234,1175,61,67,
32766,5233,1185,54,65,
32766,5235,1179,61,54,
32766,5231,1180,52,63,
32766,5247,1179,54,65,
32766,5238,1180,47,62,
32766,5234,1183,56,67,
